<?xml version="1.0"?>
<gpx xmlns="http://www.topografix.com/GPX/1/1" xmlns:xsi="http://www.w3.org/2001/XMLSchema-instance" version="1.1" creator="AllTrails.com" xsi:schemaLocation="http://www.topografix.com/GPX/1/1 http://www.topografix.com/GPX/1/1/gpx.xsd">
  <metadata>
    <name><![CDATA[3rd Saturday - Bonner Cyn Loop]]></name>
    <desc><![CDATA[]]></desc>
    <link href="http://www.alltrails.com">
      <text>AllTrails, LLC</text>
    </link>
    <bounds minlat="33.60456" minlon="-117.80637" maxlat="33.62844" maxlon="-117.7891"/>
  </metadata>
  <trk>
    <name><![CDATA[3rd Saturday - Bonner Cyn Loop]]></name>
    <src>AllTrails</src>
    <trkseg>
      <trkpt lat="33.62833" lon="-117.80637">
        <ele>90.0</ele>
        <time>2026-04-18T15:31:46Z</time>
      </trkpt>
      <trkpt lat="33.62833" lon="-117.80633">
        <ele>90.0</ele>
        <time>2026-04-18T15:31:49Z</time>
      </trkpt>
      <trkpt lat="33.62833" lon="-117.80629">
        <ele>90.0</ele>
        <time>2026-04-18T15:31:52Z</time>
      </trkpt>
      <trkpt lat="33.62829" lon="-117.80627">
        <ele>90.0</ele>
        <time>2026-04-18T15:31:57Z</time>
      </trkpt>
      <trkpt lat="33.62826" lon="-117.80624">
        <ele>90.0</ele>
        <time>2026-04-18T15:32:01Z</time>
      </trkpt>
      <trkpt lat="33.62825" lon="-117.80621">
        <ele>90.0</ele>
        <time>2026-04-18T15:32:04Z</time>
      </trkpt>
      <trkpt lat="33.62824" lon="-117.80617">
        <ele>90.38</ele>
        <time>2026-04-18T15:32:07Z</time>
      </trkpt>
      <trkpt lat="33.62824" lon="-117.80613">
        <ele>90.81</ele>
        <time>2026-04-18T15:32:10Z</time>
      </trkpt>
      <trkpt lat="33.62824" lon="-117.80609">
        <ele>90.78</ele>
        <time>2026-04-18T15:32:13Z</time>
      </trkpt>
      <trkpt lat="33.62824" lon="-117.80605">
        <ele>90.35</ele>
        <time>2026-04-18T15:32:16Z</time>
      </trkpt>
      <trkpt lat="33.62825" lon="-117.80602">
        <ele>90.11</ele>
        <time>2026-04-18T15:32:19Z</time>
      </trkpt>
      <trkpt lat="33.62827" lon="-117.80598">
        <ele>90.47</ele>
        <time>2026-04-18T15:32:22Z</time>
      </trkpt>
      <trkpt lat="33.62829" lon="-117.80596">
        <ele>90.49</ele>
        <time>2026-04-18T15:32:24Z</time>
      </trkpt>
      <trkpt lat="33.62831" lon="-117.80594">
        <ele>90.33</ele>
        <time>2026-04-18T15:32:26Z</time>
      </trkpt>
      <trkpt lat="33.62833" lon="-117.80591">
        <ele>90.2</ele>
        <time>2026-04-18T15:32:28Z</time>
      </trkpt>
      <trkpt lat="33.62835" lon="-117.80589">
        <ele>90.39</ele>
        <time>2026-04-18T15:32:31Z</time>
      </trkpt>
      <trkpt lat="33.62838" lon="-117.80588">
        <ele>90.5</ele>
        <time>2026-04-18T15:32:38Z</time>
      </trkpt>
      <trkpt lat="33.62839" lon="-117.80584">
        <ele>90.93</ele>
        <time>2026-04-18T15:32:42Z</time>
      </trkpt>
      <trkpt lat="33.62837" lon="-117.80582">
        <ele>91.0</ele>
        <time>2026-04-18T15:32:44Z</time>
      </trkpt>
      <trkpt lat="33.62834" lon="-117.80579">
        <ele>91.0</ele>
        <time>2026-04-18T15:32:46Z</time>
      </trkpt>
      <trkpt lat="33.62832" lon="-117.80577">
        <ele>91.0</ele>
        <time>2026-04-18T15:32:48Z</time>
      </trkpt>
      <trkpt lat="33.62829" lon="-117.80576">
        <ele>91.0</ele>
        <time>2026-04-18T15:32:51Z</time>
      </trkpt>
      <trkpt lat="33.62825" lon="-117.80576">
        <ele>91.0</ele>
        <time>2026-04-18T15:32:54Z</time>
      </trkpt>
      <trkpt lat="33.62821" lon="-117.80578">
        <ele>91.33</ele>
        <time>2026-04-18T15:32:57Z</time>
      </trkpt>
      <trkpt lat="33.62819" lon="-117.8058">
        <ele>91.55</ele>
        <time>2026-04-18T15:32:59Z</time>
      </trkpt>
      <trkpt lat="33.62816" lon="-117.80582">
        <ele>91.87</ele>
        <time>2026-04-18T15:33:02Z</time>
      </trkpt>
      <trkpt lat="33.62813" lon="-117.80581">
        <ele>92.15</ele>
        <time>2026-04-18T15:33:05Z</time>
      </trkpt>
      <trkpt lat="33.62809" lon="-117.8058">
        <ele>92.4</ele>
        <time>2026-04-18T15:33:08Z</time>
      </trkpt>
      <trkpt lat="33.62807" lon="-117.80581">
        <ele>92.63</ele>
        <time>2026-04-18T15:33:11Z</time>
      </trkpt>
      <trkpt lat="33.62804" lon="-117.80582">
        <ele>93.02</ele>
        <time>2026-04-18T15:33:14Z</time>
      </trkpt>
      <trkpt lat="33.62801" lon="-117.80584">
        <ele>93.49</ele>
        <time>2026-04-18T15:33:17Z</time>
      </trkpt>
      <trkpt lat="33.62798" lon="-117.80587">
        <ele>93.82</ele>
        <time>2026-04-18T15:33:20Z</time>
      </trkpt>
      <trkpt lat="33.62797" lon="-117.80589">
        <ele>93.92</ele>
        <time>2026-04-18T15:33:22Z</time>
      </trkpt>
      <trkpt lat="33.62794" lon="-117.80593">
        <ele>94.25</ele>
        <time>2026-04-18T15:33:25Z</time>
      </trkpt>
      <trkpt lat="33.62792" lon="-117.80595">
        <ele>94.46</ele>
        <time>2026-04-18T15:33:28Z</time>
      </trkpt>
      <trkpt lat="33.62789" lon="-117.80597">
        <ele>94.79</ele>
        <time>2026-04-18T15:33:31Z</time>
      </trkpt>
      <trkpt lat="33.62786" lon="-117.80598">
        <ele>95.0</ele>
        <time>2026-04-18T15:33:34Z</time>
      </trkpt>
      <trkpt lat="33.62783" lon="-117.80598">
        <ele>95.0</ele>
        <time>2026-04-18T15:33:37Z</time>
      </trkpt>
      <trkpt lat="33.6278" lon="-117.80598">
        <ele>95.0</ele>
        <time>2026-04-18T15:33:40Z</time>
      </trkpt>
      <trkpt lat="33.62777" lon="-117.80597">
        <ele>95.0</ele>
        <time>2026-04-18T15:33:43Z</time>
      </trkpt>
      <trkpt lat="33.62774" lon="-117.80596">
        <ele>95.0</ele>
        <time>2026-04-18T15:33:46Z</time>
      </trkpt>
      <trkpt lat="33.6277" lon="-117.80595">
        <ele>95.0</ele>
        <time>2026-04-18T15:33:49Z</time>
      </trkpt>
      <trkpt lat="33.62767" lon="-117.80595">
        <ele>95.12</ele>
        <time>2026-04-18T15:33:52Z</time>
      </trkpt>
      <trkpt lat="33.62764" lon="-117.80594">
        <ele>95.41</ele>
        <time>2026-04-18T15:33:55Z</time>
      </trkpt>
      <trkpt lat="33.6276" lon="-117.80593">
        <ele>95.88</ele>
        <time>2026-04-18T15:33:58Z</time>
      </trkpt>
      <trkpt lat="33.62757" lon="-117.80592">
        <ele>96.0</ele>
        <time>2026-04-18T15:34:01Z</time>
      </trkpt>
      <trkpt lat="33.62754" lon="-117.80592">
        <ele>96.0</ele>
        <time>2026-04-18T15:34:03Z</time>
      </trkpt>
      <trkpt lat="33.62751" lon="-117.80591">
        <ele>96.0</ele>
        <time>2026-04-18T15:34:05Z</time>
      </trkpt>
      <trkpt lat="33.62748" lon="-117.8059">
        <ele>96.22</ele>
        <time>2026-04-18T15:34:07Z</time>
      </trkpt>
      <trkpt lat="33.62745" lon="-117.80589">
        <ele>96.54</ele>
        <time>2026-04-18T15:34:09Z</time>
      </trkpt>
      <trkpt lat="33.62742" lon="-117.80589">
        <ele>96.86</ele>
        <time>2026-04-18T15:34:11Z</time>
      </trkpt>
      <trkpt lat="33.62738" lon="-117.80589">
        <ele>97.0</ele>
        <time>2026-04-18T15:34:14Z</time>
      </trkpt>
      <trkpt lat="33.62735" lon="-117.80591">
        <ele>97.0</ele>
        <time>2026-04-18T15:34:17Z</time>
      </trkpt>
      <trkpt lat="33.62733" lon="-117.80594">
        <ele>96.98</ele>
        <time>2026-04-18T15:34:20Z</time>
      </trkpt>
      <trkpt lat="33.6273" lon="-117.80596">
        <ele>97.16</ele>
        <time>2026-04-18T15:34:23Z</time>
      </trkpt>
      <trkpt lat="33.62728" lon="-117.80598">
        <ele>97.38</ele>
        <time>2026-04-18T15:34:26Z</time>
      </trkpt>
      <trkpt lat="33.62725" lon="-117.806">
        <ele>97.7</ele>
        <time>2026-04-18T15:34:29Z</time>
      </trkpt>
      <trkpt lat="33.62722" lon="-117.80603">
        <ele>98.02</ele>
        <time>2026-04-18T15:34:32Z</time>
      </trkpt>
      <trkpt lat="33.6272" lon="-117.80605">
        <ele>98.24</ele>
        <time>2026-04-18T15:34:35Z</time>
      </trkpt>
      <trkpt lat="33.62717" lon="-117.80607">
        <ele>98.56</ele>
        <time>2026-04-18T15:34:38Z</time>
      </trkpt>
      <trkpt lat="33.62715" lon="-117.80609">
        <ele>98.78</ele>
        <time>2026-04-18T15:34:41Z</time>
      </trkpt>
      <trkpt lat="33.62712" lon="-117.80611">
        <ele>99.1</ele>
        <time>2026-04-18T15:34:44Z</time>
      </trkpt>
      <trkpt lat="33.62709" lon="-117.80611">
        <ele>99.43</ele>
        <time>2026-04-18T15:34:47Z</time>
      </trkpt>
      <trkpt lat="33.62706" lon="-117.8061">
        <ele>99.75</ele>
        <time>2026-04-18T15:34:50Z</time>
      </trkpt>
      <trkpt lat="33.62702" lon="-117.80607">
        <ele>100.18</ele>
        <time>2026-04-18T15:34:53Z</time>
      </trkpt>
      <trkpt lat="33.62701" lon="-117.80603">
        <ele>100.29</ele>
        <time>2026-04-18T15:34:56Z</time>
      </trkpt>
      <trkpt lat="33.62701" lon="-117.80599">
        <ele>100.29</ele>
        <time>2026-04-18T15:34:58Z</time>
      </trkpt>
      <trkpt lat="33.627" lon="-117.80596">
        <ele>100.4</ele>
        <time>2026-04-18T15:35:00Z</time>
      </trkpt>
      <trkpt lat="33.627" lon="-117.80591">
        <ele>100.4</ele>
        <time>2026-04-18T15:35:03Z</time>
      </trkpt>
      <trkpt lat="33.62699" lon="-117.80588">
        <ele>100.51</ele>
        <time>2026-04-18T15:35:06Z</time>
      </trkpt>
      <trkpt lat="33.62697" lon="-117.80585">
        <ele>100.72</ele>
        <time>2026-04-18T15:35:09Z</time>
      </trkpt>
      <trkpt lat="33.62694" lon="-117.80583">
        <ele>101.05</ele>
        <time>2026-04-18T15:35:12Z</time>
      </trkpt>
      <trkpt lat="33.62691" lon="-117.80581">
        <ele>101.37</ele>
        <time>2026-04-18T15:35:15Z</time>
      </trkpt>
      <trkpt lat="33.62688" lon="-117.80581">
        <ele>101.7</ele>
        <time>2026-04-18T15:35:18Z</time>
      </trkpt>
      <trkpt lat="33.62684" lon="-117.80581">
        <ele>102.0</ele>
        <time>2026-04-18T15:35:20Z</time>
      </trkpt>
      <trkpt lat="33.62681" lon="-117.80583">
        <ele>102.0</ele>
        <time>2026-04-18T15:35:23Z</time>
      </trkpt>
      <trkpt lat="33.62678" lon="-117.80583">
        <ele>102.0</ele>
        <time>2026-04-18T15:35:25Z</time>
      </trkpt>
      <trkpt lat="33.62675" lon="-117.80583">
        <ele>102.1</ele>
        <time>2026-04-18T15:35:28Z</time>
      </trkpt>
      <trkpt lat="33.62671" lon="-117.80583">
        <ele>102.53</ele>
        <time>2026-04-18T15:35:31Z</time>
      </trkpt>
      <trkpt lat="33.62668" lon="-117.80583">
        <ele>102.86</ele>
        <time>2026-04-18T15:35:34Z</time>
      </trkpt>
      <trkpt lat="33.62665" lon="-117.80582">
        <ele>103.0</ele>
        <time>2026-04-18T15:35:37Z</time>
      </trkpt>
      <trkpt lat="33.62662" lon="-117.80582">
        <ele>103.0</ele>
        <time>2026-04-18T15:35:40Z</time>
      </trkpt>
      <trkpt lat="33.62659" lon="-117.80581">
        <ele>103.0</ele>
        <time>2026-04-18T15:35:43Z</time>
      </trkpt>
      <trkpt lat="33.62656" lon="-117.80581">
        <ele>103.0</ele>
        <time>2026-04-18T15:35:46Z</time>
      </trkpt>
      <trkpt lat="33.62653" lon="-117.80581">
        <ele>103.0</ele>
        <time>2026-04-18T15:35:49Z</time>
      </trkpt>
      <trkpt lat="33.62649" lon="-117.80581">
        <ele>103.0</ele>
        <time>2026-04-18T15:35:52Z</time>
      </trkpt>
      <trkpt lat="33.62646" lon="-117.80581">
        <ele>103.0</ele>
        <time>2026-04-18T15:35:55Z</time>
      </trkpt>
      <trkpt lat="33.62643" lon="-117.80581">
        <ele>103.0</ele>
        <time>2026-04-18T15:35:58Z</time>
      </trkpt>
      <trkpt lat="33.62639" lon="-117.80581">
        <ele>103.0</ele>
        <time>2026-04-18T15:36:01Z</time>
      </trkpt>
      <trkpt lat="33.62636" lon="-117.80582">
        <ele>103.27</ele>
        <time>2026-04-18T15:36:04Z</time>
      </trkpt>
      <trkpt lat="33.62632" lon="-117.80582">
        <ele>103.64</ele>
        <time>2026-04-18T15:36:07Z</time>
      </trkpt>
      <trkpt lat="33.62628" lon="-117.80582">
        <ele>103.88</ele>
        <time>2026-04-18T15:36:10Z</time>
      </trkpt>
      <trkpt lat="33.62625" lon="-117.80582">
        <ele>103.93</ele>
        <time>2026-04-18T15:36:13Z</time>
      </trkpt>
      <trkpt lat="33.62622" lon="-117.80581">
        <ele>103.96</ele>
        <time>2026-04-18T15:36:16Z</time>
      </trkpt>
      <trkpt lat="33.62618" lon="-117.80577">
        <ele>104.08</ele>
        <time>2026-04-18T15:36:19Z</time>
      </trkpt>
      <trkpt lat="33.62617" lon="-117.80574">
        <ele>103.99</ele>
        <time>2026-04-18T15:36:20Z</time>
      </trkpt>
      <trkpt lat="33.62616" lon="-117.80569">
        <ele>103.71</ele>
        <time>2026-04-18T15:36:22Z</time>
      </trkpt>
      <trkpt lat="33.62615" lon="-117.80566">
        <ele>103.63</ele>
        <time>2026-04-18T15:36:24Z</time>
      </trkpt>
      <trkpt lat="33.62613" lon="-117.80562">
        <ele>103.49</ele>
        <time>2026-04-18T15:36:27Z</time>
      </trkpt>
      <trkpt lat="33.62611" lon="-117.80559">
        <ele>103.38</ele>
        <time>2026-04-18T15:36:30Z</time>
      </trkpt>
      <trkpt lat="33.62609" lon="-117.80555">
        <ele>103.17</ele>
        <time>2026-04-18T15:36:33Z</time>
      </trkpt>
      <trkpt lat="33.62607" lon="-117.80552">
        <ele>103.06</ele>
        <time>2026-04-18T15:36:36Z</time>
      </trkpt>
      <trkpt lat="33.62604" lon="-117.8055">
        <ele>103.17</ele>
        <time>2026-04-18T15:36:39Z</time>
      </trkpt>
      <trkpt lat="33.62601" lon="-117.80548">
        <ele>103.28</ele>
        <time>2026-04-18T15:36:42Z</time>
      </trkpt>
      <trkpt lat="33.62598" lon="-117.80546">
        <ele>103.38</ele>
        <time>2026-04-18T15:36:45Z</time>
      </trkpt>
      <trkpt lat="33.62595" lon="-117.80546">
        <ele>103.71</ele>
        <time>2026-04-18T15:36:48Z</time>
      </trkpt>
      <trkpt lat="33.62592" lon="-117.80546">
        <ele>104.03</ele>
        <time>2026-04-18T15:36:51Z</time>
      </trkpt>
      <trkpt lat="33.62589" lon="-117.80545">
        <ele>104.25</ele>
        <time>2026-04-18T15:36:54Z</time>
      </trkpt>
      <trkpt lat="33.62586" lon="-117.80544">
        <ele>104.46</ele>
        <time>2026-04-18T15:36:57Z</time>
      </trkpt>
      <trkpt lat="33.62583" lon="-117.80542">
        <ele>104.54</ele>
        <time>2026-04-18T15:37:00Z</time>
      </trkpt>
      <trkpt lat="33.6258" lon="-117.8054">
        <ele>104.32</ele>
        <time>2026-04-18T15:37:03Z</time>
      </trkpt>
      <trkpt lat="33.62577" lon="-117.80538">
        <ele>104.1</ele>
        <time>2026-04-18T15:37:06Z</time>
      </trkpt>
      <trkpt lat="33.62574" lon="-117.80535">
        <ele>103.78</ele>
        <time>2026-04-18T15:37:09Z</time>
      </trkpt>
      <trkpt lat="33.62571" lon="-117.80532">
        <ele>103.46</ele>
        <time>2026-04-18T15:37:12Z</time>
      </trkpt>
      <trkpt lat="33.62568" lon="-117.80529">
        <ele>103.13</ele>
        <time>2026-04-18T15:37:15Z</time>
      </trkpt>
      <trkpt lat="33.62566" lon="-117.80526">
        <ele>102.64</ele>
        <time>2026-04-18T15:37:18Z</time>
      </trkpt>
      <trkpt lat="33.62564" lon="-117.80523">
        <ele>101.97</ele>
        <time>2026-04-18T15:37:20Z</time>
      </trkpt>
      <trkpt lat="33.62562" lon="-117.8052">
        <ele>101.11</ele>
        <time>2026-04-18T15:37:22Z</time>
      </trkpt>
      <trkpt lat="33.6256" lon="-117.80516">
        <ele>100.76</ele>
        <time>2026-04-18T15:37:24Z</time>
      </trkpt>
      <trkpt lat="33.62559" lon="-117.80513">
        <ele>101.12</ele>
        <time>2026-04-18T15:37:26Z</time>
      </trkpt>
      <trkpt lat="33.62557" lon="-117.80511">
        <ele>101.53</ele>
        <time>2026-04-18T15:37:28Z</time>
      </trkpt>
      <trkpt lat="33.62555" lon="-117.80507">
        <ele>102.0</ele>
        <time>2026-04-18T15:37:31Z</time>
      </trkpt>
      <trkpt lat="33.62553" lon="-117.80503">
        <ele>102.0</ele>
        <time>2026-04-18T15:37:34Z</time>
      </trkpt>
      <trkpt lat="33.6255" lon="-117.805">
        <ele>102.0</ele>
        <time>2026-04-18T15:37:37Z</time>
      </trkpt>
      <trkpt lat="33.62548" lon="-117.80496">
        <ele>101.92</ele>
        <time>2026-04-18T15:37:40Z</time>
      </trkpt>
      <trkpt lat="33.62546" lon="-117.80493">
        <ele>102.01</ele>
        <time>2026-04-18T15:37:43Z</time>
      </trkpt>
      <trkpt lat="33.62544" lon="-117.8049">
        <ele>102.0</ele>
        <time>2026-04-18T15:37:46Z</time>
      </trkpt>
      <trkpt lat="33.62541" lon="-117.80488">
        <ele>102.0</ele>
        <time>2026-04-18T15:37:49Z</time>
      </trkpt>
      <trkpt lat="33.62538" lon="-117.80489">
        <ele>102.0</ele>
        <time>2026-04-18T15:37:53Z</time>
      </trkpt>
      <trkpt lat="33.62535" lon="-117.8049">
        <ele>102.2</ele>
        <time>2026-04-18T15:37:56Z</time>
      </trkpt>
      <trkpt lat="33.62533" lon="-117.80492">
        <ele>102.51</ele>
        <time>2026-04-18T15:37:59Z</time>
      </trkpt>
      <trkpt lat="33.6253" lon="-117.80494">
        <ele>102.84</ele>
        <time>2026-04-18T15:38:02Z</time>
      </trkpt>
      <trkpt lat="33.62527" lon="-117.80496">
        <ele>103.0</ele>
        <time>2026-04-18T15:38:05Z</time>
      </trkpt>
      <trkpt lat="33.62525" lon="-117.80498">
        <ele>103.0</ele>
        <time>2026-04-18T15:38:08Z</time>
      </trkpt>
      <trkpt lat="33.62522" lon="-117.805">
        <ele>103.0</ele>
        <time>2026-04-18T15:38:11Z</time>
      </trkpt>
      <trkpt lat="33.62519" lon="-117.80501">
        <ele>103.1</ele>
        <time>2026-04-18T15:38:14Z</time>
      </trkpt>
      <trkpt lat="33.62516" lon="-117.80503">
        <ele>103.51</ele>
        <time>2026-04-18T15:38:17Z</time>
      </trkpt>
      <trkpt lat="33.62513" lon="-117.80504">
        <ele>103.77</ele>
        <time>2026-04-18T15:38:20Z</time>
      </trkpt>
      <trkpt lat="33.6251" lon="-117.80506">
        <ele>103.97</ele>
        <time>2026-04-18T15:38:23Z</time>
      </trkpt>
      <trkpt lat="33.62508" lon="-117.80508">
        <ele>104.0</ele>
        <time>2026-04-18T15:38:26Z</time>
      </trkpt>
      <trkpt lat="33.62505" lon="-117.8051">
        <ele>104.0</ele>
        <time>2026-04-18T15:38:29Z</time>
      </trkpt>
      <trkpt lat="33.62503" lon="-117.80513">
        <ele>104.0</ele>
        <time>2026-04-18T15:38:32Z</time>
      </trkpt>
      <trkpt lat="33.62503" lon="-117.80517">
        <ele>104.0</ele>
        <time>2026-04-18T15:38:35Z</time>
      </trkpt>
      <trkpt lat="33.62502" lon="-117.80521">
        <ele>104.27</ele>
        <time>2026-04-18T15:38:38Z</time>
      </trkpt>
      <trkpt lat="33.62501" lon="-117.80524">
        <ele>104.59</ele>
        <time>2026-04-18T15:38:41Z</time>
      </trkpt>
      <trkpt lat="33.62498" lon="-117.80527">
        <ele>104.93</ele>
        <time>2026-04-18T15:38:44Z</time>
      </trkpt>
      <trkpt lat="33.62495" lon="-117.80528">
        <ele>105.01</ele>
        <time>2026-04-18T15:38:47Z</time>
      </trkpt>
      <trkpt lat="33.62491" lon="-117.80529">
        <ele>105.13</ele>
        <time>2026-04-18T15:38:50Z</time>
      </trkpt>
      <trkpt lat="33.62488" lon="-117.80528">
        <ele>105.31</ele>
        <time>2026-04-18T15:38:53Z</time>
      </trkpt>
      <trkpt lat="33.62485" lon="-117.80525">
        <ele>105.43</ele>
        <time>2026-04-18T15:38:55Z</time>
      </trkpt>
      <trkpt lat="33.62483" lon="-117.80522">
        <ele>105.31</ele>
        <time>2026-04-18T15:38:57Z</time>
      </trkpt>
      <trkpt lat="33.62481" lon="-117.80519">
        <ele>105.1</ele>
        <time>2026-04-18T15:38:59Z</time>
      </trkpt>
      <trkpt lat="33.62479" lon="-117.80517">
        <ele>105.27</ele>
        <time>2026-04-18T15:39:01Z</time>
      </trkpt>
      <trkpt lat="33.62476" lon="-117.80514">
        <ele>105.59</ele>
        <time>2026-04-18T15:39:04Z</time>
      </trkpt>
      <trkpt lat="33.62472" lon="-117.80511">
        <ele>106.0</ele>
        <time>2026-04-18T15:39:07Z</time>
      </trkpt>
      <trkpt lat="33.62471" lon="-117.80509">
        <ele>105.97</ele>
        <time>2026-04-18T15:39:09Z</time>
      </trkpt>
      <trkpt lat="33.62469" lon="-117.80507">
        <ele>105.76</ele>
        <time>2026-04-18T15:39:11Z</time>
      </trkpt>
      <trkpt lat="33.62466" lon="-117.80504">
        <ele>105.43</ele>
        <time>2026-04-18T15:39:14Z</time>
      </trkpt>
      <trkpt lat="33.62463" lon="-117.80501">
        <ele>105.11</ele>
        <time>2026-04-18T15:39:17Z</time>
      </trkpt>
      <trkpt lat="33.6246" lon="-117.80497">
        <ele>105.54</ele>
        <time>2026-04-18T15:39:20Z</time>
      </trkpt>
      <trkpt lat="33.62457" lon="-117.80493">
        <ele>105.91</ele>
        <time>2026-04-18T15:39:23Z</time>
      </trkpt>
      <trkpt lat="33.62455" lon="-117.8049">
        <ele>105.99</ele>
        <time>2026-04-18T15:39:26Z</time>
      </trkpt>
      <trkpt lat="33.62452" lon="-117.80487">
        <ele>106.11</ele>
        <time>2026-04-18T15:39:29Z</time>
      </trkpt>
      <trkpt lat="33.6245" lon="-117.80484">
        <ele>106.11</ele>
        <time>2026-04-18T15:39:32Z</time>
      </trkpt>
      <trkpt lat="33.62447" lon="-117.80485">
        <ele>106.28</ele>
        <time>2026-04-18T15:39:35Z</time>
      </trkpt>
      <trkpt lat="33.62444" lon="-117.80487">
        <ele>106.62</ele>
        <time>2026-04-18T15:39:38Z</time>
      </trkpt>
      <trkpt lat="33.62441" lon="-117.80488">
        <ele>106.81</ele>
        <time>2026-04-18T15:39:41Z</time>
      </trkpt>
      <trkpt lat="33.62438" lon="-117.80488">
        <ele>106.91</ele>
        <time>2026-04-18T15:39:44Z</time>
      </trkpt>
      <trkpt lat="33.62435" lon="-117.80488">
        <ele>107.02</ele>
        <time>2026-04-18T15:39:47Z</time>
      </trkpt>
      <trkpt lat="33.62432" lon="-117.80489">
        <ele>107.34</ele>
        <time>2026-04-18T15:39:50Z</time>
      </trkpt>
      <trkpt lat="33.62429" lon="-117.80489">
        <ele>107.67</ele>
        <time>2026-04-18T15:39:53Z</time>
      </trkpt>
      <trkpt lat="33.62426" lon="-117.8049">
        <ele>107.99</ele>
        <time>2026-04-18T15:39:56Z</time>
      </trkpt>
      <trkpt lat="33.62423" lon="-117.80491">
        <ele>108.0</ele>
        <time>2026-04-18T15:39:59Z</time>
      </trkpt>
      <trkpt lat="33.6242" lon="-117.80491">
        <ele>108.0</ele>
        <time>2026-04-18T15:40:02Z</time>
      </trkpt>
      <trkpt lat="33.62417" lon="-117.80492">
        <ele>108.0</ele>
        <time>2026-04-18T15:40:05Z</time>
      </trkpt>
      <trkpt lat="33.62414" lon="-117.80492">
        <ele>108.29</ele>
        <time>2026-04-18T15:40:08Z</time>
      </trkpt>
      <trkpt lat="33.62411" lon="-117.80491">
        <ele>108.61</ele>
        <time>2026-04-18T15:40:11Z</time>
      </trkpt>
      <trkpt lat="33.62408" lon="-117.8049">
        <ele>108.86</ele>
        <time>2026-04-18T15:40:14Z</time>
      </trkpt>
      <trkpt lat="33.62406" lon="-117.80488">
        <ele>108.75</ele>
        <time>2026-04-18T15:40:16Z</time>
      </trkpt>
      <trkpt lat="33.62404" lon="-117.80484">
        <ele>108.54</ele>
        <time>2026-04-18T15:40:18Z</time>
      </trkpt>
      <trkpt lat="33.62402" lon="-117.8048">
        <ele>108.65</ele>
        <time>2026-04-18T15:40:20Z</time>
      </trkpt>
      <trkpt lat="33.624" lon="-117.80476">
        <ele>108.92</ele>
        <time>2026-04-18T15:40:22Z</time>
      </trkpt>
      <trkpt lat="33.62398" lon="-117.80474">
        <ele>109.02</ele>
        <time>2026-04-18T15:40:24Z</time>
      </trkpt>
      <trkpt lat="33.62395" lon="-117.80471">
        <ele>109.34</ele>
        <time>2026-04-18T15:40:27Z</time>
      </trkpt>
      <trkpt lat="33.62392" lon="-117.80469">
        <ele>109.66</ele>
        <time>2026-04-18T15:40:30Z</time>
      </trkpt>
      <trkpt lat="33.62389" lon="-117.80467">
        <ele>109.99</ele>
        <time>2026-04-18T15:40:33Z</time>
      </trkpt>
      <trkpt lat="33.62386" lon="-117.80466">
        <ele>110.21</ele>
        <time>2026-04-18T15:40:36Z</time>
      </trkpt>
      <trkpt lat="33.62383" lon="-117.80465">
        <ele>110.5</ele>
        <time>2026-04-18T15:40:39Z</time>
      </trkpt>
      <trkpt lat="33.62381" lon="-117.80463">
        <ele>110.85</ele>
        <time>2026-04-18T15:40:42Z</time>
      </trkpt>
      <trkpt lat="33.62378" lon="-117.80461">
        <ele>111.0</ele>
        <time>2026-04-18T15:40:45Z</time>
      </trkpt>
      <trkpt lat="33.62375" lon="-117.80458">
        <ele>111.0</ele>
        <time>2026-04-18T15:40:48Z</time>
      </trkpt>
      <trkpt lat="33.62372" lon="-117.80456">
        <ele>111.0</ele>
        <time>2026-04-18T15:40:51Z</time>
      </trkpt>
      <trkpt lat="33.6237" lon="-117.80454">
        <ele>111.04</ele>
        <time>2026-04-18T15:40:54Z</time>
      </trkpt>
      <trkpt lat="33.62369" lon="-117.80451">
        <ele>111.1</ele>
        <time>2026-04-18T15:40:58Z</time>
      </trkpt>
      <trkpt lat="33.62366" lon="-117.80448">
        <ele>111.18</ele>
        <time>2026-04-18T15:41:01Z</time>
      </trkpt>
      <trkpt lat="33.62363" lon="-117.80446">
        <ele>111.13</ele>
        <time>2026-04-18T15:41:04Z</time>
      </trkpt>
      <trkpt lat="33.6236" lon="-117.80444">
        <ele>111.12</ele>
        <time>2026-04-18T15:41:07Z</time>
      </trkpt>
      <trkpt lat="33.62357" lon="-117.80442">
        <ele>111.44</ele>
        <time>2026-04-18T15:41:10Z</time>
      </trkpt>
      <trkpt lat="33.62355" lon="-117.8044">
        <ele>111.66</ele>
        <time>2026-04-18T15:41:13Z</time>
      </trkpt>
      <trkpt lat="33.62354" lon="-117.80437">
        <ele>111.77</ele>
        <time>2026-04-18T15:41:15Z</time>
      </trkpt>
      <trkpt lat="33.62354" lon="-117.80433">
        <ele>111.77</ele>
        <time>2026-04-18T15:41:17Z</time>
      </trkpt>
      <trkpt lat="33.62354" lon="-117.80429">
        <ele>111.77</ele>
        <time>2026-04-18T15:41:20Z</time>
      </trkpt>
      <trkpt lat="33.62354" lon="-117.80425">
        <ele>111.79</ele>
        <time>2026-04-18T15:41:22Z</time>
      </trkpt>
      <trkpt lat="33.62355" lon="-117.80422">
        <ele>111.8</ele>
        <time>2026-04-18T15:41:24Z</time>
      </trkpt>
      <trkpt lat="33.62355" lon="-117.80418">
        <ele>111.95</ele>
        <time>2026-04-18T15:41:26Z</time>
      </trkpt>
      <trkpt lat="33.62355" lon="-117.80415">
        <ele>111.94</ele>
        <time>2026-04-18T15:41:28Z</time>
      </trkpt>
      <trkpt lat="33.62355" lon="-117.80412">
        <ele>111.83</ele>
        <time>2026-04-18T15:41:30Z</time>
      </trkpt>
      <trkpt lat="33.62356" lon="-117.80407">
        <ele>111.57</ele>
        <time>2026-04-18T15:41:33Z</time>
      </trkpt>
      <trkpt lat="33.62359" lon="-117.80404">
        <ele>111.51</ele>
        <time>2026-04-18T15:41:36Z</time>
      </trkpt>
      <trkpt lat="33.62362" lon="-117.80403">
        <ele>111.43</ele>
        <time>2026-04-18T15:41:38Z</time>
      </trkpt>
      <trkpt lat="33.62365" lon="-117.80404">
        <ele>111.21</ele>
        <time>2026-04-18T15:41:40Z</time>
      </trkpt>
      <trkpt lat="33.62367" lon="-117.80405">
        <ele>111.09</ele>
        <time>2026-04-18T15:41:43Z</time>
      </trkpt>
      <trkpt lat="33.62369" lon="-117.80401">
        <ele>111.1</ele>
        <time>2026-04-18T15:41:47Z</time>
      </trkpt>
      <trkpt lat="33.6237" lon="-117.80398">
        <ele>111.04</ele>
        <time>2026-04-18T15:41:50Z</time>
      </trkpt>
      <trkpt lat="33.62373" lon="-117.80396">
        <ele>111.0</ele>
        <time>2026-04-18T15:41:53Z</time>
      </trkpt>
      <trkpt lat="33.62375" lon="-117.80393">
        <ele>111.0</ele>
        <time>2026-04-18T15:41:56Z</time>
      </trkpt>
      <trkpt lat="33.62377" lon="-117.80389">
        <ele>111.0</ele>
        <time>2026-04-18T15:41:59Z</time>
      </trkpt>
      <trkpt lat="33.62376" lon="-117.80386">
        <ele>111.0</ele>
        <time>2026-04-18T15:42:02Z</time>
      </trkpt>
      <trkpt lat="33.62376" lon="-117.80382">
        <ele>111.0</ele>
        <time>2026-04-18T15:42:05Z</time>
      </trkpt>
      <trkpt lat="33.62376" lon="-117.80379">
        <ele>111.03</ele>
        <time>2026-04-18T15:42:09Z</time>
      </trkpt>
      <trkpt lat="33.62376" lon="-117.80375">
        <ele>111.2</ele>
        <time>2026-04-18T15:42:13Z</time>
      </trkpt>
      <trkpt lat="33.62376" lon="-117.80372">
        <ele>111.32</ele>
        <time>2026-04-18T15:42:17Z</time>
      </trkpt>
      <trkpt lat="33.62375" lon="-117.80369">
        <ele>111.28</ele>
        <time>2026-04-18T15:42:26Z</time>
      </trkpt>
      <trkpt lat="33.62372" lon="-117.80366">
        <ele>110.96</ele>
        <time>2026-04-18T15:42:30Z</time>
      </trkpt>
      <trkpt lat="33.6237" lon="-117.80363">
        <ele>110.41</ele>
        <time>2026-04-18T15:42:33Z</time>
      </trkpt>
      <trkpt lat="33.62368" lon="-117.80361">
        <ele>109.99</ele>
        <time>2026-04-18T15:42:36Z</time>
      </trkpt>
      <trkpt lat="33.62366" lon="-117.80358">
        <ele>109.82</ele>
        <time>2026-04-18T15:42:39Z</time>
      </trkpt>
      <trkpt lat="33.62363" lon="-117.80357">
        <ele>109.91</ele>
        <time>2026-04-18T15:42:42Z</time>
      </trkpt>
      <trkpt lat="33.6236" lon="-117.80357">
        <ele>110.12</ele>
        <time>2026-04-18T15:42:44Z</time>
      </trkpt>
      <trkpt lat="33.62356" lon="-117.80356">
        <ele>110.55</ele>
        <time>2026-04-18T15:42:47Z</time>
      </trkpt>
      <trkpt lat="33.62353" lon="-117.80355">
        <ele>110.88</ele>
        <time>2026-04-18T15:42:50Z</time>
      </trkpt>
      <trkpt lat="33.62349" lon="-117.80354">
        <ele>111.31</ele>
        <time>2026-04-18T15:42:53Z</time>
      </trkpt>
      <trkpt lat="33.62346" lon="-117.80353">
        <ele>111.63</ele>
        <time>2026-04-18T15:42:56Z</time>
      </trkpt>
      <trkpt lat="33.62343" lon="-117.80352">
        <ele>111.96</ele>
        <time>2026-04-18T15:42:59Z</time>
      </trkpt>
      <trkpt lat="33.6234" lon="-117.80351">
        <ele>112.35</ele>
        <time>2026-04-18T15:43:02Z</time>
      </trkpt>
      <trkpt lat="33.62337" lon="-117.8035">
        <ele>112.68</ele>
        <time>2026-04-18T15:43:05Z</time>
      </trkpt>
      <trkpt lat="33.62334" lon="-117.80349">
        <ele>112.95</ele>
        <time>2026-04-18T15:43:08Z</time>
      </trkpt>
      <trkpt lat="33.62331" lon="-117.80348">
        <ele>113.25</ele>
        <time>2026-04-18T15:43:11Z</time>
      </trkpt>
      <trkpt lat="33.62328" lon="-117.80348">
        <ele>113.58</ele>
        <time>2026-04-18T15:43:14Z</time>
      </trkpt>
      <trkpt lat="33.62325" lon="-117.80347">
        <ele>113.9</ele>
        <time>2026-04-18T15:43:17Z</time>
      </trkpt>
      <trkpt lat="33.62322" lon="-117.80346">
        <ele>114.0</ele>
        <time>2026-04-18T15:43:20Z</time>
      </trkpt>
      <trkpt lat="33.62319" lon="-117.80346">
        <ele>114.0</ele>
        <time>2026-04-18T15:43:23Z</time>
      </trkpt>
      <trkpt lat="33.62316" lon="-117.80345">
        <ele>114.0</ele>
        <time>2026-04-18T15:43:26Z</time>
      </trkpt>
      <trkpt lat="33.62313" lon="-117.80344">
        <ele>114.14</ele>
        <time>2026-04-18T15:43:29Z</time>
      </trkpt>
      <trkpt lat="33.6231" lon="-117.80343">
        <ele>114.47</ele>
        <time>2026-04-18T15:43:32Z</time>
      </trkpt>
      <trkpt lat="33.62307" lon="-117.80342">
        <ele>114.86</ele>
        <time>2026-04-18T15:43:35Z</time>
      </trkpt>
      <trkpt lat="33.62304" lon="-117.8034">
        <ele>115.05</ele>
        <time>2026-04-18T15:43:38Z</time>
      </trkpt>
      <trkpt lat="33.62301" lon="-117.80339">
        <ele>115.19</ele>
        <time>2026-04-18T15:43:41Z</time>
      </trkpt>
      <trkpt lat="33.62297" lon="-117.80338">
        <ele>115.46</ele>
        <time>2026-04-18T15:43:44Z</time>
      </trkpt>
      <trkpt lat="33.62294" lon="-117.80337">
        <ele>115.85</ele>
        <time>2026-04-18T15:43:47Z</time>
      </trkpt>
      <trkpt lat="33.62291" lon="-117.80336">
        <ele>116.28</ele>
        <time>2026-04-18T15:43:50Z</time>
      </trkpt>
      <trkpt lat="33.62288" lon="-117.80335">
        <ele>116.72</ele>
        <time>2026-04-18T15:43:53Z</time>
      </trkpt>
      <trkpt lat="33.62285" lon="-117.80334">
        <ele>116.93</ele>
        <time>2026-04-18T15:43:56Z</time>
      </trkpt>
      <trkpt lat="33.62282" lon="-117.80332">
        <ele>117.08</ele>
        <time>2026-04-18T15:43:59Z</time>
      </trkpt>
      <trkpt lat="33.62279" lon="-117.80331">
        <ele>117.22</ele>
        <time>2026-04-18T15:44:02Z</time>
      </trkpt>
      <trkpt lat="33.62276" lon="-117.8033">
        <ele>117.43</ele>
        <time>2026-04-18T15:44:05Z</time>
      </trkpt>
      <trkpt lat="33.62272" lon="-117.80329">
        <ele>117.76</ele>
        <time>2026-04-18T15:44:08Z</time>
      </trkpt>
      <trkpt lat="33.62269" lon="-117.80328">
        <ele>118.12</ele>
        <time>2026-04-18T15:44:11Z</time>
      </trkpt>
      <trkpt lat="33.62266" lon="-117.80326">
        <ele>118.64</ele>
        <time>2026-04-18T15:44:14Z</time>
      </trkpt>
      <trkpt lat="33.62263" lon="-117.80325">
        <ele>118.86</ele>
        <time>2026-04-18T15:44:17Z</time>
      </trkpt>
      <trkpt lat="33.6226" lon="-117.80324">
        <ele>119.0</ele>
        <time>2026-04-18T15:44:20Z</time>
      </trkpt>
      <trkpt lat="33.62257" lon="-117.80322">
        <ele>119.05</ele>
        <time>2026-04-18T15:44:23Z</time>
      </trkpt>
      <trkpt lat="33.62254" lon="-117.80321">
        <ele>119.19</ele>
        <time>2026-04-18T15:44:26Z</time>
      </trkpt>
      <trkpt lat="33.62251" lon="-117.80319">
        <ele>119.49</ele>
        <time>2026-04-18T15:44:29Z</time>
      </trkpt>
      <trkpt lat="33.62248" lon="-117.80317">
        <ele>119.6</ele>
        <time>2026-04-18T15:44:32Z</time>
      </trkpt>
      <trkpt lat="33.62245" lon="-117.80316">
        <ele>119.4</ele>
        <time>2026-04-18T15:44:35Z</time>
      </trkpt>
      <trkpt lat="33.62242" lon="-117.80314">
        <ele>119.21</ele>
        <time>2026-04-18T15:44:38Z</time>
      </trkpt>
      <trkpt lat="33.62239" lon="-117.80313">
        <ele>119.2</ele>
        <time>2026-04-18T15:44:41Z</time>
      </trkpt>
      <trkpt lat="33.62236" lon="-117.80311">
        <ele>119.41</ele>
        <time>2026-04-18T15:44:44Z</time>
      </trkpt>
      <trkpt lat="33.62233" lon="-117.80309">
        <ele>119.63</ele>
        <time>2026-04-18T15:44:47Z</time>
      </trkpt>
      <trkpt lat="33.62231" lon="-117.80307">
        <ele>119.89</ele>
        <time>2026-04-18T15:44:49Z</time>
      </trkpt>
      <trkpt lat="33.62229" lon="-117.80304">
        <ele>120.39</ele>
        <time>2026-04-18T15:44:51Z</time>
      </trkpt>
      <trkpt lat="33.62227" lon="-117.80301">
        <ele>120.74</ele>
        <time>2026-04-18T15:44:53Z</time>
      </trkpt>
      <trkpt lat="33.62224" lon="-117.80298">
        <ele>120.96</ele>
        <time>2026-04-18T15:44:56Z</time>
      </trkpt>
      <trkpt lat="33.62221" lon="-117.80296">
        <ele>121.16</ele>
        <time>2026-04-18T15:44:59Z</time>
      </trkpt>
      <trkpt lat="33.62218" lon="-117.80294">
        <ele>121.59</ele>
        <time>2026-04-18T15:45:02Z</time>
      </trkpt>
      <trkpt lat="33.62215" lon="-117.80293">
        <ele>121.86</ele>
        <time>2026-04-18T15:45:05Z</time>
      </trkpt>
      <trkpt lat="33.62212" lon="-117.80291">
        <ele>122.06</ele>
        <time>2026-04-18T15:45:08Z</time>
      </trkpt>
      <trkpt lat="33.62209" lon="-117.80289">
        <ele>122.34</ele>
        <time>2026-04-18T15:45:11Z</time>
      </trkpt>
      <trkpt lat="33.62206" lon="-117.80287">
        <ele>122.75</ele>
        <time>2026-04-18T15:45:14Z</time>
      </trkpt>
      <trkpt lat="33.62203" lon="-117.80286">
        <ele>122.93</ele>
        <time>2026-04-18T15:45:17Z</time>
      </trkpt>
      <trkpt lat="33.622" lon="-117.80284">
        <ele>122.73</ele>
        <time>2026-04-18T15:45:20Z</time>
      </trkpt>
      <trkpt lat="33.62197" lon="-117.80282">
        <ele>122.67</ele>
        <time>2026-04-18T15:45:23Z</time>
      </trkpt>
      <trkpt lat="33.62194" lon="-117.80281">
        <ele>122.6</ele>
        <time>2026-04-18T15:45:26Z</time>
      </trkpt>
      <trkpt lat="33.62191" lon="-117.80279">
        <ele>122.72</ele>
        <time>2026-04-18T15:45:29Z</time>
      </trkpt>
      <trkpt lat="33.62188" lon="-117.80277">
        <ele>123.06</ele>
        <time>2026-04-18T15:45:32Z</time>
      </trkpt>
      <trkpt lat="33.62185" lon="-117.80275">
        <ele>123.28</ele>
        <time>2026-04-18T15:45:35Z</time>
      </trkpt>
      <trkpt lat="33.62182" lon="-117.80273">
        <ele>123.17</ele>
        <time>2026-04-18T15:45:38Z</time>
      </trkpt>
      <trkpt lat="33.62179" lon="-117.80272">
        <ele>122.96</ele>
        <time>2026-04-18T15:45:41Z</time>
      </trkpt>
      <trkpt lat="33.62176" lon="-117.8027">
        <ele>122.85</ele>
        <time>2026-04-18T15:45:44Z</time>
      </trkpt>
      <trkpt lat="33.62173" lon="-117.80268">
        <ele>123.35</ele>
        <time>2026-04-18T15:45:47Z</time>
      </trkpt>
      <trkpt lat="33.6217" lon="-117.80266">
        <ele>123.74</ele>
        <time>2026-04-18T15:45:50Z</time>
      </trkpt>
      <trkpt lat="33.62168" lon="-117.80264">
        <ele>123.93</ele>
        <time>2026-04-18T15:45:53Z</time>
      </trkpt>
      <trkpt lat="33.62165" lon="-117.80263">
        <ele>123.93</ele>
        <time>2026-04-18T15:45:56Z</time>
      </trkpt>
      <trkpt lat="33.62162" lon="-117.80261">
        <ele>123.91</ele>
        <time>2026-04-18T15:45:59Z</time>
      </trkpt>
      <trkpt lat="33.62159" lon="-117.80259">
        <ele>124.03</ele>
        <time>2026-04-18T15:46:02Z</time>
      </trkpt>
      <trkpt lat="33.62156" lon="-117.80257">
        <ele>124.24</ele>
        <time>2026-04-18T15:46:05Z</time>
      </trkpt>
      <trkpt lat="33.62153" lon="-117.80255">
        <ele>124.46</ele>
        <time>2026-04-18T15:46:08Z</time>
      </trkpt>
      <trkpt lat="33.6215" lon="-117.80253">
        <ele>124.68</ele>
        <time>2026-04-18T15:46:11Z</time>
      </trkpt>
      <trkpt lat="33.62147" lon="-117.80252">
        <ele>124.7</ele>
        <time>2026-04-18T15:46:14Z</time>
      </trkpt>
      <trkpt lat="33.62144" lon="-117.8025">
        <ele>125.0</ele>
        <time>2026-04-18T15:46:17Z</time>
      </trkpt>
      <trkpt lat="33.62141" lon="-117.80248">
        <ele>125.0</ele>
        <time>2026-04-18T15:46:20Z</time>
      </trkpt>
      <trkpt lat="33.62139" lon="-117.80246">
        <ele>125.0</ele>
        <time>2026-04-18T15:46:23Z</time>
      </trkpt>
      <trkpt lat="33.62136" lon="-117.80244">
        <ele>124.67</ele>
        <time>2026-04-18T15:46:26Z</time>
      </trkpt>
      <trkpt lat="33.62133" lon="-117.80242">
        <ele>124.74</ele>
        <time>2026-04-18T15:46:29Z</time>
      </trkpt>
      <trkpt lat="33.6213" lon="-117.8024">
        <ele>125.0</ele>
        <time>2026-04-18T15:46:32Z</time>
      </trkpt>
      <trkpt lat="33.62127" lon="-117.80238">
        <ele>125.28</ele>
        <time>2026-04-18T15:46:35Z</time>
      </trkpt>
      <trkpt lat="33.62124" lon="-117.80236">
        <ele>125.61</ele>
        <time>2026-04-18T15:46:38Z</time>
      </trkpt>
      <trkpt lat="33.62121" lon="-117.80235">
        <ele>125.93</ele>
        <time>2026-04-18T15:46:41Z</time>
      </trkpt>
      <trkpt lat="33.62118" lon="-117.80233">
        <ele>125.66</ele>
        <time>2026-04-18T15:46:44Z</time>
      </trkpt>
      <trkpt lat="33.62115" lon="-117.80231">
        <ele>125.45</ele>
        <time>2026-04-18T15:46:47Z</time>
      </trkpt>
      <trkpt lat="33.62113" lon="-117.80229">
        <ele>125.42</ele>
        <time>2026-04-18T15:46:50Z</time>
      </trkpt>
      <trkpt lat="33.6211" lon="-117.80227">
        <ele>125.55</ele>
        <time>2026-04-18T15:46:53Z</time>
      </trkpt>
      <trkpt lat="33.62107" lon="-117.80225">
        <ele>125.83</ele>
        <time>2026-04-18T15:46:56Z</time>
      </trkpt>
      <trkpt lat="33.62104" lon="-117.80223">
        <ele>125.98</ele>
        <time>2026-04-18T15:46:59Z</time>
      </trkpt>
      <trkpt lat="33.62101" lon="-117.80221">
        <ele>126.13</ele>
        <time>2026-04-18T15:47:02Z</time>
      </trkpt>
      <trkpt lat="33.62098" lon="-117.80219">
        <ele>126.35</ele>
        <time>2026-04-18T15:47:05Z</time>
      </trkpt>
      <trkpt lat="33.62095" lon="-117.80218">
        <ele>126.46</ele>
        <time>2026-04-18T15:47:08Z</time>
      </trkpt>
      <trkpt lat="33.62092" lon="-117.80216">
        <ele>126.69</ele>
        <time>2026-04-18T15:47:11Z</time>
      </trkpt>
      <trkpt lat="33.62089" lon="-117.80214">
        <ele>126.93</ele>
        <time>2026-04-18T15:47:14Z</time>
      </trkpt>
      <trkpt lat="33.62086" lon="-117.80212">
        <ele>127.0</ele>
        <time>2026-04-18T15:47:17Z</time>
      </trkpt>
      <trkpt lat="33.62083" lon="-117.8021">
        <ele>127.02</ele>
        <time>2026-04-18T15:47:20Z</time>
      </trkpt>
      <trkpt lat="33.62081" lon="-117.80208">
        <ele>127.12</ele>
        <time>2026-04-18T15:47:23Z</time>
      </trkpt>
      <trkpt lat="33.62078" lon="-117.80207">
        <ele>127.21</ele>
        <time>2026-04-18T15:47:26Z</time>
      </trkpt>
      <trkpt lat="33.62075" lon="-117.80205">
        <ele>127.13</ele>
        <time>2026-04-18T15:47:29Z</time>
      </trkpt>
      <trkpt lat="33.62072" lon="-117.80204">
        <ele>127.25</ele>
        <time>2026-04-18T15:47:32Z</time>
      </trkpt>
      <trkpt lat="33.62069" lon="-117.80205">
        <ele>127.61</ele>
        <time>2026-04-18T15:47:35Z</time>
      </trkpt>
      <trkpt lat="33.62066" lon="-117.80205">
        <ele>127.89</ele>
        <time>2026-04-18T15:47:38Z</time>
      </trkpt>
      <trkpt lat="33.62063" lon="-117.80204">
        <ele>128.0</ele>
        <time>2026-04-18T15:47:41Z</time>
      </trkpt>
      <trkpt lat="33.6206" lon="-117.80203">
        <ele>128.0</ele>
        <time>2026-04-18T15:47:44Z</time>
      </trkpt>
      <trkpt lat="33.62057" lon="-117.80202">
        <ele>128.0</ele>
        <time>2026-04-18T15:47:47Z</time>
      </trkpt>
      <trkpt lat="33.62054" lon="-117.80202">
        <ele>128.0</ele>
        <time>2026-04-18T15:47:50Z</time>
      </trkpt>
      <trkpt lat="33.62051" lon="-117.80201">
        <ele>128.0</ele>
        <time>2026-04-18T15:47:53Z</time>
      </trkpt>
      <trkpt lat="33.62048" lon="-117.802">
        <ele>128.0</ele>
        <time>2026-04-18T15:47:56Z</time>
      </trkpt>
      <trkpt lat="33.62045" lon="-117.80199">
        <ele>128.0</ele>
        <time>2026-04-18T15:47:59Z</time>
      </trkpt>
      <trkpt lat="33.62042" lon="-117.80198">
        <ele>128.0</ele>
        <time>2026-04-18T15:48:02Z</time>
      </trkpt>
      <trkpt lat="33.62039" lon="-117.80197">
        <ele>128.0</ele>
        <time>2026-04-18T15:48:05Z</time>
      </trkpt>
      <trkpt lat="33.62036" lon="-117.80196">
        <ele>128.0</ele>
        <time>2026-04-18T15:48:08Z</time>
      </trkpt>
      <trkpt lat="33.62033" lon="-117.80194">
        <ele>128.0</ele>
        <time>2026-04-18T15:48:11Z</time>
      </trkpt>
      <trkpt lat="33.6203" lon="-117.80191">
        <ele>128.0</ele>
        <time>2026-04-18T15:48:14Z</time>
      </trkpt>
      <trkpt lat="33.62027" lon="-117.80188">
        <ele>128.0</ele>
        <time>2026-04-18T15:48:16Z</time>
      </trkpt>
      <trkpt lat="33.62026" lon="-117.80185">
        <ele>128.02</ele>
        <time>2026-04-18T15:48:18Z</time>
      </trkpt>
      <trkpt lat="33.62024" lon="-117.80182">
        <ele>128.34</ele>
        <time>2026-04-18T15:48:21Z</time>
      </trkpt>
      <trkpt lat="33.62022" lon="-117.80179">
        <ele>128.67</ele>
        <time>2026-04-18T15:48:30Z</time>
      </trkpt>
      <trkpt lat="33.6202" lon="-117.80178">
        <ele>128.78</ele>
        <time>2026-04-18T15:48:34Z</time>
      </trkpt>
      <trkpt lat="33.62017" lon="-117.80177">
        <ele>128.9</ele>
        <time>2026-04-18T15:48:38Z</time>
      </trkpt>
      <trkpt lat="33.62014" lon="-117.80177">
        <ele>128.94</ele>
        <time>2026-04-18T15:48:41Z</time>
      </trkpt>
      <trkpt lat="33.62011" lon="-117.80179">
        <ele>128.94</ele>
        <time>2026-04-18T15:48:44Z</time>
      </trkpt>
      <trkpt lat="33.62009" lon="-117.80182">
        <ele>129.0</ele>
        <time>2026-04-18T15:48:47Z</time>
      </trkpt>
      <trkpt lat="33.62006" lon="-117.80186">
        <ele>128.91</ele>
        <time>2026-04-18T15:48:50Z</time>
      </trkpt>
      <trkpt lat="33.62004" lon="-117.8019">
        <ele>128.48</ele>
        <time>2026-04-18T15:48:53Z</time>
      </trkpt>
      <trkpt lat="33.62002" lon="-117.80193">
        <ele>128.16</ele>
        <time>2026-04-18T15:48:56Z</time>
      </trkpt>
      <trkpt lat="33.61999" lon="-117.80195">
        <ele>128.0</ele>
        <time>2026-04-18T15:48:59Z</time>
      </trkpt>
      <trkpt lat="33.61997" lon="-117.80197">
        <ele>128.0</ele>
        <time>2026-04-18T15:49:02Z</time>
      </trkpt>
      <trkpt lat="33.61994" lon="-117.80197">
        <ele>128.0</ele>
        <time>2026-04-18T15:49:04Z</time>
      </trkpt>
      <trkpt lat="33.61991" lon="-117.80197">
        <ele>128.0</ele>
        <time>2026-04-18T15:49:06Z</time>
      </trkpt>
      <trkpt lat="33.61987" lon="-117.80196">
        <ele>128.4</ele>
        <time>2026-04-18T15:49:09Z</time>
      </trkpt>
      <trkpt lat="33.61983" lon="-117.80195">
        <ele>128.84</ele>
        <time>2026-04-18T15:49:12Z</time>
      </trkpt>
      <trkpt lat="33.6198" lon="-117.80194">
        <ele>129.0</ele>
        <time>2026-04-18T15:49:15Z</time>
      </trkpt>
      <trkpt lat="33.61977" lon="-117.80193">
        <ele>129.0</ele>
        <time>2026-04-18T15:49:18Z</time>
      </trkpt>
      <trkpt lat="33.61974" lon="-117.80192">
        <ele>129.0</ele>
        <time>2026-04-18T15:49:21Z</time>
      </trkpt>
      <trkpt lat="33.61971" lon="-117.80191">
        <ele>129.0</ele>
        <time>2026-04-18T15:49:24Z</time>
      </trkpt>
      <trkpt lat="33.61967" lon="-117.8019">
        <ele>129.0</ele>
        <time>2026-04-18T15:49:27Z</time>
      </trkpt>
      <trkpt lat="33.61964" lon="-117.80189">
        <ele>129.0</ele>
        <time>2026-04-18T15:49:30Z</time>
      </trkpt>
      <trkpt lat="33.61961" lon="-117.80187">
        <ele>129.21</ele>
        <time>2026-04-18T15:49:33Z</time>
      </trkpt>
      <trkpt lat="33.61958" lon="-117.80186">
        <ele>129.54</ele>
        <time>2026-04-18T15:49:36Z</time>
      </trkpt>
      <trkpt lat="33.61955" lon="-117.80185">
        <ele>129.86</ele>
        <time>2026-04-18T15:49:39Z</time>
      </trkpt>
      <trkpt lat="33.61951" lon="-117.80183">
        <ele>130.0</ele>
        <time>2026-04-18T15:49:42Z</time>
      </trkpt>
      <trkpt lat="33.61948" lon="-117.80182">
        <ele>130.0</ele>
        <time>2026-04-18T15:49:45Z</time>
      </trkpt>
      <trkpt lat="33.61945" lon="-117.80181">
        <ele>130.0</ele>
        <time>2026-04-18T15:49:48Z</time>
      </trkpt>
      <trkpt lat="33.61942" lon="-117.8018">
        <ele>130.26</ele>
        <time>2026-04-18T15:49:51Z</time>
      </trkpt>
      <trkpt lat="33.61939" lon="-117.80178">
        <ele>130.59</ele>
        <time>2026-04-18T15:49:54Z</time>
      </trkpt>
      <trkpt lat="33.61936" lon="-117.80177">
        <ele>130.91</ele>
        <time>2026-04-18T15:49:57Z</time>
      </trkpt>
      <trkpt lat="33.61933" lon="-117.80176">
        <ele>131.0</ele>
        <time>2026-04-18T15:50:00Z</time>
      </trkpt>
      <trkpt lat="33.6193" lon="-117.80175">
        <ele>131.0</ele>
        <time>2026-04-18T15:50:03Z</time>
      </trkpt>
      <trkpt lat="33.61926" lon="-117.80174">
        <ele>131.0</ele>
        <time>2026-04-18T15:50:06Z</time>
      </trkpt>
      <trkpt lat="33.61923" lon="-117.80173">
        <ele>131.0</ele>
        <time>2026-04-18T15:50:09Z</time>
      </trkpt>
      <trkpt lat="33.6192" lon="-117.80172">
        <ele>131.0</ele>
        <time>2026-04-18T15:50:12Z</time>
      </trkpt>
      <trkpt lat="33.61917" lon="-117.80171">
        <ele>131.0</ele>
        <time>2026-04-18T15:50:15Z</time>
      </trkpt>
      <trkpt lat="33.61914" lon="-117.8017">
        <ele>131.29</ele>
        <time>2026-04-18T15:50:18Z</time>
      </trkpt>
      <trkpt lat="33.61911" lon="-117.80169">
        <ele>131.61</ele>
        <time>2026-04-18T15:50:21Z</time>
      </trkpt>
      <trkpt lat="33.61908" lon="-117.80168">
        <ele>131.94</ele>
        <time>2026-04-18T15:50:24Z</time>
      </trkpt>
      <trkpt lat="33.61905" lon="-117.80167">
        <ele>132.0</ele>
        <time>2026-04-18T15:50:27Z</time>
      </trkpt>
      <trkpt lat="33.61902" lon="-117.80166">
        <ele>132.04</ele>
        <time>2026-04-18T15:50:30Z</time>
      </trkpt>
      <trkpt lat="33.61899" lon="-117.80165">
        <ele>132.16</ele>
        <time>2026-04-18T15:50:33Z</time>
      </trkpt>
      <trkpt lat="33.61896" lon="-117.80165">
        <ele>132.18</ele>
        <time>2026-04-18T15:50:36Z</time>
      </trkpt>
      <trkpt lat="33.61893" lon="-117.80164">
        <ele>132.29</ele>
        <time>2026-04-18T15:50:39Z</time>
      </trkpt>
      <trkpt lat="33.61889" lon="-117.80163">
        <ele>132.4</ele>
        <time>2026-04-18T15:50:42Z</time>
      </trkpt>
      <trkpt lat="33.61886" lon="-117.80162">
        <ele>132.66</ele>
        <time>2026-04-18T15:50:45Z</time>
      </trkpt>
      <trkpt lat="33.61883" lon="-117.80162">
        <ele>132.82</ele>
        <time>2026-04-18T15:50:48Z</time>
      </trkpt>
      <trkpt lat="33.6188" lon="-117.80161">
        <ele>132.98</ele>
        <time>2026-04-18T15:50:51Z</time>
      </trkpt>
      <trkpt lat="33.61877" lon="-117.8016">
        <ele>133.0</ele>
        <time>2026-04-18T15:50:54Z</time>
      </trkpt>
      <trkpt lat="33.61874" lon="-117.8016">
        <ele>133.0</ele>
        <time>2026-04-18T15:50:57Z</time>
      </trkpt>
      <trkpt lat="33.61871" lon="-117.80159">
        <ele>133.0</ele>
        <time>2026-04-18T15:51:00Z</time>
      </trkpt>
      <trkpt lat="33.61868" lon="-117.80158">
        <ele>133.24</ele>
        <time>2026-04-18T15:51:03Z</time>
      </trkpt>
      <trkpt lat="33.61865" lon="-117.80157">
        <ele>133.6</ele>
        <time>2026-04-18T15:51:06Z</time>
      </trkpt>
      <trkpt lat="33.61862" lon="-117.80158">
        <ele>133.85</ele>
        <time>2026-04-18T15:51:10Z</time>
      </trkpt>
      <trkpt lat="33.61863" lon="-117.80162">
        <ele>133.4</ele>
        <time>2026-04-18T15:51:12Z</time>
      </trkpt>
      <trkpt lat="33.61864" lon="-117.80166">
        <ele>133.05</ele>
        <time>2026-04-18T15:51:14Z</time>
      </trkpt>
      <trkpt lat="33.61863" lon="-117.8017">
        <ele>133.0</ele>
        <time>2026-04-18T15:51:17Z</time>
      </trkpt>
      <trkpt lat="33.61861" lon="-117.80171">
        <ele>133.0</ele>
        <time>2026-04-18T15:51:20Z</time>
      </trkpt>
      <trkpt lat="33.61858" lon="-117.80173">
        <ele>133.0</ele>
        <time>2026-04-18T15:51:23Z</time>
      </trkpt>
      <trkpt lat="33.61855" lon="-117.80174">
        <ele>133.0</ele>
        <time>2026-04-18T15:51:28Z</time>
      </trkpt>
      <trkpt lat="33.61852" lon="-117.80172">
        <ele>133.0</ele>
        <time>2026-04-18T15:51:34Z</time>
      </trkpt>
      <trkpt lat="33.61851" lon="-117.80168">
        <ele>133.08</ele>
        <time>2026-04-18T15:51:40Z</time>
      </trkpt>
      <trkpt lat="33.6185" lon="-117.80164">
        <ele>133.43</ele>
        <time>2026-04-18T15:51:45Z</time>
      </trkpt>
      <trkpt lat="33.61853" lon="-117.80166">
        <ele>133.07</ele>
        <time>2026-04-18T15:52:09Z</time>
      </trkpt>
      <trkpt lat="33.61859" lon="-117.80167">
        <ele>133.0</ele>
        <time>2026-04-18T15:52:48Z</time>
      </trkpt>
      <trkpt lat="33.6185" lon="-117.80166">
        <ele>133.26</ele>
        <time>2026-04-18T15:54:07Z</time>
      </trkpt>
      <trkpt lat="33.61842" lon="-117.80166">
        <ele>134.0</ele>
        <time>2026-04-18T15:54:09Z</time>
      </trkpt>
      <trkpt lat="33.61835" lon="-117.80166">
        <ele>134.0</ele>
        <time>2026-04-18T15:54:12Z</time>
      </trkpt>
      <trkpt lat="33.61828" lon="-117.80164">
        <ele>134.0</ele>
        <time>2026-04-18T15:54:21Z</time>
      </trkpt>
      <trkpt lat="33.61828" lon="-117.80155">
        <ele>134.0</ele>
        <time>2026-04-18T15:54:24Z</time>
      </trkpt>
      <trkpt lat="33.61827" lon="-117.80149">
        <ele>134.0</ele>
        <time>2026-04-18T15:54:25Z</time>
      </trkpt>
      <trkpt lat="33.61826" lon="-117.80142">
        <ele>134.53</ele>
        <time>2026-04-18T15:54:27Z</time>
      </trkpt>
      <trkpt lat="33.61824" lon="-117.80139">
        <ele>134.99</ele>
        <time>2026-04-18T15:54:30Z</time>
      </trkpt>
      <trkpt lat="33.6182" lon="-117.80138">
        <ele>135.0</ele>
        <time>2026-04-18T15:54:34Z</time>
      </trkpt>
      <trkpt lat="33.61817" lon="-117.80138">
        <ele>135.0</ele>
        <time>2026-04-18T15:54:37Z</time>
      </trkpt>
      <trkpt lat="33.61814" lon="-117.8014">
        <ele>135.0</ele>
        <time>2026-04-18T15:54:40Z</time>
      </trkpt>
      <trkpt lat="33.61811" lon="-117.80143">
        <ele>135.0</ele>
        <time>2026-04-18T15:54:43Z</time>
      </trkpt>
      <trkpt lat="33.61808" lon="-117.80144">
        <ele>135.0</ele>
        <time>2026-04-18T15:54:46Z</time>
      </trkpt>
      <trkpt lat="33.61806" lon="-117.80144">
        <ele>135.0</ele>
        <time>2026-04-18T15:54:49Z</time>
      </trkpt>
      <trkpt lat="33.61803" lon="-117.80145">
        <ele>135.0</ele>
        <time>2026-04-18T15:54:52Z</time>
      </trkpt>
      <trkpt lat="33.618" lon="-117.80146">
        <ele>135.0</ele>
        <time>2026-04-18T15:54:55Z</time>
      </trkpt>
      <trkpt lat="33.61797" lon="-117.80147">
        <ele>135.0</ele>
        <time>2026-04-18T15:54:58Z</time>
      </trkpt>
      <trkpt lat="33.61794" lon="-117.80147">
        <ele>135.0</ele>
        <time>2026-04-18T15:55:01Z</time>
      </trkpt>
      <trkpt lat="33.61791" lon="-117.80147">
        <ele>135.0</ele>
        <time>2026-04-18T15:55:04Z</time>
      </trkpt>
      <trkpt lat="33.61788" lon="-117.80147">
        <ele>135.0</ele>
        <time>2026-04-18T15:55:07Z</time>
      </trkpt>
      <trkpt lat="33.61785" lon="-117.80146">
        <ele>135.05</ele>
        <time>2026-04-18T15:55:10Z</time>
      </trkpt>
      <trkpt lat="33.61782" lon="-117.80146">
        <ele>135.13</ele>
        <time>2026-04-18T15:55:13Z</time>
      </trkpt>
      <trkpt lat="33.61779" lon="-117.80146">
        <ele>135.2</ele>
        <time>2026-04-18T15:55:16Z</time>
      </trkpt>
      <trkpt lat="33.61775" lon="-117.80146">
        <ele>135.23</ele>
        <time>2026-04-18T15:55:19Z</time>
      </trkpt>
      <trkpt lat="33.61772" lon="-117.80145">
        <ele>135.34</ele>
        <time>2026-04-18T15:55:22Z</time>
      </trkpt>
      <trkpt lat="33.61769" lon="-117.80145">
        <ele>135.34</ele>
        <time>2026-04-18T15:55:25Z</time>
      </trkpt>
      <trkpt lat="33.61766" lon="-117.80145">
        <ele>135.52</ele>
        <time>2026-04-18T15:55:28Z</time>
      </trkpt>
      <trkpt lat="33.61763" lon="-117.80145">
        <ele>135.73</ele>
        <time>2026-04-18T15:55:31Z</time>
      </trkpt>
      <trkpt lat="33.6176" lon="-117.80144">
        <ele>135.96</ele>
        <time>2026-04-18T15:55:34Z</time>
      </trkpt>
      <trkpt lat="33.61757" lon="-117.80144">
        <ele>136.0</ele>
        <time>2026-04-18T15:55:37Z</time>
      </trkpt>
      <trkpt lat="33.61753" lon="-117.80143">
        <ele>136.0</ele>
        <time>2026-04-18T15:55:40Z</time>
      </trkpt>
      <trkpt lat="33.6175" lon="-117.80143">
        <ele>136.0</ele>
        <time>2026-04-18T15:55:43Z</time>
      </trkpt>
      <trkpt lat="33.61747" lon="-117.80143">
        <ele>136.0</ele>
        <time>2026-04-18T15:55:46Z</time>
      </trkpt>
      <trkpt lat="33.61744" lon="-117.80143">
        <ele>136.0</ele>
        <time>2026-04-18T15:55:49Z</time>
      </trkpt>
      <trkpt lat="33.61741" lon="-117.80142">
        <ele>136.0</ele>
        <time>2026-04-18T15:55:52Z</time>
      </trkpt>
      <trkpt lat="33.61738" lon="-117.80142">
        <ele>136.0</ele>
        <time>2026-04-18T15:55:55Z</time>
      </trkpt>
      <trkpt lat="33.61735" lon="-117.80142">
        <ele>136.0</ele>
        <time>2026-04-18T15:55:58Z</time>
      </trkpt>
      <trkpt lat="33.61732" lon="-117.80142">
        <ele>136.0</ele>
        <time>2026-04-18T15:56:01Z</time>
      </trkpt>
      <trkpt lat="33.61728" lon="-117.80142">
        <ele>136.25</ele>
        <time>2026-04-18T15:56:04Z</time>
      </trkpt>
      <trkpt lat="33.61725" lon="-117.80142">
        <ele>136.46</ele>
        <time>2026-04-18T15:56:07Z</time>
      </trkpt>
      <trkpt lat="33.61722" lon="-117.80142">
        <ele>136.66</ele>
        <time>2026-04-18T15:56:10Z</time>
      </trkpt>
      <trkpt lat="33.61718" lon="-117.80142">
        <ele>136.51</ele>
        <time>2026-04-18T15:56:13Z</time>
      </trkpt>
      <trkpt lat="33.61715" lon="-117.80142">
        <ele>136.41</ele>
        <time>2026-04-18T15:56:16Z</time>
      </trkpt>
      <trkpt lat="33.61712" lon="-117.80142">
        <ele>136.37</ele>
        <time>2026-04-18T15:56:19Z</time>
      </trkpt>
      <trkpt lat="33.61709" lon="-117.80142">
        <ele>136.48</ele>
        <time>2026-04-18T15:56:22Z</time>
      </trkpt>
      <trkpt lat="33.61705" lon="-117.80142">
        <ele>136.62</ele>
        <time>2026-04-18T15:56:25Z</time>
      </trkpt>
      <trkpt lat="33.61702" lon="-117.80141">
        <ele>136.81</ele>
        <time>2026-04-18T15:56:28Z</time>
      </trkpt>
      <trkpt lat="33.61699" lon="-117.80141">
        <ele>136.89</ele>
        <time>2026-04-18T15:56:31Z</time>
      </trkpt>
      <trkpt lat="33.61696" lon="-117.80141">
        <ele>136.96</ele>
        <time>2026-04-18T15:56:34Z</time>
      </trkpt>
      <trkpt lat="33.61693" lon="-117.80141">
        <ele>136.96</ele>
        <time>2026-04-18T15:56:37Z</time>
      </trkpt>
      <trkpt lat="33.61689" lon="-117.80141">
        <ele>136.87</ele>
        <time>2026-04-18T15:56:40Z</time>
      </trkpt>
      <trkpt lat="33.61686" lon="-117.80141">
        <ele>136.79</ele>
        <time>2026-04-18T15:56:43Z</time>
      </trkpt>
      <trkpt lat="33.61683" lon="-117.80141">
        <ele>136.77</ele>
        <time>2026-04-18T15:56:46Z</time>
      </trkpt>
      <trkpt lat="33.6168" lon="-117.80142">
        <ele>136.66</ele>
        <time>2026-04-18T15:56:49Z</time>
      </trkpt>
      <trkpt lat="33.61677" lon="-117.80142">
        <ele>136.66</ele>
        <time>2026-04-18T15:56:52Z</time>
      </trkpt>
      <trkpt lat="33.61673" lon="-117.80142">
        <ele>136.24</ele>
        <time>2026-04-18T15:56:55Z</time>
      </trkpt>
      <trkpt lat="33.61676" lon="-117.80139">
        <ele>136.99</ele>
        <time>2026-04-18T15:57:04Z</time>
      </trkpt>
      <trkpt lat="33.61678" lon="-117.80135">
        <ele>137.42</ele>
        <time>2026-04-18T15:57:06Z</time>
      </trkpt>
      <trkpt lat="33.61679" lon="-117.80131">
        <ele>137.85</ele>
        <time>2026-04-18T15:57:08Z</time>
      </trkpt>
      <trkpt lat="33.6168" lon="-117.80127">
        <ele>138.0</ele>
        <time>2026-04-18T15:57:11Z</time>
      </trkpt>
      <trkpt lat="33.61679" lon="-117.80124">
        <ele>138.0</ele>
        <time>2026-04-18T15:57:14Z</time>
      </trkpt>
      <trkpt lat="33.61676" lon="-117.80121">
        <ele>138.0</ele>
        <time>2026-04-18T15:57:18Z</time>
      </trkpt>
      <trkpt lat="33.61674" lon="-117.80119">
        <ele>138.0</ele>
        <time>2026-04-18T15:57:21Z</time>
      </trkpt>
      <trkpt lat="33.61672" lon="-117.80117">
        <ele>138.0</ele>
        <time>2026-04-18T15:57:24Z</time>
      </trkpt>
      <trkpt lat="33.6167" lon="-117.80113">
        <ele>138.0</ele>
        <time>2026-04-18T15:57:29Z</time>
      </trkpt>
      <trkpt lat="33.61667" lon="-117.80112">
        <ele>138.0</ele>
        <time>2026-04-18T15:57:41Z</time>
      </trkpt>
      <trkpt lat="33.61665" lon="-117.80109">
        <ele>138.0</ele>
        <time>2026-04-18T15:57:45Z</time>
      </trkpt>
      <trkpt lat="33.61663" lon="-117.80105">
        <ele>138.0</ele>
        <time>2026-04-18T15:57:48Z</time>
      </trkpt>
      <trkpt lat="33.61661" lon="-117.80102">
        <ele>138.0</ele>
        <time>2026-04-18T15:57:50Z</time>
      </trkpt>
      <trkpt lat="33.6166" lon="-117.80099">
        <ele>138.0</ele>
        <time>2026-04-18T15:57:52Z</time>
      </trkpt>
      <trkpt lat="33.61658" lon="-117.80095">
        <ele>138.0</ele>
        <time>2026-04-18T15:57:54Z</time>
      </trkpt>
      <trkpt lat="33.61657" lon="-117.80091">
        <ele>138.21</ele>
        <time>2026-04-18T15:57:56Z</time>
      </trkpt>
      <trkpt lat="33.61656" lon="-117.80087">
        <ele>138.66</ele>
        <time>2026-04-18T15:57:58Z</time>
      </trkpt>
      <trkpt lat="33.61655" lon="-117.80084">
        <ele>138.95</ele>
        <time>2026-04-18T15:58:00Z</time>
      </trkpt>
      <trkpt lat="33.61654" lon="-117.8008">
        <ele>139.0</ele>
        <time>2026-04-18T15:58:03Z</time>
      </trkpt>
      <trkpt lat="33.61653" lon="-117.80077">
        <ele>139.0</ele>
        <time>2026-04-18T15:58:05Z</time>
      </trkpt>
      <trkpt lat="33.61652" lon="-117.80073">
        <ele>139.0</ele>
        <time>2026-04-18T15:58:08Z</time>
      </trkpt>
      <trkpt lat="33.61651" lon="-117.80069">
        <ele>139.0</ele>
        <time>2026-04-18T15:58:11Z</time>
      </trkpt>
      <trkpt lat="33.6165" lon="-117.80065">
        <ele>139.0</ele>
        <time>2026-04-18T15:58:14Z</time>
      </trkpt>
      <trkpt lat="33.61649" lon="-117.80061">
        <ele>139.37</ele>
        <time>2026-04-18T15:58:17Z</time>
      </trkpt>
      <trkpt lat="33.61649" lon="-117.80058">
        <ele>139.67</ele>
        <time>2026-04-18T15:58:20Z</time>
      </trkpt>
      <trkpt lat="33.61648" lon="-117.80054">
        <ele>140.0</ele>
        <time>2026-04-18T15:58:23Z</time>
      </trkpt>
      <trkpt lat="33.61647" lon="-117.8005">
        <ele>140.0</ele>
        <time>2026-04-18T15:58:26Z</time>
      </trkpt>
      <trkpt lat="33.61646" lon="-117.80047">
        <ele>140.0</ele>
        <time>2026-04-18T15:58:29Z</time>
      </trkpt>
      <trkpt lat="33.61645" lon="-117.80043">
        <ele>140.0</ele>
        <time>2026-04-18T15:58:32Z</time>
      </trkpt>
      <trkpt lat="33.61645" lon="-117.80039">
        <ele>140.0</ele>
        <time>2026-04-18T15:58:35Z</time>
      </trkpt>
      <trkpt lat="33.61643" lon="-117.80036">
        <ele>140.0</ele>
        <time>2026-04-18T15:58:38Z</time>
      </trkpt>
      <trkpt lat="33.61642" lon="-117.80033">
        <ele>140.0</ele>
        <time>2026-04-18T15:58:42Z</time>
      </trkpt>
      <trkpt lat="33.6164" lon="-117.8003">
        <ele>140.0</ele>
        <time>2026-04-18T15:58:46Z</time>
      </trkpt>
      <trkpt lat="33.61639" lon="-117.80026">
        <ele>140.0</ele>
        <time>2026-04-18T15:58:49Z</time>
      </trkpt>
      <trkpt lat="33.61638" lon="-117.80023">
        <ele>140.1</ele>
        <time>2026-04-18T15:58:52Z</time>
      </trkpt>
      <trkpt lat="33.61637" lon="-117.80019">
        <ele>140.2</ele>
        <time>2026-04-18T15:58:55Z</time>
      </trkpt>
      <trkpt lat="33.61635" lon="-117.80016">
        <ele>140.58</ele>
        <time>2026-04-18T15:58:58Z</time>
      </trkpt>
      <trkpt lat="33.61634" lon="-117.80013">
        <ele>140.81</ele>
        <time>2026-04-18T15:59:01Z</time>
      </trkpt>
      <trkpt lat="33.61632" lon="-117.8001">
        <ele>140.98</ele>
        <time>2026-04-18T15:59:04Z</time>
      </trkpt>
      <trkpt lat="33.6163" lon="-117.80007">
        <ele>141.0</ele>
        <time>2026-04-18T15:59:07Z</time>
      </trkpt>
      <trkpt lat="33.61627" lon="-117.80003">
        <ele>141.0</ele>
        <time>2026-04-18T15:59:10Z</time>
      </trkpt>
      <trkpt lat="33.61626" lon="-117.8">
        <ele>141.0</ele>
        <time>2026-04-18T15:59:13Z</time>
      </trkpt>
      <trkpt lat="33.61624" lon="-117.79997">
        <ele>141.32</ele>
        <time>2026-04-18T15:59:16Z</time>
      </trkpt>
      <trkpt lat="33.61623" lon="-117.79994">
        <ele>141.65</ele>
        <time>2026-04-18T15:59:19Z</time>
      </trkpt>
      <trkpt lat="33.61621" lon="-117.79991">
        <ele>141.97</ele>
        <time>2026-04-18T15:59:22Z</time>
      </trkpt>
      <trkpt lat="33.6162" lon="-117.79989">
        <ele>142.0</ele>
        <time>2026-04-18T15:59:25Z</time>
      </trkpt>
      <trkpt lat="33.61618" lon="-117.79986">
        <ele>142.0</ele>
        <time>2026-04-18T15:59:28Z</time>
      </trkpt>
      <trkpt lat="33.61617" lon="-117.79983">
        <ele>142.0</ele>
        <time>2026-04-18T15:59:31Z</time>
      </trkpt>
      <trkpt lat="33.61615" lon="-117.7998">
        <ele>142.16</ele>
        <time>2026-04-18T15:59:34Z</time>
      </trkpt>
      <trkpt lat="33.61613" lon="-117.79977">
        <ele>142.48</ele>
        <time>2026-04-18T15:59:37Z</time>
      </trkpt>
      <trkpt lat="33.61612" lon="-117.79975">
        <ele>142.7</ele>
        <time>2026-04-18T15:59:40Z</time>
      </trkpt>
      <trkpt lat="33.6161" lon="-117.79972">
        <ele>143.02</ele>
        <time>2026-04-18T15:59:43Z</time>
      </trkpt>
      <trkpt lat="33.61608" lon="-117.79969">
        <ele>143.23</ele>
        <time>2026-04-18T15:59:46Z</time>
      </trkpt>
      <trkpt lat="33.61606" lon="-117.79966">
        <ele>143.3</ele>
        <time>2026-04-18T15:59:49Z</time>
      </trkpt>
      <trkpt lat="33.61604" lon="-117.79967">
        <ele>143.13</ele>
        <time>2026-04-18T15:59:55Z</time>
      </trkpt>
      <trkpt lat="33.61601" lon="-117.79965">
        <ele>143.02</ele>
        <time>2026-04-18T16:00:00Z</time>
      </trkpt>
      <trkpt lat="33.616" lon="-117.79962">
        <ele>143.1</ele>
        <time>2026-04-18T16:00:03Z</time>
      </trkpt>
      <trkpt lat="33.61598" lon="-117.79959">
        <ele>143.43</ele>
        <time>2026-04-18T16:00:06Z</time>
      </trkpt>
      <trkpt lat="33.61597" lon="-117.79956">
        <ele>143.75</ele>
        <time>2026-04-18T16:00:09Z</time>
      </trkpt>
      <trkpt lat="33.61595" lon="-117.79953">
        <ele>144.02</ele>
        <time>2026-04-18T16:00:12Z</time>
      </trkpt>
      <trkpt lat="33.61594" lon="-117.7995">
        <ele>144.06</ele>
        <time>2026-04-18T16:00:15Z</time>
      </trkpt>
      <trkpt lat="33.61592" lon="-117.79947">
        <ele>144.0</ele>
        <time>2026-04-18T16:00:18Z</time>
      </trkpt>
      <trkpt lat="33.61591" lon="-117.79943">
        <ele>144.16</ele>
        <time>2026-04-18T16:00:21Z</time>
      </trkpt>
      <trkpt lat="33.61589" lon="-117.7994">
        <ele>144.48</ele>
        <time>2026-04-18T16:00:24Z</time>
      </trkpt>
      <trkpt lat="33.61588" lon="-117.79937">
        <ele>144.8</ele>
        <time>2026-04-18T16:00:27Z</time>
      </trkpt>
      <trkpt lat="33.61586" lon="-117.79933">
        <ele>145.07</ele>
        <time>2026-04-18T16:00:30Z</time>
      </trkpt>
      <trkpt lat="33.61585" lon="-117.7993">
        <ele>145.1</ele>
        <time>2026-04-18T16:00:33Z</time>
      </trkpt>
      <trkpt lat="33.61584" lon="-117.79927">
        <ele>145.06</ele>
        <time>2026-04-18T16:00:36Z</time>
      </trkpt>
      <trkpt lat="33.61582" lon="-117.79923">
        <ele>145.27</ele>
        <time>2026-04-18T16:00:39Z</time>
      </trkpt>
      <trkpt lat="33.61581" lon="-117.7992">
        <ele>145.48</ele>
        <time>2026-04-18T16:00:42Z</time>
      </trkpt>
      <trkpt lat="33.6158" lon="-117.79917">
        <ele>145.62</ele>
        <time>2026-04-18T16:00:45Z</time>
      </trkpt>
      <trkpt lat="33.61578" lon="-117.79913">
        <ele>145.65</ele>
        <time>2026-04-18T16:00:48Z</time>
      </trkpt>
      <trkpt lat="33.61577" lon="-117.7991">
        <ele>145.81</ele>
        <time>2026-04-18T16:00:51Z</time>
      </trkpt>
      <trkpt lat="33.61575" lon="-117.79907">
        <ele>146.0</ele>
        <time>2026-04-18T16:00:54Z</time>
      </trkpt>
      <trkpt lat="33.61574" lon="-117.79903">
        <ele>146.0</ele>
        <time>2026-04-18T16:00:57Z</time>
      </trkpt>
      <trkpt lat="33.61572" lon="-117.799">
        <ele>146.0</ele>
        <time>2026-04-18T16:01:00Z</time>
      </trkpt>
      <trkpt lat="33.6157" lon="-117.79897">
        <ele>146.07</ele>
        <time>2026-04-18T16:01:03Z</time>
      </trkpt>
      <trkpt lat="33.61569" lon="-117.79894">
        <ele>146.2</ele>
        <time>2026-04-18T16:01:06Z</time>
      </trkpt>
      <trkpt lat="33.61567" lon="-117.7989">
        <ele>146.21</ele>
        <time>2026-04-18T16:01:09Z</time>
      </trkpt>
      <trkpt lat="33.61565" lon="-117.79887">
        <ele>146.22</ele>
        <time>2026-04-18T16:01:12Z</time>
      </trkpt>
      <trkpt lat="33.61563" lon="-117.79884">
        <ele>146.42</ele>
        <time>2026-04-18T16:01:15Z</time>
      </trkpt>
      <trkpt lat="33.61561" lon="-117.79882">
        <ele>146.44</ele>
        <time>2026-04-18T16:01:17Z</time>
      </trkpt>
      <trkpt lat="33.61559" lon="-117.79879">
        <ele>146.37</ele>
        <time>2026-04-18T16:01:20Z</time>
      </trkpt>
      <trkpt lat="33.61557" lon="-117.79876">
        <ele>146.16</ele>
        <time>2026-04-18T16:01:23Z</time>
      </trkpt>
      <trkpt lat="33.61554" lon="-117.79872">
        <ele>146.0</ele>
        <time>2026-04-18T16:01:26Z</time>
      </trkpt>
      <trkpt lat="33.61552" lon="-117.79869">
        <ele>146.09</ele>
        <time>2026-04-18T16:01:29Z</time>
      </trkpt>
      <trkpt lat="33.61549" lon="-117.79866">
        <ele>146.14</ele>
        <time>2026-04-18T16:01:32Z</time>
      </trkpt>
      <trkpt lat="33.61547" lon="-117.79863">
        <ele>146.06</ele>
        <time>2026-04-18T16:01:35Z</time>
      </trkpt>
      <trkpt lat="33.61544" lon="-117.7986">
        <ele>146.12</ele>
        <time>2026-04-18T16:01:38Z</time>
      </trkpt>
      <trkpt lat="33.61542" lon="-117.79857">
        <ele>146.44</ele>
        <time>2026-04-18T16:01:41Z</time>
      </trkpt>
      <trkpt lat="33.6154" lon="-117.79854">
        <ele>146.77</ele>
        <time>2026-04-18T16:01:44Z</time>
      </trkpt>
      <trkpt lat="33.61537" lon="-117.79851">
        <ele>147.09</ele>
        <time>2026-04-18T16:01:47Z</time>
      </trkpt>
      <trkpt lat="33.61535" lon="-117.79849">
        <ele>147.09</ele>
        <time>2026-04-18T16:01:50Z</time>
      </trkpt>
      <trkpt lat="33.61532" lon="-117.79846">
        <ele>147.09</ele>
        <time>2026-04-18T16:01:53Z</time>
      </trkpt>
      <trkpt lat="33.61529" lon="-117.79845">
        <ele>146.87</ele>
        <time>2026-04-18T16:01:57Z</time>
      </trkpt>
      <trkpt lat="33.61526" lon="-117.79843">
        <ele>146.76</ele>
        <time>2026-04-18T16:02:01Z</time>
      </trkpt>
      <trkpt lat="33.61524" lon="-117.7984">
        <ele>146.99</ele>
        <time>2026-04-18T16:02:04Z</time>
      </trkpt>
      <trkpt lat="33.61522" lon="-117.79838">
        <ele>147.18</ele>
        <time>2026-04-18T16:02:07Z</time>
      </trkpt>
      <trkpt lat="33.6152" lon="-117.79835">
        <ele>147.67</ele>
        <time>2026-04-18T16:02:10Z</time>
      </trkpt>
      <trkpt lat="33.61517" lon="-117.79833">
        <ele>147.87</ele>
        <time>2026-04-18T16:02:13Z</time>
      </trkpt>
      <trkpt lat="33.61515" lon="-117.79831">
        <ele>147.87</ele>
        <time>2026-04-18T16:02:16Z</time>
      </trkpt>
      <trkpt lat="33.61513" lon="-117.79828">
        <ele>147.98</ele>
        <time>2026-04-18T16:02:19Z</time>
      </trkpt>
      <trkpt lat="33.61511" lon="-117.79826">
        <ele>147.98</ele>
        <time>2026-04-18T16:02:22Z</time>
      </trkpt>
      <trkpt lat="33.61508" lon="-117.79823">
        <ele>148.12</ele>
        <time>2026-04-18T16:02:25Z</time>
      </trkpt>
      <trkpt lat="33.61506" lon="-117.79821">
        <ele>148.33</ele>
        <time>2026-04-18T16:02:28Z</time>
      </trkpt>
      <trkpt lat="33.61504" lon="-117.79819">
        <ele>148.55</ele>
        <time>2026-04-18T16:02:31Z</time>
      </trkpt>
      <trkpt lat="33.61501" lon="-117.79817">
        <ele>148.76</ele>
        <time>2026-04-18T16:02:34Z</time>
      </trkpt>
      <trkpt lat="33.61499" lon="-117.79814">
        <ele>149.08</ele>
        <time>2026-04-18T16:02:37Z</time>
      </trkpt>
      <trkpt lat="33.61496" lon="-117.79812">
        <ele>149.17</ele>
        <time>2026-04-18T16:02:40Z</time>
      </trkpt>
      <trkpt lat="33.61494" lon="-117.7981">
        <ele>149.18</ele>
        <time>2026-04-18T16:02:43Z</time>
      </trkpt>
      <trkpt lat="33.61492" lon="-117.79808">
        <ele>149.1</ele>
        <time>2026-04-18T16:02:46Z</time>
      </trkpt>
      <trkpt lat="33.61489" lon="-117.79805">
        <ele>149.06</ele>
        <time>2026-04-18T16:02:49Z</time>
      </trkpt>
      <trkpt lat="33.61486" lon="-117.79803">
        <ele>149.28</ele>
        <time>2026-04-18T16:02:52Z</time>
      </trkpt>
      <trkpt lat="33.61484" lon="-117.79801">
        <ele>149.49</ele>
        <time>2026-04-18T16:02:55Z</time>
      </trkpt>
      <trkpt lat="33.61481" lon="-117.79799">
        <ele>149.71</ele>
        <time>2026-04-18T16:02:58Z</time>
      </trkpt>
      <trkpt lat="33.61479" lon="-117.79797">
        <ele>149.92</ele>
        <time>2026-04-18T16:03:01Z</time>
      </trkpt>
      <trkpt lat="33.61476" lon="-117.79795">
        <ele>150.14</ele>
        <time>2026-04-18T16:03:04Z</time>
      </trkpt>
      <trkpt lat="33.61473" lon="-117.79794">
        <ele>150.25</ele>
        <time>2026-04-18T16:03:07Z</time>
      </trkpt>
      <trkpt lat="33.6147" lon="-117.79794">
        <ele>150.25</ele>
        <time>2026-04-18T16:03:09Z</time>
      </trkpt>
      <trkpt lat="33.61467" lon="-117.79794">
        <ele>150.25</ele>
        <time>2026-04-18T16:03:11Z</time>
      </trkpt>
      <trkpt lat="33.61464" lon="-117.79794">
        <ele>150.25</ele>
        <time>2026-04-18T16:03:13Z</time>
      </trkpt>
      <trkpt lat="33.6146" lon="-117.79794">
        <ele>150.57</ele>
        <time>2026-04-18T16:03:16Z</time>
      </trkpt>
      <trkpt lat="33.61457" lon="-117.79793">
        <ele>151.0</ele>
        <time>2026-04-18T16:03:19Z</time>
      </trkpt>
      <trkpt lat="33.61454" lon="-117.79792">
        <ele>151.43</ele>
        <time>2026-04-18T16:03:22Z</time>
      </trkpt>
      <trkpt lat="33.61451" lon="-117.79792">
        <ele>151.62</ele>
        <time>2026-04-18T16:03:25Z</time>
      </trkpt>
      <trkpt lat="33.61448" lon="-117.79791">
        <ele>151.84</ele>
        <time>2026-04-18T16:03:28Z</time>
      </trkpt>
      <trkpt lat="33.61445" lon="-117.7979">
        <ele>151.98</ele>
        <time>2026-04-18T16:03:31Z</time>
      </trkpt>
      <trkpt lat="33.61442" lon="-117.79789">
        <ele>152.21</ele>
        <time>2026-04-18T16:03:34Z</time>
      </trkpt>
      <trkpt lat="33.61439" lon="-117.79788">
        <ele>152.53</ele>
        <time>2026-04-18T16:03:37Z</time>
      </trkpt>
      <trkpt lat="33.61436" lon="-117.79788">
        <ele>152.82</ele>
        <time>2026-04-18T16:03:40Z</time>
      </trkpt>
      <trkpt lat="33.61433" lon="-117.79787">
        <ele>153.0</ele>
        <time>2026-04-18T16:03:43Z</time>
      </trkpt>
      <trkpt lat="33.6143" lon="-117.79785">
        <ele>153.22</ele>
        <time>2026-04-18T16:03:46Z</time>
      </trkpt>
      <trkpt lat="33.61427" lon="-117.79784">
        <ele>153.33</ele>
        <time>2026-04-18T16:03:49Z</time>
      </trkpt>
      <trkpt lat="33.61425" lon="-117.79783">
        <ele>153.44</ele>
        <time>2026-04-18T16:03:52Z</time>
      </trkpt>
      <trkpt lat="33.61422" lon="-117.79782">
        <ele>153.54</ele>
        <time>2026-04-18T16:03:55Z</time>
      </trkpt>
      <trkpt lat="33.61419" lon="-117.79781">
        <ele>153.65</ele>
        <time>2026-04-18T16:03:58Z</time>
      </trkpt>
      <trkpt lat="33.61416" lon="-117.7978">
        <ele>153.76</ele>
        <time>2026-04-18T16:04:01Z</time>
      </trkpt>
      <trkpt lat="33.61413" lon="-117.79779">
        <ele>153.87</ele>
        <time>2026-04-18T16:04:04Z</time>
      </trkpt>
      <trkpt lat="33.6141" lon="-117.79778">
        <ele>153.98</ele>
        <time>2026-04-18T16:04:07Z</time>
      </trkpt>
      <trkpt lat="33.61407" lon="-117.79777">
        <ele>154.08</ele>
        <time>2026-04-18T16:04:10Z</time>
      </trkpt>
      <trkpt lat="33.61404" lon="-117.79775">
        <ele>154.3</ele>
        <time>2026-04-18T16:04:13Z</time>
      </trkpt>
      <trkpt lat="33.61401" lon="-117.79774">
        <ele>154.41</ele>
        <time>2026-04-18T16:04:16Z</time>
      </trkpt>
      <trkpt lat="33.61398" lon="-117.79772">
        <ele>154.62</ele>
        <time>2026-04-18T16:04:19Z</time>
      </trkpt>
      <trkpt lat="33.61396" lon="-117.7977">
        <ele>154.84</ele>
        <time>2026-04-18T16:04:21Z</time>
      </trkpt>
      <trkpt lat="33.61394" lon="-117.79768">
        <ele>155.03</ele>
        <time>2026-04-18T16:04:23Z</time>
      </trkpt>
      <trkpt lat="33.61391" lon="-117.79765">
        <ele>155.09</ele>
        <time>2026-04-18T16:04:26Z</time>
      </trkpt>
      <trkpt lat="33.61389" lon="-117.79762">
        <ele>155.01</ele>
        <time>2026-04-18T16:04:29Z</time>
      </trkpt>
      <trkpt lat="33.61386" lon="-117.7976">
        <ele>154.98</ele>
        <time>2026-04-18T16:04:32Z</time>
      </trkpt>
      <trkpt lat="33.61383" lon="-117.79758">
        <ele>155.14</ele>
        <time>2026-04-18T16:04:35Z</time>
      </trkpt>
      <trkpt lat="33.6138" lon="-117.79755">
        <ele>155.46</ele>
        <time>2026-04-18T16:04:38Z</time>
      </trkpt>
      <trkpt lat="33.61377" lon="-117.79753">
        <ele>155.68</ele>
        <time>2026-04-18T16:04:41Z</time>
      </trkpt>
      <trkpt lat="33.61374" lon="-117.79751">
        <ele>155.89</ele>
        <time>2026-04-18T16:04:44Z</time>
      </trkpt>
      <trkpt lat="33.61371" lon="-117.79749">
        <ele>156.11</ele>
        <time>2026-04-18T16:04:47Z</time>
      </trkpt>
      <trkpt lat="33.61369" lon="-117.79747">
        <ele>156.32</ele>
        <time>2026-04-18T16:04:50Z</time>
      </trkpt>
      <trkpt lat="33.61366" lon="-117.79745">
        <ele>156.54</ele>
        <time>2026-04-18T16:04:53Z</time>
      </trkpt>
      <trkpt lat="33.61363" lon="-117.79744">
        <ele>156.65</ele>
        <time>2026-04-18T16:04:56Z</time>
      </trkpt>
      <trkpt lat="33.6136" lon="-117.79742">
        <ele>156.86</ele>
        <time>2026-04-18T16:04:59Z</time>
      </trkpt>
      <trkpt lat="33.61357" lon="-117.7974">
        <ele>157.08</ele>
        <time>2026-04-18T16:05:02Z</time>
      </trkpt>
      <trkpt lat="33.61354" lon="-117.79739">
        <ele>157.19</ele>
        <time>2026-04-18T16:05:05Z</time>
      </trkpt>
      <trkpt lat="33.61351" lon="-117.79737">
        <ele>157.4</ele>
        <time>2026-04-18T16:05:08Z</time>
      </trkpt>
      <trkpt lat="33.61348" lon="-117.79736">
        <ele>157.51</ele>
        <time>2026-04-18T16:05:11Z</time>
      </trkpt>
      <trkpt lat="33.61345" lon="-117.79734">
        <ele>157.73</ele>
        <time>2026-04-18T16:05:14Z</time>
      </trkpt>
      <trkpt lat="33.61342" lon="-117.79733">
        <ele>157.83</ele>
        <time>2026-04-18T16:05:17Z</time>
      </trkpt>
      <trkpt lat="33.6134" lon="-117.79731">
        <ele>158.05</ele>
        <time>2026-04-18T16:05:20Z</time>
      </trkpt>
      <trkpt lat="33.61337" lon="-117.7973">
        <ele>158.16</ele>
        <time>2026-04-18T16:05:23Z</time>
      </trkpt>
      <trkpt lat="33.61334" lon="-117.79728">
        <ele>158.38</ele>
        <time>2026-04-18T16:05:26Z</time>
      </trkpt>
      <trkpt lat="33.61331" lon="-117.79727">
        <ele>158.35</ele>
        <time>2026-04-18T16:05:29Z</time>
      </trkpt>
      <trkpt lat="33.61328" lon="-117.79725">
        <ele>158.53</ele>
        <time>2026-04-18T16:05:32Z</time>
      </trkpt>
      <trkpt lat="33.61325" lon="-117.79723">
        <ele>158.84</ele>
        <time>2026-04-18T16:05:35Z</time>
      </trkpt>
      <trkpt lat="33.61322" lon="-117.79721">
        <ele>158.81</ele>
        <time>2026-04-18T16:05:38Z</time>
      </trkpt>
      <trkpt lat="33.61319" lon="-117.7972">
        <ele>158.58</ele>
        <time>2026-04-18T16:05:41Z</time>
      </trkpt>
      <trkpt lat="33.61316" lon="-117.79718">
        <ele>158.53</ele>
        <time>2026-04-18T16:05:44Z</time>
      </trkpt>
      <trkpt lat="33.61314" lon="-117.79716">
        <ele>158.76</ele>
        <time>2026-04-18T16:05:47Z</time>
      </trkpt>
      <trkpt lat="33.61311" lon="-117.79714">
        <ele>159.3</ele>
        <time>2026-04-18T16:05:50Z</time>
      </trkpt>
      <trkpt lat="33.61309" lon="-117.79711">
        <ele>159.71</ele>
        <time>2026-04-18T16:05:54Z</time>
      </trkpt>
      <trkpt lat="33.61307" lon="-117.79708">
        <ele>159.93</ele>
        <time>2026-04-18T16:05:59Z</time>
      </trkpt>
      <trkpt lat="33.61305" lon="-117.79706">
        <ele>160.05</ele>
        <time>2026-04-18T16:06:02Z</time>
      </trkpt>
      <trkpt lat="33.61303" lon="-117.79704">
        <ele>160.27</ele>
        <time>2026-04-18T16:06:05Z</time>
      </trkpt>
      <trkpt lat="33.613" lon="-117.79702">
        <ele>160.75</ele>
        <time>2026-04-18T16:06:08Z</time>
      </trkpt>
      <trkpt lat="33.61297" lon="-117.797">
        <ele>160.98</ele>
        <time>2026-04-18T16:06:11Z</time>
      </trkpt>
      <trkpt lat="33.61295" lon="-117.79698">
        <ele>161.09</ele>
        <time>2026-04-18T16:06:14Z</time>
      </trkpt>
      <trkpt lat="33.61292" lon="-117.79696">
        <ele>161.39</ele>
        <time>2026-04-18T16:06:17Z</time>
      </trkpt>
      <trkpt lat="33.6129" lon="-117.79694">
        <ele>161.73</ele>
        <time>2026-04-18T16:06:20Z</time>
      </trkpt>
      <trkpt lat="33.61287" lon="-117.79692">
        <ele>162.0</ele>
        <time>2026-04-18T16:06:23Z</time>
      </trkpt>
      <trkpt lat="33.61285" lon="-117.7969">
        <ele>161.89</ele>
        <time>2026-04-18T16:06:26Z</time>
      </trkpt>
      <trkpt lat="33.61282" lon="-117.79688">
        <ele>161.83</ele>
        <time>2026-04-18T16:06:29Z</time>
      </trkpt>
      <trkpt lat="33.6128" lon="-117.79686">
        <ele>161.93</ele>
        <time>2026-04-18T16:06:32Z</time>
      </trkpt>
      <trkpt lat="33.61277" lon="-117.79684">
        <ele>162.19</ele>
        <time>2026-04-18T16:06:35Z</time>
      </trkpt>
      <trkpt lat="33.61275" lon="-117.79682">
        <ele>162.59</ele>
        <time>2026-04-18T16:06:38Z</time>
      </trkpt>
      <trkpt lat="33.61272" lon="-117.7968">
        <ele>163.19</ele>
        <time>2026-04-18T16:06:41Z</time>
      </trkpt>
      <trkpt lat="33.6127" lon="-117.79678">
        <ele>164.02</ele>
        <time>2026-04-18T16:06:44Z</time>
      </trkpt>
      <trkpt lat="33.61267" lon="-117.79676">
        <ele>164.97</ele>
        <time>2026-04-18T16:06:47Z</time>
      </trkpt>
      <trkpt lat="33.61265" lon="-117.79674">
        <ele>165.29</ele>
        <time>2026-04-18T16:06:50Z</time>
      </trkpt>
      <trkpt lat="33.61263" lon="-117.79672">
        <ele>165.68</ele>
        <time>2026-04-18T16:06:53Z</time>
      </trkpt>
      <trkpt lat="33.6126" lon="-117.79669">
        <ele>166.44</ele>
        <time>2026-04-18T16:06:57Z</time>
      </trkpt>
      <trkpt lat="33.61258" lon="-117.79667">
        <ele>166.92</ele>
        <time>2026-04-18T16:07:01Z</time>
      </trkpt>
      <trkpt lat="33.61255" lon="-117.79664">
        <ele>167.6</ele>
        <time>2026-04-18T16:07:05Z</time>
      </trkpt>
      <trkpt lat="33.61252" lon="-117.79662">
        <ele>167.72</ele>
        <time>2026-04-18T16:07:09Z</time>
      </trkpt>
      <trkpt lat="33.61249" lon="-117.7966">
        <ele>167.69</ele>
        <time>2026-04-18T16:07:13Z</time>
      </trkpt>
      <trkpt lat="33.61246" lon="-117.79657">
        <ele>168.11</ele>
        <time>2026-04-18T16:07:17Z</time>
      </trkpt>
      <trkpt lat="33.61243" lon="-117.79655">
        <ele>168.58</ele>
        <time>2026-04-18T16:07:21Z</time>
      </trkpt>
      <trkpt lat="33.61241" lon="-117.79653">
        <ele>168.97</ele>
        <time>2026-04-18T16:07:24Z</time>
      </trkpt>
      <trkpt lat="33.61239" lon="-117.79651">
        <ele>168.88</ele>
        <time>2026-04-18T16:07:27Z</time>
      </trkpt>
      <trkpt lat="33.61237" lon="-117.79649">
        <ele>168.64</ele>
        <time>2026-04-18T16:07:30Z</time>
      </trkpt>
      <trkpt lat="33.61234" lon="-117.79647">
        <ele>168.03</ele>
        <time>2026-04-18T16:07:33Z</time>
      </trkpt>
      <trkpt lat="33.61232" lon="-117.79645">
        <ele>167.83</ele>
        <time>2026-04-18T16:07:36Z</time>
      </trkpt>
      <trkpt lat="33.6123" lon="-117.79643">
        <ele>167.88</ele>
        <time>2026-04-18T16:07:39Z</time>
      </trkpt>
      <trkpt lat="33.61228" lon="-117.79638">
        <ele>168.82</ele>
        <time>2026-04-18T16:07:42Z</time>
      </trkpt>
      <trkpt lat="33.61227" lon="-117.79635">
        <ele>169.36</ele>
        <time>2026-04-18T16:07:44Z</time>
      </trkpt>
      <trkpt lat="33.61225" lon="-117.79632">
        <ele>169.79</ele>
        <time>2026-04-18T16:07:46Z</time>
      </trkpt>
      <trkpt lat="33.61223" lon="-117.79629">
        <ele>170.22</ele>
        <time>2026-04-18T16:07:49Z</time>
      </trkpt>
      <trkpt lat="33.6122" lon="-117.79627">
        <ele>170.4</ele>
        <time>2026-04-18T16:07:53Z</time>
      </trkpt>
      <trkpt lat="33.61218" lon="-117.79625">
        <ele>170.77</ele>
        <time>2026-04-18T16:07:56Z</time>
      </trkpt>
      <trkpt lat="33.61216" lon="-117.79622">
        <ele>171.53</ele>
        <time>2026-04-18T16:07:59Z</time>
      </trkpt>
      <trkpt lat="33.61214" lon="-117.7962">
        <ele>172.08</ele>
        <time>2026-04-18T16:08:02Z</time>
      </trkpt>
      <trkpt lat="33.61211" lon="-117.79618">
        <ele>172.3</ele>
        <time>2026-04-18T16:08:05Z</time>
      </trkpt>
      <trkpt lat="33.61209" lon="-117.79616">
        <ele>172.52</ele>
        <time>2026-04-18T16:08:08Z</time>
      </trkpt>
      <trkpt lat="33.61207" lon="-117.79614">
        <ele>172.73</ele>
        <time>2026-04-18T16:08:11Z</time>
      </trkpt>
      <trkpt lat="33.61205" lon="-117.79612">
        <ele>172.95</ele>
        <time>2026-04-18T16:08:14Z</time>
      </trkpt>
      <trkpt lat="33.61202" lon="-117.7961">
        <ele>173.06</ele>
        <time>2026-04-18T16:08:18Z</time>
      </trkpt>
      <trkpt lat="33.61199" lon="-117.79608">
        <ele>173.16</ele>
        <time>2026-04-18T16:08:21Z</time>
      </trkpt>
      <trkpt lat="33.61197" lon="-117.79606">
        <ele>173.38</ele>
        <time>2026-04-18T16:08:24Z</time>
      </trkpt>
      <trkpt lat="33.61195" lon="-117.79604">
        <ele>173.6</ele>
        <time>2026-04-18T16:08:27Z</time>
      </trkpt>
      <trkpt lat="33.61192" lon="-117.79602">
        <ele>173.7</ele>
        <time>2026-04-18T16:08:30Z</time>
      </trkpt>
      <trkpt lat="33.6119" lon="-117.79601">
        <ele>173.75</ele>
        <time>2026-04-18T16:08:33Z</time>
      </trkpt>
      <trkpt lat="33.61188" lon="-117.79599">
        <ele>174.01</ele>
        <time>2026-04-18T16:08:36Z</time>
      </trkpt>
      <trkpt lat="33.61185" lon="-117.79597">
        <ele>174.03</ele>
        <time>2026-04-18T16:08:39Z</time>
      </trkpt>
      <trkpt lat="33.61183" lon="-117.79595">
        <ele>174.24</ele>
        <time>2026-04-18T16:08:42Z</time>
      </trkpt>
      <trkpt lat="33.61181" lon="-117.79593">
        <ele>174.46</ele>
        <time>2026-04-18T16:08:45Z</time>
      </trkpt>
      <trkpt lat="33.61178" lon="-117.79591">
        <ele>174.61</ele>
        <time>2026-04-18T16:08:48Z</time>
      </trkpt>
      <trkpt lat="33.61175" lon="-117.79588">
        <ele>174.89</ele>
        <time>2026-04-18T16:08:51Z</time>
      </trkpt>
      <trkpt lat="33.61172" lon="-117.79587">
        <ele>174.78</ele>
        <time>2026-04-18T16:08:53Z</time>
      </trkpt>
      <trkpt lat="33.61169" lon="-117.79586">
        <ele>174.68</ele>
        <time>2026-04-18T16:08:55Z</time>
      </trkpt>
      <trkpt lat="33.61166" lon="-117.79584">
        <ele>174.78</ele>
        <time>2026-04-18T16:08:58Z</time>
      </trkpt>
      <trkpt lat="33.61164" lon="-117.79582">
        <ele>175.1</ele>
        <time>2026-04-18T16:09:01Z</time>
      </trkpt>
      <trkpt lat="33.61161" lon="-117.7958">
        <ele>175.25</ele>
        <time>2026-04-18T16:09:04Z</time>
      </trkpt>
      <trkpt lat="33.61159" lon="-117.79578">
        <ele>175.42</ele>
        <time>2026-04-18T16:09:07Z</time>
      </trkpt>
      <trkpt lat="33.61157" lon="-117.79576">
        <ele>175.49</ele>
        <time>2026-04-18T16:09:10Z</time>
      </trkpt>
      <trkpt lat="33.61154" lon="-117.79574">
        <ele>175.28</ele>
        <time>2026-04-18T16:09:13Z</time>
      </trkpt>
      <trkpt lat="33.61151" lon="-117.79572">
        <ele>174.91</ele>
        <time>2026-04-18T16:09:16Z</time>
      </trkpt>
      <trkpt lat="33.61149" lon="-117.7957">
        <ele>174.66</ele>
        <time>2026-04-18T16:09:19Z</time>
      </trkpt>
      <trkpt lat="33.61147" lon="-117.79568">
        <ele>174.61</ele>
        <time>2026-04-18T16:09:22Z</time>
      </trkpt>
      <trkpt lat="33.61144" lon="-117.79566">
        <ele>175.09</ele>
        <time>2026-04-18T16:09:25Z</time>
      </trkpt>
      <trkpt lat="33.61141" lon="-117.79564">
        <ele>176.04</ele>
        <time>2026-04-18T16:09:28Z</time>
      </trkpt>
      <trkpt lat="33.61139" lon="-117.79562">
        <ele>176.9</ele>
        <time>2026-04-18T16:09:31Z</time>
      </trkpt>
      <trkpt lat="33.61136" lon="-117.79561">
        <ele>176.92</ele>
        <time>2026-04-18T16:09:34Z</time>
      </trkpt>
      <trkpt lat="33.61133" lon="-117.79559">
        <ele>177.25</ele>
        <time>2026-04-18T16:09:37Z</time>
      </trkpt>
      <trkpt lat="33.61131" lon="-117.79557">
        <ele>177.68</ele>
        <time>2026-04-18T16:09:40Z</time>
      </trkpt>
      <trkpt lat="33.61128" lon="-117.79556">
        <ele>177.67</ele>
        <time>2026-04-18T16:09:43Z</time>
      </trkpt>
      <trkpt lat="33.61126" lon="-117.79554">
        <ele>178.05</ele>
        <time>2026-04-18T16:09:46Z</time>
      </trkpt>
      <trkpt lat="33.61123" lon="-117.79552">
        <ele>178.16</ele>
        <time>2026-04-18T16:09:49Z</time>
      </trkpt>
      <trkpt lat="33.6112" lon="-117.79553">
        <ele>177.5</ele>
        <time>2026-04-18T16:09:52Z</time>
      </trkpt>
      <trkpt lat="33.61117" lon="-117.79555">
        <ele>176.73</ele>
        <time>2026-04-18T16:09:55Z</time>
      </trkpt>
      <trkpt lat="33.61114" lon="-117.79555">
        <ele>176.39</ele>
        <time>2026-04-18T16:09:58Z</time>
      </trkpt>
      <trkpt lat="33.61111" lon="-117.79554">
        <ele>176.14</ele>
        <time>2026-04-18T16:10:01Z</time>
      </trkpt>
      <trkpt lat="33.61109" lon="-117.79552">
        <ele>175.93</ele>
        <time>2026-04-18T16:10:04Z</time>
      </trkpt>
      <trkpt lat="33.61106" lon="-117.7955">
        <ele>175.5</ele>
        <time>2026-04-18T16:10:07Z</time>
      </trkpt>
      <trkpt lat="33.61103" lon="-117.79548">
        <ele>175.06</ele>
        <time>2026-04-18T16:10:10Z</time>
      </trkpt>
      <trkpt lat="33.611" lon="-117.79546">
        <ele>174.88</ele>
        <time>2026-04-18T16:10:13Z</time>
      </trkpt>
      <trkpt lat="33.61099" lon="-117.79543">
        <ele>175.62</ele>
        <time>2026-04-18T16:10:15Z</time>
      </trkpt>
      <trkpt lat="33.61097" lon="-117.79541">
        <ele>176.22</ele>
        <time>2026-04-18T16:10:17Z</time>
      </trkpt>
      <trkpt lat="33.61094" lon="-117.79538">
        <ele>177.46</ele>
        <time>2026-04-18T16:10:20Z</time>
      </trkpt>
      <trkpt lat="33.61091" lon="-117.79536">
        <ele>178.3</ele>
        <time>2026-04-18T16:10:23Z</time>
      </trkpt>
      <trkpt lat="33.61089" lon="-117.79534">
        <ele>178.84</ele>
        <time>2026-04-18T16:10:26Z</time>
      </trkpt>
      <trkpt lat="33.61086" lon="-117.79533">
        <ele>179.46</ele>
        <time>2026-04-18T16:10:29Z</time>
      </trkpt>
      <trkpt lat="33.61083" lon="-117.79532">
        <ele>180.14</ele>
        <time>2026-04-18T16:10:33Z</time>
      </trkpt>
      <trkpt lat="33.61079" lon="-117.79532">
        <ele>180.81</ele>
        <time>2026-04-18T16:10:37Z</time>
      </trkpt>
      <trkpt lat="33.61076" lon="-117.79532">
        <ele>181.31</ele>
        <time>2026-04-18T16:10:41Z</time>
      </trkpt>
      <trkpt lat="33.61073" lon="-117.79532">
        <ele>181.86</ele>
        <time>2026-04-18T16:10:45Z</time>
      </trkpt>
      <trkpt lat="33.6107" lon="-117.79529">
        <ele>183.48</ele>
        <time>2026-04-18T16:10:54Z</time>
      </trkpt>
      <trkpt lat="33.61068" lon="-117.79528">
        <ele>184.24</ele>
        <time>2026-04-18T16:10:58Z</time>
      </trkpt>
      <trkpt lat="33.61064" lon="-117.79527">
        <ele>185.42</ele>
        <time>2026-04-18T16:11:02Z</time>
      </trkpt>
      <trkpt lat="33.61061" lon="-117.79526">
        <ele>186.32</ele>
        <time>2026-04-18T16:11:06Z</time>
      </trkpt>
      <trkpt lat="33.61058" lon="-117.79525">
        <ele>187.15</ele>
        <time>2026-04-18T16:11:10Z</time>
      </trkpt>
      <trkpt lat="33.61055" lon="-117.79524">
        <ele>187.94</ele>
        <time>2026-04-18T16:11:15Z</time>
      </trkpt>
      <trkpt lat="33.61052" lon="-117.79524">
        <ele>188.58</ele>
        <time>2026-04-18T16:11:20Z</time>
      </trkpt>
      <trkpt lat="33.61049" lon="-117.79523">
        <ele>189.45</ele>
        <time>2026-04-18T16:11:24Z</time>
      </trkpt>
      <trkpt lat="33.61046" lon="-117.79522">
        <ele>190.3</ele>
        <time>2026-04-18T16:11:28Z</time>
      </trkpt>
      <trkpt lat="33.61044" lon="-117.79521">
        <ele>190.84</ele>
        <time>2026-04-18T16:11:32Z</time>
      </trkpt>
      <trkpt lat="33.61041" lon="-117.7952">
        <ele>191.44</ele>
        <time>2026-04-18T16:11:36Z</time>
      </trkpt>
      <trkpt lat="33.61038" lon="-117.79519">
        <ele>191.89</ele>
        <time>2026-04-18T16:11:41Z</time>
      </trkpt>
      <trkpt lat="33.61035" lon="-117.79518">
        <ele>192.38</ele>
        <time>2026-04-18T16:11:45Z</time>
      </trkpt>
      <trkpt lat="33.61033" lon="-117.79517">
        <ele>192.86</ele>
        <time>2026-04-18T16:11:49Z</time>
      </trkpt>
      <trkpt lat="33.6103" lon="-117.79516">
        <ele>193.37</ele>
        <time>2026-04-18T16:11:53Z</time>
      </trkpt>
      <trkpt lat="33.61027" lon="-117.79515">
        <ele>193.68</ele>
        <time>2026-04-18T16:11:57Z</time>
      </trkpt>
      <trkpt lat="33.61027" lon="-117.79518">
        <ele>193.03</ele>
        <time>2026-04-18T16:12:15Z</time>
      </trkpt>
      <trkpt lat="33.61024" lon="-117.79517">
        <ele>192.92</ele>
        <time>2026-04-18T16:12:47Z</time>
      </trkpt>
      <trkpt lat="33.61021" lon="-117.79517">
        <ele>192.6</ele>
        <time>2026-04-18T16:12:49Z</time>
      </trkpt>
      <trkpt lat="33.61018" lon="-117.79517">
        <ele>192.27</ele>
        <time>2026-04-18T16:12:51Z</time>
      </trkpt>
      <trkpt lat="33.61014" lon="-117.79516">
        <ele>192.06</ele>
        <time>2026-04-18T16:12:54Z</time>
      </trkpt>
      <trkpt lat="33.61011" lon="-117.79514">
        <ele>192.16</ele>
        <time>2026-04-18T16:12:58Z</time>
      </trkpt>
      <trkpt lat="33.61008" lon="-117.79513">
        <ele>191.95</ele>
        <time>2026-04-18T16:13:01Z</time>
      </trkpt>
      <trkpt lat="33.61006" lon="-117.79512">
        <ele>191.85</ele>
        <time>2026-04-18T16:13:04Z</time>
      </trkpt>
      <trkpt lat="33.61003" lon="-117.79508">
        <ele>192.64</ele>
        <time>2026-04-18T16:13:07Z</time>
      </trkpt>
      <trkpt lat="33.61001" lon="-117.79505">
        <ele>193.08</ele>
        <time>2026-04-18T16:13:09Z</time>
      </trkpt>
      <trkpt lat="33.60999" lon="-117.79503">
        <ele>193.03</ele>
        <time>2026-04-18T16:13:11Z</time>
      </trkpt>
      <trkpt lat="33.60995" lon="-117.795">
        <ele>192.92</ele>
        <time>2026-04-18T16:13:14Z</time>
      </trkpt>
      <trkpt lat="33.60993" lon="-117.79498">
        <ele>193.14</ele>
        <time>2026-04-18T16:13:17Z</time>
      </trkpt>
      <trkpt lat="33.6099" lon="-117.79496">
        <ele>193.22</ele>
        <time>2026-04-18T16:13:20Z</time>
      </trkpt>
      <trkpt lat="33.60987" lon="-117.79494">
        <ele>193.54</ele>
        <time>2026-04-18T16:13:23Z</time>
      </trkpt>
      <trkpt lat="33.60985" lon="-117.79492">
        <ele>193.97</ele>
        <time>2026-04-18T16:13:26Z</time>
      </trkpt>
      <trkpt lat="33.60982" lon="-117.79491">
        <ele>193.97</ele>
        <time>2026-04-18T16:13:29Z</time>
      </trkpt>
      <trkpt lat="33.60979" lon="-117.79489">
        <ele>193.98</ele>
        <time>2026-04-18T16:13:32Z</time>
      </trkpt>
      <trkpt lat="33.60976" lon="-117.79487">
        <ele>193.79</ele>
        <time>2026-04-18T16:13:35Z</time>
      </trkpt>
      <trkpt lat="33.60973" lon="-117.79485">
        <ele>193.46</ele>
        <time>2026-04-18T16:13:38Z</time>
      </trkpt>
      <trkpt lat="33.6097" lon="-117.79483">
        <ele>193.47</ele>
        <time>2026-04-18T16:13:41Z</time>
      </trkpt>
      <trkpt lat="33.60967" lon="-117.79482">
        <ele>193.36</ele>
        <time>2026-04-18T16:13:44Z</time>
      </trkpt>
      <trkpt lat="33.60964" lon="-117.7948">
        <ele>193.29</ele>
        <time>2026-04-18T16:13:47Z</time>
      </trkpt>
      <trkpt lat="33.60961" lon="-117.79478">
        <ele>193.88</ele>
        <time>2026-04-18T16:13:50Z</time>
      </trkpt>
      <trkpt lat="33.60958" lon="-117.79476">
        <ele>194.98</ele>
        <time>2026-04-18T16:13:53Z</time>
      </trkpt>
      <trkpt lat="33.60955" lon="-117.79475">
        <ele>196.02</ele>
        <time>2026-04-18T16:13:56Z</time>
      </trkpt>
      <trkpt lat="33.60952" lon="-117.79474">
        <ele>196.8</ele>
        <time>2026-04-18T16:13:59Z</time>
      </trkpt>
      <trkpt lat="33.60949" lon="-117.79475">
        <ele>196.91</ele>
        <time>2026-04-18T16:14:02Z</time>
      </trkpt>
      <trkpt lat="33.60946" lon="-117.79478">
        <ele>196.58</ele>
        <time>2026-04-18T16:14:05Z</time>
      </trkpt>
      <trkpt lat="33.60943" lon="-117.79479">
        <ele>196.54</ele>
        <time>2026-04-18T16:14:08Z</time>
      </trkpt>
      <trkpt lat="33.6094" lon="-117.79478">
        <ele>196.75</ele>
        <time>2026-04-18T16:14:11Z</time>
      </trkpt>
      <trkpt lat="33.60937" lon="-117.79476">
        <ele>197.18</ele>
        <time>2026-04-18T16:14:14Z</time>
      </trkpt>
      <trkpt lat="33.60935" lon="-117.79475">
        <ele>197.39</ele>
        <time>2026-04-18T16:14:17Z</time>
      </trkpt>
      <trkpt lat="33.60932" lon="-117.79473">
        <ele>197.8</ele>
        <time>2026-04-18T16:14:20Z</time>
      </trkpt>
      <trkpt lat="33.60931" lon="-117.7947">
        <ele>198.48</ele>
        <time>2026-04-18T16:14:25Z</time>
      </trkpt>
      <trkpt lat="33.60929" lon="-117.79467">
        <ele>199.13</ele>
        <time>2026-04-18T16:14:29Z</time>
      </trkpt>
      <trkpt lat="33.60926" lon="-117.79464">
        <ele>199.78</ele>
        <time>2026-04-18T16:14:33Z</time>
      </trkpt>
      <trkpt lat="33.60923" lon="-117.79462">
        <ele>199.54</ele>
        <time>2026-04-18T16:14:37Z</time>
      </trkpt>
      <trkpt lat="33.60921" lon="-117.7946">
        <ele>199.6</ele>
        <time>2026-04-18T16:14:40Z</time>
      </trkpt>
      <trkpt lat="33.60918" lon="-117.79457">
        <ele>200.03</ele>
        <time>2026-04-18T16:14:44Z</time>
      </trkpt>
      <trkpt lat="33.60916" lon="-117.79456">
        <ele>200.18</ele>
        <time>2026-04-18T16:14:47Z</time>
      </trkpt>
      <trkpt lat="33.60914" lon="-117.79453">
        <ele>200.86</ele>
        <time>2026-04-18T16:14:50Z</time>
      </trkpt>
      <trkpt lat="33.60911" lon="-117.79451">
        <ele>200.97</ele>
        <time>2026-04-18T16:14:53Z</time>
      </trkpt>
      <trkpt lat="33.60909" lon="-117.79448">
        <ele>201.4</ele>
        <time>2026-04-18T16:14:56Z</time>
      </trkpt>
      <trkpt lat="33.60907" lon="-117.79445">
        <ele>201.79</ele>
        <time>2026-04-18T16:14:58Z</time>
      </trkpt>
      <trkpt lat="33.60906" lon="-117.79442">
        <ele>201.74</ele>
        <time>2026-04-18T16:15:00Z</time>
      </trkpt>
      <trkpt lat="33.60904" lon="-117.79439">
        <ele>201.48</ele>
        <time>2026-04-18T16:15:02Z</time>
      </trkpt>
      <trkpt lat="33.60903" lon="-117.79435">
        <ele>201.53</ele>
        <time>2026-04-18T16:15:05Z</time>
      </trkpt>
      <trkpt lat="33.60901" lon="-117.79432">
        <ele>201.41</ele>
        <time>2026-04-18T16:15:08Z</time>
      </trkpt>
      <trkpt lat="33.60899" lon="-117.79428">
        <ele>201.16</ele>
        <time>2026-04-18T16:15:11Z</time>
      </trkpt>
      <trkpt lat="33.60898" lon="-117.79424">
        <ele>201.18</ele>
        <time>2026-04-18T16:15:14Z</time>
      </trkpt>
      <trkpt lat="33.60898" lon="-117.7942">
        <ele>201.61</ele>
        <time>2026-04-18T16:15:17Z</time>
      </trkpt>
      <trkpt lat="33.60899" lon="-117.79416">
        <ele>202.26</ele>
        <time>2026-04-18T16:15:20Z</time>
      </trkpt>
      <trkpt lat="33.60899" lon="-117.79412">
        <ele>202.69</ele>
        <time>2026-04-18T16:15:23Z</time>
      </trkpt>
      <trkpt lat="33.60898" lon="-117.79408">
        <ele>202.92</ele>
        <time>2026-04-18T16:15:26Z</time>
      </trkpt>
      <trkpt lat="33.60898" lon="-117.79405">
        <ele>203.25</ele>
        <time>2026-04-18T16:15:29Z</time>
      </trkpt>
      <trkpt lat="33.60896" lon="-117.79401">
        <ele>203.62</ele>
        <time>2026-04-18T16:15:32Z</time>
      </trkpt>
      <trkpt lat="33.60896" lon="-117.79398">
        <ele>204.04</ele>
        <time>2026-04-18T16:15:35Z</time>
      </trkpt>
      <trkpt lat="33.60895" lon="-117.79395">
        <ele>204.79</ele>
        <time>2026-04-18T16:15:38Z</time>
      </trkpt>
      <trkpt lat="33.60893" lon="-117.79392">
        <ele>205.25</ele>
        <time>2026-04-18T16:15:41Z</time>
      </trkpt>
      <trkpt lat="33.60892" lon="-117.79389">
        <ele>205.65</ele>
        <time>2026-04-18T16:15:44Z</time>
      </trkpt>
      <trkpt lat="33.60889" lon="-117.79386">
        <ele>206.26</ele>
        <time>2026-04-18T16:15:47Z</time>
      </trkpt>
      <trkpt lat="33.60886" lon="-117.79387">
        <ele>206.0</ele>
        <time>2026-04-18T16:15:50Z</time>
      </trkpt>
      <trkpt lat="33.60883" lon="-117.79387">
        <ele>206.19</ele>
        <time>2026-04-18T16:15:53Z</time>
      </trkpt>
      <trkpt lat="33.60879" lon="-117.79387">
        <ele>206.34</ele>
        <time>2026-04-18T16:15:56Z</time>
      </trkpt>
      <trkpt lat="33.60876" lon="-117.79386">
        <ele>206.23</ele>
        <time>2026-04-18T16:15:59Z</time>
      </trkpt>
      <trkpt lat="33.60873" lon="-117.79386">
        <ele>205.91</ele>
        <time>2026-04-18T16:16:02Z</time>
      </trkpt>
      <trkpt lat="33.6087" lon="-117.79385">
        <ele>205.7</ele>
        <time>2026-04-18T16:16:05Z</time>
      </trkpt>
      <trkpt lat="33.60867" lon="-117.79385">
        <ele>204.6</ele>
        <time>2026-04-18T16:16:08Z</time>
      </trkpt>
      <trkpt lat="33.60864" lon="-117.79384">
        <ele>203.63</ele>
        <time>2026-04-18T16:16:11Z</time>
      </trkpt>
      <trkpt lat="33.6086" lon="-117.79383">
        <ele>202.56</ele>
        <time>2026-04-18T16:16:15Z</time>
      </trkpt>
      <trkpt lat="33.60857" lon="-117.79382">
        <ele>202.41</ele>
        <time>2026-04-18T16:16:18Z</time>
      </trkpt>
      <trkpt lat="33.60855" lon="-117.79381">
        <ele>202.29</ele>
        <time>2026-04-18T16:16:21Z</time>
      </trkpt>
      <trkpt lat="33.60852" lon="-117.7938">
        <ele>202.02</ele>
        <time>2026-04-18T16:16:24Z</time>
      </trkpt>
      <trkpt lat="33.60849" lon="-117.79378">
        <ele>202.68</ele>
        <time>2026-04-18T16:16:27Z</time>
      </trkpt>
      <trkpt lat="33.60846" lon="-117.79377">
        <ele>203.19</ele>
        <time>2026-04-18T16:16:30Z</time>
      </trkpt>
      <trkpt lat="33.60843" lon="-117.79375">
        <ele>203.46</ele>
        <time>2026-04-18T16:16:33Z</time>
      </trkpt>
      <trkpt lat="33.6084" lon="-117.79373">
        <ele>203.44</ele>
        <time>2026-04-18T16:16:36Z</time>
      </trkpt>
      <trkpt lat="33.60838" lon="-117.79371">
        <ele>203.14</ele>
        <time>2026-04-18T16:16:38Z</time>
      </trkpt>
      <trkpt lat="33.60836" lon="-117.79367">
        <ele>203.73</ele>
        <time>2026-04-18T16:16:40Z</time>
      </trkpt>
      <trkpt lat="33.60834" lon="-117.79363">
        <ele>204.59</ele>
        <time>2026-04-18T16:16:42Z</time>
      </trkpt>
      <trkpt lat="33.60832" lon="-117.7936">
        <ele>205.53</ele>
        <time>2026-04-18T16:16:44Z</time>
      </trkpt>
      <trkpt lat="33.60829" lon="-117.79358">
        <ele>206.61</ele>
        <time>2026-04-18T16:16:47Z</time>
      </trkpt>
      <trkpt lat="33.60826" lon="-117.79356">
        <ele>207.69</ele>
        <time>2026-04-18T16:16:50Z</time>
      </trkpt>
      <trkpt lat="33.60823" lon="-117.79354">
        <ele>208.37</ele>
        <time>2026-04-18T16:16:53Z</time>
      </trkpt>
      <trkpt lat="33.60824" lon="-117.79351">
        <ele>208.99</ele>
        <time>2026-04-18T16:16:59Z</time>
      </trkpt>
      <trkpt lat="33.60823" lon="-117.79347">
        <ele>208.82</ele>
        <time>2026-04-18T16:17:04Z</time>
      </trkpt>
      <trkpt lat="33.60822" lon="-117.79344">
        <ele>208.59</ele>
        <time>2026-04-18T16:17:08Z</time>
      </trkpt>
      <trkpt lat="33.6082" lon="-117.79341">
        <ele>208.37</ele>
        <time>2026-04-18T16:17:13Z</time>
      </trkpt>
      <trkpt lat="33.60819" lon="-117.79337">
        <ele>208.84</ele>
        <time>2026-04-18T16:17:18Z</time>
      </trkpt>
      <trkpt lat="33.60818" lon="-117.79335">
        <ele>209.05</ele>
        <time>2026-04-18T16:18:15Z</time>
      </trkpt>
      <trkpt lat="33.60816" lon="-117.79333">
        <ele>209.24</ele>
        <time>2026-04-18T16:18:22Z</time>
      </trkpt>
      <trkpt lat="33.60812" lon="-117.7933">
        <ele>209.78</ele>
        <time>2026-04-18T16:18:25Z</time>
      </trkpt>
      <trkpt lat="33.60807" lon="-117.79326">
        <ele>210.53</ele>
        <time>2026-04-18T16:18:27Z</time>
      </trkpt>
      <trkpt lat="33.60805" lon="-117.79323">
        <ele>211.08</ele>
        <time>2026-04-18T16:18:29Z</time>
      </trkpt>
      <trkpt lat="33.60802" lon="-117.79321">
        <ele>211.02</ele>
        <time>2026-04-18T16:18:31Z</time>
      </trkpt>
      <trkpt lat="33.608" lon="-117.79318">
        <ele>212.09</ele>
        <time>2026-04-18T16:18:34Z</time>
      </trkpt>
      <trkpt lat="33.60798" lon="-117.79316">
        <ele>213.14</ele>
        <time>2026-04-18T16:18:37Z</time>
      </trkpt>
      <trkpt lat="33.60795" lon="-117.79312">
        <ele>214.6</ele>
        <time>2026-04-18T16:18:41Z</time>
      </trkpt>
      <trkpt lat="33.60793" lon="-117.7931">
        <ele>215.24</ele>
        <time>2026-04-18T16:18:45Z</time>
      </trkpt>
      <trkpt lat="33.60791" lon="-117.79308">
        <ele>216.16</ele>
        <time>2026-04-18T16:18:49Z</time>
      </trkpt>
      <trkpt lat="33.60789" lon="-117.79306">
        <ele>217.37</ele>
        <time>2026-04-18T16:18:53Z</time>
      </trkpt>
      <trkpt lat="33.60787" lon="-117.79304">
        <ele>218.16</ele>
        <time>2026-04-18T16:18:57Z</time>
      </trkpt>
      <trkpt lat="33.60784" lon="-117.79302">
        <ele>217.65</ele>
        <time>2026-04-18T16:19:01Z</time>
      </trkpt>
      <trkpt lat="33.60782" lon="-117.793">
        <ele>217.62</ele>
        <time>2026-04-18T16:19:04Z</time>
      </trkpt>
      <trkpt lat="33.60778" lon="-117.79298">
        <ele>217.48</ele>
        <time>2026-04-18T16:19:08Z</time>
      </trkpt>
      <trkpt lat="33.60776" lon="-117.79297">
        <ele>217.39</ele>
        <time>2026-04-18T16:19:11Z</time>
      </trkpt>
      <trkpt lat="33.60773" lon="-117.79296">
        <ele>217.11</ele>
        <time>2026-04-18T16:19:15Z</time>
      </trkpt>
      <trkpt lat="33.60769" lon="-117.79297">
        <ele>215.88</ele>
        <time>2026-04-18T16:19:19Z</time>
      </trkpt>
      <trkpt lat="33.60767" lon="-117.79297">
        <ele>215.63</ele>
        <time>2026-04-18T16:19:22Z</time>
      </trkpt>
      <trkpt lat="33.60762" lon="-117.79297">
        <ele>215.18</ele>
        <time>2026-04-18T16:19:25Z</time>
      </trkpt>
      <trkpt lat="33.60759" lon="-117.79297">
        <ele>214.93</ele>
        <time>2026-04-18T16:19:27Z</time>
      </trkpt>
      <trkpt lat="33.60757" lon="-117.79296">
        <ele>215.05</ele>
        <time>2026-04-18T16:19:29Z</time>
      </trkpt>
      <trkpt lat="33.60753" lon="-117.79295">
        <ele>215.09</ele>
        <time>2026-04-18T16:19:32Z</time>
      </trkpt>
      <trkpt lat="33.60749" lon="-117.79295">
        <ele>215.02</ele>
        <time>2026-04-18T16:19:35Z</time>
      </trkpt>
      <trkpt lat="33.60746" lon="-117.79294">
        <ele>215.11</ele>
        <time>2026-04-18T16:19:38Z</time>
      </trkpt>
      <trkpt lat="33.60743" lon="-117.79292">
        <ele>215.35</ele>
        <time>2026-04-18T16:19:41Z</time>
      </trkpt>
      <trkpt lat="33.60739" lon="-117.79291">
        <ele>216.06</ele>
        <time>2026-04-18T16:19:44Z</time>
      </trkpt>
      <trkpt lat="33.60736" lon="-117.7929">
        <ele>217.05</ele>
        <time>2026-04-18T16:19:47Z</time>
      </trkpt>
      <trkpt lat="33.60733" lon="-117.79289">
        <ele>218.12</ele>
        <time>2026-04-18T16:19:51Z</time>
      </trkpt>
      <trkpt lat="33.6073" lon="-117.79287">
        <ele>219.32</ele>
        <time>2026-04-18T16:19:55Z</time>
      </trkpt>
      <trkpt lat="33.60727" lon="-117.79286">
        <ele>220.03</ele>
        <time>2026-04-18T16:19:59Z</time>
      </trkpt>
      <trkpt lat="33.60724" lon="-117.79284">
        <ele>220.68</ele>
        <time>2026-04-18T16:20:03Z</time>
      </trkpt>
      <trkpt lat="33.60721" lon="-117.79283">
        <ele>221.17</ele>
        <time>2026-04-18T16:20:07Z</time>
      </trkpt>
      <trkpt lat="33.60719" lon="-117.79281">
        <ele>221.68</ele>
        <time>2026-04-18T16:20:22Z</time>
      </trkpt>
      <trkpt lat="33.60716" lon="-117.79279">
        <ele>222.75</ele>
        <time>2026-04-18T16:20:51Z</time>
      </trkpt>
      <trkpt lat="33.60714" lon="-117.79278">
        <ele>223.6</ele>
        <time>2026-04-18T16:20:55Z</time>
      </trkpt>
      <trkpt lat="33.60711" lon="-117.79278">
        <ele>223.92</ele>
        <time>2026-04-18T16:20:59Z</time>
      </trkpt>
      <trkpt lat="33.60708" lon="-117.79277">
        <ele>224.17</ele>
        <time>2026-04-18T16:21:03Z</time>
      </trkpt>
      <trkpt lat="33.60705" lon="-117.79276">
        <ele>224.52</ele>
        <time>2026-04-18T16:21:07Z</time>
      </trkpt>
      <trkpt lat="33.60702" lon="-117.79275">
        <ele>225.32</ele>
        <time>2026-04-18T16:21:11Z</time>
      </trkpt>
      <trkpt lat="33.60699" lon="-117.79274">
        <ele>226.45</ele>
        <time>2026-04-18T16:21:16Z</time>
      </trkpt>
      <trkpt lat="33.60699" lon="-117.7927">
        <ele>227.96</ele>
        <time>2026-04-18T16:21:33Z</time>
      </trkpt>
      <trkpt lat="33.60696" lon="-117.79268">
        <ele>229.62</ele>
        <time>2026-04-18T16:21:42Z</time>
      </trkpt>
      <trkpt lat="33.60693" lon="-117.79267">
        <ele>230.64</ele>
        <time>2026-04-18T16:21:47Z</time>
      </trkpt>
      <trkpt lat="33.6069" lon="-117.79266">
        <ele>231.5</ele>
        <time>2026-04-18T16:21:52Z</time>
      </trkpt>
      <trkpt lat="33.60687" lon="-117.79265">
        <ele>232.37</ele>
        <time>2026-04-18T16:21:57Z</time>
      </trkpt>
      <trkpt lat="33.60685" lon="-117.79264">
        <ele>233.02</ele>
        <time>2026-04-18T16:22:01Z</time>
      </trkpt>
      <trkpt lat="33.60682" lon="-117.79263">
        <ele>233.95</ele>
        <time>2026-04-18T16:22:05Z</time>
      </trkpt>
      <trkpt lat="33.60679" lon="-117.79262">
        <ele>235.02</ele>
        <time>2026-04-18T16:22:10Z</time>
      </trkpt>
      <trkpt lat="33.60677" lon="-117.7926">
        <ele>236.35</ele>
        <time>2026-04-18T16:22:18Z</time>
      </trkpt>
      <trkpt lat="33.6068" lon="-117.79259">
        <ele>235.76</ele>
        <time>2026-04-18T16:22:24Z</time>
      </trkpt>
      <trkpt lat="33.60677" lon="-117.7926">
        <ele>236.35</ele>
        <time>2026-04-18T16:23:00Z</time>
      </trkpt>
      <trkpt lat="33.60674" lon="-117.7926">
        <ele>237.11</ele>
        <time>2026-04-18T16:23:03Z</time>
      </trkpt>
      <trkpt lat="33.60671" lon="-117.79259">
        <ele>238.11</ele>
        <time>2026-04-18T16:23:06Z</time>
      </trkpt>
      <trkpt lat="33.60668" lon="-117.79258">
        <ele>238.87</ele>
        <time>2026-04-18T16:23:10Z</time>
      </trkpt>
      <trkpt lat="33.60666" lon="-117.79256">
        <ele>239.45</ele>
        <time>2026-04-18T16:23:15Z</time>
      </trkpt>
      <trkpt lat="33.60663" lon="-117.79253">
        <ele>240.34</ele>
        <time>2026-04-18T16:23:19Z</time>
      </trkpt>
      <trkpt lat="33.60661" lon="-117.79251">
        <ele>241.05</ele>
        <time>2026-04-18T16:23:22Z</time>
      </trkpt>
      <trkpt lat="33.60657" lon="-117.79249">
        <ele>242.2</ele>
        <time>2026-04-18T16:24:32Z</time>
      </trkpt>
      <trkpt lat="33.60654" lon="-117.79248">
        <ele>242.95</ele>
        <time>2026-04-18T16:24:40Z</time>
      </trkpt>
      <trkpt lat="33.60652" lon="-117.79247">
        <ele>243.49</ele>
        <time>2026-04-18T16:24:46Z</time>
      </trkpt>
      <trkpt lat="33.60648" lon="-117.79246">
        <ele>244.46</ele>
        <time>2026-04-18T16:24:49Z</time>
      </trkpt>
      <trkpt lat="33.60644" lon="-117.79246">
        <ele>245.33</ele>
        <time>2026-04-18T16:24:51Z</time>
      </trkpt>
      <trkpt lat="33.6064" lon="-117.79245">
        <ele>246.3</ele>
        <time>2026-04-18T16:24:53Z</time>
      </trkpt>
      <trkpt lat="33.60637" lon="-117.79244">
        <ele>247.19</ele>
        <time>2026-04-18T16:24:56Z</time>
      </trkpt>
      <trkpt lat="33.60635" lon="-117.79243">
        <ele>247.91</ele>
        <time>2026-04-18T16:25:00Z</time>
      </trkpt>
      <trkpt lat="33.60632" lon="-117.79242">
        <ele>248.99</ele>
        <time>2026-04-18T16:25:05Z</time>
      </trkpt>
      <trkpt lat="33.60629" lon="-117.79241">
        <ele>250.08</ele>
        <time>2026-04-18T16:25:10Z</time>
      </trkpt>
      <trkpt lat="33.60627" lon="-117.79238">
        <ele>250.27</ele>
        <time>2026-04-18T16:25:14Z</time>
      </trkpt>
      <trkpt lat="33.60624" lon="-117.79237">
        <ele>250.81</ele>
        <time>2026-04-18T16:25:18Z</time>
      </trkpt>
      <trkpt lat="33.60622" lon="-117.79235">
        <ele>251.03</ele>
        <time>2026-04-18T16:25:22Z</time>
      </trkpt>
      <trkpt lat="33.6062" lon="-117.79231">
        <ele>251.05</ele>
        <time>2026-04-18T16:28:09Z</time>
      </trkpt>
      <trkpt lat="33.60616" lon="-117.7923">
        <ele>252.49</ele>
        <time>2026-04-18T16:28:11Z</time>
      </trkpt>
      <trkpt lat="33.6061" lon="-117.7923">
        <ele>254.76</ele>
        <time>2026-04-18T16:28:13Z</time>
      </trkpt>
      <trkpt lat="33.60605" lon="-117.7923">
        <ele>255.84</ele>
        <time>2026-04-18T16:28:15Z</time>
      </trkpt>
      <trkpt lat="33.60601" lon="-117.79229">
        <ele>256.4</ele>
        <time>2026-04-18T16:28:18Z</time>
      </trkpt>
      <trkpt lat="33.60597" lon="-117.79223">
        <ele>255.78</ele>
        <time>2026-04-18T16:28:22Z</time>
      </trkpt>
      <trkpt lat="33.60595" lon="-117.79217">
        <ele>255.8</ele>
        <time>2026-04-18T16:28:24Z</time>
      </trkpt>
      <trkpt lat="33.60593" lon="-117.79212">
        <ele>256.01</ele>
        <time>2026-04-18T16:28:26Z</time>
      </trkpt>
      <trkpt lat="33.60591" lon="-117.79209">
        <ele>256.87</ele>
        <time>2026-04-18T16:28:29Z</time>
      </trkpt>
      <trkpt lat="33.60588" lon="-117.79208">
        <ele>257.76</ele>
        <time>2026-04-18T16:28:33Z</time>
      </trkpt>
      <trkpt lat="33.60585" lon="-117.79206">
        <ele>258.6</ele>
        <time>2026-04-18T16:28:37Z</time>
      </trkpt>
      <trkpt lat="33.60582" lon="-117.79206">
        <ele>259.22</ele>
        <time>2026-04-18T16:28:43Z</time>
      </trkpt>
      <trkpt lat="33.60585" lon="-117.79205">
        <ele>258.61</ele>
        <time>2026-04-18T16:28:53Z</time>
      </trkpt>
      <trkpt lat="33.60582" lon="-117.79205">
        <ele>259.18</ele>
        <time>2026-04-18T16:29:03Z</time>
      </trkpt>
      <trkpt lat="33.60578" lon="-117.79204">
        <ele>259.61</ele>
        <time>2026-04-18T16:31:15Z</time>
      </trkpt>
      <trkpt lat="33.60573" lon="-117.79203">
        <ele>260.42</ele>
        <time>2026-04-18T16:31:23Z</time>
      </trkpt>
      <trkpt lat="33.60568" lon="-117.79203">
        <ele>262.04</ele>
        <time>2026-04-18T16:31:26Z</time>
      </trkpt>
      <trkpt lat="33.60564" lon="-117.79202">
        <ele>263.52</ele>
        <time>2026-04-18T16:31:30Z</time>
      </trkpt>
      <trkpt lat="33.60561" lon="-117.79202">
        <ele>264.76</ele>
        <time>2026-04-18T16:31:35Z</time>
      </trkpt>
      <trkpt lat="33.60557" lon="-117.79202">
        <ele>266.4</ele>
        <time>2026-04-18T16:31:41Z</time>
      </trkpt>
      <trkpt lat="33.60555" lon="-117.79201">
        <ele>267.16</ele>
        <time>2026-04-18T16:31:46Z</time>
      </trkpt>
      <trkpt lat="33.60552" lon="-117.792">
        <ele>268.0</ele>
        <time>2026-04-18T16:31:57Z</time>
      </trkpt>
      <trkpt lat="33.60555" lon="-117.79198">
        <ele>267.14</ele>
        <time>2026-04-18T16:32:26Z</time>
      </trkpt>
      <trkpt lat="33.60552" lon="-117.79196">
        <ele>267.83</ele>
        <time>2026-04-18T16:33:02Z</time>
      </trkpt>
      <trkpt lat="33.60548" lon="-117.79196">
        <ele>268.77</ele>
        <time>2026-04-18T16:33:09Z</time>
      </trkpt>
      <trkpt lat="33.60543" lon="-117.79196">
        <ele>270.53</ele>
        <time>2026-04-18T16:33:13Z</time>
      </trkpt>
      <trkpt lat="33.60539" lon="-117.79195">
        <ele>272.16</ele>
        <time>2026-04-18T16:33:15Z</time>
      </trkpt>
      <trkpt lat="33.60535" lon="-117.79195">
        <ele>273.67</ele>
        <time>2026-04-18T16:33:17Z</time>
      </trkpt>
      <trkpt lat="33.60532" lon="-117.79195">
        <ele>274.66</ele>
        <time>2026-04-18T16:33:20Z</time>
      </trkpt>
      <trkpt lat="33.60529" lon="-117.79194">
        <ele>275.56</ele>
        <time>2026-04-18T16:33:25Z</time>
      </trkpt>
      <trkpt lat="33.60526" lon="-117.79193">
        <ele>276.58</ele>
        <time>2026-04-18T16:33:30Z</time>
      </trkpt>
      <trkpt lat="33.60524" lon="-117.79192">
        <ele>277.26</ele>
        <time>2026-04-18T16:33:34Z</time>
      </trkpt>
      <trkpt lat="33.60523" lon="-117.79188">
        <ele>277.01</ele>
        <time>2026-04-18T16:33:36Z</time>
      </trkpt>
      <trkpt lat="33.60521" lon="-117.79185">
        <ele>277.22</ele>
        <time>2026-04-18T16:33:38Z</time>
      </trkpt>
      <trkpt lat="33.60519" lon="-117.79183">
        <ele>278.08</ele>
        <time>2026-04-18T16:33:42Z</time>
      </trkpt>
      <trkpt lat="33.60516" lon="-117.79183">
        <ele>279.4</ele>
        <time>2026-04-18T16:33:49Z</time>
      </trkpt>
      <trkpt lat="33.60519" lon="-117.79183">
        <ele>278.08</ele>
        <time>2026-04-18T16:34:01Z</time>
      </trkpt>
      <trkpt lat="33.60521" lon="-117.79181">
        <ele>277.65</ele>
        <time>2026-04-18T16:34:35Z</time>
      </trkpt>
      <trkpt lat="33.60516" lon="-117.7918">
        <ele>279.46</ele>
        <time>2026-04-18T16:37:10Z</time>
      </trkpt>
      <trkpt lat="33.60511" lon="-117.79179">
        <ele>281.1</ele>
        <time>2026-04-18T16:37:12Z</time>
      </trkpt>
      <trkpt lat="33.60504" lon="-117.79179">
        <ele>282.99</ele>
        <time>2026-04-18T16:37:14Z</time>
      </trkpt>
      <trkpt lat="33.60499" lon="-117.79179">
        <ele>284.04</ele>
        <time>2026-04-18T16:37:16Z</time>
      </trkpt>
      <trkpt lat="33.60494" lon="-117.79178">
        <ele>284.36</ele>
        <time>2026-04-18T16:37:19Z</time>
      </trkpt>
      <trkpt lat="33.60492" lon="-117.79173">
        <ele>285.14</ele>
        <time>2026-04-18T16:37:22Z</time>
      </trkpt>
      <trkpt lat="33.6049" lon="-117.79169">
        <ele>285.67</ele>
        <time>2026-04-18T16:37:24Z</time>
      </trkpt>
      <trkpt lat="33.60489" lon="-117.79165">
        <ele>285.85</ele>
        <time>2026-04-18T16:37:27Z</time>
      </trkpt>
      <trkpt lat="33.60487" lon="-117.79161">
        <ele>285.84</ele>
        <time>2026-04-18T16:37:31Z</time>
      </trkpt>
      <trkpt lat="33.60486" lon="-117.79158">
        <ele>285.97</ele>
        <time>2026-04-18T16:37:35Z</time>
      </trkpt>
      <trkpt lat="33.60485" lon="-117.79155">
        <ele>286.0</ele>
        <time>2026-04-18T16:37:39Z</time>
      </trkpt>
      <trkpt lat="33.60483" lon="-117.79151">
        <ele>286.0</ele>
        <time>2026-04-18T16:37:43Z</time>
      </trkpt>
      <trkpt lat="33.60482" lon="-117.79147">
        <ele>286.11</ele>
        <time>2026-04-18T16:37:47Z</time>
      </trkpt>
      <trkpt lat="33.6048" lon="-117.79144">
        <ele>286.45</ele>
        <time>2026-04-18T16:37:51Z</time>
      </trkpt>
      <trkpt lat="33.60479" lon="-117.7914">
        <ele>286.88</ele>
        <time>2026-04-18T16:37:55Z</time>
      </trkpt>
      <trkpt lat="33.60478" lon="-117.79137">
        <ele>287.0</ele>
        <time>2026-04-18T16:37:58Z</time>
      </trkpt>
      <trkpt lat="33.60476" lon="-117.79133">
        <ele>287.0</ele>
        <time>2026-04-18T16:38:02Z</time>
      </trkpt>
      <trkpt lat="33.60475" lon="-117.7913">
        <ele>287.0</ele>
        <time>2026-04-18T16:38:05Z</time>
      </trkpt>
      <trkpt lat="33.60474" lon="-117.79126">
        <ele>287.32</ele>
        <time>2026-04-18T16:38:09Z</time>
      </trkpt>
      <trkpt lat="33.60475" lon="-117.79122">
        <ele>287.58</ele>
        <time>2026-04-18T16:38:13Z</time>
      </trkpt>
      <trkpt lat="33.60475" lon="-117.79118">
        <ele>287.88</ele>
        <time>2026-04-18T16:38:17Z</time>
      </trkpt>
      <trkpt lat="33.60474" lon="-117.79114">
        <ele>288.36</ele>
        <time>2026-04-18T16:38:21Z</time>
      </trkpt>
      <trkpt lat="33.60472" lon="-117.79111">
        <ele>288.98</ele>
        <time>2026-04-18T16:38:25Z</time>
      </trkpt>
      <trkpt lat="33.60471" lon="-117.79108">
        <ele>288.96</ele>
        <time>2026-04-18T16:38:28Z</time>
      </trkpt>
      <trkpt lat="33.6047" lon="-117.79105">
        <ele>289.08</ele>
        <time>2026-04-18T16:38:31Z</time>
      </trkpt>
      <trkpt lat="33.60468" lon="-117.79102">
        <ele>289.44</ele>
        <time>2026-04-18T16:38:34Z</time>
      </trkpt>
      <trkpt lat="33.60467" lon="-117.79098">
        <ele>290.21</ele>
        <time>2026-04-18T16:38:38Z</time>
      </trkpt>
      <trkpt lat="33.60465" lon="-117.79095">
        <ele>291.1</ele>
        <time>2026-04-18T16:38:42Z</time>
      </trkpt>
      <trkpt lat="33.60464" lon="-117.79091">
        <ele>292.12</ele>
        <time>2026-04-18T16:38:46Z</time>
      </trkpt>
      <trkpt lat="33.60462" lon="-117.79088">
        <ele>292.78</ele>
        <time>2026-04-18T16:38:51Z</time>
      </trkpt>
      <trkpt lat="33.6046" lon="-117.79089">
        <ele>292.14</ele>
        <time>2026-04-18T16:39:02Z</time>
      </trkpt>
      <trkpt lat="33.60459" lon="-117.79085">
        <ele>292.78</ele>
        <time>2026-04-18T16:39:09Z</time>
      </trkpt>
      <trkpt lat="33.60458" lon="-117.79082">
        <ele>293.22</ele>
        <time>2026-04-18T16:39:14Z</time>
      </trkpt>
      <trkpt lat="33.60458" lon="-117.79078">
        <ele>294.08</ele>
        <time>2026-04-18T16:39:19Z</time>
      </trkpt>
      <trkpt lat="33.60457" lon="-117.79075">
        <ele>294.51</ele>
        <time>2026-04-18T16:39:25Z</time>
      </trkpt>
      <trkpt lat="33.60457" lon="-117.79071">
        <ele>295.04</ele>
        <time>2026-04-18T16:39:32Z</time>
      </trkpt>
      <trkpt lat="33.60456" lon="-117.79068">
        <ele>295.15</ele>
        <time>2026-04-18T16:39:47Z</time>
      </trkpt>
      <trkpt lat="33.60457" lon="-117.79063">
        <ele>296.1</ele>
        <time>2026-04-18T16:41:31Z</time>
      </trkpt>
      <trkpt lat="33.60462" lon="-117.79058">
        <ele>298.26</ele>
        <time>2026-04-18T16:41:34Z</time>
      </trkpt>
      <trkpt lat="33.60466" lon="-117.79054">
        <ele>299.34</ele>
        <time>2026-04-18T16:41:36Z</time>
      </trkpt>
      <trkpt lat="33.60468" lon="-117.79049">
        <ele>300.42</ele>
        <time>2026-04-18T16:41:39Z</time>
      </trkpt>
      <trkpt lat="33.6047" lon="-117.79045">
        <ele>301.17</ele>
        <time>2026-04-18T16:41:43Z</time>
      </trkpt>
      <trkpt lat="33.60471" lon="-117.79042">
        <ele>301.53</ele>
        <time>2026-04-18T16:41:47Z</time>
      </trkpt>
      <trkpt lat="33.60472" lon="-117.79038">
        <ele>301.92</ele>
        <time>2026-04-18T16:41:52Z</time>
      </trkpt>
      <trkpt lat="33.60473" lon="-117.79035">
        <ele>302.36</ele>
        <time>2026-04-18T16:41:58Z</time>
      </trkpt>
      <trkpt lat="33.60473" lon="-117.79038">
        <ele>301.79</ele>
        <time>2026-04-18T16:42:07Z</time>
      </trkpt>
      <trkpt lat="33.60472" lon="-117.79034">
        <ele>302.68</ele>
        <time>2026-04-18T16:42:49Z</time>
      </trkpt>
      <trkpt lat="33.60472" lon="-117.79031">
        <ele>303.33</ele>
        <time>2026-04-18T16:42:52Z</time>
      </trkpt>
      <trkpt lat="33.60472" lon="-117.79027">
        <ele>304.27</ele>
        <time>2026-04-18T16:42:57Z</time>
      </trkpt>
      <trkpt lat="33.60472" lon="-117.79024">
        <ele>305.23</ele>
        <time>2026-04-18T16:43:03Z</time>
      </trkpt>
      <trkpt lat="33.60472" lon="-117.79021">
        <ele>306.18</ele>
        <time>2026-04-18T16:43:08Z</time>
      </trkpt>
      <trkpt lat="33.60472" lon="-117.79017">
        <ele>307.3</ele>
        <time>2026-04-18T16:43:14Z</time>
      </trkpt>
      <trkpt lat="33.60472" lon="-117.79014">
        <ele>307.95</ele>
        <time>2026-04-18T16:43:19Z</time>
      </trkpt>
      <trkpt lat="33.60471" lon="-117.7901">
        <ele>308.71</ele>
        <time>2026-04-18T16:43:24Z</time>
      </trkpt>
      <trkpt lat="33.60471" lon="-117.79007">
        <ele>309.36</ele>
        <time>2026-04-18T16:43:28Z</time>
      </trkpt>
      <trkpt lat="33.60471" lon="-117.79003">
        <ele>310.22</ele>
        <time>2026-04-18T16:43:32Z</time>
      </trkpt>
      <trkpt lat="33.60471" lon="-117.79">
        <ele>310.87</ele>
        <time>2026-04-18T16:43:36Z</time>
      </trkpt>
      <trkpt lat="33.60471" lon="-117.78997">
        <ele>311.56</ele>
        <time>2026-04-18T16:43:40Z</time>
      </trkpt>
      <trkpt lat="33.60471" lon="-117.78993">
        <ele>312.48</ele>
        <time>2026-04-18T16:43:44Z</time>
      </trkpt>
      <trkpt lat="33.60471" lon="-117.7899">
        <ele>313.08</ele>
        <time>2026-04-18T16:43:48Z</time>
      </trkpt>
      <trkpt lat="33.60473" lon="-117.78986">
        <ele>313.43</ele>
        <time>2026-04-18T16:43:52Z</time>
      </trkpt>
      <trkpt lat="33.60476" lon="-117.78984">
        <ele>313.32</ele>
        <time>2026-04-18T16:43:55Z</time>
      </trkpt>
      <trkpt lat="33.60478" lon="-117.78981">
        <ele>313.43</ele>
        <time>2026-04-18T16:43:58Z</time>
      </trkpt>
      <trkpt lat="33.6048" lon="-117.78978">
        <ele>313.54</ele>
        <time>2026-04-18T16:44:02Z</time>
      </trkpt>
      <trkpt lat="33.60481" lon="-117.78974">
        <ele>313.86</ele>
        <time>2026-04-18T16:44:06Z</time>
      </trkpt>
      <trkpt lat="33.60482" lon="-117.78971">
        <ele>314.08</ele>
        <time>2026-04-18T16:44:09Z</time>
      </trkpt>
      <trkpt lat="33.60484" lon="-117.78968">
        <ele>314.18</ele>
        <time>2026-04-18T16:44:13Z</time>
      </trkpt>
      <trkpt lat="33.60486" lon="-117.78965">
        <ele>314.29</ele>
        <time>2026-04-18T16:44:16Z</time>
      </trkpt>
      <trkpt lat="33.60487" lon="-117.78961">
        <ele>314.62</ele>
        <time>2026-04-18T16:44:20Z</time>
      </trkpt>
      <trkpt lat="33.60489" lon="-117.78958">
        <ele>314.72</ele>
        <time>2026-04-18T16:44:23Z</time>
      </trkpt>
      <trkpt lat="33.6049" lon="-117.78955">
        <ele>314.94</ele>
        <time>2026-04-18T16:44:26Z</time>
      </trkpt>
      <trkpt lat="33.60492" lon="-117.78952">
        <ele>314.75</ele>
        <time>2026-04-18T16:44:29Z</time>
      </trkpt>
      <trkpt lat="33.60494" lon="-117.7895">
        <ele>314.44</ele>
        <time>2026-04-18T16:44:32Z</time>
      </trkpt>
      <trkpt lat="33.60496" lon="-117.78947">
        <ele>314.28</ele>
        <time>2026-04-18T16:44:35Z</time>
      </trkpt>
      <trkpt lat="33.60498" lon="-117.78945">
        <ele>314.17</ele>
        <time>2026-04-18T16:44:38Z</time>
      </trkpt>
      <trkpt lat="33.605" lon="-117.78942">
        <ele>314.0</ele>
        <time>2026-04-18T16:44:41Z</time>
      </trkpt>
      <trkpt lat="33.60503" lon="-117.7894">
        <ele>313.51</ele>
        <time>2026-04-18T16:44:44Z</time>
      </trkpt>
      <trkpt lat="33.60507" lon="-117.78938">
        <ele>313.01</ele>
        <time>2026-04-18T16:44:46Z</time>
      </trkpt>
      <trkpt lat="33.6051" lon="-117.78936">
        <ele>312.83</ele>
        <time>2026-04-18T16:44:48Z</time>
      </trkpt>
      <trkpt lat="33.60513" lon="-117.78935">
        <ele>312.62</ele>
        <time>2026-04-18T16:44:50Z</time>
      </trkpt>
      <trkpt lat="33.60516" lon="-117.78932">
        <ele>312.62</ele>
        <time>2026-04-18T16:44:53Z</time>
      </trkpt>
      <trkpt lat="33.60518" lon="-117.7893">
        <ele>312.62</ele>
        <time>2026-04-18T16:44:56Z</time>
      </trkpt>
      <trkpt lat="33.60521" lon="-117.78927">
        <ele>312.62</ele>
        <time>2026-04-18T16:44:59Z</time>
      </trkpt>
      <trkpt lat="33.60524" lon="-117.78925">
        <ele>312.47</ele>
        <time>2026-04-18T16:45:02Z</time>
      </trkpt>
      <trkpt lat="33.60527" lon="-117.78922">
        <ele>312.47</ele>
        <time>2026-04-18T16:45:05Z</time>
      </trkpt>
      <trkpt lat="33.6053" lon="-117.7892">
        <ele>312.4</ele>
        <time>2026-04-18T16:45:08Z</time>
      </trkpt>
      <trkpt lat="33.60533" lon="-117.78917">
        <ele>312.4</ele>
        <time>2026-04-18T16:45:11Z</time>
      </trkpt>
      <trkpt lat="33.60536" lon="-117.78915">
        <ele>312.11</ele>
        <time>2026-04-18T16:45:14Z</time>
      </trkpt>
      <trkpt lat="33.60539" lon="-117.78913">
        <ele>311.79</ele>
        <time>2026-04-18T16:45:17Z</time>
      </trkpt>
      <trkpt lat="33.60542" lon="-117.78911">
        <ele>311.46</ele>
        <time>2026-04-18T16:45:20Z</time>
      </trkpt>
      <trkpt lat="33.60546" lon="-117.78914">
        <ele>311.03</ele>
        <time>2026-04-18T16:45:23Z</time>
      </trkpt>
      <trkpt lat="33.60549" lon="-117.78915">
        <ele>310.71</ele>
        <time>2026-04-18T16:45:26Z</time>
      </trkpt>
      <trkpt lat="33.60552" lon="-117.78915">
        <ele>310.38</ele>
        <time>2026-04-18T16:45:29Z</time>
      </trkpt>
      <trkpt lat="33.60555" lon="-117.78915">
        <ele>310.06</ele>
        <time>2026-04-18T16:45:32Z</time>
      </trkpt>
      <trkpt lat="33.60558" lon="-117.78914">
        <ele>309.74</ele>
        <time>2026-04-18T16:45:35Z</time>
      </trkpt>
      <trkpt lat="33.60561" lon="-117.78913">
        <ele>309.41</ele>
        <time>2026-04-18T16:45:38Z</time>
      </trkpt>
      <trkpt lat="33.60564" lon="-117.78913">
        <ele>309.09</ele>
        <time>2026-04-18T16:45:41Z</time>
      </trkpt>
      <trkpt lat="33.60566" lon="-117.78911">
        <ele>309.0</ele>
        <time>2026-04-18T16:45:45Z</time>
      </trkpt>
      <trkpt lat="33.60564" lon="-117.78911">
        <ele>309.09</ele>
        <time>2026-04-18T16:45:59Z</time>
      </trkpt>
      <trkpt lat="33.60567" lon="-117.78911">
        <ele>309.0</ele>
        <time>2026-04-18T16:46:24Z</time>
      </trkpt>
      <trkpt lat="33.60569" lon="-117.7891">
        <ele>309.0</ele>
        <time>2026-04-18T16:46:39Z</time>
      </trkpt>
      <trkpt lat="33.60574" lon="-117.78912">
        <ele>309.0</ele>
        <time>2026-04-18T16:51:49Z</time>
      </trkpt>
      <trkpt lat="33.60579" lon="-117.78912">
        <ele>308.47</ele>
        <time>2026-04-18T16:51:51Z</time>
      </trkpt>
      <trkpt lat="33.60583" lon="-117.78912">
        <ele>308.04</ele>
        <time>2026-04-18T16:51:54Z</time>
      </trkpt>
      <trkpt lat="33.60587" lon="-117.78912">
        <ele>307.6</ele>
        <time>2026-04-18T16:51:57Z</time>
      </trkpt>
      <trkpt lat="33.6059" lon="-117.78912">
        <ele>307.28</ele>
        <time>2026-04-18T16:52:00Z</time>
      </trkpt>
      <trkpt lat="33.60594" lon="-117.78912">
        <ele>307.0</ele>
        <time>2026-04-18T16:52:03Z</time>
      </trkpt>
      <trkpt lat="33.60597" lon="-117.78912">
        <ele>307.0</ele>
        <time>2026-04-18T16:52:06Z</time>
      </trkpt>
      <trkpt lat="33.606" lon="-117.78912">
        <ele>307.0</ele>
        <time>2026-04-18T16:52:09Z</time>
      </trkpt>
      <trkpt lat="33.60603" lon="-117.78912">
        <ele>306.88</ele>
        <time>2026-04-18T16:52:13Z</time>
      </trkpt>
      <trkpt lat="33.60606" lon="-117.78915">
        <ele>306.55</ele>
        <time>2026-04-18T16:52:17Z</time>
      </trkpt>
      <trkpt lat="33.60608" lon="-117.78918">
        <ele>306.34</ele>
        <time>2026-04-18T16:52:19Z</time>
      </trkpt>
      <trkpt lat="33.60611" lon="-117.7892">
        <ele>306.01</ele>
        <time>2026-04-18T16:52:22Z</time>
      </trkpt>
      <trkpt lat="33.60613" lon="-117.78922">
        <ele>305.8</ele>
        <time>2026-04-18T16:52:25Z</time>
      </trkpt>
      <trkpt lat="33.60616" lon="-117.78922">
        <ele>305.47</ele>
        <time>2026-04-18T16:52:28Z</time>
      </trkpt>
      <trkpt lat="33.60619" lon="-117.78923">
        <ele>305.15</ele>
        <time>2026-04-18T16:52:31Z</time>
      </trkpt>
      <trkpt lat="33.60622" lon="-117.78923">
        <ele>304.88</ele>
        <time>2026-04-18T16:52:34Z</time>
      </trkpt>
      <trkpt lat="33.60626" lon="-117.78924">
        <ele>304.52</ele>
        <time>2026-04-18T16:52:37Z</time>
      </trkpt>
      <trkpt lat="33.60629" lon="-117.78924">
        <ele>304.26</ele>
        <time>2026-04-18T16:52:40Z</time>
      </trkpt>
      <trkpt lat="33.60633" lon="-117.78925">
        <ele>304.06</ele>
        <time>2026-04-18T16:52:43Z</time>
      </trkpt>
      <trkpt lat="33.60636" lon="-117.78925">
        <ele>304.03</ele>
        <time>2026-04-18T16:52:46Z</time>
      </trkpt>
      <trkpt lat="33.6064" lon="-117.78925">
        <ele>303.89</ele>
        <time>2026-04-18T16:52:49Z</time>
      </trkpt>
      <trkpt lat="33.60643" lon="-117.78926">
        <ele>303.55</ele>
        <time>2026-04-18T16:52:52Z</time>
      </trkpt>
      <trkpt lat="33.60647" lon="-117.78926">
        <ele>303.12</ele>
        <time>2026-04-18T16:52:55Z</time>
      </trkpt>
      <trkpt lat="33.6065" lon="-117.78926">
        <ele>303.0</ele>
        <time>2026-04-18T16:52:58Z</time>
      </trkpt>
      <trkpt lat="33.60654" lon="-117.78926">
        <ele>302.99</ele>
        <time>2026-04-18T16:53:01Z</time>
      </trkpt>
      <trkpt lat="33.60657" lon="-117.78926">
        <ele>302.99</ele>
        <time>2026-04-18T16:53:04Z</time>
      </trkpt>
      <trkpt lat="33.60661" lon="-117.78926">
        <ele>302.61</ele>
        <time>2026-04-18T16:53:07Z</time>
      </trkpt>
      <trkpt lat="33.60664" lon="-117.78926">
        <ele>302.29</ele>
        <time>2026-04-18T16:53:10Z</time>
      </trkpt>
      <trkpt lat="33.60668" lon="-117.78926">
        <ele>302.0</ele>
        <time>2026-04-18T16:53:13Z</time>
      </trkpt>
      <trkpt lat="33.60671" lon="-117.78927">
        <ele>302.0</ele>
        <time>2026-04-18T16:53:16Z</time>
      </trkpt>
      <trkpt lat="33.60675" lon="-117.78927">
        <ele>302.0</ele>
        <time>2026-04-18T16:53:19Z</time>
      </trkpt>
      <trkpt lat="33.60678" lon="-117.78927">
        <ele>301.97</ele>
        <time>2026-04-18T16:53:22Z</time>
      </trkpt>
      <trkpt lat="33.60682" lon="-117.78928">
        <ele>301.85</ele>
        <time>2026-04-18T16:53:25Z</time>
      </trkpt>
      <trkpt lat="33.60685" lon="-117.78928">
        <ele>301.78</ele>
        <time>2026-04-18T16:53:28Z</time>
      </trkpt>
      <trkpt lat="33.60689" lon="-117.78929">
        <ele>301.8</ele>
        <time>2026-04-18T16:53:31Z</time>
      </trkpt>
      <trkpt lat="33.60692" lon="-117.78929">
        <ele>301.91</ele>
        <time>2026-04-18T16:53:34Z</time>
      </trkpt>
      <trkpt lat="33.60696" lon="-117.7893">
        <ele>301.83</ele>
        <time>2026-04-18T16:53:37Z</time>
      </trkpt>
      <trkpt lat="33.60699" lon="-117.78931">
        <ele>301.51</ele>
        <time>2026-04-18T16:53:40Z</time>
      </trkpt>
      <trkpt lat="33.60703" lon="-117.78931">
        <ele>301.08</ele>
        <time>2026-04-18T16:53:43Z</time>
      </trkpt>
      <trkpt lat="33.60706" lon="-117.78934">
        <ele>301.22</ele>
        <time>2026-04-18T16:53:46Z</time>
      </trkpt>
      <trkpt lat="33.60709" lon="-117.78935">
        <ele>301.56</ele>
        <time>2026-04-18T16:53:48Z</time>
      </trkpt>
      <trkpt lat="33.60711" lon="-117.78937">
        <ele>301.79</ele>
        <time>2026-04-18T16:53:50Z</time>
      </trkpt>
      <trkpt lat="33.60714" lon="-117.78939">
        <ele>301.89</ele>
        <time>2026-04-18T16:53:53Z</time>
      </trkpt>
      <trkpt lat="33.60718" lon="-117.7894">
        <ele>301.46</ele>
        <time>2026-04-18T16:53:56Z</time>
      </trkpt>
      <trkpt lat="33.60721" lon="-117.78941">
        <ele>301.13</ele>
        <time>2026-04-18T16:53:59Z</time>
      </trkpt>
      <trkpt lat="33.60725" lon="-117.78942">
        <ele>301.0</ele>
        <time>2026-04-18T16:54:02Z</time>
      </trkpt>
      <trkpt lat="33.60728" lon="-117.78944">
        <ele>301.0</ele>
        <time>2026-04-18T16:54:05Z</time>
      </trkpt>
      <trkpt lat="33.60731" lon="-117.78945">
        <ele>301.0</ele>
        <time>2026-04-18T16:54:08Z</time>
      </trkpt>
      <trkpt lat="33.60735" lon="-117.78946">
        <ele>301.0</ele>
        <time>2026-04-18T16:54:11Z</time>
      </trkpt>
      <trkpt lat="33.60738" lon="-117.78946">
        <ele>301.0</ele>
        <time>2026-04-18T16:54:14Z</time>
      </trkpt>
      <trkpt lat="33.60742" lon="-117.78947">
        <ele>301.0</ele>
        <time>2026-04-18T16:54:17Z</time>
      </trkpt>
      <trkpt lat="33.60745" lon="-117.78947">
        <ele>301.0</ele>
        <time>2026-04-18T16:54:20Z</time>
      </trkpt>
      <trkpt lat="33.60749" lon="-117.78948">
        <ele>301.0</ele>
        <time>2026-04-18T16:54:23Z</time>
      </trkpt>
      <trkpt lat="33.60752" lon="-117.78949">
        <ele>300.89</ele>
        <time>2026-04-18T16:54:26Z</time>
      </trkpt>
      <trkpt lat="33.60755" lon="-117.78949">
        <ele>300.73</ele>
        <time>2026-04-18T16:54:29Z</time>
      </trkpt>
      <trkpt lat="33.60759" lon="-117.7895">
        <ele>300.61</ele>
        <time>2026-04-18T16:54:32Z</time>
      </trkpt>
      <trkpt lat="33.60762" lon="-117.78951">
        <ele>300.71</ele>
        <time>2026-04-18T16:54:35Z</time>
      </trkpt>
      <trkpt lat="33.60766" lon="-117.78951">
        <ele>300.71</ele>
        <time>2026-04-18T16:54:38Z</time>
      </trkpt>
      <trkpt lat="33.60769" lon="-117.78952">
        <ele>300.82</ele>
        <time>2026-04-18T16:54:41Z</time>
      </trkpt>
      <trkpt lat="33.60773" lon="-117.78953">
        <ele>300.92</ele>
        <time>2026-04-18T16:54:44Z</time>
      </trkpt>
      <trkpt lat="33.60776" lon="-117.78954">
        <ele>301.03</ele>
        <time>2026-04-18T16:54:47Z</time>
      </trkpt>
      <trkpt lat="33.60779" lon="-117.78955">
        <ele>301.27</ele>
        <time>2026-04-18T16:54:50Z</time>
      </trkpt>
      <trkpt lat="33.60782" lon="-117.78956">
        <ele>301.7</ele>
        <time>2026-04-18T16:54:53Z</time>
      </trkpt>
      <trkpt lat="33.60785" lon="-117.78957">
        <ele>302.14</ele>
        <time>2026-04-18T16:54:56Z</time>
      </trkpt>
      <trkpt lat="33.60787" lon="-117.7896">
        <ele>302.68</ele>
        <time>2026-04-18T16:55:02Z</time>
      </trkpt>
      <trkpt lat="33.6079" lon="-117.78962">
        <ele>303.22</ele>
        <time>2026-04-18T16:55:06Z</time>
      </trkpt>
      <trkpt lat="33.60793" lon="-117.78963">
        <ele>303.65</ele>
        <time>2026-04-18T16:55:09Z</time>
      </trkpt>
      <trkpt lat="33.60796" lon="-117.78965">
        <ele>303.98</ele>
        <time>2026-04-18T16:55:12Z</time>
      </trkpt>
      <trkpt lat="33.60799" lon="-117.78966">
        <ele>304.0</ele>
        <time>2026-04-18T16:55:15Z</time>
      </trkpt>
      <trkpt lat="33.60803" lon="-117.78967">
        <ele>304.0</ele>
        <time>2026-04-18T16:55:18Z</time>
      </trkpt>
      <trkpt lat="33.60806" lon="-117.78968">
        <ele>304.03</ele>
        <time>2026-04-18T16:55:21Z</time>
      </trkpt>
      <trkpt lat="33.60809" lon="-117.78969">
        <ele>304.24</ele>
        <time>2026-04-18T16:55:24Z</time>
      </trkpt>
      <trkpt lat="33.60813" lon="-117.7897">
        <ele>304.61</ele>
        <time>2026-04-18T16:55:27Z</time>
      </trkpt>
      <trkpt lat="33.60816" lon="-117.78971">
        <ele>304.88</ele>
        <time>2026-04-18T16:55:30Z</time>
      </trkpt>
      <trkpt lat="33.6082" lon="-117.78972">
        <ele>304.99</ele>
        <time>2026-04-18T16:55:33Z</time>
      </trkpt>
      <trkpt lat="33.60823" lon="-117.78973">
        <ele>305.0</ele>
        <time>2026-04-18T16:55:36Z</time>
      </trkpt>
      <trkpt lat="33.60826" lon="-117.78972">
        <ele>305.0</ele>
        <time>2026-04-18T16:55:39Z</time>
      </trkpt>
      <trkpt lat="33.6083" lon="-117.7897">
        <ele>305.0</ele>
        <time>2026-04-18T16:55:42Z</time>
      </trkpt>
      <trkpt lat="33.60833" lon="-117.78969">
        <ele>305.0</ele>
        <time>2026-04-18T16:55:45Z</time>
      </trkpt>
      <trkpt lat="33.60837" lon="-117.78968">
        <ele>305.22</ele>
        <time>2026-04-18T16:55:48Z</time>
      </trkpt>
      <trkpt lat="33.6084" lon="-117.78967">
        <ele>305.31</ele>
        <time>2026-04-18T16:55:51Z</time>
      </trkpt>
      <trkpt lat="33.60843" lon="-117.78966">
        <ele>305.33</ele>
        <time>2026-04-18T16:55:54Z</time>
      </trkpt>
      <trkpt lat="33.60847" lon="-117.78965">
        <ele>305.22</ele>
        <time>2026-04-18T16:55:57Z</time>
      </trkpt>
      <trkpt lat="33.6085" lon="-117.78963">
        <ele>305.0</ele>
        <time>2026-04-18T16:56:00Z</time>
      </trkpt>
      <trkpt lat="33.60854" lon="-117.78961">
        <ele>304.34</ele>
        <time>2026-04-18T16:56:03Z</time>
      </trkpt>
      <trkpt lat="33.60857" lon="-117.78959">
        <ele>303.59</ele>
        <time>2026-04-18T16:56:06Z</time>
      </trkpt>
      <trkpt lat="33.6086" lon="-117.78956">
        <ele>302.62</ele>
        <time>2026-04-18T16:56:09Z</time>
      </trkpt>
      <trkpt lat="33.60864" lon="-117.78955">
        <ele>302.28</ele>
        <time>2026-04-18T16:56:12Z</time>
      </trkpt>
      <trkpt lat="33.60867" lon="-117.78955">
        <ele>302.28</ele>
        <time>2026-04-18T16:56:15Z</time>
      </trkpt>
      <trkpt lat="33.6087" lon="-117.78955">
        <ele>302.28</ele>
        <time>2026-04-18T16:56:18Z</time>
      </trkpt>
      <trkpt lat="33.60874" lon="-117.78955">
        <ele>301.89</ele>
        <time>2026-04-18T16:56:22Z</time>
      </trkpt>
      <trkpt lat="33.60869" lon="-117.78955">
        <ele>302.28</ele>
        <time>2026-04-18T16:56:26Z</time>
      </trkpt>
      <trkpt lat="33.60866" lon="-117.78955">
        <ele>302.28</ele>
        <time>2026-04-18T16:56:28Z</time>
      </trkpt>
      <trkpt lat="33.60868" lon="-117.78956">
        <ele>302.5</ele>
        <time>2026-04-18T16:56:48Z</time>
      </trkpt>
      <trkpt lat="33.6087" lon="-117.78961">
        <ele>303.58</ele>
        <time>2026-04-18T16:56:51Z</time>
      </trkpt>
      <trkpt lat="33.60872" lon="-117.78965">
        <ele>304.26</ele>
        <time>2026-04-18T16:56:53Z</time>
      </trkpt>
      <trkpt lat="33.60874" lon="-117.78968">
        <ele>304.7</ele>
        <time>2026-04-18T16:56:56Z</time>
      </trkpt>
      <trkpt lat="33.60877" lon="-117.7897">
        <ele>304.8</ele>
        <time>2026-04-18T16:56:59Z</time>
      </trkpt>
      <trkpt lat="33.6088" lon="-117.78973">
        <ele>305.08</ele>
        <time>2026-04-18T16:57:02Z</time>
      </trkpt>
      <trkpt lat="33.60883" lon="-117.78975">
        <ele>305.3</ele>
        <time>2026-04-18T16:57:05Z</time>
      </trkpt>
      <trkpt lat="33.60885" lon="-117.78977">
        <ele>305.52</ele>
        <time>2026-04-18T16:57:08Z</time>
      </trkpt>
      <trkpt lat="33.60888" lon="-117.78979">
        <ele>305.73</ele>
        <time>2026-04-18T16:57:11Z</time>
      </trkpt>
      <trkpt lat="33.60891" lon="-117.78981">
        <ele>305.94</ele>
        <time>2026-04-18T16:57:14Z</time>
      </trkpt>
      <trkpt lat="33.60893" lon="-117.78983">
        <ele>306.16</ele>
        <time>2026-04-18T16:57:17Z</time>
      </trkpt>
      <trkpt lat="33.60896" lon="-117.78984">
        <ele>306.27</ele>
        <time>2026-04-18T16:57:20Z</time>
      </trkpt>
      <trkpt lat="33.60898" lon="-117.78986">
        <ele>306.49</ele>
        <time>2026-04-18T16:57:23Z</time>
      </trkpt>
      <trkpt lat="33.60901" lon="-117.78988">
        <ele>306.7</ele>
        <time>2026-04-18T16:57:26Z</time>
      </trkpt>
      <trkpt lat="33.60903" lon="-117.7899">
        <ele>306.92</ele>
        <time>2026-04-18T16:57:29Z</time>
      </trkpt>
      <trkpt lat="33.60906" lon="-117.78992">
        <ele>307.25</ele>
        <time>2026-04-18T16:57:32Z</time>
      </trkpt>
      <trkpt lat="33.60908" lon="-117.78994">
        <ele>307.7</ele>
        <time>2026-04-18T16:57:35Z</time>
      </trkpt>
      <trkpt lat="33.6091" lon="-117.78996">
        <ele>308.14</ele>
        <time>2026-04-18T16:57:38Z</time>
      </trkpt>
      <trkpt lat="33.60913" lon="-117.78997">
        <ele>308.35</ele>
        <time>2026-04-18T16:57:41Z</time>
      </trkpt>
      <trkpt lat="33.60915" lon="-117.78999">
        <ele>308.78</ele>
        <time>2026-04-18T16:57:44Z</time>
      </trkpt>
      <trkpt lat="33.60917" lon="-117.79001">
        <ele>309.11</ele>
        <time>2026-04-18T16:57:47Z</time>
      </trkpt>
      <trkpt lat="33.6092" lon="-117.79003">
        <ele>309.32</ele>
        <time>2026-04-18T16:57:50Z</time>
      </trkpt>
      <trkpt lat="33.60923" lon="-117.79004">
        <ele>309.43</ele>
        <time>2026-04-18T16:57:53Z</time>
      </trkpt>
      <trkpt lat="33.60927" lon="-117.79003">
        <ele>309.32</ele>
        <time>2026-04-18T16:57:55Z</time>
      </trkpt>
      <trkpt lat="33.60931" lon="-117.79003">
        <ele>309.32</ele>
        <time>2026-04-18T16:57:57Z</time>
      </trkpt>
      <trkpt lat="33.60934" lon="-117.79003">
        <ele>309.32</ele>
        <time>2026-04-18T16:57:59Z</time>
      </trkpt>
      <trkpt lat="33.60937" lon="-117.79003">
        <ele>309.13</ele>
        <time>2026-04-18T16:58:02Z</time>
      </trkpt>
      <trkpt lat="33.6094" lon="-117.79004">
        <ele>308.91</ele>
        <time>2026-04-18T16:58:05Z</time>
      </trkpt>
      <trkpt lat="33.60944" lon="-117.79005">
        <ele>308.59</ele>
        <time>2026-04-18T16:58:08Z</time>
      </trkpt>
      <trkpt lat="33.60947" lon="-117.79006">
        <ele>308.65</ele>
        <time>2026-04-18T16:58:11Z</time>
      </trkpt>
      <trkpt lat="33.6095" lon="-117.79007">
        <ele>308.76</ele>
        <time>2026-04-18T16:58:14Z</time>
      </trkpt>
      <trkpt lat="33.60953" lon="-117.79008">
        <ele>308.86</ele>
        <time>2026-04-18T16:58:17Z</time>
      </trkpt>
      <trkpt lat="33.60957" lon="-117.79008">
        <ele>308.86</ele>
        <time>2026-04-18T16:58:20Z</time>
      </trkpt>
      <trkpt lat="33.6096" lon="-117.79009">
        <ele>308.97</ele>
        <time>2026-04-18T16:58:23Z</time>
      </trkpt>
      <trkpt lat="33.60963" lon="-117.7901">
        <ele>309.08</ele>
        <time>2026-04-18T16:58:26Z</time>
      </trkpt>
      <trkpt lat="33.60967" lon="-117.79011">
        <ele>309.54</ele>
        <time>2026-04-18T16:58:29Z</time>
      </trkpt>
      <trkpt lat="33.6097" lon="-117.79012">
        <ele>309.83</ele>
        <time>2026-04-18T16:58:32Z</time>
      </trkpt>
      <trkpt lat="33.60973" lon="-117.79013">
        <ele>310.03</ele>
        <time>2026-04-18T16:58:35Z</time>
      </trkpt>
      <trkpt lat="33.60976" lon="-117.79014">
        <ele>310.21</ele>
        <time>2026-04-18T16:58:38Z</time>
      </trkpt>
      <trkpt lat="33.60979" lon="-117.79015">
        <ele>310.45</ele>
        <time>2026-04-18T16:58:41Z</time>
      </trkpt>
      <trkpt lat="33.60982" lon="-117.79016">
        <ele>310.73</ele>
        <time>2026-04-18T16:58:44Z</time>
      </trkpt>
      <trkpt lat="33.60985" lon="-117.79016">
        <ele>310.73</ele>
        <time>2026-04-18T16:58:47Z</time>
      </trkpt>
      <trkpt lat="33.60989" lon="-117.79017">
        <ele>310.84</ele>
        <time>2026-04-18T16:58:50Z</time>
      </trkpt>
      <trkpt lat="33.60992" lon="-117.79017">
        <ele>310.97</ele>
        <time>2026-04-18T16:58:53Z</time>
      </trkpt>
      <trkpt lat="33.60995" lon="-117.79017">
        <ele>311.3</ele>
        <time>2026-04-18T16:58:56Z</time>
      </trkpt>
      <trkpt lat="33.60998" lon="-117.79017">
        <ele>311.62</ele>
        <time>2026-04-18T16:58:59Z</time>
      </trkpt>
      <trkpt lat="33.61001" lon="-117.79017">
        <ele>311.94</ele>
        <time>2026-04-18T16:59:02Z</time>
      </trkpt>
      <trkpt lat="33.61005" lon="-117.79017">
        <ele>312.38</ele>
        <time>2026-04-18T16:59:05Z</time>
      </trkpt>
      <trkpt lat="33.61008" lon="-117.79018">
        <ele>312.81</ele>
        <time>2026-04-18T16:59:08Z</time>
      </trkpt>
      <trkpt lat="33.61011" lon="-117.79017">
        <ele>312.84</ele>
        <time>2026-04-18T16:59:11Z</time>
      </trkpt>
      <trkpt lat="33.61013" lon="-117.79015">
        <ele>312.62</ele>
        <time>2026-04-18T16:59:13Z</time>
      </trkpt>
      <trkpt lat="33.61015" lon="-117.79012">
        <ele>312.3</ele>
        <time>2026-04-18T16:59:15Z</time>
      </trkpt>
      <trkpt lat="33.61017" lon="-117.79009">
        <ele>311.97</ele>
        <time>2026-04-18T16:59:17Z</time>
      </trkpt>
      <trkpt lat="33.61019" lon="-117.79006">
        <ele>311.7</ele>
        <time>2026-04-18T16:59:19Z</time>
      </trkpt>
      <trkpt lat="33.61022" lon="-117.79003">
        <ele>311.7</ele>
        <time>2026-04-18T16:59:22Z</time>
      </trkpt>
      <trkpt lat="33.61023" lon="-117.79">
        <ele>311.48</ele>
        <time>2026-04-18T16:59:26Z</time>
      </trkpt>
      <trkpt lat="33.61024" lon="-117.78997">
        <ele>311.27</ele>
        <time>2026-04-18T16:59:29Z</time>
      </trkpt>
      <trkpt lat="33.61027" lon="-117.78994">
        <ele>311.27</ele>
        <time>2026-04-18T16:59:32Z</time>
      </trkpt>
      <trkpt lat="33.61029" lon="-117.78991">
        <ele>311.16</ele>
        <time>2026-04-18T16:59:35Z</time>
      </trkpt>
      <trkpt lat="33.61033" lon="-117.78989">
        <ele>311.38</ele>
        <time>2026-04-18T16:59:38Z</time>
      </trkpt>
      <trkpt lat="33.61036" lon="-117.78987">
        <ele>311.48</ele>
        <time>2026-04-18T16:59:41Z</time>
      </trkpt>
      <trkpt lat="33.61039" lon="-117.78988">
        <ele>311.7</ele>
        <time>2026-04-18T16:59:44Z</time>
      </trkpt>
      <trkpt lat="33.61041" lon="-117.7899">
        <ele>311.92</ele>
        <time>2026-04-18T16:59:46Z</time>
      </trkpt>
      <trkpt lat="33.61044" lon="-117.78992">
        <ele>312.03</ele>
        <time>2026-04-18T16:59:48Z</time>
      </trkpt>
      <trkpt lat="33.61046" lon="-117.78993">
        <ele>312.01</ele>
        <time>2026-04-18T16:59:50Z</time>
      </trkpt>
      <trkpt lat="33.6105" lon="-117.78994">
        <ele>312.0</ele>
        <time>2026-04-18T16:59:53Z</time>
      </trkpt>
      <trkpt lat="33.61054" lon="-117.78996">
        <ele>312.0</ele>
        <time>2026-04-18T16:59:56Z</time>
      </trkpt>
      <trkpt lat="33.61057" lon="-117.78999">
        <ele>311.84</ele>
        <time>2026-04-18T16:59:59Z</time>
      </trkpt>
      <trkpt lat="33.61061" lon="-117.79001">
        <ele>311.41</ele>
        <time>2026-04-18T17:00:02Z</time>
      </trkpt>
      <trkpt lat="33.61064" lon="-117.79004">
        <ele>311.09</ele>
        <time>2026-04-18T17:00:05Z</time>
      </trkpt>
      <trkpt lat="33.61067" lon="-117.79007">
        <ele>310.53</ele>
        <time>2026-04-18T17:00:08Z</time>
      </trkpt>
      <trkpt lat="33.6107" lon="-117.7901">
        <ele>309.88</ele>
        <time>2026-04-18T17:00:11Z</time>
      </trkpt>
      <trkpt lat="33.61072" lon="-117.79013">
        <ele>309.45</ele>
        <time>2026-04-18T17:00:14Z</time>
      </trkpt>
      <trkpt lat="33.61075" lon="-117.79016">
        <ele>308.8</ele>
        <time>2026-04-18T17:00:17Z</time>
      </trkpt>
      <trkpt lat="33.61077" lon="-117.79019">
        <ele>308.37</ele>
        <time>2026-04-18T17:00:20Z</time>
      </trkpt>
      <trkpt lat="33.6108" lon="-117.79022">
        <ele>307.72</ele>
        <time>2026-04-18T17:00:23Z</time>
      </trkpt>
      <trkpt lat="33.61082" lon="-117.79025">
        <ele>307.29</ele>
        <time>2026-04-18T17:00:26Z</time>
      </trkpt>
      <trkpt lat="33.61084" lon="-117.79028">
        <ele>306.86</ele>
        <time>2026-04-18T17:00:29Z</time>
      </trkpt>
      <trkpt lat="33.61085" lon="-117.79032">
        <ele>306.72</ele>
        <time>2026-04-18T17:00:33Z</time>
      </trkpt>
      <trkpt lat="33.61084" lon="-117.79035">
        <ele>306.91</ele>
        <time>2026-04-18T17:00:36Z</time>
      </trkpt>
      <trkpt lat="33.61084" lon="-117.79038">
        <ele>307.02</ele>
        <time>2026-04-18T17:00:39Z</time>
      </trkpt>
      <trkpt lat="33.61085" lon="-117.79042">
        <ele>307.26</ele>
        <time>2026-04-18T17:00:42Z</time>
      </trkpt>
      <trkpt lat="33.61087" lon="-117.79045">
        <ele>307.12</ele>
        <time>2026-04-18T17:00:45Z</time>
      </trkpt>
      <trkpt lat="33.61089" lon="-117.79049">
        <ele>306.78</ele>
        <time>2026-04-18T17:00:48Z</time>
      </trkpt>
      <trkpt lat="33.61091" lon="-117.79052">
        <ele>306.34</ele>
        <time>2026-04-18T17:00:51Z</time>
      </trkpt>
      <trkpt lat="33.61092" lon="-117.79056">
        <ele>306.17</ele>
        <time>2026-04-18T17:00:53Z</time>
      </trkpt>
      <trkpt lat="33.61092" lon="-117.7906">
        <ele>306.55</ele>
        <time>2026-04-18T17:00:55Z</time>
      </trkpt>
      <trkpt lat="33.61093" lon="-117.79063">
        <ele>306.76</ele>
        <time>2026-04-18T17:00:57Z</time>
      </trkpt>
      <trkpt lat="33.61094" lon="-117.79067">
        <ele>306.85</ele>
        <time>2026-04-18T17:01:00Z</time>
      </trkpt>
      <trkpt lat="33.61096" lon="-117.79071">
        <ele>306.63</ele>
        <time>2026-04-18T17:01:03Z</time>
      </trkpt>
      <trkpt lat="33.61097" lon="-117.79075">
        <ele>306.52</ele>
        <time>2026-04-18T17:01:06Z</time>
      </trkpt>
      <trkpt lat="33.61098" lon="-117.79078">
        <ele>306.49</ele>
        <time>2026-04-18T17:01:09Z</time>
      </trkpt>
      <trkpt lat="33.611" lon="-117.79082">
        <ele>306.71</ele>
        <time>2026-04-18T17:01:12Z</time>
      </trkpt>
      <trkpt lat="33.61101" lon="-117.79086">
        <ele>306.91</ele>
        <time>2026-04-18T17:01:15Z</time>
      </trkpt>
      <trkpt lat="33.61103" lon="-117.79089">
        <ele>307.0</ele>
        <time>2026-04-18T17:01:18Z</time>
      </trkpt>
      <trkpt lat="33.61105" lon="-117.79093">
        <ele>306.97</ele>
        <time>2026-04-18T17:01:21Z</time>
      </trkpt>
      <trkpt lat="33.61106" lon="-117.79096">
        <ele>306.8</ele>
        <time>2026-04-18T17:01:24Z</time>
      </trkpt>
      <trkpt lat="33.61109" lon="-117.79099">
        <ele>306.84</ele>
        <time>2026-04-18T17:01:27Z</time>
      </trkpt>
      <trkpt lat="33.61112" lon="-117.79101">
        <ele>307.0</ele>
        <time>2026-04-18T17:01:29Z</time>
      </trkpt>
      <trkpt lat="33.61115" lon="-117.79104">
        <ele>306.77</ele>
        <time>2026-04-18T17:01:31Z</time>
      </trkpt>
      <trkpt lat="33.61117" lon="-117.79105">
        <ele>306.66</ele>
        <time>2026-04-18T17:01:33Z</time>
      </trkpt>
      <trkpt lat="33.61119" lon="-117.79107">
        <ele>306.44</ele>
        <time>2026-04-18T17:01:35Z</time>
      </trkpt>
      <trkpt lat="33.61122" lon="-117.7911">
        <ele>306.1</ele>
        <time>2026-04-18T17:01:38Z</time>
      </trkpt>
      <trkpt lat="33.61125" lon="-117.79113">
        <ele>305.9</ele>
        <time>2026-04-18T17:01:41Z</time>
      </trkpt>
      <trkpt lat="33.61127" lon="-117.79116">
        <ele>305.85</ele>
        <time>2026-04-18T17:01:44Z</time>
      </trkpt>
      <trkpt lat="33.6113" lon="-117.79119">
        <ele>306.0</ele>
        <time>2026-04-18T17:01:47Z</time>
      </trkpt>
      <trkpt lat="33.61133" lon="-117.79121">
        <ele>305.93</ele>
        <time>2026-04-18T17:01:50Z</time>
      </trkpt>
      <trkpt lat="33.61135" lon="-117.79124">
        <ele>305.61</ele>
        <time>2026-04-18T17:01:53Z</time>
      </trkpt>
      <trkpt lat="33.61138" lon="-117.79127">
        <ele>305.28</ele>
        <time>2026-04-18T17:01:56Z</time>
      </trkpt>
      <trkpt lat="33.6114" lon="-117.7913">
        <ele>304.88</ele>
        <time>2026-04-18T17:01:59Z</time>
      </trkpt>
      <trkpt lat="33.61143" lon="-117.79133">
        <ele>304.56</ele>
        <time>2026-04-18T17:02:02Z</time>
      </trkpt>
      <trkpt lat="33.61145" lon="-117.79136">
        <ele>304.34</ele>
        <time>2026-04-18T17:02:05Z</time>
      </trkpt>
      <trkpt lat="33.61147" lon="-117.79139">
        <ele>304.12</ele>
        <time>2026-04-18T17:02:08Z</time>
      </trkpt>
      <trkpt lat="33.61148" lon="-117.79142">
        <ele>304.01</ele>
        <time>2026-04-18T17:02:11Z</time>
      </trkpt>
      <trkpt lat="33.61147" lon="-117.79145">
        <ele>304.04</ele>
        <time>2026-04-18T17:02:14Z</time>
      </trkpt>
      <trkpt lat="33.61146" lon="-117.79149">
        <ele>304.0</ele>
        <time>2026-04-18T17:02:17Z</time>
      </trkpt>
      <trkpt lat="33.61146" lon="-117.79152">
        <ele>304.0</ele>
        <time>2026-04-18T17:02:20Z</time>
      </trkpt>
      <trkpt lat="33.61148" lon="-117.79156">
        <ele>304.0</ele>
        <time>2026-04-18T17:02:23Z</time>
      </trkpt>
      <trkpt lat="33.61149" lon="-117.79159">
        <ele>303.75</ele>
        <time>2026-04-18T17:02:26Z</time>
      </trkpt>
      <trkpt lat="33.61151" lon="-117.79163">
        <ele>303.27</ele>
        <time>2026-04-18T17:02:29Z</time>
      </trkpt>
      <trkpt lat="33.61153" lon="-117.79166">
        <ele>303.03</ele>
        <time>2026-04-18T17:02:32Z</time>
      </trkpt>
      <trkpt lat="33.61154" lon="-117.7917">
        <ele>303.0</ele>
        <time>2026-04-18T17:02:35Z</time>
      </trkpt>
      <trkpt lat="33.61156" lon="-117.79174">
        <ele>303.0</ele>
        <time>2026-04-18T17:02:38Z</time>
      </trkpt>
      <trkpt lat="33.61157" lon="-117.79177">
        <ele>303.0</ele>
        <time>2026-04-18T17:02:41Z</time>
      </trkpt>
      <trkpt lat="33.61159" lon="-117.79181">
        <ele>302.83</ele>
        <time>2026-04-18T17:02:44Z</time>
      </trkpt>
      <trkpt lat="33.61161" lon="-117.79184">
        <ele>302.61</ele>
        <time>2026-04-18T17:02:47Z</time>
      </trkpt>
      <trkpt lat="33.61163" lon="-117.79188">
        <ele>302.28</ele>
        <time>2026-04-18T17:02:50Z</time>
      </trkpt>
      <trkpt lat="33.61165" lon="-117.7919">
        <ele>302.09</ele>
        <time>2026-04-18T17:02:52Z</time>
      </trkpt>
      <trkpt lat="33.61168" lon="-117.79192">
        <ele>301.71</ele>
        <time>2026-04-18T17:02:54Z</time>
      </trkpt>
      <trkpt lat="33.6117" lon="-117.79195">
        <ele>301.3</ele>
        <time>2026-04-18T17:02:56Z</time>
      </trkpt>
      <trkpt lat="33.61172" lon="-117.79197">
        <ele>301.01</ele>
        <time>2026-04-18T17:02:58Z</time>
      </trkpt>
      <trkpt lat="33.61175" lon="-117.792">
        <ele>300.74</ele>
        <time>2026-04-18T17:03:01Z</time>
      </trkpt>
      <trkpt lat="33.61177" lon="-117.79203">
        <ele>300.7</ele>
        <time>2026-04-18T17:03:04Z</time>
      </trkpt>
      <trkpt lat="33.61179" lon="-117.79207">
        <ele>300.45</ele>
        <time>2026-04-18T17:03:07Z</time>
      </trkpt>
      <trkpt lat="33.61181" lon="-117.7921">
        <ele>300.28</ele>
        <time>2026-04-18T17:03:10Z</time>
      </trkpt>
      <trkpt lat="33.61184" lon="-117.79213">
        <ele>300.13</ele>
        <time>2026-04-18T17:03:13Z</time>
      </trkpt>
      <trkpt lat="33.61186" lon="-117.79217">
        <ele>300.3</ele>
        <time>2026-04-18T17:03:16Z</time>
      </trkpt>
      <trkpt lat="33.61188" lon="-117.7922">
        <ele>300.38</ele>
        <time>2026-04-18T17:03:19Z</time>
      </trkpt>
      <trkpt lat="33.61191" lon="-117.79223">
        <ele>300.46</ele>
        <time>2026-04-18T17:03:22Z</time>
      </trkpt>
      <trkpt lat="33.61193" lon="-117.79226">
        <ele>300.56</ele>
        <time>2026-04-18T17:03:25Z</time>
      </trkpt>
      <trkpt lat="33.61196" lon="-117.79229">
        <ele>300.52</ele>
        <time>2026-04-18T17:03:28Z</time>
      </trkpt>
      <trkpt lat="33.61199" lon="-117.79227">
        <ele>299.79</ele>
        <time>2026-04-18T17:03:31Z</time>
      </trkpt>
      <trkpt lat="33.61202" lon="-117.79226">
        <ele>299.11</ele>
        <time>2026-04-18T17:03:34Z</time>
      </trkpt>
      <trkpt lat="33.61205" lon="-117.79227">
        <ele>298.89</ele>
        <time>2026-04-18T17:03:37Z</time>
      </trkpt>
      <trkpt lat="33.61209" lon="-117.79228">
        <ele>298.68</ele>
        <time>2026-04-18T17:03:40Z</time>
      </trkpt>
      <trkpt lat="33.61212" lon="-117.7923">
        <ele>298.78</ele>
        <time>2026-04-18T17:03:43Z</time>
      </trkpt>
      <trkpt lat="33.61215" lon="-117.79231">
        <ele>298.68</ele>
        <time>2026-04-18T17:03:46Z</time>
      </trkpt>
      <trkpt lat="33.61219" lon="-117.79232">
        <ele>298.46</ele>
        <time>2026-04-18T17:03:49Z</time>
      </trkpt>
      <trkpt lat="33.61222" lon="-117.79234">
        <ele>298.57</ele>
        <time>2026-04-18T17:03:52Z</time>
      </trkpt>
      <trkpt lat="33.61225" lon="-117.79235">
        <ele>298.65</ele>
        <time>2026-04-18T17:03:55Z</time>
      </trkpt>
      <trkpt lat="33.61229" lon="-117.79236">
        <ele>298.62</ele>
        <time>2026-04-18T17:03:58Z</time>
      </trkpt>
      <trkpt lat="33.61232" lon="-117.79238">
        <ele>298.69</ele>
        <time>2026-04-18T17:04:01Z</time>
      </trkpt>
      <trkpt lat="33.61236" lon="-117.79239">
        <ele>298.72</ele>
        <time>2026-04-18T17:04:04Z</time>
      </trkpt>
      <trkpt lat="33.61239" lon="-117.7924">
        <ele>298.86</ele>
        <time>2026-04-18T17:04:07Z</time>
      </trkpt>
      <trkpt lat="33.61243" lon="-117.79241">
        <ele>298.78</ele>
        <time>2026-04-18T17:04:10Z</time>
      </trkpt>
      <trkpt lat="33.61247" lon="-117.79241">
        <ele>298.35</ele>
        <time>2026-04-18T17:04:13Z</time>
      </trkpt>
      <trkpt lat="33.61251" lon="-117.7924">
        <ele>297.92</ele>
        <time>2026-04-18T17:04:15Z</time>
      </trkpt>
      <trkpt lat="33.61254" lon="-117.79239">
        <ele>297.81</ele>
        <time>2026-04-18T17:04:17Z</time>
      </trkpt>
      <trkpt lat="33.61257" lon="-117.79238">
        <ele>297.7</ele>
        <time>2026-04-18T17:04:19Z</time>
      </trkpt>
      <trkpt lat="33.6126" lon="-117.79238">
        <ele>297.62</ele>
        <time>2026-04-18T17:04:21Z</time>
      </trkpt>
      <trkpt lat="33.61263" lon="-117.79237">
        <ele>297.19</ele>
        <time>2026-04-18T17:04:24Z</time>
      </trkpt>
      <trkpt lat="33.61267" lon="-117.79237">
        <ele>296.76</ele>
        <time>2026-04-18T17:04:27Z</time>
      </trkpt>
      <trkpt lat="33.6127" lon="-117.79238">
        <ele>296.7</ele>
        <time>2026-04-18T17:04:30Z</time>
      </trkpt>
      <trkpt lat="33.61274" lon="-117.79239">
        <ele>296.81</ele>
        <time>2026-04-18T17:04:33Z</time>
      </trkpt>
      <trkpt lat="33.61277" lon="-117.7924">
        <ele>296.92</ele>
        <time>2026-04-18T17:04:36Z</time>
      </trkpt>
      <trkpt lat="33.61281" lon="-117.79241">
        <ele>296.65</ele>
        <time>2026-04-18T17:04:39Z</time>
      </trkpt>
      <trkpt lat="33.61284" lon="-117.79242">
        <ele>296.33</ele>
        <time>2026-04-18T17:04:42Z</time>
      </trkpt>
      <trkpt lat="33.61287" lon="-117.79244">
        <ele>296.0</ele>
        <time>2026-04-18T17:04:45Z</time>
      </trkpt>
      <trkpt lat="33.6129" lon="-117.79247">
        <ele>295.68</ele>
        <time>2026-04-18T17:04:48Z</time>
      </trkpt>
      <trkpt lat="33.61292" lon="-117.7925">
        <ele>295.46</ele>
        <time>2026-04-18T17:04:50Z</time>
      </trkpt>
      <trkpt lat="33.61295" lon="-117.79253">
        <ele>295.14</ele>
        <time>2026-04-18T17:04:53Z</time>
      </trkpt>
      <trkpt lat="33.61298" lon="-117.79254">
        <ele>294.82</ele>
        <time>2026-04-18T17:04:56Z</time>
      </trkpt>
      <trkpt lat="33.61301" lon="-117.79257">
        <ele>294.49</ele>
        <time>2026-04-18T17:04:59Z</time>
      </trkpt>
      <trkpt lat="33.61304" lon="-117.79259">
        <ele>294.17</ele>
        <time>2026-04-18T17:05:02Z</time>
      </trkpt>
      <trkpt lat="33.61307" lon="-117.7926">
        <ele>293.84</ele>
        <time>2026-04-18T17:05:05Z</time>
      </trkpt>
      <trkpt lat="33.6131" lon="-117.79262">
        <ele>293.52</ele>
        <time>2026-04-18T17:05:08Z</time>
      </trkpt>
      <trkpt lat="33.61313" lon="-117.79264">
        <ele>293.2</ele>
        <time>2026-04-18T17:05:11Z</time>
      </trkpt>
      <trkpt lat="33.61316" lon="-117.79265">
        <ele>292.87</ele>
        <time>2026-04-18T17:05:14Z</time>
      </trkpt>
      <trkpt lat="33.61319" lon="-117.79267">
        <ele>292.55</ele>
        <time>2026-04-18T17:05:17Z</time>
      </trkpt>
      <trkpt lat="33.61322" lon="-117.79268">
        <ele>292.22</ele>
        <time>2026-04-18T17:05:20Z</time>
      </trkpt>
      <trkpt lat="33.61325" lon="-117.7927">
        <ele>291.9</ele>
        <time>2026-04-18T17:05:23Z</time>
      </trkpt>
      <trkpt lat="33.61328" lon="-117.79271">
        <ele>291.58</ele>
        <time>2026-04-18T17:05:26Z</time>
      </trkpt>
      <trkpt lat="33.61331" lon="-117.79273">
        <ele>291.25</ele>
        <time>2026-04-18T17:05:29Z</time>
      </trkpt>
      <trkpt lat="33.61334" lon="-117.79274">
        <ele>290.93</ele>
        <time>2026-04-18T17:05:32Z</time>
      </trkpt>
      <trkpt lat="33.61336" lon="-117.79276">
        <ele>290.71</ele>
        <time>2026-04-18T17:05:35Z</time>
      </trkpt>
      <trkpt lat="33.61339" lon="-117.79278">
        <ele>290.36</ele>
        <time>2026-04-18T17:05:38Z</time>
      </trkpt>
      <trkpt lat="33.61342" lon="-117.7928">
        <ele>289.82</ele>
        <time>2026-04-18T17:05:41Z</time>
      </trkpt>
      <trkpt lat="33.61345" lon="-117.79281">
        <ele>289.13</ele>
        <time>2026-04-18T17:05:44Z</time>
      </trkpt>
      <trkpt lat="33.61348" lon="-117.79283">
        <ele>288.27</ele>
        <time>2026-04-18T17:05:47Z</time>
      </trkpt>
      <trkpt lat="33.61351" lon="-117.79284">
        <ele>287.51</ele>
        <time>2026-04-18T17:05:50Z</time>
      </trkpt>
      <trkpt lat="33.61354" lon="-117.79286">
        <ele>286.88</ele>
        <time>2026-04-18T17:05:53Z</time>
      </trkpt>
      <trkpt lat="33.61356" lon="-117.79287">
        <ele>286.56</ele>
        <time>2026-04-18T17:05:56Z</time>
      </trkpt>
      <trkpt lat="33.61359" lon="-117.79288">
        <ele>286.15</ele>
        <time>2026-04-18T17:05:59Z</time>
      </trkpt>
      <trkpt lat="33.61362" lon="-117.7929">
        <ele>285.58</ele>
        <time>2026-04-18T17:06:02Z</time>
      </trkpt>
      <trkpt lat="33.61365" lon="-117.79291">
        <ele>285.15</ele>
        <time>2026-04-18T17:06:05Z</time>
      </trkpt>
      <trkpt lat="33.61367" lon="-117.79292">
        <ele>284.83</ele>
        <time>2026-04-18T17:06:08Z</time>
      </trkpt>
      <trkpt lat="33.61369" lon="-117.79295">
        <ele>284.29</ele>
        <time>2026-04-18T17:06:14Z</time>
      </trkpt>
      <trkpt lat="33.61372" lon="-117.79297">
        <ele>283.92</ele>
        <time>2026-04-18T17:06:18Z</time>
      </trkpt>
      <trkpt lat="33.61375" lon="-117.79299">
        <ele>283.71</ele>
        <time>2026-04-18T17:06:21Z</time>
      </trkpt>
      <trkpt lat="33.61377" lon="-117.79301">
        <ele>283.49</ele>
        <time>2026-04-18T17:06:24Z</time>
      </trkpt>
      <trkpt lat="33.61378" lon="-117.79304">
        <ele>283.17</ele>
        <time>2026-04-18T17:06:26Z</time>
      </trkpt>
      <trkpt lat="33.61379" lon="-117.79307">
        <ele>282.69</ele>
        <time>2026-04-18T17:06:28Z</time>
      </trkpt>
      <trkpt lat="33.61381" lon="-117.7931">
        <ele>282.11</ele>
        <time>2026-04-18T17:06:30Z</time>
      </trkpt>
      <trkpt lat="33.61382" lon="-117.79312">
        <ele>281.79</ele>
        <time>2026-04-18T17:06:32Z</time>
      </trkpt>
      <trkpt lat="33.61385" lon="-117.79316">
        <ele>281.32</ele>
        <time>2026-04-18T17:06:35Z</time>
      </trkpt>
      <trkpt lat="33.61388" lon="-117.79319">
        <ele>281.0</ele>
        <time>2026-04-18T17:06:38Z</time>
      </trkpt>
      <trkpt lat="33.61391" lon="-117.79321">
        <ele>280.82</ele>
        <time>2026-04-18T17:06:41Z</time>
      </trkpt>
      <trkpt lat="33.61394" lon="-117.79323">
        <ele>280.72</ele>
        <time>2026-04-18T17:06:44Z</time>
      </trkpt>
      <trkpt lat="33.61398" lon="-117.79324">
        <ele>280.99</ele>
        <time>2026-04-18T17:06:47Z</time>
      </trkpt>
      <trkpt lat="33.61401" lon="-117.79326">
        <ele>280.58</ele>
        <time>2026-04-18T17:06:50Z</time>
      </trkpt>
      <trkpt lat="33.61405" lon="-117.79327">
        <ele>280.37</ele>
        <time>2026-04-18T17:06:53Z</time>
      </trkpt>
      <trkpt lat="33.61408" lon="-117.79329">
        <ele>279.91</ele>
        <time>2026-04-18T17:06:56Z</time>
      </trkpt>
      <trkpt lat="33.61411" lon="-117.79331">
        <ele>279.41</ele>
        <time>2026-04-18T17:06:59Z</time>
      </trkpt>
      <trkpt lat="33.61414" lon="-117.79334">
        <ele>278.93</ele>
        <time>2026-04-18T17:07:02Z</time>
      </trkpt>
      <trkpt lat="33.61416" lon="-117.79337">
        <ele>278.6</ele>
        <time>2026-04-18T17:07:05Z</time>
      </trkpt>
      <trkpt lat="33.61417" lon="-117.7934">
        <ele>278.22</ele>
        <time>2026-04-18T17:07:08Z</time>
      </trkpt>
      <trkpt lat="33.61413" lon="-117.79343">
        <ele>277.89</ele>
        <time>2026-04-18T17:07:10Z</time>
      </trkpt>
      <trkpt lat="33.61409" lon="-117.79344">
        <ele>277.67</ele>
        <time>2026-04-18T17:07:11Z</time>
      </trkpt>
      <trkpt lat="33.61406" lon="-117.79346">
        <ele>277.11</ele>
        <time>2026-04-18T17:07:13Z</time>
      </trkpt>
      <trkpt lat="33.61405" lon="-117.79349">
        <ele>276.36</ele>
        <time>2026-04-18T17:07:17Z</time>
      </trkpt>
      <trkpt lat="33.61405" lon="-117.79353">
        <ele>275.4</ele>
        <time>2026-04-18T17:07:23Z</time>
      </trkpt>
      <trkpt lat="33.61407" lon="-117.79356">
        <ele>274.63</ele>
        <time>2026-04-18T17:07:28Z</time>
      </trkpt>
      <trkpt lat="33.61408" lon="-117.79358">
        <ele>273.99</ele>
        <time>2026-04-18T17:07:32Z</time>
      </trkpt>
      <trkpt lat="33.6141" lon="-117.79361">
        <ele>273.03</ele>
        <time>2026-04-18T17:07:37Z</time>
      </trkpt>
      <trkpt lat="33.6141" lon="-117.79365">
        <ele>272.16</ele>
        <time>2026-04-18T17:07:44Z</time>
      </trkpt>
      <trkpt lat="33.61411" lon="-117.79361">
        <ele>273.03</ele>
        <time>2026-04-18T17:07:52Z</time>
      </trkpt>
      <trkpt lat="33.61409" lon="-117.79364">
        <ele>272.38</ele>
        <time>2026-04-18T17:08:03Z</time>
      </trkpt>
      <trkpt lat="33.61409" lon="-117.79367">
        <ele>271.73</ele>
        <time>2026-04-18T17:08:06Z</time>
      </trkpt>
      <trkpt lat="33.61409" lon="-117.79371">
        <ele>270.86</ele>
        <time>2026-04-18T17:08:11Z</time>
      </trkpt>
      <trkpt lat="33.61412" lon="-117.79373">
        <ele>270.43</ele>
        <time>2026-04-18T17:08:19Z</time>
      </trkpt>
      <trkpt lat="33.61417" lon="-117.79374">
        <ele>270.18</ele>
        <time>2026-04-18T17:08:21Z</time>
      </trkpt>
      <trkpt lat="33.61421" lon="-117.79374">
        <ele>269.75</ele>
        <time>2026-04-18T17:08:22Z</time>
      </trkpt>
      <trkpt lat="33.61423" lon="-117.79374">
        <ele>269.53</ele>
        <time>2026-04-18T17:08:23Z</time>
      </trkpt>
      <trkpt lat="33.61428" lon="-117.79374">
        <ele>268.9</ele>
        <time>2026-04-18T17:08:25Z</time>
      </trkpt>
      <trkpt lat="33.61431" lon="-117.79375">
        <ele>268.18</ele>
        <time>2026-04-18T17:08:27Z</time>
      </trkpt>
      <trkpt lat="33.61434" lon="-117.79375">
        <ele>267.69</ele>
        <time>2026-04-18T17:08:29Z</time>
      </trkpt>
      <trkpt lat="33.61437" lon="-117.79376">
        <ele>266.9</ele>
        <time>2026-04-18T17:08:32Z</time>
      </trkpt>
      <trkpt lat="33.61441" lon="-117.79375">
        <ele>266.56</ele>
        <time>2026-04-18T17:08:35Z</time>
      </trkpt>
      <trkpt lat="33.61444" lon="-117.79375">
        <ele>266.07</ele>
        <time>2026-04-18T17:08:38Z</time>
      </trkpt>
      <trkpt lat="33.61447" lon="-117.79372">
        <ele>266.14</ele>
        <time>2026-04-18T17:08:41Z</time>
      </trkpt>
      <trkpt lat="33.61449" lon="-117.79367">
        <ele>266.74</ele>
        <time>2026-04-18T17:08:43Z</time>
      </trkpt>
      <trkpt lat="33.61451" lon="-117.79363">
        <ele>267.18</ele>
        <time>2026-04-18T17:08:45Z</time>
      </trkpt>
      <trkpt lat="33.61453" lon="-117.7936">
        <ele>267.27</ele>
        <time>2026-04-18T17:08:47Z</time>
      </trkpt>
      <trkpt lat="33.61456" lon="-117.79358">
        <ele>266.84</ele>
        <time>2026-04-18T17:08:50Z</time>
      </trkpt>
      <trkpt lat="33.61459" lon="-117.79356">
        <ele>266.41</ele>
        <time>2026-04-18T17:08:53Z</time>
      </trkpt>
      <trkpt lat="33.61462" lon="-117.79353">
        <ele>266.08</ele>
        <time>2026-04-18T17:08:56Z</time>
      </trkpt>
      <trkpt lat="33.61464" lon="-117.79351">
        <ele>265.76</ele>
        <time>2026-04-18T17:08:59Z</time>
      </trkpt>
      <trkpt lat="33.61467" lon="-117.7935">
        <ele>264.89</ele>
        <time>2026-04-18T17:09:02Z</time>
      </trkpt>
      <trkpt lat="33.61471" lon="-117.79352">
        <ele>263.39</ele>
        <time>2026-04-18T17:09:05Z</time>
      </trkpt>
      <trkpt lat="33.61473" lon="-117.79354">
        <ele>262.68</ele>
        <time>2026-04-18T17:09:07Z</time>
      </trkpt>
      <trkpt lat="33.61475" lon="-117.79357">
        <ele>261.97</ele>
        <time>2026-04-18T17:09:09Z</time>
      </trkpt>
      <trkpt lat="33.61476" lon="-117.79361">
        <ele>261.77</ele>
        <time>2026-04-18T17:09:11Z</time>
      </trkpt>
      <trkpt lat="33.61475" lon="-117.79364">
        <ele>261.88</ele>
        <time>2026-04-18T17:09:13Z</time>
      </trkpt>
      <trkpt lat="33.61472" lon="-117.79368">
        <ele>262.3</ele>
        <time>2026-04-18T17:09:15Z</time>
      </trkpt>
      <trkpt lat="33.61469" lon="-117.79371">
        <ele>262.6</ele>
        <time>2026-04-18T17:09:17Z</time>
      </trkpt>
      <trkpt lat="33.61468" lon="-117.79374">
        <ele>262.34</ele>
        <time>2026-04-18T17:09:19Z</time>
      </trkpt>
      <trkpt lat="33.61467" lon="-117.79377">
        <ele>262.01</ele>
        <time>2026-04-18T17:09:22Z</time>
      </trkpt>
      <trkpt lat="33.61465" lon="-117.7938">
        <ele>261.74</ele>
        <time>2026-04-18T17:09:26Z</time>
      </trkpt>
      <trkpt lat="33.61465" lon="-117.79384">
        <ele>261.31</ele>
        <time>2026-04-18T17:09:30Z</time>
      </trkpt>
      <trkpt lat="33.61465" lon="-117.79388">
        <ele>260.88</ele>
        <time>2026-04-18T17:09:34Z</time>
      </trkpt>
      <trkpt lat="33.61468" lon="-117.79391">
        <ele>260.12</ele>
        <time>2026-04-18T17:09:38Z</time>
      </trkpt>
      <trkpt lat="33.6147" lon="-117.79393">
        <ele>259.69</ele>
        <time>2026-04-18T17:09:40Z</time>
      </trkpt>
      <trkpt lat="33.61474" lon="-117.79394">
        <ele>259.36</ele>
        <time>2026-04-18T17:09:42Z</time>
      </trkpt>
      <trkpt lat="33.61476" lon="-117.79396">
        <ele>259.14</ele>
        <time>2026-04-18T17:09:44Z</time>
      </trkpt>
      <trkpt lat="33.61479" lon="-117.79397">
        <ele>259.03</ele>
        <time>2026-04-18T17:09:46Z</time>
      </trkpt>
      <trkpt lat="33.61482" lon="-117.79399">
        <ele>258.85</ele>
        <time>2026-04-18T17:09:49Z</time>
      </trkpt>
      <trkpt lat="33.61485" lon="-117.79398">
        <ele>258.62</ele>
        <time>2026-04-18T17:09:52Z</time>
      </trkpt>
      <trkpt lat="33.61488" lon="-117.79397">
        <ele>258.3</ele>
        <time>2026-04-18T17:09:55Z</time>
      </trkpt>
      <trkpt lat="33.61491" lon="-117.79398">
        <ele>257.94</ele>
        <time>2026-04-18T17:09:58Z</time>
      </trkpt>
      <trkpt lat="33.61493" lon="-117.794">
        <ele>257.31</ele>
        <time>2026-04-18T17:10:01Z</time>
      </trkpt>
      <trkpt lat="33.61495" lon="-117.79403">
        <ele>256.56</ele>
        <time>2026-04-18T17:10:04Z</time>
      </trkpt>
      <trkpt lat="33.61497" lon="-117.79406">
        <ele>255.8</ele>
        <time>2026-04-18T17:10:07Z</time>
      </trkpt>
      <trkpt lat="33.61499" lon="-117.7941">
        <ele>255.19</ele>
        <time>2026-04-18T17:10:10Z</time>
      </trkpt>
      <trkpt lat="33.615" lon="-117.79413">
        <ele>255.0</ele>
        <time>2026-04-18T17:10:13Z</time>
      </trkpt>
      <trkpt lat="33.61501" lon="-117.79416">
        <ele>254.68</ele>
        <time>2026-04-18T17:10:16Z</time>
      </trkpt>
      <trkpt lat="33.61502" lon="-117.79419">
        <ele>253.96</ele>
        <time>2026-04-18T17:10:19Z</time>
      </trkpt>
      <trkpt lat="33.61504" lon="-117.79422">
        <ele>253.05</ele>
        <time>2026-04-18T17:10:22Z</time>
      </trkpt>
      <trkpt lat="33.61505" lon="-117.79425">
        <ele>252.55</ele>
        <time>2026-04-18T17:10:25Z</time>
      </trkpt>
      <trkpt lat="33.61506" lon="-117.79428">
        <ele>252.13</ele>
        <time>2026-04-18T17:10:28Z</time>
      </trkpt>
      <trkpt lat="33.61508" lon="-117.7943">
        <ele>251.7</ele>
        <time>2026-04-18T17:10:31Z</time>
      </trkpt>
      <trkpt lat="33.61509" lon="-117.79433">
        <ele>251.26</ele>
        <time>2026-04-18T17:10:34Z</time>
      </trkpt>
      <trkpt lat="33.6151" lon="-117.79436">
        <ele>250.69</ele>
        <time>2026-04-18T17:10:37Z</time>
      </trkpt>
      <trkpt lat="33.61512" lon="-117.7944">
        <ele>249.9</ele>
        <time>2026-04-18T17:10:40Z</time>
      </trkpt>
      <trkpt lat="33.61514" lon="-117.79443">
        <ele>249.48</ele>
        <time>2026-04-18T17:10:43Z</time>
      </trkpt>
      <trkpt lat="33.61515" lon="-117.79446">
        <ele>249.19</ele>
        <time>2026-04-18T17:10:46Z</time>
      </trkpt>
      <trkpt lat="33.61517" lon="-117.7945">
        <ele>248.87</ele>
        <time>2026-04-18T17:10:49Z</time>
      </trkpt>
      <trkpt lat="33.61519" lon="-117.79453">
        <ele>248.89</ele>
        <time>2026-04-18T17:10:52Z</time>
      </trkpt>
      <trkpt lat="33.61521" lon="-117.79457">
        <ele>248.04</ele>
        <time>2026-04-18T17:10:55Z</time>
      </trkpt>
      <trkpt lat="33.61524" lon="-117.7946">
        <ele>247.66</ele>
        <time>2026-04-18T17:10:58Z</time>
      </trkpt>
      <trkpt lat="33.61526" lon="-117.79463">
        <ele>247.81</ele>
        <time>2026-04-18T17:11:00Z</time>
      </trkpt>
      <trkpt lat="33.61529" lon="-117.79465">
        <ele>247.79</ele>
        <time>2026-04-18T17:11:02Z</time>
      </trkpt>
      <trkpt lat="33.61533" lon="-117.79467">
        <ele>247.36</ele>
        <time>2026-04-18T17:11:04Z</time>
      </trkpt>
      <trkpt lat="33.61536" lon="-117.79469">
        <ele>247.38</ele>
        <time>2026-04-18T17:11:06Z</time>
      </trkpt>
      <trkpt lat="33.61539" lon="-117.79471">
        <ele>247.31</ele>
        <time>2026-04-18T17:11:08Z</time>
      </trkpt>
      <trkpt lat="33.61541" lon="-117.79474">
        <ele>247.42</ele>
        <time>2026-04-18T17:11:10Z</time>
      </trkpt>
      <trkpt lat="33.61543" lon="-117.79476">
        <ele>247.38</ele>
        <time>2026-04-18T17:11:12Z</time>
      </trkpt>
      <trkpt lat="33.61547" lon="-117.79476">
        <ele>246.7</ele>
        <time>2026-04-18T17:11:15Z</time>
      </trkpt>
      <trkpt lat="33.61551" lon="-117.79476">
        <ele>246.01</ele>
        <time>2026-04-18T17:11:18Z</time>
      </trkpt>
      <trkpt lat="33.61555" lon="-117.79475">
        <ele>245.0</ele>
        <time>2026-04-18T17:11:21Z</time>
      </trkpt>
      <trkpt lat="33.61559" lon="-117.79476">
        <ele>244.85</ele>
        <time>2026-04-18T17:11:24Z</time>
      </trkpt>
      <trkpt lat="33.61562" lon="-117.79477">
        <ele>244.85</ele>
        <time>2026-04-18T17:11:27Z</time>
      </trkpt>
      <trkpt lat="33.61566" lon="-117.7948">
        <ele>245.39</ele>
        <time>2026-04-18T17:11:30Z</time>
      </trkpt>
      <trkpt lat="33.61569" lon="-117.79482">
        <ele>245.72</ele>
        <time>2026-04-18T17:11:33Z</time>
      </trkpt>
      <trkpt lat="33.61571" lon="-117.79485">
        <ele>246.47</ele>
        <time>2026-04-18T17:11:36Z</time>
      </trkpt>
      <trkpt lat="33.61569" lon="-117.79488">
        <ele>247.66</ele>
        <time>2026-04-18T17:11:42Z</time>
      </trkpt>
      <trkpt lat="33.61566" lon="-117.79489">
        <ele>248.31</ele>
        <time>2026-04-18T17:11:46Z</time>
      </trkpt>
      <trkpt lat="33.61568" lon="-117.79493">
        <ele>248.9</ele>
        <time>2026-04-18T17:12:22Z</time>
      </trkpt>
      <trkpt lat="33.61571" lon="-117.79493">
        <ele>248.58</ele>
        <time>2026-04-18T17:12:25Z</time>
      </trkpt>
      <trkpt lat="33.61575" lon="-117.79494">
        <ele>248.25</ele>
        <time>2026-04-18T17:12:27Z</time>
      </trkpt>
      <trkpt lat="33.61579" lon="-117.79495">
        <ele>247.93</ele>
        <time>2026-04-18T17:12:29Z</time>
      </trkpt>
      <trkpt lat="33.61583" lon="-117.79496">
        <ele>247.6</ele>
        <time>2026-04-18T17:12:32Z</time>
      </trkpt>
      <trkpt lat="33.61586" lon="-117.79497">
        <ele>247.39</ele>
        <time>2026-04-18T17:12:35Z</time>
      </trkpt>
      <trkpt lat="33.61589" lon="-117.79499">
        <ele>247.28</ele>
        <time>2026-04-18T17:12:38Z</time>
      </trkpt>
      <trkpt lat="33.61592" lon="-117.795">
        <ele>247.06</ele>
        <time>2026-04-18T17:12:41Z</time>
      </trkpt>
      <trkpt lat="33.61595" lon="-117.79502">
        <ele>246.74</ele>
        <time>2026-04-18T17:12:44Z</time>
      </trkpt>
      <trkpt lat="33.61597" lon="-117.79505">
        <ele>246.52</ele>
        <time>2026-04-18T17:12:46Z</time>
      </trkpt>
      <trkpt lat="33.61599" lon="-117.7951">
        <ele>246.23</ele>
        <time>2026-04-18T17:12:48Z</time>
      </trkpt>
      <trkpt lat="33.61601" lon="-117.79514">
        <ele>245.58</ele>
        <time>2026-04-18T17:12:50Z</time>
      </trkpt>
      <trkpt lat="33.61603" lon="-117.79517">
        <ele>245.04</ele>
        <time>2026-04-18T17:12:52Z</time>
      </trkpt>
      <trkpt lat="33.61606" lon="-117.79518">
        <ele>244.61</ele>
        <time>2026-04-18T17:12:55Z</time>
      </trkpt>
      <trkpt lat="33.61609" lon="-117.7952">
        <ele>244.03</ele>
        <time>2026-04-18T17:12:58Z</time>
      </trkpt>
      <trkpt lat="33.61612" lon="-117.7952">
        <ele>243.74</ele>
        <time>2026-04-18T17:13:01Z</time>
      </trkpt>
      <trkpt lat="33.61615" lon="-117.79521">
        <ele>243.31</ele>
        <time>2026-04-18T17:13:04Z</time>
      </trkpt>
      <trkpt lat="33.61618" lon="-117.79522">
        <ele>242.88</ele>
        <time>2026-04-18T17:13:07Z</time>
      </trkpt>
      <trkpt lat="33.61621" lon="-117.79524">
        <ele>242.34</ele>
        <time>2026-04-18T17:13:10Z</time>
      </trkpt>
      <trkpt lat="33.61624" lon="-117.79525">
        <ele>241.91</ele>
        <time>2026-04-18T17:13:13Z</time>
      </trkpt>
      <trkpt lat="33.61627" lon="-117.79527">
        <ele>241.37</ele>
        <time>2026-04-18T17:13:16Z</time>
      </trkpt>
      <trkpt lat="33.6163" lon="-117.79529">
        <ele>240.83</ele>
        <time>2026-04-18T17:13:19Z</time>
      </trkpt>
      <trkpt lat="33.61633" lon="-117.79531">
        <ele>240.41</ele>
        <time>2026-04-18T17:13:22Z</time>
      </trkpt>
      <trkpt lat="33.61635" lon="-117.79533">
        <ele>240.18</ele>
        <time>2026-04-18T17:13:25Z</time>
      </trkpt>
      <trkpt lat="33.61638" lon="-117.79536">
        <ele>240.01</ele>
        <time>2026-04-18T17:13:28Z</time>
      </trkpt>
      <trkpt lat="33.61641" lon="-117.79538">
        <ele>239.61</ele>
        <time>2026-04-18T17:13:31Z</time>
      </trkpt>
      <trkpt lat="33.61644" lon="-117.79539">
        <ele>239.26</ele>
        <time>2026-04-18T17:13:34Z</time>
      </trkpt>
      <trkpt lat="33.61647" lon="-117.79541">
        <ele>239.02</ele>
        <time>2026-04-18T17:13:37Z</time>
      </trkpt>
      <trkpt lat="33.6165" lon="-117.79542">
        <ele>238.71</ele>
        <time>2026-04-18T17:13:40Z</time>
      </trkpt>
      <trkpt lat="33.61653" lon="-117.79543">
        <ele>238.29</ele>
        <time>2026-04-18T17:13:43Z</time>
      </trkpt>
      <trkpt lat="33.61656" lon="-117.79544">
        <ele>237.94</ele>
        <time>2026-04-18T17:13:46Z</time>
      </trkpt>
      <trkpt lat="33.6166" lon="-117.79546">
        <ele>237.68</ele>
        <time>2026-04-18T17:13:49Z</time>
      </trkpt>
      <trkpt lat="33.61663" lon="-117.79547">
        <ele>237.44</ele>
        <time>2026-04-18T17:13:52Z</time>
      </trkpt>
      <trkpt lat="33.61666" lon="-117.79548">
        <ele>237.24</ele>
        <time>2026-04-18T17:13:55Z</time>
      </trkpt>
      <trkpt lat="33.61669" lon="-117.7955">
        <ele>237.0</ele>
        <time>2026-04-18T17:13:58Z</time>
      </trkpt>
      <trkpt lat="33.61672" lon="-117.79551">
        <ele>236.65</ele>
        <time>2026-04-18T17:14:01Z</time>
      </trkpt>
      <trkpt lat="33.61676" lon="-117.79553">
        <ele>236.44</ele>
        <time>2026-04-18T17:14:04Z</time>
      </trkpt>
      <trkpt lat="33.61679" lon="-117.79556">
        <ele>236.72</ele>
        <time>2026-04-18T17:14:07Z</time>
      </trkpt>
      <trkpt lat="33.6168" lon="-117.79559">
        <ele>236.93</ele>
        <time>2026-04-18T17:14:09Z</time>
      </trkpt>
      <trkpt lat="33.61682" lon="-117.79563">
        <ele>237.15</ele>
        <time>2026-04-18T17:14:11Z</time>
      </trkpt>
      <trkpt lat="33.61684" lon="-117.79565">
        <ele>237.15</ele>
        <time>2026-04-18T17:14:13Z</time>
      </trkpt>
      <trkpt lat="33.61687" lon="-117.79569">
        <ele>237.26</ele>
        <time>2026-04-18T17:14:16Z</time>
      </trkpt>
      <trkpt lat="33.6169" lon="-117.79572">
        <ele>237.26</ele>
        <time>2026-04-18T17:14:19Z</time>
      </trkpt>
      <trkpt lat="33.61693" lon="-117.79575">
        <ele>237.16</ele>
        <time>2026-04-18T17:14:22Z</time>
      </trkpt>
      <trkpt lat="33.61695" lon="-117.79577">
        <ele>236.96</ele>
        <time>2026-04-18T17:14:25Z</time>
      </trkpt>
      <trkpt lat="33.61698" lon="-117.7958">
        <ele>236.86</ele>
        <time>2026-04-18T17:14:28Z</time>
      </trkpt>
      <trkpt lat="33.61701" lon="-117.79582">
        <ele>236.9</ele>
        <time>2026-04-18T17:14:31Z</time>
      </trkpt>
      <trkpt lat="33.61704" lon="-117.79584">
        <ele>236.97</ele>
        <time>2026-04-18T17:14:34Z</time>
      </trkpt>
      <trkpt lat="33.61707" lon="-117.79586">
        <ele>236.64</ele>
        <time>2026-04-18T17:14:37Z</time>
      </trkpt>
      <trkpt lat="33.6171" lon="-117.79588">
        <ele>236.32</ele>
        <time>2026-04-18T17:14:40Z</time>
      </trkpt>
      <trkpt lat="33.61713" lon="-117.79589">
        <ele>235.99</ele>
        <time>2026-04-18T17:14:43Z</time>
      </trkpt>
      <trkpt lat="33.61716" lon="-117.7959">
        <ele>235.44</ele>
        <time>2026-04-18T17:14:46Z</time>
      </trkpt>
      <trkpt lat="33.61719" lon="-117.79592">
        <ele>234.74</ele>
        <time>2026-04-18T17:14:49Z</time>
      </trkpt>
      <trkpt lat="33.61719" lon="-117.79596">
        <ele>234.57</ele>
        <time>2026-04-18T17:14:53Z</time>
      </trkpt>
      <trkpt lat="33.61718" lon="-117.79599">
        <ele>234.6</ele>
        <time>2026-04-18T17:14:56Z</time>
      </trkpt>
      <trkpt lat="33.61716" lon="-117.79603">
        <ele>234.55</ele>
        <time>2026-04-18T17:15:00Z</time>
      </trkpt>
      <trkpt lat="33.61715" lon="-117.796">
        <ele>234.94</ele>
        <time>2026-04-18T17:15:08Z</time>
      </trkpt>
      <trkpt lat="33.61718" lon="-117.79601">
        <ele>234.5</ele>
        <time>2026-04-18T17:15:26Z</time>
      </trkpt>
      <trkpt lat="33.61721" lon="-117.79602">
        <ele>234.12</ele>
        <time>2026-04-18T17:15:29Z</time>
      </trkpt>
      <trkpt lat="33.61724" lon="-117.79604">
        <ele>233.19</ele>
        <time>2026-04-18T17:15:33Z</time>
      </trkpt>
      <trkpt lat="33.61726" lon="-117.79607">
        <ele>232.22</ele>
        <time>2026-04-18T17:15:39Z</time>
      </trkpt>
      <trkpt lat="33.61727" lon="-117.7961">
        <ele>231.57</ele>
        <time>2026-04-18T17:15:45Z</time>
      </trkpt>
      <trkpt lat="33.61727" lon="-117.79613">
        <ele>231.25</ele>
        <time>2026-04-18T17:15:53Z</time>
      </trkpt>
      <trkpt lat="33.61728" lon="-117.79619">
        <ele>230.28</ele>
        <time>2026-04-18T17:16:12Z</time>
      </trkpt>
      <trkpt lat="33.6173" lon="-117.79624">
        <ele>229.03</ele>
        <time>2026-04-18T17:16:20Z</time>
      </trkpt>
      <trkpt lat="33.6173" lon="-117.79629">
        <ele>228.4</ele>
        <time>2026-04-18T17:16:23Z</time>
      </trkpt>
      <trkpt lat="33.61731" lon="-117.79635">
        <ele>228.04</ele>
        <time>2026-04-18T17:16:25Z</time>
      </trkpt>
      <trkpt lat="33.61732" lon="-117.7964">
        <ele>227.66</ele>
        <time>2026-04-18T17:16:27Z</time>
      </trkpt>
      <trkpt lat="33.61733" lon="-117.79645">
        <ele>226.57</ele>
        <time>2026-04-18T17:16:30Z</time>
      </trkpt>
      <trkpt lat="33.61735" lon="-117.79648">
        <ele>226.02</ele>
        <time>2026-04-18T17:16:33Z</time>
      </trkpt>
      <trkpt lat="33.61738" lon="-117.79651">
        <ele>225.82</ele>
        <time>2026-04-18T17:16:35Z</time>
      </trkpt>
      <trkpt lat="33.61742" lon="-117.79652">
        <ele>225.92</ele>
        <time>2026-04-18T17:16:37Z</time>
      </trkpt>
      <trkpt lat="33.61745" lon="-117.79654">
        <ele>225.83</ele>
        <time>2026-04-18T17:16:39Z</time>
      </trkpt>
      <trkpt lat="33.61749" lon="-117.79657">
        <ele>225.96</ele>
        <time>2026-04-18T17:16:42Z</time>
      </trkpt>
      <trkpt lat="33.61753" lon="-117.79659">
        <ele>225.73</ele>
        <time>2026-04-18T17:16:45Z</time>
      </trkpt>
      <trkpt lat="33.61755" lon="-117.79662">
        <ele>225.73</ele>
        <time>2026-04-18T17:16:48Z</time>
      </trkpt>
      <trkpt lat="33.61758" lon="-117.79666">
        <ele>225.94</ele>
        <time>2026-04-18T17:16:51Z</time>
      </trkpt>
      <trkpt lat="33.6176" lon="-117.79669">
        <ele>226.08</ele>
        <time>2026-04-18T17:16:54Z</time>
      </trkpt>
      <trkpt lat="33.61761" lon="-117.79673">
        <ele>226.19</ele>
        <time>2026-04-18T17:16:57Z</time>
      </trkpt>
      <trkpt lat="33.61763" lon="-117.79676">
        <ele>226.38</ele>
        <time>2026-04-18T17:17:00Z</time>
      </trkpt>
      <trkpt lat="33.61765" lon="-117.79679">
        <ele>225.83</ele>
        <time>2026-04-18T17:17:03Z</time>
      </trkpt>
      <trkpt lat="33.61767" lon="-117.79682">
        <ele>225.42</ele>
        <time>2026-04-18T17:17:06Z</time>
      </trkpt>
      <trkpt lat="33.61769" lon="-117.79685">
        <ele>225.14</ele>
        <time>2026-04-18T17:17:09Z</time>
      </trkpt>
      <trkpt lat="33.61772" lon="-117.79688">
        <ele>224.95</ele>
        <time>2026-04-18T17:17:12Z</time>
      </trkpt>
      <trkpt lat="33.61774" lon="-117.79692">
        <ele>224.41</ele>
        <time>2026-04-18T17:17:15Z</time>
      </trkpt>
      <trkpt lat="33.61776" lon="-117.79695">
        <ele>224.2</ele>
        <time>2026-04-18T17:17:18Z</time>
      </trkpt>
      <trkpt lat="33.61779" lon="-117.79698">
        <ele>223.7</ele>
        <time>2026-04-18T17:17:21Z</time>
      </trkpt>
      <trkpt lat="33.61782" lon="-117.797">
        <ele>223.6</ele>
        <time>2026-04-18T17:17:24Z</time>
      </trkpt>
      <trkpt lat="33.61785" lon="-117.797">
        <ele>224.32</ele>
        <time>2026-04-18T17:17:28Z</time>
      </trkpt>
      <trkpt lat="33.61788" lon="-117.79698">
        <ele>225.38</ele>
        <time>2026-04-18T17:17:31Z</time>
      </trkpt>
      <trkpt lat="33.61791" lon="-117.79698">
        <ele>225.82</ele>
        <time>2026-04-18T17:17:35Z</time>
      </trkpt>
      <trkpt lat="33.61795" lon="-117.79699">
        <ele>226.3</ele>
        <time>2026-04-18T17:17:39Z</time>
      </trkpt>
      <trkpt lat="33.61798" lon="-117.797">
        <ele>226.33</ele>
        <time>2026-04-18T17:17:43Z</time>
      </trkpt>
      <trkpt lat="33.61801" lon="-117.79701">
        <ele>226.14</ele>
        <time>2026-04-18T17:17:46Z</time>
      </trkpt>
      <trkpt lat="33.61805" lon="-117.79703">
        <ele>226.0</ele>
        <time>2026-04-18T17:17:50Z</time>
      </trkpt>
      <trkpt lat="33.61808" lon="-117.79704">
        <ele>225.95</ele>
        <time>2026-04-18T17:17:53Z</time>
      </trkpt>
      <trkpt lat="33.61811" lon="-117.79705">
        <ele>225.88</ele>
        <time>2026-04-18T17:17:56Z</time>
      </trkpt>
      <trkpt lat="33.61815" lon="-117.79707">
        <ele>226.0</ele>
        <time>2026-04-18T17:17:59Z</time>
      </trkpt>
      <trkpt lat="33.61818" lon="-117.79708">
        <ele>226.0</ele>
        <time>2026-04-18T17:18:02Z</time>
      </trkpt>
      <trkpt lat="33.61821" lon="-117.79709">
        <ele>226.0</ele>
        <time>2026-04-18T17:18:05Z</time>
      </trkpt>
      <trkpt lat="33.61825" lon="-117.79711">
        <ele>225.98</ele>
        <time>2026-04-18T17:18:08Z</time>
      </trkpt>
      <trkpt lat="33.61828" lon="-117.79712">
        <ele>225.96</ele>
        <time>2026-04-18T17:18:11Z</time>
      </trkpt>
      <trkpt lat="33.61832" lon="-117.79713">
        <ele>225.99</ele>
        <time>2026-04-18T17:18:14Z</time>
      </trkpt>
      <trkpt lat="33.61835" lon="-117.79713">
        <ele>225.99</ele>
        <time>2026-04-18T17:18:17Z</time>
      </trkpt>
      <trkpt lat="33.61838" lon="-117.79714">
        <ele>225.78</ele>
        <time>2026-04-18T17:18:20Z</time>
      </trkpt>
      <trkpt lat="33.61842" lon="-117.79714">
        <ele>225.78</ele>
        <time>2026-04-18T17:18:24Z</time>
      </trkpt>
      <trkpt lat="33.61845" lon="-117.79714">
        <ele>226.04</ele>
        <time>2026-04-18T17:18:28Z</time>
      </trkpt>
      <trkpt lat="33.61848" lon="-117.79711">
        <ele>226.58</ele>
        <time>2026-04-18T17:18:32Z</time>
      </trkpt>
      <trkpt lat="33.6185" lon="-117.79707">
        <ele>226.8</ele>
        <time>2026-04-18T17:18:34Z</time>
      </trkpt>
      <trkpt lat="33.61852" lon="-117.79704">
        <ele>227.0</ele>
        <time>2026-04-18T17:18:36Z</time>
      </trkpt>
      <trkpt lat="33.61854" lon="-117.79702">
        <ele>226.49</ele>
        <time>2026-04-18T17:18:39Z</time>
      </trkpt>
      <trkpt lat="33.61858" lon="-117.79702">
        <ele>226.57</ele>
        <time>2026-04-18T17:18:43Z</time>
      </trkpt>
      <trkpt lat="33.61861" lon="-117.797">
        <ele>226.2</ele>
        <time>2026-04-18T17:18:46Z</time>
      </trkpt>
      <trkpt lat="33.61863" lon="-117.79699">
        <ele>225.99</ele>
        <time>2026-04-18T17:18:49Z</time>
      </trkpt>
      <trkpt lat="33.61866" lon="-117.79699">
        <ele>225.99</ele>
        <time>2026-04-18T17:18:52Z</time>
      </trkpt>
      <trkpt lat="33.61869" lon="-117.79698">
        <ele>225.97</ele>
        <time>2026-04-18T17:18:55Z</time>
      </trkpt>
      <trkpt lat="33.61872" lon="-117.79698">
        <ele>225.89</ele>
        <time>2026-04-18T17:18:58Z</time>
      </trkpt>
      <trkpt lat="33.61875" lon="-117.79697">
        <ele>225.64</ele>
        <time>2026-04-18T17:19:01Z</time>
      </trkpt>
      <trkpt lat="33.61878" lon="-117.79697">
        <ele>225.4</ele>
        <time>2026-04-18T17:19:04Z</time>
      </trkpt>
      <trkpt lat="33.61881" lon="-117.79696">
        <ele>225.02</ele>
        <time>2026-04-18T17:19:07Z</time>
      </trkpt>
      <trkpt lat="33.61884" lon="-117.79696">
        <ele>224.7</ele>
        <time>2026-04-18T17:19:09Z</time>
      </trkpt>
      <trkpt lat="33.61888" lon="-117.79695">
        <ele>224.16</ele>
        <time>2026-04-18T17:19:11Z</time>
      </trkpt>
      <trkpt lat="33.61891" lon="-117.79694">
        <ele>223.72</ele>
        <time>2026-04-18T17:19:13Z</time>
      </trkpt>
      <trkpt lat="33.61894" lon="-117.79693">
        <ele>223.29</ele>
        <time>2026-04-18T17:19:15Z</time>
      </trkpt>
      <trkpt lat="33.61897" lon="-117.79692">
        <ele>222.86</ele>
        <time>2026-04-18T17:19:18Z</time>
      </trkpt>
      <trkpt lat="33.61901" lon="-117.79691">
        <ele>222.01</ele>
        <time>2026-04-18T17:19:21Z</time>
      </trkpt>
      <trkpt lat="33.61904" lon="-117.7969">
        <ele>221.26</ele>
        <time>2026-04-18T17:19:24Z</time>
      </trkpt>
      <trkpt lat="33.61907" lon="-117.79689">
        <ele>220.5</ele>
        <time>2026-04-18T17:19:27Z</time>
      </trkpt>
      <trkpt lat="33.61909" lon="-117.79688">
        <ele>219.96</ele>
        <time>2026-04-18T17:19:30Z</time>
      </trkpt>
      <trkpt lat="33.61912" lon="-117.79691">
        <ele>219.64</ele>
        <time>2026-04-18T17:19:33Z</time>
      </trkpt>
      <trkpt lat="33.61915" lon="-117.79693">
        <ele>219.2</ele>
        <time>2026-04-18T17:19:36Z</time>
      </trkpt>
      <trkpt lat="33.61916" lon="-117.79696">
        <ele>219.14</ele>
        <time>2026-04-18T17:19:40Z</time>
      </trkpt>
      <trkpt lat="33.61914" lon="-117.79698">
        <ele>219.58</ele>
        <time>2026-04-18T17:19:44Z</time>
      </trkpt>
      <trkpt lat="33.61914" lon="-117.79701">
        <ele>219.58</ele>
        <time>2026-04-18T17:19:49Z</time>
      </trkpt>
      <trkpt lat="33.61917" lon="-117.79703">
        <ele>218.89</ele>
        <time>2026-04-18T17:19:53Z</time>
      </trkpt>
      <trkpt lat="33.6192" lon="-117.79705">
        <ele>217.92</ele>
        <time>2026-04-18T17:19:56Z</time>
      </trkpt>
      <trkpt lat="33.61924" lon="-117.79707">
        <ele>216.62</ele>
        <time>2026-04-18T17:19:59Z</time>
      </trkpt>
      <trkpt lat="33.61926" lon="-117.79709">
        <ele>215.97</ele>
        <time>2026-04-18T17:20:02Z</time>
      </trkpt>
      <trkpt lat="33.61928" lon="-117.79712">
        <ele>215.3</ele>
        <time>2026-04-18T17:20:05Z</time>
      </trkpt>
      <trkpt lat="33.6193" lon="-117.79716">
        <ele>214.68</ele>
        <time>2026-04-18T17:20:08Z</time>
      </trkpt>
      <trkpt lat="33.61931" lon="-117.7972">
        <ele>214.36</ele>
        <time>2026-04-18T17:20:11Z</time>
      </trkpt>
      <trkpt lat="33.61932" lon="-117.79724">
        <ele>214.03</ele>
        <time>2026-04-18T17:20:14Z</time>
      </trkpt>
      <trkpt lat="33.61933" lon="-117.79728">
        <ele>213.71</ele>
        <time>2026-04-18T17:20:17Z</time>
      </trkpt>
      <trkpt lat="33.61934" lon="-117.79732">
        <ele>213.33</ele>
        <time>2026-04-18T17:20:20Z</time>
      </trkpt>
      <trkpt lat="33.61935" lon="-117.79736">
        <ele>212.57</ele>
        <time>2026-04-18T17:20:23Z</time>
      </trkpt>
      <trkpt lat="33.61936" lon="-117.7974">
        <ele>211.81</ele>
        <time>2026-04-18T17:20:26Z</time>
      </trkpt>
      <trkpt lat="33.61937" lon="-117.79744">
        <ele>211.34</ele>
        <time>2026-04-18T17:20:29Z</time>
      </trkpt>
      <trkpt lat="33.61938" lon="-117.79747">
        <ele>210.88</ele>
        <time>2026-04-18T17:20:32Z</time>
      </trkpt>
      <trkpt lat="33.61939" lon="-117.79751">
        <ele>210.29</ele>
        <time>2026-04-18T17:20:35Z</time>
      </trkpt>
      <trkpt lat="33.61941" lon="-117.79756">
        <ele>209.25</ele>
        <time>2026-04-18T17:20:39Z</time>
      </trkpt>
      <trkpt lat="33.61942" lon="-117.7976">
        <ele>208.73</ele>
        <time>2026-04-18T17:20:43Z</time>
      </trkpt>
      <trkpt lat="33.61943" lon="-117.79764">
        <ele>208.04</ele>
        <time>2026-04-18T17:20:47Z</time>
      </trkpt>
      <trkpt lat="33.61944" lon="-117.79768">
        <ele>207.25</ele>
        <time>2026-04-18T17:20:51Z</time>
      </trkpt>
      <trkpt lat="33.61945" lon="-117.79773">
        <ele>207.24</ele>
        <time>2026-04-18T17:20:55Z</time>
      </trkpt>
      <trkpt lat="33.61946" lon="-117.79777">
        <ele>207.24</ele>
        <time>2026-04-18T17:20:59Z</time>
      </trkpt>
      <trkpt lat="33.61947" lon="-117.79782">
        <ele>206.44</ele>
        <time>2026-04-18T17:21:03Z</time>
      </trkpt>
      <trkpt lat="33.61948" lon="-117.79787">
        <ele>205.47</ele>
        <time>2026-04-18T17:21:07Z</time>
      </trkpt>
      <trkpt lat="33.61949" lon="-117.79791">
        <ele>204.81</ele>
        <time>2026-04-18T17:21:11Z</time>
      </trkpt>
      <trkpt lat="33.61949" lon="-117.79796">
        <ele>204.54</ele>
        <time>2026-04-18T17:21:15Z</time>
      </trkpt>
      <trkpt lat="33.6195" lon="-117.79801">
        <ele>203.49</ele>
        <time>2026-04-18T17:21:19Z</time>
      </trkpt>
      <trkpt lat="33.61951" lon="-117.79806">
        <ele>202.5</ele>
        <time>2026-04-18T17:21:23Z</time>
      </trkpt>
      <trkpt lat="33.61952" lon="-117.7981">
        <ele>201.5</ele>
        <time>2026-04-18T17:21:27Z</time>
      </trkpt>
      <trkpt lat="33.61954" lon="-117.79807">
        <ele>201.56</ele>
        <time>2026-04-18T17:21:34Z</time>
      </trkpt>
      <trkpt lat="33.61955" lon="-117.79799">
        <ele>202.15</ele>
        <time>2026-04-18T17:21:36Z</time>
      </trkpt>
      <trkpt lat="33.61956" lon="-117.79793">
        <ele>202.1</ele>
        <time>2026-04-18T17:21:38Z</time>
      </trkpt>
      <trkpt lat="33.61956" lon="-117.79789">
        <ele>202.2</ele>
        <time>2026-04-18T17:21:40Z</time>
      </trkpt>
      <trkpt lat="33.61958" lon="-117.79785">
        <ele>201.73</ele>
        <time>2026-04-18T17:21:43Z</time>
      </trkpt>
      <trkpt lat="33.61959" lon="-117.79782">
        <ele>201.52</ele>
        <time>2026-04-18T17:21:46Z</time>
      </trkpt>
      <trkpt lat="33.6196" lon="-117.79778">
        <ele>201.27</ele>
        <time>2026-04-18T17:21:49Z</time>
      </trkpt>
      <trkpt lat="33.61961" lon="-117.79774">
        <ele>200.76</ele>
        <time>2026-04-18T17:21:52Z</time>
      </trkpt>
      <trkpt lat="33.61963" lon="-117.79771">
        <ele>199.99</ele>
        <time>2026-04-18T17:21:55Z</time>
      </trkpt>
      <trkpt lat="33.61964" lon="-117.79767">
        <ele>199.83</ele>
        <time>2026-04-18T17:21:58Z</time>
      </trkpt>
      <trkpt lat="33.61966" lon="-117.79764">
        <ele>199.5</ele>
        <time>2026-04-18T17:22:01Z</time>
      </trkpt>
      <trkpt lat="33.6197" lon="-117.79762">
        <ele>198.42</ele>
        <time>2026-04-18T17:22:03Z</time>
      </trkpt>
      <trkpt lat="33.61974" lon="-117.7976">
        <ele>197.34</ele>
        <time>2026-04-18T17:22:05Z</time>
      </trkpt>
      <trkpt lat="33.61976" lon="-117.79758">
        <ele>196.78</ele>
        <time>2026-04-18T17:22:07Z</time>
      </trkpt>
      <trkpt lat="33.61977" lon="-117.79754">
        <ele>196.45</ele>
        <time>2026-04-18T17:22:10Z</time>
      </trkpt>
      <trkpt lat="33.61978" lon="-117.7975">
        <ele>196.13</ele>
        <time>2026-04-18T17:22:13Z</time>
      </trkpt>
      <trkpt lat="33.6198" lon="-117.79747">
        <ele>195.48</ele>
        <time>2026-04-18T17:22:16Z</time>
      </trkpt>
      <trkpt lat="33.61982" lon="-117.79743">
        <ele>194.87</ele>
        <time>2026-04-18T17:22:19Z</time>
      </trkpt>
      <trkpt lat="33.61985" lon="-117.7974">
        <ele>194.29</ele>
        <time>2026-04-18T17:22:22Z</time>
      </trkpt>
      <trkpt lat="33.61987" lon="-117.79737">
        <ele>193.97</ele>
        <time>2026-04-18T17:22:25Z</time>
      </trkpt>
      <trkpt lat="33.61989" lon="-117.79735">
        <ele>193.49</ele>
        <time>2026-04-18T17:22:28Z</time>
      </trkpt>
      <trkpt lat="33.61992" lon="-117.79734">
        <ele>192.59</ele>
        <time>2026-04-18T17:22:32Z</time>
      </trkpt>
      <trkpt lat="33.61995" lon="-117.79733">
        <ele>191.62</ele>
        <time>2026-04-18T17:22:37Z</time>
      </trkpt>
      <trkpt lat="33.61998" lon="-117.79731">
        <ele>190.69</ele>
        <time>2026-04-18T17:22:41Z</time>
      </trkpt>
      <trkpt lat="33.62" lon="-117.79728">
        <ele>190.38</ele>
        <time>2026-04-18T17:22:45Z</time>
      </trkpt>
      <trkpt lat="33.62003" lon="-117.79725">
        <ele>189.83</ele>
        <time>2026-04-18T17:22:49Z</time>
      </trkpt>
      <trkpt lat="33.62005" lon="-117.79723">
        <ele>189.34</ele>
        <time>2026-04-18T17:22:53Z</time>
      </trkpt>
      <trkpt lat="33.62008" lon="-117.79721">
        <ele>188.39</ele>
        <time>2026-04-18T17:22:56Z</time>
      </trkpt>
      <trkpt lat="33.6201" lon="-117.79719">
        <ele>187.84</ele>
        <time>2026-04-18T17:22:59Z</time>
      </trkpt>
      <trkpt lat="33.62012" lon="-117.79717">
        <ele>187.41</ele>
        <time>2026-04-18T17:23:02Z</time>
      </trkpt>
      <trkpt lat="33.62014" lon="-117.79715">
        <ele>186.98</ele>
        <time>2026-04-18T17:23:05Z</time>
      </trkpt>
      <trkpt lat="33.62017" lon="-117.79714">
        <ele>186.33</ele>
        <time>2026-04-18T17:23:08Z</time>
      </trkpt>
      <trkpt lat="33.62019" lon="-117.79712">
        <ele>185.79</ele>
        <time>2026-04-18T17:23:11Z</time>
      </trkpt>
      <trkpt lat="33.62021" lon="-117.79711">
        <ele>185.25</ele>
        <time>2026-04-18T17:23:14Z</time>
      </trkpt>
      <trkpt lat="33.62024" lon="-117.79708">
        <ele>184.28</ele>
        <time>2026-04-18T17:23:18Z</time>
      </trkpt>
      <trkpt lat="33.62026" lon="-117.79707">
        <ele>183.74</ele>
        <time>2026-04-18T17:23:21Z</time>
      </trkpt>
      <trkpt lat="33.6203" lon="-117.79705">
        <ele>182.69</ele>
        <time>2026-04-18T17:23:25Z</time>
      </trkpt>
      <trkpt lat="33.62032" lon="-117.79706">
        <ele>182.45</ele>
        <time>2026-04-18T17:23:28Z</time>
      </trkpt>
      <trkpt lat="33.62034" lon="-117.79709">
        <ele>182.61</ele>
        <time>2026-04-18T17:23:30Z</time>
      </trkpt>
      <trkpt lat="33.62036" lon="-117.79713">
        <ele>183.11</ele>
        <time>2026-04-18T17:23:33Z</time>
      </trkpt>
      <trkpt lat="33.62039" lon="-117.79714">
        <ele>182.58</ele>
        <time>2026-04-18T17:23:36Z</time>
      </trkpt>
      <trkpt lat="33.62041" lon="-117.79715">
        <ele>182.14</ele>
        <time>2026-04-18T17:23:39Z</time>
      </trkpt>
      <trkpt lat="33.62044" lon="-117.79715">
        <ele>181.5</ele>
        <time>2026-04-18T17:23:43Z</time>
      </trkpt>
      <trkpt lat="33.62048" lon="-117.79715">
        <ele>180.67</ele>
        <time>2026-04-18T17:23:48Z</time>
      </trkpt>
      <trkpt lat="33.6205" lon="-117.79715">
        <ele>180.29</ele>
        <time>2026-04-18T17:23:52Z</time>
      </trkpt>
      <trkpt lat="33.62053" lon="-117.79716">
        <ele>179.79</ele>
        <time>2026-04-18T17:23:56Z</time>
      </trkpt>
      <trkpt lat="33.62056" lon="-117.79719">
        <ele>179.57</ele>
        <time>2026-04-18T17:24:00Z</time>
      </trkpt>
      <trkpt lat="33.62058" lon="-117.79722">
        <ele>179.45</ele>
        <time>2026-04-18T17:24:03Z</time>
      </trkpt>
      <trkpt lat="33.62057" lon="-117.79727">
        <ele>179.77</ele>
        <time>2026-04-18T17:24:05Z</time>
      </trkpt>
      <trkpt lat="33.62055" lon="-117.79733">
        <ele>180.12</ele>
        <time>2026-04-18T17:24:07Z</time>
      </trkpt>
      <trkpt lat="33.62053" lon="-117.79737">
        <ele>180.55</ele>
        <time>2026-04-18T17:24:09Z</time>
      </trkpt>
      <trkpt lat="33.62052" lon="-117.7974">
        <ele>180.77</ele>
        <time>2026-04-18T17:24:11Z</time>
      </trkpt>
      <trkpt lat="33.62051" lon="-117.79744">
        <ele>180.81</ele>
        <time>2026-04-18T17:24:14Z</time>
      </trkpt>
      <trkpt lat="33.6205" lon="-117.79747">
        <ele>180.79</ele>
        <time>2026-04-18T17:24:17Z</time>
      </trkpt>
      <trkpt lat="33.6205" lon="-117.79751">
        <ele>180.56</ele>
        <time>2026-04-18T17:24:20Z</time>
      </trkpt>
      <trkpt lat="33.6205" lon="-117.79755">
        <ele>180.38</ele>
        <time>2026-04-18T17:24:23Z</time>
      </trkpt>
      <trkpt lat="33.6205" lon="-117.79759">
        <ele>180.21</ele>
        <time>2026-04-18T17:24:26Z</time>
      </trkpt>
      <trkpt lat="33.62051" lon="-117.79763">
        <ele>179.79</ele>
        <time>2026-04-18T17:24:29Z</time>
      </trkpt>
      <trkpt lat="33.62051" lon="-117.79767">
        <ele>179.57</ele>
        <time>2026-04-18T17:24:32Z</time>
      </trkpt>
      <trkpt lat="33.62051" lon="-117.79771">
        <ele>179.49</ele>
        <time>2026-04-18T17:24:35Z</time>
      </trkpt>
      <trkpt lat="33.62052" lon="-117.79775">
        <ele>179.38</ele>
        <time>2026-04-18T17:24:38Z</time>
      </trkpt>
      <trkpt lat="33.62053" lon="-117.79779">
        <ele>179.18</ele>
        <time>2026-04-18T17:24:41Z</time>
      </trkpt>
      <trkpt lat="33.62054" lon="-117.79782">
        <ele>178.79</ele>
        <time>2026-04-18T17:24:44Z</time>
      </trkpt>
      <trkpt lat="33.62055" lon="-117.79786">
        <ele>178.23</ele>
        <time>2026-04-18T17:24:47Z</time>
      </trkpt>
      <trkpt lat="33.62055" lon="-117.7979">
        <ele>178.1</ele>
        <time>2026-04-18T17:24:50Z</time>
      </trkpt>
      <trkpt lat="33.62056" lon="-117.79794">
        <ele>177.95</ele>
        <time>2026-04-18T17:24:53Z</time>
      </trkpt>
      <trkpt lat="33.62056" lon="-117.79798">
        <ele>177.77</ele>
        <time>2026-04-18T17:24:56Z</time>
      </trkpt>
      <trkpt lat="33.62057" lon="-117.79802">
        <ele>177.23</ele>
        <time>2026-04-18T17:24:59Z</time>
      </trkpt>
      <trkpt lat="33.62057" lon="-117.79806">
        <ele>176.8</ele>
        <time>2026-04-18T17:25:02Z</time>
      </trkpt>
      <trkpt lat="33.62057" lon="-117.7981">
        <ele>176.36</ele>
        <time>2026-04-18T17:25:05Z</time>
      </trkpt>
      <trkpt lat="33.62058" lon="-117.79813">
        <ele>175.93</ele>
        <time>2026-04-18T17:25:08Z</time>
      </trkpt>
      <trkpt lat="33.62059" lon="-117.79817">
        <ele>175.3</ele>
        <time>2026-04-18T17:25:11Z</time>
      </trkpt>
      <trkpt lat="33.62062" lon="-117.79819">
        <ele>174.54</ele>
        <time>2026-04-18T17:25:14Z</time>
      </trkpt>
      <trkpt lat="33.62067" lon="-117.79818">
        <ele>174.16</ele>
        <time>2026-04-18T17:25:16Z</time>
      </trkpt>
      <trkpt lat="33.62071" lon="-117.79816">
        <ele>174.16</ele>
        <time>2026-04-18T17:25:18Z</time>
      </trkpt>
      <trkpt lat="33.62074" lon="-117.79815">
        <ele>173.99</ele>
        <time>2026-04-18T17:25:20Z</time>
      </trkpt>
      <trkpt lat="33.62077" lon="-117.79817">
        <ele>173.45</ele>
        <time>2026-04-18T17:25:23Z</time>
      </trkpt>
      <trkpt lat="33.62079" lon="-117.79819">
        <ele>173.02</ele>
        <time>2026-04-18T17:25:26Z</time>
      </trkpt>
      <trkpt lat="33.62081" lon="-117.79822">
        <ele>172.48</ele>
        <time>2026-04-18T17:25:29Z</time>
      </trkpt>
      <trkpt lat="33.62083" lon="-117.79825">
        <ele>171.93</ele>
        <time>2026-04-18T17:25:32Z</time>
      </trkpt>
      <trkpt lat="33.62085" lon="-117.79828">
        <ele>171.4</ele>
        <time>2026-04-18T17:25:35Z</time>
      </trkpt>
      <trkpt lat="33.62087" lon="-117.7983">
        <ele>170.96</ele>
        <time>2026-04-18T17:25:38Z</time>
      </trkpt>
      <trkpt lat="33.62089" lon="-117.79833">
        <ele>170.42</ele>
        <time>2026-04-18T17:25:41Z</time>
      </trkpt>
      <trkpt lat="33.62091" lon="-117.79836">
        <ele>169.83</ele>
        <time>2026-04-18T17:25:44Z</time>
      </trkpt>
      <trkpt lat="33.62093" lon="-117.7984">
        <ele>169.27</ele>
        <time>2026-04-18T17:25:47Z</time>
      </trkpt>
      <trkpt lat="33.62095" lon="-117.79843">
        <ele>168.96</ele>
        <time>2026-04-18T17:25:50Z</time>
      </trkpt>
      <trkpt lat="33.62096" lon="-117.79846">
        <ele>168.63</ele>
        <time>2026-04-18T17:25:53Z</time>
      </trkpt>
      <trkpt lat="33.62097" lon="-117.7985">
        <ele>168.2</ele>
        <time>2026-04-18T17:25:56Z</time>
      </trkpt>
      <trkpt lat="33.62098" lon="-117.79853">
        <ele>167.88</ele>
        <time>2026-04-18T17:25:59Z</time>
      </trkpt>
      <trkpt lat="33.62097" lon="-117.79856">
        <ele>167.55</ele>
        <time>2026-04-18T17:26:02Z</time>
      </trkpt>
      <trkpt lat="33.62096" lon="-117.79859">
        <ele>167.23</ele>
        <time>2026-04-18T17:26:05Z</time>
      </trkpt>
      <trkpt lat="33.62097" lon="-117.79862">
        <ele>166.9</ele>
        <time>2026-04-18T17:26:08Z</time>
      </trkpt>
      <trkpt lat="33.62098" lon="-117.79865">
        <ele>166.58</ele>
        <time>2026-04-18T17:26:11Z</time>
      </trkpt>
      <trkpt lat="33.62099" lon="-117.79869">
        <ele>166.15</ele>
        <time>2026-04-18T17:26:14Z</time>
      </trkpt>
      <trkpt lat="33.621" lon="-117.79872">
        <ele>165.82</ele>
        <time>2026-04-18T17:26:17Z</time>
      </trkpt>
      <trkpt lat="33.62101" lon="-117.79875">
        <ele>165.5</ele>
        <time>2026-04-18T17:26:20Z</time>
      </trkpt>
      <trkpt lat="33.62103" lon="-117.79878">
        <ele>165.18</ele>
        <time>2026-04-18T17:26:24Z</time>
      </trkpt>
      <trkpt lat="33.62104" lon="-117.79882">
        <ele>164.74</ele>
        <time>2026-04-18T17:26:28Z</time>
      </trkpt>
      <trkpt lat="33.62105" lon="-117.79886">
        <ele>164.31</ele>
        <time>2026-04-18T17:26:32Z</time>
      </trkpt>
      <trkpt lat="33.62106" lon="-117.7989">
        <ele>163.88</ele>
        <time>2026-04-18T17:26:36Z</time>
      </trkpt>
      <trkpt lat="33.62107" lon="-117.79894">
        <ele>163.45</ele>
        <time>2026-04-18T17:26:40Z</time>
      </trkpt>
      <trkpt lat="33.62108" lon="-117.79897">
        <ele>163.12</ele>
        <time>2026-04-18T17:26:43Z</time>
      </trkpt>
      <trkpt lat="33.62109" lon="-117.799">
        <ele>162.8</ele>
        <time>2026-04-18T17:26:46Z</time>
      </trkpt>
      <trkpt lat="33.62109" lon="-117.79903">
        <ele>162.48</ele>
        <time>2026-04-18T17:26:49Z</time>
      </trkpt>
      <trkpt lat="33.6211" lon="-117.79907">
        <ele>162.04</ele>
        <time>2026-04-18T17:26:52Z</time>
      </trkpt>
      <trkpt lat="33.62111" lon="-117.7991">
        <ele>161.72</ele>
        <time>2026-04-18T17:26:55Z</time>
      </trkpt>
      <trkpt lat="33.62112" lon="-117.79913">
        <ele>161.4</ele>
        <time>2026-04-18T17:26:58Z</time>
      </trkpt>
      <trkpt lat="33.62113" lon="-117.79916">
        <ele>161.07</ele>
        <time>2026-04-18T17:27:01Z</time>
      </trkpt>
      <trkpt lat="33.62114" lon="-117.79919">
        <ele>160.92</ele>
        <time>2026-04-18T17:27:04Z</time>
      </trkpt>
      <trkpt lat="33.62114" lon="-117.79923">
        <ele>160.79</ele>
        <time>2026-04-18T17:27:07Z</time>
      </trkpt>
      <trkpt lat="33.62115" lon="-117.79926">
        <ele>160.57</ele>
        <time>2026-04-18T17:27:10Z</time>
      </trkpt>
      <trkpt lat="33.62115" lon="-117.7993">
        <ele>160.14</ele>
        <time>2026-04-18T17:27:13Z</time>
      </trkpt>
      <trkpt lat="33.62116" lon="-117.79933">
        <ele>159.71</ele>
        <time>2026-04-18T17:27:16Z</time>
      </trkpt>
      <trkpt lat="33.62116" lon="-117.79937">
        <ele>159.38</ele>
        <time>2026-04-18T17:27:19Z</time>
      </trkpt>
      <trkpt lat="33.62116" lon="-117.79941">
        <ele>159.18</ele>
        <time>2026-04-18T17:27:22Z</time>
      </trkpt>
      <trkpt lat="33.62116" lon="-117.79947">
        <ele>158.87</ele>
        <time>2026-04-18T17:27:24Z</time>
      </trkpt>
      <trkpt lat="33.62116" lon="-117.79953">
        <ele>158.56</ele>
        <time>2026-04-18T17:27:26Z</time>
      </trkpt>
      <trkpt lat="33.62116" lon="-117.79957">
        <ele>158.17</ele>
        <time>2026-04-18T17:27:28Z</time>
      </trkpt>
      <trkpt lat="33.62117" lon="-117.7996">
        <ele>157.96</ele>
        <time>2026-04-18T17:27:31Z</time>
      </trkpt>
      <trkpt lat="33.6212" lon="-117.79962">
        <ele>158.06</ele>
        <time>2026-04-18T17:27:35Z</time>
      </trkpt>
      <trkpt lat="33.62123" lon="-117.79963">
        <ele>158.0</ele>
        <time>2026-04-18T17:27:37Z</time>
      </trkpt>
      <trkpt lat="33.62126" lon="-117.79964">
        <ele>157.89</ele>
        <time>2026-04-18T17:27:39Z</time>
      </trkpt>
      <trkpt lat="33.62129" lon="-117.79965">
        <ele>157.78</ele>
        <time>2026-04-18T17:27:41Z</time>
      </trkpt>
      <trkpt lat="33.62132" lon="-117.79967">
        <ele>157.68</ele>
        <time>2026-04-18T17:27:44Z</time>
      </trkpt>
      <trkpt lat="33.62135" lon="-117.7997">
        <ele>157.68</ele>
        <time>2026-04-18T17:27:47Z</time>
      </trkpt>
      <trkpt lat="33.62135" lon="-117.79973">
        <ele>157.53</ele>
        <time>2026-04-18T17:27:50Z</time>
      </trkpt>
      <trkpt lat="33.62132" lon="-117.79977">
        <ele>157.12</ele>
        <time>2026-04-18T17:27:53Z</time>
      </trkpt>
      <trkpt lat="33.62128" lon="-117.7998">
        <ele>156.85</ele>
        <time>2026-04-18T17:27:55Z</time>
      </trkpt>
      <trkpt lat="33.62125" lon="-117.79982">
        <ele>156.44</ele>
        <time>2026-04-18T17:27:57Z</time>
      </trkpt>
      <trkpt lat="33.62124" lon="-117.79985">
        <ele>156.01</ele>
        <time>2026-04-18T17:27:59Z</time>
      </trkpt>
      <trkpt lat="33.62122" lon="-117.79987">
        <ele>155.58</ele>
        <time>2026-04-18T17:28:01Z</time>
      </trkpt>
      <trkpt lat="33.6212" lon="-117.7999">
        <ele>155.08</ele>
        <time>2026-04-18T17:28:03Z</time>
      </trkpt>
      <trkpt lat="33.62117" lon="-117.79993">
        <ele>154.76</ele>
        <time>2026-04-18T17:28:06Z</time>
      </trkpt>
      <trkpt lat="33.62115" lon="-117.79997">
        <ele>154.32</ele>
        <time>2026-04-18T17:28:09Z</time>
      </trkpt>
      <trkpt lat="33.62112" lon="-117.8">
        <ele>154.0</ele>
        <time>2026-04-18T17:28:12Z</time>
      </trkpt>
      <trkpt lat="33.62111" lon="-117.80003">
        <ele>153.66</ele>
        <time>2026-04-18T17:28:15Z</time>
      </trkpt>
      <trkpt lat="33.62113" lon="-117.80007">
        <ele>153.4</ele>
        <time>2026-04-18T17:28:18Z</time>
      </trkpt>
      <trkpt lat="33.62114" lon="-117.8001">
        <ele>153.23</ele>
        <time>2026-04-18T17:28:21Z</time>
      </trkpt>
      <trkpt lat="33.62115" lon="-117.80014">
        <ele>152.91</ele>
        <time>2026-04-18T17:28:24Z</time>
      </trkpt>
      <trkpt lat="33.62114" lon="-117.80017">
        <ele>152.48</ele>
        <time>2026-04-18T17:28:27Z</time>
      </trkpt>
      <trkpt lat="33.62112" lon="-117.80021">
        <ele>151.83</ele>
        <time>2026-04-18T17:28:30Z</time>
      </trkpt>
      <trkpt lat="33.6211" lon="-117.80024">
        <ele>151.29</ele>
        <time>2026-04-18T17:28:33Z</time>
      </trkpt>
      <trkpt lat="33.62109" lon="-117.80028">
        <ele>150.76</ele>
        <time>2026-04-18T17:28:36Z</time>
      </trkpt>
      <trkpt lat="33.62108" lon="-117.80031">
        <ele>150.43</ele>
        <time>2026-04-18T17:28:39Z</time>
      </trkpt>
      <trkpt lat="33.62106" lon="-117.80034">
        <ele>149.71</ele>
        <time>2026-04-18T17:28:42Z</time>
      </trkpt>
      <trkpt lat="33.62105" lon="-117.80037">
        <ele>149.03</ele>
        <time>2026-04-18T17:28:45Z</time>
      </trkpt>
      <trkpt lat="33.62103" lon="-117.8004">
        <ele>148.05</ele>
        <time>2026-04-18T17:28:48Z</time>
      </trkpt>
      <trkpt lat="33.62102" lon="-117.80043">
        <ele>147.4</ele>
        <time>2026-04-18T17:28:52Z</time>
      </trkpt>
      <trkpt lat="33.62099" lon="-117.80043">
        <ele>146.94</ele>
        <time>2026-04-18T17:29:02Z</time>
      </trkpt>
      <trkpt lat="33.62098" lon="-117.80045">
        <ele>146.67</ele>
        <time>2026-04-18T17:29:07Z</time>
      </trkpt>
      <trkpt lat="33.62096" lon="-117.80048">
        <ele>146.18</ele>
        <time>2026-04-18T17:29:11Z</time>
      </trkpt>
      <trkpt lat="33.62094" lon="-117.80051">
        <ele>145.64</ele>
        <time>2026-04-18T17:29:15Z</time>
      </trkpt>
      <trkpt lat="33.62093" lon="-117.80055">
        <ele>145.1</ele>
        <time>2026-04-18T17:29:19Z</time>
      </trkpt>
      <trkpt lat="33.62092" lon="-117.80058">
        <ele>144.67</ele>
        <time>2026-04-18T17:29:22Z</time>
      </trkpt>
      <trkpt lat="33.62091" lon="-117.80061">
        <ele>144.24</ele>
        <time>2026-04-18T17:29:25Z</time>
      </trkpt>
      <trkpt lat="33.6209" lon="-117.80065">
        <ele>143.7</ele>
        <time>2026-04-18T17:29:29Z</time>
      </trkpt>
      <trkpt lat="33.62089" lon="-117.80069">
        <ele>143.16</ele>
        <time>2026-04-18T17:29:31Z</time>
      </trkpt>
      <trkpt lat="33.62089" lon="-117.80073">
        <ele>142.73</ele>
        <time>2026-04-18T17:29:33Z</time>
      </trkpt>
      <trkpt lat="33.62088" lon="-117.80077">
        <ele>141.87</ele>
        <time>2026-04-18T17:29:35Z</time>
      </trkpt>
      <trkpt lat="33.62088" lon="-117.80081">
        <ele>141.01</ele>
        <time>2026-04-18T17:29:38Z</time>
      </trkpt>
      <trkpt lat="33.62087" lon="-117.80085">
        <ele>140.22</ele>
        <time>2026-04-18T17:29:41Z</time>
      </trkpt>
      <trkpt lat="33.62086" lon="-117.80089">
        <ele>139.68</ele>
        <time>2026-04-18T17:29:45Z</time>
      </trkpt>
      <trkpt lat="33.62085" lon="-117.80092">
        <ele>139.24</ele>
        <time>2026-04-18T17:29:49Z</time>
      </trkpt>
      <trkpt lat="33.62084" lon="-117.80096">
        <ele>138.7</ele>
        <time>2026-04-18T17:29:53Z</time>
      </trkpt>
      <trkpt lat="33.62084" lon="-117.801">
        <ele>138.27</ele>
        <time>2026-04-18T17:29:57Z</time>
      </trkpt>
      <trkpt lat="33.62086" lon="-117.80104">
        <ele>138.06</ele>
        <time>2026-04-18T17:30:00Z</time>
      </trkpt>
      <trkpt lat="33.62087" lon="-117.80107">
        <ele>137.84</ele>
        <time>2026-04-18T17:30:03Z</time>
      </trkpt>
      <trkpt lat="33.62088" lon="-117.80111">
        <ele>137.52</ele>
        <time>2026-04-18T17:30:06Z</time>
      </trkpt>
      <trkpt lat="33.62088" lon="-117.80115">
        <ele>137.08</ele>
        <time>2026-04-18T17:30:09Z</time>
      </trkpt>
      <trkpt lat="33.62089" lon="-117.80119">
        <ele>136.76</ele>
        <time>2026-04-18T17:30:12Z</time>
      </trkpt>
      <trkpt lat="33.6209" lon="-117.80123">
        <ele>136.44</ele>
        <time>2026-04-18T17:30:15Z</time>
      </trkpt>
      <trkpt lat="33.62091" lon="-117.80127">
        <ele>136.11</ele>
        <time>2026-04-18T17:30:18Z</time>
      </trkpt>
      <trkpt lat="33.62091" lon="-117.80131">
        <ele>135.68</ele>
        <time>2026-04-18T17:30:21Z</time>
      </trkpt>
      <trkpt lat="33.62092" lon="-117.80134">
        <ele>135.46</ele>
        <time>2026-04-18T17:30:23Z</time>
      </trkpt>
      <trkpt lat="33.62092" lon="-117.80139">
        <ele>134.92</ele>
        <time>2026-04-18T17:30:25Z</time>
      </trkpt>
      <trkpt lat="33.62092" lon="-117.80143">
        <ele>134.49</ele>
        <time>2026-04-18T17:30:27Z</time>
      </trkpt>
      <trkpt lat="33.62092" lon="-117.80147">
        <ele>134.06</ele>
        <time>2026-04-18T17:30:29Z</time>
      </trkpt>
      <trkpt lat="33.62092" lon="-117.8015">
        <ele>133.74</ele>
        <time>2026-04-18T17:30:31Z</time>
      </trkpt>
      <trkpt lat="33.62092" lon="-117.80153">
        <ele>133.41</ele>
        <time>2026-04-18T17:30:33Z</time>
      </trkpt>
      <trkpt lat="33.62092" lon="-117.80158">
        <ele>132.88</ele>
        <time>2026-04-18T17:30:36Z</time>
      </trkpt>
      <trkpt lat="33.62092" lon="-117.80161">
        <ele>132.57</ele>
        <time>2026-04-18T17:30:39Z</time>
      </trkpt>
      <trkpt lat="33.6209" lon="-117.80165">
        <ele>132.13</ele>
        <time>2026-04-18T17:30:43Z</time>
      </trkpt>
      <trkpt lat="33.62088" lon="-117.80167">
        <ele>131.95</ele>
        <time>2026-04-18T17:30:45Z</time>
      </trkpt>
      <trkpt lat="33.62085" lon="-117.80169">
        <ele>131.54</ele>
        <time>2026-04-18T17:30:48Z</time>
      </trkpt>
      <trkpt lat="33.62081" lon="-117.80171">
        <ele>130.93</ele>
        <time>2026-04-18T17:30:51Z</time>
      </trkpt>
      <trkpt lat="33.62078" lon="-117.80174">
        <ele>130.3</ele>
        <time>2026-04-18T17:30:54Z</time>
      </trkpt>
      <trkpt lat="33.62076" lon="-117.80175">
        <ele>130.12</ele>
        <time>2026-04-18T17:30:57Z</time>
      </trkpt>
      <trkpt lat="33.62073" lon="-117.80178">
        <ele>129.66</ele>
        <time>2026-04-18T17:31:00Z</time>
      </trkpt>
      <trkpt lat="33.62071" lon="-117.80182">
        <ele>129.01</ele>
        <time>2026-04-18T17:31:03Z</time>
      </trkpt>
      <trkpt lat="33.62071" lon="-117.80187">
        <ele>128.54</ele>
        <time>2026-04-18T17:31:06Z</time>
      </trkpt>
      <trkpt lat="33.62074" lon="-117.8019">
        <ele>128.48</ele>
        <time>2026-04-18T17:31:08Z</time>
      </trkpt>
      <trkpt lat="33.62076" lon="-117.80192">
        <ele>128.42</ele>
        <time>2026-04-18T17:31:10Z</time>
      </trkpt>
      <trkpt lat="33.62076" lon="-117.80197">
        <ele>127.87</ele>
        <time>2026-04-18T17:31:13Z</time>
      </trkpt>
      <trkpt lat="33.62074" lon="-117.80201">
        <ele>127.3</ele>
        <time>2026-04-18T17:31:16Z</time>
      </trkpt>
      <trkpt lat="33.62072" lon="-117.80204">
        <ele>127.25</ele>
        <time>2026-04-18T17:31:18Z</time>
      </trkpt>
      <trkpt lat="33.62069" lon="-117.80206">
        <ele>127.66</ele>
        <time>2026-04-18T17:31:20Z</time>
      </trkpt>
      <trkpt lat="33.62065" lon="-117.80208">
        <ele>127.99</ele>
        <time>2026-04-18T17:31:22Z</time>
      </trkpt>
      <trkpt lat="33.62062" lon="-117.80207">
        <ele>128.0</ele>
        <time>2026-04-18T17:31:24Z</time>
      </trkpt>
      <trkpt lat="33.62059" lon="-117.80204">
        <ele>128.0</ele>
        <time>2026-04-18T17:31:26Z</time>
      </trkpt>
      <trkpt lat="33.62056" lon="-117.80202">
        <ele>128.0</ele>
        <time>2026-04-18T17:31:28Z</time>
      </trkpt>
      <trkpt lat="33.62053" lon="-117.802">
        <ele>128.0</ele>
        <time>2026-04-18T17:31:30Z</time>
      </trkpt>
      <trkpt lat="33.62051" lon="-117.80199">
        <ele>128.0</ele>
        <time>2026-04-18T17:31:32Z</time>
      </trkpt>
      <trkpt lat="33.62047" lon="-117.80198">
        <ele>128.0</ele>
        <time>2026-04-18T17:31:35Z</time>
      </trkpt>
      <trkpt lat="33.62044" lon="-117.80197">
        <ele>128.0</ele>
        <time>2026-04-18T17:31:37Z</time>
      </trkpt>
      <trkpt lat="33.62041" lon="-117.80196">
        <ele>128.0</ele>
        <time>2026-04-18T17:31:39Z</time>
      </trkpt>
      <trkpt lat="33.62037" lon="-117.80195">
        <ele>128.0</ele>
        <time>2026-04-18T17:31:42Z</time>
      </trkpt>
      <trkpt lat="33.62034" lon="-117.80194">
        <ele>128.0</ele>
        <time>2026-04-18T17:31:45Z</time>
      </trkpt>
      <trkpt lat="33.6203" lon="-117.80192">
        <ele>128.0</ele>
        <time>2026-04-18T17:31:48Z</time>
      </trkpt>
      <trkpt lat="33.62027" lon="-117.8019">
        <ele>128.0</ele>
        <time>2026-04-18T17:31:51Z</time>
      </trkpt>
      <trkpt lat="33.62024" lon="-117.80188">
        <ele>128.0</ele>
        <time>2026-04-18T17:31:54Z</time>
      </trkpt>
      <trkpt lat="33.62021" lon="-117.80187">
        <ele>128.0</ele>
        <time>2026-04-18T17:31:57Z</time>
      </trkpt>
      <trkpt lat="33.62017" lon="-117.80186">
        <ele>128.15</ele>
        <time>2026-04-18T17:32:00Z</time>
      </trkpt>
      <trkpt lat="33.62014" lon="-117.80184">
        <ele>128.55</ele>
        <time>2026-04-18T17:32:03Z</time>
      </trkpt>
      <trkpt lat="33.6201" lon="-117.80184">
        <ele>128.93</ele>
        <time>2026-04-18T17:32:06Z</time>
      </trkpt>
      <trkpt lat="33.62007" lon="-117.80183">
        <ele>129.0</ele>
        <time>2026-04-18T17:32:09Z</time>
      </trkpt>
      <trkpt lat="33.62004" lon="-117.80182">
        <ele>129.0</ele>
        <time>2026-04-18T17:32:12Z</time>
      </trkpt>
      <trkpt lat="33.62001" lon="-117.80182">
        <ele>129.0</ele>
        <time>2026-04-18T17:32:15Z</time>
      </trkpt>
      <trkpt lat="33.62" lon="-117.80187">
        <ele>128.8</ele>
        <time>2026-04-18T17:32:28Z</time>
      </trkpt>
      <trkpt lat="33.61999" lon="-117.80193">
        <ele>128.16</ele>
        <time>2026-04-18T17:32:30Z</time>
      </trkpt>
      <trkpt lat="33.61998" lon="-117.80196">
        <ele>128.0</ele>
        <time>2026-04-18T17:32:32Z</time>
      </trkpt>
      <trkpt lat="33.61996" lon="-117.80199">
        <ele>128.0</ele>
        <time>2026-04-18T17:32:35Z</time>
      </trkpt>
      <trkpt lat="33.61992" lon="-117.80199">
        <ele>128.0</ele>
        <time>2026-04-18T17:32:40Z</time>
      </trkpt>
      <trkpt lat="33.61989" lon="-117.80199">
        <ele>128.19</ele>
        <time>2026-04-18T17:32:45Z</time>
      </trkpt>
      <trkpt lat="33.61987" lon="-117.80198">
        <ele>128.4</ele>
        <time>2026-04-18T17:32:58Z</time>
      </trkpt>
      <trkpt lat="33.61985" lon="-117.802">
        <ele>128.62</ele>
        <time>2026-04-18T17:33:24Z</time>
      </trkpt>
      <trkpt lat="33.61982" lon="-117.80204">
        <ele>128.95</ele>
        <time>2026-04-18T17:33:57Z</time>
      </trkpt>
      <trkpt lat="33.6198" lon="-117.80207">
        <ele>129.0</ele>
        <time>2026-04-18T17:34:06Z</time>
      </trkpt>
      <trkpt lat="33.61978" lon="-117.8021">
        <ele>129.0</ele>
        <time>2026-04-18T17:34:13Z</time>
      </trkpt>
      <trkpt lat="33.61975" lon="-117.80214">
        <ele>129.0</ele>
        <time>2026-04-18T17:34:29Z</time>
      </trkpt>
      <trkpt lat="33.61971" lon="-117.80219">
        <ele>129.0</ele>
        <time>2026-04-18T17:35:03Z</time>
      </trkpt>
      <trkpt lat="33.61969" lon="-117.80224">
        <ele>129.0</ele>
        <time>2026-04-18T17:35:25Z</time>
      </trkpt>
      <trkpt lat="33.61966" lon="-117.80227">
        <ele>129.0</ele>
        <time>2026-04-18T17:35:37Z</time>
      </trkpt>
      <trkpt lat="33.61965" lon="-117.80232">
        <ele>129.0</ele>
        <time>2026-04-18T17:35:42Z</time>
      </trkpt>
      <trkpt lat="33.61964" lon="-117.80237">
        <ele>129.0</ele>
        <time>2026-04-18T17:35:44Z</time>
      </trkpt>
      <trkpt lat="33.61963" lon="-117.80241">
        <ele>129.03</ele>
        <time>2026-04-18T17:35:47Z</time>
      </trkpt>
      <trkpt lat="33.61966" lon="-117.80243">
        <ele>129.16</ele>
        <time>2026-04-18T17:36:00Z</time>
      </trkpt>
      <trkpt lat="33.6197" lon="-117.80242">
        <ele>129.03</ele>
        <time>2026-04-18T17:36:02Z</time>
      </trkpt>
      <trkpt lat="33.61973" lon="-117.80242">
        <ele>129.0</ele>
        <time>2026-04-18T17:36:04Z</time>
      </trkpt>
      <trkpt lat="33.61977" lon="-117.80242">
        <ele>129.0</ele>
        <time>2026-04-18T17:36:07Z</time>
      </trkpt>
      <trkpt lat="33.6198" lon="-117.80242">
        <ele>129.0</ele>
        <time>2026-04-18T17:36:10Z</time>
      </trkpt>
      <trkpt lat="33.61984" lon="-117.80243">
        <ele>129.0</ele>
        <time>2026-04-18T17:36:13Z</time>
      </trkpt>
      <trkpt lat="33.61987" lon="-117.80243">
        <ele>129.0</ele>
        <time>2026-04-18T17:36:16Z</time>
      </trkpt>
      <trkpt lat="33.6199" lon="-117.80243">
        <ele>129.0</ele>
        <time>2026-04-18T17:36:19Z</time>
      </trkpt>
      <trkpt lat="33.61993" lon="-117.80241">
        <ele>128.76</ele>
        <time>2026-04-18T17:36:22Z</time>
      </trkpt>
      <trkpt lat="33.61994" lon="-117.80237">
        <ele>128.79</ele>
        <time>2026-04-18T17:36:24Z</time>
      </trkpt>
      <trkpt lat="33.61996" lon="-117.80233">
        <ele>128.91</ele>
        <time>2026-04-18T17:36:26Z</time>
      </trkpt>
      <trkpt lat="33.61999" lon="-117.80231">
        <ele>128.95</ele>
        <time>2026-04-18T17:36:29Z</time>
      </trkpt>
      <trkpt lat="33.62002" lon="-117.80233">
        <ele>128.66</ele>
        <time>2026-04-18T17:36:32Z</time>
      </trkpt>
      <trkpt lat="33.62005" lon="-117.80235">
        <ele>128.29</ele>
        <time>2026-04-18T17:36:35Z</time>
      </trkpt>
      <trkpt lat="33.62009" lon="-117.80237">
        <ele>128.01</ele>
        <time>2026-04-18T17:36:38Z</time>
      </trkpt>
      <trkpt lat="33.62012" lon="-117.80239">
        <ele>128.0</ele>
        <time>2026-04-18T17:36:41Z</time>
      </trkpt>
      <trkpt lat="33.62015" lon="-117.80241">
        <ele>128.0</ele>
        <time>2026-04-18T17:36:44Z</time>
      </trkpt>
      <trkpt lat="33.62019" lon="-117.80243">
        <ele>127.95</ele>
        <time>2026-04-18T17:36:47Z</time>
      </trkpt>
      <trkpt lat="33.62022" lon="-117.80245">
        <ele>127.62</ele>
        <time>2026-04-18T17:36:50Z</time>
      </trkpt>
      <trkpt lat="33.62025" lon="-117.80247">
        <ele>127.3</ele>
        <time>2026-04-18T17:36:53Z</time>
      </trkpt>
      <trkpt lat="33.62029" lon="-117.80248">
        <ele>127.0</ele>
        <time>2026-04-18T17:36:56Z</time>
      </trkpt>
      <trkpt lat="33.62032" lon="-117.8025">
        <ele>127.0</ele>
        <time>2026-04-18T17:36:59Z</time>
      </trkpt>
      <trkpt lat="33.62035" lon="-117.80252">
        <ele>127.17</ele>
        <time>2026-04-18T17:37:02Z</time>
      </trkpt>
      <trkpt lat="33.62038" lon="-117.80253">
        <ele>127.36</ele>
        <time>2026-04-18T17:37:05Z</time>
      </trkpt>
      <trkpt lat="33.62041" lon="-117.80255">
        <ele>127.51</ele>
        <time>2026-04-18T17:37:08Z</time>
      </trkpt>
      <trkpt lat="33.62044" lon="-117.80257">
        <ele>127.37</ele>
        <time>2026-04-18T17:37:11Z</time>
      </trkpt>
      <trkpt lat="33.62047" lon="-117.80259">
        <ele>127.03</ele>
        <time>2026-04-18T17:37:14Z</time>
      </trkpt>
      <trkpt lat="33.6205" lon="-117.80261">
        <ele>127.0</ele>
        <time>2026-04-18T17:37:17Z</time>
      </trkpt>
      <trkpt lat="33.62048" lon="-117.80264">
        <ele>127.0</ele>
        <time>2026-04-18T17:37:21Z</time>
      </trkpt>
      <trkpt lat="33.62045" lon="-117.80265">
        <ele>127.14</ele>
        <time>2026-04-18T17:37:22Z</time>
      </trkpt>
      <trkpt lat="33.62042" lon="-117.80266">
        <ele>127.46</ele>
        <time>2026-04-18T17:37:23Z</time>
      </trkpt>
      <trkpt lat="33.62037" lon="-117.80268">
        <ele>128.0</ele>
        <time>2026-04-18T17:37:25Z</time>
      </trkpt>
      <trkpt lat="33.62034" lon="-117.80269">
        <ele>127.95</ele>
        <time>2026-04-18T17:37:27Z</time>
      </trkpt>
      <trkpt lat="33.62034" lon="-117.80266">
        <ele>127.91</ele>
        <time>2026-04-18T17:37:37Z</time>
      </trkpt>
      <trkpt lat="33.62036" lon="-117.80262">
        <ele>127.92</ele>
        <time>2026-04-18T17:37:40Z</time>
      </trkpt>
      <trkpt lat="33.62039" lon="-117.80259">
        <ele>127.77</ele>
        <time>2026-04-18T17:37:42Z</time>
      </trkpt>
      <trkpt lat="33.62041" lon="-117.80257">
        <ele>127.54</ele>
        <time>2026-04-18T17:37:46Z</time>
      </trkpt>
      <trkpt lat="33.62042" lon="-117.8026">
        <ele>127.46</ele>
        <time>2026-04-18T17:38:06Z</time>
      </trkpt>
      <trkpt lat="33.62039" lon="-117.80257">
        <ele>127.65</ele>
        <time>2026-04-18T17:38:41Z</time>
      </trkpt>
      <trkpt lat="33.62035" lon="-117.80255">
        <ele>127.42</ele>
        <time>2026-04-18T17:38:46Z</time>
      </trkpt>
      <trkpt lat="33.6203" lon="-117.80254">
        <ele>127.1</ele>
        <time>2026-04-18T17:38:48Z</time>
      </trkpt>
      <trkpt lat="33.62026" lon="-117.80253">
        <ele>127.19</ele>
        <time>2026-04-18T17:38:50Z</time>
      </trkpt>
      <trkpt lat="33.62021" lon="-117.80252">
        <ele>127.73</ele>
        <time>2026-04-18T17:38:53Z</time>
      </trkpt>
      <trkpt lat="33.62018" lon="-117.8025">
        <ele>128.0</ele>
        <time>2026-04-18T17:38:56Z</time>
      </trkpt>
      <trkpt lat="33.62014" lon="-117.80249">
        <ele>128.0</ele>
        <time>2026-04-18T17:39:00Z</time>
      </trkpt>
      <trkpt lat="33.62012" lon="-117.80247">
        <ele>128.0</ele>
        <time>2026-04-18T17:39:03Z</time>
      </trkpt>
      <trkpt lat="33.62009" lon="-117.80246">
        <ele>128.02</ele>
        <time>2026-04-18T17:39:06Z</time>
      </trkpt>
      <trkpt lat="33.62006" lon="-117.80244">
        <ele>128.12</ele>
        <time>2026-04-18T17:39:09Z</time>
      </trkpt>
      <trkpt lat="33.62003" lon="-117.80243">
        <ele>128.16</ele>
        <time>2026-04-18T17:39:12Z</time>
      </trkpt>
      <trkpt lat="33.62" lon="-117.8024">
        <ele>128.08</ele>
        <time>2026-04-18T17:39:15Z</time>
      </trkpt>
      <trkpt lat="33.61998" lon="-117.80237">
        <ele>128.53</ele>
        <time>2026-04-18T17:39:17Z</time>
      </trkpt>
      <trkpt lat="33.61995" lon="-117.80234">
        <ele>128.87</ele>
        <time>2026-04-18T17:39:20Z</time>
      </trkpt>
      <trkpt lat="33.61992" lon="-117.80233">
        <ele>128.98</ele>
        <time>2026-04-18T17:39:23Z</time>
      </trkpt>
      <trkpt lat="33.61989" lon="-117.80234">
        <ele>129.0</ele>
        <time>2026-04-18T17:39:26Z</time>
      </trkpt>
      <trkpt lat="33.61986" lon="-117.80235">
        <ele>129.0</ele>
        <time>2026-04-18T17:39:29Z</time>
      </trkpt>
      <trkpt lat="33.61985" lon="-117.80239">
        <ele>129.0</ele>
        <time>2026-04-18T17:39:32Z</time>
      </trkpt>
      <trkpt lat="33.61984" lon="-117.80242">
        <ele>129.0</ele>
        <time>2026-04-18T17:39:34Z</time>
      </trkpt>
      <trkpt lat="33.61981" lon="-117.80244">
        <ele>129.0</ele>
        <time>2026-04-18T17:39:38Z</time>
      </trkpt>
      <trkpt lat="33.61978" lon="-117.80243">
        <ele>129.0</ele>
        <time>2026-04-18T17:39:41Z</time>
      </trkpt>
      <trkpt lat="33.61974" lon="-117.80243">
        <ele>129.0</ele>
        <time>2026-04-18T17:39:44Z</time>
      </trkpt>
      <trkpt lat="33.6197" lon="-117.80242">
        <ele>129.03</ele>
        <time>2026-04-18T17:39:47Z</time>
      </trkpt>
      <trkpt lat="33.61967" lon="-117.80242">
        <ele>129.08</ele>
        <time>2026-04-18T17:39:50Z</time>
      </trkpt>
      <trkpt lat="33.61963" lon="-117.80243">
        <ele>129.24</ele>
        <time>2026-04-18T17:39:53Z</time>
      </trkpt>
      <trkpt lat="33.6196" lon="-117.80244">
        <ele>128.9</ele>
        <time>2026-04-18T17:39:56Z</time>
      </trkpt>
      <trkpt lat="33.61957" lon="-117.80246">
        <ele>128.1</ele>
        <time>2026-04-18T17:39:59Z</time>
      </trkpt>
      <trkpt lat="33.61955" lon="-117.80248">
        <ele>127.09</ele>
        <time>2026-04-18T17:40:02Z</time>
      </trkpt>
      <trkpt lat="33.61953" lon="-117.80251">
        <ele>126.07</ele>
        <time>2026-04-18T17:40:05Z</time>
      </trkpt>
      <trkpt lat="33.61953" lon="-117.80255">
        <ele>126.67</ele>
        <time>2026-04-18T17:40:08Z</time>
      </trkpt>
      <trkpt lat="33.61954" lon="-117.80258">
        <ele>126.83</ele>
        <time>2026-04-18T17:40:10Z</time>
      </trkpt>
      <trkpt lat="33.61953" lon="-117.80263">
        <ele>128.39</ele>
        <time>2026-04-18T17:40:13Z</time>
      </trkpt>
      <trkpt lat="33.61952" lon="-117.80266">
        <ele>129.38</ele>
        <time>2026-04-18T17:40:15Z</time>
      </trkpt>
      <trkpt lat="33.61951" lon="-117.80269">
        <ele>130.05</ele>
        <time>2026-04-18T17:40:17Z</time>
      </trkpt>
      <trkpt lat="33.61949" lon="-117.80272">
        <ele>130.38</ele>
        <time>2026-04-18T17:40:19Z</time>
      </trkpt>
      <trkpt lat="33.61948" lon="-117.80275">
        <ele>130.7</ele>
        <time>2026-04-18T17:40:24Z</time>
      </trkpt>
      <trkpt lat="33.61951" lon="-117.80275">
        <ele>130.7</ele>
        <time>2026-04-18T17:40:30Z</time>
      </trkpt>
      <trkpt lat="33.61953" lon="-117.80276">
        <ele>130.81</ele>
        <time>2026-04-18T17:40:32Z</time>
      </trkpt>
      <trkpt lat="33.61956" lon="-117.80276">
        <ele>130.51</ele>
        <time>2026-04-18T17:40:34Z</time>
      </trkpt>
      <trkpt lat="33.6196" lon="-117.80277">
        <ele>130.18</ele>
        <time>2026-04-18T17:40:37Z</time>
      </trkpt>
      <trkpt lat="33.61963" lon="-117.80279">
        <ele>130.12</ele>
        <time>2026-04-18T17:40:40Z</time>
      </trkpt>
      <trkpt lat="33.61965" lon="-117.80281">
        <ele>129.84</ele>
        <time>2026-04-18T17:40:43Z</time>
      </trkpt>
      <trkpt lat="33.61963" lon="-117.80284">
        <ele>130.67</ele>
        <time>2026-04-18T17:40:47Z</time>
      </trkpt>
      <trkpt lat="33.6196" lon="-117.80284">
        <ele>130.99</ele>
        <time>2026-04-18T17:40:50Z</time>
      </trkpt>
      <trkpt lat="33.61956" lon="-117.80283">
        <ele>131.32</ele>
        <time>2026-04-18T17:40:53Z</time>
      </trkpt>
      <trkpt lat="33.61954" lon="-117.80281">
        <ele>131.32</ele>
        <time>2026-04-18T17:40:55Z</time>
      </trkpt>
      <trkpt lat="33.61952" lon="-117.80279">
        <ele>131.16</ele>
        <time>2026-04-18T17:40:57Z</time>
      </trkpt>
      <trkpt lat="33.61949" lon="-117.80276">
        <ele>130.81</ele>
        <time>2026-04-18T17:41:00Z</time>
      </trkpt>
      <trkpt lat="33.61946" lon="-117.80274">
        <ele>130.59</ele>
        <time>2026-04-18T17:41:03Z</time>
      </trkpt>
      <trkpt lat="33.61943" lon="-117.80272">
        <ele>130.43</ele>
        <time>2026-04-18T17:41:06Z</time>
      </trkpt>
      <trkpt lat="33.6194" lon="-117.80269">
        <ele>130.08</ele>
        <time>2026-04-18T17:41:09Z</time>
      </trkpt>
      <trkpt lat="33.61937" lon="-117.8027">
        <ele>130.29</ele>
        <time>2026-04-18T17:41:12Z</time>
      </trkpt>
      <trkpt lat="33.61939" lon="-117.80275">
        <ele>131.11</ele>
        <time>2026-04-18T17:41:15Z</time>
      </trkpt>
      <trkpt lat="33.61942" lon="-117.80278">
        <ele>131.31</ele>
        <time>2026-04-18T17:41:17Z</time>
      </trkpt>
      <trkpt lat="33.61945" lon="-117.8028">
        <ele>131.47</ele>
        <time>2026-04-18T17:41:19Z</time>
      </trkpt>
      <trkpt lat="33.61948" lon="-117.80282">
        <ele>131.74</ele>
        <time>2026-04-18T17:41:21Z</time>
      </trkpt>
      <trkpt lat="33.6195" lon="-117.80283">
        <ele>131.79</ele>
        <time>2026-04-18T17:41:23Z</time>
      </trkpt>
      <trkpt lat="33.61953" lon="-117.80285">
        <ele>131.84</ele>
        <time>2026-04-18T17:41:25Z</time>
      </trkpt>
      <trkpt lat="33.61956" lon="-117.80288">
        <ele>131.96</ele>
        <time>2026-04-18T17:41:28Z</time>
      </trkpt>
      <trkpt lat="33.61959" lon="-117.80291">
        <ele>132.28</ele>
        <time>2026-04-18T17:41:31Z</time>
      </trkpt>
      <trkpt lat="33.61962" lon="-117.80293">
        <ele>132.39</ele>
        <time>2026-04-18T17:41:34Z</time>
      </trkpt>
      <trkpt lat="33.61965" lon="-117.80296">
        <ele>132.72</ele>
        <time>2026-04-18T17:41:37Z</time>
      </trkpt>
      <trkpt lat="33.61967" lon="-117.80298">
        <ele>132.93</ele>
        <time>2026-04-18T17:41:40Z</time>
      </trkpt>
      <trkpt lat="33.6197" lon="-117.803">
        <ele>133.04</ele>
        <time>2026-04-18T17:41:43Z</time>
      </trkpt>
      <trkpt lat="33.61973" lon="-117.80301">
        <ele>132.97</ele>
        <time>2026-04-18T17:41:46Z</time>
      </trkpt>
      <trkpt lat="33.61975" lon="-117.803">
        <ele>132.68</ele>
        <time>2026-04-18T17:41:49Z</time>
      </trkpt>
      <trkpt lat="33.61978" lon="-117.80299">
        <ele>132.4</ele>
        <time>2026-04-18T17:41:52Z</time>
      </trkpt>
      <trkpt lat="33.61981" lon="-117.80299">
        <ele>132.31</ele>
        <time>2026-04-18T17:41:55Z</time>
      </trkpt>
      <trkpt lat="33.61985" lon="-117.80299">
        <ele>132.4</ele>
        <time>2026-04-18T17:41:58Z</time>
      </trkpt>
      <trkpt lat="33.61988" lon="-117.80299">
        <ele>132.5</ele>
        <time>2026-04-18T17:42:01Z</time>
      </trkpt>
      <trkpt lat="33.61992" lon="-117.803">
        <ele>132.83</ele>
        <time>2026-04-18T17:42:04Z</time>
      </trkpt>
      <trkpt lat="33.61995" lon="-117.80301">
        <ele>133.01</ele>
        <time>2026-04-18T17:42:07Z</time>
      </trkpt>
      <trkpt lat="33.61999" lon="-117.80303">
        <ele>133.05</ele>
        <time>2026-04-18T17:42:10Z</time>
      </trkpt>
      <trkpt lat="33.62002" lon="-117.80305">
        <ele>132.77</ele>
        <time>2026-04-18T17:42:13Z</time>
      </trkpt>
      <trkpt lat="33.62005" lon="-117.80307">
        <ele>132.69</ele>
        <time>2026-04-18T17:42:15Z</time>
      </trkpt>
      <trkpt lat="33.62007" lon="-117.8031">
        <ele>132.84</ele>
        <time>2026-04-18T17:42:17Z</time>
      </trkpt>
      <trkpt lat="33.62009" lon="-117.80315">
        <ele>133.08</ele>
        <time>2026-04-18T17:42:19Z</time>
      </trkpt>
      <trkpt lat="33.62011" lon="-117.80318">
        <ele>133.16</ele>
        <time>2026-04-18T17:42:21Z</time>
      </trkpt>
      <trkpt lat="33.62012" lon="-117.80322">
        <ele>133.48</ele>
        <time>2026-04-18T17:42:23Z</time>
      </trkpt>
      <trkpt lat="33.62015" lon="-117.80325">
        <ele>133.54</ele>
        <time>2026-04-18T17:42:26Z</time>
      </trkpt>
      <trkpt lat="33.62018" lon="-117.80328">
        <ele>133.88</ele>
        <time>2026-04-18T17:42:29Z</time>
      </trkpt>
      <trkpt lat="33.6202" lon="-117.8033">
        <ele>134.28</ele>
        <time>2026-04-18T17:42:32Z</time>
      </trkpt>
      <trkpt lat="33.62023" lon="-117.80331">
        <ele>134.5</ele>
        <time>2026-04-18T17:42:35Z</time>
      </trkpt>
      <trkpt lat="33.62026" lon="-117.80332">
        <ele>134.71</ele>
        <time>2026-04-18T17:42:38Z</time>
      </trkpt>
      <trkpt lat="33.62029" lon="-117.80332">
        <ele>134.69</ele>
        <time>2026-04-18T17:42:41Z</time>
      </trkpt>
      <trkpt lat="33.62031" lon="-117.80332">
        <ele>134.66</ele>
        <time>2026-04-18T17:42:44Z</time>
      </trkpt>
      <trkpt lat="33.62034" lon="-117.80332">
        <ele>134.62</ele>
        <time>2026-04-18T17:42:47Z</time>
      </trkpt>
      <trkpt lat="33.62037" lon="-117.80332">
        <ele>134.57</ele>
        <time>2026-04-18T17:42:50Z</time>
      </trkpt>
      <trkpt lat="33.6204" lon="-117.80332">
        <ele>134.34</ele>
        <time>2026-04-18T17:42:53Z</time>
      </trkpt>
      <trkpt lat="33.62043" lon="-117.80332">
        <ele>134.11</ele>
        <time>2026-04-18T17:42:56Z</time>
      </trkpt>
      <trkpt lat="33.62046" lon="-117.80333">
        <ele>133.99</ele>
        <time>2026-04-18T17:42:59Z</time>
      </trkpt>
      <trkpt lat="33.62049" lon="-117.80334">
        <ele>134.1</ele>
        <time>2026-04-18T17:43:03Z</time>
      </trkpt>
      <trkpt lat="33.62051" lon="-117.80336">
        <ele>134.28</ele>
        <time>2026-04-18T17:43:11Z</time>
      </trkpt>
      <trkpt lat="33.62053" lon="-117.80338">
        <ele>134.28</ele>
        <time>2026-04-18T17:43:18Z</time>
      </trkpt>
      <trkpt lat="33.62056" lon="-117.80341">
        <ele>133.95</ele>
        <time>2026-04-18T17:43:24Z</time>
      </trkpt>
      <trkpt lat="33.62057" lon="-117.80345">
        <ele>133.84</ele>
        <time>2026-04-18T17:43:27Z</time>
      </trkpt>
      <trkpt lat="33.62057" lon="-117.80349">
        <ele>133.84</ele>
        <time>2026-04-18T17:43:29Z</time>
      </trkpt>
      <trkpt lat="33.62057" lon="-117.80353">
        <ele>133.82</ele>
        <time>2026-04-18T17:43:32Z</time>
      </trkpt>
      <trkpt lat="33.62057" lon="-117.80357">
        <ele>133.76</ele>
        <time>2026-04-18T17:43:35Z</time>
      </trkpt>
      <trkpt lat="33.62054" lon="-117.8036">
        <ele>134.19</ele>
        <time>2026-04-18T17:43:38Z</time>
      </trkpt>
      <trkpt lat="33.62052" lon="-117.80364">
        <ele>134.07</ele>
        <time>2026-04-18T17:43:41Z</time>
      </trkpt>
      <trkpt lat="33.6205" lon="-117.80367">
        <ele>133.96</ele>
        <time>2026-04-18T17:43:44Z</time>
      </trkpt>
      <trkpt lat="33.62049" lon="-117.80371">
        <ele>133.64</ele>
        <time>2026-04-18T17:43:47Z</time>
      </trkpt>
      <trkpt lat="33.62047" lon="-117.80375">
        <ele>133.42</ele>
        <time>2026-04-18T17:43:50Z</time>
      </trkpt>
      <trkpt lat="33.62045" lon="-117.80379">
        <ele>133.48</ele>
        <time>2026-04-18T17:43:53Z</time>
      </trkpt>
      <trkpt lat="33.62044" lon="-117.80383">
        <ele>133.65</ele>
        <time>2026-04-18T17:43:56Z</time>
      </trkpt>
      <trkpt lat="33.62042" lon="-117.80387">
        <ele>134.02</ele>
        <time>2026-04-18T17:43:59Z</time>
      </trkpt>
      <trkpt lat="33.62043" lon="-117.80391">
        <ele>133.71</ele>
        <time>2026-04-18T17:44:02Z</time>
      </trkpt>
      <trkpt lat="33.62045" lon="-117.80395">
        <ele>133.28</ele>
        <time>2026-04-18T17:44:05Z</time>
      </trkpt>
      <trkpt lat="33.62047" lon="-117.80397">
        <ele>132.91</ele>
        <time>2026-04-18T17:44:07Z</time>
      </trkpt>
      <trkpt lat="33.62049" lon="-117.80399">
        <ele>132.64</ele>
        <time>2026-04-18T17:44:09Z</time>
      </trkpt>
      <trkpt lat="33.62053" lon="-117.804">
        <ele>132.22</ele>
        <time>2026-04-18T17:44:12Z</time>
      </trkpt>
      <trkpt lat="33.62057" lon="-117.80401">
        <ele>131.89</ele>
        <time>2026-04-18T17:44:15Z</time>
      </trkpt>
      <trkpt lat="33.6206" lon="-117.80402">
        <ele>131.72</ele>
        <time>2026-04-18T17:44:18Z</time>
      </trkpt>
      <trkpt lat="33.62064" lon="-117.80403">
        <ele>131.57</ele>
        <time>2026-04-18T17:44:21Z</time>
      </trkpt>
      <trkpt lat="33.62068" lon="-117.80402">
        <ele>131.42</ele>
        <time>2026-04-18T17:44:24Z</time>
      </trkpt>
      <trkpt lat="33.62072" lon="-117.80402">
        <ele>131.42</ele>
        <time>2026-04-18T17:44:27Z</time>
      </trkpt>
      <trkpt lat="33.62075" lon="-117.80402">
        <ele>131.36</ele>
        <time>2026-04-18T17:44:30Z</time>
      </trkpt>
      <trkpt lat="33.62078" lon="-117.80402">
        <ele>131.17</ele>
        <time>2026-04-18T17:44:33Z</time>
      </trkpt>
      <trkpt lat="33.62082" lon="-117.80402">
        <ele>130.92</ele>
        <time>2026-04-18T17:44:36Z</time>
      </trkpt>
      <trkpt lat="33.62085" lon="-117.80402">
        <ele>130.83</ele>
        <time>2026-04-18T17:44:39Z</time>
      </trkpt>
      <trkpt lat="33.62088" lon="-117.80403">
        <ele>131.05</ele>
        <time>2026-04-18T17:44:43Z</time>
      </trkpt>
      <trkpt lat="33.62091" lon="-117.80403">
        <ele>131.05</ele>
        <time>2026-04-18T17:44:46Z</time>
      </trkpt>
      <trkpt lat="33.62094" lon="-117.80403">
        <ele>130.97</ele>
        <time>2026-04-18T17:44:49Z</time>
      </trkpt>
      <trkpt lat="33.62097" lon="-117.80404">
        <ele>130.96</ele>
        <time>2026-04-18T17:44:52Z</time>
      </trkpt>
      <trkpt lat="33.621" lon="-117.80404">
        <ele>130.76</ele>
        <time>2026-04-18T17:44:55Z</time>
      </trkpt>
      <trkpt lat="33.62104" lon="-117.80404">
        <ele>130.4</ele>
        <time>2026-04-18T17:44:58Z</time>
      </trkpt>
      <trkpt lat="33.62107" lon="-117.80405">
        <ele>130.18</ele>
        <time>2026-04-18T17:45:01Z</time>
      </trkpt>
      <trkpt lat="33.6211" lon="-117.80406">
        <ele>129.97</ele>
        <time>2026-04-18T17:45:04Z</time>
      </trkpt>
      <trkpt lat="33.62114" lon="-117.80407">
        <ele>129.66</ele>
        <time>2026-04-18T17:45:07Z</time>
      </trkpt>
      <trkpt lat="33.62117" lon="-117.80409">
        <ele>129.6</ele>
        <time>2026-04-18T17:45:10Z</time>
      </trkpt>
      <trkpt lat="33.62119" lon="-117.80413">
        <ele>129.84</ele>
        <time>2026-04-18T17:45:12Z</time>
      </trkpt>
      <trkpt lat="33.62122" lon="-117.80417">
        <ele>129.69</ele>
        <time>2026-04-18T17:45:14Z</time>
      </trkpt>
      <trkpt lat="33.62124" lon="-117.8042">
        <ele>129.72</ele>
        <time>2026-04-18T17:45:16Z</time>
      </trkpt>
      <trkpt lat="33.62126" lon="-117.80422">
        <ele>129.71</ele>
        <time>2026-04-18T17:45:18Z</time>
      </trkpt>
      <trkpt lat="33.62129" lon="-117.80425">
        <ele>129.87</ele>
        <time>2026-04-18T17:45:21Z</time>
      </trkpt>
      <trkpt lat="33.62132" lon="-117.80427">
        <ele>129.63</ele>
        <time>2026-04-18T17:45:24Z</time>
      </trkpt>
      <trkpt lat="33.62136" lon="-117.8043">
        <ele>129.37</ele>
        <time>2026-04-18T17:45:27Z</time>
      </trkpt>
      <trkpt lat="33.62139" lon="-117.80432">
        <ele>129.29</ele>
        <time>2026-04-18T17:45:30Z</time>
      </trkpt>
      <trkpt lat="33.62142" lon="-117.80434">
        <ele>129.07</ele>
        <time>2026-04-18T17:45:33Z</time>
      </trkpt>
      <trkpt lat="33.62145" lon="-117.80436">
        <ele>128.86</ele>
        <time>2026-04-18T17:45:36Z</time>
      </trkpt>
      <trkpt lat="33.62148" lon="-117.80439">
        <ele>128.86</ele>
        <time>2026-04-18T17:45:39Z</time>
      </trkpt>
      <trkpt lat="33.62151" lon="-117.80441">
        <ele>128.53</ele>
        <time>2026-04-18T17:45:42Z</time>
      </trkpt>
      <trkpt lat="33.62154" lon="-117.80443">
        <ele>128.33</ele>
        <time>2026-04-18T17:45:45Z</time>
      </trkpt>
      <trkpt lat="33.62157" lon="-117.80445">
        <ele>128.21</ele>
        <time>2026-04-18T17:45:48Z</time>
      </trkpt>
      <trkpt lat="33.6216" lon="-117.80447">
        <ele>127.71</ele>
        <time>2026-04-18T17:45:51Z</time>
      </trkpt>
      <trkpt lat="33.62162" lon="-117.80449">
        <ele>127.5</ele>
        <time>2026-04-18T17:45:54Z</time>
      </trkpt>
      <trkpt lat="33.62165" lon="-117.80452">
        <ele>127.17</ele>
        <time>2026-04-18T17:45:57Z</time>
      </trkpt>
      <trkpt lat="33.62168" lon="-117.80454">
        <ele>126.63</ele>
        <time>2026-04-18T17:46:00Z</time>
      </trkpt>
      <trkpt lat="33.62171" lon="-117.80457">
        <ele>126.31</ele>
        <time>2026-04-18T17:46:03Z</time>
      </trkpt>
      <trkpt lat="33.62174" lon="-117.80459">
        <ele>125.77</ele>
        <time>2026-04-18T17:46:06Z</time>
      </trkpt>
      <trkpt lat="33.62177" lon="-117.80462">
        <ele>125.46</ele>
        <time>2026-04-18T17:46:09Z</time>
      </trkpt>
      <trkpt lat="33.62179" lon="-117.80465">
        <ele>125.22</ele>
        <time>2026-04-18T17:46:12Z</time>
      </trkpt>
      <trkpt lat="33.6218" lon="-117.8047">
        <ele>125.44</ele>
        <time>2026-04-18T17:46:15Z</time>
      </trkpt>
      <trkpt lat="33.62179" lon="-117.80475">
        <ele>126.2</ele>
        <time>2026-04-18T17:46:17Z</time>
      </trkpt>
      <trkpt lat="33.62178" lon="-117.80479">
        <ele>126.9</ele>
        <time>2026-04-18T17:46:19Z</time>
      </trkpt>
      <trkpt lat="33.62178" lon="-117.80482">
        <ele>127.16</ele>
        <time>2026-04-18T17:46:21Z</time>
      </trkpt>
      <trkpt lat="33.62179" lon="-117.80485">
        <ele>127.05</ele>
        <time>2026-04-18T17:46:23Z</time>
      </trkpt>
      <trkpt lat="33.62181" lon="-117.80489">
        <ele>126.62</ele>
        <time>2026-04-18T17:46:26Z</time>
      </trkpt>
      <trkpt lat="33.62182" lon="-117.80493">
        <ele>126.38</ele>
        <time>2026-04-18T17:46:29Z</time>
      </trkpt>
      <trkpt lat="33.62183" lon="-117.80497">
        <ele>125.94</ele>
        <time>2026-04-18T17:46:32Z</time>
      </trkpt>
      <trkpt lat="33.62184" lon="-117.80501">
        <ele>125.51</ele>
        <time>2026-04-18T17:46:35Z</time>
      </trkpt>
      <trkpt lat="33.62185" lon="-117.80506">
        <ele>125.08</ele>
        <time>2026-04-18T17:46:38Z</time>
      </trkpt>
      <trkpt lat="33.62185" lon="-117.8051">
        <ele>125.08</ele>
        <time>2026-04-18T17:46:41Z</time>
      </trkpt>
      <trkpt lat="33.62186" lon="-117.80514">
        <ele>124.87</ele>
        <time>2026-04-18T17:46:44Z</time>
      </trkpt>
      <trkpt lat="33.62186" lon="-117.80519">
        <ele>124.91</ele>
        <time>2026-04-18T17:46:47Z</time>
      </trkpt>
      <trkpt lat="33.62186" lon="-117.80523">
        <ele>124.91</ele>
        <time>2026-04-18T17:46:50Z</time>
      </trkpt>
      <trkpt lat="33.62187" lon="-117.80527">
        <ele>124.8</ele>
        <time>2026-04-18T17:46:53Z</time>
      </trkpt>
      <trkpt lat="33.62188" lon="-117.80531">
        <ele>125.04</ele>
        <time>2026-04-18T17:46:56Z</time>
      </trkpt>
      <trkpt lat="33.62191" lon="-117.80535">
        <ele>125.15</ele>
        <time>2026-04-18T17:46:59Z</time>
      </trkpt>
      <trkpt lat="33.62194" lon="-117.80537">
        <ele>125.04</ele>
        <time>2026-04-18T17:47:01Z</time>
      </trkpt>
      <trkpt lat="33.62196" lon="-117.80539">
        <ele>124.87</ele>
        <time>2026-04-18T17:47:03Z</time>
      </trkpt>
      <trkpt lat="33.62198" lon="-117.8054">
        <ele>124.74</ele>
        <time>2026-04-18T17:47:05Z</time>
      </trkpt>
      <trkpt lat="33.62202" lon="-117.80538">
        <ele>124.27</ele>
        <time>2026-04-18T17:47:08Z</time>
      </trkpt>
      <trkpt lat="33.62205" lon="-117.80537">
        <ele>123.86</ele>
        <time>2026-04-18T17:47:11Z</time>
      </trkpt>
      <trkpt lat="33.62208" lon="-117.80538">
        <ele>123.64</ele>
        <time>2026-04-18T17:47:14Z</time>
      </trkpt>
      <trkpt lat="33.62211" lon="-117.8054">
        <ele>123.53</ele>
        <time>2026-04-18T17:47:16Z</time>
      </trkpt>
      <trkpt lat="33.62213" lon="-117.80543">
        <ele>123.64</ele>
        <time>2026-04-18T17:47:19Z</time>
      </trkpt>
      <trkpt lat="33.62216" lon="-117.80542">
        <ele>123.36</ele>
        <time>2026-04-18T17:47:23Z</time>
      </trkpt>
      <trkpt lat="33.62216" lon="-117.80538">
        <ele>123.07</ele>
        <time>2026-04-18T17:47:26Z</time>
      </trkpt>
      <trkpt lat="33.62213" lon="-117.80533">
        <ele>123.0</ele>
        <time>2026-04-18T17:47:28Z</time>
      </trkpt>
      <trkpt lat="33.6221" lon="-117.80528">
        <ele>123.01</ele>
        <time>2026-04-18T17:47:30Z</time>
      </trkpt>
      <trkpt lat="33.62207" lon="-117.80525">
        <ele>122.89</ele>
        <time>2026-04-18T17:47:32Z</time>
      </trkpt>
      <trkpt lat="33.62205" lon="-117.80523">
        <ele>122.93</ele>
        <time>2026-04-18T17:47:34Z</time>
      </trkpt>
      <trkpt lat="33.62203" lon="-117.80519">
        <ele>123.08</ele>
        <time>2026-04-18T17:47:37Z</time>
      </trkpt>
      <trkpt lat="33.62204" lon="-117.80515">
        <ele>122.97</ele>
        <time>2026-04-18T17:47:40Z</time>
      </trkpt>
      <trkpt lat="33.62206" lon="-117.80513">
        <ele>122.75</ele>
        <time>2026-04-18T17:47:42Z</time>
      </trkpt>
      <trkpt lat="33.62209" lon="-117.80511">
        <ele>122.43</ele>
        <time>2026-04-18T17:47:44Z</time>
      </trkpt>
      <trkpt lat="33.62212" lon="-117.80511">
        <ele>122.1</ele>
        <time>2026-04-18T17:47:46Z</time>
      </trkpt>
      <trkpt lat="33.62215" lon="-117.80513">
        <ele>121.87</ele>
        <time>2026-04-18T17:47:48Z</time>
      </trkpt>
      <trkpt lat="33.62217" lon="-117.80516">
        <ele>121.88</ele>
        <time>2026-04-18T17:47:50Z</time>
      </trkpt>
      <trkpt lat="33.6222" lon="-117.80518">
        <ele>121.96</ele>
        <time>2026-04-18T17:47:52Z</time>
      </trkpt>
      <trkpt lat="33.62223" lon="-117.80519">
        <ele>121.92</ele>
        <time>2026-04-18T17:47:54Z</time>
      </trkpt>
      <trkpt lat="33.62225" lon="-117.8052">
        <ele>121.75</ele>
        <time>2026-04-18T17:47:56Z</time>
      </trkpt>
      <trkpt lat="33.62228" lon="-117.80521">
        <ele>121.54</ele>
        <time>2026-04-18T17:47:58Z</time>
      </trkpt>
      <trkpt lat="33.62231" lon="-117.80522">
        <ele>121.41</ele>
        <time>2026-04-18T17:48:01Z</time>
      </trkpt>
      <trkpt lat="33.62235" lon="-117.80522">
        <ele>121.23</ele>
        <time>2026-04-18T17:48:04Z</time>
      </trkpt>
      <trkpt lat="33.62238" lon="-117.80521">
        <ele>121.08</ele>
        <time>2026-04-18T17:48:07Z</time>
      </trkpt>
      <trkpt lat="33.6224" lon="-117.80519">
        <ele>121.0</ele>
        <time>2026-04-18T17:48:09Z</time>
      </trkpt>
      <trkpt lat="33.6224" lon="-117.80515">
        <ele>120.65</ele>
        <time>2026-04-18T17:48:11Z</time>
      </trkpt>
      <trkpt lat="33.6224" lon="-117.80512">
        <ele>120.35</ele>
        <time>2026-04-18T17:48:13Z</time>
      </trkpt>
      <trkpt lat="33.62238" lon="-117.80509">
        <ele>120.29</ele>
        <time>2026-04-18T17:48:15Z</time>
      </trkpt>
      <trkpt lat="33.62237" lon="-117.80505">
        <ele>120.22</ele>
        <time>2026-04-18T17:48:17Z</time>
      </trkpt>
      <trkpt lat="33.62236" lon="-117.80502">
        <ele>120.11</ele>
        <time>2026-04-18T17:48:19Z</time>
      </trkpt>
      <trkpt lat="33.62234" lon="-117.80499">
        <ele>120.0</ele>
        <time>2026-04-18T17:48:21Z</time>
      </trkpt>
      <trkpt lat="33.62233" lon="-117.80497">
        <ele>120.0</ele>
        <time>2026-04-18T17:48:23Z</time>
      </trkpt>
      <trkpt lat="33.62231" lon="-117.80494">
        <ele>120.02</ele>
        <time>2026-04-18T17:48:25Z</time>
      </trkpt>
      <trkpt lat="33.62229" lon="-117.80491">
        <ele>120.01</ele>
        <time>2026-04-18T17:48:27Z</time>
      </trkpt>
      <trkpt lat="33.62227" lon="-117.80489">
        <ele>119.9</ele>
        <time>2026-04-18T17:48:29Z</time>
      </trkpt>
      <trkpt lat="33.62225" lon="-117.80485">
        <ele>119.81</ele>
        <time>2026-04-18T17:48:32Z</time>
      </trkpt>
      <trkpt lat="33.62223" lon="-117.80481">
        <ele>119.87</ele>
        <time>2026-04-18T17:48:35Z</time>
      </trkpt>
      <trkpt lat="33.6222" lon="-117.80478">
        <ele>119.71</ele>
        <time>2026-04-18T17:48:38Z</time>
      </trkpt>
      <trkpt lat="33.62218" lon="-117.80474">
        <ele>119.56</ele>
        <time>2026-04-18T17:48:41Z</time>
      </trkpt>
      <trkpt lat="33.62216" lon="-117.8047">
        <ele>119.67</ele>
        <time>2026-04-18T17:48:44Z</time>
      </trkpt>
      <trkpt lat="33.62213" lon="-117.80467">
        <ele>120.0</ele>
        <time>2026-04-18T17:48:47Z</time>
      </trkpt>
      <trkpt lat="33.62211" lon="-117.80463">
        <ele>120.0</ele>
        <time>2026-04-18T17:48:50Z</time>
      </trkpt>
      <trkpt lat="33.62209" lon="-117.8046">
        <ele>119.82</ele>
        <time>2026-04-18T17:48:53Z</time>
      </trkpt>
      <trkpt lat="33.62208" lon="-117.80456">
        <ele>119.65</ele>
        <time>2026-04-18T17:48:56Z</time>
      </trkpt>
      <trkpt lat="33.62206" lon="-117.80452">
        <ele>119.75</ele>
        <time>2026-04-18T17:48:59Z</time>
      </trkpt>
      <trkpt lat="33.62205" lon="-117.80448">
        <ele>119.86</ele>
        <time>2026-04-18T17:49:02Z</time>
      </trkpt>
      <trkpt lat="33.62206" lon="-117.80444">
        <ele>119.75</ele>
        <time>2026-04-18T17:49:05Z</time>
      </trkpt>
      <trkpt lat="33.62208" lon="-117.80441">
        <ele>119.54</ele>
        <time>2026-04-18T17:49:07Z</time>
      </trkpt>
      <trkpt lat="33.6221" lon="-117.80438">
        <ele>119.32</ele>
        <time>2026-04-18T17:49:09Z</time>
      </trkpt>
      <trkpt lat="33.62212" lon="-117.80434">
        <ele>119.1</ele>
        <time>2026-04-18T17:49:12Z</time>
      </trkpt>
      <trkpt lat="33.62213" lon="-117.80431">
        <ele>119.0</ele>
        <time>2026-04-18T17:49:14Z</time>
      </trkpt>
      <trkpt lat="33.62215" lon="-117.80427">
        <ele>119.0</ele>
        <time>2026-04-18T17:49:17Z</time>
      </trkpt>
      <trkpt lat="33.62217" lon="-117.80423">
        <ele>119.0</ele>
        <time>2026-04-18T17:49:20Z</time>
      </trkpt>
      <trkpt lat="33.62219" lon="-117.80418">
        <ele>119.0</ele>
        <time>2026-04-18T17:49:23Z</time>
      </trkpt>
      <trkpt lat="33.62221" lon="-117.80414">
        <ele>119.0</ele>
        <time>2026-04-18T17:49:26Z</time>
      </trkpt>
      <trkpt lat="33.62224" lon="-117.80411">
        <ele>118.81</ele>
        <time>2026-04-18T17:49:29Z</time>
      </trkpt>
      <trkpt lat="33.62226" lon="-117.80407">
        <ele>118.59</ele>
        <time>2026-04-18T17:49:32Z</time>
      </trkpt>
      <trkpt lat="33.62228" lon="-117.80403">
        <ele>118.38</ele>
        <time>2026-04-18T17:49:35Z</time>
      </trkpt>
      <trkpt lat="33.62229" lon="-117.80399">
        <ele>118.27</ele>
        <time>2026-04-18T17:49:38Z</time>
      </trkpt>
      <trkpt lat="33.6223" lon="-117.80395">
        <ele>118.16</ele>
        <time>2026-04-18T17:49:41Z</time>
      </trkpt>
      <trkpt lat="33.62231" lon="-117.80391">
        <ele>118.05</ele>
        <time>2026-04-18T17:49:44Z</time>
      </trkpt>
      <trkpt lat="33.62232" lon="-117.80386">
        <ele>117.94</ele>
        <time>2026-04-18T17:49:47Z</time>
      </trkpt>
      <trkpt lat="33.62234" lon="-117.80382">
        <ele>117.73</ele>
        <time>2026-04-18T17:49:50Z</time>
      </trkpt>
      <trkpt lat="33.62236" lon="-117.80378">
        <ele>117.51</ele>
        <time>2026-04-18T17:49:53Z</time>
      </trkpt>
      <trkpt lat="33.62238" lon="-117.80375">
        <ele>117.3</ele>
        <time>2026-04-18T17:49:56Z</time>
      </trkpt>
      <trkpt lat="33.6224" lon="-117.80371">
        <ele>117.08</ele>
        <time>2026-04-18T17:49:59Z</time>
      </trkpt>
      <trkpt lat="33.62243" lon="-117.80368">
        <ele>116.88</ele>
        <time>2026-04-18T17:50:02Z</time>
      </trkpt>
      <trkpt lat="33.62246" lon="-117.80367">
        <ele>116.59</ele>
        <time>2026-04-18T17:50:04Z</time>
      </trkpt>
      <trkpt lat="33.6225" lon="-117.80368">
        <ele>116.49</ele>
        <time>2026-04-18T17:50:06Z</time>
      </trkpt>
      <trkpt lat="33.62254" lon="-117.8037">
        <ele>116.49</ele>
        <time>2026-04-18T17:50:08Z</time>
      </trkpt>
      <trkpt lat="33.62257" lon="-117.80372">
        <ele>116.24</ele>
        <time>2026-04-18T17:50:10Z</time>
      </trkpt>
      <trkpt lat="33.62261" lon="-117.80374">
        <ele>116.0</ele>
        <time>2026-04-18T17:50:12Z</time>
      </trkpt>
      <trkpt lat="33.62264" lon="-117.80375">
        <ele>116.0</ele>
        <time>2026-04-18T17:50:14Z</time>
      </trkpt>
      <trkpt lat="33.62267" lon="-117.80376">
        <ele>116.0</ele>
        <time>2026-04-18T17:50:16Z</time>
      </trkpt>
      <trkpt lat="33.62269" lon="-117.80378">
        <ele>116.0</ele>
        <time>2026-04-18T17:50:18Z</time>
      </trkpt>
      <trkpt lat="33.62272" lon="-117.80379">
        <ele>116.0</ele>
        <time>2026-04-18T17:50:20Z</time>
      </trkpt>
      <trkpt lat="33.62274" lon="-117.80382">
        <ele>115.85</ele>
        <time>2026-04-18T17:50:22Z</time>
      </trkpt>
      <trkpt lat="33.62276" lon="-117.80384">
        <ele>115.62</ele>
        <time>2026-04-18T17:50:24Z</time>
      </trkpt>
      <trkpt lat="33.62279" lon="-117.80387">
        <ele>115.18</ele>
        <time>2026-04-18T17:50:27Z</time>
      </trkpt>
      <trkpt lat="33.62282" lon="-117.80389">
        <ele>115.0</ele>
        <time>2026-04-18T17:50:30Z</time>
      </trkpt>
      <trkpt lat="33.62286" lon="-117.8039">
        <ele>115.0</ele>
        <time>2026-04-18T17:50:33Z</time>
      </trkpt>
      <trkpt lat="33.62289" lon="-117.80389">
        <ele>114.79</ele>
        <time>2026-04-18T17:50:36Z</time>
      </trkpt>
      <trkpt lat="33.62292" lon="-117.80388">
        <ele>114.52</ele>
        <time>2026-04-18T17:50:39Z</time>
      </trkpt>
      <trkpt lat="33.62294" lon="-117.80386">
        <ele>114.48</ele>
        <time>2026-04-18T17:50:41Z</time>
      </trkpt>
      <trkpt lat="33.62297" lon="-117.80384">
        <ele>114.53</ele>
        <time>2026-04-18T17:50:44Z</time>
      </trkpt>
      <trkpt lat="33.623" lon="-117.80384">
        <ele>114.53</ele>
        <time>2026-04-18T17:50:47Z</time>
      </trkpt>
      <trkpt lat="33.62304" lon="-117.80383">
        <ele>114.64</ele>
        <time>2026-04-18T17:50:50Z</time>
      </trkpt>
      <trkpt lat="33.62307" lon="-117.80383">
        <ele>114.54</ele>
        <time>2026-04-18T17:50:53Z</time>
      </trkpt>
      <trkpt lat="33.6231" lon="-117.80384">
        <ele>114.27</ele>
        <time>2026-04-18T17:50:56Z</time>
      </trkpt>
      <trkpt lat="33.62313" lon="-117.80385">
        <ele>114.08</ele>
        <time>2026-04-18T17:50:59Z</time>
      </trkpt>
      <trkpt lat="33.62317" lon="-117.80385">
        <ele>113.76</ele>
        <time>2026-04-18T17:51:02Z</time>
      </trkpt>
      <trkpt lat="33.62319" lon="-117.80386">
        <ele>113.55</ele>
        <time>2026-04-18T17:51:05Z</time>
      </trkpt>
      <trkpt lat="33.62323" lon="-117.80387">
        <ele>113.12</ele>
        <time>2026-04-18T17:51:08Z</time>
      </trkpt>
      <trkpt lat="33.62326" lon="-117.80387">
        <ele>112.96</ele>
        <time>2026-04-18T17:51:11Z</time>
      </trkpt>
      <trkpt lat="33.62329" lon="-117.80388">
        <ele>112.95</ele>
        <time>2026-04-18T17:51:14Z</time>
      </trkpt>
      <trkpt lat="33.62332" lon="-117.80389">
        <ele>113.0</ele>
        <time>2026-04-18T17:51:17Z</time>
      </trkpt>
      <trkpt lat="33.62335" lon="-117.80389">
        <ele>113.0</ele>
        <time>2026-04-18T17:51:20Z</time>
      </trkpt>
      <trkpt lat="33.62339" lon="-117.80389">
        <ele>112.99</ele>
        <time>2026-04-18T17:51:23Z</time>
      </trkpt>
      <trkpt lat="33.62342" lon="-117.8039">
        <ele>112.89</ele>
        <time>2026-04-18T17:51:26Z</time>
      </trkpt>
      <trkpt lat="33.62346" lon="-117.8039">
        <ele>112.56</ele>
        <time>2026-04-18T17:51:29Z</time>
      </trkpt>
      <trkpt lat="33.62349" lon="-117.80389">
        <ele>112.3</ele>
        <time>2026-04-18T17:51:32Z</time>
      </trkpt>
      <trkpt lat="33.62353" lon="-117.80389">
        <ele>112.0</ele>
        <time>2026-04-18T17:51:35Z</time>
      </trkpt>
      <trkpt lat="33.62357" lon="-117.80388">
        <ele>112.04</ele>
        <time>2026-04-18T17:51:38Z</time>
      </trkpt>
      <trkpt lat="33.6236" lon="-117.80388">
        <ele>112.01</ele>
        <time>2026-04-18T17:51:41Z</time>
      </trkpt>
      <trkpt lat="33.62364" lon="-117.80387">
        <ele>111.69</ele>
        <time>2026-04-18T17:51:44Z</time>
      </trkpt>
      <trkpt lat="33.62367" lon="-117.80386">
        <ele>111.36</ele>
        <time>2026-04-18T17:51:47Z</time>
      </trkpt>
      <trkpt lat="33.6237" lon="-117.80384">
        <ele>111.04</ele>
        <time>2026-04-18T17:51:49Z</time>
      </trkpt>
      <trkpt lat="33.62372" lon="-117.80382">
        <ele>111.0</ele>
        <time>2026-04-18T17:51:51Z</time>
      </trkpt>
      <trkpt lat="33.62376" lon="-117.80381">
        <ele>111.0</ele>
        <time>2026-04-18T17:51:54Z</time>
      </trkpt>
      <trkpt lat="33.62379" lon="-117.80382">
        <ele>111.0</ele>
        <time>2026-04-18T17:51:57Z</time>
      </trkpt>
      <trkpt lat="33.62379" lon="-117.80386">
        <ele>111.0</ele>
        <time>2026-04-18T17:52:00Z</time>
      </trkpt>
      <trkpt lat="33.62378" lon="-117.8039">
        <ele>111.0</ele>
        <time>2026-04-18T17:52:02Z</time>
      </trkpt>
      <trkpt lat="33.62377" lon="-117.80393">
        <ele>111.0</ele>
        <time>2026-04-18T17:52:04Z</time>
      </trkpt>
      <trkpt lat="33.62375" lon="-117.80396">
        <ele>111.0</ele>
        <time>2026-04-18T17:52:06Z</time>
      </trkpt>
      <trkpt lat="33.62373" lon="-117.80398">
        <ele>111.0</ele>
        <time>2026-04-18T17:52:08Z</time>
      </trkpt>
      <trkpt lat="33.62372" lon="-117.80401">
        <ele>110.95</ele>
        <time>2026-04-18T17:52:10Z</time>
      </trkpt>
      <trkpt lat="33.6237" lon="-117.80404">
        <ele>111.01</ele>
        <time>2026-04-18T17:52:12Z</time>
      </trkpt>
      <trkpt lat="33.62368" lon="-117.80406">
        <ele>111.04</ele>
        <time>2026-04-18T17:52:14Z</time>
      </trkpt>
      <trkpt lat="33.62365" lon="-117.80409">
        <ele>111.1</ele>
        <time>2026-04-18T17:52:17Z</time>
      </trkpt>
      <trkpt lat="33.62362" lon="-117.80412">
        <ele>111.45</ele>
        <time>2026-04-18T17:52:20Z</time>
      </trkpt>
      <trkpt lat="33.62359" lon="-117.80415">
        <ele>111.86</ele>
        <time>2026-04-18T17:52:23Z</time>
      </trkpt>
      <trkpt lat="33.62357" lon="-117.80418">
        <ele>111.92</ele>
        <time>2026-04-18T17:52:26Z</time>
      </trkpt>
      <trkpt lat="33.62355" lon="-117.80421">
        <ele>111.84</ele>
        <time>2026-04-18T17:52:29Z</time>
      </trkpt>
      <trkpt lat="33.62356" lon="-117.80425">
        <ele>111.6</ele>
        <time>2026-04-18T17:52:32Z</time>
      </trkpt>
      <trkpt lat="33.62357" lon="-117.80428">
        <ele>111.44</ele>
        <time>2026-04-18T17:52:35Z</time>
      </trkpt>
      <trkpt lat="33.62357" lon="-117.80432">
        <ele>111.44</ele>
        <time>2026-04-18T17:52:38Z</time>
      </trkpt>
      <trkpt lat="33.62357" lon="-117.80436">
        <ele>111.44</ele>
        <time>2026-04-18T17:52:41Z</time>
      </trkpt>
      <trkpt lat="33.62357" lon="-117.8044">
        <ele>111.44</ele>
        <time>2026-04-18T17:52:44Z</time>
      </trkpt>
      <trkpt lat="33.62357" lon="-117.80444">
        <ele>111.44</ele>
        <time>2026-04-18T17:52:47Z</time>
      </trkpt>
      <trkpt lat="33.62358" lon="-117.80448">
        <ele>111.59</ele>
        <time>2026-04-18T17:52:50Z</time>
      </trkpt>
      <trkpt lat="33.62361" lon="-117.80451">
        <ele>111.71</ele>
        <time>2026-04-18T17:52:53Z</time>
      </trkpt>
      <trkpt lat="33.62365" lon="-117.80453">
        <ele>111.54</ele>
        <time>2026-04-18T17:52:55Z</time>
      </trkpt>
      <trkpt lat="33.62368" lon="-117.80455">
        <ele>111.26</ele>
        <time>2026-04-18T17:52:57Z</time>
      </trkpt>
      <trkpt lat="33.6237" lon="-117.80457">
        <ele>111.04</ele>
        <time>2026-04-18T17:52:59Z</time>
      </trkpt>
      <trkpt lat="33.62373" lon="-117.80458">
        <ele>111.0</ele>
        <time>2026-04-18T17:53:01Z</time>
      </trkpt>
      <trkpt lat="33.62377" lon="-117.80457">
        <ele>111.0</ele>
        <time>2026-04-18T17:53:04Z</time>
      </trkpt>
      <trkpt lat="33.6238" lon="-117.80457">
        <ele>110.96</ele>
        <time>2026-04-18T17:53:07Z</time>
      </trkpt>
      <trkpt lat="33.62384" lon="-117.80459">
        <ele>110.53</ele>
        <time>2026-04-18T17:53:10Z</time>
      </trkpt>
      <trkpt lat="33.62386" lon="-117.80461">
        <ele>110.31</ele>
        <time>2026-04-18T17:53:12Z</time>
      </trkpt>
      <trkpt lat="33.62389" lon="-117.80464">
        <ele>109.99</ele>
        <time>2026-04-18T17:53:15Z</time>
      </trkpt>
      <trkpt lat="33.62392" lon="-117.80467">
        <ele>109.66</ele>
        <time>2026-04-18T17:53:18Z</time>
      </trkpt>
      <trkpt lat="33.62394" lon="-117.80469">
        <ele>109.45</ele>
        <time>2026-04-18T17:53:21Z</time>
      </trkpt>
      <trkpt lat="33.62397" lon="-117.80471">
        <ele>109.12</ele>
        <time>2026-04-18T17:53:24Z</time>
      </trkpt>
      <trkpt lat="33.62399" lon="-117.80473">
        <ele>108.99</ele>
        <time>2026-04-18T17:53:27Z</time>
      </trkpt>
      <trkpt lat="33.62402" lon="-117.80475">
        <ele>108.88</ele>
        <time>2026-04-18T17:53:30Z</time>
      </trkpt>
      <trkpt lat="33.62405" lon="-117.80477">
        <ele>108.62</ele>
        <time>2026-04-18T17:53:33Z</time>
      </trkpt>
      <trkpt lat="33.62408" lon="-117.80479">
        <ele>108.25</ele>
        <time>2026-04-18T17:53:36Z</time>
      </trkpt>
      <trkpt lat="33.6241" lon="-117.80482">
        <ele>108.04</ele>
        <time>2026-04-18T17:53:39Z</time>
      </trkpt>
      <trkpt lat="33.62413" lon="-117.80485">
        <ele>108.15</ele>
        <time>2026-04-18T17:53:42Z</time>
      </trkpt>
      <trkpt lat="33.62416" lon="-117.80487">
        <ele>108.04</ele>
        <time>2026-04-18T17:53:45Z</time>
      </trkpt>
      <trkpt lat="33.62419" lon="-117.8049">
        <ele>108.0</ele>
        <time>2026-04-18T17:53:48Z</time>
      </trkpt>
      <trkpt lat="33.62422" lon="-117.80491">
        <ele>108.0</ele>
        <time>2026-04-18T17:53:51Z</time>
      </trkpt>
      <trkpt lat="33.62425" lon="-117.80493">
        <ele>108.0</ele>
        <time>2026-04-18T17:53:54Z</time>
      </trkpt>
      <trkpt lat="33.62428" lon="-117.80493">
        <ele>107.78</ele>
        <time>2026-04-18T17:53:57Z</time>
      </trkpt>
      <trkpt lat="33.6243" lon="-117.8049">
        <ele>107.56</ele>
        <time>2026-04-18T17:53:59Z</time>
      </trkpt>
      <trkpt lat="33.62432" lon="-117.80486">
        <ele>107.34</ele>
        <time>2026-04-18T17:54:01Z</time>
      </trkpt>
      <trkpt lat="33.62434" lon="-117.80484">
        <ele>107.13</ele>
        <time>2026-04-18T17:54:03Z</time>
      </trkpt>
      <trkpt lat="33.62437" lon="-117.80483">
        <ele>106.84</ele>
        <time>2026-04-18T17:54:06Z</time>
      </trkpt>
      <trkpt lat="33.6244" lon="-117.80483">
        <ele>106.57</ele>
        <time>2026-04-18T17:54:09Z</time>
      </trkpt>
      <trkpt lat="33.62443" lon="-117.80483">
        <ele>106.29</ele>
        <time>2026-04-18T17:54:12Z</time>
      </trkpt>
      <trkpt lat="33.62446" lon="-117.80483">
        <ele>106.14</ele>
        <time>2026-04-18T17:54:15Z</time>
      </trkpt>
      <trkpt lat="33.6245" lon="-117.80483">
        <ele>106.07</ele>
        <time>2026-04-18T17:54:18Z</time>
      </trkpt>
      <trkpt lat="33.62453" lon="-117.80484">
        <ele>106.02</ele>
        <time>2026-04-18T17:54:21Z</time>
      </trkpt>
      <trkpt lat="33.62456" lon="-117.80485">
        <ele>105.85</ele>
        <time>2026-04-18T17:54:24Z</time>
      </trkpt>
      <trkpt lat="33.62459" lon="-117.80487">
        <ele>105.77</ele>
        <time>2026-04-18T17:54:27Z</time>
      </trkpt>
      <trkpt lat="33.62461" lon="-117.8049">
        <ele>105.94</ele>
        <time>2026-04-18T17:54:29Z</time>
      </trkpt>
      <trkpt lat="33.62463" lon="-117.80493">
        <ele>105.75</ele>
        <time>2026-04-18T17:54:31Z</time>
      </trkpt>
      <trkpt lat="33.62465" lon="-117.80496">
        <ele>105.34</ele>
        <time>2026-04-18T17:54:33Z</time>
      </trkpt>
      <trkpt lat="33.62467" lon="-117.80499">
        <ele>105.06</ele>
        <time>2026-04-18T17:54:35Z</time>
      </trkpt>
      <trkpt lat="33.62469" lon="-117.80502">
        <ele>105.22</ele>
        <time>2026-04-18T17:54:37Z</time>
      </trkpt>
      <trkpt lat="33.62471" lon="-117.80505">
        <ele>105.54</ele>
        <time>2026-04-18T17:54:39Z</time>
      </trkpt>
      <trkpt lat="33.62473" lon="-117.80507">
        <ele>105.69</ele>
        <time>2026-04-18T17:54:41Z</time>
      </trkpt>
      <trkpt lat="33.62475" lon="-117.8051">
        <ele>105.7</ele>
        <time>2026-04-18T17:54:44Z</time>
      </trkpt>
      <trkpt lat="33.62478" lon="-117.80513">
        <ele>105.38</ele>
        <time>2026-04-18T17:54:47Z</time>
      </trkpt>
      <trkpt lat="33.62481" lon="-117.80516">
        <ele>105.05</ele>
        <time>2026-04-18T17:54:50Z</time>
      </trkpt>
      <trkpt lat="33.62484" lon="-117.80519">
        <ele>105.04</ele>
        <time>2026-04-18T17:54:53Z</time>
      </trkpt>
      <trkpt lat="33.62487" lon="-117.80522">
        <ele>105.15</ele>
        <time>2026-04-18T17:54:56Z</time>
      </trkpt>
      <trkpt lat="33.6249" lon="-117.80525">
        <ele>105.06</ele>
        <time>2026-04-18T17:54:59Z</time>
      </trkpt>
      <trkpt lat="33.62492" lon="-117.80527">
        <ele>104.99</ele>
        <time>2026-04-18T17:55:02Z</time>
      </trkpt>
      <trkpt lat="33.62495" lon="-117.80529">
        <ele>105.07</ele>
        <time>2026-04-18T17:55:05Z</time>
      </trkpt>
      <trkpt lat="33.62498" lon="-117.80531">
        <ele>105.08</ele>
        <time>2026-04-18T17:55:08Z</time>
      </trkpt>
      <trkpt lat="33.62501" lon="-117.80529">
        <ele>105.0</ele>
        <time>2026-04-18T17:55:11Z</time>
      </trkpt>
      <trkpt lat="33.62503" lon="-117.80523">
        <ele>104.48</ele>
        <time>2026-04-18T17:55:13Z</time>
      </trkpt>
      <trkpt lat="33.62505" lon="-117.80519">
        <ele>104.05</ele>
        <time>2026-04-18T17:55:15Z</time>
      </trkpt>
      <trkpt lat="33.62507" lon="-117.80516">
        <ele>104.0</ele>
        <time>2026-04-18T17:55:17Z</time>
      </trkpt>
      <trkpt lat="33.62509" lon="-117.80514">
        <ele>104.0</ele>
        <time>2026-04-18T17:55:19Z</time>
      </trkpt>
      <trkpt lat="33.6251" lon="-117.8051">
        <ele>104.0</ele>
        <time>2026-04-18T17:55:22Z</time>
      </trkpt>
      <trkpt lat="33.62509" lon="-117.80505">
        <ele>104.0</ele>
        <time>2026-04-18T17:55:25Z</time>
      </trkpt>
      <trkpt lat="33.62509" lon="-117.80501">
        <ele>104.0</ele>
        <time>2026-04-18T17:55:28Z</time>
      </trkpt>
      <trkpt lat="33.62512" lon="-117.80498">
        <ele>103.55</ele>
        <time>2026-04-18T17:55:31Z</time>
      </trkpt>
      <trkpt lat="33.62515" lon="-117.80496">
        <ele>103.22</ele>
        <time>2026-04-18T17:55:34Z</time>
      </trkpt>
      <trkpt lat="33.62518" lon="-117.80494">
        <ele>103.02</ele>
        <time>2026-04-18T17:55:37Z</time>
      </trkpt>
      <trkpt lat="33.62522" lon="-117.80492">
        <ele>103.0</ele>
        <time>2026-04-18T17:55:40Z</time>
      </trkpt>
      <trkpt lat="33.62525" lon="-117.80493">
        <ele>103.0</ele>
        <time>2026-04-18T17:55:43Z</time>
      </trkpt>
      <trkpt lat="33.62529" lon="-117.80492">
        <ele>102.89</ele>
        <time>2026-04-18T17:55:46Z</time>
      </trkpt>
      <trkpt lat="33.62532" lon="-117.80491">
        <ele>102.56</ele>
        <time>2026-04-18T17:55:49Z</time>
      </trkpt>
      <trkpt lat="33.62535" lon="-117.8049">
        <ele>102.2</ele>
        <time>2026-04-18T17:55:52Z</time>
      </trkpt>
      <trkpt lat="33.62539" lon="-117.80489">
        <ele>102.0</ele>
        <time>2026-04-18T17:55:55Z</time>
      </trkpt>
      <trkpt lat="33.62543" lon="-117.80488">
        <ele>102.0</ele>
        <time>2026-04-18T17:55:58Z</time>
      </trkpt>
      <trkpt lat="33.62546" lon="-117.80489">
        <ele>102.0</ele>
        <time>2026-04-18T17:56:01Z</time>
      </trkpt>
      <trkpt lat="33.6255" lon="-117.8049">
        <ele>101.6</ele>
        <time>2026-04-18T17:56:04Z</time>
      </trkpt>
      <trkpt lat="33.62552" lon="-117.80492">
        <ele>101.47</ele>
        <time>2026-04-18T17:56:06Z</time>
      </trkpt>
      <trkpt lat="33.62554" lon="-117.80497">
        <ele>101.73</ele>
        <time>2026-04-18T17:56:08Z</time>
      </trkpt>
      <trkpt lat="33.62557" lon="-117.80501">
        <ele>101.84</ele>
        <time>2026-04-18T17:56:10Z</time>
      </trkpt>
      <trkpt lat="33.62559" lon="-117.80504">
        <ele>101.63</ele>
        <time>2026-04-18T17:56:12Z</time>
      </trkpt>
      <trkpt lat="33.6256" lon="-117.80507">
        <ele>101.52</ele>
        <time>2026-04-18T17:56:14Z</time>
      </trkpt>
      <trkpt lat="33.62563" lon="-117.80511">
        <ele>101.12</ele>
        <time>2026-04-18T17:56:17Z</time>
      </trkpt>
      <trkpt lat="33.62563" lon="-117.80514">
        <ele>101.0</ele>
        <time>2026-04-18T17:56:20Z</time>
      </trkpt>
      <trkpt lat="33.62563" lon="-117.80517">
        <ele>100.87</ele>
        <time>2026-04-18T17:56:23Z</time>
      </trkpt>
      <trkpt lat="33.62564" lon="-117.80521">
        <ele>101.5</ele>
        <time>2026-04-18T17:56:26Z</time>
      </trkpt>
      <trkpt lat="33.62566" lon="-117.80523">
        <ele>102.03</ele>
        <time>2026-04-18T17:56:29Z</time>
      </trkpt>
      <trkpt lat="33.62567" lon="-117.80526">
        <ele>102.66</ele>
        <time>2026-04-18T17:56:32Z</time>
      </trkpt>
      <trkpt lat="33.62569" lon="-117.80529">
        <ele>103.13</ele>
        <time>2026-04-18T17:56:35Z</time>
      </trkpt>
      <trkpt lat="33.62571" lon="-117.80532">
        <ele>103.46</ele>
        <time>2026-04-18T17:56:38Z</time>
      </trkpt>
      <trkpt lat="33.62573" lon="-117.80535">
        <ele>103.78</ele>
        <time>2026-04-18T17:56:41Z</time>
      </trkpt>
      <trkpt lat="33.62575" lon="-117.80537">
        <ele>104.0</ele>
        <time>2026-04-18T17:56:44Z</time>
      </trkpt>
      <trkpt lat="33.62577" lon="-117.8054">
        <ele>104.32</ele>
        <time>2026-04-18T17:56:47Z</time>
      </trkpt>
      <trkpt lat="33.6258" lon="-117.80542">
        <ele>104.54</ele>
        <time>2026-04-18T17:56:50Z</time>
      </trkpt>
      <trkpt lat="33.62583" lon="-117.80543">
        <ele>104.64</ele>
        <time>2026-04-18T17:56:53Z</time>
      </trkpt>
      <trkpt lat="33.62586" lon="-117.80542">
        <ele>104.25</ele>
        <time>2026-04-18T17:56:55Z</time>
      </trkpt>
      <trkpt lat="33.6259" lon="-117.80543">
        <ele>103.92</ele>
        <time>2026-04-18T17:56:58Z</time>
      </trkpt>
      <trkpt lat="33.62593" lon="-117.80543">
        <ele>103.6</ele>
        <time>2026-04-18T17:57:01Z</time>
      </trkpt>
      <trkpt lat="33.62597" lon="-117.80545">
        <ele>103.38</ele>
        <time>2026-04-18T17:57:04Z</time>
      </trkpt>
      <trkpt lat="33.626" lon="-117.80547">
        <ele>103.28</ele>
        <time>2026-04-18T17:57:07Z</time>
      </trkpt>
      <trkpt lat="33.62603" lon="-117.80549">
        <ele>103.17</ele>
        <time>2026-04-18T17:57:10Z</time>
      </trkpt>
      <trkpt lat="33.62606" lon="-117.80551">
        <ele>103.06</ele>
        <time>2026-04-18T17:57:13Z</time>
      </trkpt>
      <trkpt lat="33.62608" lon="-117.80553">
        <ele>103.06</ele>
        <time>2026-04-18T17:57:16Z</time>
      </trkpt>
      <trkpt lat="33.62611" lon="-117.80555">
        <ele>102.95</ele>
        <time>2026-04-18T17:57:19Z</time>
      </trkpt>
      <trkpt lat="33.62614" lon="-117.80557">
        <ele>102.84</ele>
        <time>2026-04-18T17:57:22Z</time>
      </trkpt>
      <trkpt lat="33.62616" lon="-117.8056">
        <ele>102.95</ele>
        <time>2026-04-18T17:57:25Z</time>
      </trkpt>
      <trkpt lat="33.62619" lon="-117.80563">
        <ele>102.95</ele>
        <time>2026-04-18T17:57:28Z</time>
      </trkpt>
      <trkpt lat="33.62621" lon="-117.80566">
        <ele>103.06</ele>
        <time>2026-04-18T17:57:31Z</time>
      </trkpt>
      <trkpt lat="33.62623" lon="-117.8057">
        <ele>103.28</ele>
        <time>2026-04-18T17:57:34Z</time>
      </trkpt>
      <trkpt lat="33.62625" lon="-117.80573">
        <ele>103.38</ele>
        <time>2026-04-18T17:57:37Z</time>
      </trkpt>
      <trkpt lat="33.62627" lon="-117.80576">
        <ele>103.43</ele>
        <time>2026-04-18T17:57:40Z</time>
      </trkpt>
      <trkpt lat="33.6263" lon="-117.80579">
        <ele>103.51</ele>
        <time>2026-04-18T17:57:43Z</time>
      </trkpt>
      <trkpt lat="33.62632" lon="-117.80581">
        <ele>103.56</ele>
        <time>2026-04-18T17:57:46Z</time>
      </trkpt>
      <trkpt lat="33.62635" lon="-117.80584">
        <ele>103.49</ele>
        <time>2026-04-18T17:57:49Z</time>
      </trkpt>
      <trkpt lat="33.62637" lon="-117.80585">
        <ele>103.38</ele>
        <time>2026-04-18T17:57:52Z</time>
      </trkpt>
      <trkpt lat="33.6264" lon="-117.80584">
        <ele>103.07</ele>
        <time>2026-04-18T17:57:55Z</time>
      </trkpt>
      <trkpt lat="33.62643" lon="-117.80581">
        <ele>103.0</ele>
        <time>2026-04-18T17:57:58Z</time>
      </trkpt>
      <trkpt lat="33.62646" lon="-117.80579">
        <ele>103.0</ele>
        <time>2026-04-18T17:58:01Z</time>
      </trkpt>
      <trkpt lat="33.6265" lon="-117.80578">
        <ele>103.0</ele>
        <time>2026-04-18T17:58:04Z</time>
      </trkpt>
      <trkpt lat="33.62653" lon="-117.80578">
        <ele>103.0</ele>
        <time>2026-04-18T17:58:07Z</time>
      </trkpt>
      <trkpt lat="33.62656" lon="-117.80577">
        <ele>103.0</ele>
        <time>2026-04-18T17:58:10Z</time>
      </trkpt>
      <trkpt lat="33.62659" lon="-117.80577">
        <ele>103.0</ele>
        <time>2026-04-18T17:58:13Z</time>
      </trkpt>
      <trkpt lat="33.62663" lon="-117.80577">
        <ele>103.0</ele>
        <time>2026-04-18T17:58:16Z</time>
      </trkpt>
      <trkpt lat="33.62666" lon="-117.80577">
        <ele>103.0</ele>
        <time>2026-04-18T17:58:19Z</time>
      </trkpt>
      <trkpt lat="33.6267" lon="-117.80578">
        <ele>102.64</ele>
        <time>2026-04-18T17:58:22Z</time>
      </trkpt>
      <trkpt lat="33.62673" lon="-117.80578">
        <ele>102.32</ele>
        <time>2026-04-18T17:58:25Z</time>
      </trkpt>
      <trkpt lat="33.62676" lon="-117.80579">
        <ele>102.0</ele>
        <time>2026-04-18T17:58:28Z</time>
      </trkpt>
      <trkpt lat="33.6268" lon="-117.80579">
        <ele>102.0</ele>
        <time>2026-04-18T17:58:31Z</time>
      </trkpt>
      <trkpt lat="33.62683" lon="-117.8058">
        <ele>102.0</ele>
        <time>2026-04-18T17:58:33Z</time>
      </trkpt>
      <trkpt lat="33.62687" lon="-117.8058">
        <ele>101.8</ele>
        <time>2026-04-18T17:58:35Z</time>
      </trkpt>
      <trkpt lat="33.62692" lon="-117.8058">
        <ele>101.26</ele>
        <time>2026-04-18T17:58:37Z</time>
      </trkpt>
      <trkpt lat="33.62695" lon="-117.80581">
        <ele>100.94</ele>
        <time>2026-04-18T17:58:39Z</time>
      </trkpt>
      <trkpt lat="33.62698" lon="-117.80582">
        <ele>100.62</ele>
        <time>2026-04-18T17:58:41Z</time>
      </trkpt>
      <trkpt lat="33.627" lon="-117.80583">
        <ele>100.4</ele>
        <time>2026-04-18T17:58:43Z</time>
      </trkpt>
      <trkpt lat="33.62703" lon="-117.80587">
        <ele>100.08</ele>
        <time>2026-04-18T17:58:45Z</time>
      </trkpt>
      <trkpt lat="33.62705" lon="-117.8059">
        <ele>99.86</ele>
        <time>2026-04-18T17:58:47Z</time>
      </trkpt>
      <trkpt lat="33.62706" lon="-117.80594">
        <ele>99.75</ele>
        <time>2026-04-18T17:58:49Z</time>
      </trkpt>
      <trkpt lat="33.62707" lon="-117.80597">
        <ele>99.64</ele>
        <time>2026-04-18T17:58:51Z</time>
      </trkpt>
      <trkpt lat="33.62709" lon="-117.80601">
        <ele>99.43</ele>
        <time>2026-04-18T17:58:54Z</time>
      </trkpt>
      <trkpt lat="33.6271" lon="-117.80606">
        <ele>99.32</ele>
        <time>2026-04-18T17:58:57Z</time>
      </trkpt>
      <trkpt lat="33.62711" lon="-117.8061">
        <ele>99.21</ele>
        <time>2026-04-18T17:59:00Z</time>
      </trkpt>
      <trkpt lat="33.62712" lon="-117.80614">
        <ele>99.1</ele>
        <time>2026-04-18T17:59:03Z</time>
      </trkpt>
      <trkpt lat="33.62715" lon="-117.80615">
        <ele>98.78</ele>
        <time>2026-04-18T17:59:07Z</time>
      </trkpt>
      <trkpt lat="33.62717" lon="-117.80613">
        <ele>98.56</ele>
        <time>2026-04-18T17:59:10Z</time>
      </trkpt>
      <trkpt lat="33.6272" lon="-117.8061">
        <ele>98.24</ele>
        <time>2026-04-18T17:59:13Z</time>
      </trkpt>
      <trkpt lat="33.62722" lon="-117.80607">
        <ele>98.02</ele>
        <time>2026-04-18T17:59:15Z</time>
      </trkpt>
      <trkpt lat="33.62723" lon="-117.80605">
        <ele>97.92</ele>
        <time>2026-04-18T17:59:17Z</time>
      </trkpt>
      <trkpt lat="33.62725" lon="-117.80602">
        <ele>97.7</ele>
        <time>2026-04-18T17:59:19Z</time>
      </trkpt>
      <trkpt lat="33.62728" lon="-117.80598">
        <ele>97.38</ele>
        <time>2026-04-18T17:59:22Z</time>
      </trkpt>
      <trkpt lat="33.6273" lon="-117.80596">
        <ele>97.16</ele>
        <time>2026-04-18T17:59:25Z</time>
      </trkpt>
      <trkpt lat="33.62733" lon="-117.80592">
        <ele>97.0</ele>
        <time>2026-04-18T17:59:28Z</time>
      </trkpt>
      <trkpt lat="33.62736" lon="-117.80589">
        <ele>97.0</ele>
        <time>2026-04-18T17:59:31Z</time>
      </trkpt>
      <trkpt lat="33.62738" lon="-117.80587">
        <ele>97.0</ele>
        <time>2026-04-18T17:59:34Z</time>
      </trkpt>
      <trkpt lat="33.62741" lon="-117.80584">
        <ele>96.97</ele>
        <time>2026-04-18T17:59:37Z</time>
      </trkpt>
      <trkpt lat="33.62744" lon="-117.80583">
        <ele>96.65</ele>
        <time>2026-04-18T17:59:40Z</time>
      </trkpt>
      <trkpt lat="33.62748" lon="-117.80585">
        <ele>96.22</ele>
        <time>2026-04-18T17:59:43Z</time>
      </trkpt>
      <trkpt lat="33.6275" lon="-117.80587">
        <ele>96.0</ele>
        <time>2026-04-18T17:59:45Z</time>
      </trkpt>
      <trkpt lat="33.62752" lon="-117.80589">
        <ele>96.0</ele>
        <time>2026-04-18T17:59:47Z</time>
      </trkpt>
      <trkpt lat="33.62756" lon="-117.80591">
        <ele>96.0</ele>
        <time>2026-04-18T17:59:50Z</time>
      </trkpt>
      <trkpt lat="33.6276" lon="-117.80591">
        <ele>95.92</ele>
        <time>2026-04-18T17:59:52Z</time>
      </trkpt>
      <trkpt lat="33.62764" lon="-117.80592">
        <ele>95.49</ele>
        <time>2026-04-18T17:59:54Z</time>
      </trkpt>
      <trkpt lat="33.62767" lon="-117.80592">
        <ele>95.16</ele>
        <time>2026-04-18T17:59:56Z</time>
      </trkpt>
      <trkpt lat="33.62771" lon="-117.80593">
        <ele>95.0</ele>
        <time>2026-04-18T17:59:59Z</time>
      </trkpt>
      <trkpt lat="33.62774" lon="-117.80594">
        <ele>95.0</ele>
        <time>2026-04-18T18:00:02Z</time>
      </trkpt>
      <trkpt lat="33.62778" lon="-117.80594">
        <ele>95.0</ele>
        <time>2026-04-18T18:00:05Z</time>
      </trkpt>
      <trkpt lat="33.62781" lon="-117.80595">
        <ele>95.0</ele>
        <time>2026-04-18T18:00:08Z</time>
      </trkpt>
      <trkpt lat="33.62785" lon="-117.80595">
        <ele>95.0</ele>
        <time>2026-04-18T18:00:11Z</time>
      </trkpt>
      <trkpt lat="33.62788" lon="-117.80595">
        <ele>94.9</ele>
        <time>2026-04-18T18:00:14Z</time>
      </trkpt>
      <trkpt lat="33.62792" lon="-117.80595">
        <ele>94.46</ele>
        <time>2026-04-18T18:00:17Z</time>
      </trkpt>
      <trkpt lat="33.62795" lon="-117.80595">
        <ele>94.14</ele>
        <time>2026-04-18T18:00:20Z</time>
      </trkpt>
      <trkpt lat="33.62798" lon="-117.80592">
        <ele>93.82</ele>
        <time>2026-04-18T18:00:23Z</time>
      </trkpt>
      <trkpt lat="33.628" lon="-117.8059">
        <ele>93.6</ele>
        <time>2026-04-18T18:00:25Z</time>
      </trkpt>
      <trkpt lat="33.62803" lon="-117.80587">
        <ele>93.28</ele>
        <time>2026-04-18T18:00:28Z</time>
      </trkpt>
      <trkpt lat="33.62806" lon="-117.80584">
        <ele>92.95</ele>
        <time>2026-04-18T18:00:31Z</time>
      </trkpt>
      <trkpt lat="33.62809" lon="-117.8058">
        <ele>92.4</ele>
        <time>2026-04-18T18:00:34Z</time>
      </trkpt>
      <trkpt lat="33.62811" lon="-117.80577">
        <ele>92.13</ele>
        <time>2026-04-18T18:00:37Z</time>
      </trkpt>
      <trkpt lat="33.62814" lon="-117.80575">
        <ele>92.01</ele>
        <time>2026-04-18T18:00:40Z</time>
      </trkpt>
      <trkpt lat="33.62817" lon="-117.80573">
        <ele>91.79</ele>
        <time>2026-04-18T18:00:43Z</time>
      </trkpt>
      <trkpt lat="33.6282" lon="-117.80573">
        <ele>91.5</ele>
        <time>2026-04-18T18:00:46Z</time>
      </trkpt>
      <trkpt lat="33.62823" lon="-117.80574">
        <ele>91.12</ele>
        <time>2026-04-18T18:00:49Z</time>
      </trkpt>
      <trkpt lat="33.62826" lon="-117.80575">
        <ele>91.0</ele>
        <time>2026-04-18T18:00:52Z</time>
      </trkpt>
      <trkpt lat="33.62829" lon="-117.80575">
        <ele>91.0</ele>
        <time>2026-04-18T18:00:55Z</time>
      </trkpt>
      <trkpt lat="33.62832" lon="-117.80575">
        <ele>91.0</ele>
        <time>2026-04-18T18:00:58Z</time>
      </trkpt>
      <trkpt lat="33.62836" lon="-117.80577">
        <ele>91.0</ele>
        <time>2026-04-18T18:01:01Z</time>
      </trkpt>
      <trkpt lat="33.62839" lon="-117.80579">
        <ele>91.0</ele>
        <time>2026-04-18T18:01:04Z</time>
      </trkpt>
      <trkpt lat="33.62842" lon="-117.80582">
        <ele>91.0</ele>
        <time>2026-04-18T18:01:07Z</time>
      </trkpt>
      <trkpt lat="33.62844" lon="-117.80586">
        <ele>90.71</ele>
        <time>2026-04-18T18:01:10Z</time>
      </trkpt>
      <trkpt lat="33.6284" lon="-117.8059">
        <ele>90.28</ele>
        <time>2026-04-18T18:01:13Z</time>
      </trkpt>
      <trkpt lat="33.62837" lon="-117.80592">
        <ele>90.06</ele>
        <time>2026-04-18T18:01:15Z</time>
      </trkpt>
      <trkpt lat="33.62834" lon="-117.80594">
        <ele>90.14</ele>
        <time>2026-04-18T18:01:17Z</time>
      </trkpt>
      <trkpt lat="33.62832" lon="-117.80597">
        <ele>90.48</ele>
        <time>2026-04-18T18:01:20Z</time>
      </trkpt>
      <trkpt lat="33.6283" lon="-117.806">
        <ele>90.58</ele>
        <time>2026-04-18T18:01:23Z</time>
      </trkpt>
      <trkpt lat="33.62828" lon="-117.80604">
        <ele>90.46</ele>
        <time>2026-04-18T18:01:26Z</time>
      </trkpt>
      <trkpt lat="33.62827" lon="-117.80607">
        <ele>90.52</ele>
        <time>2026-04-18T18:01:29Z</time>
      </trkpt>
      <trkpt lat="33.62826" lon="-117.80611">
        <ele>90.78</ele>
        <time>2026-04-18T18:01:32Z</time>
      </trkpt>
      <trkpt lat="33.62826" lon="-117.80614">
        <ele>90.54</ele>
        <time>2026-04-18T18:01:35Z</time>
      </trkpt>
      <trkpt lat="33.62826" lon="-117.80618">
        <ele>90.2</ele>
        <time>2026-04-18T18:01:38Z</time>
      </trkpt>
      <trkpt lat="33.62826" lon="-117.80622">
        <ele>90.0</ele>
        <time>2026-04-18T18:01:41Z</time>
      </trkpt>
      <trkpt lat="33.62826" lon="-117.80626">
        <ele>90.0</ele>
        <time>2026-04-18T18:01:44Z</time>
      </trkpt>
      <trkpt lat="33.62827" lon="-117.80629">
        <ele>90.0</ele>
        <time>2026-04-18T18:01:47Z</time>
      </trkpt>
      <trkpt lat="33.62833" lon="-117.80637">
        <ele>90.0</ele>
        <time>2026-04-18T18:01:52Z</time>
      </trkpt>
    </trkseg>
  </trk>
</gpx>
