<?xml version="1.0"?>
<gpx xmlns="http://www.topografix.com/GPX/1/1" xmlns:xsi="http://www.w3.org/2001/XMLSchema-instance" version="1.1" creator="AllTrails.com" xsi:schemaLocation="http://www.topografix.com/GPX/1/1 http://www.topografix.com/GPX/1/1/gpx.xsd">
  <metadata>
    <name><![CDATA[Odey Hike]]></name>
    <desc><![CDATA[]]></desc>
    <link href="http://www.alltrails.com">
      <text>AllTrails, LLC</text>
    </link>
    <bounds minlat="33.5799" minlon="-117.77689" maxlat="33.59487" maxlon="-117.76175"/>
  </metadata>
  <trk>
    <name><![CDATA[Odey Hike]]></name>
    <src>AllTrails</src>
    <trkseg>
      <trkpt lat="33.57998" lon="-117.76232">
        <ele>68.0</ele>
        <time>2026-01-21T16:51:55Z</time>
      </trkpt>
      <trkpt lat="33.58001" lon="-117.76231">
        <ele>68.0</ele>
        <time>2026-01-21T16:51:59Z</time>
      </trkpt>
      <trkpt lat="33.58004" lon="-117.76231">
        <ele>68.0</ele>
        <time>2026-01-21T16:52:02Z</time>
      </trkpt>
      <trkpt lat="33.58008" lon="-117.76232">
        <ele>68.0</ele>
        <time>2026-01-21T16:52:05Z</time>
      </trkpt>
      <trkpt lat="33.5801" lon="-117.76234">
        <ele>68.0</ele>
        <time>2026-01-21T16:52:08Z</time>
      </trkpt>
      <trkpt lat="33.58012" lon="-117.76238">
        <ele>68.0</ele>
        <time>2026-01-21T16:52:11Z</time>
      </trkpt>
      <trkpt lat="33.58013" lon="-117.76242">
        <ele>68.14</ele>
        <time>2026-01-21T16:52:14Z</time>
      </trkpt>
      <trkpt lat="33.58013" lon="-117.76247">
        <ele>68.68</ele>
        <time>2026-01-21T16:52:17Z</time>
      </trkpt>
      <trkpt lat="33.58013" lon="-117.76251">
        <ele>69.0</ele>
        <time>2026-01-21T16:52:20Z</time>
      </trkpt>
      <trkpt lat="33.58013" lon="-117.76255">
        <ele>69.0</ele>
        <time>2026-01-21T16:52:23Z</time>
      </trkpt>
      <trkpt lat="33.58013" lon="-117.76259">
        <ele>69.0</ele>
        <time>2026-01-21T16:52:26Z</time>
      </trkpt>
      <trkpt lat="33.58013" lon="-117.76263">
        <ele>69.16</ele>
        <time>2026-01-21T16:52:29Z</time>
      </trkpt>
      <trkpt lat="33.58016" lon="-117.76263">
        <ele>69.29</ele>
        <time>2026-01-21T16:52:33Z</time>
      </trkpt>
      <trkpt lat="33.58019" lon="-117.76261">
        <ele>69.19</ele>
        <time>2026-01-21T16:52:36Z</time>
      </trkpt>
      <trkpt lat="33.58023" lon="-117.76258">
        <ele>69.0</ele>
        <time>2026-01-21T16:52:39Z</time>
      </trkpt>
      <trkpt lat="33.58026" lon="-117.76256">
        <ele>69.0</ele>
        <time>2026-01-21T16:52:42Z</time>
      </trkpt>
      <trkpt lat="33.58029" lon="-117.76253">
        <ele>69.13</ele>
        <time>2026-01-21T16:52:45Z</time>
      </trkpt>
      <trkpt lat="33.58032" lon="-117.76251">
        <ele>69.46</ele>
        <time>2026-01-21T16:52:48Z</time>
      </trkpt>
      <trkpt lat="33.58034" lon="-117.76249">
        <ele>69.56</ele>
        <time>2026-01-21T16:52:51Z</time>
      </trkpt>
      <trkpt lat="33.58037" lon="-117.76246">
        <ele>69.56</ele>
        <time>2026-01-21T16:52:55Z</time>
      </trkpt>
      <trkpt lat="33.58039" lon="-117.76244">
        <ele>69.7</ele>
        <time>2026-01-21T16:52:58Z</time>
      </trkpt>
      <trkpt lat="33.58042" lon="-117.76242">
        <ele>70.14</ele>
        <time>2026-01-21T16:53:01Z</time>
      </trkpt>
      <trkpt lat="33.58044" lon="-117.76239">
        <ele>70.69</ele>
        <time>2026-01-21T16:53:04Z</time>
      </trkpt>
      <trkpt lat="33.58046" lon="-117.76236">
        <ele>71.45</ele>
        <time>2026-01-21T16:53:07Z</time>
      </trkpt>
      <trkpt lat="33.58048" lon="-117.76234">
        <ele>72.1</ele>
        <time>2026-01-21T16:53:10Z</time>
      </trkpt>
      <trkpt lat="33.5805" lon="-117.76231">
        <ele>72.7</ele>
        <time>2026-01-21T16:53:13Z</time>
      </trkpt>
      <trkpt lat="33.58052" lon="-117.76228">
        <ele>72.48</ele>
        <time>2026-01-21T16:53:17Z</time>
      </trkpt>
      <trkpt lat="33.58052" lon="-117.76225">
        <ele>71.83</ele>
        <time>2026-01-21T16:53:21Z</time>
      </trkpt>
      <trkpt lat="33.58053" lon="-117.76222">
        <ele>71.42</ele>
        <time>2026-01-21T16:53:24Z</time>
      </trkpt>
      <trkpt lat="33.58056" lon="-117.76219">
        <ele>71.75</ele>
        <time>2026-01-21T16:53:27Z</time>
      </trkpt>
      <trkpt lat="33.58058" lon="-117.76217">
        <ele>71.96</ele>
        <time>2026-01-21T16:53:30Z</time>
      </trkpt>
      <trkpt lat="33.58061" lon="-117.76214">
        <ele>72.29</ele>
        <time>2026-01-21T16:53:33Z</time>
      </trkpt>
      <trkpt lat="33.58064" lon="-117.76212">
        <ele>72.62</ele>
        <time>2026-01-21T16:53:36Z</time>
      </trkpt>
      <trkpt lat="33.58067" lon="-117.7621">
        <ele>72.67</ele>
        <time>2026-01-21T16:53:39Z</time>
      </trkpt>
      <trkpt lat="33.5807" lon="-117.76208">
        <ele>72.79</ele>
        <time>2026-01-21T16:53:42Z</time>
      </trkpt>
      <trkpt lat="33.58073" lon="-117.76206">
        <ele>73.04</ele>
        <time>2026-01-21T16:53:45Z</time>
      </trkpt>
      <trkpt lat="33.58076" lon="-117.76206">
        <ele>73.51</ele>
        <time>2026-01-21T16:53:48Z</time>
      </trkpt>
      <trkpt lat="33.58079" lon="-117.76207">
        <ele>74.08</ele>
        <time>2026-01-21T16:53:51Z</time>
      </trkpt>
      <trkpt lat="33.58082" lon="-117.76208">
        <ele>74.72</ele>
        <time>2026-01-21T16:53:54Z</time>
      </trkpt>
      <trkpt lat="33.58086" lon="-117.76208">
        <ele>75.06</ele>
        <time>2026-01-21T16:53:57Z</time>
      </trkpt>
      <trkpt lat="33.58089" lon="-117.76208">
        <ele>75.21</ele>
        <time>2026-01-21T16:54:00Z</time>
      </trkpt>
      <trkpt lat="33.58092" lon="-117.76207">
        <ele>75.05</ele>
        <time>2026-01-21T16:54:03Z</time>
      </trkpt>
      <trkpt lat="33.58096" lon="-117.76206">
        <ele>75.02</ele>
        <time>2026-01-21T16:54:06Z</time>
      </trkpt>
      <trkpt lat="33.58099" lon="-117.76207">
        <ele>75.51</ele>
        <time>2026-01-21T16:54:08Z</time>
      </trkpt>
      <trkpt lat="33.58102" lon="-117.76206">
        <ele>75.51</ele>
        <time>2026-01-21T16:54:10Z</time>
      </trkpt>
      <trkpt lat="33.58105" lon="-117.76206">
        <ele>75.84</ele>
        <time>2026-01-21T16:54:12Z</time>
      </trkpt>
      <trkpt lat="33.58108" lon="-117.76206">
        <ele>76.16</ele>
        <time>2026-01-21T16:54:15Z</time>
      </trkpt>
      <trkpt lat="33.58112" lon="-117.76205">
        <ele>76.29</ele>
        <time>2026-01-21T16:54:18Z</time>
      </trkpt>
      <trkpt lat="33.58115" lon="-117.76205">
        <ele>76.34</ele>
        <time>2026-01-21T16:54:21Z</time>
      </trkpt>
      <trkpt lat="33.58119" lon="-117.76205">
        <ele>76.4</ele>
        <time>2026-01-21T16:54:24Z</time>
      </trkpt>
      <trkpt lat="33.58122" lon="-117.76205">
        <ele>76.57</ele>
        <time>2026-01-21T16:54:27Z</time>
      </trkpt>
      <trkpt lat="33.58126" lon="-117.76205">
        <ele>76.94</ele>
        <time>2026-01-21T16:54:30Z</time>
      </trkpt>
      <trkpt lat="33.58129" lon="-117.76204">
        <ele>77.0</ele>
        <time>2026-01-21T16:54:33Z</time>
      </trkpt>
      <trkpt lat="33.58132" lon="-117.76204">
        <ele>76.82</ele>
        <time>2026-01-21T16:54:36Z</time>
      </trkpt>
      <trkpt lat="33.58135" lon="-117.76204">
        <ele>76.5</ele>
        <time>2026-01-21T16:54:39Z</time>
      </trkpt>
      <trkpt lat="33.58139" lon="-117.76203">
        <ele>75.86</ele>
        <time>2026-01-21T16:54:42Z</time>
      </trkpt>
      <trkpt lat="33.58142" lon="-117.76203">
        <ele>76.18</ele>
        <time>2026-01-21T16:54:45Z</time>
      </trkpt>
      <trkpt lat="33.58145" lon="-117.76203">
        <ele>76.51</ele>
        <time>2026-01-21T16:54:48Z</time>
      </trkpt>
      <trkpt lat="33.58149" lon="-117.76203">
        <ele>76.85</ele>
        <time>2026-01-21T16:54:51Z</time>
      </trkpt>
      <trkpt lat="33.58152" lon="-117.76203">
        <ele>76.88</ele>
        <time>2026-01-21T16:54:54Z</time>
      </trkpt>
      <trkpt lat="33.58155" lon="-117.76203">
        <ele>76.9</ele>
        <time>2026-01-21T16:54:57Z</time>
      </trkpt>
      <trkpt lat="33.58159" lon="-117.76203">
        <ele>77.27</ele>
        <time>2026-01-21T16:55:00Z</time>
      </trkpt>
      <trkpt lat="33.58162" lon="-117.76202">
        <ele>77.81</ele>
        <time>2026-01-21T16:55:03Z</time>
      </trkpt>
      <trkpt lat="33.58166" lon="-117.76201">
        <ele>78.56</ele>
        <time>2026-01-21T16:55:06Z</time>
      </trkpt>
      <trkpt lat="33.58168" lon="-117.76199">
        <ele>78.71</ele>
        <time>2026-01-21T16:55:08Z</time>
      </trkpt>
      <trkpt lat="33.58171" lon="-117.76197">
        <ele>78.87</ele>
        <time>2026-01-21T16:55:11Z</time>
      </trkpt>
      <trkpt lat="33.58174" lon="-117.76196">
        <ele>79.09</ele>
        <time>2026-01-21T16:55:14Z</time>
      </trkpt>
      <trkpt lat="33.58177" lon="-117.76195">
        <ele>79.35</ele>
        <time>2026-01-21T16:55:17Z</time>
      </trkpt>
      <trkpt lat="33.5818" lon="-117.76193">
        <ele>79.81</ele>
        <time>2026-01-21T16:55:20Z</time>
      </trkpt>
      <trkpt lat="33.58182" lon="-117.76191">
        <ele>80.07</ele>
        <time>2026-01-21T16:55:24Z</time>
      </trkpt>
      <trkpt lat="33.58184" lon="-117.76189">
        <ele>80.23</ele>
        <time>2026-01-21T16:55:27Z</time>
      </trkpt>
      <trkpt lat="33.58186" lon="-117.76187">
        <ele>80.37</ele>
        <time>2026-01-21T16:55:30Z</time>
      </trkpt>
      <trkpt lat="33.58188" lon="-117.76185">
        <ele>80.61</ele>
        <time>2026-01-21T16:55:33Z</time>
      </trkpt>
      <trkpt lat="33.58191" lon="-117.76183">
        <ele>81.26</ele>
        <time>2026-01-21T16:55:36Z</time>
      </trkpt>
      <trkpt lat="33.58193" lon="-117.76181">
        <ele>81.69</ele>
        <time>2026-01-21T16:55:39Z</time>
      </trkpt>
      <trkpt lat="33.58196" lon="-117.7618">
        <ele>82.24</ele>
        <time>2026-01-21T16:55:42Z</time>
      </trkpt>
      <trkpt lat="33.58199" lon="-117.76178">
        <ele>82.6</ele>
        <time>2026-01-21T16:55:45Z</time>
      </trkpt>
      <trkpt lat="33.58201" lon="-117.76177">
        <ele>82.79</ele>
        <time>2026-01-21T16:55:48Z</time>
      </trkpt>
      <trkpt lat="33.58204" lon="-117.76175">
        <ele>82.57</ele>
        <time>2026-01-21T16:55:51Z</time>
      </trkpt>
      <trkpt lat="33.58207" lon="-117.76175">
        <ele>82.32</ele>
        <time>2026-01-21T16:55:55Z</time>
      </trkpt>
      <trkpt lat="33.5821" lon="-117.76177">
        <ele>82.36</ele>
        <time>2026-01-21T16:55:59Z</time>
      </trkpt>
      <trkpt lat="33.58212" lon="-117.76179">
        <ele>82.14</ele>
        <time>2026-01-21T16:56:04Z</time>
      </trkpt>
      <trkpt lat="33.58211" lon="-117.76182">
        <ele>82.35</ele>
        <time>2026-01-21T16:56:14Z</time>
      </trkpt>
      <trkpt lat="33.58214" lon="-117.76183">
        <ele>81.58</ele>
        <time>2026-01-21T16:56:20Z</time>
      </trkpt>
      <trkpt lat="33.58217" lon="-117.76183">
        <ele>80.36</ele>
        <time>2026-01-21T16:56:25Z</time>
      </trkpt>
      <trkpt lat="33.5822" lon="-117.76184">
        <ele>79.06</ele>
        <time>2026-01-21T16:56:30Z</time>
      </trkpt>
      <trkpt lat="33.58223" lon="-117.76184">
        <ele>77.88</ele>
        <time>2026-01-21T16:56:36Z</time>
      </trkpt>
      <trkpt lat="33.58225" lon="-117.76184">
        <ele>77.23</ele>
        <time>2026-01-21T16:56:41Z</time>
      </trkpt>
      <trkpt lat="33.58228" lon="-117.76184">
        <ele>76.26</ele>
        <time>2026-01-21T16:56:46Z</time>
      </trkpt>
      <trkpt lat="33.58231" lon="-117.76184">
        <ele>75.28</ele>
        <time>2026-01-21T16:56:51Z</time>
      </trkpt>
      <trkpt lat="33.58234" lon="-117.76184">
        <ele>74.51</ele>
        <time>2026-01-21T16:56:55Z</time>
      </trkpt>
      <trkpt lat="33.58237" lon="-117.76183">
        <ele>73.76</ele>
        <time>2026-01-21T16:56:58Z</time>
      </trkpt>
      <trkpt lat="33.58241" lon="-117.76183">
        <ele>72.74</ele>
        <time>2026-01-21T16:57:00Z</time>
      </trkpt>
      <trkpt lat="33.58245" lon="-117.76183">
        <ele>72.3</ele>
        <time>2026-01-21T16:57:02Z</time>
      </trkpt>
      <trkpt lat="33.58248" lon="-117.76182">
        <ele>71.87</ele>
        <time>2026-01-21T16:57:04Z</time>
      </trkpt>
      <trkpt lat="33.58251" lon="-117.76182">
        <ele>71.59</ele>
        <time>2026-01-21T16:57:06Z</time>
      </trkpt>
      <trkpt lat="33.58255" lon="-117.76182">
        <ele>71.3</ele>
        <time>2026-01-21T16:57:09Z</time>
      </trkpt>
      <trkpt lat="33.58259" lon="-117.76182">
        <ele>71.02</ele>
        <time>2026-01-21T16:57:12Z</time>
      </trkpt>
      <trkpt lat="33.58263" lon="-117.76182">
        <ele>71.0</ele>
        <time>2026-01-21T16:57:15Z</time>
      </trkpt>
      <trkpt lat="33.58266" lon="-117.76182">
        <ele>71.0</ele>
        <time>2026-01-21T16:57:18Z</time>
      </trkpt>
      <trkpt lat="33.5827" lon="-117.76182">
        <ele>71.0</ele>
        <time>2026-01-21T16:57:21Z</time>
      </trkpt>
      <trkpt lat="33.58273" lon="-117.76181">
        <ele>71.0</ele>
        <time>2026-01-21T16:57:23Z</time>
      </trkpt>
      <trkpt lat="33.58277" lon="-117.76181">
        <ele>71.0</ele>
        <time>2026-01-21T16:57:26Z</time>
      </trkpt>
      <trkpt lat="33.58281" lon="-117.76181">
        <ele>71.0</ele>
        <time>2026-01-21T16:57:29Z</time>
      </trkpt>
      <trkpt lat="33.58285" lon="-117.76181">
        <ele>71.0</ele>
        <time>2026-01-21T16:57:32Z</time>
      </trkpt>
      <trkpt lat="33.58289" lon="-117.76181">
        <ele>71.0</ele>
        <time>2026-01-21T16:57:35Z</time>
      </trkpt>
      <trkpt lat="33.58292" lon="-117.76181">
        <ele>71.0</ele>
        <time>2026-01-21T16:57:38Z</time>
      </trkpt>
      <trkpt lat="33.58296" lon="-117.76181">
        <ele>71.0</ele>
        <time>2026-01-21T16:57:41Z</time>
      </trkpt>
      <trkpt lat="33.58299" lon="-117.76181">
        <ele>71.29</ele>
        <time>2026-01-21T16:57:44Z</time>
      </trkpt>
      <trkpt lat="33.58302" lon="-117.76182">
        <ele>71.62</ele>
        <time>2026-01-21T16:57:47Z</time>
      </trkpt>
      <trkpt lat="33.58305" lon="-117.76182">
        <ele>71.94</ele>
        <time>2026-01-21T16:57:50Z</time>
      </trkpt>
      <trkpt lat="33.58308" lon="-117.76186">
        <ele>72.0</ele>
        <time>2026-01-21T16:57:53Z</time>
      </trkpt>
      <trkpt lat="33.5831" lon="-117.76188">
        <ele>72.0</ele>
        <time>2026-01-21T16:57:55Z</time>
      </trkpt>
      <trkpt lat="33.58314" lon="-117.76189">
        <ele>72.0</ele>
        <time>2026-01-21T16:57:58Z</time>
      </trkpt>
      <trkpt lat="33.58317" lon="-117.7619">
        <ele>72.0</ele>
        <time>2026-01-21T16:58:01Z</time>
      </trkpt>
      <trkpt lat="33.58321" lon="-117.7619">
        <ele>72.0</ele>
        <time>2026-01-21T16:58:04Z</time>
      </trkpt>
      <trkpt lat="33.58324" lon="-117.76191">
        <ele>72.0</ele>
        <time>2026-01-21T16:58:07Z</time>
      </trkpt>
      <trkpt lat="33.58328" lon="-117.76192">
        <ele>72.0</ele>
        <time>2026-01-21T16:58:10Z</time>
      </trkpt>
      <trkpt lat="33.58331" lon="-117.76194">
        <ele>72.0</ele>
        <time>2026-01-21T16:58:13Z</time>
      </trkpt>
      <trkpt lat="33.58335" lon="-117.76195">
        <ele>72.23</ele>
        <time>2026-01-21T16:58:16Z</time>
      </trkpt>
      <trkpt lat="33.58338" lon="-117.76196">
        <ele>72.59</ele>
        <time>2026-01-21T16:58:19Z</time>
      </trkpt>
      <trkpt lat="33.58341" lon="-117.76198">
        <ele>72.89</ele>
        <time>2026-01-21T16:58:22Z</time>
      </trkpt>
      <trkpt lat="33.58345" lon="-117.76199">
        <ele>73.0</ele>
        <time>2026-01-21T16:58:25Z</time>
      </trkpt>
      <trkpt lat="33.58348" lon="-117.762">
        <ele>73.0</ele>
        <time>2026-01-21T16:58:28Z</time>
      </trkpt>
      <trkpt lat="33.58351" lon="-117.762">
        <ele>73.0</ele>
        <time>2026-01-21T16:58:31Z</time>
      </trkpt>
      <trkpt lat="33.58355" lon="-117.76201">
        <ele>73.1</ele>
        <time>2026-01-21T16:58:34Z</time>
      </trkpt>
      <trkpt lat="33.58358" lon="-117.76202">
        <ele>73.12</ele>
        <time>2026-01-21T16:58:37Z</time>
      </trkpt>
      <trkpt lat="33.58361" lon="-117.76203">
        <ele>73.08</ele>
        <time>2026-01-21T16:58:40Z</time>
      </trkpt>
      <trkpt lat="33.58365" lon="-117.76203">
        <ele>73.08</ele>
        <time>2026-01-21T16:58:43Z</time>
      </trkpt>
      <trkpt lat="33.58368" lon="-117.76204">
        <ele>73.0</ele>
        <time>2026-01-21T16:58:46Z</time>
      </trkpt>
      <trkpt lat="33.58371" lon="-117.76205">
        <ele>73.07</ele>
        <time>2026-01-21T16:58:49Z</time>
      </trkpt>
      <trkpt lat="33.58375" lon="-117.76207">
        <ele>73.5</ele>
        <time>2026-01-21T16:58:52Z</time>
      </trkpt>
      <trkpt lat="33.58378" lon="-117.76208">
        <ele>73.82</ele>
        <time>2026-01-21T16:58:55Z</time>
      </trkpt>
      <trkpt lat="33.58381" lon="-117.7621">
        <ele>74.0</ele>
        <time>2026-01-21T16:58:58Z</time>
      </trkpt>
      <trkpt lat="33.58384" lon="-117.76211">
        <ele>74.0</ele>
        <time>2026-01-21T16:59:01Z</time>
      </trkpt>
      <trkpt lat="33.58387" lon="-117.76213">
        <ele>74.0</ele>
        <time>2026-01-21T16:59:04Z</time>
      </trkpt>
      <trkpt lat="33.58391" lon="-117.76215">
        <ele>74.0</ele>
        <time>2026-01-21T16:59:07Z</time>
      </trkpt>
      <trkpt lat="33.58393" lon="-117.76217">
        <ele>74.0</ele>
        <time>2026-01-21T16:59:09Z</time>
      </trkpt>
      <trkpt lat="33.58395" lon="-117.7622">
        <ele>74.0</ele>
        <time>2026-01-21T16:59:11Z</time>
      </trkpt>
      <trkpt lat="33.58397" lon="-117.76223">
        <ele>74.0</ele>
        <time>2026-01-21T16:59:13Z</time>
      </trkpt>
      <trkpt lat="33.58399" lon="-117.76225">
        <ele>74.0</ele>
        <time>2026-01-21T16:59:15Z</time>
      </trkpt>
      <trkpt lat="33.58401" lon="-117.76227">
        <ele>74.0</ele>
        <time>2026-01-21T16:59:17Z</time>
      </trkpt>
      <trkpt lat="33.58403" lon="-117.7623">
        <ele>74.0</ele>
        <time>2026-01-21T16:59:19Z</time>
      </trkpt>
      <trkpt lat="33.58406" lon="-117.76232">
        <ele>74.05</ele>
        <time>2026-01-21T16:59:22Z</time>
      </trkpt>
      <trkpt lat="33.58409" lon="-117.76234">
        <ele>74.4</ele>
        <time>2026-01-21T16:59:25Z</time>
      </trkpt>
      <trkpt lat="33.58412" lon="-117.76236">
        <ele>74.74</ele>
        <time>2026-01-21T16:59:28Z</time>
      </trkpt>
      <trkpt lat="33.58413" lon="-117.76239">
        <ele>74.93</ele>
        <time>2026-01-21T16:59:32Z</time>
      </trkpt>
      <trkpt lat="33.58413" lon="-117.76243">
        <ele>75.0</ele>
        <time>2026-01-21T16:59:36Z</time>
      </trkpt>
      <trkpt lat="33.58414" lon="-117.76246">
        <ele>75.0</ele>
        <time>2026-01-21T16:59:39Z</time>
      </trkpt>
      <trkpt lat="33.58416" lon="-117.76249">
        <ele>75.0</ele>
        <time>2026-01-21T16:59:42Z</time>
      </trkpt>
      <trkpt lat="33.58418" lon="-117.76253">
        <ele>75.0</ele>
        <time>2026-01-21T16:59:45Z</time>
      </trkpt>
      <trkpt lat="33.5842" lon="-117.76256">
        <ele>75.0</ele>
        <time>2026-01-21T16:59:48Z</time>
      </trkpt>
      <trkpt lat="33.58422" lon="-117.76259">
        <ele>75.0</ele>
        <time>2026-01-21T16:59:51Z</time>
      </trkpt>
      <trkpt lat="33.58424" lon="-117.76262">
        <ele>75.0</ele>
        <time>2026-01-21T16:59:54Z</time>
      </trkpt>
      <trkpt lat="33.58427" lon="-117.76264">
        <ele>75.0</ele>
        <time>2026-01-21T16:59:57Z</time>
      </trkpt>
      <trkpt lat="33.5843" lon="-117.76267">
        <ele>75.0</ele>
        <time>2026-01-21T17:00:00Z</time>
      </trkpt>
      <trkpt lat="33.58432" lon="-117.7627">
        <ele>75.1</ele>
        <time>2026-01-21T17:00:03Z</time>
      </trkpt>
      <trkpt lat="33.58435" lon="-117.76273">
        <ele>75.47</ele>
        <time>2026-01-21T17:00:06Z</time>
      </trkpt>
      <trkpt lat="33.58438" lon="-117.76276">
        <ele>75.87</ele>
        <time>2026-01-21T17:00:09Z</time>
      </trkpt>
      <trkpt lat="33.5844" lon="-117.76279">
        <ele>76.0</ele>
        <time>2026-01-21T17:00:12Z</time>
      </trkpt>
      <trkpt lat="33.58443" lon="-117.76281">
        <ele>76.0</ele>
        <time>2026-01-21T17:00:15Z</time>
      </trkpt>
      <trkpt lat="33.58446" lon="-117.76284">
        <ele>76.0</ele>
        <time>2026-01-21T17:00:18Z</time>
      </trkpt>
      <trkpt lat="33.58448" lon="-117.76287">
        <ele>76.0</ele>
        <time>2026-01-21T17:00:21Z</time>
      </trkpt>
      <trkpt lat="33.58451" lon="-117.7629">
        <ele>76.23</ele>
        <time>2026-01-21T17:00:24Z</time>
      </trkpt>
      <trkpt lat="33.58454" lon="-117.76293">
        <ele>76.62</ele>
        <time>2026-01-21T17:00:27Z</time>
      </trkpt>
      <trkpt lat="33.58456" lon="-117.76296">
        <ele>76.73</ele>
        <time>2026-01-21T17:00:30Z</time>
      </trkpt>
      <trkpt lat="33.58459" lon="-117.76299">
        <ele>76.6</ele>
        <time>2026-01-21T17:00:33Z</time>
      </trkpt>
      <trkpt lat="33.58462" lon="-117.76302">
        <ele>76.66</ele>
        <time>2026-01-21T17:00:36Z</time>
      </trkpt>
      <trkpt lat="33.58465" lon="-117.76304">
        <ele>76.87</ele>
        <time>2026-01-21T17:00:39Z</time>
      </trkpt>
      <trkpt lat="33.58468" lon="-117.76307">
        <ele>77.0</ele>
        <time>2026-01-21T17:00:42Z</time>
      </trkpt>
      <trkpt lat="33.58471" lon="-117.7631">
        <ele>77.0</ele>
        <time>2026-01-21T17:00:45Z</time>
      </trkpt>
      <trkpt lat="33.58474" lon="-117.76312">
        <ele>77.0</ele>
        <time>2026-01-21T17:00:48Z</time>
      </trkpt>
      <trkpt lat="33.58477" lon="-117.76315">
        <ele>77.0</ele>
        <time>2026-01-21T17:00:51Z</time>
      </trkpt>
      <trkpt lat="33.5848" lon="-117.76317">
        <ele>77.0</ele>
        <time>2026-01-21T17:00:54Z</time>
      </trkpt>
      <trkpt lat="33.58483" lon="-117.7632">
        <ele>77.0</ele>
        <time>2026-01-21T17:00:57Z</time>
      </trkpt>
      <trkpt lat="33.58485" lon="-117.76323">
        <ele>77.0</ele>
        <time>2026-01-21T17:01:00Z</time>
      </trkpt>
      <trkpt lat="33.58488" lon="-117.76325">
        <ele>77.0</ele>
        <time>2026-01-21T17:01:03Z</time>
      </trkpt>
      <trkpt lat="33.58491" lon="-117.76328">
        <ele>77.0</ele>
        <time>2026-01-21T17:01:06Z</time>
      </trkpt>
      <trkpt lat="33.58494" lon="-117.76331">
        <ele>77.0</ele>
        <time>2026-01-21T17:01:09Z</time>
      </trkpt>
      <trkpt lat="33.58496" lon="-117.76334">
        <ele>77.07</ele>
        <time>2026-01-21T17:01:12Z</time>
      </trkpt>
      <trkpt lat="33.58499" lon="-117.76336">
        <ele>77.29</ele>
        <time>2026-01-21T17:01:15Z</time>
      </trkpt>
      <trkpt lat="33.58502" lon="-117.76339">
        <ele>77.7</ele>
        <time>2026-01-21T17:01:18Z</time>
      </trkpt>
      <trkpt lat="33.58504" lon="-117.76342">
        <ele>77.96</ele>
        <time>2026-01-21T17:01:21Z</time>
      </trkpt>
      <trkpt lat="33.58507" lon="-117.76345">
        <ele>78.0</ele>
        <time>2026-01-21T17:01:24Z</time>
      </trkpt>
      <trkpt lat="33.58509" lon="-117.76347">
        <ele>78.0</ele>
        <time>2026-01-21T17:01:27Z</time>
      </trkpt>
      <trkpt lat="33.58512" lon="-117.7635">
        <ele>78.0</ele>
        <time>2026-01-21T17:01:30Z</time>
      </trkpt>
      <trkpt lat="33.58515" lon="-117.76353">
        <ele>78.0</ele>
        <time>2026-01-21T17:01:33Z</time>
      </trkpt>
      <trkpt lat="33.58517" lon="-117.76356">
        <ele>78.0</ele>
        <time>2026-01-21T17:01:36Z</time>
      </trkpt>
      <trkpt lat="33.5852" lon="-117.76359">
        <ele>78.0</ele>
        <time>2026-01-21T17:01:39Z</time>
      </trkpt>
      <trkpt lat="33.58522" lon="-117.76361">
        <ele>78.0</ele>
        <time>2026-01-21T17:01:42Z</time>
      </trkpt>
      <trkpt lat="33.58525" lon="-117.76363">
        <ele>78.0</ele>
        <time>2026-01-21T17:01:53Z</time>
      </trkpt>
      <trkpt lat="33.58527" lon="-117.76366">
        <ele>78.0</ele>
        <time>2026-01-21T17:01:56Z</time>
      </trkpt>
      <trkpt lat="33.58529" lon="-117.76369">
        <ele>78.13</ele>
        <time>2026-01-21T17:01:59Z</time>
      </trkpt>
      <trkpt lat="33.58532" lon="-117.76372">
        <ele>78.55</ele>
        <time>2026-01-21T17:02:02Z</time>
      </trkpt>
      <trkpt lat="33.58535" lon="-117.76374">
        <ele>78.87</ele>
        <time>2026-01-21T17:02:05Z</time>
      </trkpt>
      <trkpt lat="33.58537" lon="-117.76377">
        <ele>79.0</ele>
        <time>2026-01-21T17:02:08Z</time>
      </trkpt>
      <trkpt lat="33.5854" lon="-117.7638">
        <ele>79.0</ele>
        <time>2026-01-21T17:02:11Z</time>
      </trkpt>
      <trkpt lat="33.58542" lon="-117.76383">
        <ele>79.0</ele>
        <time>2026-01-21T17:02:14Z</time>
      </trkpt>
      <trkpt lat="33.58545" lon="-117.76386">
        <ele>79.0</ele>
        <time>2026-01-21T17:02:17Z</time>
      </trkpt>
      <trkpt lat="33.58547" lon="-117.76389">
        <ele>79.0</ele>
        <time>2026-01-21T17:02:20Z</time>
      </trkpt>
      <trkpt lat="33.5855" lon="-117.76392">
        <ele>79.0</ele>
        <time>2026-01-21T17:02:23Z</time>
      </trkpt>
      <trkpt lat="33.58552" lon="-117.76395">
        <ele>79.0</ele>
        <time>2026-01-21T17:02:26Z</time>
      </trkpt>
      <trkpt lat="33.58555" lon="-117.76398">
        <ele>79.0</ele>
        <time>2026-01-21T17:02:29Z</time>
      </trkpt>
      <trkpt lat="33.58557" lon="-117.76401">
        <ele>79.42</ele>
        <time>2026-01-21T17:02:32Z</time>
      </trkpt>
      <trkpt lat="33.5856" lon="-117.76404">
        <ele>79.81</ele>
        <time>2026-01-21T17:02:35Z</time>
      </trkpt>
      <trkpt lat="33.58562" lon="-117.76407">
        <ele>79.99</ele>
        <time>2026-01-21T17:02:38Z</time>
      </trkpt>
      <trkpt lat="33.58565" lon="-117.7641">
        <ele>80.0</ele>
        <time>2026-01-21T17:02:41Z</time>
      </trkpt>
      <trkpt lat="33.58567" lon="-117.76413">
        <ele>80.0</ele>
        <time>2026-01-21T17:02:44Z</time>
      </trkpt>
      <trkpt lat="33.5857" lon="-117.76416">
        <ele>80.0</ele>
        <time>2026-01-21T17:02:47Z</time>
      </trkpt>
      <trkpt lat="33.58572" lon="-117.76418">
        <ele>80.0</ele>
        <time>2026-01-21T17:02:50Z</time>
      </trkpt>
      <trkpt lat="33.58575" lon="-117.76421">
        <ele>80.0</ele>
        <time>2026-01-21T17:02:53Z</time>
      </trkpt>
      <trkpt lat="33.58577" lon="-117.76424">
        <ele>80.0</ele>
        <time>2026-01-21T17:02:56Z</time>
      </trkpt>
      <trkpt lat="33.5858" lon="-117.76427">
        <ele>80.0</ele>
        <time>2026-01-21T17:02:59Z</time>
      </trkpt>
      <trkpt lat="33.58582" lon="-117.7643">
        <ele>80.0</ele>
        <time>2026-01-21T17:03:02Z</time>
      </trkpt>
      <trkpt lat="33.58585" lon="-117.76434">
        <ele>80.18</ele>
        <time>2026-01-21T17:03:05Z</time>
      </trkpt>
      <trkpt lat="33.58587" lon="-117.76437">
        <ele>80.51</ele>
        <time>2026-01-21T17:03:08Z</time>
      </trkpt>
      <trkpt lat="33.58589" lon="-117.7644">
        <ele>80.81</ele>
        <time>2026-01-21T17:03:11Z</time>
      </trkpt>
      <trkpt lat="33.58592" lon="-117.76443">
        <ele>80.99</ele>
        <time>2026-01-21T17:03:14Z</time>
      </trkpt>
      <trkpt lat="33.58594" lon="-117.76446">
        <ele>81.14</ele>
        <time>2026-01-21T17:03:17Z</time>
      </trkpt>
      <trkpt lat="33.58597" lon="-117.76449">
        <ele>81.26</ele>
        <time>2026-01-21T17:03:20Z</time>
      </trkpt>
      <trkpt lat="33.58599" lon="-117.76452">
        <ele>81.25</ele>
        <time>2026-01-21T17:03:23Z</time>
      </trkpt>
      <trkpt lat="33.58602" lon="-117.76455">
        <ele>81.14</ele>
        <time>2026-01-21T17:03:26Z</time>
      </trkpt>
      <trkpt lat="33.58604" lon="-117.76458">
        <ele>81.36</ele>
        <time>2026-01-21T17:03:29Z</time>
      </trkpt>
      <trkpt lat="33.58606" lon="-117.76461">
        <ele>81.43</ele>
        <time>2026-01-21T17:03:32Z</time>
      </trkpt>
      <trkpt lat="33.58609" lon="-117.76464">
        <ele>81.34</ele>
        <time>2026-01-21T17:03:35Z</time>
      </trkpt>
      <trkpt lat="33.58611" lon="-117.76467">
        <ele>81.45</ele>
        <time>2026-01-21T17:03:38Z</time>
      </trkpt>
      <trkpt lat="33.58614" lon="-117.7647">
        <ele>81.83</ele>
        <time>2026-01-21T17:03:41Z</time>
      </trkpt>
      <trkpt lat="33.58616" lon="-117.76473">
        <ele>82.12</ele>
        <time>2026-01-21T17:03:44Z</time>
      </trkpt>
      <trkpt lat="33.58619" lon="-117.76475">
        <ele>82.34</ele>
        <time>2026-01-21T17:03:47Z</time>
      </trkpt>
      <trkpt lat="33.58621" lon="-117.76476">
        <ele>82.38</ele>
        <time>2026-01-21T17:03:50Z</time>
      </trkpt>
      <trkpt lat="33.58624" lon="-117.76476">
        <ele>82.25</ele>
        <time>2026-01-21T17:03:53Z</time>
      </trkpt>
      <trkpt lat="33.58627" lon="-117.76476">
        <ele>82.12</ele>
        <time>2026-01-21T17:03:56Z</time>
      </trkpt>
      <trkpt lat="33.5863" lon="-117.76475">
        <ele>82.0</ele>
        <time>2026-01-21T17:03:59Z</time>
      </trkpt>
      <trkpt lat="33.58634" lon="-117.76476">
        <ele>82.0</ele>
        <time>2026-01-21T17:04:01Z</time>
      </trkpt>
      <trkpt lat="33.58638" lon="-117.76476">
        <ele>82.0</ele>
        <time>2026-01-21T17:04:03Z</time>
      </trkpt>
      <trkpt lat="33.58641" lon="-117.76477">
        <ele>82.0</ele>
        <time>2026-01-21T17:04:05Z</time>
      </trkpt>
      <trkpt lat="33.58644" lon="-117.76478">
        <ele>82.0</ele>
        <time>2026-01-21T17:04:07Z</time>
      </trkpt>
      <trkpt lat="33.58647" lon="-117.76478">
        <ele>82.0</ele>
        <time>2026-01-21T17:04:09Z</time>
      </trkpt>
      <trkpt lat="33.5865" lon="-117.76479">
        <ele>82.0</ele>
        <time>2026-01-21T17:04:12Z</time>
      </trkpt>
      <trkpt lat="33.58654" lon="-117.76481">
        <ele>82.0</ele>
        <time>2026-01-21T17:04:15Z</time>
      </trkpt>
      <trkpt lat="33.58657" lon="-117.76482">
        <ele>82.0</ele>
        <time>2026-01-21T17:04:18Z</time>
      </trkpt>
      <trkpt lat="33.58661" lon="-117.76483">
        <ele>82.0</ele>
        <time>2026-01-21T17:04:21Z</time>
      </trkpt>
      <trkpt lat="33.58664" lon="-117.76484">
        <ele>82.0</ele>
        <time>2026-01-21T17:04:24Z</time>
      </trkpt>
      <trkpt lat="33.58667" lon="-117.76485">
        <ele>81.98</ele>
        <time>2026-01-21T17:04:27Z</time>
      </trkpt>
      <trkpt lat="33.5867" lon="-117.76486">
        <ele>81.82</ele>
        <time>2026-01-21T17:04:30Z</time>
      </trkpt>
      <trkpt lat="33.58673" lon="-117.76488">
        <ele>81.8</ele>
        <time>2026-01-21T17:04:33Z</time>
      </trkpt>
      <trkpt lat="33.58676" lon="-117.76489">
        <ele>81.81</ele>
        <time>2026-01-21T17:04:36Z</time>
      </trkpt>
      <trkpt lat="33.58679" lon="-117.7649">
        <ele>81.89</ele>
        <time>2026-01-21T17:04:39Z</time>
      </trkpt>
      <trkpt lat="33.58682" lon="-117.76491">
        <ele>82.03</ele>
        <time>2026-01-21T17:04:42Z</time>
      </trkpt>
      <trkpt lat="33.58685" lon="-117.76492">
        <ele>82.14</ele>
        <time>2026-01-21T17:04:45Z</time>
      </trkpt>
      <trkpt lat="33.58688" lon="-117.76493">
        <ele>82.24</ele>
        <time>2026-01-21T17:04:48Z</time>
      </trkpt>
      <trkpt lat="33.58692" lon="-117.76494">
        <ele>82.35</ele>
        <time>2026-01-21T17:04:51Z</time>
      </trkpt>
      <trkpt lat="33.58695" lon="-117.76495">
        <ele>82.37</ele>
        <time>2026-01-21T17:04:54Z</time>
      </trkpt>
      <trkpt lat="33.58698" lon="-117.76497">
        <ele>82.17</ele>
        <time>2026-01-21T17:04:57Z</time>
      </trkpt>
      <trkpt lat="33.58701" lon="-117.76498">
        <ele>81.92</ele>
        <time>2026-01-21T17:05:00Z</time>
      </trkpt>
      <trkpt lat="33.58704" lon="-117.765">
        <ele>82.03</ele>
        <time>2026-01-21T17:05:03Z</time>
      </trkpt>
      <trkpt lat="33.58708" lon="-117.76501">
        <ele>82.52</ele>
        <time>2026-01-21T17:05:06Z</time>
      </trkpt>
      <trkpt lat="33.58711" lon="-117.76503">
        <ele>82.86</ele>
        <time>2026-01-21T17:05:09Z</time>
      </trkpt>
      <trkpt lat="33.58713" lon="-117.76505">
        <ele>83.0</ele>
        <time>2026-01-21T17:05:11Z</time>
      </trkpt>
      <trkpt lat="33.58715" lon="-117.76508">
        <ele>82.94</ele>
        <time>2026-01-21T17:05:13Z</time>
      </trkpt>
      <trkpt lat="33.58717" lon="-117.76512">
        <ele>83.13</ele>
        <time>2026-01-21T17:05:15Z</time>
      </trkpt>
      <trkpt lat="33.5872" lon="-117.76514">
        <ele>83.39</ele>
        <time>2026-01-21T17:05:18Z</time>
      </trkpt>
      <trkpt lat="33.58723" lon="-117.76516">
        <ele>83.62</ele>
        <time>2026-01-21T17:05:21Z</time>
      </trkpt>
      <trkpt lat="33.58726" lon="-117.76518">
        <ele>83.51</ele>
        <time>2026-01-21T17:05:26Z</time>
      </trkpt>
      <trkpt lat="33.58729" lon="-117.7652">
        <ele>83.39</ele>
        <time>2026-01-21T17:05:30Z</time>
      </trkpt>
      <trkpt lat="33.58732" lon="-117.76522">
        <ele>83.41</ele>
        <time>2026-01-21T17:05:33Z</time>
      </trkpt>
      <trkpt lat="33.58735" lon="-117.76523">
        <ele>83.68</ele>
        <time>2026-01-21T17:05:36Z</time>
      </trkpt>
      <trkpt lat="33.58738" lon="-117.76525">
        <ele>83.91</ele>
        <time>2026-01-21T17:05:39Z</time>
      </trkpt>
      <trkpt lat="33.58741" lon="-117.76527">
        <ele>84.0</ele>
        <time>2026-01-21T17:05:42Z</time>
      </trkpt>
      <trkpt lat="33.58744" lon="-117.76529">
        <ele>84.13</ele>
        <time>2026-01-21T17:05:45Z</time>
      </trkpt>
      <trkpt lat="33.58747" lon="-117.7653">
        <ele>84.24</ele>
        <time>2026-01-21T17:05:48Z</time>
      </trkpt>
      <trkpt lat="33.5875" lon="-117.76532">
        <ele>84.46</ele>
        <time>2026-01-21T17:05:51Z</time>
      </trkpt>
      <trkpt lat="33.58752" lon="-117.76534">
        <ele>84.53</ele>
        <time>2026-01-21T17:05:54Z</time>
      </trkpt>
      <trkpt lat="33.58755" lon="-117.76535">
        <ele>84.36</ele>
        <time>2026-01-21T17:05:57Z</time>
      </trkpt>
      <trkpt lat="33.58758" lon="-117.76536">
        <ele>84.12</ele>
        <time>2026-01-21T17:06:00Z</time>
      </trkpt>
      <trkpt lat="33.58762" lon="-117.76537">
        <ele>84.0</ele>
        <time>2026-01-21T17:06:03Z</time>
      </trkpt>
      <trkpt lat="33.58765" lon="-117.76538">
        <ele>84.1</ele>
        <time>2026-01-21T17:06:06Z</time>
      </trkpt>
      <trkpt lat="33.58768" lon="-117.7654">
        <ele>84.32</ele>
        <time>2026-01-21T17:06:09Z</time>
      </trkpt>
      <trkpt lat="33.58771" lon="-117.76541">
        <ele>84.43</ele>
        <time>2026-01-21T17:06:12Z</time>
      </trkpt>
      <trkpt lat="33.58774" lon="-117.76543">
        <ele>84.64</ele>
        <time>2026-01-21T17:06:15Z</time>
      </trkpt>
      <trkpt lat="33.58777" lon="-117.76545">
        <ele>84.86</ele>
        <time>2026-01-21T17:06:18Z</time>
      </trkpt>
      <trkpt lat="33.58781" lon="-117.76546">
        <ele>84.63</ele>
        <time>2026-01-21T17:06:21Z</time>
      </trkpt>
      <trkpt lat="33.58784" lon="-117.76548">
        <ele>84.64</ele>
        <time>2026-01-21T17:06:24Z</time>
      </trkpt>
      <trkpt lat="33.58787" lon="-117.76549">
        <ele>84.59</ele>
        <time>2026-01-21T17:06:27Z</time>
      </trkpt>
      <trkpt lat="33.5879" lon="-117.76551">
        <ele>85.34</ele>
        <time>2026-01-21T17:06:30Z</time>
      </trkpt>
      <trkpt lat="33.58793" lon="-117.76552">
        <ele>85.88</ele>
        <time>2026-01-21T17:06:33Z</time>
      </trkpt>
      <trkpt lat="33.58797" lon="-117.76554">
        <ele>86.54</ele>
        <time>2026-01-21T17:06:36Z</time>
      </trkpt>
      <trkpt lat="33.588" lon="-117.76555">
        <ele>86.13</ele>
        <time>2026-01-21T17:06:39Z</time>
      </trkpt>
      <trkpt lat="33.58803" lon="-117.76557">
        <ele>85.82</ele>
        <time>2026-01-21T17:06:42Z</time>
      </trkpt>
      <trkpt lat="33.58806" lon="-117.76558">
        <ele>85.53</ele>
        <time>2026-01-21T17:06:45Z</time>
      </trkpt>
      <trkpt lat="33.5881" lon="-117.76559">
        <ele>85.74</ele>
        <time>2026-01-21T17:06:48Z</time>
      </trkpt>
      <trkpt lat="33.58813" lon="-117.76561">
        <ele>86.18</ele>
        <time>2026-01-21T17:06:51Z</time>
      </trkpt>
      <trkpt lat="33.58816" lon="-117.76562">
        <ele>86.3</ele>
        <time>2026-01-21T17:06:54Z</time>
      </trkpt>
      <trkpt lat="33.5882" lon="-117.76563">
        <ele>86.16</ele>
        <time>2026-01-21T17:06:57Z</time>
      </trkpt>
      <trkpt lat="33.58823" lon="-117.76564">
        <ele>86.02</ele>
        <time>2026-01-21T17:07:00Z</time>
      </trkpt>
      <trkpt lat="33.58826" lon="-117.76565">
        <ele>85.88</ele>
        <time>2026-01-21T17:07:03Z</time>
      </trkpt>
      <trkpt lat="33.5883" lon="-117.76567">
        <ele>86.46</ele>
        <time>2026-01-21T17:07:06Z</time>
      </trkpt>
      <trkpt lat="33.58833" lon="-117.76568">
        <ele>86.74</ele>
        <time>2026-01-21T17:07:09Z</time>
      </trkpt>
      <trkpt lat="33.58836" lon="-117.7657">
        <ele>87.77</ele>
        <time>2026-01-21T17:07:12Z</time>
      </trkpt>
      <trkpt lat="33.58839" lon="-117.76571">
        <ele>88.13</ele>
        <time>2026-01-21T17:07:15Z</time>
      </trkpt>
      <trkpt lat="33.58842" lon="-117.76572">
        <ele>88.36</ele>
        <time>2026-01-21T17:07:18Z</time>
      </trkpt>
      <trkpt lat="33.58846" lon="-117.76573">
        <ele>88.33</ele>
        <time>2026-01-21T17:07:21Z</time>
      </trkpt>
      <trkpt lat="33.58849" lon="-117.76572">
        <ele>87.79</ele>
        <time>2026-01-21T17:07:24Z</time>
      </trkpt>
      <trkpt lat="33.58851" lon="-117.7657">
        <ele>87.17</ele>
        <time>2026-01-21T17:07:26Z</time>
      </trkpt>
      <trkpt lat="33.58854" lon="-117.76568">
        <ele>86.76</ele>
        <time>2026-01-21T17:07:29Z</time>
      </trkpt>
      <trkpt lat="33.58858" lon="-117.76567">
        <ele>86.82</ele>
        <time>2026-01-21T17:07:32Z</time>
      </trkpt>
      <trkpt lat="33.58861" lon="-117.76567">
        <ele>86.99</ele>
        <time>2026-01-21T17:07:35Z</time>
      </trkpt>
      <trkpt lat="33.58864" lon="-117.76567">
        <ele>87.07</ele>
        <time>2026-01-21T17:07:38Z</time>
      </trkpt>
      <trkpt lat="33.58868" lon="-117.76567">
        <ele>87.18</ele>
        <time>2026-01-21T17:07:41Z</time>
      </trkpt>
      <trkpt lat="33.58871" lon="-117.76568">
        <ele>87.37</ele>
        <time>2026-01-21T17:07:44Z</time>
      </trkpt>
      <trkpt lat="33.58874" lon="-117.76569">
        <ele>87.49</ele>
        <time>2026-01-21T17:07:47Z</time>
      </trkpt>
      <trkpt lat="33.58878" lon="-117.7657">
        <ele>87.46</ele>
        <time>2026-01-21T17:07:50Z</time>
      </trkpt>
      <trkpt lat="33.58881" lon="-117.76572">
        <ele>87.16</ele>
        <time>2026-01-21T17:07:53Z</time>
      </trkpt>
      <trkpt lat="33.58884" lon="-117.76573">
        <ele>87.01</ele>
        <time>2026-01-21T17:07:56Z</time>
      </trkpt>
      <trkpt lat="33.58887" lon="-117.76576">
        <ele>87.5</ele>
        <time>2026-01-21T17:07:59Z</time>
      </trkpt>
      <trkpt lat="33.5889" lon="-117.7658">
        <ele>88.13</ele>
        <time>2026-01-21T17:08:01Z</time>
      </trkpt>
      <trkpt lat="33.58892" lon="-117.76584">
        <ele>88.52</ele>
        <time>2026-01-21T17:08:03Z</time>
      </trkpt>
      <trkpt lat="33.58894" lon="-117.76587">
        <ele>88.61</ele>
        <time>2026-01-21T17:08:05Z</time>
      </trkpt>
      <trkpt lat="33.58896" lon="-117.76589">
        <ele>88.03</ele>
        <time>2026-01-21T17:08:07Z</time>
      </trkpt>
      <trkpt lat="33.58898" lon="-117.76592">
        <ele>87.09</ele>
        <time>2026-01-21T17:08:10Z</time>
      </trkpt>
      <trkpt lat="33.58897" lon="-117.76595">
        <ele>88.52</ele>
        <time>2026-01-21T17:08:13Z</time>
      </trkpt>
      <trkpt lat="33.58897" lon="-117.76599">
        <ele>89.82</ele>
        <time>2026-01-21T17:08:17Z</time>
      </trkpt>
      <trkpt lat="33.58899" lon="-117.76602">
        <ele>89.79</ele>
        <time>2026-01-21T17:08:21Z</time>
      </trkpt>
      <trkpt lat="33.58901" lon="-117.76606">
        <ele>90.59</ele>
        <time>2026-01-21T17:08:25Z</time>
      </trkpt>
      <trkpt lat="33.58903" lon="-117.76608">
        <ele>90.39</ele>
        <time>2026-01-21T17:08:28Z</time>
      </trkpt>
      <trkpt lat="33.58905" lon="-117.76611">
        <ele>90.27</ele>
        <time>2026-01-21T17:08:31Z</time>
      </trkpt>
      <trkpt lat="33.58907" lon="-117.76613">
        <ele>90.23</ele>
        <time>2026-01-21T17:08:34Z</time>
      </trkpt>
      <trkpt lat="33.5891" lon="-117.76615">
        <ele>90.42</ele>
        <time>2026-01-21T17:08:37Z</time>
      </trkpt>
      <trkpt lat="33.58913" lon="-117.76617">
        <ele>90.59</ele>
        <time>2026-01-21T17:08:40Z</time>
      </trkpt>
      <trkpt lat="33.58916" lon="-117.76618">
        <ele>90.17</ele>
        <time>2026-01-21T17:08:43Z</time>
      </trkpt>
      <trkpt lat="33.58919" lon="-117.76621">
        <ele>90.99</ele>
        <time>2026-01-21T17:08:46Z</time>
      </trkpt>
      <trkpt lat="33.58922" lon="-117.76623">
        <ele>91.23</ele>
        <time>2026-01-21T17:08:49Z</time>
      </trkpt>
      <trkpt lat="33.58925" lon="-117.76625">
        <ele>91.2</ele>
        <time>2026-01-21T17:08:52Z</time>
      </trkpt>
      <trkpt lat="33.58928" lon="-117.76628">
        <ele>91.46</ele>
        <time>2026-01-21T17:08:55Z</time>
      </trkpt>
      <trkpt lat="33.58931" lon="-117.7663">
        <ele>91.53</ele>
        <time>2026-01-21T17:08:58Z</time>
      </trkpt>
      <trkpt lat="33.58934" lon="-117.76631">
        <ele>91.42</ele>
        <time>2026-01-21T17:09:01Z</time>
      </trkpt>
      <trkpt lat="33.58937" lon="-117.76633">
        <ele>91.53</ele>
        <time>2026-01-21T17:09:04Z</time>
      </trkpt>
      <trkpt lat="33.5894" lon="-117.76633">
        <ele>91.21</ele>
        <time>2026-01-21T17:09:07Z</time>
      </trkpt>
      <trkpt lat="33.58943" lon="-117.76631">
        <ele>90.45</ele>
        <time>2026-01-21T17:09:10Z</time>
      </trkpt>
      <trkpt lat="33.58945" lon="-117.76632">
        <ele>90.47</ele>
        <time>2026-01-21T17:09:13Z</time>
      </trkpt>
      <trkpt lat="33.58948" lon="-117.76634">
        <ele>90.4</ele>
        <time>2026-01-21T17:09:16Z</time>
      </trkpt>
      <trkpt lat="33.5895" lon="-117.76636">
        <ele>90.14</ele>
        <time>2026-01-21T17:09:19Z</time>
      </trkpt>
      <trkpt lat="33.58953" lon="-117.7664">
        <ele>89.24</ele>
        <time>2026-01-21T17:09:22Z</time>
      </trkpt>
      <trkpt lat="33.58955" lon="-117.76643">
        <ele>89.79</ele>
        <time>2026-01-21T17:09:24Z</time>
      </trkpt>
      <trkpt lat="33.58956" lon="-117.76647">
        <ele>90.08</ele>
        <time>2026-01-21T17:09:26Z</time>
      </trkpt>
      <trkpt lat="33.58958" lon="-117.76651">
        <ele>91.04</ele>
        <time>2026-01-21T17:09:28Z</time>
      </trkpt>
      <trkpt lat="33.58959" lon="-117.76654">
        <ele>91.47</ele>
        <time>2026-01-21T17:09:31Z</time>
      </trkpt>
      <trkpt lat="33.58959" lon="-117.76658">
        <ele>91.54</ele>
        <time>2026-01-21T17:09:35Z</time>
      </trkpt>
      <trkpt lat="33.58959" lon="-117.76662">
        <ele>91.29</ele>
        <time>2026-01-21T17:09:39Z</time>
      </trkpt>
      <trkpt lat="33.5896" lon="-117.76666">
        <ele>91.05</ele>
        <time>2026-01-21T17:09:44Z</time>
      </trkpt>
      <trkpt lat="33.58961" lon="-117.76669">
        <ele>90.85</ele>
        <time>2026-01-21T17:09:48Z</time>
      </trkpt>
      <trkpt lat="33.58963" lon="-117.76673">
        <ele>90.33</ele>
        <time>2026-01-21T17:09:52Z</time>
      </trkpt>
      <trkpt lat="33.58965" lon="-117.76676">
        <ele>90.88</ele>
        <time>2026-01-21T17:09:55Z</time>
      </trkpt>
      <trkpt lat="33.58967" lon="-117.76679">
        <ele>91.79</ele>
        <time>2026-01-21T17:09:59Z</time>
      </trkpt>
      <trkpt lat="33.58968" lon="-117.76682">
        <ele>92.12</ele>
        <time>2026-01-21T17:10:02Z</time>
      </trkpt>
      <trkpt lat="33.5897" lon="-117.76685">
        <ele>92.53</ele>
        <time>2026-01-21T17:10:05Z</time>
      </trkpt>
      <trkpt lat="33.58972" lon="-117.76688">
        <ele>92.66</ele>
        <time>2026-01-21T17:10:08Z</time>
      </trkpt>
      <trkpt lat="33.58974" lon="-117.76691">
        <ele>92.83</ele>
        <time>2026-01-21T17:10:11Z</time>
      </trkpt>
      <trkpt lat="33.58975" lon="-117.76694">
        <ele>92.66</ele>
        <time>2026-01-21T17:10:14Z</time>
      </trkpt>
      <trkpt lat="33.58976" lon="-117.76697">
        <ele>92.82</ele>
        <time>2026-01-21T17:10:17Z</time>
      </trkpt>
      <trkpt lat="33.58977" lon="-117.76701">
        <ele>93.03</ele>
        <time>2026-01-21T17:10:20Z</time>
      </trkpt>
      <trkpt lat="33.58978" lon="-117.76704">
        <ele>93.26</ele>
        <time>2026-01-21T17:10:23Z</time>
      </trkpt>
      <trkpt lat="33.58979" lon="-117.76707">
        <ele>93.63</ele>
        <time>2026-01-21T17:10:26Z</time>
      </trkpt>
      <trkpt lat="33.58981" lon="-117.76711">
        <ele>94.6</ele>
        <time>2026-01-21T17:10:29Z</time>
      </trkpt>
      <trkpt lat="33.58982" lon="-117.76715">
        <ele>95.12</ele>
        <time>2026-01-21T17:10:32Z</time>
      </trkpt>
      <trkpt lat="33.58983" lon="-117.76718">
        <ele>95.42</ele>
        <time>2026-01-21T17:10:35Z</time>
      </trkpt>
      <trkpt lat="33.58984" lon="-117.76721">
        <ele>95.78</ele>
        <time>2026-01-21T17:10:38Z</time>
      </trkpt>
      <trkpt lat="33.58985" lon="-117.76724">
        <ele>95.88</ele>
        <time>2026-01-21T17:10:42Z</time>
      </trkpt>
      <trkpt lat="33.58987" lon="-117.76728">
        <ele>95.79</ele>
        <time>2026-01-21T17:10:46Z</time>
      </trkpt>
      <trkpt lat="33.58988" lon="-117.76732">
        <ele>95.29</ele>
        <time>2026-01-21T17:10:50Z</time>
      </trkpt>
      <trkpt lat="33.5899" lon="-117.76729">
        <ele>96.35</ele>
        <time>2026-01-21T17:10:57Z</time>
      </trkpt>
      <trkpt lat="33.58993" lon="-117.7673">
        <ele>97.54</ele>
        <time>2026-01-21T17:11:09Z</time>
      </trkpt>
      <trkpt lat="33.58995" lon="-117.76733">
        <ele>97.73</ele>
        <time>2026-01-21T17:11:15Z</time>
      </trkpt>
      <trkpt lat="33.58996" lon="-117.76736">
        <ele>97.1</ele>
        <time>2026-01-21T17:11:19Z</time>
      </trkpt>
      <trkpt lat="33.58997" lon="-117.7674">
        <ele>96.0</ele>
        <time>2026-01-21T17:11:21Z</time>
      </trkpt>
      <trkpt lat="33.58998" lon="-117.76745">
        <ele>95.61</ele>
        <time>2026-01-21T17:11:23Z</time>
      </trkpt>
      <trkpt lat="33.58999" lon="-117.76749">
        <ele>95.17</ele>
        <time>2026-01-21T17:11:26Z</time>
      </trkpt>
      <trkpt lat="33.59001" lon="-117.76752">
        <ele>95.39</ele>
        <time>2026-01-21T17:11:29Z</time>
      </trkpt>
      <trkpt lat="33.59004" lon="-117.76754">
        <ele>96.35</ele>
        <time>2026-01-21T17:11:32Z</time>
      </trkpt>
      <trkpt lat="33.59006" lon="-117.76758">
        <ele>96.47</ele>
        <time>2026-01-21T17:11:35Z</time>
      </trkpt>
      <trkpt lat="33.59008" lon="-117.76761">
        <ele>96.83</ele>
        <time>2026-01-21T17:11:38Z</time>
      </trkpt>
      <trkpt lat="33.59009" lon="-117.76764">
        <ele>97.0</ele>
        <time>2026-01-21T17:11:41Z</time>
      </trkpt>
      <trkpt lat="33.5901" lon="-117.76767">
        <ele>97.11</ele>
        <time>2026-01-21T17:11:44Z</time>
      </trkpt>
      <trkpt lat="33.59012" lon="-117.76771">
        <ele>96.87</ele>
        <time>2026-01-21T17:11:47Z</time>
      </trkpt>
      <trkpt lat="33.59013" lon="-117.76774">
        <ele>96.33</ele>
        <time>2026-01-21T17:11:50Z</time>
      </trkpt>
      <trkpt lat="33.59016" lon="-117.76776">
        <ele>95.74</ele>
        <time>2026-01-21T17:11:53Z</time>
      </trkpt>
      <trkpt lat="33.59018" lon="-117.76778">
        <ele>95.15</ele>
        <time>2026-01-21T17:11:56Z</time>
      </trkpt>
      <trkpt lat="33.59021" lon="-117.76777">
        <ele>95.52</ele>
        <time>2026-01-21T17:11:59Z</time>
      </trkpt>
      <trkpt lat="33.59024" lon="-117.76776">
        <ele>96.17</ele>
        <time>2026-01-21T17:12:02Z</time>
      </trkpt>
      <trkpt lat="33.59027" lon="-117.76775">
        <ele>96.82</ele>
        <time>2026-01-21T17:12:06Z</time>
      </trkpt>
      <trkpt lat="33.5903" lon="-117.76775">
        <ele>97.14</ele>
        <time>2026-01-21T17:12:10Z</time>
      </trkpt>
      <trkpt lat="33.59033" lon="-117.76777">
        <ele>96.82</ele>
        <time>2026-01-21T17:12:14Z</time>
      </trkpt>
      <trkpt lat="33.59036" lon="-117.76778">
        <ele>96.96</ele>
        <time>2026-01-21T17:12:18Z</time>
      </trkpt>
      <trkpt lat="33.59039" lon="-117.76779">
        <ele>97.61</ele>
        <time>2026-01-21T17:12:22Z</time>
      </trkpt>
      <trkpt lat="33.59041" lon="-117.76779">
        <ele>97.82</ele>
        <time>2026-01-21T17:12:26Z</time>
      </trkpt>
      <trkpt lat="33.59045" lon="-117.76778">
        <ele>97.93</ele>
        <time>2026-01-21T17:12:30Z</time>
      </trkpt>
      <trkpt lat="33.59048" lon="-117.76778">
        <ele>98.44</ele>
        <time>2026-01-21T17:12:34Z</time>
      </trkpt>
      <trkpt lat="33.59051" lon="-117.76778">
        <ele>99.08</ele>
        <time>2026-01-21T17:12:38Z</time>
      </trkpt>
      <trkpt lat="33.59055" lon="-117.76778">
        <ele>99.93</ele>
        <time>2026-01-21T17:12:42Z</time>
      </trkpt>
      <trkpt lat="33.59058" lon="-117.76778">
        <ele>100.05</ele>
        <time>2026-01-21T17:12:45Z</time>
      </trkpt>
      <trkpt lat="33.59061" lon="-117.76778">
        <ele>100.06</ele>
        <time>2026-01-21T17:12:47Z</time>
      </trkpt>
      <trkpt lat="33.59065" lon="-117.76778">
        <ele>100.09</ele>
        <time>2026-01-21T17:12:49Z</time>
      </trkpt>
      <trkpt lat="33.59068" lon="-117.76778">
        <ele>100.4</ele>
        <time>2026-01-21T17:12:51Z</time>
      </trkpt>
      <trkpt lat="33.59072" lon="-117.76778">
        <ele>100.81</ele>
        <time>2026-01-21T17:12:54Z</time>
      </trkpt>
      <trkpt lat="33.59075" lon="-117.76779">
        <ele>101.11</ele>
        <time>2026-01-21T17:12:58Z</time>
      </trkpt>
      <trkpt lat="33.59077" lon="-117.76782">
        <ele>101.17</ele>
        <time>2026-01-21T17:13:01Z</time>
      </trkpt>
      <trkpt lat="33.5908" lon="-117.76785">
        <ele>100.78</ele>
        <time>2026-01-21T17:13:04Z</time>
      </trkpt>
      <trkpt lat="33.59083" lon="-117.76787">
        <ele>100.08</ele>
        <time>2026-01-21T17:13:07Z</time>
      </trkpt>
      <trkpt lat="33.59085" lon="-117.76789">
        <ele>100.68</ele>
        <time>2026-01-21T17:13:10Z</time>
      </trkpt>
      <trkpt lat="33.59087" lon="-117.76792">
        <ele>101.37</ele>
        <time>2026-01-21T17:13:13Z</time>
      </trkpt>
      <trkpt lat="33.5909" lon="-117.76795">
        <ele>102.26</ele>
        <time>2026-01-21T17:13:16Z</time>
      </trkpt>
      <trkpt lat="33.59091" lon="-117.76798">
        <ele>102.43</ele>
        <time>2026-01-21T17:13:19Z</time>
      </trkpt>
      <trkpt lat="33.59093" lon="-117.76801">
        <ele>102.67</ele>
        <time>2026-01-21T17:13:22Z</time>
      </trkpt>
      <trkpt lat="33.59094" lon="-117.76804">
        <ele>102.78</ele>
        <time>2026-01-21T17:13:25Z</time>
      </trkpt>
      <trkpt lat="33.59096" lon="-117.76807">
        <ele>103.34</ele>
        <time>2026-01-21T17:13:28Z</time>
      </trkpt>
      <trkpt lat="33.59096" lon="-117.7681">
        <ele>103.07</ele>
        <time>2026-01-21T17:13:32Z</time>
      </trkpt>
      <trkpt lat="33.59098" lon="-117.76814">
        <ele>102.58</ele>
        <time>2026-01-21T17:13:36Z</time>
      </trkpt>
      <trkpt lat="33.591" lon="-117.76817">
        <ele>102.34</ele>
        <time>2026-01-21T17:13:39Z</time>
      </trkpt>
      <trkpt lat="33.59103" lon="-117.7682">
        <ele>102.66</ele>
        <time>2026-01-21T17:13:42Z</time>
      </trkpt>
      <trkpt lat="33.59105" lon="-117.76824">
        <ele>103.37</ele>
        <time>2026-01-21T17:13:45Z</time>
      </trkpt>
      <trkpt lat="33.59106" lon="-117.76827">
        <ele>104.17</ele>
        <time>2026-01-21T17:13:48Z</time>
      </trkpt>
      <trkpt lat="33.59107" lon="-117.7683">
        <ele>104.72</ele>
        <time>2026-01-21T17:13:51Z</time>
      </trkpt>
      <trkpt lat="33.59108" lon="-117.76834">
        <ele>105.02</ele>
        <time>2026-01-21T17:13:54Z</time>
      </trkpt>
      <trkpt lat="33.59109" lon="-117.76838">
        <ele>105.27</ele>
        <time>2026-01-21T17:13:58Z</time>
      </trkpt>
      <trkpt lat="33.5911" lon="-117.76841">
        <ele>105.63</ele>
        <time>2026-01-21T17:14:02Z</time>
      </trkpt>
      <trkpt lat="33.59111" lon="-117.76845">
        <ele>106.49</ele>
        <time>2026-01-21T17:14:06Z</time>
      </trkpt>
      <trkpt lat="33.59112" lon="-117.76849">
        <ele>107.76</ele>
        <time>2026-01-21T17:14:10Z</time>
      </trkpt>
      <trkpt lat="33.59112" lon="-117.76853">
        <ele>108.25</ele>
        <time>2026-01-21T17:14:14Z</time>
      </trkpt>
      <trkpt lat="33.59113" lon="-117.76857">
        <ele>108.27</ele>
        <time>2026-01-21T17:14:18Z</time>
      </trkpt>
      <trkpt lat="33.59115" lon="-117.7686">
        <ele>108.15</ele>
        <time>2026-01-21T17:14:22Z</time>
      </trkpt>
      <trkpt lat="33.59116" lon="-117.76864">
        <ele>107.23</ele>
        <time>2026-01-21T17:14:26Z</time>
      </trkpt>
      <trkpt lat="33.59118" lon="-117.76868">
        <ele>106.32</ele>
        <time>2026-01-21T17:14:30Z</time>
      </trkpt>
      <trkpt lat="33.5912" lon="-117.7687">
        <ele>106.04</ele>
        <time>2026-01-21T17:14:33Z</time>
      </trkpt>
      <trkpt lat="33.59122" lon="-117.76873">
        <ele>107.36</ele>
        <time>2026-01-21T17:14:36Z</time>
      </trkpt>
      <trkpt lat="33.59124" lon="-117.76875">
        <ele>108.0</ele>
        <time>2026-01-21T17:14:38Z</time>
      </trkpt>
      <trkpt lat="33.59127" lon="-117.76877">
        <ele>107.94</ele>
        <time>2026-01-21T17:14:40Z</time>
      </trkpt>
      <trkpt lat="33.5913" lon="-117.76879">
        <ele>107.3</ele>
        <time>2026-01-21T17:14:43Z</time>
      </trkpt>
      <trkpt lat="33.59133" lon="-117.76882">
        <ele>108.2</ele>
        <time>2026-01-21T17:14:46Z</time>
      </trkpt>
      <trkpt lat="33.59135" lon="-117.76885">
        <ele>108.74</ele>
        <time>2026-01-21T17:14:49Z</time>
      </trkpt>
      <trkpt lat="33.59137" lon="-117.76887">
        <ele>109.39</ele>
        <time>2026-01-21T17:14:52Z</time>
      </trkpt>
      <trkpt lat="33.5914" lon="-117.76889">
        <ele>110.35</ele>
        <time>2026-01-21T17:14:55Z</time>
      </trkpt>
      <trkpt lat="33.59143" lon="-117.76889">
        <ele>111.32</ele>
        <time>2026-01-21T17:14:59Z</time>
      </trkpt>
      <trkpt lat="33.59145" lon="-117.76892">
        <ele>111.64</ele>
        <time>2026-01-21T17:15:03Z</time>
      </trkpt>
      <trkpt lat="33.59147" lon="-117.76895">
        <ele>111.97</ele>
        <time>2026-01-21T17:15:07Z</time>
      </trkpt>
      <trkpt lat="33.5915" lon="-117.76897">
        <ele>112.6</ele>
        <time>2026-01-21T17:15:11Z</time>
      </trkpt>
      <trkpt lat="33.59152" lon="-117.769">
        <ele>112.23</ele>
        <time>2026-01-21T17:15:14Z</time>
      </trkpt>
      <trkpt lat="33.59154" lon="-117.76902">
        <ele>112.02</ele>
        <time>2026-01-21T17:15:17Z</time>
      </trkpt>
      <trkpt lat="33.59156" lon="-117.76904">
        <ele>111.8</ele>
        <time>2026-01-21T17:15:20Z</time>
      </trkpt>
      <trkpt lat="33.59158" lon="-117.76907">
        <ele>111.39</ele>
        <time>2026-01-21T17:15:23Z</time>
      </trkpt>
      <trkpt lat="33.59161" lon="-117.76909">
        <ele>112.45</ele>
        <time>2026-01-21T17:15:26Z</time>
      </trkpt>
      <trkpt lat="33.59163" lon="-117.76911">
        <ele>113.26</ele>
        <time>2026-01-21T17:15:29Z</time>
      </trkpt>
      <trkpt lat="33.59165" lon="-117.76913">
        <ele>114.17</ele>
        <time>2026-01-21T17:15:32Z</time>
      </trkpt>
      <trkpt lat="33.59167" lon="-117.76915">
        <ele>115.26</ele>
        <time>2026-01-21T17:15:35Z</time>
      </trkpt>
      <trkpt lat="33.59169" lon="-117.76918">
        <ele>116.19</ele>
        <time>2026-01-21T17:15:38Z</time>
      </trkpt>
      <trkpt lat="33.59171" lon="-117.7692">
        <ele>116.84</ele>
        <time>2026-01-21T17:15:41Z</time>
      </trkpt>
      <trkpt lat="33.59172" lon="-117.76923">
        <ele>116.3</ele>
        <time>2026-01-21T17:15:44Z</time>
      </trkpt>
      <trkpt lat="33.59172" lon="-117.76927">
        <ele>114.97</ele>
        <time>2026-01-21T17:15:46Z</time>
      </trkpt>
      <trkpt lat="33.59171" lon="-117.7693">
        <ele>114.07</ele>
        <time>2026-01-21T17:15:48Z</time>
      </trkpt>
      <trkpt lat="33.59171" lon="-117.76934">
        <ele>113.87</ele>
        <time>2026-01-21T17:15:51Z</time>
      </trkpt>
      <trkpt lat="33.59172" lon="-117.76938">
        <ele>114.28</ele>
        <time>2026-01-21T17:15:55Z</time>
      </trkpt>
      <trkpt lat="33.59174" lon="-117.76942">
        <ele>115.17</ele>
        <time>2026-01-21T17:15:59Z</time>
      </trkpt>
      <trkpt lat="33.59175" lon="-117.76945">
        <ele>115.37</ele>
        <time>2026-01-21T17:16:03Z</time>
      </trkpt>
      <trkpt lat="33.59177" lon="-117.76948">
        <ele>115.36</ele>
        <time>2026-01-21T17:16:07Z</time>
      </trkpt>
      <trkpt lat="33.59179" lon="-117.76951">
        <ele>115.44</ele>
        <time>2026-01-21T17:16:10Z</time>
      </trkpt>
      <trkpt lat="33.59181" lon="-117.76953">
        <ele>115.93</ele>
        <time>2026-01-21T17:16:13Z</time>
      </trkpt>
      <trkpt lat="33.59183" lon="-117.76956">
        <ele>116.5</ele>
        <time>2026-01-21T17:16:16Z</time>
      </trkpt>
      <trkpt lat="33.59185" lon="-117.76959">
        <ele>116.79</ele>
        <time>2026-01-21T17:16:19Z</time>
      </trkpt>
      <trkpt lat="33.59187" lon="-117.76961">
        <ele>116.9</ele>
        <time>2026-01-21T17:16:22Z</time>
      </trkpt>
      <trkpt lat="33.5919" lon="-117.76964">
        <ele>116.87</ele>
        <time>2026-01-21T17:16:25Z</time>
      </trkpt>
      <trkpt lat="33.59193" lon="-117.76965">
        <ele>117.13</ele>
        <time>2026-01-21T17:16:27Z</time>
      </trkpt>
      <trkpt lat="33.59195" lon="-117.76966">
        <ele>117.2</ele>
        <time>2026-01-21T17:16:29Z</time>
      </trkpt>
      <trkpt lat="33.59198" lon="-117.76968">
        <ele>117.76</ele>
        <time>2026-01-21T17:16:32Z</time>
      </trkpt>
      <trkpt lat="33.592" lon="-117.76965">
        <ele>118.94</ele>
        <time>2026-01-21T17:16:35Z</time>
      </trkpt>
      <trkpt lat="33.59203" lon="-117.76967">
        <ele>119.75</ele>
        <time>2026-01-21T17:16:39Z</time>
      </trkpt>
      <trkpt lat="33.59204" lon="-117.76971">
        <ele>120.1</ele>
        <time>2026-01-21T17:16:42Z</time>
      </trkpt>
      <trkpt lat="33.59205" lon="-117.76975">
        <ele>119.65</ele>
        <time>2026-01-21T17:16:45Z</time>
      </trkpt>
      <trkpt lat="33.59207" lon="-117.76978">
        <ele>119.86</ele>
        <time>2026-01-21T17:16:48Z</time>
      </trkpt>
      <trkpt lat="33.59209" lon="-117.76981">
        <ele>120.5</ele>
        <time>2026-01-21T17:16:51Z</time>
      </trkpt>
      <trkpt lat="33.5921" lon="-117.76984">
        <ele>121.25</ele>
        <time>2026-01-21T17:16:55Z</time>
      </trkpt>
      <trkpt lat="33.59212" lon="-117.76987">
        <ele>122.5</ele>
        <time>2026-01-21T17:16:58Z</time>
      </trkpt>
      <trkpt lat="33.59212" lon="-117.76991">
        <ele>122.64</ele>
        <time>2026-01-21T17:17:02Z</time>
      </trkpt>
      <trkpt lat="33.59212" lon="-117.76995">
        <ele>123.46</ele>
        <time>2026-01-21T17:17:06Z</time>
      </trkpt>
      <trkpt lat="33.59213" lon="-117.76999">
        <ele>124.8</ele>
        <time>2026-01-21T17:17:10Z</time>
      </trkpt>
      <trkpt lat="33.59214" lon="-117.77002">
        <ele>124.93</ele>
        <time>2026-01-21T17:17:14Z</time>
      </trkpt>
      <trkpt lat="33.59216" lon="-117.77004">
        <ele>125.26</ele>
        <time>2026-01-21T17:17:18Z</time>
      </trkpt>
      <trkpt lat="33.59217" lon="-117.77007">
        <ele>125.13</ele>
        <time>2026-01-21T17:17:22Z</time>
      </trkpt>
      <trkpt lat="33.59218" lon="-117.7701">
        <ele>124.94</ele>
        <time>2026-01-21T17:17:26Z</time>
      </trkpt>
      <trkpt lat="33.5922" lon="-117.77013">
        <ele>125.04</ele>
        <time>2026-01-21T17:17:31Z</time>
      </trkpt>
      <trkpt lat="33.59223" lon="-117.77012">
        <ele>126.8</ele>
        <time>2026-01-21T17:17:39Z</time>
      </trkpt>
      <trkpt lat="33.59227" lon="-117.77015">
        <ele>128.02</ele>
        <time>2026-01-21T17:18:38Z</time>
      </trkpt>
      <trkpt lat="33.59229" lon="-117.77018">
        <ele>128.08</ele>
        <time>2026-01-21T17:18:47Z</time>
      </trkpt>
      <trkpt lat="33.5923" lon="-117.77021">
        <ele>127.92</ele>
        <time>2026-01-21T17:18:54Z</time>
      </trkpt>
      <trkpt lat="33.59232" lon="-117.77024">
        <ele>128.71</ele>
        <time>2026-01-21T17:19:00Z</time>
      </trkpt>
      <trkpt lat="33.59235" lon="-117.77027">
        <ele>130.02</ele>
        <time>2026-01-21T17:19:05Z</time>
      </trkpt>
      <trkpt lat="33.59238" lon="-117.77032">
        <ele>130.71</ele>
        <time>2026-01-21T17:19:07Z</time>
      </trkpt>
      <trkpt lat="33.5924" lon="-117.77034">
        <ele>132.28</ele>
        <time>2026-01-21T17:19:08Z</time>
      </trkpt>
      <trkpt lat="33.59243" lon="-117.77038">
        <ele>132.91</ele>
        <time>2026-01-21T17:19:10Z</time>
      </trkpt>
      <trkpt lat="33.59245" lon="-117.77041">
        <ele>132.11</ele>
        <time>2026-01-21T17:19:13Z</time>
      </trkpt>
      <trkpt lat="33.59247" lon="-117.77044">
        <ele>132.14</ele>
        <time>2026-01-21T17:19:16Z</time>
      </trkpt>
      <trkpt lat="33.59249" lon="-117.77046">
        <ele>133.19</ele>
        <time>2026-01-21T17:19:20Z</time>
      </trkpt>
      <trkpt lat="33.59252" lon="-117.77046">
        <ele>134.93</ele>
        <time>2026-01-21T17:19:24Z</time>
      </trkpt>
      <trkpt lat="33.59255" lon="-117.77048">
        <ele>135.99</ele>
        <time>2026-01-21T17:19:29Z</time>
      </trkpt>
      <trkpt lat="33.59257" lon="-117.77049">
        <ele>136.88</ele>
        <time>2026-01-21T17:19:35Z</time>
      </trkpt>
      <trkpt lat="33.59259" lon="-117.77051">
        <ele>137.86</ele>
        <time>2026-01-21T17:19:40Z</time>
      </trkpt>
      <trkpt lat="33.59261" lon="-117.77053">
        <ele>139.15</ele>
        <time>2026-01-21T17:19:45Z</time>
      </trkpt>
      <trkpt lat="33.59263" lon="-117.77056">
        <ele>140.13</ele>
        <time>2026-01-21T17:19:50Z</time>
      </trkpt>
      <trkpt lat="33.59264" lon="-117.77059">
        <ele>141.3</ele>
        <time>2026-01-21T17:19:54Z</time>
      </trkpt>
      <trkpt lat="33.59265" lon="-117.77062">
        <ele>142.32</ele>
        <time>2026-01-21T17:19:58Z</time>
      </trkpt>
      <trkpt lat="33.59265" lon="-117.77066">
        <ele>143.15</ele>
        <time>2026-01-21T17:20:02Z</time>
      </trkpt>
      <trkpt lat="33.59266" lon="-117.77069">
        <ele>144.29</ele>
        <time>2026-01-21T17:20:06Z</time>
      </trkpt>
      <trkpt lat="33.59266" lon="-117.77072">
        <ele>145.09</ele>
        <time>2026-01-21T17:20:10Z</time>
      </trkpt>
      <trkpt lat="33.59267" lon="-117.77076">
        <ele>145.8</ele>
        <time>2026-01-21T17:20:15Z</time>
      </trkpt>
      <trkpt lat="33.59268" lon="-117.7708">
        <ele>145.48</ele>
        <time>2026-01-21T17:20:20Z</time>
      </trkpt>
      <trkpt lat="33.59268" lon="-117.77083">
        <ele>144.85</ele>
        <time>2026-01-21T17:20:24Z</time>
      </trkpt>
      <trkpt lat="33.59269" lon="-117.77087">
        <ele>146.14</ele>
        <time>2026-01-21T17:20:29Z</time>
      </trkpt>
      <trkpt lat="33.59269" lon="-117.7709">
        <ele>146.77</ele>
        <time>2026-01-21T17:20:34Z</time>
      </trkpt>
      <trkpt lat="33.5927" lon="-117.77094">
        <ele>148.11</ele>
        <time>2026-01-21T17:20:38Z</time>
      </trkpt>
      <trkpt lat="33.59271" lon="-117.77097">
        <ele>149.08</ele>
        <time>2026-01-21T17:20:42Z</time>
      </trkpt>
      <trkpt lat="33.59271" lon="-117.771">
        <ele>149.41</ele>
        <time>2026-01-21T17:20:46Z</time>
      </trkpt>
      <trkpt lat="33.59272" lon="-117.77104">
        <ele>150.66</ele>
        <time>2026-01-21T17:20:51Z</time>
      </trkpt>
      <trkpt lat="33.59273" lon="-117.77107">
        <ele>152.0</ele>
        <time>2026-01-21T17:20:55Z</time>
      </trkpt>
      <trkpt lat="33.59274" lon="-117.77111">
        <ele>153.71</ele>
        <time>2026-01-21T17:21:00Z</time>
      </trkpt>
      <trkpt lat="33.59274" lon="-117.77114">
        <ele>154.18</ele>
        <time>2026-01-21T17:21:05Z</time>
      </trkpt>
      <trkpt lat="33.59275" lon="-117.77118">
        <ele>155.57</ele>
        <time>2026-01-21T17:21:10Z</time>
      </trkpt>
      <trkpt lat="33.59275" lon="-117.77122">
        <ele>156.6</ele>
        <time>2026-01-21T17:21:15Z</time>
      </trkpt>
      <trkpt lat="33.59275" lon="-117.77126">
        <ele>158.33</ele>
        <time>2026-01-21T17:21:20Z</time>
      </trkpt>
      <trkpt lat="33.59276" lon="-117.7713">
        <ele>160.7</ele>
        <time>2026-01-21T17:21:26Z</time>
      </trkpt>
      <trkpt lat="33.59276" lon="-117.77134">
        <ele>161.13</ele>
        <time>2026-01-21T17:21:32Z</time>
      </trkpt>
      <trkpt lat="33.59273" lon="-117.77138">
        <ele>159.29</ele>
        <time>2026-01-21T17:21:37Z</time>
      </trkpt>
      <trkpt lat="33.59269" lon="-117.77139">
        <ele>156.36</ele>
        <time>2026-01-21T17:21:39Z</time>
      </trkpt>
      <trkpt lat="33.59266" lon="-117.77142">
        <ele>154.55</ele>
        <time>2026-01-21T17:21:42Z</time>
      </trkpt>
      <trkpt lat="33.59264" lon="-117.77145">
        <ele>154.19</ele>
        <time>2026-01-21T17:21:47Z</time>
      </trkpt>
      <trkpt lat="33.59262" lon="-117.77149">
        <ele>154.79</ele>
        <time>2026-01-21T17:21:52Z</time>
      </trkpt>
      <trkpt lat="33.59262" lon="-117.77154">
        <ele>155.93</ele>
        <time>2026-01-21T17:21:58Z</time>
      </trkpt>
      <trkpt lat="33.59263" lon="-117.77149">
        <ele>154.97</ele>
        <time>2026-01-21T17:22:03Z</time>
      </trkpt>
      <trkpt lat="33.59263" lon="-117.77144">
        <ele>153.47</ele>
        <time>2026-01-21T17:22:06Z</time>
      </trkpt>
      <trkpt lat="33.59264" lon="-117.77152">
        <ele>155.63</ele>
        <time>2026-01-21T17:23:51Z</time>
      </trkpt>
      <trkpt lat="33.59264" lon="-117.77159">
        <ele>156.92</ele>
        <time>2026-01-21T17:25:35Z</time>
      </trkpt>
      <trkpt lat="33.59265" lon="-117.77166">
        <ele>158.59</ele>
        <time>2026-01-21T17:25:38Z</time>
      </trkpt>
      <trkpt lat="33.59265" lon="-117.77171">
        <ele>159.23</ele>
        <time>2026-01-21T17:25:42Z</time>
      </trkpt>
      <trkpt lat="33.59265" lon="-117.77176">
        <ele>159.77</ele>
        <time>2026-01-21T17:25:47Z</time>
      </trkpt>
      <trkpt lat="33.59265" lon="-117.77181">
        <ele>160.18</ele>
        <time>2026-01-21T17:25:53Z</time>
      </trkpt>
      <trkpt lat="33.59265" lon="-117.77185">
        <ele>160.5</ele>
        <time>2026-01-21T17:25:57Z</time>
      </trkpt>
      <trkpt lat="33.59265" lon="-117.7719">
        <ele>161.56</ele>
        <time>2026-01-21T17:26:01Z</time>
      </trkpt>
      <trkpt lat="33.59267" lon="-117.77194">
        <ele>161.56</ele>
        <time>2026-01-21T17:26:05Z</time>
      </trkpt>
      <trkpt lat="33.5927" lon="-117.77196">
        <ele>161.27</ele>
        <time>2026-01-21T17:26:07Z</time>
      </trkpt>
      <trkpt lat="33.59274" lon="-117.77198">
        <ele>160.67</ele>
        <time>2026-01-21T17:26:09Z</time>
      </trkpt>
      <trkpt lat="33.59276" lon="-117.772">
        <ele>160.33</ele>
        <time>2026-01-21T17:26:11Z</time>
      </trkpt>
      <trkpt lat="33.5928" lon="-117.77203">
        <ele>159.91</ele>
        <time>2026-01-21T17:26:14Z</time>
      </trkpt>
      <trkpt lat="33.59282" lon="-117.77206">
        <ele>160.79</ele>
        <time>2026-01-21T17:26:17Z</time>
      </trkpt>
      <trkpt lat="33.59284" lon="-117.77209">
        <ele>161.32</ele>
        <time>2026-01-21T17:26:20Z</time>
      </trkpt>
      <trkpt lat="33.59286" lon="-117.77211">
        <ele>161.14</ele>
        <time>2026-01-21T17:26:23Z</time>
      </trkpt>
      <trkpt lat="33.59288" lon="-117.77214">
        <ele>161.11</ele>
        <time>2026-01-21T17:26:26Z</time>
      </trkpt>
      <trkpt lat="33.5929" lon="-117.77217">
        <ele>161.5</ele>
        <time>2026-01-21T17:26:29Z</time>
      </trkpt>
      <trkpt lat="33.59292" lon="-117.7722">
        <ele>161.62</ele>
        <time>2026-01-21T17:26:32Z</time>
      </trkpt>
      <trkpt lat="33.59294" lon="-117.77223">
        <ele>161.72</ele>
        <time>2026-01-21T17:26:35Z</time>
      </trkpt>
      <trkpt lat="33.59295" lon="-117.77225">
        <ele>162.46</ele>
        <time>2026-01-21T17:26:38Z</time>
      </trkpt>
      <trkpt lat="33.59297" lon="-117.77228">
        <ele>163.5</ele>
        <time>2026-01-21T17:26:41Z</time>
      </trkpt>
      <trkpt lat="33.593" lon="-117.77231">
        <ele>164.13</ele>
        <time>2026-01-21T17:26:45Z</time>
      </trkpt>
      <trkpt lat="33.59303" lon="-117.77232">
        <ele>163.4</ele>
        <time>2026-01-21T17:26:49Z</time>
      </trkpt>
      <trkpt lat="33.59305" lon="-117.7723">
        <ele>161.58</ele>
        <time>2026-01-21T17:26:52Z</time>
      </trkpt>
      <trkpt lat="33.59308" lon="-117.77229">
        <ele>160.75</ele>
        <time>2026-01-21T17:26:57Z</time>
      </trkpt>
      <trkpt lat="33.59305" lon="-117.7723">
        <ele>161.58</ele>
        <time>2026-01-21T17:27:10Z</time>
      </trkpt>
      <trkpt lat="33.59307" lon="-117.77233">
        <ele>162.41</ele>
        <time>2026-01-21T17:27:22Z</time>
      </trkpt>
      <trkpt lat="33.59309" lon="-117.77235">
        <ele>162.59</ele>
        <time>2026-01-21T17:27:27Z</time>
      </trkpt>
      <trkpt lat="33.59312" lon="-117.77237">
        <ele>161.93</ele>
        <time>2026-01-21T17:27:31Z</time>
      </trkpt>
      <trkpt lat="33.59314" lon="-117.77239">
        <ele>161.27</ele>
        <time>2026-01-21T17:27:36Z</time>
      </trkpt>
      <trkpt lat="33.59317" lon="-117.77241">
        <ele>161.14</ele>
        <time>2026-01-21T17:27:42Z</time>
      </trkpt>
      <trkpt lat="33.59319" lon="-117.77244">
        <ele>162.48</ele>
        <time>2026-01-21T17:27:51Z</time>
      </trkpt>
      <trkpt lat="33.59323" lon="-117.7725">
        <ele>163.46</ele>
        <time>2026-01-21T17:28:29Z</time>
      </trkpt>
      <trkpt lat="33.59326" lon="-117.77254">
        <ele>163.7</ele>
        <time>2026-01-21T17:28:39Z</time>
      </trkpt>
      <trkpt lat="33.59329" lon="-117.77257">
        <ele>163.4</ele>
        <time>2026-01-21T17:28:46Z</time>
      </trkpt>
      <trkpt lat="33.59332" lon="-117.77259">
        <ele>162.54</ele>
        <time>2026-01-21T17:28:51Z</time>
      </trkpt>
      <trkpt lat="33.59336" lon="-117.7726">
        <ele>161.74</ele>
        <time>2026-01-21T17:28:53Z</time>
      </trkpt>
      <trkpt lat="33.59341" lon="-117.77261">
        <ele>161.1</ele>
        <time>2026-01-21T17:28:55Z</time>
      </trkpt>
      <trkpt lat="33.59345" lon="-117.77262">
        <ele>161.69</ele>
        <time>2026-01-21T17:28:58Z</time>
      </trkpt>
      <trkpt lat="33.59347" lon="-117.77266">
        <ele>162.39</ele>
        <time>2026-01-21T17:29:02Z</time>
      </trkpt>
      <trkpt lat="33.59349" lon="-117.77272">
        <ele>163.05</ele>
        <time>2026-01-21T17:29:04Z</time>
      </trkpt>
      <trkpt lat="33.5935" lon="-117.77277">
        <ele>164.35</ele>
        <time>2026-01-21T17:29:06Z</time>
      </trkpt>
      <trkpt lat="33.59351" lon="-117.77281">
        <ele>165.26</ele>
        <time>2026-01-21T17:29:08Z</time>
      </trkpt>
      <trkpt lat="33.59353" lon="-117.77286">
        <ele>166.44</ele>
        <time>2026-01-21T17:29:11Z</time>
      </trkpt>
      <trkpt lat="33.59355" lon="-117.77289">
        <ele>166.67</ele>
        <time>2026-01-21T17:29:14Z</time>
      </trkpt>
      <trkpt lat="33.59357" lon="-117.77292">
        <ele>166.66</ele>
        <time>2026-01-21T17:29:17Z</time>
      </trkpt>
      <trkpt lat="33.5936" lon="-117.77295">
        <ele>166.2</ele>
        <time>2026-01-21T17:29:20Z</time>
      </trkpt>
      <trkpt lat="33.59362" lon="-117.77297">
        <ele>166.12</ele>
        <time>2026-01-21T17:29:23Z</time>
      </trkpt>
      <trkpt lat="33.59364" lon="-117.77301">
        <ele>166.9</ele>
        <time>2026-01-21T17:29:26Z</time>
      </trkpt>
      <trkpt lat="33.59366" lon="-117.77304">
        <ele>167.09</ele>
        <time>2026-01-21T17:29:29Z</time>
      </trkpt>
      <trkpt lat="33.59368" lon="-117.77307">
        <ele>167.08</ele>
        <time>2026-01-21T17:29:32Z</time>
      </trkpt>
      <trkpt lat="33.5937" lon="-117.7731">
        <ele>167.08</ele>
        <time>2026-01-21T17:29:35Z</time>
      </trkpt>
      <trkpt lat="33.59372" lon="-117.77313">
        <ele>167.29</ele>
        <time>2026-01-21T17:29:38Z</time>
      </trkpt>
      <trkpt lat="33.59374" lon="-117.77316">
        <ele>167.29</ele>
        <time>2026-01-21T17:29:41Z</time>
      </trkpt>
      <trkpt lat="33.59376" lon="-117.77318">
        <ele>166.92</ele>
        <time>2026-01-21T17:29:44Z</time>
      </trkpt>
      <trkpt lat="33.59378" lon="-117.77321">
        <ele>166.47</ele>
        <time>2026-01-21T17:29:47Z</time>
      </trkpt>
      <trkpt lat="33.59379" lon="-117.77324">
        <ele>166.2</ele>
        <time>2026-01-21T17:29:50Z</time>
      </trkpt>
      <trkpt lat="33.59378" lon="-117.77328">
        <ele>165.83</ele>
        <time>2026-01-21T17:29:53Z</time>
      </trkpt>
      <trkpt lat="33.59377" lon="-117.77331">
        <ele>165.78</ele>
        <time>2026-01-21T17:29:56Z</time>
      </trkpt>
      <trkpt lat="33.59376" lon="-117.77335">
        <ele>166.11</ele>
        <time>2026-01-21T17:29:59Z</time>
      </trkpt>
      <trkpt lat="33.59376" lon="-117.77338">
        <ele>166.38</ele>
        <time>2026-01-21T17:30:02Z</time>
      </trkpt>
      <trkpt lat="33.59376" lon="-117.77342">
        <ele>166.73</ele>
        <time>2026-01-21T17:30:05Z</time>
      </trkpt>
      <trkpt lat="33.59376" lon="-117.77346">
        <ele>166.64</ele>
        <time>2026-01-21T17:30:08Z</time>
      </trkpt>
      <trkpt lat="33.59375" lon="-117.7735">
        <ele>166.6</ele>
        <time>2026-01-21T17:30:11Z</time>
      </trkpt>
      <trkpt lat="33.59375" lon="-117.77354">
        <ele>166.5</ele>
        <time>2026-01-21T17:30:14Z</time>
      </trkpt>
      <trkpt lat="33.59375" lon="-117.77358">
        <ele>166.5</ele>
        <time>2026-01-21T17:30:17Z</time>
      </trkpt>
      <trkpt lat="33.59376" lon="-117.77362">
        <ele>166.53</ele>
        <time>2026-01-21T17:30:20Z</time>
      </trkpt>
      <trkpt lat="33.59377" lon="-117.77366">
        <ele>166.96</ele>
        <time>2026-01-21T17:30:23Z</time>
      </trkpt>
      <trkpt lat="33.59378" lon="-117.77369">
        <ele>167.18</ele>
        <time>2026-01-21T17:30:26Z</time>
      </trkpt>
      <trkpt lat="33.59379" lon="-117.77373">
        <ele>167.42</ele>
        <time>2026-01-21T17:30:29Z</time>
      </trkpt>
      <trkpt lat="33.59381" lon="-117.77377">
        <ele>167.31</ele>
        <time>2026-01-21T17:30:32Z</time>
      </trkpt>
      <trkpt lat="33.59383" lon="-117.77379">
        <ele>166.86</ele>
        <time>2026-01-21T17:30:34Z</time>
      </trkpt>
      <trkpt lat="33.59385" lon="-117.77383">
        <ele>166.84</ele>
        <time>2026-01-21T17:30:37Z</time>
      </trkpt>
      <trkpt lat="33.59386" lon="-117.77387">
        <ele>167.28</ele>
        <time>2026-01-21T17:30:40Z</time>
      </trkpt>
      <trkpt lat="33.59388" lon="-117.7739">
        <ele>167.31</ele>
        <time>2026-01-21T17:30:43Z</time>
      </trkpt>
      <trkpt lat="33.59391" lon="-117.77394">
        <ele>167.32</ele>
        <time>2026-01-21T17:30:46Z</time>
      </trkpt>
      <trkpt lat="33.59392" lon="-117.77398">
        <ele>167.65</ele>
        <time>2026-01-21T17:30:49Z</time>
      </trkpt>
      <trkpt lat="33.59394" lon="-117.77401">
        <ele>167.59</ele>
        <time>2026-01-21T17:30:52Z</time>
      </trkpt>
      <trkpt lat="33.59395" lon="-117.77405">
        <ele>167.59</ele>
        <time>2026-01-21T17:30:55Z</time>
      </trkpt>
      <trkpt lat="33.59397" lon="-117.77409">
        <ele>167.42</ele>
        <time>2026-01-21T17:30:58Z</time>
      </trkpt>
      <trkpt lat="33.59399" lon="-117.77412">
        <ele>167.36</ele>
        <time>2026-01-21T17:31:01Z</time>
      </trkpt>
      <trkpt lat="33.594" lon="-117.77416">
        <ele>167.71</ele>
        <time>2026-01-21T17:31:04Z</time>
      </trkpt>
      <trkpt lat="33.59402" lon="-117.7742">
        <ele>167.94</ele>
        <time>2026-01-21T17:31:07Z</time>
      </trkpt>
      <trkpt lat="33.59403" lon="-117.77423">
        <ele>168.16</ele>
        <time>2026-01-21T17:31:10Z</time>
      </trkpt>
      <trkpt lat="33.59405" lon="-117.77426">
        <ele>168.26</ele>
        <time>2026-01-21T17:31:13Z</time>
      </trkpt>
      <trkpt lat="33.59406" lon="-117.7743">
        <ele>168.15</ele>
        <time>2026-01-21T17:31:16Z</time>
      </trkpt>
      <trkpt lat="33.59408" lon="-117.77431">
        <ele>167.9</ele>
        <time>2026-01-21T17:31:23Z</time>
      </trkpt>
      <trkpt lat="33.5941" lon="-117.77435">
        <ele>167.45</ele>
        <time>2026-01-21T17:31:27Z</time>
      </trkpt>
      <trkpt lat="33.59411" lon="-117.77439">
        <ele>168.05</ele>
        <time>2026-01-21T17:31:31Z</time>
      </trkpt>
      <trkpt lat="33.59412" lon="-117.77442">
        <ele>168.48</ele>
        <time>2026-01-21T17:31:34Z</time>
      </trkpt>
      <trkpt lat="33.59413" lon="-117.77445">
        <ele>168.88</ele>
        <time>2026-01-21T17:31:37Z</time>
      </trkpt>
      <trkpt lat="33.59414" lon="-117.77448">
        <ele>169.07</ele>
        <time>2026-01-21T17:31:40Z</time>
      </trkpt>
      <trkpt lat="33.59416" lon="-117.77452">
        <ele>169.02</ele>
        <time>2026-01-21T17:31:43Z</time>
      </trkpt>
      <trkpt lat="33.59417" lon="-117.77455">
        <ele>169.36</ele>
        <time>2026-01-21T17:31:46Z</time>
      </trkpt>
      <trkpt lat="33.59418" lon="-117.77459">
        <ele>170.24</ele>
        <time>2026-01-21T17:31:49Z</time>
      </trkpt>
      <trkpt lat="33.5942" lon="-117.77462">
        <ele>170.04</ele>
        <time>2026-01-21T17:31:52Z</time>
      </trkpt>
      <trkpt lat="33.59421" lon="-117.77466">
        <ele>170.32</ele>
        <time>2026-01-21T17:31:55Z</time>
      </trkpt>
      <trkpt lat="33.59423" lon="-117.77469">
        <ele>169.88</ele>
        <time>2026-01-21T17:31:58Z</time>
      </trkpt>
      <trkpt lat="33.59424" lon="-117.77473">
        <ele>170.14</ele>
        <time>2026-01-21T17:32:01Z</time>
      </trkpt>
      <trkpt lat="33.59425" lon="-117.77476">
        <ele>169.95</ele>
        <time>2026-01-21T17:32:04Z</time>
      </trkpt>
      <trkpt lat="33.59427" lon="-117.7748">
        <ele>169.72</ele>
        <time>2026-01-21T17:32:07Z</time>
      </trkpt>
      <trkpt lat="33.59428" lon="-117.77484">
        <ele>170.26</ele>
        <time>2026-01-21T17:32:10Z</time>
      </trkpt>
      <trkpt lat="33.5943" lon="-117.77487">
        <ele>170.49</ele>
        <time>2026-01-21T17:32:13Z</time>
      </trkpt>
      <trkpt lat="33.59431" lon="-117.77491">
        <ele>170.93</ele>
        <time>2026-01-21T17:32:16Z</time>
      </trkpt>
      <trkpt lat="33.59433" lon="-117.77494">
        <ele>170.64</ele>
        <time>2026-01-21T17:32:19Z</time>
      </trkpt>
      <trkpt lat="33.59434" lon="-117.77498">
        <ele>170.46</ele>
        <time>2026-01-21T17:32:22Z</time>
      </trkpt>
      <trkpt lat="33.59436" lon="-117.77501">
        <ele>169.85</ele>
        <time>2026-01-21T17:32:25Z</time>
      </trkpt>
      <trkpt lat="33.59436" lon="-117.77505">
        <ele>170.32</ele>
        <time>2026-01-21T17:32:28Z</time>
      </trkpt>
      <trkpt lat="33.59435" lon="-117.77508">
        <ele>170.96</ele>
        <time>2026-01-21T17:32:31Z</time>
      </trkpt>
      <trkpt lat="33.59434" lon="-117.77512">
        <ele>171.75</ele>
        <time>2026-01-21T17:32:34Z</time>
      </trkpt>
      <trkpt lat="33.59434" lon="-117.77516">
        <ele>171.92</ele>
        <time>2026-01-21T17:32:37Z</time>
      </trkpt>
      <trkpt lat="33.59434" lon="-117.77519">
        <ele>172.08</ele>
        <time>2026-01-21T17:32:40Z</time>
      </trkpt>
      <trkpt lat="33.59433" lon="-117.77523">
        <ele>173.49</ele>
        <time>2026-01-21T17:32:43Z</time>
      </trkpt>
      <trkpt lat="33.59433" lon="-117.77526">
        <ele>173.89</ele>
        <time>2026-01-21T17:32:46Z</time>
      </trkpt>
      <trkpt lat="33.59434" lon="-117.77529">
        <ele>173.65</ele>
        <time>2026-01-21T17:32:49Z</time>
      </trkpt>
      <trkpt lat="33.59435" lon="-117.77533">
        <ele>174.41</ele>
        <time>2026-01-21T17:32:52Z</time>
      </trkpt>
      <trkpt lat="33.59436" lon="-117.77536">
        <ele>175.2</ele>
        <time>2026-01-21T17:32:55Z</time>
      </trkpt>
      <trkpt lat="33.59438" lon="-117.7754">
        <ele>176.09</ele>
        <time>2026-01-21T17:32:58Z</time>
      </trkpt>
      <trkpt lat="33.59439" lon="-117.77543">
        <ele>176.78</ele>
        <time>2026-01-21T17:33:01Z</time>
      </trkpt>
      <trkpt lat="33.59441" lon="-117.77546">
        <ele>176.5</ele>
        <time>2026-01-21T17:33:04Z</time>
      </trkpt>
      <trkpt lat="33.59442" lon="-117.77549">
        <ele>177.15</ele>
        <time>2026-01-21T17:33:07Z</time>
      </trkpt>
      <trkpt lat="33.59444" lon="-117.77552">
        <ele>177.36</ele>
        <time>2026-01-21T17:33:10Z</time>
      </trkpt>
      <trkpt lat="33.59446" lon="-117.77555">
        <ele>178.05</ele>
        <time>2026-01-21T17:33:13Z</time>
      </trkpt>
      <trkpt lat="33.59448" lon="-117.77558">
        <ele>178.15</ele>
        <time>2026-01-21T17:33:16Z</time>
      </trkpt>
      <trkpt lat="33.5945" lon="-117.7756">
        <ele>177.75</ele>
        <time>2026-01-21T17:33:20Z</time>
      </trkpt>
      <trkpt lat="33.59453" lon="-117.77559">
        <ele>176.08</ele>
        <time>2026-01-21T17:33:25Z</time>
      </trkpt>
      <trkpt lat="33.59456" lon="-117.77561">
        <ele>175.39</ele>
        <time>2026-01-21T17:33:29Z</time>
      </trkpt>
      <trkpt lat="33.59458" lon="-117.77562">
        <ele>174.82</ele>
        <time>2026-01-21T17:33:31Z</time>
      </trkpt>
      <trkpt lat="33.59463" lon="-117.77563">
        <ele>173.0</ele>
        <time>2026-01-21T17:33:33Z</time>
      </trkpt>
      <trkpt lat="33.59466" lon="-117.77564">
        <ele>172.94</ele>
        <time>2026-01-21T17:33:35Z</time>
      </trkpt>
      <trkpt lat="33.5947" lon="-117.77566">
        <ele>173.09</ele>
        <time>2026-01-21T17:33:38Z</time>
      </trkpt>
      <trkpt lat="33.59473" lon="-117.77568">
        <ele>172.92</ele>
        <time>2026-01-21T17:33:41Z</time>
      </trkpt>
      <trkpt lat="33.59476" lon="-117.7757">
        <ele>172.59</ele>
        <time>2026-01-21T17:33:44Z</time>
      </trkpt>
      <trkpt lat="33.59479" lon="-117.77572">
        <ele>172.27</ele>
        <time>2026-01-21T17:33:47Z</time>
      </trkpt>
      <trkpt lat="33.59482" lon="-117.77574">
        <ele>172.0</ele>
        <time>2026-01-21T17:33:50Z</time>
      </trkpt>
      <trkpt lat="33.59485" lon="-117.77576">
        <ele>172.13</ele>
        <time>2026-01-21T17:33:53Z</time>
      </trkpt>
      <trkpt lat="33.59487" lon="-117.77578">
        <ele>172.17</ele>
        <time>2026-01-21T17:33:56Z</time>
      </trkpt>
      <trkpt lat="33.59487" lon="-117.77582">
        <ele>172.35</ele>
        <time>2026-01-21T17:34:00Z</time>
      </trkpt>
      <trkpt lat="33.59487" lon="-117.77585">
        <ele>172.48</ele>
        <time>2026-01-21T17:34:04Z</time>
      </trkpt>
      <trkpt lat="33.59486" lon="-117.77588">
        <ele>172.77</ele>
        <time>2026-01-21T17:34:10Z</time>
      </trkpt>
      <trkpt lat="33.59486" lon="-117.77592">
        <ele>172.99</ele>
        <time>2026-01-21T17:34:18Z</time>
      </trkpt>
      <trkpt lat="33.59486" lon="-117.77595">
        <ele>173.41</ele>
        <time>2026-01-21T17:34:28Z</time>
      </trkpt>
      <trkpt lat="33.59484" lon="-117.77601">
        <ele>174.61</ele>
        <time>2026-01-21T17:36:14Z</time>
      </trkpt>
      <trkpt lat="33.59484" lon="-117.77608">
        <ele>174.73</ele>
        <time>2026-01-21T17:36:22Z</time>
      </trkpt>
      <trkpt lat="33.59484" lon="-117.77615">
        <ele>174.84</ele>
        <time>2026-01-21T17:36:24Z</time>
      </trkpt>
      <trkpt lat="33.59484" lon="-117.77621">
        <ele>174.96</ele>
        <time>2026-01-21T17:36:26Z</time>
      </trkpt>
      <trkpt lat="33.59484" lon="-117.77626">
        <ele>174.67</ele>
        <time>2026-01-21T17:36:29Z</time>
      </trkpt>
      <trkpt lat="33.59483" lon="-117.77631">
        <ele>174.52</ele>
        <time>2026-01-21T17:36:33Z</time>
      </trkpt>
      <trkpt lat="33.59483" lon="-117.77635">
        <ele>174.09</ele>
        <time>2026-01-21T17:36:37Z</time>
      </trkpt>
      <trkpt lat="33.59482" lon="-117.77639">
        <ele>173.92</ele>
        <time>2026-01-21T17:36:41Z</time>
      </trkpt>
      <trkpt lat="33.59481" lon="-117.77643">
        <ele>175.37</ele>
        <time>2026-01-21T17:36:45Z</time>
      </trkpt>
      <trkpt lat="33.59481" lon="-117.77647">
        <ele>176.6</ele>
        <time>2026-01-21T17:36:49Z</time>
      </trkpt>
      <trkpt lat="33.5948" lon="-117.77651">
        <ele>177.15</ele>
        <time>2026-01-21T17:36:52Z</time>
      </trkpt>
      <trkpt lat="33.5948" lon="-117.77654">
        <ele>177.47</ele>
        <time>2026-01-21T17:36:55Z</time>
      </trkpt>
      <trkpt lat="33.59477" lon="-117.77658">
        <ele>177.64</ele>
        <time>2026-01-21T17:36:58Z</time>
      </trkpt>
      <trkpt lat="33.59474" lon="-117.7766">
        <ele>177.75</ele>
        <time>2026-01-21T17:37:00Z</time>
      </trkpt>
      <trkpt lat="33.59472" lon="-117.77662">
        <ele>178.03</ele>
        <time>2026-01-21T17:37:02Z</time>
      </trkpt>
      <trkpt lat="33.5947" lon="-117.77665">
        <ele>178.92</ele>
        <time>2026-01-21T17:37:05Z</time>
      </trkpt>
      <trkpt lat="33.59469" lon="-117.77668">
        <ele>179.64</ele>
        <time>2026-01-21T17:37:09Z</time>
      </trkpt>
      <trkpt lat="33.59469" lon="-117.77672">
        <ele>180.5</ele>
        <time>2026-01-21T17:37:13Z</time>
      </trkpt>
      <trkpt lat="33.59468" lon="-117.77668">
        <ele>179.74</ele>
        <time>2026-01-21T17:37:22Z</time>
      </trkpt>
      <trkpt lat="33.59467" lon="-117.77671">
        <ele>180.5</ele>
        <time>2026-01-21T17:37:42Z</time>
      </trkpt>
      <trkpt lat="33.59465" lon="-117.77674">
        <ele>181.36</ele>
        <time>2026-01-21T17:37:49Z</time>
      </trkpt>
      <trkpt lat="33.59463" lon="-117.77676">
        <ele>182.01</ele>
        <time>2026-01-21T17:37:55Z</time>
      </trkpt>
      <trkpt lat="33.59461" lon="-117.77678">
        <ele>182.87</ele>
        <time>2026-01-21T17:38:01Z</time>
      </trkpt>
      <trkpt lat="33.59458" lon="-117.77679">
        <ele>183.74</ele>
        <time>2026-01-21T17:38:05Z</time>
      </trkpt>
      <trkpt lat="33.59455" lon="-117.77679">
        <ele>184.38</ele>
        <time>2026-01-21T17:38:07Z</time>
      </trkpt>
      <trkpt lat="33.59451" lon="-117.7768">
        <ele>185.63</ele>
        <time>2026-01-21T17:38:10Z</time>
      </trkpt>
      <trkpt lat="33.59448" lon="-117.7768">
        <ele>186.46</ele>
        <time>2026-01-21T17:38:13Z</time>
      </trkpt>
      <trkpt lat="33.59445" lon="-117.7768">
        <ele>187.29</ele>
        <time>2026-01-21T17:38:17Z</time>
      </trkpt>
      <trkpt lat="33.59442" lon="-117.77681">
        <ele>187.67</ele>
        <time>2026-01-21T17:38:21Z</time>
      </trkpt>
      <trkpt lat="33.59439" lon="-117.77681">
        <ele>187.81</ele>
        <time>2026-01-21T17:38:25Z</time>
      </trkpt>
      <trkpt lat="33.59435" lon="-117.77682">
        <ele>187.99</ele>
        <time>2026-01-21T17:38:29Z</time>
      </trkpt>
      <trkpt lat="33.59431" lon="-117.77683">
        <ele>188.03</ele>
        <time>2026-01-21T17:38:33Z</time>
      </trkpt>
      <trkpt lat="33.59427" lon="-117.77684">
        <ele>188.43</ele>
        <time>2026-01-21T17:38:37Z</time>
      </trkpt>
      <trkpt lat="33.59424" lon="-117.77685">
        <ele>189.12</ele>
        <time>2026-01-21T17:38:41Z</time>
      </trkpt>
      <trkpt lat="33.5942" lon="-117.77686">
        <ele>189.67</ele>
        <time>2026-01-21T17:38:45Z</time>
      </trkpt>
      <trkpt lat="33.59416" lon="-117.77687">
        <ele>190.01</ele>
        <time>2026-01-21T17:38:49Z</time>
      </trkpt>
      <trkpt lat="33.59412" lon="-117.77688">
        <ele>190.15</ele>
        <time>2026-01-21T17:38:53Z</time>
      </trkpt>
      <trkpt lat="33.59409" lon="-117.77689">
        <ele>190.34</ele>
        <time>2026-01-21T17:38:57Z</time>
      </trkpt>
      <trkpt lat="33.59405" lon="-117.77688">
        <ele>191.45</ele>
        <time>2026-01-21T17:39:01Z</time>
      </trkpt>
      <trkpt lat="33.59402" lon="-117.77683">
        <ele>192.92</ele>
        <time>2026-01-21T17:39:04Z</time>
      </trkpt>
      <trkpt lat="33.59401" lon="-117.77679">
        <ele>193.46</ele>
        <time>2026-01-21T17:39:06Z</time>
      </trkpt>
      <trkpt lat="33.59399" lon="-117.77675">
        <ele>194.35</ele>
        <time>2026-01-21T17:39:09Z</time>
      </trkpt>
      <trkpt lat="33.594" lon="-117.77672">
        <ele>193.24</ele>
        <time>2026-01-21T17:39:13Z</time>
      </trkpt>
      <trkpt lat="33.59404" lon="-117.7767">
        <ele>190.96</ele>
        <time>2026-01-21T17:39:16Z</time>
      </trkpt>
      <trkpt lat="33.59407" lon="-117.77667">
        <ele>189.21</ele>
        <time>2026-01-21T17:39:20Z</time>
      </trkpt>
      <trkpt lat="33.59408" lon="-117.77663">
        <ele>189.1</ele>
        <time>2026-01-21T17:39:24Z</time>
      </trkpt>
      <trkpt lat="33.5941" lon="-117.77659">
        <ele>188.66</ele>
        <time>2026-01-21T17:39:28Z</time>
      </trkpt>
      <trkpt lat="33.59411" lon="-117.77656">
        <ele>188.81</ele>
        <time>2026-01-21T17:39:31Z</time>
      </trkpt>
      <trkpt lat="33.59412" lon="-117.77652">
        <ele>189.47</ele>
        <time>2026-01-21T17:39:34Z</time>
      </trkpt>
      <trkpt lat="33.59413" lon="-117.77649">
        <ele>189.95</ele>
        <time>2026-01-21T17:39:37Z</time>
      </trkpt>
      <trkpt lat="33.59414" lon="-117.77646">
        <ele>190.1</ele>
        <time>2026-01-21T17:39:40Z</time>
      </trkpt>
      <trkpt lat="33.59415" lon="-117.77642">
        <ele>190.2</ele>
        <time>2026-01-21T17:39:43Z</time>
      </trkpt>
      <trkpt lat="33.59416" lon="-117.77639">
        <ele>190.2</ele>
        <time>2026-01-21T17:39:46Z</time>
      </trkpt>
      <trkpt lat="33.59417" lon="-117.77635">
        <ele>189.84</ele>
        <time>2026-01-21T17:39:49Z</time>
      </trkpt>
      <trkpt lat="33.59417" lon="-117.77631">
        <ele>189.85</ele>
        <time>2026-01-21T17:39:52Z</time>
      </trkpt>
      <trkpt lat="33.59418" lon="-117.77628">
        <ele>189.75</ele>
        <time>2026-01-21T17:39:56Z</time>
      </trkpt>
      <trkpt lat="33.59419" lon="-117.77624">
        <ele>190.05</ele>
        <time>2026-01-21T17:40:01Z</time>
      </trkpt>
      <trkpt lat="33.59419" lon="-117.77628">
        <ele>189.3</ele>
        <time>2026-01-21T17:40:05Z</time>
      </trkpt>
      <trkpt lat="33.59419" lon="-117.77632">
        <ele>188.93</ele>
        <time>2026-01-21T17:40:11Z</time>
      </trkpt>
      <trkpt lat="33.59419" lon="-117.77628">
        <ele>189.3</ele>
        <time>2026-01-21T17:40:19Z</time>
      </trkpt>
      <trkpt lat="33.59419" lon="-117.77624">
        <ele>190.05</ele>
        <time>2026-01-21T17:40:23Z</time>
      </trkpt>
      <trkpt lat="33.5942" lon="-117.7762">
        <ele>190.29</ele>
        <time>2026-01-21T17:40:26Z</time>
      </trkpt>
      <trkpt lat="33.5942" lon="-117.77617">
        <ele>191.06</ele>
        <time>2026-01-21T17:40:29Z</time>
      </trkpt>
      <trkpt lat="33.5942" lon="-117.77613">
        <ele>192.08</ele>
        <time>2026-01-21T17:40:32Z</time>
      </trkpt>
      <trkpt lat="33.59421" lon="-117.77609">
        <ele>192.23</ele>
        <time>2026-01-21T17:40:35Z</time>
      </trkpt>
      <trkpt lat="33.59421" lon="-117.77606">
        <ele>192.39</ele>
        <time>2026-01-21T17:40:38Z</time>
      </trkpt>
      <trkpt lat="33.59422" lon="-117.77602">
        <ele>192.26</ele>
        <time>2026-01-21T17:40:41Z</time>
      </trkpt>
      <trkpt lat="33.59423" lon="-117.77599">
        <ele>192.26</ele>
        <time>2026-01-21T17:40:44Z</time>
      </trkpt>
      <trkpt lat="33.59423" lon="-117.77595">
        <ele>192.69</ele>
        <time>2026-01-21T17:40:47Z</time>
      </trkpt>
      <trkpt lat="33.59423" lon="-117.77592">
        <ele>193.01</ele>
        <time>2026-01-21T17:40:50Z</time>
      </trkpt>
      <trkpt lat="33.59424" lon="-117.77588">
        <ele>193.12</ele>
        <time>2026-01-21T17:40:53Z</time>
      </trkpt>
      <trkpt lat="33.59424" lon="-117.77585">
        <ele>193.44</ele>
        <time>2026-01-21T17:40:56Z</time>
      </trkpt>
      <trkpt lat="33.59422" lon="-117.77582">
        <ele>194.35</ele>
        <time>2026-01-21T17:40:59Z</time>
      </trkpt>
      <trkpt lat="33.5942" lon="-117.77579">
        <ele>195.09</ele>
        <time>2026-01-21T17:41:02Z</time>
      </trkpt>
      <trkpt lat="33.59418" lon="-117.77576">
        <ele>195.68</ele>
        <time>2026-01-21T17:41:05Z</time>
      </trkpt>
      <trkpt lat="33.59417" lon="-117.77572">
        <ele>196.34</ele>
        <time>2026-01-21T17:41:09Z</time>
      </trkpt>
      <trkpt lat="33.59416" lon="-117.77568">
        <ele>197.51</ele>
        <time>2026-01-21T17:41:13Z</time>
      </trkpt>
      <trkpt lat="33.59414" lon="-117.77565">
        <ele>198.55</ele>
        <time>2026-01-21T17:41:17Z</time>
      </trkpt>
      <trkpt lat="33.59412" lon="-117.77562">
        <ele>198.71</ele>
        <time>2026-01-21T17:41:21Z</time>
      </trkpt>
      <trkpt lat="33.59409" lon="-117.7756">
        <ele>199.48</ele>
        <time>2026-01-21T17:41:25Z</time>
      </trkpt>
      <trkpt lat="33.59407" lon="-117.77563">
        <ele>200.04</ele>
        <time>2026-01-21T17:41:28Z</time>
      </trkpt>
      <trkpt lat="33.59405" lon="-117.77565">
        <ele>200.27</ele>
        <time>2026-01-21T17:41:31Z</time>
      </trkpt>
      <trkpt lat="33.59402" lon="-117.77566">
        <ele>200.66</ele>
        <time>2026-01-21T17:41:35Z</time>
      </trkpt>
      <trkpt lat="33.59399" lon="-117.77566">
        <ele>201.02</ele>
        <time>2026-01-21T17:41:39Z</time>
      </trkpt>
      <trkpt lat="33.59396" lon="-117.77567">
        <ele>201.41</ele>
        <time>2026-01-21T17:41:43Z</time>
      </trkpt>
      <trkpt lat="33.59393" lon="-117.77569">
        <ele>201.76</ele>
        <time>2026-01-21T17:41:46Z</time>
      </trkpt>
      <trkpt lat="33.59391" lon="-117.7757">
        <ele>201.9</ele>
        <time>2026-01-21T17:41:49Z</time>
      </trkpt>
      <trkpt lat="33.59389" lon="-117.77572">
        <ele>202.0</ele>
        <time>2026-01-21T17:41:52Z</time>
      </trkpt>
      <trkpt lat="33.59386" lon="-117.77574">
        <ele>202.93</ele>
        <time>2026-01-21T17:41:55Z</time>
      </trkpt>
      <trkpt lat="33.59383" lon="-117.77575">
        <ele>203.98</ele>
        <time>2026-01-21T17:41:59Z</time>
      </trkpt>
      <trkpt lat="33.5938" lon="-117.77577">
        <ele>204.91</ele>
        <time>2026-01-21T17:42:03Z</time>
      </trkpt>
      <trkpt lat="33.59377" lon="-117.77579">
        <ele>205.28</ele>
        <time>2026-01-21T17:42:07Z</time>
      </trkpt>
      <trkpt lat="33.59374" lon="-117.77581">
        <ele>205.61</ele>
        <time>2026-01-21T17:42:11Z</time>
      </trkpt>
      <trkpt lat="33.59371" lon="-117.77583">
        <ele>205.93</ele>
        <time>2026-01-21T17:42:15Z</time>
      </trkpt>
      <trkpt lat="33.59368" lon="-117.77584">
        <ele>206.64</ele>
        <time>2026-01-21T17:42:19Z</time>
      </trkpt>
      <trkpt lat="33.59365" lon="-117.77586">
        <ele>207.57</ele>
        <time>2026-01-21T17:42:23Z</time>
      </trkpt>
      <trkpt lat="33.59361" lon="-117.77587">
        <ele>208.41</ele>
        <time>2026-01-21T17:42:27Z</time>
      </trkpt>
      <trkpt lat="33.59358" lon="-117.77588">
        <ele>208.84</ele>
        <time>2026-01-21T17:42:31Z</time>
      </trkpt>
      <trkpt lat="33.59355" lon="-117.77588">
        <ele>209.16</ele>
        <time>2026-01-21T17:42:35Z</time>
      </trkpt>
      <trkpt lat="33.59352" lon="-117.77589">
        <ele>209.6</ele>
        <time>2026-01-21T17:42:39Z</time>
      </trkpt>
      <trkpt lat="33.59348" lon="-117.7759">
        <ele>210.14</ele>
        <time>2026-01-21T17:42:43Z</time>
      </trkpt>
      <trkpt lat="33.59345" lon="-117.7759">
        <ele>210.46</ele>
        <time>2026-01-21T17:42:47Z</time>
      </trkpt>
      <trkpt lat="33.59342" lon="-117.7759">
        <ele>210.78</ele>
        <time>2026-01-21T17:42:52Z</time>
      </trkpt>
      <trkpt lat="33.59337" lon="-117.77591">
        <ele>211.43</ele>
        <time>2026-01-21T17:43:02Z</time>
      </trkpt>
      <trkpt lat="33.59328" lon="-117.7759">
        <ele>212.55</ele>
        <time>2026-01-21T17:43:33Z</time>
      </trkpt>
      <trkpt lat="33.59337" lon="-117.7759">
        <ele>211.32</ele>
        <time>2026-01-21T17:43:48Z</time>
      </trkpt>
      <trkpt lat="33.59346" lon="-117.7759">
        <ele>210.35</ele>
        <time>2026-01-21T17:43:51Z</time>
      </trkpt>
      <trkpt lat="33.59342" lon="-117.77593">
        <ele>211.2</ele>
        <time>2026-01-21T17:45:28Z</time>
      </trkpt>
      <trkpt lat="33.59335" lon="-117.77593">
        <ele>211.95</ele>
        <time>2026-01-21T17:45:31Z</time>
      </trkpt>
      <trkpt lat="33.5933" lon="-117.77593">
        <ele>212.85</ele>
        <time>2026-01-21T17:45:33Z</time>
      </trkpt>
      <trkpt lat="33.59325" lon="-117.77593">
        <ele>213.93</ele>
        <time>2026-01-21T17:45:36Z</time>
      </trkpt>
      <trkpt lat="33.59321" lon="-117.77593">
        <ele>214.46</ele>
        <time>2026-01-21T17:45:40Z</time>
      </trkpt>
      <trkpt lat="33.59317" lon="-117.77593">
        <ele>214.9</ele>
        <time>2026-01-21T17:45:45Z</time>
      </trkpt>
      <trkpt lat="33.59313" lon="-117.77594">
        <ele>215.46</ele>
        <time>2026-01-21T17:45:50Z</time>
      </trkpt>
      <trkpt lat="33.59309" lon="-117.77594">
        <ele>215.46</ele>
        <time>2026-01-21T17:45:55Z</time>
      </trkpt>
      <trkpt lat="33.59306" lon="-117.77594">
        <ele>215.46</ele>
        <time>2026-01-21T17:45:59Z</time>
      </trkpt>
      <trkpt lat="33.59303" lon="-117.77595">
        <ele>216.06</ele>
        <time>2026-01-21T17:46:03Z</time>
      </trkpt>
      <trkpt lat="33.59299" lon="-117.77595">
        <ele>216.49</ele>
        <time>2026-01-21T17:46:07Z</time>
      </trkpt>
      <trkpt lat="33.59296" lon="-117.77596">
        <ele>217.12</ele>
        <time>2026-01-21T17:46:11Z</time>
      </trkpt>
      <trkpt lat="33.59293" lon="-117.77596">
        <ele>217.24</ele>
        <time>2026-01-21T17:46:15Z</time>
      </trkpt>
      <trkpt lat="33.59289" lon="-117.77597">
        <ele>217.8</ele>
        <time>2026-01-21T17:46:19Z</time>
      </trkpt>
      <trkpt lat="33.59286" lon="-117.77597">
        <ele>217.85</ele>
        <time>2026-01-21T17:46:23Z</time>
      </trkpt>
      <trkpt lat="33.59283" lon="-117.77598">
        <ele>218.08</ele>
        <time>2026-01-21T17:46:27Z</time>
      </trkpt>
      <trkpt lat="33.5928" lon="-117.77599">
        <ele>218.24</ele>
        <time>2026-01-21T17:46:31Z</time>
      </trkpt>
      <trkpt lat="33.59277" lon="-117.77604">
        <ele>220.21</ele>
        <time>2026-01-21T17:46:34Z</time>
      </trkpt>
      <trkpt lat="33.59276" lon="-117.77607">
        <ele>221.67</ele>
        <time>2026-01-21T17:46:36Z</time>
      </trkpt>
      <trkpt lat="33.59273" lon="-117.7761">
        <ele>223.22</ele>
        <time>2026-01-21T17:46:39Z</time>
      </trkpt>
      <trkpt lat="33.5927" lon="-117.77612">
        <ele>224.22</ele>
        <time>2026-01-21T17:46:43Z</time>
      </trkpt>
      <trkpt lat="33.59267" lon="-117.77612">
        <ele>224.86</ele>
        <time>2026-01-21T17:46:47Z</time>
      </trkpt>
      <trkpt lat="33.59263" lon="-117.7761">
        <ele>225.6</ele>
        <time>2026-01-21T17:46:51Z</time>
      </trkpt>
      <trkpt lat="33.5926" lon="-117.77608">
        <ele>226.11</ele>
        <time>2026-01-21T17:46:55Z</time>
      </trkpt>
      <trkpt lat="33.59257" lon="-117.77606">
        <ele>226.38</ele>
        <time>2026-01-21T17:46:59Z</time>
      </trkpt>
      <trkpt lat="33.59254" lon="-117.77604">
        <ele>226.6</ele>
        <time>2026-01-21T17:47:03Z</time>
      </trkpt>
      <trkpt lat="33.5925" lon="-117.77603">
        <ele>227.25</ele>
        <time>2026-01-21T17:47:07Z</time>
      </trkpt>
      <trkpt lat="33.59247" lon="-117.77602">
        <ele>227.36</ele>
        <time>2026-01-21T17:47:11Z</time>
      </trkpt>
      <trkpt lat="33.59244" lon="-117.77601">
        <ele>227.52</ele>
        <time>2026-01-21T17:47:15Z</time>
      </trkpt>
      <trkpt lat="33.5924" lon="-117.776">
        <ele>227.9</ele>
        <time>2026-01-21T17:47:19Z</time>
      </trkpt>
      <trkpt lat="33.59237" lon="-117.77599">
        <ele>228.22</ele>
        <time>2026-01-21T17:47:23Z</time>
      </trkpt>
      <trkpt lat="33.59233" lon="-117.77598">
        <ele>228.77</ele>
        <time>2026-01-21T17:47:27Z</time>
      </trkpt>
      <trkpt lat="33.5923" lon="-117.77597">
        <ele>229.32</ele>
        <time>2026-01-21T17:47:31Z</time>
      </trkpt>
      <trkpt lat="33.59227" lon="-117.77596">
        <ele>229.97</ele>
        <time>2026-01-21T17:47:35Z</time>
      </trkpt>
      <trkpt lat="33.59223" lon="-117.77596">
        <ele>230.83</ele>
        <time>2026-01-21T17:47:39Z</time>
      </trkpt>
      <trkpt lat="33.5922" lon="-117.77595">
        <ele>231.3</ele>
        <time>2026-01-21T17:47:43Z</time>
      </trkpt>
      <trkpt lat="33.59217" lon="-117.77595">
        <ele>231.71</ele>
        <time>2026-01-21T17:47:47Z</time>
      </trkpt>
      <trkpt lat="33.59214" lon="-117.77595">
        <ele>232.12</ele>
        <time>2026-01-21T17:47:51Z</time>
      </trkpt>
      <trkpt lat="33.59211" lon="-117.77597">
        <ele>232.79</ele>
        <time>2026-01-21T17:47:54Z</time>
      </trkpt>
      <trkpt lat="33.59209" lon="-117.77601">
        <ele>233.72</ele>
        <time>2026-01-21T17:47:57Z</time>
      </trkpt>
      <trkpt lat="33.59206" lon="-117.77603">
        <ele>234.53</ele>
        <time>2026-01-21T17:48:00Z</time>
      </trkpt>
      <trkpt lat="33.59204" lon="-117.77605">
        <ele>234.95</ele>
        <time>2026-01-21T17:48:03Z</time>
      </trkpt>
      <trkpt lat="33.59201" lon="-117.77607">
        <ele>235.32</ele>
        <time>2026-01-21T17:48:06Z</time>
      </trkpt>
      <trkpt lat="33.59199" lon="-117.77609">
        <ele>235.78</ele>
        <time>2026-01-21T17:48:09Z</time>
      </trkpt>
      <trkpt lat="33.59196" lon="-117.77611">
        <ele>236.64</ele>
        <time>2026-01-21T17:48:12Z</time>
      </trkpt>
      <trkpt lat="33.59194" lon="-117.77613">
        <ele>236.87</ele>
        <time>2026-01-21T17:48:15Z</time>
      </trkpt>
      <trkpt lat="33.59192" lon="-117.77616">
        <ele>236.35</ele>
        <time>2026-01-21T17:48:18Z</time>
      </trkpt>
      <trkpt lat="33.5919" lon="-117.77619">
        <ele>235.97</ele>
        <time>2026-01-21T17:48:21Z</time>
      </trkpt>
      <trkpt lat="33.5919" lon="-117.77623">
        <ele>236.46</ele>
        <time>2026-01-21T17:48:25Z</time>
      </trkpt>
      <trkpt lat="33.5919" lon="-117.77627">
        <ele>237.1</ele>
        <time>2026-01-21T17:48:29Z</time>
      </trkpt>
      <trkpt lat="33.59189" lon="-117.77631">
        <ele>237.56</ele>
        <time>2026-01-21T17:48:34Z</time>
      </trkpt>
      <trkpt lat="33.59189" lon="-117.77636">
        <ele>238.1</ele>
        <time>2026-01-21T17:48:58Z</time>
      </trkpt>
      <trkpt lat="33.59187" lon="-117.77642">
        <ele>238.53</ele>
        <time>2026-01-21T17:49:43Z</time>
      </trkpt>
      <trkpt lat="33.59185" lon="-117.77646">
        <ele>238.78</ele>
        <time>2026-01-21T17:50:16Z</time>
      </trkpt>
      <trkpt lat="33.59181" lon="-117.77648">
        <ele>239.43</ele>
        <time>2026-01-21T17:50:22Z</time>
      </trkpt>
      <trkpt lat="33.59177" lon="-117.77649">
        <ele>240.07</ele>
        <time>2026-01-21T17:50:24Z</time>
      </trkpt>
      <trkpt lat="33.59172" lon="-117.7765">
        <ele>240.4</ele>
        <time>2026-01-21T17:50:27Z</time>
      </trkpt>
      <trkpt lat="33.59169" lon="-117.77651">
        <ele>240.62</ele>
        <time>2026-01-21T17:50:31Z</time>
      </trkpt>
      <trkpt lat="33.59165" lon="-117.77653">
        <ele>241.05</ele>
        <time>2026-01-21T17:50:35Z</time>
      </trkpt>
      <trkpt lat="33.59162" lon="-117.77654">
        <ele>241.26</ele>
        <time>2026-01-21T17:50:38Z</time>
      </trkpt>
      <trkpt lat="33.59159" lon="-117.77655">
        <ele>241.48</ele>
        <time>2026-01-21T17:50:41Z</time>
      </trkpt>
      <trkpt lat="33.59157" lon="-117.77656">
        <ele>241.65</ele>
        <time>2026-01-21T17:50:44Z</time>
      </trkpt>
      <trkpt lat="33.59154" lon="-117.77657">
        <ele>241.53</ele>
        <time>2026-01-21T17:50:47Z</time>
      </trkpt>
      <trkpt lat="33.59151" lon="-117.77658">
        <ele>241.5</ele>
        <time>2026-01-21T17:50:50Z</time>
      </trkpt>
      <trkpt lat="33.59147" lon="-117.77659">
        <ele>241.25</ele>
        <time>2026-01-21T17:50:53Z</time>
      </trkpt>
      <trkpt lat="33.59144" lon="-117.7766">
        <ele>240.82</ele>
        <time>2026-01-21T17:50:56Z</time>
      </trkpt>
      <trkpt lat="33.59141" lon="-117.77662">
        <ele>240.56</ele>
        <time>2026-01-21T17:50:59Z</time>
      </trkpt>
      <trkpt lat="33.59139" lon="-117.77664">
        <ele>240.46</ele>
        <time>2026-01-21T17:51:01Z</time>
      </trkpt>
      <trkpt lat="33.59137" lon="-117.77666">
        <ele>240.62</ele>
        <time>2026-01-21T17:51:03Z</time>
      </trkpt>
      <trkpt lat="33.59134" lon="-117.77669">
        <ele>241.33</ele>
        <time>2026-01-21T17:51:06Z</time>
      </trkpt>
      <trkpt lat="33.5913" lon="-117.77671">
        <ele>241.03</ele>
        <time>2026-01-21T17:51:09Z</time>
      </trkpt>
      <trkpt lat="33.59127" lon="-117.77672">
        <ele>240.99</ele>
        <time>2026-01-21T17:51:12Z</time>
      </trkpt>
      <trkpt lat="33.59124" lon="-117.77673">
        <ele>240.95</ele>
        <time>2026-01-21T17:51:15Z</time>
      </trkpt>
      <trkpt lat="33.59121" lon="-117.77674">
        <ele>240.85</ele>
        <time>2026-01-21T17:51:18Z</time>
      </trkpt>
      <trkpt lat="33.59117" lon="-117.77673">
        <ele>241.55</ele>
        <time>2026-01-21T17:51:21Z</time>
      </trkpt>
      <trkpt lat="33.59114" lon="-117.77671">
        <ele>241.8</ele>
        <time>2026-01-21T17:51:24Z</time>
      </trkpt>
      <trkpt lat="33.59111" lon="-117.77668">
        <ele>241.44</ele>
        <time>2026-01-21T17:51:27Z</time>
      </trkpt>
      <trkpt lat="33.59107" lon="-117.77667">
        <ele>241.55</ele>
        <time>2026-01-21T17:51:30Z</time>
      </trkpt>
      <trkpt lat="33.59104" lon="-117.77665">
        <ele>241.91</ele>
        <time>2026-01-21T17:51:33Z</time>
      </trkpt>
      <trkpt lat="33.59101" lon="-117.77664">
        <ele>242.45</ele>
        <time>2026-01-21T17:51:36Z</time>
      </trkpt>
      <trkpt lat="33.59097" lon="-117.77663">
        <ele>243.24</ele>
        <time>2026-01-21T17:51:39Z</time>
      </trkpt>
      <trkpt lat="33.59094" lon="-117.77662">
        <ele>243.77</ele>
        <time>2026-01-21T17:51:42Z</time>
      </trkpt>
      <trkpt lat="33.59091" lon="-117.77661">
        <ele>244.2</ele>
        <time>2026-01-21T17:51:45Z</time>
      </trkpt>
      <trkpt lat="33.59088" lon="-117.7766">
        <ele>244.42</ele>
        <time>2026-01-21T17:51:48Z</time>
      </trkpt>
      <trkpt lat="33.59085" lon="-117.77659">
        <ele>244.42</ele>
        <time>2026-01-21T17:51:51Z</time>
      </trkpt>
      <trkpt lat="33.59081" lon="-117.77657">
        <ele>244.21</ele>
        <time>2026-01-21T17:51:54Z</time>
      </trkpt>
      <trkpt lat="33.59078" lon="-117.77656">
        <ele>244.42</ele>
        <time>2026-01-21T17:51:57Z</time>
      </trkpt>
      <trkpt lat="33.59075" lon="-117.77655">
        <ele>244.64</ele>
        <time>2026-01-21T17:52:00Z</time>
      </trkpt>
      <trkpt lat="33.59072" lon="-117.77653">
        <ele>245.09</ele>
        <time>2026-01-21T17:52:03Z</time>
      </trkpt>
      <trkpt lat="33.59069" lon="-117.77652">
        <ele>245.74</ele>
        <time>2026-01-21T17:52:06Z</time>
      </trkpt>
      <trkpt lat="33.59066" lon="-117.7765">
        <ele>246.12</ele>
        <time>2026-01-21T17:52:09Z</time>
      </trkpt>
      <trkpt lat="33.59063" lon="-117.77649">
        <ele>246.4</ele>
        <time>2026-01-21T17:52:12Z</time>
      </trkpt>
      <trkpt lat="33.5906" lon="-117.77647">
        <ele>246.46</ele>
        <time>2026-01-21T17:52:15Z</time>
      </trkpt>
      <trkpt lat="33.59057" lon="-117.77646">
        <ele>246.81</ele>
        <time>2026-01-21T17:52:18Z</time>
      </trkpt>
      <trkpt lat="33.59054" lon="-117.77645">
        <ele>247.39</ele>
        <time>2026-01-21T17:52:21Z</time>
      </trkpt>
      <trkpt lat="33.59051" lon="-117.77643">
        <ele>247.93</ele>
        <time>2026-01-21T17:52:24Z</time>
      </trkpt>
      <trkpt lat="33.59048" lon="-117.77642">
        <ele>248.36</ele>
        <time>2026-01-21T17:52:27Z</time>
      </trkpt>
      <trkpt lat="33.59045" lon="-117.77641">
        <ele>248.74</ele>
        <time>2026-01-21T17:52:30Z</time>
      </trkpt>
      <trkpt lat="33.59042" lon="-117.77639">
        <ele>248.95</ele>
        <time>2026-01-21T17:52:34Z</time>
      </trkpt>
      <trkpt lat="33.5904" lon="-117.77636">
        <ele>249.15</ele>
        <time>2026-01-21T17:52:39Z</time>
      </trkpt>
      <trkpt lat="33.59037" lon="-117.77634">
        <ele>249.48</ele>
        <time>2026-01-21T17:52:43Z</time>
      </trkpt>
      <trkpt lat="33.59035" lon="-117.77632">
        <ele>249.75</ele>
        <time>2026-01-21T17:52:47Z</time>
      </trkpt>
      <trkpt lat="33.59032" lon="-117.7763">
        <ele>250.15</ele>
        <time>2026-01-21T17:52:50Z</time>
      </trkpt>
      <trkpt lat="33.5903" lon="-117.77626">
        <ele>250.22</ele>
        <time>2026-01-21T17:52:53Z</time>
      </trkpt>
      <trkpt lat="33.59029" lon="-117.77622">
        <ele>250.02</ele>
        <time>2026-01-21T17:52:55Z</time>
      </trkpt>
      <trkpt lat="33.59027" lon="-117.77619">
        <ele>249.94</ele>
        <time>2026-01-21T17:52:57Z</time>
      </trkpt>
      <trkpt lat="33.59026" lon="-117.77615">
        <ele>249.61</ele>
        <time>2026-01-21T17:53:00Z</time>
      </trkpt>
      <trkpt lat="33.59024" lon="-117.77611">
        <ele>249.4</ele>
        <time>2026-01-21T17:53:03Z</time>
      </trkpt>
      <trkpt lat="33.59023" lon="-117.77606">
        <ele>249.25</ele>
        <time>2026-01-21T17:53:06Z</time>
      </trkpt>
      <trkpt lat="33.59022" lon="-117.77602">
        <ele>249.25</ele>
        <time>2026-01-21T17:53:09Z</time>
      </trkpt>
      <trkpt lat="33.59022" lon="-117.77598">
        <ele>248.99</ele>
        <time>2026-01-21T17:53:12Z</time>
      </trkpt>
      <trkpt lat="33.59023" lon="-117.77594">
        <ele>248.59</ele>
        <time>2026-01-21T17:53:15Z</time>
      </trkpt>
      <trkpt lat="33.59023" lon="-117.7759">
        <ele>248.52</ele>
        <time>2026-01-21T17:53:20Z</time>
      </trkpt>
      <trkpt lat="33.59023" lon="-117.77594">
        <ele>248.59</ele>
        <time>2026-01-21T17:53:24Z</time>
      </trkpt>
      <trkpt lat="33.59023" lon="-117.7759">
        <ele>248.52</ele>
        <time>2026-01-21T17:53:35Z</time>
      </trkpt>
      <trkpt lat="33.59023" lon="-117.77586">
        <ele>248.52</ele>
        <time>2026-01-21T17:53:39Z</time>
      </trkpt>
      <trkpt lat="33.59022" lon="-117.77583">
        <ele>248.62</ele>
        <time>2026-01-21T17:53:42Z</time>
      </trkpt>
      <trkpt lat="33.59022" lon="-117.77579">
        <ele>248.62</ele>
        <time>2026-01-21T17:53:46Z</time>
      </trkpt>
      <trkpt lat="33.59022" lon="-117.77576">
        <ele>248.62</ele>
        <time>2026-01-21T17:53:50Z</time>
      </trkpt>
      <trkpt lat="33.59025" lon="-117.77572">
        <ele>248.23</ele>
        <time>2026-01-21T17:53:54Z</time>
      </trkpt>
      <trkpt lat="33.59027" lon="-117.77571">
        <ele>248.06</ele>
        <time>2026-01-21T17:53:56Z</time>
      </trkpt>
      <trkpt lat="33.59031" lon="-117.77569">
        <ele>247.84</ele>
        <time>2026-01-21T17:53:59Z</time>
      </trkpt>
      <trkpt lat="33.59034" lon="-117.77568">
        <ele>247.77</ele>
        <time>2026-01-21T17:54:02Z</time>
      </trkpt>
      <trkpt lat="33.59037" lon="-117.77569">
        <ele>247.55</ele>
        <time>2026-01-21T17:54:05Z</time>
      </trkpt>
      <trkpt lat="33.5904" lon="-117.77571">
        <ele>247.33</ele>
        <time>2026-01-21T17:54:08Z</time>
      </trkpt>
      <trkpt lat="33.59043" lon="-117.77572">
        <ele>247.22</ele>
        <time>2026-01-21T17:54:11Z</time>
      </trkpt>
      <trkpt lat="33.59046" lon="-117.77573">
        <ele>247.12</ele>
        <time>2026-01-21T17:54:14Z</time>
      </trkpt>
      <trkpt lat="33.59049" lon="-117.77573">
        <ele>246.86</ele>
        <time>2026-01-21T17:54:17Z</time>
      </trkpt>
      <trkpt lat="33.59052" lon="-117.77574">
        <ele>246.4</ele>
        <time>2026-01-21T17:54:20Z</time>
      </trkpt>
      <trkpt lat="33.59055" lon="-117.77575">
        <ele>246.06</ele>
        <time>2026-01-21T17:54:23Z</time>
      </trkpt>
      <trkpt lat="33.59058" lon="-117.77576">
        <ele>246.0</ele>
        <time>2026-01-21T17:54:26Z</time>
      </trkpt>
      <trkpt lat="33.59061" lon="-117.77576">
        <ele>246.0</ele>
        <time>2026-01-21T17:54:29Z</time>
      </trkpt>
      <trkpt lat="33.59065" lon="-117.77576">
        <ele>245.98</ele>
        <time>2026-01-21T17:54:32Z</time>
      </trkpt>
      <trkpt lat="33.59068" lon="-117.77577">
        <ele>245.55</ele>
        <time>2026-01-21T17:54:35Z</time>
      </trkpt>
      <trkpt lat="33.59071" lon="-117.77577">
        <ele>245.12</ele>
        <time>2026-01-21T17:54:38Z</time>
      </trkpt>
      <trkpt lat="33.59074" lon="-117.77577">
        <ele>244.69</ele>
        <time>2026-01-21T17:54:41Z</time>
      </trkpt>
      <trkpt lat="33.59077" lon="-117.77577">
        <ele>244.37</ele>
        <time>2026-01-21T17:54:44Z</time>
      </trkpt>
      <trkpt lat="33.5908" lon="-117.77577">
        <ele>244.04</ele>
        <time>2026-01-21T17:54:47Z</time>
      </trkpt>
      <trkpt lat="33.59083" lon="-117.77577">
        <ele>243.72</ele>
        <time>2026-01-21T17:54:50Z</time>
      </trkpt>
      <trkpt lat="33.59086" lon="-117.77575">
        <ele>243.87</ele>
        <time>2026-01-21T17:54:53Z</time>
      </trkpt>
      <trkpt lat="33.59088" lon="-117.77573">
        <ele>244.29</ele>
        <time>2026-01-21T17:54:55Z</time>
      </trkpt>
      <trkpt lat="33.59089" lon="-117.77571">
        <ele>244.79</ele>
        <time>2026-01-21T17:54:57Z</time>
      </trkpt>
      <trkpt lat="33.59092" lon="-117.77568">
        <ele>245.35</ele>
        <time>2026-01-21T17:55:00Z</time>
      </trkpt>
      <trkpt lat="33.59095" lon="-117.77566">
        <ele>245.26</ele>
        <time>2026-01-21T17:55:03Z</time>
      </trkpt>
      <trkpt lat="33.59098" lon="-117.77565">
        <ele>244.8</ele>
        <time>2026-01-21T17:55:06Z</time>
      </trkpt>
      <trkpt lat="33.59101" lon="-117.77563">
        <ele>244.77</ele>
        <time>2026-01-21T17:55:09Z</time>
      </trkpt>
      <trkpt lat="33.59104" lon="-117.77562">
        <ele>244.38</ele>
        <time>2026-01-21T17:55:12Z</time>
      </trkpt>
      <trkpt lat="33.59106" lon="-117.7756">
        <ele>244.43</ele>
        <time>2026-01-21T17:55:15Z</time>
      </trkpt>
      <trkpt lat="33.59109" lon="-117.77559">
        <ele>243.86</ele>
        <time>2026-01-21T17:55:18Z</time>
      </trkpt>
      <trkpt lat="33.59112" lon="-117.77557">
        <ele>243.41</ele>
        <time>2026-01-21T17:55:21Z</time>
      </trkpt>
      <trkpt lat="33.59115" lon="-117.77555">
        <ele>242.98</ele>
        <time>2026-01-21T17:55:24Z</time>
      </trkpt>
      <trkpt lat="33.59117" lon="-117.77552">
        <ele>243.63</ele>
        <time>2026-01-21T17:55:27Z</time>
      </trkpt>
      <trkpt lat="33.5912" lon="-117.7755">
        <ele>243.52</ele>
        <time>2026-01-21T17:55:30Z</time>
      </trkpt>
      <trkpt lat="33.59122" lon="-117.77548">
        <ele>243.62</ele>
        <time>2026-01-21T17:55:33Z</time>
      </trkpt>
      <trkpt lat="33.59125" lon="-117.77545">
        <ele>243.42</ele>
        <time>2026-01-21T17:55:36Z</time>
      </trkpt>
      <trkpt lat="33.59128" lon="-117.77543">
        <ele>243.0</ele>
        <time>2026-01-21T17:55:39Z</time>
      </trkpt>
      <trkpt lat="33.5913" lon="-117.77541">
        <ele>243.23</ele>
        <time>2026-01-21T17:55:42Z</time>
      </trkpt>
      <trkpt lat="33.59133" lon="-117.77539">
        <ele>243.5</ele>
        <time>2026-01-21T17:55:45Z</time>
      </trkpt>
      <trkpt lat="33.59136" lon="-117.77537">
        <ele>243.64</ele>
        <time>2026-01-21T17:55:48Z</time>
      </trkpt>
      <trkpt lat="33.59139" lon="-117.77535">
        <ele>243.85</ele>
        <time>2026-01-21T17:55:51Z</time>
      </trkpt>
      <trkpt lat="33.59142" lon="-117.77533">
        <ele>243.88</ele>
        <time>2026-01-21T17:55:54Z</time>
      </trkpt>
      <trkpt lat="33.59144" lon="-117.77532">
        <ele>243.82</ele>
        <time>2026-01-21T17:55:57Z</time>
      </trkpt>
      <trkpt lat="33.59147" lon="-117.77531">
        <ele>243.55</ele>
        <time>2026-01-21T17:56:00Z</time>
      </trkpt>
      <trkpt lat="33.5915" lon="-117.77532">
        <ele>242.41</ele>
        <time>2026-01-21T17:56:03Z</time>
      </trkpt>
      <trkpt lat="33.59153" lon="-117.77533">
        <ele>241.43</ele>
        <time>2026-01-21T17:56:06Z</time>
      </trkpt>
      <trkpt lat="33.59156" lon="-117.77533">
        <ele>240.96</ele>
        <time>2026-01-21T17:56:09Z</time>
      </trkpt>
      <trkpt lat="33.59159" lon="-117.77533">
        <ele>240.5</ele>
        <time>2026-01-21T17:56:12Z</time>
      </trkpt>
      <trkpt lat="33.59162" lon="-117.77532">
        <ele>240.41</ele>
        <time>2026-01-21T17:56:15Z</time>
      </trkpt>
      <trkpt lat="33.59165" lon="-117.77532">
        <ele>239.91</ele>
        <time>2026-01-21T17:56:18Z</time>
      </trkpt>
      <trkpt lat="33.59168" lon="-117.77532">
        <ele>239.49</ele>
        <time>2026-01-21T17:56:21Z</time>
      </trkpt>
      <trkpt lat="33.59171" lon="-117.77531">
        <ele>239.49</ele>
        <time>2026-01-21T17:56:24Z</time>
      </trkpt>
      <trkpt lat="33.59175" lon="-117.7753">
        <ele>239.38</ele>
        <time>2026-01-21T17:56:27Z</time>
      </trkpt>
      <trkpt lat="33.59178" lon="-117.7753">
        <ele>238.89</ele>
        <time>2026-01-21T17:56:30Z</time>
      </trkpt>
      <trkpt lat="33.59181" lon="-117.77529">
        <ele>238.58</ele>
        <time>2026-01-21T17:56:33Z</time>
      </trkpt>
      <trkpt lat="33.59184" lon="-117.77527">
        <ele>238.68</ele>
        <time>2026-01-21T17:56:36Z</time>
      </trkpt>
      <trkpt lat="33.59187" lon="-117.77526">
        <ele>238.53</ele>
        <time>2026-01-21T17:56:39Z</time>
      </trkpt>
      <trkpt lat="33.5919" lon="-117.77525">
        <ele>238.3</ele>
        <time>2026-01-21T17:56:42Z</time>
      </trkpt>
      <trkpt lat="33.59193" lon="-117.77523">
        <ele>238.46</ele>
        <time>2026-01-21T17:56:45Z</time>
      </trkpt>
      <trkpt lat="33.59196" lon="-117.77521">
        <ele>238.22</ele>
        <time>2026-01-21T17:56:48Z</time>
      </trkpt>
      <trkpt lat="33.59199" lon="-117.7752">
        <ele>237.14</ele>
        <time>2026-01-21T17:56:51Z</time>
      </trkpt>
      <trkpt lat="33.59201" lon="-117.77517">
        <ele>237.18</ele>
        <time>2026-01-21T17:56:54Z</time>
      </trkpt>
      <trkpt lat="33.59204" lon="-117.77513">
        <ele>237.87</ele>
        <time>2026-01-21T17:56:57Z</time>
      </trkpt>
      <trkpt lat="33.59206" lon="-117.77509">
        <ele>238.84</ele>
        <time>2026-01-21T17:56:59Z</time>
      </trkpt>
      <trkpt lat="33.59208" lon="-117.77506">
        <ele>238.57</ele>
        <time>2026-01-21T17:57:01Z</time>
      </trkpt>
      <trkpt lat="33.5921" lon="-117.77503">
        <ele>238.17</ele>
        <time>2026-01-21T17:57:03Z</time>
      </trkpt>
      <trkpt lat="33.59212" lon="-117.775">
        <ele>237.62</ele>
        <time>2026-01-21T17:57:06Z</time>
      </trkpt>
      <trkpt lat="33.59213" lon="-117.77496">
        <ele>237.85</ele>
        <time>2026-01-21T17:57:09Z</time>
      </trkpt>
      <trkpt lat="33.59212" lon="-117.77493">
        <ele>239.06</ele>
        <time>2026-01-21T17:57:12Z</time>
      </trkpt>
      <trkpt lat="33.59213" lon="-117.77489">
        <ele>239.55</ele>
        <time>2026-01-21T17:57:15Z</time>
      </trkpt>
      <trkpt lat="33.59214" lon="-117.77486">
        <ele>239.92</ele>
        <time>2026-01-21T17:57:18Z</time>
      </trkpt>
      <trkpt lat="33.59216" lon="-117.77482">
        <ele>239.59</ele>
        <time>2026-01-21T17:57:21Z</time>
      </trkpt>
      <trkpt lat="33.59217" lon="-117.77478">
        <ele>239.49</ele>
        <time>2026-01-21T17:57:24Z</time>
      </trkpt>
      <trkpt lat="33.59218" lon="-117.77474">
        <ele>239.44</ele>
        <time>2026-01-21T17:57:27Z</time>
      </trkpt>
      <trkpt lat="33.59219" lon="-117.77471">
        <ele>239.39</ele>
        <time>2026-01-21T17:57:30Z</time>
      </trkpt>
      <trkpt lat="33.59221" lon="-117.77467">
        <ele>239.34</ele>
        <time>2026-01-21T17:57:33Z</time>
      </trkpt>
      <trkpt lat="33.59222" lon="-117.77463">
        <ele>240.08</ele>
        <time>2026-01-21T17:57:36Z</time>
      </trkpt>
      <trkpt lat="33.59223" lon="-117.7746">
        <ele>239.9</ele>
        <time>2026-01-21T17:57:39Z</time>
      </trkpt>
      <trkpt lat="33.59224" lon="-117.77456">
        <ele>239.79</ele>
        <time>2026-01-21T17:57:42Z</time>
      </trkpt>
      <trkpt lat="33.59225" lon="-117.77453">
        <ele>239.58</ele>
        <time>2026-01-21T17:57:45Z</time>
      </trkpt>
      <trkpt lat="33.59226" lon="-117.77449">
        <ele>239.47</ele>
        <time>2026-01-21T17:57:48Z</time>
      </trkpt>
      <trkpt lat="33.59228" lon="-117.77445">
        <ele>238.82</ele>
        <time>2026-01-21T17:57:51Z</time>
      </trkpt>
      <trkpt lat="33.59228" lon="-117.77442">
        <ele>238.98</ele>
        <time>2026-01-21T17:57:54Z</time>
      </trkpt>
      <trkpt lat="33.59232" lon="-117.77437">
        <ele>236.87</ele>
        <time>2026-01-21T17:58:46Z</time>
      </trkpt>
      <trkpt lat="33.59232" lon="-117.7743">
        <ele>236.89</ele>
        <time>2026-01-21T17:58:50Z</time>
      </trkpt>
      <trkpt lat="33.59232" lon="-117.77423">
        <ele>236.87</ele>
        <time>2026-01-21T17:58:52Z</time>
      </trkpt>
      <trkpt lat="33.59232" lon="-117.77417">
        <ele>236.83</ele>
        <time>2026-01-21T17:58:54Z</time>
      </trkpt>
      <trkpt lat="33.59232" lon="-117.77412">
        <ele>235.85</ele>
        <time>2026-01-21T17:58:57Z</time>
      </trkpt>
      <trkpt lat="33.59229" lon="-117.77407">
        <ele>235.15</ele>
        <time>2026-01-21T17:59:01Z</time>
      </trkpt>
      <trkpt lat="33.59224" lon="-117.77405">
        <ele>235.24</ele>
        <time>2026-01-21T17:59:03Z</time>
      </trkpt>
      <trkpt lat="33.59221" lon="-117.77403">
        <ele>235.31</ele>
        <time>2026-01-21T17:59:05Z</time>
      </trkpt>
      <trkpt lat="33.59217" lon="-117.77401">
        <ele>235.74</ele>
        <time>2026-01-21T17:59:08Z</time>
      </trkpt>
      <trkpt lat="33.59214" lon="-117.77399">
        <ele>235.96</ele>
        <time>2026-01-21T17:59:11Z</time>
      </trkpt>
      <trkpt lat="33.59211" lon="-117.77396">
        <ele>235.8</ele>
        <time>2026-01-21T17:59:15Z</time>
      </trkpt>
      <trkpt lat="33.59208" lon="-117.77394">
        <ele>235.88</ele>
        <time>2026-01-21T17:59:18Z</time>
      </trkpt>
      <trkpt lat="33.59206" lon="-117.77391">
        <ele>235.79</ele>
        <time>2026-01-21T17:59:21Z</time>
      </trkpt>
      <trkpt lat="33.59203" lon="-117.77389">
        <ele>236.09</ele>
        <time>2026-01-21T17:59:24Z</time>
      </trkpt>
      <trkpt lat="33.592" lon="-117.77387">
        <ele>235.99</ele>
        <time>2026-01-21T17:59:27Z</time>
      </trkpt>
      <trkpt lat="33.59198" lon="-117.77385">
        <ele>235.78</ele>
        <time>2026-01-21T17:59:30Z</time>
      </trkpt>
      <trkpt lat="33.59195" lon="-117.77382">
        <ele>235.45</ele>
        <time>2026-01-21T17:59:33Z</time>
      </trkpt>
      <trkpt lat="33.59192" lon="-117.7738">
        <ele>235.35</ele>
        <time>2026-01-21T17:59:36Z</time>
      </trkpt>
      <trkpt lat="33.59189" lon="-117.77378">
        <ele>235.34</ele>
        <time>2026-01-21T17:59:39Z</time>
      </trkpt>
      <trkpt lat="33.59187" lon="-117.77376">
        <ele>235.34</ele>
        <time>2026-01-21T17:59:42Z</time>
      </trkpt>
      <trkpt lat="33.59184" lon="-117.77373">
        <ele>235.58</ele>
        <time>2026-01-21T17:59:45Z</time>
      </trkpt>
      <trkpt lat="33.59182" lon="-117.77371">
        <ele>235.78</ele>
        <time>2026-01-21T17:59:48Z</time>
      </trkpt>
      <trkpt lat="33.5918" lon="-117.77368">
        <ele>235.61</ele>
        <time>2026-01-21T17:59:51Z</time>
      </trkpt>
      <trkpt lat="33.59177" lon="-117.77365">
        <ele>235.61</ele>
        <time>2026-01-21T17:59:54Z</time>
      </trkpt>
      <trkpt lat="33.59175" lon="-117.77363">
        <ele>235.61</ele>
        <time>2026-01-21T17:59:57Z</time>
      </trkpt>
      <trkpt lat="33.59172" lon="-117.7736">
        <ele>235.61</ele>
        <time>2026-01-21T18:00:00Z</time>
      </trkpt>
      <trkpt lat="33.5917" lon="-117.77357">
        <ele>235.39</ele>
        <time>2026-01-21T18:00:03Z</time>
      </trkpt>
      <trkpt lat="33.59168" lon="-117.77354">
        <ele>235.18</ele>
        <time>2026-01-21T18:00:06Z</time>
      </trkpt>
      <trkpt lat="33.59166" lon="-117.77351">
        <ele>235.19</ele>
        <time>2026-01-21T18:00:09Z</time>
      </trkpt>
      <trkpt lat="33.59164" lon="-117.77348">
        <ele>235.62</ele>
        <time>2026-01-21T18:00:12Z</time>
      </trkpt>
      <trkpt lat="33.59162" lon="-117.77345">
        <ele>235.9</ele>
        <time>2026-01-21T18:00:15Z</time>
      </trkpt>
      <trkpt lat="33.5916" lon="-117.77341">
        <ele>235.86</ele>
        <time>2026-01-21T18:00:18Z</time>
      </trkpt>
      <trkpt lat="33.59157" lon="-117.77338">
        <ele>236.18</ele>
        <time>2026-01-21T18:00:21Z</time>
      </trkpt>
      <trkpt lat="33.59155" lon="-117.77335">
        <ele>236.57</ele>
        <time>2026-01-21T18:00:24Z</time>
      </trkpt>
      <trkpt lat="33.59153" lon="-117.77331">
        <ele>237.01</ele>
        <time>2026-01-21T18:00:27Z</time>
      </trkpt>
      <trkpt lat="33.59151" lon="-117.77328">
        <ele>237.49</ele>
        <time>2026-01-21T18:00:30Z</time>
      </trkpt>
      <trkpt lat="33.5915" lon="-117.77325">
        <ele>237.38</ele>
        <time>2026-01-21T18:00:32Z</time>
      </trkpt>
      <trkpt lat="33.59149" lon="-117.7732">
        <ele>236.79</ele>
        <time>2026-01-21T18:00:34Z</time>
      </trkpt>
      <trkpt lat="33.59147" lon="-117.77316">
        <ele>236.63</ele>
        <time>2026-01-21T18:00:36Z</time>
      </trkpt>
      <trkpt lat="33.59146" lon="-117.77313">
        <ele>236.3</ele>
        <time>2026-01-21T18:00:38Z</time>
      </trkpt>
      <trkpt lat="33.59144" lon="-117.77308">
        <ele>235.87</ele>
        <time>2026-01-21T18:00:41Z</time>
      </trkpt>
      <trkpt lat="33.59142" lon="-117.77305">
        <ele>235.85</ele>
        <time>2026-01-21T18:00:44Z</time>
      </trkpt>
      <trkpt lat="33.5914" lon="-117.77301">
        <ele>235.28</ele>
        <time>2026-01-21T18:00:47Z</time>
      </trkpt>
      <trkpt lat="33.59138" lon="-117.77298">
        <ele>234.92</ele>
        <time>2026-01-21T18:00:50Z</time>
      </trkpt>
      <trkpt lat="33.59136" lon="-117.77294">
        <ele>235.02</ele>
        <time>2026-01-21T18:00:53Z</time>
      </trkpt>
      <trkpt lat="33.59135" lon="-117.77291">
        <ele>234.96</ele>
        <time>2026-01-21T18:00:56Z</time>
      </trkpt>
      <trkpt lat="33.59133" lon="-117.77288">
        <ele>234.83</ele>
        <time>2026-01-21T18:00:59Z</time>
      </trkpt>
      <trkpt lat="33.59133" lon="-117.77284">
        <ele>233.98</ele>
        <time>2026-01-21T18:01:03Z</time>
      </trkpt>
      <trkpt lat="33.59133" lon="-117.77281">
        <ele>233.33</ele>
        <time>2026-01-21T18:01:06Z</time>
      </trkpt>
      <trkpt lat="33.59131" lon="-117.77277">
        <ele>232.74</ele>
        <time>2026-01-21T18:01:09Z</time>
      </trkpt>
      <trkpt lat="33.59129" lon="-117.77274">
        <ele>232.78</ele>
        <time>2026-01-21T18:01:12Z</time>
      </trkpt>
      <trkpt lat="33.59127" lon="-117.77271">
        <ele>232.78</ele>
        <time>2026-01-21T18:01:15Z</time>
      </trkpt>
      <trkpt lat="33.59125" lon="-117.77268">
        <ele>232.36</ele>
        <time>2026-01-21T18:01:18Z</time>
      </trkpt>
      <trkpt lat="33.59123" lon="-117.77265">
        <ele>231.85</ele>
        <time>2026-01-21T18:01:21Z</time>
      </trkpt>
      <trkpt lat="33.59121" lon="-117.77262">
        <ele>231.48</ele>
        <time>2026-01-21T18:01:24Z</time>
      </trkpt>
      <trkpt lat="33.59118" lon="-117.77259">
        <ele>231.13</ele>
        <time>2026-01-21T18:01:27Z</time>
      </trkpt>
      <trkpt lat="33.59116" lon="-117.77256">
        <ele>230.04</ele>
        <time>2026-01-21T18:01:30Z</time>
      </trkpt>
      <trkpt lat="33.59113" lon="-117.77254">
        <ele>229.86</ele>
        <time>2026-01-21T18:01:33Z</time>
      </trkpt>
      <trkpt lat="33.5911" lon="-117.77254">
        <ele>230.3</ele>
        <time>2026-01-21T18:01:36Z</time>
      </trkpt>
      <trkpt lat="33.59108" lon="-117.77255">
        <ele>230.62</ele>
        <time>2026-01-21T18:01:39Z</time>
      </trkpt>
      <trkpt lat="33.59105" lon="-117.77255">
        <ele>230.62</ele>
        <time>2026-01-21T18:01:42Z</time>
      </trkpt>
      <trkpt lat="33.59102" lon="-117.77255">
        <ele>230.62</ele>
        <time>2026-01-21T18:01:45Z</time>
      </trkpt>
      <trkpt lat="33.59099" lon="-117.77255">
        <ele>230.17</ele>
        <time>2026-01-21T18:01:48Z</time>
      </trkpt>
      <trkpt lat="33.59095" lon="-117.77255">
        <ele>229.54</ele>
        <time>2026-01-21T18:01:51Z</time>
      </trkpt>
      <trkpt lat="33.59092" lon="-117.77255">
        <ele>229.28</ele>
        <time>2026-01-21T18:01:54Z</time>
      </trkpt>
      <trkpt lat="33.59089" lon="-117.77255">
        <ele>229.9</ele>
        <time>2026-01-21T18:01:57Z</time>
      </trkpt>
      <trkpt lat="33.59086" lon="-117.77253">
        <ele>229.97</ele>
        <time>2026-01-21T18:02:00Z</time>
      </trkpt>
      <trkpt lat="33.59083" lon="-117.77252">
        <ele>230.48</ele>
        <time>2026-01-21T18:02:03Z</time>
      </trkpt>
      <trkpt lat="33.59079" lon="-117.77251">
        <ele>230.52</ele>
        <time>2026-01-21T18:02:06Z</time>
      </trkpt>
      <trkpt lat="33.59076" lon="-117.77249">
        <ele>229.56</ele>
        <time>2026-01-21T18:02:09Z</time>
      </trkpt>
      <trkpt lat="33.59073" lon="-117.77247">
        <ele>229.73</ele>
        <time>2026-01-21T18:02:12Z</time>
      </trkpt>
      <trkpt lat="33.5907" lon="-117.77244">
        <ele>230.28</ele>
        <time>2026-01-21T18:02:15Z</time>
      </trkpt>
      <trkpt lat="33.59068" lon="-117.77242">
        <ele>230.3</ele>
        <time>2026-01-21T18:02:18Z</time>
      </trkpt>
      <trkpt lat="33.59065" lon="-117.77239">
        <ele>230.54</ele>
        <time>2026-01-21T18:02:21Z</time>
      </trkpt>
      <trkpt lat="33.59062" lon="-117.77237">
        <ele>231.77</ele>
        <time>2026-01-21T18:02:24Z</time>
      </trkpt>
      <trkpt lat="33.59059" lon="-117.77234">
        <ele>232.4</ele>
        <time>2026-01-21T18:02:27Z</time>
      </trkpt>
      <trkpt lat="33.59057" lon="-117.77229">
        <ele>231.08</ele>
        <time>2026-01-21T18:02:30Z</time>
      </trkpt>
      <trkpt lat="33.59055" lon="-117.77224">
        <ele>229.31</ele>
        <time>2026-01-21T18:02:32Z</time>
      </trkpt>
      <trkpt lat="33.59053" lon="-117.7722">
        <ele>229.35</ele>
        <time>2026-01-21T18:02:34Z</time>
      </trkpt>
      <trkpt lat="33.59051" lon="-117.77216">
        <ele>229.95</ele>
        <time>2026-01-21T18:02:37Z</time>
      </trkpt>
      <trkpt lat="33.59049" lon="-117.77213">
        <ele>230.55</ele>
        <time>2026-01-21T18:02:40Z</time>
      </trkpt>
      <trkpt lat="33.59049" lon="-117.77209">
        <ele>229.38</ele>
        <time>2026-01-21T18:02:44Z</time>
      </trkpt>
      <trkpt lat="33.59049" lon="-117.77204">
        <ele>227.92</ele>
        <time>2026-01-21T18:02:48Z</time>
      </trkpt>
      <trkpt lat="33.59048" lon="-117.77201">
        <ele>228.08</ele>
        <time>2026-01-21T18:02:51Z</time>
      </trkpt>
      <trkpt lat="33.59048" lon="-117.77198">
        <ele>227.87</ele>
        <time>2026-01-21T18:02:54Z</time>
      </trkpt>
      <trkpt lat="33.59048" lon="-117.77194">
        <ele>227.62</ele>
        <time>2026-01-21T18:02:57Z</time>
      </trkpt>
      <trkpt lat="33.59048" lon="-117.77191">
        <ele>227.56</ele>
        <time>2026-01-21T18:03:00Z</time>
      </trkpt>
      <trkpt lat="33.59048" lon="-117.77187">
        <ele>227.48</ele>
        <time>2026-01-21T18:03:03Z</time>
      </trkpt>
      <trkpt lat="33.59049" lon="-117.77183">
        <ele>227.06</ele>
        <time>2026-01-21T18:03:06Z</time>
      </trkpt>
      <trkpt lat="33.59049" lon="-117.7718">
        <ele>226.96</ele>
        <time>2026-01-21T18:03:09Z</time>
      </trkpt>
      <trkpt lat="33.59049" lon="-117.77176">
        <ele>226.83</ele>
        <time>2026-01-21T18:03:12Z</time>
      </trkpt>
      <trkpt lat="33.5905" lon="-117.77172">
        <ele>226.4</ele>
        <time>2026-01-21T18:03:15Z</time>
      </trkpt>
      <trkpt lat="33.5905" lon="-117.77168">
        <ele>226.4</ele>
        <time>2026-01-21T18:03:18Z</time>
      </trkpt>
      <trkpt lat="33.59049" lon="-117.77164">
        <ele>225.93</ele>
        <time>2026-01-21T18:03:21Z</time>
      </trkpt>
      <trkpt lat="33.59049" lon="-117.7716">
        <ele>224.58</ele>
        <time>2026-01-21T18:03:24Z</time>
      </trkpt>
      <trkpt lat="33.59049" lon="-117.77156">
        <ele>223.47</ele>
        <time>2026-01-21T18:03:27Z</time>
      </trkpt>
      <trkpt lat="33.59048" lon="-117.77152">
        <ele>223.02</ele>
        <time>2026-01-21T18:03:30Z</time>
      </trkpt>
      <trkpt lat="33.59046" lon="-117.77148">
        <ele>223.02</ele>
        <time>2026-01-21T18:03:33Z</time>
      </trkpt>
      <trkpt lat="33.59043" lon="-117.77146">
        <ele>223.02</ele>
        <time>2026-01-21T18:03:35Z</time>
      </trkpt>
      <trkpt lat="33.59041" lon="-117.77144">
        <ele>222.8</ele>
        <time>2026-01-21T18:03:37Z</time>
      </trkpt>
      <trkpt lat="33.59039" lon="-117.77142">
        <ele>222.58</ele>
        <time>2026-01-21T18:03:39Z</time>
      </trkpt>
      <trkpt lat="33.59036" lon="-117.77138">
        <ele>222.22</ele>
        <time>2026-01-21T18:03:42Z</time>
      </trkpt>
      <trkpt lat="33.59035" lon="-117.77135">
        <ele>222.06</ele>
        <time>2026-01-21T18:03:45Z</time>
      </trkpt>
      <trkpt lat="33.59033" lon="-117.77132">
        <ele>221.92</ele>
        <time>2026-01-21T18:03:48Z</time>
      </trkpt>
      <trkpt lat="33.59031" lon="-117.77129">
        <ele>221.49</ele>
        <time>2026-01-21T18:03:51Z</time>
      </trkpt>
      <trkpt lat="33.59029" lon="-117.77125">
        <ele>220.8</ele>
        <time>2026-01-21T18:03:54Z</time>
      </trkpt>
      <trkpt lat="33.59027" lon="-117.77122">
        <ele>220.69</ele>
        <time>2026-01-21T18:03:57Z</time>
      </trkpt>
      <trkpt lat="33.59025" lon="-117.77119">
        <ele>220.77</ele>
        <time>2026-01-21T18:04:00Z</time>
      </trkpt>
      <trkpt lat="33.59023" lon="-117.77116">
        <ele>220.39</ele>
        <time>2026-01-21T18:04:03Z</time>
      </trkpt>
      <trkpt lat="33.59021" lon="-117.77112">
        <ele>219.13</ele>
        <time>2026-01-21T18:04:06Z</time>
      </trkpt>
      <trkpt lat="33.59019" lon="-117.77109">
        <ele>218.7</ele>
        <time>2026-01-21T18:04:09Z</time>
      </trkpt>
      <trkpt lat="33.59017" lon="-117.77106">
        <ele>218.91</ele>
        <time>2026-01-21T18:04:12Z</time>
      </trkpt>
      <trkpt lat="33.59015" lon="-117.77103">
        <ele>218.69</ele>
        <time>2026-01-21T18:04:15Z</time>
      </trkpt>
      <trkpt lat="33.59012" lon="-117.77102">
        <ele>218.77</ele>
        <time>2026-01-21T18:04:19Z</time>
      </trkpt>
      <trkpt lat="33.59009" lon="-117.771">
        <ele>218.73</ele>
        <time>2026-01-21T18:04:23Z</time>
      </trkpt>
      <trkpt lat="33.59007" lon="-117.77097">
        <ele>218.92</ele>
        <time>2026-01-21T18:04:26Z</time>
      </trkpt>
      <trkpt lat="33.59006" lon="-117.77095">
        <ele>218.76</ele>
        <time>2026-01-21T18:04:29Z</time>
      </trkpt>
      <trkpt lat="33.59003" lon="-117.77092">
        <ele>218.82</ele>
        <time>2026-01-21T18:04:32Z</time>
      </trkpt>
      <trkpt lat="33.59001" lon="-117.77089">
        <ele>218.47</ele>
        <time>2026-01-21T18:04:35Z</time>
      </trkpt>
      <trkpt lat="33.58999" lon="-117.77086">
        <ele>218.3</ele>
        <time>2026-01-21T18:04:38Z</time>
      </trkpt>
      <trkpt lat="33.58997" lon="-117.77083">
        <ele>218.16</ele>
        <time>2026-01-21T18:04:41Z</time>
      </trkpt>
      <trkpt lat="33.58995" lon="-117.7708">
        <ele>217.69</ele>
        <time>2026-01-21T18:04:44Z</time>
      </trkpt>
      <trkpt lat="33.58994" lon="-117.77077">
        <ele>216.65</ele>
        <time>2026-01-21T18:04:47Z</time>
      </trkpt>
      <trkpt lat="33.58992" lon="-117.77075">
        <ele>216.2</ele>
        <time>2026-01-21T18:04:50Z</time>
      </trkpt>
      <trkpt lat="33.5899" lon="-117.77072">
        <ele>215.96</ele>
        <time>2026-01-21T18:04:53Z</time>
      </trkpt>
      <trkpt lat="33.58988" lon="-117.77069">
        <ele>215.85</ele>
        <time>2026-01-21T18:04:56Z</time>
      </trkpt>
      <trkpt lat="33.58986" lon="-117.77066">
        <ele>215.32</ele>
        <time>2026-01-21T18:04:59Z</time>
      </trkpt>
      <trkpt lat="33.58984" lon="-117.77064">
        <ele>214.89</ele>
        <time>2026-01-21T18:05:02Z</time>
      </trkpt>
      <trkpt lat="33.58981" lon="-117.77061">
        <ele>214.68</ele>
        <time>2026-01-21T18:05:05Z</time>
      </trkpt>
      <trkpt lat="33.58979" lon="-117.77059">
        <ele>214.67</ele>
        <time>2026-01-21T18:05:08Z</time>
      </trkpt>
      <trkpt lat="33.58977" lon="-117.77056">
        <ele>214.12</ele>
        <time>2026-01-21T18:05:11Z</time>
      </trkpt>
      <trkpt lat="33.58975" lon="-117.77054">
        <ele>213.56</ele>
        <time>2026-01-21T18:05:14Z</time>
      </trkpt>
      <trkpt lat="33.58972" lon="-117.77051">
        <ele>213.02</ele>
        <time>2026-01-21T18:05:17Z</time>
      </trkpt>
      <trkpt lat="33.58969" lon="-117.7705">
        <ele>212.8</ele>
        <time>2026-01-21T18:05:20Z</time>
      </trkpt>
      <trkpt lat="33.58965" lon="-117.77051">
        <ele>213.02</ele>
        <time>2026-01-21T18:05:22Z</time>
      </trkpt>
      <trkpt lat="33.58962" lon="-117.77052">
        <ele>213.23</ele>
        <time>2026-01-21T18:05:24Z</time>
      </trkpt>
      <trkpt lat="33.58958" lon="-117.77052">
        <ele>213.23</ele>
        <time>2026-01-21T18:05:27Z</time>
      </trkpt>
      <trkpt lat="33.58955" lon="-117.77052">
        <ele>213.23</ele>
        <time>2026-01-21T18:05:30Z</time>
      </trkpt>
      <trkpt lat="33.58952" lon="-117.77052">
        <ele>213.23</ele>
        <time>2026-01-21T18:05:33Z</time>
      </trkpt>
      <trkpt lat="33.58949" lon="-117.77052">
        <ele>213.23</ele>
        <time>2026-01-21T18:05:36Z</time>
      </trkpt>
      <trkpt lat="33.58946" lon="-117.77051">
        <ele>213.02</ele>
        <time>2026-01-21T18:05:39Z</time>
      </trkpt>
      <trkpt lat="33.58943" lon="-117.7705">
        <ele>213.05</ele>
        <time>2026-01-21T18:05:42Z</time>
      </trkpt>
      <trkpt lat="33.58939" lon="-117.77048">
        <ele>212.8</ele>
        <time>2026-01-21T18:05:45Z</time>
      </trkpt>
      <trkpt lat="33.58936" lon="-117.77046">
        <ele>211.93</ele>
        <time>2026-01-21T18:05:48Z</time>
      </trkpt>
      <trkpt lat="33.58933" lon="-117.77044">
        <ele>212.09</ele>
        <time>2026-01-21T18:05:51Z</time>
      </trkpt>
      <trkpt lat="33.5893" lon="-117.77042">
        <ele>212.23</ele>
        <time>2026-01-21T18:05:54Z</time>
      </trkpt>
      <trkpt lat="33.58927" lon="-117.7704">
        <ele>212.09</ele>
        <time>2026-01-21T18:05:57Z</time>
      </trkpt>
      <trkpt lat="33.58924" lon="-117.77038">
        <ele>211.65</ele>
        <time>2026-01-21T18:06:00Z</time>
      </trkpt>
      <trkpt lat="33.58921" lon="-117.77036">
        <ele>211.2</ele>
        <time>2026-01-21T18:06:03Z</time>
      </trkpt>
      <trkpt lat="33.58918" lon="-117.77034">
        <ele>210.87</ele>
        <time>2026-01-21T18:06:06Z</time>
      </trkpt>
      <trkpt lat="33.58916" lon="-117.77032">
        <ele>210.47</ele>
        <time>2026-01-21T18:06:09Z</time>
      </trkpt>
      <trkpt lat="33.58913" lon="-117.7703">
        <ele>210.01</ele>
        <time>2026-01-21T18:06:12Z</time>
      </trkpt>
      <trkpt lat="33.5891" lon="-117.77028">
        <ele>209.12</ele>
        <time>2026-01-21T18:06:15Z</time>
      </trkpt>
      <trkpt lat="33.58907" lon="-117.77026">
        <ele>208.5</ele>
        <time>2026-01-21T18:06:18Z</time>
      </trkpt>
      <trkpt lat="33.58904" lon="-117.77024">
        <ele>208.36</ele>
        <time>2026-01-21T18:06:21Z</time>
      </trkpt>
      <trkpt lat="33.58901" lon="-117.77022">
        <ele>208.08</ele>
        <time>2026-01-21T18:06:24Z</time>
      </trkpt>
      <trkpt lat="33.58899" lon="-117.77021">
        <ele>207.96</ele>
        <time>2026-01-21T18:06:27Z</time>
      </trkpt>
      <trkpt lat="33.58896" lon="-117.77019">
        <ele>207.23</ele>
        <time>2026-01-21T18:06:30Z</time>
      </trkpt>
      <trkpt lat="33.58893" lon="-117.77017">
        <ele>206.44</ele>
        <time>2026-01-21T18:06:33Z</time>
      </trkpt>
      <trkpt lat="33.5889" lon="-117.77016">
        <ele>206.15</ele>
        <time>2026-01-21T18:06:36Z</time>
      </trkpt>
      <trkpt lat="33.58887" lon="-117.77014">
        <ele>205.94</ele>
        <time>2026-01-21T18:06:39Z</time>
      </trkpt>
      <trkpt lat="33.58884" lon="-117.77013">
        <ele>206.27</ele>
        <time>2026-01-21T18:06:42Z</time>
      </trkpt>
      <trkpt lat="33.58881" lon="-117.77011">
        <ele>206.27</ele>
        <time>2026-01-21T18:06:45Z</time>
      </trkpt>
      <trkpt lat="33.58878" lon="-117.7701">
        <ele>206.28</ele>
        <time>2026-01-21T18:06:48Z</time>
      </trkpt>
      <trkpt lat="33.58875" lon="-117.77008">
        <ele>205.52</ele>
        <time>2026-01-21T18:06:51Z</time>
      </trkpt>
      <trkpt lat="33.58872" lon="-117.77007">
        <ele>205.23</ele>
        <time>2026-01-21T18:06:54Z</time>
      </trkpt>
      <trkpt lat="33.58869" lon="-117.77005">
        <ele>205.0</ele>
        <time>2026-01-21T18:06:57Z</time>
      </trkpt>
      <trkpt lat="33.58866" lon="-117.77003">
        <ele>205.07</ele>
        <time>2026-01-21T18:07:00Z</time>
      </trkpt>
      <trkpt lat="33.58864" lon="-117.77002">
        <ele>205.17</ele>
        <time>2026-01-21T18:07:03Z</time>
      </trkpt>
      <trkpt lat="33.58861" lon="-117.77">
        <ele>205.02</ele>
        <time>2026-01-21T18:07:06Z</time>
      </trkpt>
      <trkpt lat="33.58858" lon="-117.76998">
        <ele>205.02</ele>
        <time>2026-01-21T18:07:09Z</time>
      </trkpt>
      <trkpt lat="33.58855" lon="-117.76997">
        <ele>205.35</ele>
        <time>2026-01-21T18:07:12Z</time>
      </trkpt>
      <trkpt lat="33.58852" lon="-117.76995">
        <ele>205.35</ele>
        <time>2026-01-21T18:07:15Z</time>
      </trkpt>
      <trkpt lat="33.58849" lon="-117.76993">
        <ele>205.66</ele>
        <time>2026-01-21T18:07:18Z</time>
      </trkpt>
      <trkpt lat="33.58846" lon="-117.76991">
        <ele>205.98</ele>
        <time>2026-01-21T18:07:21Z</time>
      </trkpt>
      <trkpt lat="33.58844" lon="-117.76989">
        <ele>205.82</ele>
        <time>2026-01-21T18:07:24Z</time>
      </trkpt>
      <trkpt lat="33.58841" lon="-117.76987">
        <ele>206.14</ele>
        <time>2026-01-21T18:07:27Z</time>
      </trkpt>
      <trkpt lat="33.58838" lon="-117.76985">
        <ele>206.81</ele>
        <time>2026-01-21T18:07:30Z</time>
      </trkpt>
      <trkpt lat="33.58837" lon="-117.7698">
        <ele>205.92</ele>
        <time>2026-01-21T18:07:33Z</time>
      </trkpt>
      <trkpt lat="33.58838" lon="-117.76975">
        <ele>205.13</ele>
        <time>2026-01-21T18:07:35Z</time>
      </trkpt>
      <trkpt lat="33.58838" lon="-117.76971">
        <ele>204.85</ele>
        <time>2026-01-21T18:07:37Z</time>
      </trkpt>
      <trkpt lat="33.58838" lon="-117.76967">
        <ele>204.42</ele>
        <time>2026-01-21T18:07:40Z</time>
      </trkpt>
      <trkpt lat="33.58837" lon="-117.76963">
        <ele>204.42</ele>
        <time>2026-01-21T18:07:43Z</time>
      </trkpt>
      <trkpt lat="33.58837" lon="-117.7696">
        <ele>204.36</ele>
        <time>2026-01-21T18:07:46Z</time>
      </trkpt>
      <trkpt lat="33.58837" lon="-117.76956">
        <ele>204.27</ele>
        <time>2026-01-21T18:07:49Z</time>
      </trkpt>
      <trkpt lat="33.58837" lon="-117.76952">
        <ele>204.45</ele>
        <time>2026-01-21T18:07:52Z</time>
      </trkpt>
      <trkpt lat="33.58837" lon="-117.76949">
        <ele>204.84</ele>
        <time>2026-01-21T18:07:55Z</time>
      </trkpt>
      <trkpt lat="33.58837" lon="-117.76945">
        <ele>205.36</ele>
        <time>2026-01-21T18:07:58Z</time>
      </trkpt>
      <trkpt lat="33.58837" lon="-117.76941">
        <ele>205.36</ele>
        <time>2026-01-21T18:08:01Z</time>
      </trkpt>
      <trkpt lat="33.58837" lon="-117.76937">
        <ele>205.27</ele>
        <time>2026-01-21T18:08:04Z</time>
      </trkpt>
      <trkpt lat="33.58838" lon="-117.76934">
        <ele>204.34</ele>
        <time>2026-01-21T18:08:07Z</time>
      </trkpt>
      <trkpt lat="33.58838" lon="-117.7693">
        <ele>203.91</ele>
        <time>2026-01-21T18:08:10Z</time>
      </trkpt>
      <trkpt lat="33.58838" lon="-117.76926">
        <ele>203.48</ele>
        <time>2026-01-21T18:08:13Z</time>
      </trkpt>
      <trkpt lat="33.58838" lon="-117.76923">
        <ele>203.0</ele>
        <time>2026-01-21T18:08:16Z</time>
      </trkpt>
      <trkpt lat="33.58838" lon="-117.76919">
        <ele>202.35</ele>
        <time>2026-01-21T18:08:19Z</time>
      </trkpt>
      <trkpt lat="33.58839" lon="-117.76915">
        <ele>201.15</ele>
        <time>2026-01-21T18:08:22Z</time>
      </trkpt>
      <trkpt lat="33.58839" lon="-117.76912">
        <ele>200.82</ele>
        <time>2026-01-21T18:08:25Z</time>
      </trkpt>
      <trkpt lat="33.58839" lon="-117.76908">
        <ele>200.39</ele>
        <time>2026-01-21T18:08:28Z</time>
      </trkpt>
      <trkpt lat="33.58839" lon="-117.76905">
        <ele>200.49</ele>
        <time>2026-01-21T18:08:31Z</time>
      </trkpt>
      <trkpt lat="33.58839" lon="-117.76901">
        <ele>200.75</ele>
        <time>2026-01-21T18:08:34Z</time>
      </trkpt>
      <trkpt lat="33.5884" lon="-117.76898">
        <ele>200.45</ele>
        <time>2026-01-21T18:08:37Z</time>
      </trkpt>
      <trkpt lat="33.5884" lon="-117.76894">
        <ele>201.74</ele>
        <time>2026-01-21T18:08:40Z</time>
      </trkpt>
      <trkpt lat="33.58841" lon="-117.7689">
        <ele>202.5</ele>
        <time>2026-01-21T18:08:43Z</time>
      </trkpt>
      <trkpt lat="33.58842" lon="-117.76887">
        <ele>202.73</ele>
        <time>2026-01-21T18:08:46Z</time>
      </trkpt>
      <trkpt lat="33.58842" lon="-117.76883">
        <ele>203.59</ele>
        <time>2026-01-21T18:08:49Z</time>
      </trkpt>
      <trkpt lat="33.58843" lon="-117.7688">
        <ele>203.62</ele>
        <time>2026-01-21T18:08:52Z</time>
      </trkpt>
      <trkpt lat="33.58844" lon="-117.76876">
        <ele>202.88</ele>
        <time>2026-01-21T18:08:55Z</time>
      </trkpt>
      <trkpt lat="33.58845" lon="-117.76873">
        <ele>201.99</ele>
        <time>2026-01-21T18:08:58Z</time>
      </trkpt>
      <trkpt lat="33.58848" lon="-117.76871">
        <ele>199.37</ele>
        <time>2026-01-21T18:09:00Z</time>
      </trkpt>
      <trkpt lat="33.5885" lon="-117.76867">
        <ele>197.53</ele>
        <time>2026-01-21T18:09:03Z</time>
      </trkpt>
      <trkpt lat="33.58851" lon="-117.76864">
        <ele>196.67</ele>
        <time>2026-01-21T18:09:06Z</time>
      </trkpt>
      <trkpt lat="33.58851" lon="-117.76861">
        <ele>196.64</ele>
        <time>2026-01-21T18:09:09Z</time>
      </trkpt>
      <trkpt lat="33.58851" lon="-117.76857">
        <ele>196.6</ele>
        <time>2026-01-21T18:09:12Z</time>
      </trkpt>
      <trkpt lat="33.58851" lon="-117.76854">
        <ele>196.57</ele>
        <time>2026-01-21T18:09:15Z</time>
      </trkpt>
      <trkpt lat="33.58851" lon="-117.7685">
        <ele>196.32</ele>
        <time>2026-01-21T18:09:18Z</time>
      </trkpt>
      <trkpt lat="33.58852" lon="-117.76847">
        <ele>195.4</ele>
        <time>2026-01-21T18:09:21Z</time>
      </trkpt>
      <trkpt lat="33.58852" lon="-117.76843">
        <ele>194.98</ele>
        <time>2026-01-21T18:09:24Z</time>
      </trkpt>
      <trkpt lat="33.58852" lon="-117.7684">
        <ele>194.38</ele>
        <time>2026-01-21T18:09:27Z</time>
      </trkpt>
      <trkpt lat="33.58852" lon="-117.76836">
        <ele>193.53</ele>
        <time>2026-01-21T18:09:30Z</time>
      </trkpt>
      <trkpt lat="33.58851" lon="-117.76832">
        <ele>193.32</ele>
        <time>2026-01-21T18:09:33Z</time>
      </trkpt>
      <trkpt lat="33.58848" lon="-117.76829">
        <ele>193.89</ele>
        <time>2026-01-21T18:09:36Z</time>
      </trkpt>
      <trkpt lat="33.58846" lon="-117.76825">
        <ele>193.25</ele>
        <time>2026-01-21T18:09:39Z</time>
      </trkpt>
      <trkpt lat="33.58844" lon="-117.76822">
        <ele>192.1</ele>
        <time>2026-01-21T18:09:42Z</time>
      </trkpt>
      <trkpt lat="33.58841" lon="-117.7682">
        <ele>191.22</ele>
        <time>2026-01-21T18:09:46Z</time>
      </trkpt>
      <trkpt lat="33.58838" lon="-117.76819">
        <ele>190.86</ele>
        <time>2026-01-21T18:09:51Z</time>
      </trkpt>
      <trkpt lat="33.58836" lon="-117.76817">
        <ele>190.32</ele>
        <time>2026-01-21T18:10:08Z</time>
      </trkpt>
      <trkpt lat="33.58831" lon="-117.76818">
        <ele>190.77</ele>
        <time>2026-01-21T18:11:19Z</time>
      </trkpt>
      <trkpt lat="33.58826" lon="-117.76818">
        <ele>190.96</ele>
        <time>2026-01-21T18:11:21Z</time>
      </trkpt>
      <trkpt lat="33.58821" lon="-117.76818">
        <ele>191.15</ele>
        <time>2026-01-21T18:11:23Z</time>
      </trkpt>
      <trkpt lat="33.58817" lon="-117.76817">
        <ele>190.89</ele>
        <time>2026-01-21T18:11:25Z</time>
      </trkpt>
      <trkpt lat="33.58813" lon="-117.76817">
        <ele>191.09</ele>
        <time>2026-01-21T18:11:28Z</time>
      </trkpt>
      <trkpt lat="33.58809" lon="-117.76817">
        <ele>191.42</ele>
        <time>2026-01-21T18:11:32Z</time>
      </trkpt>
      <trkpt lat="33.58806" lon="-117.76816">
        <ele>191.34</ele>
        <time>2026-01-21T18:11:35Z</time>
      </trkpt>
      <trkpt lat="33.58803" lon="-117.76815">
        <ele>191.34</ele>
        <time>2026-01-21T18:11:38Z</time>
      </trkpt>
      <trkpt lat="33.58804" lon="-117.76811">
        <ele>190.0</ele>
        <time>2026-01-21T18:11:47Z</time>
      </trkpt>
      <trkpt lat="33.58804" lon="-117.76807">
        <ele>188.78</ele>
        <time>2026-01-21T18:11:50Z</time>
      </trkpt>
      <trkpt lat="33.58802" lon="-117.76805">
        <ele>188.65</ele>
        <time>2026-01-21T18:12:56Z</time>
      </trkpt>
      <trkpt lat="33.588" lon="-117.76802">
        <ele>188.43</ele>
        <time>2026-01-21T18:13:00Z</time>
      </trkpt>
      <trkpt lat="33.58797" lon="-117.76798">
        <ele>188.22</ele>
        <time>2026-01-21T18:13:02Z</time>
      </trkpt>
      <trkpt lat="33.58794" lon="-117.76793">
        <ele>187.8</ele>
        <time>2026-01-21T18:13:04Z</time>
      </trkpt>
      <trkpt lat="33.58792" lon="-117.7679">
        <ele>187.47</ele>
        <time>2026-01-21T18:13:06Z</time>
      </trkpt>
      <trkpt lat="33.58789" lon="-117.76787">
        <ele>186.99</ele>
        <time>2026-01-21T18:13:09Z</time>
      </trkpt>
      <trkpt lat="33.58787" lon="-117.76785">
        <ele>186.34</ele>
        <time>2026-01-21T18:13:12Z</time>
      </trkpt>
      <trkpt lat="33.58784" lon="-117.76784">
        <ele>185.69</ele>
        <time>2026-01-21T18:13:16Z</time>
      </trkpt>
      <trkpt lat="33.58781" lon="-117.76784">
        <ele>185.36</ele>
        <time>2026-01-21T18:13:19Z</time>
      </trkpt>
      <trkpt lat="33.58778" lon="-117.76785">
        <ele>185.36</ele>
        <time>2026-01-21T18:13:22Z</time>
      </trkpt>
      <trkpt lat="33.58776" lon="-117.76787">
        <ele>185.03</ele>
        <time>2026-01-21T18:13:25Z</time>
      </trkpt>
      <trkpt lat="33.58773" lon="-117.7679">
        <ele>184.08</ele>
        <time>2026-01-21T18:13:28Z</time>
      </trkpt>
      <trkpt lat="33.58771" lon="-117.76793">
        <ele>184.23</ele>
        <time>2026-01-21T18:13:31Z</time>
      </trkpt>
      <trkpt lat="33.58769" lon="-117.76795">
        <ele>184.52</ele>
        <time>2026-01-21T18:13:34Z</time>
      </trkpt>
      <trkpt lat="33.58766" lon="-117.76797">
        <ele>184.28</ele>
        <time>2026-01-21T18:13:38Z</time>
      </trkpt>
      <trkpt lat="33.58765" lon="-117.768">
        <ele>184.41</ele>
        <time>2026-01-21T18:13:51Z</time>
      </trkpt>
      <trkpt lat="33.58762" lon="-117.76802">
        <ele>183.94</ele>
        <time>2026-01-21T18:13:55Z</time>
      </trkpt>
      <trkpt lat="33.5876" lon="-117.76803">
        <ele>183.63</ele>
        <time>2026-01-21T18:13:58Z</time>
      </trkpt>
      <trkpt lat="33.58757" lon="-117.76804">
        <ele>183.18</ele>
        <time>2026-01-21T18:14:01Z</time>
      </trkpt>
      <trkpt lat="33.58754" lon="-117.76805">
        <ele>182.74</ele>
        <time>2026-01-21T18:14:04Z</time>
      </trkpt>
      <trkpt lat="33.5875" lon="-117.76806">
        <ele>182.24</ele>
        <time>2026-01-21T18:14:07Z</time>
      </trkpt>
      <trkpt lat="33.58747" lon="-117.76805">
        <ele>182.2</ele>
        <time>2026-01-21T18:14:10Z</time>
      </trkpt>
      <trkpt lat="33.58744" lon="-117.76803">
        <ele>182.1</ele>
        <time>2026-01-21T18:14:13Z</time>
      </trkpt>
      <trkpt lat="33.58741" lon="-117.768">
        <ele>181.77</ele>
        <time>2026-01-21T18:14:16Z</time>
      </trkpt>
      <trkpt lat="33.58738" lon="-117.76798">
        <ele>181.48</ele>
        <time>2026-01-21T18:14:19Z</time>
      </trkpt>
      <trkpt lat="33.58734" lon="-117.76796">
        <ele>180.89</ele>
        <time>2026-01-21T18:14:22Z</time>
      </trkpt>
      <trkpt lat="33.58731" lon="-117.76794">
        <ele>180.4</ele>
        <time>2026-01-21T18:14:25Z</time>
      </trkpt>
      <trkpt lat="33.58728" lon="-117.76791">
        <ele>180.2</ele>
        <time>2026-01-21T18:14:28Z</time>
      </trkpt>
      <trkpt lat="33.58725" lon="-117.76789">
        <ele>180.18</ele>
        <time>2026-01-21T18:14:31Z</time>
      </trkpt>
      <trkpt lat="33.58723" lon="-117.76786">
        <ele>179.7</ele>
        <time>2026-01-21T18:14:34Z</time>
      </trkpt>
      <trkpt lat="33.5872" lon="-117.76783">
        <ele>180.21</ele>
        <time>2026-01-21T18:14:37Z</time>
      </trkpt>
      <trkpt lat="33.58717" lon="-117.7678">
        <ele>180.21</ele>
        <time>2026-01-21T18:14:40Z</time>
      </trkpt>
      <trkpt lat="33.58714" lon="-117.76778">
        <ele>179.98</ele>
        <time>2026-01-21T18:14:43Z</time>
      </trkpt>
      <trkpt lat="33.58712" lon="-117.76775">
        <ele>179.25</ele>
        <time>2026-01-21T18:14:46Z</time>
      </trkpt>
      <trkpt lat="33.58709" lon="-117.76772">
        <ele>178.45</ele>
        <time>2026-01-21T18:14:49Z</time>
      </trkpt>
      <trkpt lat="33.58707" lon="-117.7677">
        <ele>177.69</ele>
        <time>2026-01-21T18:14:52Z</time>
      </trkpt>
      <trkpt lat="33.58704" lon="-117.76768">
        <ele>176.77</ele>
        <time>2026-01-21T18:14:55Z</time>
      </trkpt>
      <trkpt lat="33.58702" lon="-117.76766">
        <ele>175.73</ele>
        <time>2026-01-21T18:14:58Z</time>
      </trkpt>
      <trkpt lat="33.58699" lon="-117.76764">
        <ele>174.54</ele>
        <time>2026-01-21T18:15:01Z</time>
      </trkpt>
      <trkpt lat="33.58697" lon="-117.76763">
        <ele>173.89</ele>
        <time>2026-01-21T18:15:04Z</time>
      </trkpt>
      <trkpt lat="33.58693" lon="-117.76764">
        <ele>174.28</ele>
        <time>2026-01-21T18:15:08Z</time>
      </trkpt>
      <trkpt lat="33.5869" lon="-117.76765">
        <ele>175.14</ele>
        <time>2026-01-21T18:15:11Z</time>
      </trkpt>
      <trkpt lat="33.58688" lon="-117.76765">
        <ele>175.44</ele>
        <time>2026-01-21T18:15:14Z</time>
      </trkpt>
      <trkpt lat="33.58685" lon="-117.76764">
        <ele>175.57</ele>
        <time>2026-01-21T18:15:17Z</time>
      </trkpt>
      <trkpt lat="33.58682" lon="-117.76762">
        <ele>175.33</ele>
        <time>2026-01-21T18:15:20Z</time>
      </trkpt>
      <trkpt lat="33.58679" lon="-117.7676">
        <ele>174.96</ele>
        <time>2026-01-21T18:15:23Z</time>
      </trkpt>
      <trkpt lat="33.58676" lon="-117.76757">
        <ele>174.5</ele>
        <time>2026-01-21T18:15:26Z</time>
      </trkpt>
      <trkpt lat="33.58674" lon="-117.76755">
        <ele>174.72</ele>
        <time>2026-01-21T18:15:29Z</time>
      </trkpt>
      <trkpt lat="33.58671" lon="-117.76752">
        <ele>174.73</ele>
        <time>2026-01-21T18:15:32Z</time>
      </trkpt>
      <trkpt lat="33.58668" lon="-117.76749">
        <ele>174.39</ele>
        <time>2026-01-21T18:15:35Z</time>
      </trkpt>
      <trkpt lat="33.58666" lon="-117.76747">
        <ele>174.08</ele>
        <time>2026-01-21T18:15:38Z</time>
      </trkpt>
      <trkpt lat="33.58663" lon="-117.76744">
        <ele>173.2</ele>
        <time>2026-01-21T18:15:41Z</time>
      </trkpt>
      <trkpt lat="33.58661" lon="-117.76742">
        <ele>172.49</ele>
        <time>2026-01-21T18:15:44Z</time>
      </trkpt>
      <trkpt lat="33.58658" lon="-117.76739">
        <ele>171.6</ele>
        <time>2026-01-21T18:15:47Z</time>
      </trkpt>
      <trkpt lat="33.58656" lon="-117.76737">
        <ele>171.37</ele>
        <time>2026-01-21T18:15:50Z</time>
      </trkpt>
      <trkpt lat="33.58653" lon="-117.76735">
        <ele>171.12</ele>
        <time>2026-01-21T18:15:53Z</time>
      </trkpt>
      <trkpt lat="33.5865" lon="-117.76733">
        <ele>170.59</ele>
        <time>2026-01-21T18:15:56Z</time>
      </trkpt>
      <trkpt lat="33.58648" lon="-117.76731">
        <ele>169.84</ele>
        <time>2026-01-21T18:15:59Z</time>
      </trkpt>
      <trkpt lat="33.58645" lon="-117.76729">
        <ele>169.29</ele>
        <time>2026-01-21T18:16:02Z</time>
      </trkpt>
      <trkpt lat="33.58642" lon="-117.76727">
        <ele>168.87</ele>
        <time>2026-01-21T18:16:05Z</time>
      </trkpt>
      <trkpt lat="33.58639" lon="-117.76726">
        <ele>168.81</ele>
        <time>2026-01-21T18:16:08Z</time>
      </trkpt>
      <trkpt lat="33.58636" lon="-117.76724">
        <ele>168.38</ele>
        <time>2026-01-21T18:16:11Z</time>
      </trkpt>
      <trkpt lat="33.58634" lon="-117.76725">
        <ele>168.6</ele>
        <time>2026-01-21T18:16:14Z</time>
      </trkpt>
      <trkpt lat="33.58631" lon="-117.76726">
        <ele>168.82</ele>
        <time>2026-01-21T18:16:17Z</time>
      </trkpt>
      <trkpt lat="33.58628" lon="-117.76726">
        <ele>168.89</ele>
        <time>2026-01-21T18:16:20Z</time>
      </trkpt>
      <trkpt lat="33.58624" lon="-117.76725">
        <ele>168.78</ele>
        <time>2026-01-21T18:16:23Z</time>
      </trkpt>
      <trkpt lat="33.58621" lon="-117.76724">
        <ele>168.56</ele>
        <time>2026-01-21T18:16:25Z</time>
      </trkpt>
      <trkpt lat="33.58618" lon="-117.76723">
        <ele>168.25</ele>
        <time>2026-01-21T18:16:27Z</time>
      </trkpt>
      <trkpt lat="33.58614" lon="-117.76722">
        <ele>167.96</ele>
        <time>2026-01-21T18:16:30Z</time>
      </trkpt>
      <trkpt lat="33.58611" lon="-117.76721">
        <ele>167.88</ele>
        <time>2026-01-21T18:16:33Z</time>
      </trkpt>
      <trkpt lat="33.58607" lon="-117.76719">
        <ele>167.79</ele>
        <time>2026-01-21T18:16:36Z</time>
      </trkpt>
      <trkpt lat="33.58604" lon="-117.76718">
        <ele>167.61</ele>
        <time>2026-01-21T18:16:39Z</time>
      </trkpt>
      <trkpt lat="33.58602" lon="-117.76716">
        <ele>166.99</ele>
        <time>2026-01-21T18:16:42Z</time>
      </trkpt>
      <trkpt lat="33.58599" lon="-117.76713">
        <ele>166.63</ele>
        <time>2026-01-21T18:16:45Z</time>
      </trkpt>
      <trkpt lat="33.58596" lon="-117.76711">
        <ele>166.92</ele>
        <time>2026-01-21T18:16:48Z</time>
      </trkpt>
      <trkpt lat="33.58594" lon="-117.76709">
        <ele>166.91</ele>
        <time>2026-01-21T18:16:51Z</time>
      </trkpt>
      <trkpt lat="33.58592" lon="-117.76706">
        <ele>166.61</ele>
        <time>2026-01-21T18:16:54Z</time>
      </trkpt>
      <trkpt lat="33.58591" lon="-117.76701">
        <ele>166.05</ele>
        <time>2026-01-21T18:16:57Z</time>
      </trkpt>
      <trkpt lat="33.58591" lon="-117.76697">
        <ele>165.62</ele>
        <time>2026-01-21T18:16:59Z</time>
      </trkpt>
      <trkpt lat="33.58592" lon="-117.76694">
        <ele>165.04</ele>
        <time>2026-01-21T18:17:01Z</time>
      </trkpt>
      <trkpt lat="33.58591" lon="-117.76689">
        <ele>164.27</ele>
        <time>2026-01-21T18:17:04Z</time>
      </trkpt>
      <trkpt lat="33.5859" lon="-117.76685">
        <ele>163.84</ele>
        <time>2026-01-21T18:17:07Z</time>
      </trkpt>
      <trkpt lat="33.58589" lon="-117.76681">
        <ele>164.16</ele>
        <time>2026-01-21T18:17:10Z</time>
      </trkpt>
      <trkpt lat="33.58589" lon="-117.76677">
        <ele>164.16</ele>
        <time>2026-01-21T18:17:13Z</time>
      </trkpt>
      <trkpt lat="33.58588" lon="-117.76674">
        <ele>164.28</ele>
        <time>2026-01-21T18:17:16Z</time>
      </trkpt>
      <trkpt lat="33.58587" lon="-117.7667">
        <ele>164.17</ele>
        <time>2026-01-21T18:17:19Z</time>
      </trkpt>
      <trkpt lat="33.58587" lon="-117.76666">
        <ele>163.74</ele>
        <time>2026-01-21T18:17:22Z</time>
      </trkpt>
      <trkpt lat="33.58587" lon="-117.76663">
        <ele>163.42</ele>
        <time>2026-01-21T18:17:25Z</time>
      </trkpt>
      <trkpt lat="33.58586" lon="-117.76659">
        <ele>163.31</ele>
        <time>2026-01-21T18:17:28Z</time>
      </trkpt>
      <trkpt lat="33.58586" lon="-117.76656">
        <ele>162.88</ele>
        <time>2026-01-21T18:17:31Z</time>
      </trkpt>
      <trkpt lat="33.58585" lon="-117.76652">
        <ele>162.4</ele>
        <time>2026-01-21T18:17:34Z</time>
      </trkpt>
      <trkpt lat="33.58585" lon="-117.76648">
        <ele>161.61</ele>
        <time>2026-01-21T18:17:37Z</time>
      </trkpt>
      <trkpt lat="33.58585" lon="-117.76645">
        <ele>160.9</ele>
        <time>2026-01-21T18:17:40Z</time>
      </trkpt>
      <trkpt lat="33.58584" lon="-117.76641">
        <ele>160.26</ele>
        <time>2026-01-21T18:17:43Z</time>
      </trkpt>
      <trkpt lat="33.58584" lon="-117.76638">
        <ele>159.59</ele>
        <time>2026-01-21T18:17:46Z</time>
      </trkpt>
      <trkpt lat="33.58583" lon="-117.76634">
        <ele>159.12</ele>
        <time>2026-01-21T18:17:49Z</time>
      </trkpt>
      <trkpt lat="33.58583" lon="-117.76631">
        <ele>158.48</ele>
        <time>2026-01-21T18:17:52Z</time>
      </trkpt>
      <trkpt lat="33.58582" lon="-117.76627">
        <ele>158.52</ele>
        <time>2026-01-21T18:17:55Z</time>
      </trkpt>
      <trkpt lat="33.58581" lon="-117.76623">
        <ele>158.36</ele>
        <time>2026-01-21T18:17:58Z</time>
      </trkpt>
      <trkpt lat="33.5858" lon="-117.7662">
        <ele>157.87</ele>
        <time>2026-01-21T18:18:01Z</time>
      </trkpt>
      <trkpt lat="33.58578" lon="-117.76616">
        <ele>156.66</ele>
        <time>2026-01-21T18:18:04Z</time>
      </trkpt>
      <trkpt lat="33.58575" lon="-117.76614">
        <ele>156.49</ele>
        <time>2026-01-21T18:18:06Z</time>
      </trkpt>
      <trkpt lat="33.58573" lon="-117.76612">
        <ele>156.21</ele>
        <time>2026-01-21T18:18:08Z</time>
      </trkpt>
      <trkpt lat="33.5857" lon="-117.76609">
        <ele>154.83</ele>
        <time>2026-01-21T18:18:11Z</time>
      </trkpt>
      <trkpt lat="33.58567" lon="-117.7661">
        <ele>155.46</ele>
        <time>2026-01-21T18:18:14Z</time>
      </trkpt>
      <trkpt lat="33.58564" lon="-117.76612">
        <ele>156.38</ele>
        <time>2026-01-21T18:18:17Z</time>
      </trkpt>
      <trkpt lat="33.58561" lon="-117.76611">
        <ele>155.96</ele>
        <time>2026-01-21T18:18:20Z</time>
      </trkpt>
      <trkpt lat="33.58559" lon="-117.7661">
        <ele>155.6</ele>
        <time>2026-01-21T18:18:23Z</time>
      </trkpt>
      <trkpt lat="33.58556" lon="-117.76608">
        <ele>154.98</ele>
        <time>2026-01-21T18:18:26Z</time>
      </trkpt>
      <trkpt lat="33.58554" lon="-117.76605">
        <ele>154.19</ele>
        <time>2026-01-21T18:18:44Z</time>
      </trkpt>
      <trkpt lat="33.58551" lon="-117.76605">
        <ele>154.51</ele>
        <time>2026-01-21T18:18:48Z</time>
      </trkpt>
      <trkpt lat="33.58548" lon="-117.76604">
        <ele>154.51</ele>
        <time>2026-01-21T18:18:51Z</time>
      </trkpt>
      <trkpt lat="33.58545" lon="-117.76603">
        <ele>154.63</ele>
        <time>2026-01-21T18:18:54Z</time>
      </trkpt>
      <trkpt lat="33.58543" lon="-117.766">
        <ele>153.85</ele>
        <time>2026-01-21T18:18:57Z</time>
      </trkpt>
      <trkpt lat="33.58541" lon="-117.76597">
        <ele>153.12</ele>
        <time>2026-01-21T18:18:59Z</time>
      </trkpt>
      <trkpt lat="33.58539" lon="-117.76595">
        <ele>153.04</ele>
        <time>2026-01-21T18:19:01Z</time>
      </trkpt>
      <trkpt lat="33.58537" lon="-117.76591">
        <ele>152.66</ele>
        <time>2026-01-21T18:19:04Z</time>
      </trkpt>
      <trkpt lat="33.58535" lon="-117.76588">
        <ele>152.56</ele>
        <time>2026-01-21T18:19:07Z</time>
      </trkpt>
      <trkpt lat="33.58532" lon="-117.76585">
        <ele>152.89</ele>
        <time>2026-01-21T18:19:10Z</time>
      </trkpt>
      <trkpt lat="33.58531" lon="-117.76582">
        <ele>152.62</ele>
        <time>2026-01-21T18:19:13Z</time>
      </trkpt>
      <trkpt lat="33.58529" lon="-117.76579">
        <ele>152.32</ele>
        <time>2026-01-21T18:19:16Z</time>
      </trkpt>
      <trkpt lat="33.58527" lon="-117.76576">
        <ele>151.62</ele>
        <time>2026-01-21T18:19:19Z</time>
      </trkpt>
      <trkpt lat="33.58524" lon="-117.76573">
        <ele>150.65</ele>
        <time>2026-01-21T18:19:23Z</time>
      </trkpt>
      <trkpt lat="33.58522" lon="-117.76571">
        <ele>150.0</ele>
        <time>2026-01-21T18:19:26Z</time>
      </trkpt>
      <trkpt lat="33.5852" lon="-117.76569">
        <ele>149.36</ele>
        <time>2026-01-21T18:19:29Z</time>
      </trkpt>
      <trkpt lat="33.58517" lon="-117.76568">
        <ele>149.08</ele>
        <time>2026-01-21T18:19:33Z</time>
      </trkpt>
      <trkpt lat="33.58513" lon="-117.76566">
        <ele>148.83</ele>
        <time>2026-01-21T18:19:37Z</time>
      </trkpt>
      <trkpt lat="33.58511" lon="-117.76565">
        <ele>148.84</ele>
        <time>2026-01-21T18:19:40Z</time>
      </trkpt>
      <trkpt lat="33.58507" lon="-117.76566">
        <ele>148.92</ele>
        <time>2026-01-21T18:19:44Z</time>
      </trkpt>
      <trkpt lat="33.58505" lon="-117.76568">
        <ele>149.04</ele>
        <time>2026-01-21T18:19:47Z</time>
      </trkpt>
      <trkpt lat="33.58502" lon="-117.76568">
        <ele>148.83</ele>
        <time>2026-01-21T18:19:50Z</time>
      </trkpt>
      <trkpt lat="33.58499" lon="-117.76567">
        <ele>148.36</ele>
        <time>2026-01-21T18:19:53Z</time>
      </trkpt>
      <trkpt lat="33.58496" lon="-117.76566">
        <ele>147.82</ele>
        <time>2026-01-21T18:19:56Z</time>
      </trkpt>
      <trkpt lat="33.58494" lon="-117.76564">
        <ele>147.17</ele>
        <time>2026-01-21T18:19:59Z</time>
      </trkpt>
      <trkpt lat="33.58491" lon="-117.76562">
        <ele>146.7</ele>
        <time>2026-01-21T18:20:02Z</time>
      </trkpt>
      <trkpt lat="33.58489" lon="-117.76559">
        <ele>146.18</ele>
        <time>2026-01-21T18:20:05Z</time>
      </trkpt>
      <trkpt lat="33.58486" lon="-117.76557">
        <ele>145.64</ele>
        <time>2026-01-21T18:20:08Z</time>
      </trkpt>
      <trkpt lat="33.58484" lon="-117.76554">
        <ele>145.01</ele>
        <time>2026-01-21T18:20:11Z</time>
      </trkpt>
      <trkpt lat="33.58482" lon="-117.76551">
        <ele>144.51</ele>
        <time>2026-01-21T18:20:14Z</time>
      </trkpt>
      <trkpt lat="33.58479" lon="-117.76549">
        <ele>143.83</ele>
        <time>2026-01-21T18:20:17Z</time>
      </trkpt>
      <trkpt lat="33.58477" lon="-117.76546">
        <ele>143.02</ele>
        <time>2026-01-21T18:20:20Z</time>
      </trkpt>
      <trkpt lat="33.58475" lon="-117.76544">
        <ele>142.53</ele>
        <time>2026-01-21T18:20:23Z</time>
      </trkpt>
      <trkpt lat="33.58472" lon="-117.76542">
        <ele>141.98</ele>
        <time>2026-01-21T18:20:26Z</time>
      </trkpt>
      <trkpt lat="33.5847" lon="-117.7654">
        <ele>141.76</ele>
        <time>2026-01-21T18:20:29Z</time>
      </trkpt>
      <trkpt lat="33.58467" lon="-117.76538">
        <ele>141.44</ele>
        <time>2026-01-21T18:20:32Z</time>
      </trkpt>
      <trkpt lat="33.58465" lon="-117.76537">
        <ele>141.22</ele>
        <time>2026-01-21T18:20:35Z</time>
      </trkpt>
      <trkpt lat="33.58461" lon="-117.76538">
        <ele>140.77</ele>
        <time>2026-01-21T18:20:39Z</time>
      </trkpt>
      <trkpt lat="33.58459" lon="-117.76541">
        <ele>140.39</ele>
        <time>2026-01-21T18:20:42Z</time>
      </trkpt>
      <trkpt lat="33.58457" lon="-117.76543">
        <ele>139.94</ele>
        <time>2026-01-21T18:20:45Z</time>
      </trkpt>
      <trkpt lat="33.58453" lon="-117.76544">
        <ele>139.1</ele>
        <time>2026-01-21T18:20:49Z</time>
      </trkpt>
      <trkpt lat="33.5845" lon="-117.76544">
        <ele>138.45</ele>
        <time>2026-01-21T18:20:53Z</time>
      </trkpt>
      <trkpt lat="33.58447" lon="-117.76544">
        <ele>137.8</ele>
        <time>2026-01-21T18:20:57Z</time>
      </trkpt>
      <trkpt lat="33.58445" lon="-117.76544">
        <ele>137.37</ele>
        <time>2026-01-21T18:21:03Z</time>
      </trkpt>
      <trkpt lat="33.58442" lon="-117.76545">
        <ele>136.38</ele>
        <time>2026-01-21T18:21:10Z</time>
      </trkpt>
      <trkpt lat="33.58439" lon="-117.76545">
        <ele>135.46</ele>
        <time>2026-01-21T18:21:15Z</time>
      </trkpt>
      <trkpt lat="33.58436" lon="-117.76545">
        <ele>134.53</ele>
        <time>2026-01-21T18:21:19Z</time>
      </trkpt>
      <trkpt lat="33.58433" lon="-117.76545">
        <ele>133.98</ele>
        <time>2026-01-21T18:21:22Z</time>
      </trkpt>
      <trkpt lat="33.5843" lon="-117.76545">
        <ele>133.56</ele>
        <time>2026-01-21T18:21:26Z</time>
      </trkpt>
      <trkpt lat="33.58427" lon="-117.76544">
        <ele>133.17</ele>
        <time>2026-01-21T18:21:31Z</time>
      </trkpt>
      <trkpt lat="33.58424" lon="-117.76544">
        <ele>132.58</ele>
        <time>2026-01-21T18:21:35Z</time>
      </trkpt>
      <trkpt lat="33.58422" lon="-117.76543">
        <ele>132.15</ele>
        <time>2026-01-21T18:21:39Z</time>
      </trkpt>
      <trkpt lat="33.58419" lon="-117.7654">
        <ele>131.5</ele>
        <time>2026-01-21T18:21:42Z</time>
      </trkpt>
      <trkpt lat="33.58417" lon="-117.76538">
        <ele>131.07</ele>
        <time>2026-01-21T18:21:45Z</time>
      </trkpt>
      <trkpt lat="33.58414" lon="-117.76536">
        <ele>130.17</ele>
        <time>2026-01-21T18:21:48Z</time>
      </trkpt>
      <trkpt lat="33.58412" lon="-117.76535">
        <ele>129.6</ele>
        <time>2026-01-21T18:21:51Z</time>
      </trkpt>
      <trkpt lat="33.58409" lon="-117.76534">
        <ele>128.79</ele>
        <time>2026-01-21T18:21:54Z</time>
      </trkpt>
      <trkpt lat="33.58406" lon="-117.76534">
        <ele>128.02</ele>
        <time>2026-01-21T18:21:57Z</time>
      </trkpt>
      <trkpt lat="33.58403" lon="-117.76533">
        <ele>127.48</ele>
        <time>2026-01-21T18:21:59Z</time>
      </trkpt>
      <trkpt lat="33.584" lon="-117.76532">
        <ele>126.94</ele>
        <time>2026-01-21T18:22:01Z</time>
      </trkpt>
      <trkpt lat="33.58396" lon="-117.76532">
        <ele>126.19</ele>
        <time>2026-01-21T18:22:04Z</time>
      </trkpt>
      <trkpt lat="33.58393" lon="-117.76531">
        <ele>125.73</ele>
        <time>2026-01-21T18:22:07Z</time>
      </trkpt>
      <trkpt lat="33.5839" lon="-117.76531">
        <ele>125.2</ele>
        <time>2026-01-21T18:22:10Z</time>
      </trkpt>
      <trkpt lat="33.58387" lon="-117.7653">
        <ele>124.49</ele>
        <time>2026-01-21T18:22:13Z</time>
      </trkpt>
      <trkpt lat="33.58384" lon="-117.76529">
        <ele>123.56</ele>
        <time>2026-01-21T18:22:17Z</time>
      </trkpt>
      <trkpt lat="33.58381" lon="-117.76528">
        <ele>122.48</ele>
        <time>2026-01-21T18:22:21Z</time>
      </trkpt>
      <trkpt lat="33.58378" lon="-117.76527">
        <ele>121.89</ele>
        <time>2026-01-21T18:22:25Z</time>
      </trkpt>
      <trkpt lat="33.58375" lon="-117.76527">
        <ele>121.54</ele>
        <time>2026-01-21T18:22:29Z</time>
      </trkpt>
      <trkpt lat="33.58372" lon="-117.76526">
        <ele>121.21</ele>
        <time>2026-01-21T18:22:33Z</time>
      </trkpt>
      <trkpt lat="33.58369" lon="-117.76525">
        <ele>120.85</ele>
        <time>2026-01-21T18:22:36Z</time>
      </trkpt>
      <trkpt lat="33.58366" lon="-117.76525">
        <ele>120.53</ele>
        <time>2026-01-21T18:22:39Z</time>
      </trkpt>
      <trkpt lat="33.58364" lon="-117.76524">
        <ele>120.31</ele>
        <time>2026-01-21T18:22:42Z</time>
      </trkpt>
      <trkpt lat="33.58361" lon="-117.76523">
        <ele>119.98</ele>
        <time>2026-01-21T18:22:45Z</time>
      </trkpt>
      <trkpt lat="33.58358" lon="-117.76522">
        <ele>119.24</ele>
        <time>2026-01-21T18:22:48Z</time>
      </trkpt>
      <trkpt lat="33.58355" lon="-117.76521">
        <ele>118.37</ele>
        <time>2026-01-21T18:22:51Z</time>
      </trkpt>
      <trkpt lat="33.58353" lon="-117.7652">
        <ele>117.65</ele>
        <time>2026-01-21T18:22:54Z</time>
      </trkpt>
      <trkpt lat="33.5835" lon="-117.76519">
        <ele>116.89</ele>
        <time>2026-01-21T18:22:57Z</time>
      </trkpt>
      <trkpt lat="33.58348" lon="-117.76518">
        <ele>116.64</ele>
        <time>2026-01-21T18:23:00Z</time>
      </trkpt>
      <trkpt lat="33.58345" lon="-117.76517">
        <ele>116.42</ele>
        <time>2026-01-21T18:23:04Z</time>
      </trkpt>
      <trkpt lat="33.58341" lon="-117.76515">
        <ele>116.04</ele>
        <time>2026-01-21T18:23:08Z</time>
      </trkpt>
      <trkpt lat="33.58338" lon="-117.76514">
        <ele>115.5</ele>
        <time>2026-01-21T18:23:12Z</time>
      </trkpt>
      <trkpt lat="33.58335" lon="-117.76512">
        <ele>115.06</ele>
        <time>2026-01-21T18:23:16Z</time>
      </trkpt>
      <trkpt lat="33.58332" lon="-117.76511">
        <ele>114.55</ele>
        <time>2026-01-21T18:23:20Z</time>
      </trkpt>
      <trkpt lat="33.58329" lon="-117.7651">
        <ele>114.02</ele>
        <time>2026-01-21T18:23:24Z</time>
      </trkpt>
      <trkpt lat="33.58325" lon="-117.76509">
        <ele>113.23</ele>
        <time>2026-01-21T18:23:28Z</time>
      </trkpt>
      <trkpt lat="33.58322" lon="-117.76508">
        <ele>112.49</ele>
        <time>2026-01-21T18:23:32Z</time>
      </trkpt>
      <trkpt lat="33.58319" lon="-117.76508">
        <ele>111.57</ele>
        <time>2026-01-21T18:23:35Z</time>
      </trkpt>
      <trkpt lat="33.58316" lon="-117.76507">
        <ele>110.84</ele>
        <time>2026-01-21T18:23:39Z</time>
      </trkpt>
      <trkpt lat="33.58313" lon="-117.76506">
        <ele>110.44</ele>
        <time>2026-01-21T18:23:43Z</time>
      </trkpt>
      <trkpt lat="33.58309" lon="-117.76506">
        <ele>109.85</ele>
        <time>2026-01-21T18:23:47Z</time>
      </trkpt>
      <trkpt lat="33.58307" lon="-117.76507">
        <ele>109.44</ele>
        <time>2026-01-21T18:23:50Z</time>
      </trkpt>
      <trkpt lat="33.58304" lon="-117.7651">
        <ele>108.67</ele>
        <time>2026-01-21T18:23:53Z</time>
      </trkpt>
      <trkpt lat="33.58301" lon="-117.76511">
        <ele>108.13</ele>
        <time>2026-01-21T18:23:56Z</time>
      </trkpt>
      <trkpt lat="33.58299" lon="-117.76511">
        <ele>107.92</ele>
        <time>2026-01-21T18:23:59Z</time>
      </trkpt>
      <trkpt lat="33.58296" lon="-117.76511">
        <ele>107.56</ele>
        <time>2026-01-21T18:24:02Z</time>
      </trkpt>
      <trkpt lat="33.58293" lon="-117.7651">
        <ele>107.13</ele>
        <time>2026-01-21T18:24:05Z</time>
      </trkpt>
      <trkpt lat="33.5829" lon="-117.7651">
        <ele>106.48</ele>
        <time>2026-01-21T18:24:08Z</time>
      </trkpt>
      <trkpt lat="33.58288" lon="-117.76509">
        <ele>106.29</ele>
        <time>2026-01-21T18:24:11Z</time>
      </trkpt>
      <trkpt lat="33.58285" lon="-117.76508">
        <ele>105.88</ele>
        <time>2026-01-21T18:24:14Z</time>
      </trkpt>
      <trkpt lat="33.58282" lon="-117.76507">
        <ele>105.25</ele>
        <time>2026-01-21T18:24:17Z</time>
      </trkpt>
      <trkpt lat="33.5828" lon="-117.76505">
        <ele>104.81</ele>
        <time>2026-01-21T18:24:20Z</time>
      </trkpt>
      <trkpt lat="33.58277" lon="-117.76502">
        <ele>103.86</ele>
        <time>2026-01-21T18:24:23Z</time>
      </trkpt>
      <trkpt lat="33.58275" lon="-117.76498">
        <ele>104.07</ele>
        <time>2026-01-21T18:24:25Z</time>
      </trkpt>
      <trkpt lat="33.58274" lon="-117.76495">
        <ele>104.45</ele>
        <time>2026-01-21T18:24:27Z</time>
      </trkpt>
      <trkpt lat="33.58271" lon="-117.76492">
        <ele>104.36</ele>
        <time>2026-01-21T18:24:30Z</time>
      </trkpt>
      <trkpt lat="33.58268" lon="-117.76491">
        <ele>103.92</ele>
        <time>2026-01-21T18:24:33Z</time>
      </trkpt>
      <trkpt lat="33.58266" lon="-117.7649">
        <ele>103.65</ele>
        <time>2026-01-21T18:24:36Z</time>
      </trkpt>
      <trkpt lat="33.58263" lon="-117.76491">
        <ele>103.38</ele>
        <time>2026-01-21T18:24:39Z</time>
      </trkpt>
      <trkpt lat="33.5826" lon="-117.76493">
        <ele>102.84</ele>
        <time>2026-01-21T18:24:42Z</time>
      </trkpt>
      <trkpt lat="33.58257" lon="-117.76496">
        <ele>101.98</ele>
        <time>2026-01-21T18:24:45Z</time>
      </trkpt>
      <trkpt lat="33.58255" lon="-117.76498">
        <ele>101.56</ele>
        <time>2026-01-21T18:24:48Z</time>
      </trkpt>
      <trkpt lat="33.58252" lon="-117.765">
        <ele>101.22</ele>
        <time>2026-01-21T18:24:51Z</time>
      </trkpt>
      <trkpt lat="33.58249" lon="-117.76502">
        <ele>100.48</ele>
        <time>2026-01-21T18:24:54Z</time>
      </trkpt>
      <trkpt lat="33.58246" lon="-117.76503">
        <ele>100.06</ele>
        <time>2026-01-21T18:24:57Z</time>
      </trkpt>
      <trkpt lat="33.58243" lon="-117.76505">
        <ele>99.57</ele>
        <time>2026-01-21T18:25:00Z</time>
      </trkpt>
      <trkpt lat="33.58241" lon="-117.76506">
        <ele>99.36</ele>
        <time>2026-01-21T18:25:03Z</time>
      </trkpt>
      <trkpt lat="33.58238" lon="-117.76506">
        <ele>98.76</ele>
        <time>2026-01-21T18:25:06Z</time>
      </trkpt>
      <trkpt lat="33.58234" lon="-117.76507">
        <ele>97.79</ele>
        <time>2026-01-21T18:25:10Z</time>
      </trkpt>
      <trkpt lat="33.5823" lon="-117.76506">
        <ele>96.93</ele>
        <time>2026-01-21T18:25:14Z</time>
      </trkpt>
      <trkpt lat="33.58227" lon="-117.76506">
        <ele>96.07</ele>
        <time>2026-01-21T18:25:18Z</time>
      </trkpt>
      <trkpt lat="33.58223" lon="-117.76505">
        <ele>95.13</ele>
        <time>2026-01-21T18:25:22Z</time>
      </trkpt>
      <trkpt lat="33.5822" lon="-117.76504">
        <ele>94.24</ele>
        <time>2026-01-21T18:25:26Z</time>
      </trkpt>
      <trkpt lat="33.58216" lon="-117.76503">
        <ele>93.14</ele>
        <time>2026-01-21T18:25:30Z</time>
      </trkpt>
      <trkpt lat="33.58212" lon="-117.76502">
        <ele>92.39</ele>
        <time>2026-01-21T18:25:34Z</time>
      </trkpt>
      <trkpt lat="33.58209" lon="-117.76501">
        <ele>92.07</ele>
        <time>2026-01-21T18:25:38Z</time>
      </trkpt>
      <trkpt lat="33.58205" lon="-117.76499">
        <ele>91.62</ele>
        <time>2026-01-21T18:25:42Z</time>
      </trkpt>
      <trkpt lat="33.58202" lon="-117.76499">
        <ele>90.64</ele>
        <time>2026-01-21T18:25:46Z</time>
      </trkpt>
      <trkpt lat="33.582" lon="-117.76497">
        <ele>90.32</ele>
        <time>2026-01-21T18:25:58Z</time>
      </trkpt>
      <trkpt lat="33.58197" lon="-117.76496">
        <ele>89.38</ele>
        <time>2026-01-21T18:26:02Z</time>
      </trkpt>
      <trkpt lat="33.58194" lon="-117.76495">
        <ele>88.45</ele>
        <time>2026-01-21T18:26:05Z</time>
      </trkpt>
      <trkpt lat="33.5819" lon="-117.76494">
        <ele>87.83</ele>
        <time>2026-01-21T18:26:08Z</time>
      </trkpt>
      <trkpt lat="33.58187" lon="-117.76491">
        <ele>88.12</ele>
        <time>2026-01-21T18:26:11Z</time>
      </trkpt>
      <trkpt lat="33.58185" lon="-117.76488">
        <ele>88.26</ele>
        <time>2026-01-21T18:26:13Z</time>
      </trkpt>
      <trkpt lat="33.58183" lon="-117.76486">
        <ele>88.04</ele>
        <time>2026-01-21T18:26:15Z</time>
      </trkpt>
      <trkpt lat="33.5818" lon="-117.76484">
        <ele>87.61</ele>
        <time>2026-01-21T18:26:18Z</time>
      </trkpt>
      <trkpt lat="33.58177" lon="-117.76482">
        <ele>87.18</ele>
        <time>2026-01-21T18:26:21Z</time>
      </trkpt>
      <trkpt lat="33.58174" lon="-117.7648">
        <ele>86.2</ele>
        <time>2026-01-21T18:26:24Z</time>
      </trkpt>
      <trkpt lat="33.58172" lon="-117.76478">
        <ele>85.5</ele>
        <time>2026-01-21T18:26:27Z</time>
      </trkpt>
      <trkpt lat="33.58169" lon="-117.76476">
        <ele>85.06</ele>
        <time>2026-01-21T18:26:30Z</time>
      </trkpt>
      <trkpt lat="33.58166" lon="-117.76474">
        <ele>84.83</ele>
        <time>2026-01-21T18:26:33Z</time>
      </trkpt>
      <trkpt lat="33.58164" lon="-117.76472">
        <ele>84.36</ele>
        <time>2026-01-21T18:26:36Z</time>
      </trkpt>
      <trkpt lat="33.58161" lon="-117.76469">
        <ele>82.94</ele>
        <time>2026-01-21T18:26:40Z</time>
      </trkpt>
      <trkpt lat="33.58158" lon="-117.76467">
        <ele>81.96</ele>
        <time>2026-01-21T18:26:44Z</time>
      </trkpt>
      <trkpt lat="33.58155" lon="-117.76466">
        <ele>81.31</ele>
        <time>2026-01-21T18:26:48Z</time>
      </trkpt>
      <trkpt lat="33.58152" lon="-117.76465">
        <ele>80.73</ele>
        <time>2026-01-21T18:26:52Z</time>
      </trkpt>
      <trkpt lat="33.58149" lon="-117.76464">
        <ele>80.21</ele>
        <time>2026-01-21T18:26:56Z</time>
      </trkpt>
      <trkpt lat="33.58146" lon="-117.76465">
        <ele>80.12</ele>
        <time>2026-01-21T18:27:00Z</time>
      </trkpt>
      <trkpt lat="33.58143" lon="-117.76468">
        <ele>79.94</ele>
        <time>2026-01-21T18:27:03Z</time>
      </trkpt>
      <trkpt lat="33.58141" lon="-117.7647">
        <ele>79.59</ele>
        <time>2026-01-21T18:27:06Z</time>
      </trkpt>
      <trkpt lat="33.58138" lon="-117.7647">
        <ele>79.07</ele>
        <time>2026-01-21T18:27:10Z</time>
      </trkpt>
      <trkpt lat="33.58134" lon="-117.7647">
        <ele>78.31</ele>
        <time>2026-01-21T18:27:14Z</time>
      </trkpt>
      <trkpt lat="33.58131" lon="-117.76471">
        <ele>77.54</ele>
        <time>2026-01-21T18:27:17Z</time>
      </trkpt>
      <trkpt lat="33.58128" lon="-117.76471">
        <ele>77.26</ele>
        <time>2026-01-21T18:27:20Z</time>
      </trkpt>
      <trkpt lat="33.58125" lon="-117.76472">
        <ele>77.05</ele>
        <time>2026-01-21T18:27:23Z</time>
      </trkpt>
      <trkpt lat="33.58121" lon="-117.76472">
        <ele>77.05</ele>
        <time>2026-01-21T18:27:26Z</time>
      </trkpt>
      <trkpt lat="33.58117" lon="-117.76472">
        <ele>77.03</ele>
        <time>2026-01-21T18:27:28Z</time>
      </trkpt>
      <trkpt lat="33.58113" lon="-117.76472">
        <ele>77.01</ele>
        <time>2026-01-21T18:27:30Z</time>
      </trkpt>
      <trkpt lat="33.5811" lon="-117.76472">
        <ele>77.12</ele>
        <time>2026-01-21T18:27:32Z</time>
      </trkpt>
      <trkpt lat="33.58107" lon="-117.76472">
        <ele>77.43</ele>
        <time>2026-01-21T18:27:35Z</time>
      </trkpt>
      <trkpt lat="33.58104" lon="-117.7647">
        <ele>77.58</ele>
        <time>2026-01-21T18:27:38Z</time>
      </trkpt>
      <trkpt lat="33.58102" lon="-117.76468">
        <ele>77.54</ele>
        <time>2026-01-21T18:27:40Z</time>
      </trkpt>
      <trkpt lat="33.58099" lon="-117.76465">
        <ele>77.42</ele>
        <time>2026-01-21T18:27:43Z</time>
      </trkpt>
      <trkpt lat="33.58097" lon="-117.76462">
        <ele>76.85</ele>
        <time>2026-01-21T18:27:45Z</time>
      </trkpt>
      <trkpt lat="33.58094" lon="-117.7646">
        <ele>76.63</ele>
        <time>2026-01-21T18:27:48Z</time>
      </trkpt>
      <trkpt lat="33.58092" lon="-117.76457">
        <ele>76.4</ele>
        <time>2026-01-21T18:27:51Z</time>
      </trkpt>
      <trkpt lat="33.58089" lon="-117.76454">
        <ele>76.06</ele>
        <time>2026-01-21T18:27:54Z</time>
      </trkpt>
      <trkpt lat="33.58086" lon="-117.76451">
        <ele>76.0</ele>
        <time>2026-01-21T18:27:57Z</time>
      </trkpt>
      <trkpt lat="33.58083" lon="-117.76449">
        <ele>76.04</ele>
        <time>2026-01-21T18:28:00Z</time>
      </trkpt>
      <trkpt lat="33.58081" lon="-117.76446">
        <ele>76.08</ele>
        <time>2026-01-21T18:28:03Z</time>
      </trkpt>
      <trkpt lat="33.58078" lon="-117.76444">
        <ele>75.97</ele>
        <time>2026-01-21T18:28:06Z</time>
      </trkpt>
      <trkpt lat="33.58075" lon="-117.76442">
        <ele>75.76</ele>
        <time>2026-01-21T18:28:09Z</time>
      </trkpt>
      <trkpt lat="33.58072" lon="-117.7644">
        <ele>75.63</ele>
        <time>2026-01-21T18:28:12Z</time>
      </trkpt>
      <trkpt lat="33.58069" lon="-117.76438">
        <ele>75.69</ele>
        <time>2026-01-21T18:28:15Z</time>
      </trkpt>
      <trkpt lat="33.58066" lon="-117.76436">
        <ele>75.88</ele>
        <time>2026-01-21T18:28:18Z</time>
      </trkpt>
      <trkpt lat="33.58063" lon="-117.76434">
        <ele>75.7</ele>
        <time>2026-01-21T18:28:21Z</time>
      </trkpt>
      <trkpt lat="33.5806" lon="-117.76432">
        <ele>75.31</ele>
        <time>2026-01-21T18:28:24Z</time>
      </trkpt>
      <trkpt lat="33.58057" lon="-117.76431">
        <ele>75.09</ele>
        <time>2026-01-21T18:28:27Z</time>
      </trkpt>
      <trkpt lat="33.58054" lon="-117.76429">
        <ele>75.22</ele>
        <time>2026-01-21T18:28:30Z</time>
      </trkpt>
      <trkpt lat="33.58052" lon="-117.76427">
        <ele>75.18</ele>
        <time>2026-01-21T18:28:33Z</time>
      </trkpt>
      <trkpt lat="33.58049" lon="-117.76424">
        <ele>74.79</ele>
        <time>2026-01-21T18:28:36Z</time>
      </trkpt>
      <trkpt lat="33.58047" lon="-117.76422">
        <ele>74.58</ele>
        <time>2026-01-21T18:28:39Z</time>
      </trkpt>
      <trkpt lat="33.58045" lon="-117.76419">
        <ele>74.43</ele>
        <time>2026-01-21T18:28:42Z</time>
      </trkpt>
      <trkpt lat="33.58045" lon="-117.76416">
        <ele>74.13</ele>
        <time>2026-01-21T18:28:46Z</time>
      </trkpt>
      <trkpt lat="33.58045" lon="-117.76412">
        <ele>74.07</ele>
        <time>2026-01-21T18:28:50Z</time>
      </trkpt>
      <trkpt lat="33.58044" lon="-117.76408">
        <ele>74.02</ele>
        <time>2026-01-21T18:28:53Z</time>
      </trkpt>
      <trkpt lat="33.58044" lon="-117.76404">
        <ele>74.0</ele>
        <time>2026-01-21T18:28:55Z</time>
      </trkpt>
      <trkpt lat="33.58043" lon="-117.764">
        <ele>74.0</ele>
        <time>2026-01-21T18:28:57Z</time>
      </trkpt>
      <trkpt lat="33.58042" lon="-117.76397">
        <ele>73.94</ele>
        <time>2026-01-21T18:28:59Z</time>
      </trkpt>
      <trkpt lat="33.58041" lon="-117.76392">
        <ele>73.62</ele>
        <time>2026-01-21T18:29:02Z</time>
      </trkpt>
      <trkpt lat="33.58039" lon="-117.76389">
        <ele>73.22</ele>
        <time>2026-01-21T18:29:05Z</time>
      </trkpt>
      <trkpt lat="33.58038" lon="-117.76386">
        <ele>73.07</ele>
        <time>2026-01-21T18:29:08Z</time>
      </trkpt>
      <trkpt lat="33.58035" lon="-117.76383">
        <ele>73.0</ele>
        <time>2026-01-21T18:29:11Z</time>
      </trkpt>
      <trkpt lat="33.58033" lon="-117.76381">
        <ele>73.0</ele>
        <time>2026-01-21T18:29:14Z</time>
      </trkpt>
      <trkpt lat="33.5803" lon="-117.76378">
        <ele>73.0</ele>
        <time>2026-01-21T18:29:17Z</time>
      </trkpt>
      <trkpt lat="33.58028" lon="-117.76376">
        <ele>73.0</ele>
        <time>2026-01-21T18:29:20Z</time>
      </trkpt>
      <trkpt lat="33.58025" lon="-117.76374">
        <ele>72.82</ele>
        <time>2026-01-21T18:29:23Z</time>
      </trkpt>
      <trkpt lat="33.58022" lon="-117.76371">
        <ele>72.42</ele>
        <time>2026-01-21T18:29:26Z</time>
      </trkpt>
      <trkpt lat="33.5802" lon="-117.76369">
        <ele>72.16</ele>
        <time>2026-01-21T18:29:29Z</time>
      </trkpt>
      <trkpt lat="33.58017" lon="-117.76366">
        <ele>72.09</ele>
        <time>2026-01-21T18:29:32Z</time>
      </trkpt>
      <trkpt lat="33.58015" lon="-117.76364">
        <ele>72.12</ele>
        <time>2026-01-21T18:29:35Z</time>
      </trkpt>
      <trkpt lat="33.58012" lon="-117.76362">
        <ele>72.07</ele>
        <time>2026-01-21T18:29:38Z</time>
      </trkpt>
      <trkpt lat="33.5801" lon="-117.76359">
        <ele>72.23</ele>
        <time>2026-01-21T18:29:41Z</time>
      </trkpt>
      <trkpt lat="33.58007" lon="-117.76357">
        <ele>72.34</ele>
        <time>2026-01-21T18:29:44Z</time>
      </trkpt>
      <trkpt lat="33.58005" lon="-117.76354">
        <ele>72.41</ele>
        <time>2026-01-21T18:29:47Z</time>
      </trkpt>
      <trkpt lat="33.58002" lon="-117.76352">
        <ele>72.21</ele>
        <time>2026-01-21T18:29:50Z</time>
      </trkpt>
      <trkpt lat="33.57999" lon="-117.76349">
        <ele>72.0</ele>
        <time>2026-01-21T18:29:53Z</time>
      </trkpt>
      <trkpt lat="33.57996" lon="-117.76347">
        <ele>72.0</ele>
        <time>2026-01-21T18:29:56Z</time>
      </trkpt>
      <trkpt lat="33.57994" lon="-117.76344">
        <ele>72.0</ele>
        <time>2026-01-21T18:29:59Z</time>
      </trkpt>
      <trkpt lat="33.57992" lon="-117.76341">
        <ele>71.83</ele>
        <time>2026-01-21T18:30:02Z</time>
      </trkpt>
      <trkpt lat="33.5799" lon="-117.76339">
        <ele>71.61</ele>
        <time>2026-01-21T18:30:05Z</time>
      </trkpt>
      <trkpt lat="33.5799" lon="-117.76335">
        <ele>71.18</ele>
        <time>2026-01-21T18:30:09Z</time>
      </trkpt>
      <trkpt lat="33.57991" lon="-117.76331">
        <ele>71.0</ele>
        <time>2026-01-21T18:30:13Z</time>
      </trkpt>
      <trkpt lat="33.57991" lon="-117.76326">
        <ele>71.0</ele>
        <time>2026-01-21T18:30:17Z</time>
      </trkpt>
      <trkpt lat="33.5799" lon="-117.76322">
        <ele>71.0</ele>
        <time>2026-01-21T18:30:21Z</time>
      </trkpt>
      <trkpt lat="33.5799" lon="-117.76318">
        <ele>71.0</ele>
        <time>2026-01-21T18:30:25Z</time>
      </trkpt>
      <trkpt lat="33.5799" lon="-117.76314">
        <ele>70.91</ele>
        <time>2026-01-21T18:30:29Z</time>
      </trkpt>
      <trkpt lat="33.5799" lon="-117.7631">
        <ele>70.48</ele>
        <time>2026-01-21T18:30:32Z</time>
      </trkpt>
      <trkpt lat="33.5799" lon="-117.76307">
        <ele>70.16</ele>
        <time>2026-01-21T18:30:35Z</time>
      </trkpt>
      <trkpt lat="33.57991" lon="-117.76303">
        <ele>70.02</ele>
        <time>2026-01-21T18:30:38Z</time>
      </trkpt>
      <trkpt lat="33.57992" lon="-117.763">
        <ele>70.05</ele>
        <time>2026-01-21T18:30:41Z</time>
      </trkpt>
      <trkpt lat="33.57992" lon="-117.76296">
        <ele>70.0</ele>
        <time>2026-01-21T18:30:44Z</time>
      </trkpt>
      <trkpt lat="33.57993" lon="-117.76291">
        <ele>70.0</ele>
        <time>2026-01-21T18:30:46Z</time>
      </trkpt>
      <trkpt lat="33.57993" lon="-117.76286">
        <ele>70.0</ele>
        <time>2026-01-21T18:30:48Z</time>
      </trkpt>
      <trkpt lat="33.57994" lon="-117.76283">
        <ele>70.0</ele>
        <time>2026-01-21T18:30:50Z</time>
      </trkpt>
      <trkpt lat="33.57995" lon="-117.76279">
        <ele>70.0</ele>
        <time>2026-01-21T18:30:53Z</time>
      </trkpt>
      <trkpt lat="33.57996" lon="-117.76275">
        <ele>70.0</ele>
        <time>2026-01-21T18:30:56Z</time>
      </trkpt>
      <trkpt lat="33.57997" lon="-117.76271">
        <ele>70.0</ele>
        <time>2026-01-21T18:30:59Z</time>
      </trkpt>
      <trkpt lat="33.57997" lon="-117.76268">
        <ele>69.94</ele>
        <time>2026-01-21T18:31:02Z</time>
      </trkpt>
      <trkpt lat="33.57998" lon="-117.76264">
        <ele>69.51</ele>
        <time>2026-01-21T18:31:05Z</time>
      </trkpt>
      <trkpt lat="33.57999" lon="-117.76261">
        <ele>69.19</ele>
        <time>2026-01-21T18:31:08Z</time>
      </trkpt>
      <trkpt lat="33.58" lon="-117.76257">
        <ele>69.0</ele>
        <time>2026-01-21T18:31:11Z</time>
      </trkpt>
      <trkpt lat="33.58002" lon="-117.76254">
        <ele>69.0</ele>
        <time>2026-01-21T18:31:14Z</time>
      </trkpt>
      <trkpt lat="33.58003" lon="-117.7625">
        <ele>69.0</ele>
        <time>2026-01-21T18:31:17Z</time>
      </trkpt>
      <trkpt lat="33.58004" lon="-117.76247">
        <ele>68.68</ele>
        <time>2026-01-21T18:31:20Z</time>
      </trkpt>
      <trkpt lat="33.58005" lon="-117.76243">
        <ele>68.24</ele>
        <time>2026-01-21T18:31:23Z</time>
      </trkpt>
      <trkpt lat="33.58006" lon="-117.7624">
        <ele>68.0</ele>
        <time>2026-01-21T18:31:26Z</time>
      </trkpt>
      <trkpt lat="33.58006" lon="-117.76237">
        <ele>68.0</ele>
        <time>2026-01-21T18:31:29Z</time>
      </trkpt>
      <trkpt lat="33.58007" lon="-117.76233">
        <ele>68.0</ele>
        <time>2026-01-21T18:31:32Z</time>
      </trkpt>
      <trkpt lat="33.58007" lon="-117.7623">
        <ele>68.0</ele>
        <time>2026-01-21T18:31:36Z</time>
      </trkpt>
      <trkpt lat="33.58003" lon="-117.7623">
        <ele>68.0</ele>
        <time>2026-01-21T18:31:39Z</time>
      </trkpt>
      <trkpt lat="33.58" lon="-117.7623">
        <ele>68.0</ele>
        <time>2026-01-21T18:31:41Z</time>
      </trkpt>
      <trkpt lat="33.57996" lon="-117.76231">
        <ele>68.0</ele>
        <time>2026-01-21T18:31:44Z</time>
      </trkpt>
      <trkpt lat="33.57993" lon="-117.76233">
        <ele>68.0</ele>
        <time>2026-01-21T18:31:48Z</time>
      </trkpt>
      <trkpt lat="33.57993" lon="-117.76234">
        <ele>68.0</ele>
        <time>2026-01-21T18:32:01Z</time>
      </trkpt>
    </trkseg>
  </trk>
</gpx>
