<?xml version="1.0"?>
<gpx xmlns="http://www.topografix.com/GPX/1/1" xmlns:xsi="http://www.w3.org/2001/XMLSchema-instance" version="1.1" creator="AllTrails.com" xsi:schemaLocation="http://www.topografix.com/GPX/1/1 http://www.topografix.com/GPX/1/1/gpx.xsd">
  <metadata>
    <name><![CDATA[NIX Nature Center - North Loop]]></name>
    <desc><![CDATA[]]></desc>
    <link href="http://www.alltrails.com">
      <text>AllTrails, LLC</text>
    </link>
    <bounds minlat="33.60763" minlon="-117.77155" maxlat="33.63083" maxlon="-117.75966"/>
  </metadata>
  <trk>
    <name><![CDATA[NIX Nature Center - North Loop]]></name>
    <src>AllTrails</src>
    <trkseg>
      <trkpt lat="33.60765" lon="-117.76328">
        <ele>122.0</ele>
        <time>2026-07-26T15:06:38Z</time>
      </trkpt>
      <trkpt lat="33.60768" lon="-117.76327">
        <ele>122.0</ele>
        <time>2026-07-26T15:12:12Z</time>
      </trkpt>
      <trkpt lat="33.60771" lon="-117.76327">
        <ele>122.0</ele>
        <time>2026-07-26T15:12:15Z</time>
      </trkpt>
      <trkpt lat="33.60773" lon="-117.76327">
        <ele>122.0</ele>
        <time>2026-07-26T15:12:23Z</time>
      </trkpt>
    </trkseg>
    <trkseg>
      <trkpt lat="33.60774" lon="-117.76327">
        <ele>122.0</ele>
        <time>2026-07-26T15:12:25Z</time>
      </trkpt>
      <trkpt lat="33.60777" lon="-117.76328">
        <ele>122.0</ele>
        <time>2026-07-26T15:12:29Z</time>
      </trkpt>
      <trkpt lat="33.60779" lon="-117.7633">
        <ele>122.08</ele>
        <time>2026-07-26T15:12:32Z</time>
      </trkpt>
      <trkpt lat="33.60782" lon="-117.76332">
        <ele>122.39</ele>
        <time>2026-07-26T15:12:35Z</time>
      </trkpt>
      <trkpt lat="33.60785" lon="-117.76335">
        <ele>122.96</ele>
        <time>2026-07-26T15:12:38Z</time>
      </trkpt>
      <trkpt lat="33.60788" lon="-117.76338">
        <ele>123.45</ele>
        <time>2026-07-26T15:12:41Z</time>
      </trkpt>
      <trkpt lat="33.6079" lon="-117.7634">
        <ele>123.49</ele>
        <time>2026-07-26T15:12:44Z</time>
      </trkpt>
      <trkpt lat="33.60793" lon="-117.76343">
        <ele>123.44</ele>
        <time>2026-07-26T15:12:47Z</time>
      </trkpt>
      <trkpt lat="33.60796" lon="-117.76345">
        <ele>123.55</ele>
        <time>2026-07-26T15:12:50Z</time>
      </trkpt>
      <trkpt lat="33.60799" lon="-117.76348">
        <ele>124.12</ele>
        <time>2026-07-26T15:12:53Z</time>
      </trkpt>
      <trkpt lat="33.60802" lon="-117.7635">
        <ele>124.23</ele>
        <time>2026-07-26T15:12:56Z</time>
      </trkpt>
      <trkpt lat="33.60806" lon="-117.76353">
        <ele>124.12</ele>
        <time>2026-07-26T15:12:59Z</time>
      </trkpt>
      <trkpt lat="33.60809" lon="-117.76356">
        <ele>124.45</ele>
        <time>2026-07-26T15:13:02Z</time>
      </trkpt>
      <trkpt lat="33.60811" lon="-117.76359">
        <ele>124.77</ele>
        <time>2026-07-26T15:13:05Z</time>
      </trkpt>
      <trkpt lat="33.6081" lon="-117.76363">
        <ele>125.11</ele>
        <time>2026-07-26T15:13:08Z</time>
      </trkpt>
      <trkpt lat="33.60808" lon="-117.76366">
        <ele>125.39</ele>
        <time>2026-07-26T15:13:11Z</time>
      </trkpt>
      <trkpt lat="33.60806" lon="-117.76371">
        <ele>125.89</ele>
        <time>2026-07-26T15:13:14Z</time>
      </trkpt>
      <trkpt lat="33.60805" lon="-117.76375">
        <ele>125.59</ele>
        <time>2026-07-26T15:13:16Z</time>
      </trkpt>
      <trkpt lat="33.60804" lon="-117.76378">
        <ele>125.48</ele>
        <time>2026-07-26T15:13:18Z</time>
      </trkpt>
      <trkpt lat="33.60803" lon="-117.76382">
        <ele>125.81</ele>
        <time>2026-07-26T15:13:20Z</time>
      </trkpt>
      <trkpt lat="33.60802" lon="-117.76386">
        <ele>126.46</ele>
        <time>2026-07-26T15:13:23Z</time>
      </trkpt>
      <trkpt lat="33.60801" lon="-117.7639">
        <ele>126.98</ele>
        <time>2026-07-26T15:13:26Z</time>
      </trkpt>
      <trkpt lat="33.608" lon="-117.76394">
        <ele>127.2</ele>
        <time>2026-07-26T15:13:29Z</time>
      </trkpt>
      <trkpt lat="33.60799" lon="-117.76398">
        <ele>127.42</ele>
        <time>2026-07-26T15:13:32Z</time>
      </trkpt>
      <trkpt lat="33.60797" lon="-117.76402">
        <ele>127.5</ele>
        <time>2026-07-26T15:13:35Z</time>
      </trkpt>
      <trkpt lat="33.60796" lon="-117.76406">
        <ele>127.21</ele>
        <time>2026-07-26T15:13:38Z</time>
      </trkpt>
      <trkpt lat="33.60795" lon="-117.76409">
        <ele>127.28</ele>
        <time>2026-07-26T15:13:41Z</time>
      </trkpt>
      <trkpt lat="33.60793" lon="-117.76413">
        <ele>127.71</ele>
        <time>2026-07-26T15:13:44Z</time>
      </trkpt>
      <trkpt lat="33.60795" lon="-117.76416">
        <ele>127.28</ele>
        <time>2026-07-26T15:13:50Z</time>
      </trkpt>
      <trkpt lat="33.60798" lon="-117.76417">
        <ele>127.0</ele>
        <time>2026-07-26T15:13:54Z</time>
      </trkpt>
      <trkpt lat="33.60804" lon="-117.76421">
        <ele>127.0</ele>
        <time>2026-07-26T15:16:44Z</time>
      </trkpt>
      <trkpt lat="33.60808" lon="-117.76427">
        <ele>127.09</ele>
        <time>2026-07-26T15:16:50Z</time>
      </trkpt>
      <trkpt lat="33.60813" lon="-117.76433">
        <ele>127.15</ele>
        <time>2026-07-26T15:16:52Z</time>
      </trkpt>
      <trkpt lat="33.60817" lon="-117.76437">
        <ele>127.54</ele>
        <time>2026-07-26T15:16:54Z</time>
      </trkpt>
      <trkpt lat="33.60822" lon="-117.76441">
        <ele>128.06</ele>
        <time>2026-07-26T15:16:57Z</time>
      </trkpt>
      <trkpt lat="33.60826" lon="-117.76443">
        <ele>128.0</ele>
        <time>2026-07-26T15:17:01Z</time>
      </trkpt>
      <trkpt lat="33.60829" lon="-117.76446">
        <ele>128.25</ele>
        <time>2026-07-26T15:17:05Z</time>
      </trkpt>
      <trkpt lat="33.60832" lon="-117.7645">
        <ele>128.69</ele>
        <time>2026-07-26T15:17:09Z</time>
      </trkpt>
      <trkpt lat="33.60835" lon="-117.76453">
        <ele>128.92</ele>
        <time>2026-07-26T15:17:13Z</time>
      </trkpt>
      <trkpt lat="33.60836" lon="-117.76456">
        <ele>129.35</ele>
        <time>2026-07-26T15:17:16Z</time>
      </trkpt>
      <trkpt lat="33.60838" lon="-117.76458">
        <ele>129.46</ele>
        <time>2026-07-26T15:17:19Z</time>
      </trkpt>
      <trkpt lat="33.60841" lon="-117.76461">
        <ele>129.27</ele>
        <time>2026-07-26T15:17:22Z</time>
      </trkpt>
      <trkpt lat="33.60843" lon="-117.76463">
        <ele>129.0</ele>
        <time>2026-07-26T15:17:25Z</time>
      </trkpt>
      <trkpt lat="33.60844" lon="-117.76467">
        <ele>129.44</ele>
        <time>2026-07-26T15:17:28Z</time>
      </trkpt>
      <trkpt lat="33.60846" lon="-117.7647">
        <ele>129.76</ele>
        <time>2026-07-26T15:17:31Z</time>
      </trkpt>
      <trkpt lat="33.60848" lon="-117.76473">
        <ele>130.03</ele>
        <time>2026-07-26T15:17:34Z</time>
      </trkpt>
      <trkpt lat="33.60848" lon="-117.76478">
        <ele>130.26</ele>
        <time>2026-07-26T15:17:37Z</time>
      </trkpt>
      <trkpt lat="33.60847" lon="-117.76482">
        <ele>130.58</ele>
        <time>2026-07-26T15:17:39Z</time>
      </trkpt>
      <trkpt lat="33.60846" lon="-117.76486">
        <ele>131.12</ele>
        <time>2026-07-26T15:17:41Z</time>
      </trkpt>
      <trkpt lat="33.60846" lon="-117.76489">
        <ele>131.44</ele>
        <time>2026-07-26T15:17:43Z</time>
      </trkpt>
      <trkpt lat="33.60845" lon="-117.76494">
        <ele>131.74</ele>
        <time>2026-07-26T15:17:46Z</time>
      </trkpt>
      <trkpt lat="33.60846" lon="-117.76497">
        <ele>131.63</ele>
        <time>2026-07-26T15:17:49Z</time>
      </trkpt>
      <trkpt lat="33.60847" lon="-117.76501">
        <ele>131.58</ele>
        <time>2026-07-26T15:17:52Z</time>
      </trkpt>
      <trkpt lat="33.60849" lon="-117.76504">
        <ele>131.61</ele>
        <time>2026-07-26T15:17:55Z</time>
      </trkpt>
      <trkpt lat="33.60852" lon="-117.76506">
        <ele>131.65</ele>
        <time>2026-07-26T15:17:58Z</time>
      </trkpt>
      <trkpt lat="33.60856" lon="-117.76505">
        <ele>131.54</ele>
        <time>2026-07-26T15:18:01Z</time>
      </trkpt>
      <trkpt lat="33.60858" lon="-117.76501">
        <ele>131.11</ele>
        <time>2026-07-26T15:18:04Z</time>
      </trkpt>
      <trkpt lat="33.60861" lon="-117.76498">
        <ele>130.79</ele>
        <time>2026-07-26T15:18:07Z</time>
      </trkpt>
      <trkpt lat="33.60862" lon="-117.76495">
        <ele>130.61</ele>
        <time>2026-07-26T15:18:10Z</time>
      </trkpt>
      <trkpt lat="33.60864" lon="-117.76492">
        <ele>130.72</ele>
        <time>2026-07-26T15:18:13Z</time>
      </trkpt>
      <trkpt lat="33.60866" lon="-117.76489">
        <ele>130.96</ele>
        <time>2026-07-26T15:18:16Z</time>
      </trkpt>
      <trkpt lat="33.60867" lon="-117.76486">
        <ele>130.95</ele>
        <time>2026-07-26T15:18:19Z</time>
      </trkpt>
      <trkpt lat="33.60869" lon="-117.76482">
        <ele>130.9</ele>
        <time>2026-07-26T15:18:22Z</time>
      </trkpt>
      <trkpt lat="33.6087" lon="-117.76479">
        <ele>130.95</ele>
        <time>2026-07-26T15:18:25Z</time>
      </trkpt>
      <trkpt lat="33.60871" lon="-117.76476">
        <ele>131.14</ele>
        <time>2026-07-26T15:18:28Z</time>
      </trkpt>
      <trkpt lat="33.60873" lon="-117.76479">
        <ele>131.57</ele>
        <time>2026-07-26T15:18:33Z</time>
      </trkpt>
      <trkpt lat="33.60874" lon="-117.76482">
        <ele>131.84</ele>
        <time>2026-07-26T15:18:35Z</time>
      </trkpt>
      <trkpt lat="33.60877" lon="-117.76482">
        <ele>132.49</ele>
        <time>2026-07-26T15:18:40Z</time>
      </trkpt>
      <trkpt lat="33.6088" lon="-117.76482">
        <ele>133.01</ele>
        <time>2026-07-26T15:18:44Z</time>
      </trkpt>
      <trkpt lat="33.60883" lon="-117.76485">
        <ele>132.74</ele>
        <time>2026-07-26T15:18:48Z</time>
      </trkpt>
      <trkpt lat="33.60885" lon="-117.76487">
        <ele>132.32</ele>
        <time>2026-07-26T15:18:51Z</time>
      </trkpt>
      <trkpt lat="33.60887" lon="-117.7649">
        <ele>131.66</ele>
        <time>2026-07-26T15:18:54Z</time>
      </trkpt>
      <trkpt lat="33.6089" lon="-117.76492">
        <ele>130.9</ele>
        <time>2026-07-26T15:18:57Z</time>
      </trkpt>
      <trkpt lat="33.60892" lon="-117.76495">
        <ele>130.82</ele>
        <time>2026-07-26T15:19:00Z</time>
      </trkpt>
      <trkpt lat="33.60895" lon="-117.76498">
        <ele>130.86</ele>
        <time>2026-07-26T15:19:03Z</time>
      </trkpt>
      <trkpt lat="33.60897" lon="-117.765">
        <ele>131.0</ele>
        <time>2026-07-26T15:19:05Z</time>
      </trkpt>
      <trkpt lat="33.609" lon="-117.76502">
        <ele>131.06</ele>
        <time>2026-07-26T15:19:07Z</time>
      </trkpt>
      <trkpt lat="33.60902" lon="-117.76505">
        <ele>131.35</ele>
        <time>2026-07-26T15:19:10Z</time>
      </trkpt>
      <trkpt lat="33.60902" lon="-117.76509">
        <ele>131.96</ele>
        <time>2026-07-26T15:19:14Z</time>
      </trkpt>
      <trkpt lat="33.60903" lon="-117.76512">
        <ele>132.59</ele>
        <time>2026-07-26T15:19:18Z</time>
      </trkpt>
      <trkpt lat="33.60905" lon="-117.76515">
        <ele>133.24</ele>
        <time>2026-07-26T15:19:22Z</time>
      </trkpt>
      <trkpt lat="33.60906" lon="-117.76518">
        <ele>133.89</ele>
        <time>2026-07-26T15:19:26Z</time>
      </trkpt>
      <trkpt lat="33.60908" lon="-117.76521">
        <ele>134.68</ele>
        <time>2026-07-26T15:19:30Z</time>
      </trkpt>
      <trkpt lat="33.60909" lon="-117.76524">
        <ele>135.43</ele>
        <time>2026-07-26T15:19:34Z</time>
      </trkpt>
      <trkpt lat="33.6091" lon="-117.76527">
        <ele>136.19</ele>
        <time>2026-07-26T15:19:38Z</time>
      </trkpt>
      <trkpt lat="33.60909" lon="-117.76531">
        <ele>137.35</ele>
        <time>2026-07-26T15:19:42Z</time>
      </trkpt>
      <trkpt lat="33.60908" lon="-117.76534">
        <ele>138.22</ele>
        <time>2026-07-26T15:19:46Z</time>
      </trkpt>
      <trkpt lat="33.60907" lon="-117.76537">
        <ele>138.95</ele>
        <time>2026-07-26T15:19:50Z</time>
      </trkpt>
      <trkpt lat="33.60907" lon="-117.76541">
        <ele>139.79</ele>
        <time>2026-07-26T15:19:54Z</time>
      </trkpt>
      <trkpt lat="33.60907" lon="-117.76544">
        <ele>140.43</ele>
        <time>2026-07-26T15:19:58Z</time>
      </trkpt>
      <trkpt lat="33.60907" lon="-117.76547">
        <ele>140.99</ele>
        <time>2026-07-26T15:20:02Z</time>
      </trkpt>
      <trkpt lat="33.60907" lon="-117.76552">
        <ele>141.53</ele>
        <time>2026-07-26T15:20:05Z</time>
      </trkpt>
      <trkpt lat="33.60907" lon="-117.76555">
        <ele>141.85</ele>
        <time>2026-07-26T15:20:07Z</time>
      </trkpt>
      <trkpt lat="33.60907" lon="-117.76559">
        <ele>142.28</ele>
        <time>2026-07-26T15:20:10Z</time>
      </trkpt>
      <trkpt lat="33.60907" lon="-117.76563">
        <ele>142.72</ele>
        <time>2026-07-26T15:20:13Z</time>
      </trkpt>
      <trkpt lat="33.60908" lon="-117.76567">
        <ele>143.12</ele>
        <time>2026-07-26T15:20:16Z</time>
      </trkpt>
      <trkpt lat="33.60908" lon="-117.7657">
        <ele>143.47</ele>
        <time>2026-07-26T15:20:19Z</time>
      </trkpt>
      <trkpt lat="33.60909" lon="-117.76573">
        <ele>143.69</ele>
        <time>2026-07-26T15:20:22Z</time>
      </trkpt>
      <trkpt lat="33.60909" lon="-117.76577">
        <ele>144.14</ele>
        <time>2026-07-26T15:20:25Z</time>
      </trkpt>
      <trkpt lat="33.6091" lon="-117.7658">
        <ele>144.36</ele>
        <time>2026-07-26T15:20:28Z</time>
      </trkpt>
      <trkpt lat="33.60912" lon="-117.76583">
        <ele>144.47</ele>
        <time>2026-07-26T15:20:31Z</time>
      </trkpt>
      <trkpt lat="33.60914" lon="-117.76586">
        <ele>144.58</ele>
        <time>2026-07-26T15:20:34Z</time>
      </trkpt>
      <trkpt lat="33.60915" lon="-117.7659">
        <ele>144.9</ele>
        <time>2026-07-26T15:20:37Z</time>
      </trkpt>
      <trkpt lat="33.60916" lon="-117.76594">
        <ele>145.37</ele>
        <time>2026-07-26T15:20:41Z</time>
      </trkpt>
      <trkpt lat="33.60917" lon="-117.76598">
        <ele>146.1</ele>
        <time>2026-07-26T15:20:45Z</time>
      </trkpt>
      <trkpt lat="33.60918" lon="-117.76601">
        <ele>146.53</ele>
        <time>2026-07-26T15:20:48Z</time>
      </trkpt>
      <trkpt lat="33.60918" lon="-117.76605">
        <ele>147.05</ele>
        <time>2026-07-26T15:20:52Z</time>
      </trkpt>
      <trkpt lat="33.60919" lon="-117.76608">
        <ele>147.16</ele>
        <time>2026-07-26T15:20:56Z</time>
      </trkpt>
      <trkpt lat="33.6092" lon="-117.76612">
        <ele>147.41</ele>
        <time>2026-07-26T15:21:00Z</time>
      </trkpt>
      <trkpt lat="33.60921" lon="-117.76616">
        <ele>147.84</ele>
        <time>2026-07-26T15:21:04Z</time>
      </trkpt>
      <trkpt lat="33.60921" lon="-117.7662">
        <ele>148.47</ele>
        <time>2026-07-26T15:21:08Z</time>
      </trkpt>
      <trkpt lat="33.60922" lon="-117.76624">
        <ele>149.21</ele>
        <time>2026-07-26T15:21:12Z</time>
      </trkpt>
      <trkpt lat="33.60922" lon="-117.76627">
        <ele>149.86</ele>
        <time>2026-07-26T15:21:16Z</time>
      </trkpt>
      <trkpt lat="33.60923" lon="-117.76631">
        <ele>150.52</ele>
        <time>2026-07-26T15:21:20Z</time>
      </trkpt>
      <trkpt lat="33.60923" lon="-117.76634">
        <ele>150.96</ele>
        <time>2026-07-26T15:21:24Z</time>
      </trkpt>
      <trkpt lat="33.60924" lon="-117.76638">
        <ele>151.64</ele>
        <time>2026-07-26T15:21:28Z</time>
      </trkpt>
      <trkpt lat="33.60924" lon="-117.76642">
        <ele>151.79</ele>
        <time>2026-07-26T15:21:32Z</time>
      </trkpt>
      <trkpt lat="33.60925" lon="-117.76645">
        <ele>151.9</ele>
        <time>2026-07-26T15:21:36Z</time>
      </trkpt>
      <trkpt lat="33.60926" lon="-117.76649">
        <ele>152.08</ele>
        <time>2026-07-26T15:21:40Z</time>
      </trkpt>
      <trkpt lat="33.60926" lon="-117.76653">
        <ele>152.51</ele>
        <time>2026-07-26T15:21:44Z</time>
      </trkpt>
      <trkpt lat="33.60927" lon="-117.76657">
        <ele>152.73</ele>
        <time>2026-07-26T15:21:48Z</time>
      </trkpt>
      <trkpt lat="33.60927" lon="-117.76661">
        <ele>152.77</ele>
        <time>2026-07-26T15:21:52Z</time>
      </trkpt>
      <trkpt lat="33.60927" lon="-117.76665">
        <ele>152.77</ele>
        <time>2026-07-26T15:21:56Z</time>
      </trkpt>
      <trkpt lat="33.60928" lon="-117.76669">
        <ele>152.86</ele>
        <time>2026-07-26T15:21:59Z</time>
      </trkpt>
      <trkpt lat="33.60928" lon="-117.76672">
        <ele>153.26</ele>
        <time>2026-07-26T15:22:02Z</time>
      </trkpt>
      <trkpt lat="33.60928" lon="-117.76675">
        <ele>153.65</ele>
        <time>2026-07-26T15:22:05Z</time>
      </trkpt>
      <trkpt lat="33.60928" lon="-117.76678">
        <ele>154.05</ele>
        <time>2026-07-26T15:22:08Z</time>
      </trkpt>
      <trkpt lat="33.60929" lon="-117.76682">
        <ele>154.54</ele>
        <time>2026-07-26T15:22:12Z</time>
      </trkpt>
      <trkpt lat="33.60929" lon="-117.76686">
        <ele>155.12</ele>
        <time>2026-07-26T15:22:16Z</time>
      </trkpt>
      <trkpt lat="33.6093" lon="-117.7669">
        <ele>155.75</ele>
        <time>2026-07-26T15:22:20Z</time>
      </trkpt>
      <trkpt lat="33.60931" lon="-117.76694">
        <ele>156.47</ele>
        <time>2026-07-26T15:22:24Z</time>
      </trkpt>
      <trkpt lat="33.60931" lon="-117.76697">
        <ele>157.1</ele>
        <time>2026-07-26T15:22:28Z</time>
      </trkpt>
      <trkpt lat="33.60933" lon="-117.767">
        <ele>157.96</ele>
        <time>2026-07-26T15:22:37Z</time>
      </trkpt>
      <trkpt lat="33.60934" lon="-117.76703">
        <ele>158.72</ele>
        <time>2026-07-26T15:22:43Z</time>
      </trkpt>
      <trkpt lat="33.60935" lon="-117.76706">
        <ele>159.47</ele>
        <time>2026-07-26T15:22:49Z</time>
      </trkpt>
      <trkpt lat="33.60937" lon="-117.7671">
        <ele>160.56</ele>
        <time>2026-07-26T15:22:55Z</time>
      </trkpt>
      <trkpt lat="33.60939" lon="-117.76712">
        <ele>161.2</ele>
        <time>2026-07-26T15:22:59Z</time>
      </trkpt>
      <trkpt lat="33.60942" lon="-117.76714">
        <ele>161.93</ele>
        <time>2026-07-26T15:23:03Z</time>
      </trkpt>
      <trkpt lat="33.60944" lon="-117.76716">
        <ele>162.59</ele>
        <time>2026-07-26T15:23:08Z</time>
      </trkpt>
      <trkpt lat="33.60945" lon="-117.7672">
        <ele>163.55</ele>
        <time>2026-07-26T15:23:14Z</time>
      </trkpt>
      <trkpt lat="33.60946" lon="-117.76722">
        <ele>164.11</ele>
        <time>2026-07-26T15:23:19Z</time>
      </trkpt>
      <trkpt lat="33.60947" lon="-117.76725">
        <ele>165.09</ele>
        <time>2026-07-26T15:23:24Z</time>
      </trkpt>
      <trkpt lat="33.60949" lon="-117.76728">
        <ele>166.06</ele>
        <time>2026-07-26T15:23:29Z</time>
      </trkpt>
      <trkpt lat="33.6095" lon="-117.76731">
        <ele>166.88</ele>
        <time>2026-07-26T15:23:35Z</time>
      </trkpt>
      <trkpt lat="33.60952" lon="-117.76734">
        <ele>167.27</ele>
        <time>2026-07-26T15:23:42Z</time>
      </trkpt>
      <trkpt lat="33.60954" lon="-117.76736">
        <ele>167.46</ele>
        <time>2026-07-26T15:23:57Z</time>
      </trkpt>
      <trkpt lat="33.60955" lon="-117.7674">
        <ele>167.9</ele>
        <time>2026-07-26T15:24:01Z</time>
      </trkpt>
      <trkpt lat="33.60955" lon="-117.76744">
        <ele>168.35</ele>
        <time>2026-07-26T15:24:05Z</time>
      </trkpt>
      <trkpt lat="33.60956" lon="-117.76748">
        <ele>168.78</ele>
        <time>2026-07-26T15:24:09Z</time>
      </trkpt>
      <trkpt lat="33.60954" lon="-117.76752">
        <ele>169.22</ele>
        <time>2026-07-26T15:24:13Z</time>
      </trkpt>
      <trkpt lat="33.60953" lon="-117.76756">
        <ele>169.7</ele>
        <time>2026-07-26T15:24:17Z</time>
      </trkpt>
      <trkpt lat="33.60952" lon="-117.76759">
        <ele>170.15</ele>
        <time>2026-07-26T15:24:21Z</time>
      </trkpt>
      <trkpt lat="33.60951" lon="-117.76763">
        <ele>170.7</ele>
        <time>2026-07-26T15:24:25Z</time>
      </trkpt>
      <trkpt lat="33.60951" lon="-117.76767">
        <ele>171.13</ele>
        <time>2026-07-26T15:24:29Z</time>
      </trkpt>
      <trkpt lat="33.6095" lon="-117.76771">
        <ele>171.94</ele>
        <time>2026-07-26T15:24:33Z</time>
      </trkpt>
      <trkpt lat="33.6095" lon="-117.76774">
        <ele>172.58</ele>
        <time>2026-07-26T15:24:37Z</time>
      </trkpt>
      <trkpt lat="33.6095" lon="-117.76778">
        <ele>173.45</ele>
        <time>2026-07-26T15:24:41Z</time>
      </trkpt>
      <trkpt lat="33.6095" lon="-117.76781">
        <ele>174.1</ele>
        <time>2026-07-26T15:24:45Z</time>
      </trkpt>
      <trkpt lat="33.6095" lon="-117.76785">
        <ele>174.96</ele>
        <time>2026-07-26T15:24:49Z</time>
      </trkpt>
      <trkpt lat="33.60951" lon="-117.76788">
        <ele>175.4</ele>
        <time>2026-07-26T15:24:53Z</time>
      </trkpt>
      <trkpt lat="33.60951" lon="-117.76792">
        <ele>175.83</ele>
        <time>2026-07-26T15:24:57Z</time>
      </trkpt>
      <trkpt lat="33.60951" lon="-117.76795">
        <ele>176.15</ele>
        <time>2026-07-26T15:25:01Z</time>
      </trkpt>
      <trkpt lat="33.60953" lon="-117.76798">
        <ele>176.44</ele>
        <time>2026-07-26T15:25:04Z</time>
      </trkpt>
      <trkpt lat="33.60957" lon="-117.768">
        <ele>176.52</ele>
        <time>2026-07-26T15:25:06Z</time>
      </trkpt>
      <trkpt lat="33.6096" lon="-117.76802">
        <ele>176.39</ele>
        <time>2026-07-26T15:25:08Z</time>
      </trkpt>
      <trkpt lat="33.60962" lon="-117.76803">
        <ele>176.15</ele>
        <time>2026-07-26T15:25:10Z</time>
      </trkpt>
      <trkpt lat="33.60965" lon="-117.76806">
        <ele>176.09</ele>
        <time>2026-07-26T15:25:13Z</time>
      </trkpt>
      <trkpt lat="33.60967" lon="-117.76807">
        <ele>176.24</ele>
        <time>2026-07-26T15:25:16Z</time>
      </trkpt>
      <trkpt lat="33.6097" lon="-117.76805">
        <ele>175.91</ele>
        <time>2026-07-26T15:25:20Z</time>
      </trkpt>
      <trkpt lat="33.60973" lon="-117.76803">
        <ele>175.39</ele>
        <time>2026-07-26T15:25:24Z</time>
      </trkpt>
      <trkpt lat="33.60976" lon="-117.76802">
        <ele>174.98</ele>
        <time>2026-07-26T15:25:27Z</time>
      </trkpt>
      <trkpt lat="33.60978" lon="-117.76801">
        <ele>174.7</ele>
        <time>2026-07-26T15:25:30Z</time>
      </trkpt>
      <trkpt lat="33.60981" lon="-117.76799">
        <ele>174.31</ele>
        <time>2026-07-26T15:25:33Z</time>
      </trkpt>
      <trkpt lat="33.60984" lon="-117.76797">
        <ele>174.08</ele>
        <time>2026-07-26T15:25:36Z</time>
      </trkpt>
      <trkpt lat="33.60987" lon="-117.76796">
        <ele>173.95</ele>
        <time>2026-07-26T15:25:39Z</time>
      </trkpt>
      <trkpt lat="33.6099" lon="-117.76795">
        <ele>173.73</ele>
        <time>2026-07-26T15:25:42Z</time>
      </trkpt>
      <trkpt lat="33.60992" lon="-117.76794">
        <ele>173.4</ele>
        <time>2026-07-26T15:25:45Z</time>
      </trkpt>
      <trkpt lat="33.60996" lon="-117.76793">
        <ele>172.92</ele>
        <time>2026-07-26T15:25:48Z</time>
      </trkpt>
      <trkpt lat="33.60999" lon="-117.76792">
        <ele>172.59</ele>
        <time>2026-07-26T15:25:51Z</time>
      </trkpt>
      <trkpt lat="33.61002" lon="-117.76792">
        <ele>172.54</ele>
        <time>2026-07-26T15:25:54Z</time>
      </trkpt>
      <trkpt lat="33.61006" lon="-117.76792">
        <ele>172.54</ele>
        <time>2026-07-26T15:25:57Z</time>
      </trkpt>
      <trkpt lat="33.61008" lon="-117.76796">
        <ele>172.97</ele>
        <time>2026-07-26T15:25:59Z</time>
      </trkpt>
      <trkpt lat="33.6101" lon="-117.76799">
        <ele>173.21</ele>
        <time>2026-07-26T15:26:01Z</time>
      </trkpt>
      <trkpt lat="33.61012" lon="-117.76802">
        <ele>173.32</ele>
        <time>2026-07-26T15:26:03Z</time>
      </trkpt>
      <trkpt lat="33.61014" lon="-117.76804">
        <ele>173.32</ele>
        <time>2026-07-26T15:26:05Z</time>
      </trkpt>
      <trkpt lat="33.61016" lon="-117.76807">
        <ele>173.31</ele>
        <time>2026-07-26T15:26:07Z</time>
      </trkpt>
      <trkpt lat="33.61019" lon="-117.7681">
        <ele>172.9</ele>
        <time>2026-07-26T15:26:10Z</time>
      </trkpt>
      <trkpt lat="33.61022" lon="-117.76812">
        <ele>172.25</ele>
        <time>2026-07-26T15:26:13Z</time>
      </trkpt>
      <trkpt lat="33.61024" lon="-117.76814">
        <ele>171.82</ele>
        <time>2026-07-26T15:26:16Z</time>
      </trkpt>
      <trkpt lat="33.61027" lon="-117.76816">
        <ele>171.18</ele>
        <time>2026-07-26T15:26:19Z</time>
      </trkpt>
      <trkpt lat="33.61029" lon="-117.76818">
        <ele>170.61</ele>
        <time>2026-07-26T15:26:22Z</time>
      </trkpt>
      <trkpt lat="33.61031" lon="-117.76821">
        <ele>170.31</ele>
        <time>2026-07-26T15:26:26Z</time>
      </trkpt>
      <trkpt lat="33.61033" lon="-117.76823">
        <ele>170.24</ele>
        <time>2026-07-26T15:26:29Z</time>
      </trkpt>
      <trkpt lat="33.61036" lon="-117.76825">
        <ele>170.41</ele>
        <time>2026-07-26T15:26:32Z</time>
      </trkpt>
      <trkpt lat="33.61039" lon="-117.76828">
        <ele>170.55</ele>
        <time>2026-07-26T15:26:35Z</time>
      </trkpt>
      <trkpt lat="33.61041" lon="-117.7683">
        <ele>170.36</ele>
        <time>2026-07-26T15:26:38Z</time>
      </trkpt>
      <trkpt lat="33.61043" lon="-117.76833">
        <ele>170.34</ele>
        <time>2026-07-26T15:26:41Z</time>
      </trkpt>
      <trkpt lat="33.61045" lon="-117.76836">
        <ele>169.85</ele>
        <time>2026-07-26T15:26:44Z</time>
      </trkpt>
      <trkpt lat="33.61047" lon="-117.76839">
        <ele>169.33</ele>
        <time>2026-07-26T15:26:47Z</time>
      </trkpt>
      <trkpt lat="33.61049" lon="-117.76842">
        <ele>169.02</ele>
        <time>2026-07-26T15:26:50Z</time>
      </trkpt>
      <trkpt lat="33.61051" lon="-117.76844">
        <ele>169.01</ele>
        <time>2026-07-26T15:26:53Z</time>
      </trkpt>
      <trkpt lat="33.61054" lon="-117.76844">
        <ele>168.19</ele>
        <time>2026-07-26T15:26:57Z</time>
      </trkpt>
      <trkpt lat="33.61056" lon="-117.76841">
        <ele>166.56</ele>
        <time>2026-07-26T15:27:00Z</time>
      </trkpt>
      <trkpt lat="33.61059" lon="-117.76839">
        <ele>166.15</ele>
        <time>2026-07-26T15:27:04Z</time>
      </trkpt>
      <trkpt lat="33.61062" lon="-117.76838">
        <ele>165.87</ele>
        <time>2026-07-26T15:27:08Z</time>
      </trkpt>
      <trkpt lat="33.61065" lon="-117.76838">
        <ele>166.04</ele>
        <time>2026-07-26T15:27:12Z</time>
      </trkpt>
      <trkpt lat="33.61068" lon="-117.76837">
        <ele>165.79</ele>
        <time>2026-07-26T15:27:15Z</time>
      </trkpt>
      <trkpt lat="33.61071" lon="-117.76837">
        <ele>166.18</ele>
        <time>2026-07-26T15:27:17Z</time>
      </trkpt>
      <trkpt lat="33.61074" lon="-117.76838">
        <ele>167.01</ele>
        <time>2026-07-26T15:27:19Z</time>
      </trkpt>
      <trkpt lat="33.61078" lon="-117.76838">
        <ele>166.59</ele>
        <time>2026-07-26T15:27:21Z</time>
      </trkpt>
      <trkpt lat="33.61081" lon="-117.76839">
        <ele>166.7</ele>
        <time>2026-07-26T15:27:23Z</time>
      </trkpt>
      <trkpt lat="33.61084" lon="-117.7684">
        <ele>166.78</ele>
        <time>2026-07-26T15:27:25Z</time>
      </trkpt>
      <trkpt lat="33.61087" lon="-117.76842">
        <ele>167.0</ele>
        <time>2026-07-26T15:27:27Z</time>
      </trkpt>
      <trkpt lat="33.6109" lon="-117.76846">
        <ele>167.4</ele>
        <time>2026-07-26T15:27:29Z</time>
      </trkpt>
      <trkpt lat="33.61092" lon="-117.76849">
        <ele>167.56</ele>
        <time>2026-07-26T15:27:31Z</time>
      </trkpt>
      <trkpt lat="33.61094" lon="-117.76851">
        <ele>167.5</ele>
        <time>2026-07-26T15:27:33Z</time>
      </trkpt>
      <trkpt lat="33.61096" lon="-117.76853">
        <ele>167.67</ele>
        <time>2026-07-26T15:27:35Z</time>
      </trkpt>
      <trkpt lat="33.61098" lon="-117.76855">
        <ele>167.79</ele>
        <time>2026-07-26T15:27:37Z</time>
      </trkpt>
      <trkpt lat="33.61101" lon="-117.76858">
        <ele>167.63</ele>
        <time>2026-07-26T15:27:40Z</time>
      </trkpt>
      <trkpt lat="33.61104" lon="-117.76861">
        <ele>167.05</ele>
        <time>2026-07-26T15:27:43Z</time>
      </trkpt>
      <trkpt lat="33.61106" lon="-117.76863">
        <ele>167.12</ele>
        <time>2026-07-26T15:27:46Z</time>
      </trkpt>
      <trkpt lat="33.61108" lon="-117.76866">
        <ele>167.81</ele>
        <time>2026-07-26T15:27:49Z</time>
      </trkpt>
      <trkpt lat="33.61108" lon="-117.7687">
        <ele>169.82</ele>
        <time>2026-07-26T15:27:53Z</time>
      </trkpt>
      <trkpt lat="33.6111" lon="-117.76872">
        <ele>169.87</ele>
        <time>2026-07-26T15:27:56Z</time>
      </trkpt>
      <trkpt lat="33.61112" lon="-117.76874">
        <ele>170.14</ele>
        <time>2026-07-26T15:28:00Z</time>
      </trkpt>
      <trkpt lat="33.61115" lon="-117.76876">
        <ele>170.57</ele>
        <time>2026-07-26T15:28:04Z</time>
      </trkpt>
      <trkpt lat="33.61118" lon="-117.76878">
        <ele>170.86</ele>
        <time>2026-07-26T15:28:08Z</time>
      </trkpt>
      <trkpt lat="33.6112" lon="-117.76879">
        <ele>170.9</ele>
        <time>2026-07-26T15:28:11Z</time>
      </trkpt>
      <trkpt lat="33.61123" lon="-117.7688">
        <ele>170.9</ele>
        <time>2026-07-26T15:28:14Z</time>
      </trkpt>
      <trkpt lat="33.61126" lon="-117.76879">
        <ele>170.21</ele>
        <time>2026-07-26T15:28:18Z</time>
      </trkpt>
      <trkpt lat="33.61129" lon="-117.76877">
        <ele>169.24</ele>
        <time>2026-07-26T15:28:21Z</time>
      </trkpt>
      <trkpt lat="33.61131" lon="-117.76876">
        <ele>168.97</ele>
        <time>2026-07-26T15:28:24Z</time>
      </trkpt>
      <trkpt lat="33.61135" lon="-117.76875">
        <ele>169.08</ele>
        <time>2026-07-26T15:28:28Z</time>
      </trkpt>
      <trkpt lat="33.61138" lon="-117.76875">
        <ele>169.4</ele>
        <time>2026-07-26T15:28:31Z</time>
      </trkpt>
      <trkpt lat="33.6114" lon="-117.76876">
        <ele>169.99</ele>
        <time>2026-07-26T15:28:34Z</time>
      </trkpt>
      <trkpt lat="33.61143" lon="-117.76877">
        <ele>170.72</ele>
        <time>2026-07-26T15:28:37Z</time>
      </trkpt>
      <trkpt lat="33.61146" lon="-117.76878">
        <ele>171.38</ele>
        <time>2026-07-26T15:28:40Z</time>
      </trkpt>
      <trkpt lat="33.61149" lon="-117.76879">
        <ele>171.85</ele>
        <time>2026-07-26T15:28:43Z</time>
      </trkpt>
      <trkpt lat="33.61152" lon="-117.7688">
        <ele>172.1</ele>
        <time>2026-07-26T15:28:46Z</time>
      </trkpt>
      <trkpt lat="33.61155" lon="-117.76881">
        <ele>172.33</ele>
        <time>2026-07-26T15:28:49Z</time>
      </trkpt>
      <trkpt lat="33.61158" lon="-117.76882">
        <ele>172.4</ele>
        <time>2026-07-26T15:28:52Z</time>
      </trkpt>
      <trkpt lat="33.61161" lon="-117.76883">
        <ele>172.09</ele>
        <time>2026-07-26T15:28:55Z</time>
      </trkpt>
      <trkpt lat="33.61164" lon="-117.76884">
        <ele>171.86</ele>
        <time>2026-07-26T15:28:58Z</time>
      </trkpt>
      <trkpt lat="33.61167" lon="-117.76886">
        <ele>172.03</ele>
        <time>2026-07-26T15:29:01Z</time>
      </trkpt>
      <trkpt lat="33.6117" lon="-117.76887">
        <ele>172.03</ele>
        <time>2026-07-26T15:29:04Z</time>
      </trkpt>
      <trkpt lat="33.61173" lon="-117.76888">
        <ele>172.03</ele>
        <time>2026-07-26T15:29:07Z</time>
      </trkpt>
      <trkpt lat="33.61176" lon="-117.76889">
        <ele>172.03</ele>
        <time>2026-07-26T15:29:10Z</time>
      </trkpt>
      <trkpt lat="33.61179" lon="-117.76891">
        <ele>172.71</ele>
        <time>2026-07-26T15:29:13Z</time>
      </trkpt>
      <trkpt lat="33.61182" lon="-117.76892">
        <ele>173.11</ele>
        <time>2026-07-26T15:29:16Z</time>
      </trkpt>
      <trkpt lat="33.61185" lon="-117.76893">
        <ele>173.43</ele>
        <time>2026-07-26T15:29:19Z</time>
      </trkpt>
      <trkpt lat="33.61188" lon="-117.76894">
        <ele>173.72</ele>
        <time>2026-07-26T15:29:22Z</time>
      </trkpt>
      <trkpt lat="33.61191" lon="-117.76896">
        <ele>174.25</ele>
        <time>2026-07-26T15:29:25Z</time>
      </trkpt>
      <trkpt lat="33.61194" lon="-117.76898">
        <ele>174.92</ele>
        <time>2026-07-26T15:29:28Z</time>
      </trkpt>
      <trkpt lat="33.61196" lon="-117.769">
        <ele>175.4</ele>
        <time>2026-07-26T15:29:30Z</time>
      </trkpt>
      <trkpt lat="33.61198" lon="-117.76904">
        <ele>176.26</ele>
        <time>2026-07-26T15:29:32Z</time>
      </trkpt>
      <trkpt lat="33.61199" lon="-117.76906">
        <ele>176.7</ele>
        <time>2026-07-26T15:29:34Z</time>
      </trkpt>
      <trkpt lat="33.61202" lon="-117.76909">
        <ele>177.2</ele>
        <time>2026-07-26T15:29:37Z</time>
      </trkpt>
      <trkpt lat="33.61205" lon="-117.76911">
        <ele>177.39</ele>
        <time>2026-07-26T15:29:40Z</time>
      </trkpt>
      <trkpt lat="33.61207" lon="-117.76913">
        <ele>177.6</ele>
        <time>2026-07-26T15:29:43Z</time>
      </trkpt>
      <trkpt lat="33.6121" lon="-117.76916">
        <ele>177.93</ele>
        <time>2026-07-26T15:29:46Z</time>
      </trkpt>
      <trkpt lat="33.61212" lon="-117.76918">
        <ele>178.16</ele>
        <time>2026-07-26T15:29:49Z</time>
      </trkpt>
      <trkpt lat="33.61215" lon="-117.7692">
        <ele>178.28</ele>
        <time>2026-07-26T15:29:52Z</time>
      </trkpt>
      <trkpt lat="33.61218" lon="-117.76922">
        <ele>178.26</ele>
        <time>2026-07-26T15:29:55Z</time>
      </trkpt>
      <trkpt lat="33.61221" lon="-117.76924">
        <ele>178.1</ele>
        <time>2026-07-26T15:29:58Z</time>
      </trkpt>
      <trkpt lat="33.61223" lon="-117.76926">
        <ele>178.01</ele>
        <time>2026-07-26T15:30:01Z</time>
      </trkpt>
      <trkpt lat="33.61226" lon="-117.76928">
        <ele>178.13</ele>
        <time>2026-07-26T15:30:04Z</time>
      </trkpt>
      <trkpt lat="33.61229" lon="-117.76929">
        <ele>178.09</ele>
        <time>2026-07-26T15:30:07Z</time>
      </trkpt>
      <trkpt lat="33.61231" lon="-117.76931">
        <ele>178.03</ele>
        <time>2026-07-26T15:30:10Z</time>
      </trkpt>
      <trkpt lat="33.61234" lon="-117.76932">
        <ele>178.0</ele>
        <time>2026-07-26T15:30:13Z</time>
      </trkpt>
      <trkpt lat="33.61237" lon="-117.76933">
        <ele>178.0</ele>
        <time>2026-07-26T15:30:16Z</time>
      </trkpt>
      <trkpt lat="33.61239" lon="-117.76934">
        <ele>178.0</ele>
        <time>2026-07-26T15:30:19Z</time>
      </trkpt>
      <trkpt lat="33.61243" lon="-117.76932">
        <ele>177.6</ele>
        <time>2026-07-26T15:30:23Z</time>
      </trkpt>
      <trkpt lat="33.61245" lon="-117.76931">
        <ele>177.29</ele>
        <time>2026-07-26T15:30:26Z</time>
      </trkpt>
      <trkpt lat="33.61249" lon="-117.76932">
        <ele>176.52</ele>
        <time>2026-07-26T15:30:30Z</time>
      </trkpt>
      <trkpt lat="33.61251" lon="-117.76934">
        <ele>175.91</ele>
        <time>2026-07-26T15:30:36Z</time>
      </trkpt>
      <trkpt lat="33.61254" lon="-117.76936">
        <ele>175.1</ele>
        <time>2026-07-26T15:30:40Z</time>
      </trkpt>
      <trkpt lat="33.61257" lon="-117.76937">
        <ele>174.34</ele>
        <time>2026-07-26T15:30:43Z</time>
      </trkpt>
      <trkpt lat="33.6126" lon="-117.76939">
        <ele>173.41</ele>
        <time>2026-07-26T15:30:46Z</time>
      </trkpt>
      <trkpt lat="33.61263" lon="-117.76941">
        <ele>172.67</ele>
        <time>2026-07-26T15:30:49Z</time>
      </trkpt>
      <trkpt lat="33.61266" lon="-117.76943">
        <ele>172.2</ele>
        <time>2026-07-26T15:30:52Z</time>
      </trkpt>
      <trkpt lat="33.61269" lon="-117.76944">
        <ele>172.05</ele>
        <time>2026-07-26T15:30:55Z</time>
      </trkpt>
      <trkpt lat="33.61272" lon="-117.76944">
        <ele>172.67</ele>
        <time>2026-07-26T15:30:58Z</time>
      </trkpt>
      <trkpt lat="33.61275" lon="-117.76945">
        <ele>173.42</ele>
        <time>2026-07-26T15:31:01Z</time>
      </trkpt>
      <trkpt lat="33.61278" lon="-117.76946">
        <ele>174.0</ele>
        <time>2026-07-26T15:31:04Z</time>
      </trkpt>
      <trkpt lat="33.61281" lon="-117.76947">
        <ele>174.1</ele>
        <time>2026-07-26T15:31:07Z</time>
      </trkpt>
      <trkpt lat="33.61284" lon="-117.76948">
        <ele>174.26</ele>
        <time>2026-07-26T15:31:10Z</time>
      </trkpt>
      <trkpt lat="33.61286" lon="-117.76949">
        <ele>174.44</ele>
        <time>2026-07-26T15:31:13Z</time>
      </trkpt>
      <trkpt lat="33.61289" lon="-117.7695">
        <ele>174.68</ele>
        <time>2026-07-26T15:31:16Z</time>
      </trkpt>
      <trkpt lat="33.61293" lon="-117.76951">
        <ele>174.9</ele>
        <time>2026-07-26T15:31:20Z</time>
      </trkpt>
      <trkpt lat="33.61295" lon="-117.76951">
        <ele>174.96</ele>
        <time>2026-07-26T15:31:23Z</time>
      </trkpt>
      <trkpt lat="33.61298" lon="-117.76952">
        <ele>174.97</ele>
        <time>2026-07-26T15:31:26Z</time>
      </trkpt>
      <trkpt lat="33.61301" lon="-117.76953">
        <ele>174.96</ele>
        <time>2026-07-26T15:31:29Z</time>
      </trkpt>
      <trkpt lat="33.61304" lon="-117.76954">
        <ele>175.03</ele>
        <time>2026-07-26T15:31:32Z</time>
      </trkpt>
      <trkpt lat="33.61308" lon="-117.76954">
        <ele>175.02</ele>
        <time>2026-07-26T15:31:35Z</time>
      </trkpt>
      <trkpt lat="33.61311" lon="-117.76955">
        <ele>175.06</ele>
        <time>2026-07-26T15:31:38Z</time>
      </trkpt>
      <trkpt lat="33.61315" lon="-117.76956">
        <ele>175.0</ele>
        <time>2026-07-26T15:31:41Z</time>
      </trkpt>
      <trkpt lat="33.61318" lon="-117.76956">
        <ele>175.0</ele>
        <time>2026-07-26T15:31:43Z</time>
      </trkpt>
      <trkpt lat="33.61322" lon="-117.76957">
        <ele>175.0</ele>
        <time>2026-07-26T15:31:45Z</time>
      </trkpt>
      <trkpt lat="33.61325" lon="-117.76957">
        <ele>174.94</ele>
        <time>2026-07-26T15:31:47Z</time>
      </trkpt>
      <trkpt lat="33.61328" lon="-117.76958">
        <ele>174.77</ele>
        <time>2026-07-26T15:31:49Z</time>
      </trkpt>
      <trkpt lat="33.61332" lon="-117.76958">
        <ele>174.54</ele>
        <time>2026-07-26T15:31:52Z</time>
      </trkpt>
      <trkpt lat="33.61334" lon="-117.76959">
        <ele>174.5</ele>
        <time>2026-07-26T15:31:54Z</time>
      </trkpt>
      <trkpt lat="33.61338" lon="-117.7696">
        <ele>174.18</ele>
        <time>2026-07-26T15:31:57Z</time>
      </trkpt>
      <trkpt lat="33.61341" lon="-117.76961">
        <ele>173.96</ele>
        <time>2026-07-26T15:32:01Z</time>
      </trkpt>
      <trkpt lat="33.61344" lon="-117.76963">
        <ele>173.85</ele>
        <time>2026-07-26T15:32:05Z</time>
      </trkpt>
      <trkpt lat="33.61347" lon="-117.76964">
        <ele>173.64</ele>
        <time>2026-07-26T15:32:08Z</time>
      </trkpt>
      <trkpt lat="33.6135" lon="-117.76968">
        <ele>173.74</ele>
        <time>2026-07-26T15:32:11Z</time>
      </trkpt>
      <trkpt lat="33.61352" lon="-117.7697">
        <ele>173.76</ele>
        <time>2026-07-26T15:32:13Z</time>
      </trkpt>
      <trkpt lat="33.61354" lon="-117.76972">
        <ele>173.98</ele>
        <time>2026-07-26T15:32:15Z</time>
      </trkpt>
      <trkpt lat="33.61357" lon="-117.76974">
        <ele>174.47</ele>
        <time>2026-07-26T15:32:18Z</time>
      </trkpt>
      <trkpt lat="33.6136" lon="-117.76976">
        <ele>174.86</ele>
        <time>2026-07-26T15:32:21Z</time>
      </trkpt>
      <trkpt lat="33.61363" lon="-117.76977">
        <ele>174.82</ele>
        <time>2026-07-26T15:32:24Z</time>
      </trkpt>
      <trkpt lat="33.61365" lon="-117.76978">
        <ele>174.72</ele>
        <time>2026-07-26T15:32:27Z</time>
      </trkpt>
      <trkpt lat="33.61368" lon="-117.7698">
        <ele>174.43</ele>
        <time>2026-07-26T15:32:30Z</time>
      </trkpt>
      <trkpt lat="33.61371" lon="-117.76982">
        <ele>174.04</ele>
        <time>2026-07-26T15:32:33Z</time>
      </trkpt>
      <trkpt lat="33.61373" lon="-117.76984">
        <ele>174.26</ele>
        <time>2026-07-26T15:32:36Z</time>
      </trkpt>
      <trkpt lat="33.61376" lon="-117.76986">
        <ele>174.37</ele>
        <time>2026-07-26T15:32:39Z</time>
      </trkpt>
      <trkpt lat="33.61379" lon="-117.76988">
        <ele>174.48</ele>
        <time>2026-07-26T15:32:42Z</time>
      </trkpt>
      <trkpt lat="33.61381" lon="-117.7699">
        <ele>174.73</ele>
        <time>2026-07-26T15:32:45Z</time>
      </trkpt>
      <trkpt lat="33.61384" lon="-117.76992">
        <ele>174.87</ele>
        <time>2026-07-26T15:32:48Z</time>
      </trkpt>
      <trkpt lat="33.61386" lon="-117.76994">
        <ele>175.13</ele>
        <time>2026-07-26T15:32:51Z</time>
      </trkpt>
      <trkpt lat="33.61388" lon="-117.76997">
        <ele>175.51</ele>
        <time>2026-07-26T15:32:54Z</time>
      </trkpt>
      <trkpt lat="33.61391" lon="-117.76999">
        <ele>175.63</ele>
        <time>2026-07-26T15:32:57Z</time>
      </trkpt>
      <trkpt lat="33.61393" lon="-117.77002">
        <ele>175.89</ele>
        <time>2026-07-26T15:33:00Z</time>
      </trkpt>
      <trkpt lat="33.61395" lon="-117.77005">
        <ele>176.06</ele>
        <time>2026-07-26T15:33:03Z</time>
      </trkpt>
      <trkpt lat="33.61398" lon="-117.77008">
        <ele>175.89</ele>
        <time>2026-07-26T15:33:06Z</time>
      </trkpt>
      <trkpt lat="33.614" lon="-117.7701">
        <ele>176.14</ele>
        <time>2026-07-26T15:33:09Z</time>
      </trkpt>
      <trkpt lat="33.61403" lon="-117.77013">
        <ele>176.6</ele>
        <time>2026-07-26T15:33:12Z</time>
      </trkpt>
      <trkpt lat="33.61405" lon="-117.77016">
        <ele>176.92</ele>
        <time>2026-07-26T15:33:15Z</time>
      </trkpt>
      <trkpt lat="33.61407" lon="-117.77019">
        <ele>177.15</ele>
        <time>2026-07-26T15:33:18Z</time>
      </trkpt>
      <trkpt lat="33.61409" lon="-117.77021">
        <ele>177.58</ele>
        <time>2026-07-26T15:33:21Z</time>
      </trkpt>
      <trkpt lat="33.61412" lon="-117.77023">
        <ele>178.21</ele>
        <time>2026-07-26T15:33:24Z</time>
      </trkpt>
      <trkpt lat="33.61414" lon="-117.77026">
        <ele>179.19</ele>
        <time>2026-07-26T15:33:28Z</time>
      </trkpt>
      <trkpt lat="33.61417" lon="-117.77028">
        <ele>179.97</ele>
        <time>2026-07-26T15:33:32Z</time>
      </trkpt>
      <trkpt lat="33.6142" lon="-117.77026">
        <ele>179.2</ele>
        <time>2026-07-26T15:33:36Z</time>
      </trkpt>
      <trkpt lat="33.61423" lon="-117.77024">
        <ele>178.65</ele>
        <time>2026-07-26T15:33:39Z</time>
      </trkpt>
      <trkpt lat="33.61426" lon="-117.77023">
        <ele>178.48</ele>
        <time>2026-07-26T15:33:43Z</time>
      </trkpt>
      <trkpt lat="33.6143" lon="-117.77025">
        <ele>178.88</ele>
        <time>2026-07-26T15:33:47Z</time>
      </trkpt>
      <trkpt lat="33.61432" lon="-117.77027">
        <ele>179.46</ele>
        <time>2026-07-26T15:33:50Z</time>
      </trkpt>
      <trkpt lat="33.61435" lon="-117.7703">
        <ele>180.22</ele>
        <time>2026-07-26T15:33:53Z</time>
      </trkpt>
      <trkpt lat="33.61437" lon="-117.77034">
        <ele>180.22</ele>
        <time>2026-07-26T15:33:56Z</time>
      </trkpt>
      <trkpt lat="33.61438" lon="-117.77038">
        <ele>180.5</ele>
        <time>2026-07-26T15:33:58Z</time>
      </trkpt>
      <trkpt lat="33.6144" lon="-117.77041">
        <ele>180.39</ele>
        <time>2026-07-26T15:34:00Z</time>
      </trkpt>
      <trkpt lat="33.61441" lon="-117.77045">
        <ele>180.6</ele>
        <time>2026-07-26T15:34:02Z</time>
      </trkpt>
      <trkpt lat="33.6144" lon="-117.77049">
        <ele>181.11</ele>
        <time>2026-07-26T15:34:05Z</time>
      </trkpt>
      <trkpt lat="33.61441" lon="-117.77053">
        <ele>181.2</ele>
        <time>2026-07-26T15:34:08Z</time>
      </trkpt>
      <trkpt lat="33.61442" lon="-117.77057">
        <ele>181.31</ele>
        <time>2026-07-26T15:34:11Z</time>
      </trkpt>
      <trkpt lat="33.61444" lon="-117.77061">
        <ele>181.08</ele>
        <time>2026-07-26T15:34:14Z</time>
      </trkpt>
      <trkpt lat="33.61446" lon="-117.77064">
        <ele>180.51</ele>
        <time>2026-07-26T15:34:17Z</time>
      </trkpt>
      <trkpt lat="33.61447" lon="-117.77067">
        <ele>180.41</ele>
        <time>2026-07-26T15:34:20Z</time>
      </trkpt>
      <trkpt lat="33.61449" lon="-117.77071">
        <ele>180.19</ele>
        <time>2026-07-26T15:34:23Z</time>
      </trkpt>
      <trkpt lat="33.6145" lon="-117.77075">
        <ele>180.28</ele>
        <time>2026-07-26T15:34:26Z</time>
      </trkpt>
      <trkpt lat="33.6145" lon="-117.77079">
        <ele>180.63</ele>
        <time>2026-07-26T15:34:29Z</time>
      </trkpt>
      <trkpt lat="33.61451" lon="-117.77082">
        <ele>180.84</ele>
        <time>2026-07-26T15:34:32Z</time>
      </trkpt>
      <trkpt lat="33.61452" lon="-117.77086">
        <ele>180.76</ele>
        <time>2026-07-26T15:34:35Z</time>
      </trkpt>
      <trkpt lat="33.61453" lon="-117.7709">
        <ele>180.33</ele>
        <time>2026-07-26T15:34:38Z</time>
      </trkpt>
      <trkpt lat="33.61454" lon="-117.77094">
        <ele>180.48</ele>
        <time>2026-07-26T15:34:41Z</time>
      </trkpt>
      <trkpt lat="33.61455" lon="-117.77097">
        <ele>181.5</ele>
        <time>2026-07-26T15:34:44Z</time>
      </trkpt>
      <trkpt lat="33.61456" lon="-117.771">
        <ele>182.45</ele>
        <time>2026-07-26T15:34:47Z</time>
      </trkpt>
      <trkpt lat="33.61459" lon="-117.77099">
        <ele>182.25</ele>
        <time>2026-07-26T15:34:54Z</time>
      </trkpt>
      <trkpt lat="33.61461" lon="-117.77102">
        <ele>183.04</ele>
        <time>2026-07-26T15:34:58Z</time>
      </trkpt>
      <trkpt lat="33.61462" lon="-117.77105">
        <ele>183.72</ele>
        <time>2026-07-26T15:35:02Z</time>
      </trkpt>
      <trkpt lat="33.61465" lon="-117.77108">
        <ele>183.6</ele>
        <time>2026-07-26T15:35:06Z</time>
      </trkpt>
      <trkpt lat="33.61467" lon="-117.77109">
        <ele>183.0</ele>
        <time>2026-07-26T15:35:10Z</time>
      </trkpt>
      <trkpt lat="33.61472" lon="-117.77109">
        <ele>181.09</ele>
        <time>2026-07-26T15:35:13Z</time>
      </trkpt>
      <trkpt lat="33.61475" lon="-117.77109">
        <ele>181.53</ele>
        <time>2026-07-26T15:35:15Z</time>
      </trkpt>
      <trkpt lat="33.61478" lon="-117.77109">
        <ele>182.11</ele>
        <time>2026-07-26T15:35:17Z</time>
      </trkpt>
      <trkpt lat="33.61482" lon="-117.77109">
        <ele>182.79</ele>
        <time>2026-07-26T15:35:20Z</time>
      </trkpt>
      <trkpt lat="33.61485" lon="-117.7711">
        <ele>183.12</ele>
        <time>2026-07-26T15:35:23Z</time>
      </trkpt>
      <trkpt lat="33.61488" lon="-117.77109">
        <ele>182.99</ele>
        <time>2026-07-26T15:35:26Z</time>
      </trkpt>
      <trkpt lat="33.61491" lon="-117.77109">
        <ele>183.11</ele>
        <time>2026-07-26T15:35:29Z</time>
      </trkpt>
      <trkpt lat="33.61494" lon="-117.77108">
        <ele>183.13</ele>
        <time>2026-07-26T15:35:32Z</time>
      </trkpt>
      <trkpt lat="33.61496" lon="-117.77108">
        <ele>183.42</ele>
        <time>2026-07-26T15:35:35Z</time>
      </trkpt>
      <trkpt lat="33.615" lon="-117.77107">
        <ele>184.0</ele>
        <time>2026-07-26T15:35:39Z</time>
      </trkpt>
      <trkpt lat="33.61503" lon="-117.77106">
        <ele>184.97</ele>
        <time>2026-07-26T15:35:43Z</time>
      </trkpt>
      <trkpt lat="33.61507" lon="-117.77106">
        <ele>186.27</ele>
        <time>2026-07-26T15:35:47Z</time>
      </trkpt>
      <trkpt lat="33.6151" lon="-117.77106">
        <ele>187.12</ele>
        <time>2026-07-26T15:35:51Z</time>
      </trkpt>
      <trkpt lat="33.61513" lon="-117.77106">
        <ele>187.63</ele>
        <time>2026-07-26T15:35:55Z</time>
      </trkpt>
      <trkpt lat="33.61516" lon="-117.77105">
        <ele>188.21</ele>
        <time>2026-07-26T15:35:59Z</time>
      </trkpt>
      <trkpt lat="33.61519" lon="-117.77105">
        <ele>188.71</ele>
        <time>2026-07-26T15:36:03Z</time>
      </trkpt>
      <trkpt lat="33.61522" lon="-117.77105">
        <ele>189.04</ele>
        <time>2026-07-26T15:36:06Z</time>
      </trkpt>
      <trkpt lat="33.61526" lon="-117.77105">
        <ele>189.47</ele>
        <time>2026-07-26T15:36:10Z</time>
      </trkpt>
      <trkpt lat="33.61528" lon="-117.77105">
        <ele>189.68</ele>
        <time>2026-07-26T15:36:13Z</time>
      </trkpt>
      <trkpt lat="33.61531" lon="-117.77105">
        <ele>190.01</ele>
        <time>2026-07-26T15:36:16Z</time>
      </trkpt>
      <trkpt lat="33.61534" lon="-117.77106">
        <ele>190.22</ele>
        <time>2026-07-26T15:36:19Z</time>
      </trkpt>
      <trkpt lat="33.61537" lon="-117.77106">
        <ele>190.55</ele>
        <time>2026-07-26T15:36:22Z</time>
      </trkpt>
      <trkpt lat="33.6154" lon="-117.7711">
        <ele>190.44</ele>
        <time>2026-07-26T15:36:25Z</time>
      </trkpt>
      <trkpt lat="33.61541" lon="-117.77114">
        <ele>190.16</ele>
        <time>2026-07-26T15:36:27Z</time>
      </trkpt>
      <trkpt lat="33.61543" lon="-117.77118">
        <ele>189.69</ele>
        <time>2026-07-26T15:36:29Z</time>
      </trkpt>
      <trkpt lat="33.61545" lon="-117.7712">
        <ele>189.21</ele>
        <time>2026-07-26T15:36:31Z</time>
      </trkpt>
      <trkpt lat="33.61547" lon="-117.77124">
        <ele>188.59</ele>
        <time>2026-07-26T15:36:34Z</time>
      </trkpt>
      <trkpt lat="33.6155" lon="-117.77126">
        <ele>188.48</ele>
        <time>2026-07-26T15:36:37Z</time>
      </trkpt>
      <trkpt lat="33.61552" lon="-117.77129">
        <ele>188.6</ele>
        <time>2026-07-26T15:36:40Z</time>
      </trkpt>
      <trkpt lat="33.61553" lon="-117.77132">
        <ele>188.77</ele>
        <time>2026-07-26T15:36:45Z</time>
      </trkpt>
      <trkpt lat="33.61554" lon="-117.77135">
        <ele>189.12</ele>
        <time>2026-07-26T15:36:49Z</time>
      </trkpt>
      <trkpt lat="33.61556" lon="-117.77138">
        <ele>190.0</ele>
        <time>2026-07-26T15:36:53Z</time>
      </trkpt>
      <trkpt lat="33.61556" lon="-117.77142">
        <ele>190.75</ele>
        <time>2026-07-26T15:36:57Z</time>
      </trkpt>
      <trkpt lat="33.61557" lon="-117.77146">
        <ele>191.73</ele>
        <time>2026-07-26T15:37:01Z</time>
      </trkpt>
      <trkpt lat="33.61557" lon="-117.7715">
        <ele>192.16</ele>
        <time>2026-07-26T15:37:05Z</time>
      </trkpt>
      <trkpt lat="33.6156" lon="-117.77147">
        <ele>192.29</ele>
        <time>2026-07-26T15:37:11Z</time>
      </trkpt>
      <trkpt lat="33.61561" lon="-117.77143">
        <ele>191.8</ele>
        <time>2026-07-26T15:37:14Z</time>
      </trkpt>
      <trkpt lat="33.61563" lon="-117.7714">
        <ele>191.75</ele>
        <time>2026-07-26T15:37:17Z</time>
      </trkpt>
      <trkpt lat="33.61565" lon="-117.77137">
        <ele>192.04</ele>
        <time>2026-07-26T15:37:20Z</time>
      </trkpt>
      <trkpt lat="33.61568" lon="-117.77135">
        <ele>192.54</ele>
        <time>2026-07-26T15:37:22Z</time>
      </trkpt>
      <trkpt lat="33.61571" lon="-117.77135">
        <ele>193.06</ele>
        <time>2026-07-26T15:37:24Z</time>
      </trkpt>
      <trkpt lat="33.61575" lon="-117.77136">
        <ele>193.79</ele>
        <time>2026-07-26T15:37:27Z</time>
      </trkpt>
      <trkpt lat="33.61578" lon="-117.77139">
        <ele>194.42</ele>
        <time>2026-07-26T15:37:30Z</time>
      </trkpt>
      <trkpt lat="33.6158" lon="-117.77141">
        <ele>194.64</ele>
        <time>2026-07-26T15:37:33Z</time>
      </trkpt>
      <trkpt lat="33.61583" lon="-117.77142">
        <ele>194.96</ele>
        <time>2026-07-26T15:37:37Z</time>
      </trkpt>
      <trkpt lat="33.61586" lon="-117.77142">
        <ele>195.38</ele>
        <time>2026-07-26T15:37:40Z</time>
      </trkpt>
      <trkpt lat="33.61589" lon="-117.77144">
        <ele>195.95</ele>
        <time>2026-07-26T15:37:44Z</time>
      </trkpt>
      <trkpt lat="33.61592" lon="-117.77145">
        <ele>196.55</ele>
        <time>2026-07-26T15:37:48Z</time>
      </trkpt>
      <trkpt lat="33.61595" lon="-117.77147">
        <ele>197.4</ele>
        <time>2026-07-26T15:37:52Z</time>
      </trkpt>
      <trkpt lat="33.61598" lon="-117.77147">
        <ele>198.04</ele>
        <time>2026-07-26T15:37:57Z</time>
      </trkpt>
      <trkpt lat="33.61601" lon="-117.77148">
        <ele>198.8</ele>
        <time>2026-07-26T15:38:01Z</time>
      </trkpt>
      <trkpt lat="33.61603" lon="-117.77149">
        <ele>199.14</ele>
        <time>2026-07-26T15:38:05Z</time>
      </trkpt>
      <trkpt lat="33.61606" lon="-117.77151">
        <ele>199.59</ele>
        <time>2026-07-26T15:38:09Z</time>
      </trkpt>
      <trkpt lat="33.61609" lon="-117.77152">
        <ele>200.09</ele>
        <time>2026-07-26T15:38:13Z</time>
      </trkpt>
      <trkpt lat="33.61612" lon="-117.77153">
        <ele>200.76</ele>
        <time>2026-07-26T15:38:17Z</time>
      </trkpt>
      <trkpt lat="33.61615" lon="-117.77154">
        <ele>201.63</ele>
        <time>2026-07-26T15:38:22Z</time>
      </trkpt>
      <trkpt lat="33.61618" lon="-117.77155">
        <ele>202.42</ele>
        <time>2026-07-26T15:38:26Z</time>
      </trkpt>
      <trkpt lat="33.6162" lon="-117.77155">
        <ele>202.91</ele>
        <time>2026-07-26T15:38:30Z</time>
      </trkpt>
      <trkpt lat="33.61623" lon="-117.77153">
        <ele>203.72</ele>
        <time>2026-07-26T15:38:34Z</time>
      </trkpt>
      <trkpt lat="33.61626" lon="-117.77152">
        <ele>204.47</ele>
        <time>2026-07-26T15:38:38Z</time>
      </trkpt>
      <trkpt lat="33.61628" lon="-117.7715">
        <ele>204.81</ele>
        <time>2026-07-26T15:38:43Z</time>
      </trkpt>
      <trkpt lat="33.61631" lon="-117.77148">
        <ele>205.44</ele>
        <time>2026-07-26T15:38:51Z</time>
      </trkpt>
      <trkpt lat="33.61633" lon="-117.77147">
        <ele>206.05</ele>
        <time>2026-07-26T15:38:55Z</time>
      </trkpt>
      <trkpt lat="33.61636" lon="-117.77146">
        <ele>206.9</ele>
        <time>2026-07-26T15:38:59Z</time>
      </trkpt>
      <trkpt lat="33.61639" lon="-117.77145">
        <ele>207.68</ele>
        <time>2026-07-26T15:39:03Z</time>
      </trkpt>
      <trkpt lat="33.61641" lon="-117.77144">
        <ele>208.01</ele>
        <time>2026-07-26T15:39:07Z</time>
      </trkpt>
      <trkpt lat="33.61644" lon="-117.77143">
        <ele>208.55</ele>
        <time>2026-07-26T15:39:12Z</time>
      </trkpt>
      <trkpt lat="33.61646" lon="-117.7714">
        <ele>208.66</ele>
        <time>2026-07-26T15:39:42Z</time>
      </trkpt>
      <trkpt lat="33.61649" lon="-117.77139">
        <ele>209.2</ele>
        <time>2026-07-26T15:39:47Z</time>
      </trkpt>
      <trkpt lat="33.61652" lon="-117.77138">
        <ele>209.74</ele>
        <time>2026-07-26T15:39:51Z</time>
      </trkpt>
      <trkpt lat="33.61655" lon="-117.77137">
        <ele>210.28</ele>
        <time>2026-07-26T15:39:55Z</time>
      </trkpt>
      <trkpt lat="33.61659" lon="-117.77137">
        <ele>211.18</ele>
        <time>2026-07-26T15:39:57Z</time>
      </trkpt>
      <trkpt lat="33.61662" lon="-117.77137">
        <ele>211.89</ele>
        <time>2026-07-26T15:39:59Z</time>
      </trkpt>
      <trkpt lat="33.61665" lon="-117.77136">
        <ele>212.58</ele>
        <time>2026-07-26T15:40:02Z</time>
      </trkpt>
      <trkpt lat="33.61667" lon="-117.77135">
        <ele>213.07</ele>
        <time>2026-07-26T15:40:06Z</time>
      </trkpt>
      <trkpt lat="33.6167" lon="-117.77134">
        <ele>213.72</ele>
        <time>2026-07-26T15:40:11Z</time>
      </trkpt>
      <trkpt lat="33.61673" lon="-117.77133">
        <ele>214.37</ele>
        <time>2026-07-26T15:40:16Z</time>
      </trkpt>
      <trkpt lat="33.61676" lon="-117.77132">
        <ele>215.02</ele>
        <time>2026-07-26T15:40:21Z</time>
      </trkpt>
      <trkpt lat="33.61679" lon="-117.77131">
        <ele>216.0</ele>
        <time>2026-07-26T15:40:26Z</time>
      </trkpt>
      <trkpt lat="33.61682" lon="-117.7713">
        <ele>216.97</ele>
        <time>2026-07-26T15:40:31Z</time>
      </trkpt>
      <trkpt lat="33.61685" lon="-117.77128">
        <ele>217.59</ele>
        <time>2026-07-26T15:40:36Z</time>
      </trkpt>
      <trkpt lat="33.61688" lon="-117.77127">
        <ele>218.04</ele>
        <time>2026-07-26T15:40:41Z</time>
      </trkpt>
      <trkpt lat="33.61691" lon="-117.77126">
        <ele>218.47</ele>
        <time>2026-07-26T15:40:46Z</time>
      </trkpt>
      <trkpt lat="33.61694" lon="-117.77126">
        <ele>219.12</ele>
        <time>2026-07-26T15:40:51Z</time>
      </trkpt>
      <trkpt lat="33.61697" lon="-117.77125">
        <ele>219.55</ele>
        <time>2026-07-26T15:40:56Z</time>
      </trkpt>
      <trkpt lat="33.617" lon="-117.77124">
        <ele>219.98</ele>
        <time>2026-07-26T15:41:01Z</time>
      </trkpt>
      <trkpt lat="33.61703" lon="-117.77124">
        <ele>220.63</ele>
        <time>2026-07-26T15:41:06Z</time>
      </trkpt>
      <trkpt lat="33.61706" lon="-117.77125">
        <ele>221.87</ele>
        <time>2026-07-26T15:41:11Z</time>
      </trkpt>
      <trkpt lat="33.61708" lon="-117.77128">
        <ele>223.12</ele>
        <time>2026-07-26T15:41:15Z</time>
      </trkpt>
      <trkpt lat="33.6171" lon="-117.77126">
        <ele>223.52</ele>
        <time>2026-07-26T15:41:20Z</time>
      </trkpt>
      <trkpt lat="33.61713" lon="-117.77127">
        <ele>224.72</ele>
        <time>2026-07-26T15:41:25Z</time>
      </trkpt>
      <trkpt lat="33.61716" lon="-117.77128">
        <ele>225.48</ele>
        <time>2026-07-26T15:42:15Z</time>
      </trkpt>
      <trkpt lat="33.61719" lon="-117.77128">
        <ele>226.13</ele>
        <time>2026-07-26T15:42:18Z</time>
      </trkpt>
      <trkpt lat="33.61722" lon="-117.77127">
        <ele>226.67</ele>
        <time>2026-07-26T15:42:22Z</time>
      </trkpt>
      <trkpt lat="33.61724" lon="-117.77124">
        <ele>226.58</ele>
        <time>2026-07-26T15:42:25Z</time>
      </trkpt>
      <trkpt lat="33.61727" lon="-117.77122">
        <ele>226.69</ele>
        <time>2026-07-26T15:42:28Z</time>
      </trkpt>
      <trkpt lat="33.6173" lon="-117.7712">
        <ele>226.71</ele>
        <time>2026-07-26T15:42:31Z</time>
      </trkpt>
      <trkpt lat="33.61733" lon="-117.77118">
        <ele>226.27</ele>
        <time>2026-07-26T15:42:34Z</time>
      </trkpt>
      <trkpt lat="33.61736" lon="-117.77116">
        <ele>225.81</ele>
        <time>2026-07-26T15:42:37Z</time>
      </trkpt>
      <trkpt lat="33.61739" lon="-117.77115">
        <ele>225.73</ele>
        <time>2026-07-26T15:42:40Z</time>
      </trkpt>
      <trkpt lat="33.61741" lon="-117.77114">
        <ele>225.66</ele>
        <time>2026-07-26T15:42:43Z</time>
      </trkpt>
      <trkpt lat="33.61744" lon="-117.77112">
        <ele>225.83</ele>
        <time>2026-07-26T15:42:46Z</time>
      </trkpt>
      <trkpt lat="33.61747" lon="-117.77111">
        <ele>226.32</ele>
        <time>2026-07-26T15:42:49Z</time>
      </trkpt>
      <trkpt lat="33.6175" lon="-117.7711">
        <ele>226.64</ele>
        <time>2026-07-26T15:42:52Z</time>
      </trkpt>
      <trkpt lat="33.61753" lon="-117.77108">
        <ele>226.42</ele>
        <time>2026-07-26T15:42:55Z</time>
      </trkpt>
      <trkpt lat="33.61756" lon="-117.77106">
        <ele>226.35</ele>
        <time>2026-07-26T15:42:58Z</time>
      </trkpt>
      <trkpt lat="33.61759" lon="-117.77104">
        <ele>226.41</ele>
        <time>2026-07-26T15:43:01Z</time>
      </trkpt>
      <trkpt lat="33.61761" lon="-117.77102">
        <ele>226.59</ele>
        <time>2026-07-26T15:43:04Z</time>
      </trkpt>
      <trkpt lat="33.61764" lon="-117.771">
        <ele>227.34</ele>
        <time>2026-07-26T15:43:07Z</time>
      </trkpt>
      <trkpt lat="33.61766" lon="-117.77098">
        <ele>227.77</ele>
        <time>2026-07-26T15:43:10Z</time>
      </trkpt>
      <trkpt lat="33.61769" lon="-117.77097">
        <ele>228.58</ele>
        <time>2026-07-26T15:43:14Z</time>
      </trkpt>
      <trkpt lat="33.61772" lon="-117.77095">
        <ele>229.19</ele>
        <time>2026-07-26T15:43:18Z</time>
      </trkpt>
      <trkpt lat="33.61775" lon="-117.77094">
        <ele>230.04</ele>
        <time>2026-07-26T15:43:22Z</time>
      </trkpt>
      <trkpt lat="33.61777" lon="-117.77091">
        <ele>230.42</ele>
        <time>2026-07-26T15:43:30Z</time>
      </trkpt>
      <trkpt lat="33.61779" lon="-117.77088">
        <ele>230.27</ele>
        <time>2026-07-26T15:43:35Z</time>
      </trkpt>
      <trkpt lat="33.61781" lon="-117.77087">
        <ele>230.56</ele>
        <time>2026-07-26T15:43:39Z</time>
      </trkpt>
      <trkpt lat="33.61784" lon="-117.77085">
        <ele>231.13</ele>
        <time>2026-07-26T15:43:43Z</time>
      </trkpt>
      <trkpt lat="33.61787" lon="-117.77083">
        <ele>231.92</ele>
        <time>2026-07-26T15:43:47Z</time>
      </trkpt>
      <trkpt lat="33.6179" lon="-117.77082">
        <ele>232.35</ele>
        <time>2026-07-26T15:43:51Z</time>
      </trkpt>
      <trkpt lat="33.61792" lon="-117.77081">
        <ele>232.57</ele>
        <time>2026-07-26T15:43:55Z</time>
      </trkpt>
      <trkpt lat="33.61795" lon="-117.77079">
        <ele>232.78</ele>
        <time>2026-07-26T15:43:59Z</time>
      </trkpt>
      <trkpt lat="33.61797" lon="-117.77081">
        <ele>233.72</ele>
        <time>2026-07-26T15:44:03Z</time>
      </trkpt>
      <trkpt lat="33.618" lon="-117.77082">
        <ele>234.91</ele>
        <time>2026-07-26T15:44:09Z</time>
      </trkpt>
      <trkpt lat="33.61803" lon="-117.77083">
        <ele>236.1</ele>
        <time>2026-07-26T15:44:17Z</time>
      </trkpt>
      <trkpt lat="33.61806" lon="-117.77082">
        <ele>236.77</ele>
        <time>2026-07-26T15:44:24Z</time>
      </trkpt>
      <trkpt lat="33.61809" lon="-117.77081">
        <ele>236.96</ele>
        <time>2026-07-26T15:44:30Z</time>
      </trkpt>
      <trkpt lat="33.61812" lon="-117.7708">
        <ele>237.23</ele>
        <time>2026-07-26T15:44:35Z</time>
      </trkpt>
      <trkpt lat="33.61815" lon="-117.7708">
        <ele>237.7</ele>
        <time>2026-07-26T15:44:40Z</time>
      </trkpt>
      <trkpt lat="33.61818" lon="-117.77079">
        <ele>238.56</ele>
        <time>2026-07-26T15:44:45Z</time>
      </trkpt>
      <trkpt lat="33.61821" lon="-117.77079">
        <ele>239.54</ele>
        <time>2026-07-26T15:44:51Z</time>
      </trkpt>
      <trkpt lat="33.61823" lon="-117.77079">
        <ele>240.18</ele>
        <time>2026-07-26T15:44:59Z</time>
      </trkpt>
      <trkpt lat="33.61826" lon="-117.77079">
        <ele>241.25</ele>
        <time>2026-07-26T15:45:09Z</time>
      </trkpt>
      <trkpt lat="33.61829" lon="-117.7708">
        <ele>242.43</ele>
        <time>2026-07-26T15:45:13Z</time>
      </trkpt>
      <trkpt lat="33.61832" lon="-117.7708">
        <ele>243.52</ele>
        <time>2026-07-26T15:45:17Z</time>
      </trkpt>
      <trkpt lat="33.61836" lon="-117.77081">
        <ele>244.65</ele>
        <time>2026-07-26T15:45:21Z</time>
      </trkpt>
      <trkpt lat="33.61839" lon="-117.77081">
        <ele>245.38</ele>
        <time>2026-07-26T15:45:25Z</time>
      </trkpt>
      <trkpt lat="33.61842" lon="-117.77081">
        <ele>246.11</ele>
        <time>2026-07-26T15:45:29Z</time>
      </trkpt>
      <trkpt lat="33.61845" lon="-117.77081">
        <ele>247.1</ele>
        <time>2026-07-26T15:45:33Z</time>
      </trkpt>
      <trkpt lat="33.61848" lon="-117.77081">
        <ele>248.15</ele>
        <time>2026-07-26T15:45:37Z</time>
      </trkpt>
      <trkpt lat="33.61851" lon="-117.77082">
        <ele>249.0</ele>
        <time>2026-07-26T15:45:41Z</time>
      </trkpt>
      <trkpt lat="33.61855" lon="-117.77082">
        <ele>249.34</ele>
        <time>2026-07-26T15:45:45Z</time>
      </trkpt>
      <trkpt lat="33.61858" lon="-117.77082">
        <ele>249.38</ele>
        <time>2026-07-26T15:45:49Z</time>
      </trkpt>
      <trkpt lat="33.61854" lon="-117.77081">
        <ele>249.56</ele>
        <time>2026-07-26T15:45:55Z</time>
      </trkpt>
      <trkpt lat="33.61852" lon="-117.77079">
        <ele>249.94</ele>
        <time>2026-07-26T15:45:58Z</time>
      </trkpt>
      <trkpt lat="33.61851" lon="-117.77075">
        <ele>250.44</ele>
        <time>2026-07-26T15:46:00Z</time>
      </trkpt>
      <trkpt lat="33.6185" lon="-117.77071">
        <ele>250.2</ele>
        <time>2026-07-26T15:46:02Z</time>
      </trkpt>
      <trkpt lat="33.61849" lon="-117.77067">
        <ele>249.77</ele>
        <time>2026-07-26T15:46:05Z</time>
      </trkpt>
      <trkpt lat="33.61847" lon="-117.77064">
        <ele>248.68</ele>
        <time>2026-07-26T15:46:09Z</time>
      </trkpt>
      <trkpt lat="33.61847" lon="-117.77059">
        <ele>247.32</ele>
        <time>2026-07-26T15:47:27Z</time>
      </trkpt>
      <trkpt lat="33.61848" lon="-117.77054">
        <ele>246.42</ele>
        <time>2026-07-26T15:47:35Z</time>
      </trkpt>
      <trkpt lat="33.61849" lon="-117.77048">
        <ele>245.01</ele>
        <time>2026-07-26T15:47:37Z</time>
      </trkpt>
      <trkpt lat="33.61849" lon="-117.7704">
        <ele>243.57</ele>
        <time>2026-07-26T15:47:39Z</time>
      </trkpt>
      <trkpt lat="33.61849" lon="-117.77034">
        <ele>242.27</ele>
        <time>2026-07-26T15:47:41Z</time>
      </trkpt>
      <trkpt lat="33.6185" lon="-117.7703">
        <ele>241.67</ele>
        <time>2026-07-26T15:47:43Z</time>
      </trkpt>
      <trkpt lat="33.6185" lon="-117.77025">
        <ele>240.64</ele>
        <time>2026-07-26T15:47:46Z</time>
      </trkpt>
      <trkpt lat="33.61853" lon="-117.77022">
        <ele>242.03</ele>
        <time>2026-07-26T15:47:48Z</time>
      </trkpt>
      <trkpt lat="33.61855" lon="-117.7702">
        <ele>243.09</ele>
        <time>2026-07-26T15:47:50Z</time>
      </trkpt>
      <trkpt lat="33.61857" lon="-117.77017">
        <ele>244.5</ele>
        <time>2026-07-26T15:47:52Z</time>
      </trkpt>
      <trkpt lat="33.61859" lon="-117.77013">
        <ele>246.23</ele>
        <time>2026-07-26T15:47:55Z</time>
      </trkpt>
      <trkpt lat="33.6186" lon="-117.77009">
        <ele>247.31</ele>
        <time>2026-07-26T15:47:58Z</time>
      </trkpt>
      <trkpt lat="33.61861" lon="-117.77006">
        <ele>248.28</ele>
        <time>2026-07-26T15:48:01Z</time>
      </trkpt>
      <trkpt lat="33.61862" lon="-117.77002">
        <ele>248.69</ele>
        <time>2026-07-26T15:48:05Z</time>
      </trkpt>
      <trkpt lat="33.61862" lon="-117.76997">
        <ele>248.94</ele>
        <time>2026-07-26T15:48:09Z</time>
      </trkpt>
      <trkpt lat="33.61863" lon="-117.76993">
        <ele>248.95</ele>
        <time>2026-07-26T15:48:13Z</time>
      </trkpt>
      <trkpt lat="33.61863" lon="-117.7699">
        <ele>249.11</ele>
        <time>2026-07-26T15:48:18Z</time>
      </trkpt>
      <trkpt lat="33.61864" lon="-117.76987">
        <ele>249.66</ele>
        <time>2026-07-26T15:48:23Z</time>
      </trkpt>
      <trkpt lat="33.61864" lon="-117.76983">
        <ele>250.36</ele>
        <time>2026-07-26T15:48:27Z</time>
      </trkpt>
      <trkpt lat="33.61864" lon="-117.7698">
        <ele>250.84</ele>
        <time>2026-07-26T15:48:31Z</time>
      </trkpt>
      <trkpt lat="33.61865" lon="-117.76976">
        <ele>251.53</ele>
        <time>2026-07-26T15:48:35Z</time>
      </trkpt>
      <trkpt lat="33.61863" lon="-117.76972">
        <ele>252.0</ele>
        <time>2026-07-26T15:48:39Z</time>
      </trkpt>
      <trkpt lat="33.61861" lon="-117.7697">
        <ele>252.18</ele>
        <time>2026-07-26T15:48:41Z</time>
      </trkpt>
      <trkpt lat="33.61858" lon="-117.76967">
        <ele>251.5</ele>
        <time>2026-07-26T15:48:44Z</time>
      </trkpt>
      <trkpt lat="33.61856" lon="-117.76964">
        <ele>252.03</ele>
        <time>2026-07-26T15:48:47Z</time>
      </trkpt>
      <trkpt lat="33.61853" lon="-117.76961">
        <ele>252.23</ele>
        <time>2026-07-26T15:48:50Z</time>
      </trkpt>
      <trkpt lat="33.61851" lon="-117.76958">
        <ele>252.37</ele>
        <time>2026-07-26T15:48:53Z</time>
      </trkpt>
      <trkpt lat="33.61849" lon="-117.76955">
        <ele>252.69</ele>
        <time>2026-07-26T15:48:56Z</time>
      </trkpt>
      <trkpt lat="33.61847" lon="-117.76952">
        <ele>253.11</ele>
        <time>2026-07-26T15:48:59Z</time>
      </trkpt>
      <trkpt lat="33.61845" lon="-117.76949">
        <ele>253.62</ele>
        <time>2026-07-26T15:49:02Z</time>
      </trkpt>
      <trkpt lat="33.61843" lon="-117.76946">
        <ele>254.55</ele>
        <time>2026-07-26T15:49:05Z</time>
      </trkpt>
      <trkpt lat="33.61841" lon="-117.76944">
        <ele>254.88</ele>
        <time>2026-07-26T15:49:08Z</time>
      </trkpt>
      <trkpt lat="33.61839" lon="-117.76941">
        <ele>255.13</ele>
        <time>2026-07-26T15:49:12Z</time>
      </trkpt>
      <trkpt lat="33.61837" lon="-117.76938">
        <ele>255.51</ele>
        <time>2026-07-26T15:49:16Z</time>
      </trkpt>
      <trkpt lat="33.61835" lon="-117.76935">
        <ele>256.02</ele>
        <time>2026-07-26T15:49:20Z</time>
      </trkpt>
      <trkpt lat="33.61834" lon="-117.76932">
        <ele>256.37</ele>
        <time>2026-07-26T15:49:24Z</time>
      </trkpt>
      <trkpt lat="33.61833" lon="-117.76929">
        <ele>256.51</ele>
        <time>2026-07-26T15:49:28Z</time>
      </trkpt>
      <trkpt lat="33.61835" lon="-117.76926">
        <ele>257.17</ele>
        <time>2026-07-26T15:49:32Z</time>
      </trkpt>
      <trkpt lat="33.61835" lon="-117.76922">
        <ele>257.95</ele>
        <time>2026-07-26T15:49:36Z</time>
      </trkpt>
      <trkpt lat="33.61835" lon="-117.76919">
        <ele>258.54</ele>
        <time>2026-07-26T15:49:40Z</time>
      </trkpt>
      <trkpt lat="33.61834" lon="-117.76915">
        <ele>259.18</ele>
        <time>2026-07-26T15:49:44Z</time>
      </trkpt>
      <trkpt lat="33.61834" lon="-117.76912">
        <ele>259.5</ele>
        <time>2026-07-26T15:49:48Z</time>
      </trkpt>
      <trkpt lat="33.61834" lon="-117.76908">
        <ele>259.94</ele>
        <time>2026-07-26T15:49:52Z</time>
      </trkpt>
      <trkpt lat="33.61834" lon="-117.76904">
        <ele>260.34</ele>
        <time>2026-07-26T15:49:56Z</time>
      </trkpt>
      <trkpt lat="33.61833" lon="-117.76899">
        <ele>260.76</ele>
        <time>2026-07-26T15:50:00Z</time>
      </trkpt>
      <trkpt lat="33.61833" lon="-117.76896">
        <ele>260.86</ele>
        <time>2026-07-26T15:50:02Z</time>
      </trkpt>
      <trkpt lat="33.61833" lon="-117.76892">
        <ele>260.88</ele>
        <time>2026-07-26T15:50:04Z</time>
      </trkpt>
      <trkpt lat="33.61833" lon="-117.76888">
        <ele>260.99</ele>
        <time>2026-07-26T15:50:07Z</time>
      </trkpt>
      <trkpt lat="33.61833" lon="-117.76883">
        <ele>261.53</ele>
        <time>2026-07-26T15:50:10Z</time>
      </trkpt>
      <trkpt lat="33.61833" lon="-117.76879">
        <ele>262.03</ele>
        <time>2026-07-26T15:50:13Z</time>
      </trkpt>
      <trkpt lat="33.61833" lon="-117.76875">
        <ele>262.91</ele>
        <time>2026-07-26T15:50:16Z</time>
      </trkpt>
      <trkpt lat="33.61833" lon="-117.76871">
        <ele>263.79</ele>
        <time>2026-07-26T15:50:19Z</time>
      </trkpt>
      <trkpt lat="33.61833" lon="-117.76868">
        <ele>264.46</ele>
        <time>2026-07-26T15:50:22Z</time>
      </trkpt>
      <trkpt lat="33.61834" lon="-117.76864">
        <ele>265.11</ele>
        <time>2026-07-26T15:50:26Z</time>
      </trkpt>
      <trkpt lat="33.61834" lon="-117.76859">
        <ele>266.36</ele>
        <time>2026-07-26T15:50:30Z</time>
      </trkpt>
      <trkpt lat="33.61835" lon="-117.76856">
        <ele>266.74</ele>
        <time>2026-07-26T15:50:33Z</time>
      </trkpt>
      <trkpt lat="33.61835" lon="-117.76852">
        <ele>267.88</ele>
        <time>2026-07-26T15:50:36Z</time>
      </trkpt>
      <trkpt lat="33.61838" lon="-117.76848">
        <ele>267.01</ele>
        <time>2026-07-26T15:50:39Z</time>
      </trkpt>
      <trkpt lat="33.6184" lon="-117.76846">
        <ele>265.84</ele>
        <time>2026-07-26T15:50:41Z</time>
      </trkpt>
      <trkpt lat="33.61842" lon="-117.76842">
        <ele>264.7</ele>
        <time>2026-07-26T15:50:44Z</time>
      </trkpt>
      <trkpt lat="33.61843" lon="-117.76839">
        <ele>264.52</ele>
        <time>2026-07-26T15:50:47Z</time>
      </trkpt>
      <trkpt lat="33.61844" lon="-117.76835">
        <ele>264.63</ele>
        <time>2026-07-26T15:50:50Z</time>
      </trkpt>
      <trkpt lat="33.61844" lon="-117.76832">
        <ele>265.1</ele>
        <time>2026-07-26T15:50:53Z</time>
      </trkpt>
      <trkpt lat="33.61845" lon="-117.76828">
        <ele>264.91</ele>
        <time>2026-07-26T15:50:56Z</time>
      </trkpt>
      <trkpt lat="33.61846" lon="-117.76824">
        <ele>264.82</ele>
        <time>2026-07-26T15:50:59Z</time>
      </trkpt>
      <trkpt lat="33.61847" lon="-117.76821">
        <ele>265.61</ele>
        <time>2026-07-26T15:51:02Z</time>
      </trkpt>
      <trkpt lat="33.6185" lon="-117.7682">
        <ele>264.58</ele>
        <time>2026-07-26T15:51:07Z</time>
      </trkpt>
      <trkpt lat="33.61853" lon="-117.76818">
        <ele>264.4</ele>
        <time>2026-07-26T15:51:11Z</time>
      </trkpt>
      <trkpt lat="33.61856" lon="-117.76816">
        <ele>264.11</ele>
        <time>2026-07-26T15:51:14Z</time>
      </trkpt>
      <trkpt lat="33.61858" lon="-117.76814">
        <ele>264.15</ele>
        <time>2026-07-26T15:51:17Z</time>
      </trkpt>
      <trkpt lat="33.61861" lon="-117.76812">
        <ele>263.88</ele>
        <time>2026-07-26T15:51:20Z</time>
      </trkpt>
      <trkpt lat="33.61864" lon="-117.76811">
        <ele>263.28</ele>
        <time>2026-07-26T15:51:22Z</time>
      </trkpt>
      <trkpt lat="33.61867" lon="-117.76809">
        <ele>263.06</ele>
        <time>2026-07-26T15:51:24Z</time>
      </trkpt>
      <trkpt lat="33.6187" lon="-117.76807">
        <ele>262.56</ele>
        <time>2026-07-26T15:51:26Z</time>
      </trkpt>
      <trkpt lat="33.61873" lon="-117.76804">
        <ele>262.63</ele>
        <time>2026-07-26T15:51:29Z</time>
      </trkpt>
      <trkpt lat="33.61876" lon="-117.76801">
        <ele>261.95</ele>
        <time>2026-07-26T15:51:32Z</time>
      </trkpt>
      <trkpt lat="33.61878" lon="-117.76798">
        <ele>261.1</ele>
        <time>2026-07-26T15:51:35Z</time>
      </trkpt>
      <trkpt lat="33.6188" lon="-117.76795">
        <ele>260.6</ele>
        <time>2026-07-26T15:51:38Z</time>
      </trkpt>
      <trkpt lat="33.61882" lon="-117.76792">
        <ele>261.45</ele>
        <time>2026-07-26T15:51:41Z</time>
      </trkpt>
      <trkpt lat="33.61884" lon="-117.76789">
        <ele>261.88</ele>
        <time>2026-07-26T15:51:44Z</time>
      </trkpt>
      <trkpt lat="33.61886" lon="-117.76786">
        <ele>262.05</ele>
        <time>2026-07-26T15:51:47Z</time>
      </trkpt>
      <trkpt lat="33.61888" lon="-117.76783">
        <ele>262.58</ele>
        <time>2026-07-26T15:51:50Z</time>
      </trkpt>
      <trkpt lat="33.6189" lon="-117.7678">
        <ele>263.29</ele>
        <time>2026-07-26T15:51:53Z</time>
      </trkpt>
      <trkpt lat="33.61893" lon="-117.76777">
        <ele>263.11</ele>
        <time>2026-07-26T15:51:56Z</time>
      </trkpt>
      <trkpt lat="33.61895" lon="-117.76775">
        <ele>263.0</ele>
        <time>2026-07-26T15:51:59Z</time>
      </trkpt>
      <trkpt lat="33.61897" lon="-117.76772">
        <ele>263.59</ele>
        <time>2026-07-26T15:52:02Z</time>
      </trkpt>
      <trkpt lat="33.61899" lon="-117.76769">
        <ele>264.38</ele>
        <time>2026-07-26T15:52:05Z</time>
      </trkpt>
      <trkpt lat="33.61902" lon="-117.76767">
        <ele>263.7</ele>
        <time>2026-07-26T15:52:08Z</time>
      </trkpt>
      <trkpt lat="33.61904" lon="-117.76764">
        <ele>263.89</ele>
        <time>2026-07-26T15:52:11Z</time>
      </trkpt>
      <trkpt lat="33.61906" lon="-117.76761">
        <ele>264.49</ele>
        <time>2026-07-26T15:52:14Z</time>
      </trkpt>
      <trkpt lat="33.61908" lon="-117.76759">
        <ele>264.87</ele>
        <time>2026-07-26T15:52:17Z</time>
      </trkpt>
      <trkpt lat="33.6191" lon="-117.76756">
        <ele>264.54</ele>
        <time>2026-07-26T15:52:20Z</time>
      </trkpt>
      <trkpt lat="33.61911" lon="-117.76753">
        <ele>264.49</ele>
        <time>2026-07-26T15:52:24Z</time>
      </trkpt>
      <trkpt lat="33.61912" lon="-117.7675">
        <ele>264.5</ele>
        <time>2026-07-26T15:52:28Z</time>
      </trkpt>
      <trkpt lat="33.61914" lon="-117.76748">
        <ele>263.89</ele>
        <time>2026-07-26T15:52:33Z</time>
      </trkpt>
      <trkpt lat="33.61917" lon="-117.76749">
        <ele>263.86</ele>
        <time>2026-07-26T15:52:37Z</time>
      </trkpt>
      <trkpt lat="33.6192" lon="-117.76747">
        <ele>263.32</ele>
        <time>2026-07-26T15:52:41Z</time>
      </trkpt>
      <trkpt lat="33.61922" lon="-117.76748">
        <ele>263.21</ele>
        <time>2026-07-26T15:52:44Z</time>
      </trkpt>
      <trkpt lat="33.61926" lon="-117.76749">
        <ele>262.88</ele>
        <time>2026-07-26T15:52:47Z</time>
      </trkpt>
      <trkpt lat="33.61929" lon="-117.7675">
        <ele>262.34</ele>
        <time>2026-07-26T15:52:49Z</time>
      </trkpt>
      <trkpt lat="33.61932" lon="-117.76751">
        <ele>261.72</ele>
        <time>2026-07-26T15:52:51Z</time>
      </trkpt>
      <trkpt lat="33.61935" lon="-117.76752">
        <ele>261.25</ele>
        <time>2026-07-26T15:52:54Z</time>
      </trkpt>
      <trkpt lat="33.61939" lon="-117.76754">
        <ele>260.79</ele>
        <time>2026-07-26T15:52:57Z</time>
      </trkpt>
      <trkpt lat="33.61942" lon="-117.76754">
        <ele>260.28</ele>
        <time>2026-07-26T15:52:59Z</time>
      </trkpt>
      <trkpt lat="33.61944" lon="-117.76755">
        <ele>260.15</ele>
        <time>2026-07-26T15:53:01Z</time>
      </trkpt>
      <trkpt lat="33.61947" lon="-117.76756">
        <ele>260.39</ele>
        <time>2026-07-26T15:53:03Z</time>
      </trkpt>
      <trkpt lat="33.6195" lon="-117.76756">
        <ele>260.51</ele>
        <time>2026-07-26T15:53:05Z</time>
      </trkpt>
      <trkpt lat="33.61954" lon="-117.76757">
        <ele>260.72</ele>
        <time>2026-07-26T15:53:08Z</time>
      </trkpt>
      <trkpt lat="33.61957" lon="-117.76757">
        <ele>260.31</ele>
        <time>2026-07-26T15:53:11Z</time>
      </trkpt>
      <trkpt lat="33.61961" lon="-117.76758">
        <ele>259.97</ele>
        <time>2026-07-26T15:53:14Z</time>
      </trkpt>
      <trkpt lat="33.61964" lon="-117.76758">
        <ele>259.59</ele>
        <time>2026-07-26T15:53:17Z</time>
      </trkpt>
      <trkpt lat="33.61968" lon="-117.76759">
        <ele>259.37</ele>
        <time>2026-07-26T15:53:20Z</time>
      </trkpt>
      <trkpt lat="33.61971" lon="-117.7676">
        <ele>259.11</ele>
        <time>2026-07-26T15:53:23Z</time>
      </trkpt>
      <trkpt lat="33.61974" lon="-117.76761">
        <ele>258.69</ele>
        <time>2026-07-26T15:53:26Z</time>
      </trkpt>
      <trkpt lat="33.61978" lon="-117.76762">
        <ele>258.12</ele>
        <time>2026-07-26T15:53:29Z</time>
      </trkpt>
      <trkpt lat="33.61981" lon="-117.76763">
        <ele>257.87</ele>
        <time>2026-07-26T15:53:32Z</time>
      </trkpt>
      <trkpt lat="33.61984" lon="-117.76764">
        <ele>258.02</ele>
        <time>2026-07-26T15:53:35Z</time>
      </trkpt>
      <trkpt lat="33.61988" lon="-117.76765">
        <ele>258.24</ele>
        <time>2026-07-26T15:53:38Z</time>
      </trkpt>
      <trkpt lat="33.61991" lon="-117.76765">
        <ele>258.24</ele>
        <time>2026-07-26T15:53:41Z</time>
      </trkpt>
      <trkpt lat="33.61995" lon="-117.76764">
        <ele>258.02</ele>
        <time>2026-07-26T15:53:44Z</time>
      </trkpt>
      <trkpt lat="33.61998" lon="-117.76763">
        <ele>257.81</ele>
        <time>2026-07-26T15:53:47Z</time>
      </trkpt>
      <trkpt lat="33.62001" lon="-117.76762">
        <ele>257.59</ele>
        <time>2026-07-26T15:53:50Z</time>
      </trkpt>
      <trkpt lat="33.62005" lon="-117.76761">
        <ele>257.38</ele>
        <time>2026-07-26T15:53:53Z</time>
      </trkpt>
      <trkpt lat="33.62008" lon="-117.7676">
        <ele>257.16</ele>
        <time>2026-07-26T15:53:56Z</time>
      </trkpt>
      <trkpt lat="33.62011" lon="-117.76759">
        <ele>256.62</ele>
        <time>2026-07-26T15:53:59Z</time>
      </trkpt>
      <trkpt lat="33.62014" lon="-117.76758">
        <ele>255.61</ele>
        <time>2026-07-26T15:54:02Z</time>
      </trkpt>
      <trkpt lat="33.62017" lon="-117.76757">
        <ele>254.66</ele>
        <time>2026-07-26T15:54:05Z</time>
      </trkpt>
      <trkpt lat="33.6202" lon="-117.76756">
        <ele>253.62</ele>
        <time>2026-07-26T15:54:15Z</time>
      </trkpt>
      <trkpt lat="33.62023" lon="-117.76757">
        <ele>253.69</ele>
        <time>2026-07-26T15:54:18Z</time>
      </trkpt>
      <trkpt lat="33.62025" lon="-117.76757">
        <ele>253.31</ele>
        <time>2026-07-26T15:54:21Z</time>
      </trkpt>
      <trkpt lat="33.62028" lon="-117.76757">
        <ele>252.76</ele>
        <time>2026-07-26T15:54:24Z</time>
      </trkpt>
      <trkpt lat="33.62031" lon="-117.76756">
        <ele>252.01</ele>
        <time>2026-07-26T15:54:27Z</time>
      </trkpt>
      <trkpt lat="33.62034" lon="-117.76756">
        <ele>251.8</ele>
        <time>2026-07-26T15:54:30Z</time>
      </trkpt>
      <trkpt lat="33.62038" lon="-117.76756">
        <ele>251.63</ele>
        <time>2026-07-26T15:54:33Z</time>
      </trkpt>
      <trkpt lat="33.62041" lon="-117.76755">
        <ele>251.36</ele>
        <time>2026-07-26T15:54:36Z</time>
      </trkpt>
      <trkpt lat="33.62045" lon="-117.76755">
        <ele>251.56</ele>
        <time>2026-07-26T15:54:39Z</time>
      </trkpt>
      <trkpt lat="33.62048" lon="-117.76755">
        <ele>252.16</ele>
        <time>2026-07-26T15:54:42Z</time>
      </trkpt>
      <trkpt lat="33.62051" lon="-117.76755">
        <ele>253.1</ele>
        <time>2026-07-26T15:54:45Z</time>
      </trkpt>
      <trkpt lat="33.62054" lon="-117.76754">
        <ele>253.91</ele>
        <time>2026-07-26T15:54:48Z</time>
      </trkpt>
      <trkpt lat="33.62057" lon="-117.76754">
        <ele>254.74</ele>
        <time>2026-07-26T15:54:52Z</time>
      </trkpt>
      <trkpt lat="33.62061" lon="-117.76754">
        <ele>255.61</ele>
        <time>2026-07-26T15:54:56Z</time>
      </trkpt>
      <trkpt lat="33.62064" lon="-117.76753">
        <ele>256.15</ele>
        <time>2026-07-26T15:55:00Z</time>
      </trkpt>
      <trkpt lat="33.62067" lon="-117.76753">
        <ele>256.56</ele>
        <time>2026-07-26T15:55:04Z</time>
      </trkpt>
      <trkpt lat="33.6207" lon="-117.76753">
        <ele>256.88</ele>
        <time>2026-07-26T15:55:08Z</time>
      </trkpt>
      <trkpt lat="33.62074" lon="-117.76752">
        <ele>257.21</ele>
        <time>2026-07-26T15:55:12Z</time>
      </trkpt>
      <trkpt lat="33.62077" lon="-117.76752">
        <ele>257.53</ele>
        <time>2026-07-26T15:55:16Z</time>
      </trkpt>
      <trkpt lat="33.6208" lon="-117.76752">
        <ele>257.86</ele>
        <time>2026-07-26T15:55:19Z</time>
      </trkpt>
      <trkpt lat="33.62083" lon="-117.76751">
        <ele>258.07</ele>
        <time>2026-07-26T15:55:22Z</time>
      </trkpt>
      <trkpt lat="33.62085" lon="-117.76751">
        <ele>258.25</ele>
        <time>2026-07-26T15:55:25Z</time>
      </trkpt>
      <trkpt lat="33.62088" lon="-117.76751">
        <ele>258.5</ele>
        <time>2026-07-26T15:55:28Z</time>
      </trkpt>
      <trkpt lat="33.62091" lon="-117.7675">
        <ele>258.83</ele>
        <time>2026-07-26T15:55:31Z</time>
      </trkpt>
      <trkpt lat="33.62094" lon="-117.7675">
        <ele>258.85</ele>
        <time>2026-07-26T15:55:34Z</time>
      </trkpt>
      <trkpt lat="33.62098" lon="-117.7675">
        <ele>258.42</ele>
        <time>2026-07-26T15:55:37Z</time>
      </trkpt>
      <trkpt lat="33.62101" lon="-117.76748">
        <ele>257.4</ele>
        <time>2026-07-26T15:55:39Z</time>
      </trkpt>
      <trkpt lat="33.62105" lon="-117.76746">
        <ele>257.53</ele>
        <time>2026-07-26T15:55:41Z</time>
      </trkpt>
      <trkpt lat="33.62107" lon="-117.76745">
        <ele>257.79</ele>
        <time>2026-07-26T15:55:43Z</time>
      </trkpt>
      <trkpt lat="33.62111" lon="-117.76744">
        <ele>258.67</ele>
        <time>2026-07-26T15:55:46Z</time>
      </trkpt>
      <trkpt lat="33.62114" lon="-117.76742">
        <ele>258.58</ele>
        <time>2026-07-26T15:55:49Z</time>
      </trkpt>
      <trkpt lat="33.62117" lon="-117.7674">
        <ele>258.31</ele>
        <time>2026-07-26T15:55:52Z</time>
      </trkpt>
      <trkpt lat="33.6212" lon="-117.76738">
        <ele>258.04</ele>
        <time>2026-07-26T15:55:55Z</time>
      </trkpt>
      <trkpt lat="33.62122" lon="-117.76736">
        <ele>258.17</ele>
        <time>2026-07-26T15:55:58Z</time>
      </trkpt>
      <trkpt lat="33.62125" lon="-117.76735">
        <ele>259.14</ele>
        <time>2026-07-26T15:56:01Z</time>
      </trkpt>
      <trkpt lat="33.62127" lon="-117.76733">
        <ele>259.36</ele>
        <time>2026-07-26T15:56:05Z</time>
      </trkpt>
      <trkpt lat="33.6213" lon="-117.76731">
        <ele>259.82</ele>
        <time>2026-07-26T15:56:09Z</time>
      </trkpt>
      <trkpt lat="33.62133" lon="-117.7673">
        <ele>260.04</ele>
        <time>2026-07-26T15:56:13Z</time>
      </trkpt>
      <trkpt lat="33.62136" lon="-117.76729">
        <ele>260.4</ele>
        <time>2026-07-26T15:56:17Z</time>
      </trkpt>
      <trkpt lat="33.62139" lon="-117.76727">
        <ele>260.57</ele>
        <time>2026-07-26T15:56:21Z</time>
      </trkpt>
      <trkpt lat="33.62141" lon="-117.76727">
        <ele>261.0</ele>
        <time>2026-07-26T15:56:25Z</time>
      </trkpt>
      <trkpt lat="33.62144" lon="-117.76728">
        <ele>261.98</ele>
        <time>2026-07-26T15:56:29Z</time>
      </trkpt>
      <trkpt lat="33.62147" lon="-117.7673">
        <ele>263.27</ele>
        <time>2026-07-26T15:56:33Z</time>
      </trkpt>
      <trkpt lat="33.6215" lon="-117.76732">
        <ele>264.24</ele>
        <time>2026-07-26T15:56:36Z</time>
      </trkpt>
      <trkpt lat="33.62152" lon="-117.76733">
        <ele>264.51</ele>
        <time>2026-07-26T15:56:39Z</time>
      </trkpt>
      <trkpt lat="33.62155" lon="-117.76735">
        <ele>264.84</ele>
        <time>2026-07-26T15:56:42Z</time>
      </trkpt>
      <trkpt lat="33.62158" lon="-117.76737">
        <ele>264.91</ele>
        <time>2026-07-26T15:56:45Z</time>
      </trkpt>
      <trkpt lat="33.6216" lon="-117.76738">
        <ele>264.64</ele>
        <time>2026-07-26T15:56:48Z</time>
      </trkpt>
      <trkpt lat="33.62163" lon="-117.7674">
        <ele>264.35</ele>
        <time>2026-07-26T15:56:51Z</time>
      </trkpt>
      <trkpt lat="33.62166" lon="-117.76743">
        <ele>264.05</ele>
        <time>2026-07-26T15:56:54Z</time>
      </trkpt>
      <trkpt lat="33.62169" lon="-117.76745">
        <ele>263.75</ele>
        <time>2026-07-26T15:56:57Z</time>
      </trkpt>
      <trkpt lat="33.62172" lon="-117.76746">
        <ele>263.42</ele>
        <time>2026-07-26T15:57:00Z</time>
      </trkpt>
      <trkpt lat="33.62175" lon="-117.76748">
        <ele>263.1</ele>
        <time>2026-07-26T15:57:02Z</time>
      </trkpt>
      <trkpt lat="33.62178" lon="-117.76749">
        <ele>262.73</ele>
        <time>2026-07-26T15:57:04Z</time>
      </trkpt>
      <trkpt lat="33.62181" lon="-117.7675">
        <ele>262.45</ele>
        <time>2026-07-26T15:57:06Z</time>
      </trkpt>
      <trkpt lat="33.62184" lon="-117.76752">
        <ele>261.91</ele>
        <time>2026-07-26T15:57:09Z</time>
      </trkpt>
      <trkpt lat="33.62187" lon="-117.76753">
        <ele>261.35</ele>
        <time>2026-07-26T15:57:12Z</time>
      </trkpt>
      <trkpt lat="33.6219" lon="-117.76755">
        <ele>260.7</ele>
        <time>2026-07-26T15:57:15Z</time>
      </trkpt>
      <trkpt lat="33.62193" lon="-117.76756">
        <ele>260.21</ele>
        <time>2026-07-26T15:57:18Z</time>
      </trkpt>
      <trkpt lat="33.62196" lon="-117.76757">
        <ele>259.79</ele>
        <time>2026-07-26T15:57:21Z</time>
      </trkpt>
      <trkpt lat="33.622" lon="-117.76758">
        <ele>259.32</ele>
        <time>2026-07-26T15:57:24Z</time>
      </trkpt>
      <trkpt lat="33.62203" lon="-117.76758">
        <ele>258.95</ele>
        <time>2026-07-26T15:57:27Z</time>
      </trkpt>
      <trkpt lat="33.62207" lon="-117.76757">
        <ele>258.31</ele>
        <time>2026-07-26T15:57:30Z</time>
      </trkpt>
      <trkpt lat="33.6221" lon="-117.76758">
        <ele>258.09</ele>
        <time>2026-07-26T15:57:33Z</time>
      </trkpt>
      <trkpt lat="33.62214" lon="-117.76759">
        <ele>257.94</ele>
        <time>2026-07-26T15:57:36Z</time>
      </trkpt>
      <trkpt lat="33.62218" lon="-117.7676">
        <ele>257.96</ele>
        <time>2026-07-26T15:57:39Z</time>
      </trkpt>
      <trkpt lat="33.62221" lon="-117.7676">
        <ele>257.93</ele>
        <time>2026-07-26T15:57:42Z</time>
      </trkpt>
      <trkpt lat="33.62225" lon="-117.76761">
        <ele>257.57</ele>
        <time>2026-07-26T15:57:45Z</time>
      </trkpt>
      <trkpt lat="33.62228" lon="-117.76762">
        <ele>257.26</ele>
        <time>2026-07-26T15:57:48Z</time>
      </trkpt>
      <trkpt lat="33.62232" lon="-117.76762">
        <ele>256.94</ele>
        <time>2026-07-26T15:57:51Z</time>
      </trkpt>
      <trkpt lat="33.62235" lon="-117.76763">
        <ele>256.62</ele>
        <time>2026-07-26T15:57:54Z</time>
      </trkpt>
      <trkpt lat="33.62238" lon="-117.76764">
        <ele>256.3</ele>
        <time>2026-07-26T15:57:57Z</time>
      </trkpt>
      <trkpt lat="33.62242" lon="-117.76765">
        <ele>255.81</ele>
        <time>2026-07-26T15:58:00Z</time>
      </trkpt>
      <trkpt lat="33.62245" lon="-117.76765">
        <ele>255.37</ele>
        <time>2026-07-26T15:58:03Z</time>
      </trkpt>
      <trkpt lat="33.62249" lon="-117.76766">
        <ele>254.87</ele>
        <time>2026-07-26T15:58:06Z</time>
      </trkpt>
      <trkpt lat="33.62252" lon="-117.76766">
        <ele>254.45</ele>
        <time>2026-07-26T15:58:09Z</time>
      </trkpt>
      <trkpt lat="33.62255" lon="-117.76767">
        <ele>254.21</ele>
        <time>2026-07-26T15:58:12Z</time>
      </trkpt>
      <trkpt lat="33.62258" lon="-117.76767">
        <ele>253.83</ele>
        <time>2026-07-26T15:58:15Z</time>
      </trkpt>
      <trkpt lat="33.62261" lon="-117.76768">
        <ele>253.52</ele>
        <time>2026-07-26T15:58:22Z</time>
      </trkpt>
      <trkpt lat="33.62264" lon="-117.76769">
        <ele>252.87</ele>
        <time>2026-07-26T15:58:25Z</time>
      </trkpt>
      <trkpt lat="33.62266" lon="-117.76769">
        <ele>252.46</ele>
        <time>2026-07-26T15:58:28Z</time>
      </trkpt>
      <trkpt lat="33.62269" lon="-117.76769">
        <ele>251.85</ele>
        <time>2026-07-26T15:58:31Z</time>
      </trkpt>
      <trkpt lat="33.62272" lon="-117.7677">
        <ele>251.15</ele>
        <time>2026-07-26T15:58:34Z</time>
      </trkpt>
      <trkpt lat="33.62275" lon="-117.7677">
        <ele>250.55</ele>
        <time>2026-07-26T15:58:37Z</time>
      </trkpt>
      <trkpt lat="33.62278" lon="-117.7677">
        <ele>249.96</ele>
        <time>2026-07-26T15:58:40Z</time>
      </trkpt>
      <trkpt lat="33.62281" lon="-117.76768">
        <ele>249.25</ele>
        <time>2026-07-26T15:58:43Z</time>
      </trkpt>
      <trkpt lat="33.62284" lon="-117.76767">
        <ele>248.49</ele>
        <time>2026-07-26T15:58:46Z</time>
      </trkpt>
      <trkpt lat="33.62286" lon="-117.76766">
        <ele>247.95</ele>
        <time>2026-07-26T15:58:49Z</time>
      </trkpt>
      <trkpt lat="33.62289" lon="-117.76766">
        <ele>247.46</ele>
        <time>2026-07-26T15:58:52Z</time>
      </trkpt>
      <trkpt lat="33.62293" lon="-117.76766">
        <ele>246.91</ele>
        <time>2026-07-26T15:58:55Z</time>
      </trkpt>
      <trkpt lat="33.62296" lon="-117.76767">
        <ele>246.71</ele>
        <time>2026-07-26T15:58:58Z</time>
      </trkpt>
      <trkpt lat="33.62299" lon="-117.76767">
        <ele>246.14</ele>
        <time>2026-07-26T15:59:01Z</time>
      </trkpt>
      <trkpt lat="33.62303" lon="-117.76767">
        <ele>245.34</ele>
        <time>2026-07-26T15:59:04Z</time>
      </trkpt>
      <trkpt lat="33.62306" lon="-117.76767">
        <ele>244.79</ele>
        <time>2026-07-26T15:59:07Z</time>
      </trkpt>
      <trkpt lat="33.6231" lon="-117.76768">
        <ele>244.46</ele>
        <time>2026-07-26T15:59:10Z</time>
      </trkpt>
      <trkpt lat="33.62313" lon="-117.76768">
        <ele>244.14</ele>
        <time>2026-07-26T15:59:12Z</time>
      </trkpt>
      <trkpt lat="33.62316" lon="-117.76769">
        <ele>244.0</ele>
        <time>2026-07-26T15:59:14Z</time>
      </trkpt>
      <trkpt lat="33.62319" lon="-117.76769">
        <ele>244.0</ele>
        <time>2026-07-26T15:59:16Z</time>
      </trkpt>
      <trkpt lat="33.62322" lon="-117.7677">
        <ele>244.0</ele>
        <time>2026-07-26T15:59:18Z</time>
      </trkpt>
      <trkpt lat="33.62325" lon="-117.76771">
        <ele>243.97</ele>
        <time>2026-07-26T15:59:21Z</time>
      </trkpt>
      <trkpt lat="33.62328" lon="-117.76774">
        <ele>243.75</ele>
        <time>2026-07-26T15:59:24Z</time>
      </trkpt>
      <trkpt lat="33.62331" lon="-117.76776">
        <ele>243.4</ele>
        <time>2026-07-26T15:59:27Z</time>
      </trkpt>
      <trkpt lat="33.62335" lon="-117.76778">
        <ele>243.16</ele>
        <time>2026-07-26T15:59:30Z</time>
      </trkpt>
      <trkpt lat="33.62338" lon="-117.7678">
        <ele>243.26</ele>
        <time>2026-07-26T15:59:33Z</time>
      </trkpt>
      <trkpt lat="33.62341" lon="-117.76782">
        <ele>243.37</ele>
        <time>2026-07-26T15:59:36Z</time>
      </trkpt>
      <trkpt lat="33.62344" lon="-117.76785">
        <ele>243.41</ele>
        <time>2026-07-26T15:59:39Z</time>
      </trkpt>
      <trkpt lat="33.62347" lon="-117.76787">
        <ele>243.48</ele>
        <time>2026-07-26T15:59:42Z</time>
      </trkpt>
      <trkpt lat="33.6235" lon="-117.76789">
        <ele>243.55</ele>
        <time>2026-07-26T15:59:45Z</time>
      </trkpt>
      <trkpt lat="33.62353" lon="-117.76791">
        <ele>243.77</ele>
        <time>2026-07-26T15:59:48Z</time>
      </trkpt>
      <trkpt lat="33.62356" lon="-117.76794">
        <ele>243.81</ele>
        <time>2026-07-26T15:59:51Z</time>
      </trkpt>
      <trkpt lat="33.62359" lon="-117.76796">
        <ele>243.83</ele>
        <time>2026-07-26T15:59:54Z</time>
      </trkpt>
      <trkpt lat="33.62362" lon="-117.76798">
        <ele>243.81</ele>
        <time>2026-07-26T15:59:57Z</time>
      </trkpt>
      <trkpt lat="33.62365" lon="-117.76801">
        <ele>243.61</ele>
        <time>2026-07-26T16:00:00Z</time>
      </trkpt>
      <trkpt lat="33.62368" lon="-117.76803">
        <ele>243.5</ele>
        <time>2026-07-26T16:00:03Z</time>
      </trkpt>
      <trkpt lat="33.62371" lon="-117.76806">
        <ele>243.15</ele>
        <time>2026-07-26T16:00:06Z</time>
      </trkpt>
      <trkpt lat="33.62374" lon="-117.76808">
        <ele>243.81</ele>
        <time>2026-07-26T16:00:09Z</time>
      </trkpt>
      <trkpt lat="33.62377" lon="-117.76811">
        <ele>244.14</ele>
        <time>2026-07-26T16:00:12Z</time>
      </trkpt>
      <trkpt lat="33.6238" lon="-117.76812">
        <ele>244.63</ele>
        <time>2026-07-26T16:00:15Z</time>
      </trkpt>
      <trkpt lat="33.62383" lon="-117.76812">
        <ele>244.83</ele>
        <time>2026-07-26T16:00:18Z</time>
      </trkpt>
      <trkpt lat="33.62386" lon="-117.76812">
        <ele>245.03</ele>
        <time>2026-07-26T16:00:21Z</time>
      </trkpt>
      <trkpt lat="33.62389" lon="-117.76812">
        <ele>245.23</ele>
        <time>2026-07-26T16:00:24Z</time>
      </trkpt>
      <trkpt lat="33.62392" lon="-117.76812">
        <ele>245.68</ele>
        <time>2026-07-26T16:00:27Z</time>
      </trkpt>
      <trkpt lat="33.62395" lon="-117.76811">
        <ele>246.42</ele>
        <time>2026-07-26T16:00:30Z</time>
      </trkpt>
      <trkpt lat="33.62398" lon="-117.7681">
        <ele>247.02</ele>
        <time>2026-07-26T16:00:33Z</time>
      </trkpt>
      <trkpt lat="33.62401" lon="-117.7681">
        <ele>247.04</ele>
        <time>2026-07-26T16:00:36Z</time>
      </trkpt>
      <trkpt lat="33.62404" lon="-117.7681">
        <ele>247.04</ele>
        <time>2026-07-26T16:00:39Z</time>
      </trkpt>
      <trkpt lat="33.62406" lon="-117.76809">
        <ele>247.26</ele>
        <time>2026-07-26T16:00:42Z</time>
      </trkpt>
      <trkpt lat="33.62409" lon="-117.76809">
        <ele>247.26</ele>
        <time>2026-07-26T16:00:45Z</time>
      </trkpt>
      <trkpt lat="33.62412" lon="-117.76808">
        <ele>247.47</ele>
        <time>2026-07-26T16:00:48Z</time>
      </trkpt>
      <trkpt lat="33.62415" lon="-117.76808">
        <ele>247.47</ele>
        <time>2026-07-26T16:00:51Z</time>
      </trkpt>
      <trkpt lat="33.62419" lon="-117.76808">
        <ele>247.22</ele>
        <time>2026-07-26T16:00:54Z</time>
      </trkpt>
      <trkpt lat="33.62422" lon="-117.76807">
        <ele>247.11</ele>
        <time>2026-07-26T16:00:57Z</time>
      </trkpt>
      <trkpt lat="33.62425" lon="-117.76806">
        <ele>247.0</ele>
        <time>2026-07-26T16:01:00Z</time>
      </trkpt>
      <trkpt lat="33.62428" lon="-117.76806">
        <ele>246.69</ele>
        <time>2026-07-26T16:01:03Z</time>
      </trkpt>
      <trkpt lat="33.62432" lon="-117.76805">
        <ele>246.52</ele>
        <time>2026-07-26T16:01:06Z</time>
      </trkpt>
      <trkpt lat="33.62435" lon="-117.76805">
        <ele>246.2</ele>
        <time>2026-07-26T16:01:09Z</time>
      </trkpt>
      <trkpt lat="33.62438" lon="-117.76804">
        <ele>246.5</ele>
        <time>2026-07-26T16:01:12Z</time>
      </trkpt>
      <trkpt lat="33.62441" lon="-117.76804">
        <ele>246.5</ele>
        <time>2026-07-26T16:01:15Z</time>
      </trkpt>
      <trkpt lat="33.62445" lon="-117.76803">
        <ele>246.77</ele>
        <time>2026-07-26T16:01:18Z</time>
      </trkpt>
      <trkpt lat="33.62448" lon="-117.76802">
        <ele>246.77</ele>
        <time>2026-07-26T16:01:21Z</time>
      </trkpt>
      <trkpt lat="33.62451" lon="-117.76802">
        <ele>246.44</ele>
        <time>2026-07-26T16:01:23Z</time>
      </trkpt>
      <trkpt lat="33.62455" lon="-117.76802">
        <ele>246.1</ele>
        <time>2026-07-26T16:01:25Z</time>
      </trkpt>
      <trkpt lat="33.62458" lon="-117.76801">
        <ele>246.25</ele>
        <time>2026-07-26T16:01:27Z</time>
      </trkpt>
      <trkpt lat="33.62461" lon="-117.768">
        <ele>246.33</ele>
        <time>2026-07-26T16:01:29Z</time>
      </trkpt>
      <trkpt lat="33.62465" lon="-117.76799">
        <ele>246.04</ele>
        <time>2026-07-26T16:01:32Z</time>
      </trkpt>
      <trkpt lat="33.62469" lon="-117.76798">
        <ele>245.45</ele>
        <time>2026-07-26T16:01:35Z</time>
      </trkpt>
      <trkpt lat="33.62471" lon="-117.76796">
        <ele>245.36</ele>
        <time>2026-07-26T16:01:37Z</time>
      </trkpt>
      <trkpt lat="33.62474" lon="-117.76793">
        <ele>246.26</ele>
        <time>2026-07-26T16:01:39Z</time>
      </trkpt>
      <trkpt lat="33.62477" lon="-117.76791">
        <ele>247.23</ele>
        <time>2026-07-26T16:01:42Z</time>
      </trkpt>
      <trkpt lat="33.6248" lon="-117.76788">
        <ele>248.53</ele>
        <time>2026-07-26T16:01:45Z</time>
      </trkpt>
      <trkpt lat="33.62483" lon="-117.76787">
        <ele>248.84</ele>
        <time>2026-07-26T16:01:48Z</time>
      </trkpt>
      <trkpt lat="33.62485" lon="-117.76786">
        <ele>248.89</ele>
        <time>2026-07-26T16:01:52Z</time>
      </trkpt>
      <trkpt lat="33.62489" lon="-117.76785">
        <ele>248.81</ele>
        <time>2026-07-26T16:01:56Z</time>
      </trkpt>
      <trkpt lat="33.62492" lon="-117.76785">
        <ele>248.66</ele>
        <time>2026-07-26T16:02:00Z</time>
      </trkpt>
      <trkpt lat="33.62495" lon="-117.76784">
        <ele>248.98</ele>
        <time>2026-07-26T16:02:03Z</time>
      </trkpt>
      <trkpt lat="33.62498" lon="-117.76784">
        <ele>248.98</ele>
        <time>2026-07-26T16:02:06Z</time>
      </trkpt>
      <trkpt lat="33.62502" lon="-117.76783">
        <ele>249.31</ele>
        <time>2026-07-26T16:02:09Z</time>
      </trkpt>
      <trkpt lat="33.62505" lon="-117.76783">
        <ele>249.31</ele>
        <time>2026-07-26T16:02:12Z</time>
      </trkpt>
      <trkpt lat="33.62509" lon="-117.76782">
        <ele>249.63</ele>
        <time>2026-07-26T16:02:15Z</time>
      </trkpt>
      <trkpt lat="33.62512" lon="-117.76781">
        <ele>250.25</ele>
        <time>2026-07-26T16:02:18Z</time>
      </trkpt>
      <trkpt lat="33.62515" lon="-117.76781">
        <ele>250.58</ele>
        <time>2026-07-26T16:02:21Z</time>
      </trkpt>
      <trkpt lat="33.62519" lon="-117.7678">
        <ele>251.25</ele>
        <time>2026-07-26T16:02:24Z</time>
      </trkpt>
      <trkpt lat="33.62522" lon="-117.7678">
        <ele>251.08</ele>
        <time>2026-07-26T16:02:27Z</time>
      </trkpt>
      <trkpt lat="33.62525" lon="-117.76779">
        <ele>251.09</ele>
        <time>2026-07-26T16:02:30Z</time>
      </trkpt>
      <trkpt lat="33.62528" lon="-117.76778">
        <ele>250.93</ele>
        <time>2026-07-26T16:02:33Z</time>
      </trkpt>
      <trkpt lat="33.62531" lon="-117.76777">
        <ele>250.39</ele>
        <time>2026-07-26T16:02:36Z</time>
      </trkpt>
      <trkpt lat="33.62533" lon="-117.76776">
        <ele>250.06</ele>
        <time>2026-07-26T16:02:39Z</time>
      </trkpt>
      <trkpt lat="33.62536" lon="-117.76775">
        <ele>249.52</ele>
        <time>2026-07-26T16:02:42Z</time>
      </trkpt>
      <trkpt lat="33.62538" lon="-117.76774">
        <ele>249.26</ele>
        <time>2026-07-26T16:02:45Z</time>
      </trkpt>
      <trkpt lat="33.62542" lon="-117.76772">
        <ele>248.75</ele>
        <time>2026-07-26T16:02:49Z</time>
      </trkpt>
      <trkpt lat="33.62544" lon="-117.76771">
        <ele>248.43</ele>
        <time>2026-07-26T16:02:52Z</time>
      </trkpt>
      <trkpt lat="33.62547" lon="-117.7677">
        <ele>247.86</ele>
        <time>2026-07-26T16:02:55Z</time>
      </trkpt>
      <trkpt lat="33.62549" lon="-117.76769">
        <ele>247.43</ele>
        <time>2026-07-26T16:02:58Z</time>
      </trkpt>
      <trkpt lat="33.62552" lon="-117.76768">
        <ele>246.84</ele>
        <time>2026-07-26T16:03:01Z</time>
      </trkpt>
      <trkpt lat="33.62555" lon="-117.76767">
        <ele>246.43</ele>
        <time>2026-07-26T16:03:04Z</time>
      </trkpt>
      <trkpt lat="33.62558" lon="-117.76766">
        <ele>246.14</ele>
        <time>2026-07-26T16:03:07Z</time>
      </trkpt>
      <trkpt lat="33.62561" lon="-117.76766">
        <ele>245.64</ele>
        <time>2026-07-26T16:03:10Z</time>
      </trkpt>
      <trkpt lat="33.62563" lon="-117.76765">
        <ele>245.34</ele>
        <time>2026-07-26T16:03:13Z</time>
      </trkpt>
      <trkpt lat="33.62566" lon="-117.76767">
        <ele>244.87</ele>
        <time>2026-07-26T16:03:16Z</time>
      </trkpt>
      <trkpt lat="33.62569" lon="-117.7677">
        <ele>244.48</ele>
        <time>2026-07-26T16:03:19Z</time>
      </trkpt>
      <trkpt lat="33.62572" lon="-117.76771">
        <ele>244.02</ele>
        <time>2026-07-26T16:03:22Z</time>
      </trkpt>
      <trkpt lat="33.62575" lon="-117.76772">
        <ele>243.46</ele>
        <time>2026-07-26T16:03:25Z</time>
      </trkpt>
      <trkpt lat="33.62578" lon="-117.76772">
        <ele>242.94</ele>
        <time>2026-07-26T16:03:28Z</time>
      </trkpt>
      <trkpt lat="33.62581" lon="-117.76773">
        <ele>242.38</ele>
        <time>2026-07-26T16:03:31Z</time>
      </trkpt>
      <trkpt lat="33.62584" lon="-117.76774">
        <ele>241.86</ele>
        <time>2026-07-26T16:03:34Z</time>
      </trkpt>
      <trkpt lat="33.62587" lon="-117.76774">
        <ele>241.21</ele>
        <time>2026-07-26T16:03:37Z</time>
      </trkpt>
      <trkpt lat="33.6259" lon="-117.76775">
        <ele>240.56</ele>
        <time>2026-07-26T16:03:40Z</time>
      </trkpt>
      <trkpt lat="33.62593" lon="-117.76775">
        <ele>239.96</ele>
        <time>2026-07-26T16:03:42Z</time>
      </trkpt>
      <trkpt lat="33.62597" lon="-117.76775">
        <ele>239.52</ele>
        <time>2026-07-26T16:03:44Z</time>
      </trkpt>
      <trkpt lat="33.626" lon="-117.76776">
        <ele>239.2</ele>
        <time>2026-07-26T16:03:46Z</time>
      </trkpt>
      <trkpt lat="33.62603" lon="-117.76776">
        <ele>238.98</ele>
        <time>2026-07-26T16:03:48Z</time>
      </trkpt>
      <trkpt lat="33.62606" lon="-117.76776">
        <ele>238.91</ele>
        <time>2026-07-26T16:03:50Z</time>
      </trkpt>
      <trkpt lat="33.62609" lon="-117.76777">
        <ele>238.94</ele>
        <time>2026-07-26T16:03:53Z</time>
      </trkpt>
      <trkpt lat="33.62612" lon="-117.76778">
        <ele>238.93</ele>
        <time>2026-07-26T16:03:56Z</time>
      </trkpt>
      <trkpt lat="33.62615" lon="-117.76779">
        <ele>238.6</ele>
        <time>2026-07-26T16:03:59Z</time>
      </trkpt>
      <trkpt lat="33.62618" lon="-117.7678">
        <ele>238.28</ele>
        <time>2026-07-26T16:04:02Z</time>
      </trkpt>
      <trkpt lat="33.62621" lon="-117.7678">
        <ele>238.23</ele>
        <time>2026-07-26T16:04:05Z</time>
      </trkpt>
      <trkpt lat="33.62625" lon="-117.7678">
        <ele>237.9</ele>
        <time>2026-07-26T16:04:08Z</time>
      </trkpt>
      <trkpt lat="33.62628" lon="-117.76781">
        <ele>237.42</ele>
        <time>2026-07-26T16:04:11Z</time>
      </trkpt>
      <trkpt lat="33.62631" lon="-117.76781">
        <ele>237.01</ele>
        <time>2026-07-26T16:04:14Z</time>
      </trkpt>
      <trkpt lat="33.62634" lon="-117.7678">
        <ele>236.58</ele>
        <time>2026-07-26T16:04:17Z</time>
      </trkpt>
      <trkpt lat="33.62637" lon="-117.76778">
        <ele>236.36</ele>
        <time>2026-07-26T16:04:19Z</time>
      </trkpt>
      <trkpt lat="33.62639" lon="-117.76775">
        <ele>236.59</ele>
        <time>2026-07-26T16:04:21Z</time>
      </trkpt>
      <trkpt lat="33.62641" lon="-117.76773">
        <ele>236.8</ele>
        <time>2026-07-26T16:04:23Z</time>
      </trkpt>
      <trkpt lat="33.62644" lon="-117.76771">
        <ele>236.91</ele>
        <time>2026-07-26T16:04:26Z</time>
      </trkpt>
      <trkpt lat="33.62648" lon="-117.76769">
        <ele>236.91</ele>
        <time>2026-07-26T16:04:29Z</time>
      </trkpt>
      <trkpt lat="33.62651" lon="-117.76768">
        <ele>236.6</ele>
        <time>2026-07-26T16:04:32Z</time>
      </trkpt>
      <trkpt lat="33.62654" lon="-117.76767">
        <ele>236.14</ele>
        <time>2026-07-26T16:04:35Z</time>
      </trkpt>
      <trkpt lat="33.62657" lon="-117.76766">
        <ele>235.76</ele>
        <time>2026-07-26T16:04:38Z</time>
      </trkpt>
      <trkpt lat="33.62661" lon="-117.76766">
        <ele>235.62</ele>
        <time>2026-07-26T16:04:41Z</time>
      </trkpt>
      <trkpt lat="33.62664" lon="-117.76766">
        <ele>235.53</ele>
        <time>2026-07-26T16:04:44Z</time>
      </trkpt>
      <trkpt lat="33.62667" lon="-117.76766">
        <ele>235.42</ele>
        <time>2026-07-26T16:04:47Z</time>
      </trkpt>
      <trkpt lat="33.6267" lon="-117.76766">
        <ele>235.1</ele>
        <time>2026-07-26T16:04:50Z</time>
      </trkpt>
      <trkpt lat="33.62674" lon="-117.76766">
        <ele>234.66</ele>
        <time>2026-07-26T16:04:53Z</time>
      </trkpt>
      <trkpt lat="33.62677" lon="-117.76765">
        <ele>234.17</ele>
        <time>2026-07-26T16:04:56Z</time>
      </trkpt>
      <trkpt lat="33.6268" lon="-117.76765">
        <ele>233.97</ele>
        <time>2026-07-26T16:04:59Z</time>
      </trkpt>
      <trkpt lat="33.62683" lon="-117.76765">
        <ele>233.77</ele>
        <time>2026-07-26T16:05:02Z</time>
      </trkpt>
      <trkpt lat="33.62686" lon="-117.76765">
        <ele>233.53</ele>
        <time>2026-07-26T16:05:05Z</time>
      </trkpt>
      <trkpt lat="33.62689" lon="-117.76765">
        <ele>233.21</ele>
        <time>2026-07-26T16:05:08Z</time>
      </trkpt>
      <trkpt lat="33.62693" lon="-117.76765">
        <ele>232.78</ele>
        <time>2026-07-26T16:05:11Z</time>
      </trkpt>
      <trkpt lat="33.62696" lon="-117.76768">
        <ele>232.76</ele>
        <time>2026-07-26T16:05:14Z</time>
      </trkpt>
      <trkpt lat="33.62699" lon="-117.7677">
        <ele>232.43</ele>
        <time>2026-07-26T16:05:17Z</time>
      </trkpt>
      <trkpt lat="33.62703" lon="-117.76771">
        <ele>232.06</ele>
        <time>2026-07-26T16:05:20Z</time>
      </trkpt>
      <trkpt lat="33.62706" lon="-117.76772">
        <ele>231.6</ele>
        <time>2026-07-26T16:05:23Z</time>
      </trkpt>
      <trkpt lat="33.62709" lon="-117.76773">
        <ele>231.13</ele>
        <time>2026-07-26T16:05:26Z</time>
      </trkpt>
      <trkpt lat="33.62712" lon="-117.76772">
        <ele>230.54</ele>
        <time>2026-07-26T16:05:29Z</time>
      </trkpt>
      <trkpt lat="33.62715" lon="-117.76772">
        <ele>229.94</ele>
        <time>2026-07-26T16:05:32Z</time>
      </trkpt>
      <trkpt lat="33.62719" lon="-117.76772">
        <ele>229.07</ele>
        <time>2026-07-26T16:05:35Z</time>
      </trkpt>
      <trkpt lat="33.62722" lon="-117.76773">
        <ele>228.53</ele>
        <time>2026-07-26T16:05:38Z</time>
      </trkpt>
      <trkpt lat="33.62725" lon="-117.76773">
        <ele>228.18</ele>
        <time>2026-07-26T16:05:41Z</time>
      </trkpt>
      <trkpt lat="33.62728" lon="-117.76773">
        <ele>227.86</ele>
        <time>2026-07-26T16:05:44Z</time>
      </trkpt>
      <trkpt lat="33.62731" lon="-117.76774">
        <ele>227.64</ele>
        <time>2026-07-26T16:05:47Z</time>
      </trkpt>
      <trkpt lat="33.62735" lon="-117.76774">
        <ele>227.21</ele>
        <time>2026-07-26T16:05:50Z</time>
      </trkpt>
      <trkpt lat="33.62738" lon="-117.76774">
        <ele>226.89</ele>
        <time>2026-07-26T16:05:53Z</time>
      </trkpt>
      <trkpt lat="33.62741" lon="-117.76775">
        <ele>226.69</ele>
        <time>2026-07-26T16:05:56Z</time>
      </trkpt>
      <trkpt lat="33.62745" lon="-117.76776">
        <ele>226.72</ele>
        <time>2026-07-26T16:05:59Z</time>
      </trkpt>
      <trkpt lat="33.62748" lon="-117.76777">
        <ele>226.85</ele>
        <time>2026-07-26T16:06:02Z</time>
      </trkpt>
      <trkpt lat="33.62751" lon="-117.76777">
        <ele>226.62</ele>
        <time>2026-07-26T16:06:05Z</time>
      </trkpt>
      <trkpt lat="33.62754" lon="-117.76778">
        <ele>226.15</ele>
        <time>2026-07-26T16:06:08Z</time>
      </trkpt>
      <trkpt lat="33.62757" lon="-117.76779">
        <ele>225.59</ele>
        <time>2026-07-26T16:06:11Z</time>
      </trkpt>
      <trkpt lat="33.6276" lon="-117.7678">
        <ele>225.08</ele>
        <time>2026-07-26T16:06:14Z</time>
      </trkpt>
      <trkpt lat="33.62763" lon="-117.76781">
        <ele>224.54</ele>
        <time>2026-07-26T16:06:17Z</time>
      </trkpt>
      <trkpt lat="33.62765" lon="-117.76783">
        <ele>224.32</ele>
        <time>2026-07-26T16:06:25Z</time>
      </trkpt>
      <trkpt lat="33.62768" lon="-117.76784">
        <ele>223.78</ele>
        <time>2026-07-26T16:06:29Z</time>
      </trkpt>
      <trkpt lat="33.62771" lon="-117.76784">
        <ele>222.96</ele>
        <time>2026-07-26T16:06:33Z</time>
      </trkpt>
      <trkpt lat="33.62774" lon="-117.76785">
        <ele>222.13</ele>
        <time>2026-07-26T16:06:36Z</time>
      </trkpt>
      <trkpt lat="33.62777" lon="-117.76785">
        <ele>221.23</ele>
        <time>2026-07-26T16:06:40Z</time>
      </trkpt>
      <trkpt lat="33.6278" lon="-117.76785">
        <ele>220.57</ele>
        <time>2026-07-26T16:06:44Z</time>
      </trkpt>
      <trkpt lat="33.62783" lon="-117.76784">
        <ele>220.06</ele>
        <time>2026-07-26T16:06:47Z</time>
      </trkpt>
      <trkpt lat="33.62785" lon="-117.76782">
        <ele>219.86</ele>
        <time>2026-07-26T16:06:50Z</time>
      </trkpt>
      <trkpt lat="33.62788" lon="-117.76782">
        <ele>219.45</ele>
        <time>2026-07-26T16:06:53Z</time>
      </trkpt>
      <trkpt lat="33.62791" lon="-117.76782">
        <ele>219.15</ele>
        <time>2026-07-26T16:06:56Z</time>
      </trkpt>
      <trkpt lat="33.62794" lon="-117.76782">
        <ele>218.86</ele>
        <time>2026-07-26T16:06:59Z</time>
      </trkpt>
      <trkpt lat="33.62797" lon="-117.76781">
        <ele>218.8</ele>
        <time>2026-07-26T16:07:02Z</time>
      </trkpt>
      <trkpt lat="33.628" lon="-117.76781">
        <ele>218.16</ele>
        <time>2026-07-26T16:07:05Z</time>
      </trkpt>
      <trkpt lat="33.62803" lon="-117.7678">
        <ele>217.83</ele>
        <time>2026-07-26T16:07:08Z</time>
      </trkpt>
      <trkpt lat="33.62806" lon="-117.7678">
        <ele>217.2</ele>
        <time>2026-07-26T16:07:11Z</time>
      </trkpt>
      <trkpt lat="33.62809" lon="-117.7678">
        <ele>216.63</ele>
        <time>2026-07-26T16:07:14Z</time>
      </trkpt>
      <trkpt lat="33.62812" lon="-117.76779">
        <ele>216.3</ele>
        <time>2026-07-26T16:07:16Z</time>
      </trkpt>
      <trkpt lat="33.62816" lon="-117.76779">
        <ele>215.48</ele>
        <time>2026-07-26T16:07:18Z</time>
      </trkpt>
      <trkpt lat="33.62819" lon="-117.76778">
        <ele>215.05</ele>
        <time>2026-07-26T16:07:20Z</time>
      </trkpt>
      <trkpt lat="33.62822" lon="-117.76778">
        <ele>214.4</ele>
        <time>2026-07-26T16:07:23Z</time>
      </trkpt>
      <trkpt lat="33.62825" lon="-117.76777">
        <ele>213.54</ele>
        <time>2026-07-26T16:07:28Z</time>
      </trkpt>
      <trkpt lat="33.62827" lon="-117.76774">
        <ele>212.36</ele>
        <time>2026-07-26T16:07:36Z</time>
      </trkpt>
      <trkpt lat="33.6283" lon="-117.76773">
        <ele>211.38</ele>
        <time>2026-07-26T16:07:41Z</time>
      </trkpt>
      <trkpt lat="33.62832" lon="-117.76772">
        <ele>210.72</ele>
        <time>2026-07-26T16:07:44Z</time>
      </trkpt>
      <trkpt lat="33.62835" lon="-117.76771">
        <ele>209.96</ele>
        <time>2026-07-26T16:07:47Z</time>
      </trkpt>
      <trkpt lat="33.62838" lon="-117.7677">
        <ele>209.23</ele>
        <time>2026-07-26T16:07:50Z</time>
      </trkpt>
      <trkpt lat="33.62841" lon="-117.7677">
        <ele>208.64</ele>
        <time>2026-07-26T16:07:53Z</time>
      </trkpt>
      <trkpt lat="33.62844" lon="-117.7677">
        <ele>207.99</ele>
        <time>2026-07-26T16:07:56Z</time>
      </trkpt>
      <trkpt lat="33.62847" lon="-117.76769">
        <ele>207.13</ele>
        <time>2026-07-26T16:07:59Z</time>
      </trkpt>
      <trkpt lat="33.6285" lon="-117.76769">
        <ele>206.46</ele>
        <time>2026-07-26T16:08:02Z</time>
      </trkpt>
      <trkpt lat="33.62853" lon="-117.76771">
        <ele>205.93</ele>
        <time>2026-07-26T16:08:05Z</time>
      </trkpt>
      <trkpt lat="33.62857" lon="-117.76773">
        <ele>205.09</ele>
        <time>2026-07-26T16:08:08Z</time>
      </trkpt>
      <trkpt lat="33.6286" lon="-117.76775">
        <ele>204.68</ele>
        <time>2026-07-26T16:08:11Z</time>
      </trkpt>
      <trkpt lat="33.62863" lon="-117.76777">
        <ele>204.61</ele>
        <time>2026-07-26T16:08:14Z</time>
      </trkpt>
      <trkpt lat="33.62866" lon="-117.76779">
        <ele>204.8</ele>
        <time>2026-07-26T16:08:17Z</time>
      </trkpt>
      <trkpt lat="33.62869" lon="-117.7678">
        <ele>204.66</ele>
        <time>2026-07-26T16:08:20Z</time>
      </trkpt>
      <trkpt lat="33.62872" lon="-117.76781">
        <ele>204.28</ele>
        <time>2026-07-26T16:08:23Z</time>
      </trkpt>
      <trkpt lat="33.62875" lon="-117.76782">
        <ele>203.68</ele>
        <time>2026-07-26T16:08:26Z</time>
      </trkpt>
      <trkpt lat="33.62878" lon="-117.76784">
        <ele>203.14</ele>
        <time>2026-07-26T16:08:29Z</time>
      </trkpt>
      <trkpt lat="33.62881" lon="-117.76785">
        <ele>202.45</ele>
        <time>2026-07-26T16:08:32Z</time>
      </trkpt>
      <trkpt lat="33.62884" lon="-117.76787">
        <ele>202.05</ele>
        <time>2026-07-26T16:08:35Z</time>
      </trkpt>
      <trkpt lat="33.62887" lon="-117.76788">
        <ele>201.62</ele>
        <time>2026-07-26T16:08:38Z</time>
      </trkpt>
      <trkpt lat="33.6289" lon="-117.7679">
        <ele>201.4</ele>
        <time>2026-07-26T16:08:41Z</time>
      </trkpt>
      <trkpt lat="33.62893" lon="-117.76791">
        <ele>200.97</ele>
        <time>2026-07-26T16:08:44Z</time>
      </trkpt>
      <trkpt lat="33.62896" lon="-117.76792">
        <ele>200.54</ele>
        <time>2026-07-26T16:08:47Z</time>
      </trkpt>
      <trkpt lat="33.62899" lon="-117.76793">
        <ele>200.04</ele>
        <time>2026-07-26T16:08:50Z</time>
      </trkpt>
      <trkpt lat="33.62902" lon="-117.76794">
        <ele>199.36</ele>
        <time>2026-07-26T16:08:53Z</time>
      </trkpt>
      <trkpt lat="33.62905" lon="-117.76795">
        <ele>198.6</ele>
        <time>2026-07-26T16:08:56Z</time>
      </trkpt>
      <trkpt lat="33.62908" lon="-117.76796">
        <ele>197.84</ele>
        <time>2026-07-26T16:08:59Z</time>
      </trkpt>
      <trkpt lat="33.6291" lon="-117.76797">
        <ele>197.52</ele>
        <time>2026-07-26T16:09:02Z</time>
      </trkpt>
      <trkpt lat="33.62913" lon="-117.76798">
        <ele>196.98</ele>
        <time>2026-07-26T16:09:05Z</time>
      </trkpt>
      <trkpt lat="33.62916" lon="-117.76799">
        <ele>196.44</ele>
        <time>2026-07-26T16:09:08Z</time>
      </trkpt>
      <trkpt lat="33.62919" lon="-117.768">
        <ele>195.9</ele>
        <time>2026-07-26T16:09:11Z</time>
      </trkpt>
      <trkpt lat="33.62921" lon="-117.76801">
        <ele>195.57</ele>
        <time>2026-07-26T16:09:14Z</time>
      </trkpt>
      <trkpt lat="33.62924" lon="-117.76802">
        <ele>195.03</ele>
        <time>2026-07-26T16:09:17Z</time>
      </trkpt>
      <trkpt lat="33.62927" lon="-117.76803">
        <ele>194.49</ele>
        <time>2026-07-26T16:09:20Z</time>
      </trkpt>
      <trkpt lat="33.6293" lon="-117.76804">
        <ele>193.95</ele>
        <time>2026-07-26T16:09:23Z</time>
      </trkpt>
      <trkpt lat="33.62933" lon="-117.76805">
        <ele>193.41</ele>
        <time>2026-07-26T16:09:26Z</time>
      </trkpt>
      <trkpt lat="33.62936" lon="-117.76805">
        <ele>192.85</ele>
        <time>2026-07-26T16:09:29Z</time>
      </trkpt>
      <trkpt lat="33.62939" lon="-117.76804">
        <ele>192.35</ele>
        <time>2026-07-26T16:09:31Z</time>
      </trkpt>
      <trkpt lat="33.62943" lon="-117.76804">
        <ele>191.85</ele>
        <time>2026-07-26T16:09:33Z</time>
      </trkpt>
      <trkpt lat="33.62945" lon="-117.76803">
        <ele>191.4</ele>
        <time>2026-07-26T16:09:35Z</time>
      </trkpt>
      <trkpt lat="33.62948" lon="-117.76802">
        <ele>191.0</ele>
        <time>2026-07-26T16:09:37Z</time>
      </trkpt>
      <trkpt lat="33.62952" lon="-117.76802">
        <ele>190.73</ele>
        <time>2026-07-26T16:09:40Z</time>
      </trkpt>
      <trkpt lat="33.62956" lon="-117.76802">
        <ele>190.46</ele>
        <time>2026-07-26T16:09:43Z</time>
      </trkpt>
      <trkpt lat="33.62959" lon="-117.76802">
        <ele>190.26</ele>
        <time>2026-07-26T16:09:46Z</time>
      </trkpt>
      <trkpt lat="33.62963" lon="-117.76802">
        <ele>190.0</ele>
        <time>2026-07-26T16:09:49Z</time>
      </trkpt>
      <trkpt lat="33.62966" lon="-117.76801">
        <ele>189.68</ele>
        <time>2026-07-26T16:09:52Z</time>
      </trkpt>
      <trkpt lat="33.62969" lon="-117.76801">
        <ele>189.36</ele>
        <time>2026-07-26T16:09:55Z</time>
      </trkpt>
      <trkpt lat="33.62973" lon="-117.76801">
        <ele>188.93</ele>
        <time>2026-07-26T16:09:58Z</time>
      </trkpt>
      <trkpt lat="33.62976" lon="-117.76802">
        <ele>188.82</ele>
        <time>2026-07-26T16:10:01Z</time>
      </trkpt>
      <trkpt lat="33.62979" lon="-117.76802">
        <ele>188.5</ele>
        <time>2026-07-26T16:10:04Z</time>
      </trkpt>
      <trkpt lat="33.62982" lon="-117.76803">
        <ele>188.39</ele>
        <time>2026-07-26T16:10:07Z</time>
      </trkpt>
      <trkpt lat="33.62985" lon="-117.76805">
        <ele>188.5</ele>
        <time>2026-07-26T16:10:10Z</time>
      </trkpt>
      <trkpt lat="33.62986" lon="-117.76808">
        <ele>188.25</ele>
        <time>2026-07-26T16:10:12Z</time>
      </trkpt>
      <trkpt lat="33.62988" lon="-117.7681">
        <ele>187.82</ele>
        <time>2026-07-26T16:10:14Z</time>
      </trkpt>
      <trkpt lat="33.62991" lon="-117.76813">
        <ele>187.19</ele>
        <time>2026-07-26T16:10:17Z</time>
      </trkpt>
      <trkpt lat="33.62991" lon="-117.76816">
        <ele>186.87</ele>
        <time>2026-07-26T16:10:22Z</time>
      </trkpt>
      <trkpt lat="33.62993" lon="-117.7682">
        <ele>186.3</ele>
        <time>2026-07-26T16:10:26Z</time>
      </trkpt>
      <trkpt lat="33.62995" lon="-117.76822">
        <ele>185.87</ele>
        <time>2026-07-26T16:10:29Z</time>
      </trkpt>
      <trkpt lat="33.62998" lon="-117.76825">
        <ele>185.09</ele>
        <time>2026-07-26T16:10:33Z</time>
      </trkpt>
      <trkpt lat="33.63001" lon="-117.76827">
        <ele>184.65</ele>
        <time>2026-07-26T16:10:37Z</time>
      </trkpt>
      <trkpt lat="33.63003" lon="-117.7683">
        <ele>184.15</ele>
        <time>2026-07-26T16:10:41Z</time>
      </trkpt>
      <trkpt lat="33.63005" lon="-117.76832">
        <ele>183.68</ele>
        <time>2026-07-26T16:10:44Z</time>
      </trkpt>
      <trkpt lat="33.63007" lon="-117.76835">
        <ele>183.02</ele>
        <time>2026-07-26T16:10:47Z</time>
      </trkpt>
      <trkpt lat="33.63009" lon="-117.76837">
        <ele>182.62</ele>
        <time>2026-07-26T16:10:50Z</time>
      </trkpt>
      <trkpt lat="33.63012" lon="-117.7684">
        <ele>182.07</ele>
        <time>2026-07-26T16:10:53Z</time>
      </trkpt>
      <trkpt lat="33.63015" lon="-117.76842">
        <ele>181.48</ele>
        <time>2026-07-26T16:10:56Z</time>
      </trkpt>
      <trkpt lat="33.63018" lon="-117.76844">
        <ele>181.05</ele>
        <time>2026-07-26T16:10:58Z</time>
      </trkpt>
      <trkpt lat="33.63021" lon="-117.76845">
        <ele>180.93</ele>
        <time>2026-07-26T16:11:00Z</time>
      </trkpt>
      <trkpt lat="33.63024" lon="-117.76847">
        <ele>180.72</ele>
        <time>2026-07-26T16:11:02Z</time>
      </trkpt>
      <trkpt lat="33.63028" lon="-117.76849">
        <ele>180.28</ele>
        <time>2026-07-26T16:11:05Z</time>
      </trkpt>
      <trkpt lat="33.63031" lon="-117.76851">
        <ele>179.74</ele>
        <time>2026-07-26T16:11:08Z</time>
      </trkpt>
      <trkpt lat="33.63034" lon="-117.76853">
        <ele>179.29</ele>
        <time>2026-07-26T16:11:11Z</time>
      </trkpt>
      <trkpt lat="33.63037" lon="-117.76855">
        <ele>179.0</ele>
        <time>2026-07-26T16:11:14Z</time>
      </trkpt>
      <trkpt lat="33.6304" lon="-117.76857">
        <ele>179.0</ele>
        <time>2026-07-26T16:11:17Z</time>
      </trkpt>
      <trkpt lat="33.63043" lon="-117.76859">
        <ele>179.0</ele>
        <time>2026-07-26T16:11:20Z</time>
      </trkpt>
      <trkpt lat="33.63046" lon="-117.76861">
        <ele>179.0</ele>
        <time>2026-07-26T16:11:23Z</time>
      </trkpt>
      <trkpt lat="33.63049" lon="-117.76864">
        <ele>178.49</ele>
        <time>2026-07-26T16:11:26Z</time>
      </trkpt>
      <trkpt lat="33.63052" lon="-117.76866">
        <ele>178.18</ele>
        <time>2026-07-26T16:11:29Z</time>
      </trkpt>
      <trkpt lat="33.63054" lon="-117.76869">
        <ele>178.02</ele>
        <time>2026-07-26T16:11:32Z</time>
      </trkpt>
      <trkpt lat="33.63057" lon="-117.76871">
        <ele>178.0</ele>
        <time>2026-07-26T16:11:35Z</time>
      </trkpt>
      <trkpt lat="33.6306" lon="-117.76874">
        <ele>178.0</ele>
        <time>2026-07-26T16:11:38Z</time>
      </trkpt>
      <trkpt lat="33.63063" lon="-117.76878">
        <ele>178.0</ele>
        <time>2026-07-26T16:11:41Z</time>
      </trkpt>
      <trkpt lat="33.63064" lon="-117.76881">
        <ele>177.99</ele>
        <time>2026-07-26T16:11:43Z</time>
      </trkpt>
      <trkpt lat="33.63066" lon="-117.76884">
        <ele>178.07</ele>
        <time>2026-07-26T16:11:45Z</time>
      </trkpt>
      <trkpt lat="33.63069" lon="-117.76887">
        <ele>178.09</ele>
        <time>2026-07-26T16:11:48Z</time>
      </trkpt>
      <trkpt lat="33.63072" lon="-117.76889">
        <ele>178.0</ele>
        <time>2026-07-26T16:11:51Z</time>
      </trkpt>
      <trkpt lat="33.63074" lon="-117.76891">
        <ele>178.0</ele>
        <time>2026-07-26T16:11:54Z</time>
      </trkpt>
      <trkpt lat="33.63077" lon="-117.76893">
        <ele>178.0</ele>
        <time>2026-07-26T16:11:57Z</time>
      </trkpt>
      <trkpt lat="33.6308" lon="-117.76891">
        <ele>178.0</ele>
        <time>2026-07-26T16:12:00Z</time>
      </trkpt>
      <trkpt lat="33.63083" lon="-117.76889">
        <ele>178.0</ele>
        <time>2026-07-26T16:12:03Z</time>
      </trkpt>
      <trkpt lat="33.63081" lon="-117.76887">
        <ele>177.9</ele>
        <time>2026-07-26T16:12:12Z</time>
      </trkpt>
      <trkpt lat="33.63081" lon="-117.76881">
        <ele>177.58</ele>
        <time>2026-07-26T16:19:28Z</time>
      </trkpt>
      <trkpt lat="33.6308" lon="-117.76875">
        <ele>177.04</ele>
        <time>2026-07-26T16:19:30Z</time>
      </trkpt>
      <trkpt lat="33.6308" lon="-117.76871">
        <ele>176.45</ele>
        <time>2026-07-26T16:19:32Z</time>
      </trkpt>
      <trkpt lat="33.6308" lon="-117.76866">
        <ele>175.55</ele>
        <time>2026-07-26T16:19:35Z</time>
      </trkpt>
      <trkpt lat="33.63077" lon="-117.76862">
        <ele>174.54</ele>
        <time>2026-07-26T16:19:38Z</time>
      </trkpt>
      <trkpt lat="33.63073" lon="-117.7686">
        <ele>174.21</ele>
        <time>2026-07-26T16:19:40Z</time>
      </trkpt>
      <trkpt lat="33.63069" lon="-117.76857">
        <ele>174.96</ele>
        <time>2026-07-26T16:19:42Z</time>
      </trkpt>
      <trkpt lat="33.63067" lon="-117.76855">
        <ele>175.13</ele>
        <time>2026-07-26T16:19:44Z</time>
      </trkpt>
      <trkpt lat="33.63065" lon="-117.76852">
        <ele>174.99</ele>
        <time>2026-07-26T16:19:47Z</time>
      </trkpt>
      <trkpt lat="33.63064" lon="-117.76848">
        <ele>174.34</ele>
        <time>2026-07-26T16:19:50Z</time>
      </trkpt>
      <trkpt lat="33.63063" lon="-117.76844">
        <ele>173.7</ele>
        <time>2026-07-26T16:19:53Z</time>
      </trkpt>
      <trkpt lat="33.63062" lon="-117.7684">
        <ele>173.13</ele>
        <time>2026-07-26T16:19:56Z</time>
      </trkpt>
      <trkpt lat="33.63061" lon="-117.76836">
        <ele>172.69</ele>
        <time>2026-07-26T16:19:59Z</time>
      </trkpt>
      <trkpt lat="33.6306" lon="-117.76832">
        <ele>172.42</ele>
        <time>2026-07-26T16:20:02Z</time>
      </trkpt>
      <trkpt lat="33.63059" lon="-117.76829">
        <ele>172.42</ele>
        <time>2026-07-26T16:20:05Z</time>
      </trkpt>
      <trkpt lat="33.63058" lon="-117.76825">
        <ele>172.31</ele>
        <time>2026-07-26T16:20:08Z</time>
      </trkpt>
      <trkpt lat="33.63057" lon="-117.76822">
        <ele>172.12</ele>
        <time>2026-07-26T16:20:11Z</time>
      </trkpt>
      <trkpt lat="33.63056" lon="-117.76818">
        <ele>171.58</ele>
        <time>2026-07-26T16:20:14Z</time>
      </trkpt>
      <trkpt lat="33.63056" lon="-117.76815">
        <ele>170.94</ele>
        <time>2026-07-26T16:20:17Z</time>
      </trkpt>
      <trkpt lat="33.63055" lon="-117.76811">
        <ele>171.22</ele>
        <time>2026-07-26T16:20:20Z</time>
      </trkpt>
      <trkpt lat="33.63054" lon="-117.76808">
        <ele>171.55</ele>
        <time>2026-07-26T16:20:23Z</time>
      </trkpt>
      <trkpt lat="33.63053" lon="-117.76804">
        <ele>171.37</ele>
        <time>2026-07-26T16:20:26Z</time>
      </trkpt>
      <trkpt lat="33.63052" lon="-117.768">
        <ele>170.58</ele>
        <time>2026-07-26T16:20:29Z</time>
      </trkpt>
      <trkpt lat="33.63051" lon="-117.76796">
        <ele>169.92</ele>
        <time>2026-07-26T16:20:32Z</time>
      </trkpt>
      <trkpt lat="33.6305" lon="-117.76792">
        <ele>169.66</ele>
        <time>2026-07-26T16:20:35Z</time>
      </trkpt>
      <trkpt lat="33.63049" lon="-117.76788">
        <ele>169.3</ele>
        <time>2026-07-26T16:20:38Z</time>
      </trkpt>
      <trkpt lat="33.63047" lon="-117.76784">
        <ele>168.81</ele>
        <time>2026-07-26T16:20:41Z</time>
      </trkpt>
      <trkpt lat="33.63046" lon="-117.76781">
        <ele>168.17</ele>
        <time>2026-07-26T16:20:44Z</time>
      </trkpt>
      <trkpt lat="33.63045" lon="-117.76777">
        <ele>167.37</ele>
        <time>2026-07-26T16:20:47Z</time>
      </trkpt>
      <trkpt lat="33.63044" lon="-117.76773">
        <ele>166.7</ele>
        <time>2026-07-26T16:20:50Z</time>
      </trkpt>
      <trkpt lat="33.63042" lon="-117.7677">
        <ele>166.4</ele>
        <time>2026-07-26T16:20:53Z</time>
      </trkpt>
      <trkpt lat="33.63041" lon="-117.76766">
        <ele>165.33</ele>
        <time>2026-07-26T16:20:56Z</time>
      </trkpt>
      <trkpt lat="33.63039" lon="-117.76763">
        <ele>164.79</ele>
        <time>2026-07-26T16:20:59Z</time>
      </trkpt>
      <trkpt lat="33.63037" lon="-117.76759">
        <ele>163.96</ele>
        <time>2026-07-26T16:21:02Z</time>
      </trkpt>
      <trkpt lat="33.63036" lon="-117.76756">
        <ele>163.55</ele>
        <time>2026-07-26T16:21:05Z</time>
      </trkpt>
      <trkpt lat="33.63033" lon="-117.76753">
        <ele>163.37</ele>
        <time>2026-07-26T16:21:08Z</time>
      </trkpt>
      <trkpt lat="33.63029" lon="-117.76753">
        <ele>164.08</ele>
        <time>2026-07-26T16:21:10Z</time>
      </trkpt>
      <trkpt lat="33.63026" lon="-117.76753">
        <ele>164.81</ele>
        <time>2026-07-26T16:21:12Z</time>
      </trkpt>
      <trkpt lat="33.63023" lon="-117.76752">
        <ele>165.3</ele>
        <time>2026-07-26T16:21:15Z</time>
      </trkpt>
      <trkpt lat="33.63021" lon="-117.76749">
        <ele>164.74</ele>
        <time>2026-07-26T16:21:18Z</time>
      </trkpt>
      <trkpt lat="33.63019" lon="-117.76746">
        <ele>163.75</ele>
        <time>2026-07-26T16:21:22Z</time>
      </trkpt>
      <trkpt lat="33.63017" lon="-117.76743">
        <ele>162.51</ele>
        <time>2026-07-26T16:21:25Z</time>
      </trkpt>
      <trkpt lat="33.63015" lon="-117.76741">
        <ele>161.89</ele>
        <time>2026-07-26T16:21:28Z</time>
      </trkpt>
      <trkpt lat="33.63013" lon="-117.76738">
        <ele>161.13</ele>
        <time>2026-07-26T16:21:31Z</time>
      </trkpt>
      <trkpt lat="33.63011" lon="-117.76736">
        <ele>160.67</ele>
        <time>2026-07-26T16:21:34Z</time>
      </trkpt>
      <trkpt lat="33.63008" lon="-117.76733">
        <ele>159.93</ele>
        <time>2026-07-26T16:21:37Z</time>
      </trkpt>
      <trkpt lat="33.63006" lon="-117.76731">
        <ele>159.55</ele>
        <time>2026-07-26T16:21:40Z</time>
      </trkpt>
      <trkpt lat="33.63004" lon="-117.76728">
        <ele>158.74</ele>
        <time>2026-07-26T16:21:43Z</time>
      </trkpt>
      <trkpt lat="33.63001" lon="-117.76726">
        <ele>158.02</ele>
        <time>2026-07-26T16:21:46Z</time>
      </trkpt>
      <trkpt lat="33.62999" lon="-117.76724">
        <ele>157.07</ele>
        <time>2026-07-26T16:21:49Z</time>
      </trkpt>
      <trkpt lat="33.62996" lon="-117.76722">
        <ele>156.39</ele>
        <time>2026-07-26T16:21:52Z</time>
      </trkpt>
      <trkpt lat="33.62994" lon="-117.76719">
        <ele>155.85</ele>
        <time>2026-07-26T16:21:55Z</time>
      </trkpt>
      <trkpt lat="33.62992" lon="-117.76717">
        <ele>155.33</ele>
        <time>2026-07-26T16:21:58Z</time>
      </trkpt>
      <trkpt lat="33.6299" lon="-117.76715">
        <ele>154.74</ele>
        <time>2026-07-26T16:22:01Z</time>
      </trkpt>
      <trkpt lat="33.62988" lon="-117.76713">
        <ele>154.31</ele>
        <time>2026-07-26T16:22:04Z</time>
      </trkpt>
      <trkpt lat="33.62985" lon="-117.76711">
        <ele>154.15</ele>
        <time>2026-07-26T16:22:07Z</time>
      </trkpt>
      <trkpt lat="33.62983" lon="-117.76709">
        <ele>153.69</ele>
        <time>2026-07-26T16:22:10Z</time>
      </trkpt>
      <trkpt lat="33.6298" lon="-117.76707">
        <ele>153.23</ele>
        <time>2026-07-26T16:22:13Z</time>
      </trkpt>
      <trkpt lat="33.62978" lon="-117.76705">
        <ele>152.8</ele>
        <time>2026-07-26T16:22:16Z</time>
      </trkpt>
      <trkpt lat="33.62976" lon="-117.76703">
        <ele>152.43</ele>
        <time>2026-07-26T16:22:19Z</time>
      </trkpt>
      <trkpt lat="33.62973" lon="-117.767">
        <ele>151.78</ele>
        <time>2026-07-26T16:22:22Z</time>
      </trkpt>
      <trkpt lat="33.62971" lon="-117.76698">
        <ele>151.42</ele>
        <time>2026-07-26T16:22:25Z</time>
      </trkpt>
      <trkpt lat="33.62968" lon="-117.76695">
        <ele>151.09</ele>
        <time>2026-07-26T16:22:28Z</time>
      </trkpt>
      <trkpt lat="33.62965" lon="-117.76693">
        <ele>151.32</ele>
        <time>2026-07-26T16:22:31Z</time>
      </trkpt>
      <trkpt lat="33.62963" lon="-117.76691">
        <ele>151.25</ele>
        <time>2026-07-26T16:22:34Z</time>
      </trkpt>
      <trkpt lat="33.6296" lon="-117.76688">
        <ele>150.93</ele>
        <time>2026-07-26T16:22:37Z</time>
      </trkpt>
      <trkpt lat="33.62957" lon="-117.76685">
        <ele>150.61</ele>
        <time>2026-07-26T16:22:40Z</time>
      </trkpt>
      <trkpt lat="33.62954" lon="-117.76683">
        <ele>150.5</ele>
        <time>2026-07-26T16:22:43Z</time>
      </trkpt>
      <trkpt lat="33.62951" lon="-117.7668">
        <ele>150.3</ele>
        <time>2026-07-26T16:22:46Z</time>
      </trkpt>
      <trkpt lat="33.62948" lon="-117.76678">
        <ele>150.2</ele>
        <time>2026-07-26T16:22:49Z</time>
      </trkpt>
      <trkpt lat="33.62945" lon="-117.76675">
        <ele>149.84</ele>
        <time>2026-07-26T16:22:52Z</time>
      </trkpt>
      <trkpt lat="33.62942" lon="-117.76673">
        <ele>149.86</ele>
        <time>2026-07-26T16:22:55Z</time>
      </trkpt>
      <trkpt lat="33.6294" lon="-117.7667">
        <ele>149.53</ele>
        <time>2026-07-26T16:22:58Z</time>
      </trkpt>
      <trkpt lat="33.62937" lon="-117.76668">
        <ele>149.26</ele>
        <time>2026-07-26T16:23:01Z</time>
      </trkpt>
      <trkpt lat="33.62934" lon="-117.76665">
        <ele>148.9</ele>
        <time>2026-07-26T16:23:04Z</time>
      </trkpt>
      <trkpt lat="33.62931" lon="-117.76662">
        <ele>148.9</ele>
        <time>2026-07-26T16:23:07Z</time>
      </trkpt>
      <trkpt lat="33.62929" lon="-117.7666">
        <ele>148.9</ele>
        <time>2026-07-26T16:23:10Z</time>
      </trkpt>
      <trkpt lat="33.62926" lon="-117.76657">
        <ele>148.85</ele>
        <time>2026-07-26T16:23:13Z</time>
      </trkpt>
      <trkpt lat="33.62923" lon="-117.76654">
        <ele>148.33</ele>
        <time>2026-07-26T16:23:16Z</time>
      </trkpt>
      <trkpt lat="33.62921" lon="-117.76652">
        <ele>148.09</ele>
        <time>2026-07-26T16:23:32Z</time>
      </trkpt>
      <trkpt lat="33.62918" lon="-117.76651">
        <ele>148.37</ele>
        <time>2026-07-26T16:23:35Z</time>
      </trkpt>
      <trkpt lat="33.62915" lon="-117.76651">
        <ele>148.62</ele>
        <time>2026-07-26T16:23:38Z</time>
      </trkpt>
      <trkpt lat="33.62912" lon="-117.7665">
        <ele>148.4</ele>
        <time>2026-07-26T16:23:41Z</time>
      </trkpt>
      <trkpt lat="33.62909" lon="-117.7665">
        <ele>148.4</ele>
        <time>2026-07-26T16:23:44Z</time>
      </trkpt>
      <trkpt lat="33.62906" lon="-117.76649">
        <ele>148.49</ele>
        <time>2026-07-26T16:23:47Z</time>
      </trkpt>
      <trkpt lat="33.62903" lon="-117.76648">
        <ele>148.94</ele>
        <time>2026-07-26T16:23:50Z</time>
      </trkpt>
      <trkpt lat="33.629" lon="-117.76647">
        <ele>149.48</ele>
        <time>2026-07-26T16:23:53Z</time>
      </trkpt>
      <trkpt lat="33.62897" lon="-117.76646">
        <ele>150.11</ele>
        <time>2026-07-26T16:23:56Z</time>
      </trkpt>
      <trkpt lat="33.62894" lon="-117.76645">
        <ele>150.85</ele>
        <time>2026-07-26T16:23:59Z</time>
      </trkpt>
      <trkpt lat="33.62891" lon="-117.76644">
        <ele>151.52</ele>
        <time>2026-07-26T16:24:02Z</time>
      </trkpt>
      <trkpt lat="33.62888" lon="-117.76642">
        <ele>151.86</ele>
        <time>2026-07-26T16:24:05Z</time>
      </trkpt>
      <trkpt lat="33.62885" lon="-117.76641">
        <ele>152.3</ele>
        <time>2026-07-26T16:24:08Z</time>
      </trkpt>
      <trkpt lat="33.62882" lon="-117.7664">
        <ele>152.73</ele>
        <time>2026-07-26T16:24:11Z</time>
      </trkpt>
      <trkpt lat="33.6288" lon="-117.76638">
        <ele>152.82</ele>
        <time>2026-07-26T16:24:14Z</time>
      </trkpt>
      <trkpt lat="33.62877" lon="-117.76637">
        <ele>153.59</ele>
        <time>2026-07-26T16:24:17Z</time>
      </trkpt>
      <trkpt lat="33.62874" lon="-117.76636">
        <ele>154.32</ele>
        <time>2026-07-26T16:24:20Z</time>
      </trkpt>
      <trkpt lat="33.62871" lon="-117.76635">
        <ele>154.98</ele>
        <time>2026-07-26T16:24:23Z</time>
      </trkpt>
      <trkpt lat="33.62869" lon="-117.76634">
        <ele>155.24</ele>
        <time>2026-07-26T16:24:26Z</time>
      </trkpt>
      <trkpt lat="33.62866" lon="-117.76632">
        <ele>155.46</ele>
        <time>2026-07-26T16:24:29Z</time>
      </trkpt>
      <trkpt lat="33.62864" lon="-117.76631">
        <ele>155.67</ele>
        <time>2026-07-26T16:24:32Z</time>
      </trkpt>
      <trkpt lat="33.62861" lon="-117.7663">
        <ele>156.09</ele>
        <time>2026-07-26T16:24:35Z</time>
      </trkpt>
      <trkpt lat="33.62858" lon="-117.76629">
        <ele>156.22</ele>
        <time>2026-07-26T16:24:38Z</time>
      </trkpt>
      <trkpt lat="33.62856" lon="-117.76627">
        <ele>156.14</ele>
        <time>2026-07-26T16:24:41Z</time>
      </trkpt>
      <trkpt lat="33.62853" lon="-117.76626">
        <ele>156.44</ele>
        <time>2026-07-26T16:24:44Z</time>
      </trkpt>
      <trkpt lat="33.62851" lon="-117.76625">
        <ele>156.68</ele>
        <time>2026-07-26T16:24:47Z</time>
      </trkpt>
      <trkpt lat="33.62848" lon="-117.76624">
        <ele>157.22</ele>
        <time>2026-07-26T16:24:50Z</time>
      </trkpt>
      <trkpt lat="33.62845" lon="-117.76623">
        <ele>157.76</ele>
        <time>2026-07-26T16:24:53Z</time>
      </trkpt>
      <trkpt lat="33.62843" lon="-117.76622">
        <ele>158.09</ele>
        <time>2026-07-26T16:24:56Z</time>
      </trkpt>
      <trkpt lat="33.6284" lon="-117.76622">
        <ele>158.46</ele>
        <time>2026-07-26T16:24:59Z</time>
      </trkpt>
      <trkpt lat="33.62838" lon="-117.76623">
        <ele>158.78</ele>
        <time>2026-07-26T16:25:02Z</time>
      </trkpt>
      <trkpt lat="33.62835" lon="-117.76626">
        <ele>159.43</ele>
        <time>2026-07-26T16:25:05Z</time>
      </trkpt>
      <trkpt lat="33.62832" lon="-117.76629">
        <ele>160.21</ele>
        <time>2026-07-26T16:25:08Z</time>
      </trkpt>
      <trkpt lat="33.6283" lon="-117.76631">
        <ele>160.96</ele>
        <time>2026-07-26T16:25:11Z</time>
      </trkpt>
      <trkpt lat="33.62827" lon="-117.76632">
        <ele>161.7</ele>
        <time>2026-07-26T16:25:15Z</time>
      </trkpt>
      <trkpt lat="33.62824" lon="-117.76633">
        <ele>162.37</ele>
        <time>2026-07-26T16:25:19Z</time>
      </trkpt>
      <trkpt lat="33.62821" lon="-117.76634">
        <ele>162.96</ele>
        <time>2026-07-26T16:25:23Z</time>
      </trkpt>
      <trkpt lat="33.62819" lon="-117.76636">
        <ele>163.61</ele>
        <time>2026-07-26T16:25:31Z</time>
      </trkpt>
      <trkpt lat="33.62817" lon="-117.76638">
        <ele>164.36</ele>
        <time>2026-07-26T16:25:35Z</time>
      </trkpt>
      <trkpt lat="33.62814" lon="-117.7664">
        <ele>165.32</ele>
        <time>2026-07-26T16:25:39Z</time>
      </trkpt>
      <trkpt lat="33.62811" lon="-117.76641">
        <ele>165.77</ele>
        <time>2026-07-26T16:25:43Z</time>
      </trkpt>
      <trkpt lat="33.62809" lon="-117.76643">
        <ele>166.24</ele>
        <time>2026-07-26T16:25:47Z</time>
      </trkpt>
      <trkpt lat="33.62806" lon="-117.76645">
        <ele>166.64</ele>
        <time>2026-07-26T16:25:51Z</time>
      </trkpt>
      <trkpt lat="33.62803" lon="-117.76646">
        <ele>166.77</ele>
        <time>2026-07-26T16:25:55Z</time>
      </trkpt>
      <trkpt lat="33.628" lon="-117.76648">
        <ele>166.98</ele>
        <time>2026-07-26T16:25:59Z</time>
      </trkpt>
      <trkpt lat="33.62797" lon="-117.7665">
        <ele>167.22</ele>
        <time>2026-07-26T16:26:03Z</time>
      </trkpt>
      <trkpt lat="33.62795" lon="-117.76652">
        <ele>167.39</ele>
        <time>2026-07-26T16:26:07Z</time>
      </trkpt>
      <trkpt lat="33.62792" lon="-117.76654">
        <ele>167.75</ele>
        <time>2026-07-26T16:26:10Z</time>
      </trkpt>
      <trkpt lat="33.6279" lon="-117.76656">
        <ele>168.32</ele>
        <time>2026-07-26T16:26:13Z</time>
      </trkpt>
      <trkpt lat="33.62788" lon="-117.76657">
        <ele>168.77</ele>
        <time>2026-07-26T16:26:16Z</time>
      </trkpt>
      <trkpt lat="33.62785" lon="-117.76659">
        <ele>169.47</ele>
        <time>2026-07-26T16:26:19Z</time>
      </trkpt>
      <trkpt lat="33.62782" lon="-117.76659">
        <ele>169.9</ele>
        <time>2026-07-26T16:26:21Z</time>
      </trkpt>
      <trkpt lat="33.62778" lon="-117.7666">
        <ele>170.8</ele>
        <time>2026-07-26T16:26:23Z</time>
      </trkpt>
      <trkpt lat="33.62775" lon="-117.76661">
        <ele>171.63</ele>
        <time>2026-07-26T16:26:25Z</time>
      </trkpt>
      <trkpt lat="33.62772" lon="-117.76662">
        <ele>172.73</ele>
        <time>2026-07-26T16:26:28Z</time>
      </trkpt>
      <trkpt lat="33.62768" lon="-117.7666">
        <ele>172.02</ele>
        <time>2026-07-26T16:26:31Z</time>
      </trkpt>
      <trkpt lat="33.62766" lon="-117.76658">
        <ele>170.72</ele>
        <time>2026-07-26T16:26:33Z</time>
      </trkpt>
      <trkpt lat="33.62764" lon="-117.76655">
        <ele>169.71</ele>
        <time>2026-07-26T16:26:35Z</time>
      </trkpt>
      <trkpt lat="33.62761" lon="-117.76653">
        <ele>169.38</ele>
        <time>2026-07-26T16:26:38Z</time>
      </trkpt>
      <trkpt lat="33.62758" lon="-117.76651">
        <ele>169.06</ele>
        <time>2026-07-26T16:26:41Z</time>
      </trkpt>
      <trkpt lat="33.62754" lon="-117.76651">
        <ele>169.49</ele>
        <time>2026-07-26T16:26:44Z</time>
      </trkpt>
      <trkpt lat="33.62751" lon="-117.7665">
        <ele>169.49</ele>
        <time>2026-07-26T16:26:47Z</time>
      </trkpt>
      <trkpt lat="33.62747" lon="-117.7665">
        <ele>170.64</ele>
        <time>2026-07-26T16:26:50Z</time>
      </trkpt>
      <trkpt lat="33.62744" lon="-117.76649">
        <ele>171.28</ele>
        <time>2026-07-26T16:26:53Z</time>
      </trkpt>
      <trkpt lat="33.6274" lon="-117.76649">
        <ele>172.46</ele>
        <time>2026-07-26T16:26:56Z</time>
      </trkpt>
      <trkpt lat="33.62737" lon="-117.76648">
        <ele>172.32</ele>
        <time>2026-07-26T16:26:59Z</time>
      </trkpt>
      <trkpt lat="33.62735" lon="-117.76648">
        <ele>172.54</ele>
        <time>2026-07-26T16:27:02Z</time>
      </trkpt>
      <trkpt lat="33.62732" lon="-117.76647">
        <ele>172.32</ele>
        <time>2026-07-26T16:27:05Z</time>
      </trkpt>
      <trkpt lat="33.62729" lon="-117.76646">
        <ele>172.11</ele>
        <time>2026-07-26T16:27:08Z</time>
      </trkpt>
      <trkpt lat="33.62726" lon="-117.76646">
        <ele>172.43</ele>
        <time>2026-07-26T16:27:11Z</time>
      </trkpt>
      <trkpt lat="33.62723" lon="-117.76645">
        <ele>172.22</ele>
        <time>2026-07-26T16:27:14Z</time>
      </trkpt>
      <trkpt lat="33.6272" lon="-117.76645">
        <ele>172.54</ele>
        <time>2026-07-26T16:27:17Z</time>
      </trkpt>
      <trkpt lat="33.62717" lon="-117.76644">
        <ele>172.32</ele>
        <time>2026-07-26T16:27:20Z</time>
      </trkpt>
      <trkpt lat="33.62714" lon="-117.76644">
        <ele>172.65</ele>
        <time>2026-07-26T16:27:23Z</time>
      </trkpt>
      <trkpt lat="33.62711" lon="-117.76643">
        <ele>172.34</ele>
        <time>2026-07-26T16:27:26Z</time>
      </trkpt>
      <trkpt lat="33.62708" lon="-117.76643">
        <ele>172.52</ele>
        <time>2026-07-26T16:27:29Z</time>
      </trkpt>
      <trkpt lat="33.62705" lon="-117.76643">
        <ele>172.7</ele>
        <time>2026-07-26T16:27:32Z</time>
      </trkpt>
      <trkpt lat="33.62702" lon="-117.76642">
        <ele>172.53</ele>
        <time>2026-07-26T16:27:35Z</time>
      </trkpt>
      <trkpt lat="33.62698" lon="-117.76642">
        <ele>172.96</ele>
        <time>2026-07-26T16:27:38Z</time>
      </trkpt>
      <trkpt lat="33.62695" lon="-117.76642">
        <ele>173.28</ele>
        <time>2026-07-26T16:27:41Z</time>
      </trkpt>
      <trkpt lat="33.62692" lon="-117.76642">
        <ele>174.05</ele>
        <time>2026-07-26T16:27:44Z</time>
      </trkpt>
      <trkpt lat="33.62689" lon="-117.76641">
        <ele>174.54</ele>
        <time>2026-07-26T16:27:47Z</time>
      </trkpt>
      <trkpt lat="33.62685" lon="-117.76641">
        <ele>175.74</ele>
        <time>2026-07-26T16:27:50Z</time>
      </trkpt>
      <trkpt lat="33.62682" lon="-117.7664">
        <ele>176.17</ele>
        <time>2026-07-26T16:27:53Z</time>
      </trkpt>
      <trkpt lat="33.62679" lon="-117.76639">
        <ele>176.4</ele>
        <time>2026-07-26T16:27:56Z</time>
      </trkpt>
      <trkpt lat="33.62675" lon="-117.76638">
        <ele>176.99</ele>
        <time>2026-07-26T16:27:59Z</time>
      </trkpt>
      <trkpt lat="33.62672" lon="-117.76637">
        <ele>177.49</ele>
        <time>2026-07-26T16:28:02Z</time>
      </trkpt>
      <trkpt lat="33.62669" lon="-117.76636">
        <ele>177.84</ele>
        <time>2026-07-26T16:28:05Z</time>
      </trkpt>
      <trkpt lat="33.62667" lon="-117.76633">
        <ele>176.76</ele>
        <time>2026-07-26T16:28:07Z</time>
      </trkpt>
      <trkpt lat="33.62665" lon="-117.7663">
        <ele>175.2</ele>
        <time>2026-07-26T16:28:09Z</time>
      </trkpt>
      <trkpt lat="33.62663" lon="-117.76628">
        <ele>174.65</ele>
        <time>2026-07-26T16:28:11Z</time>
      </trkpt>
      <trkpt lat="33.6266" lon="-117.76627">
        <ele>174.43</ele>
        <time>2026-07-26T16:28:14Z</time>
      </trkpt>
      <trkpt lat="33.62656" lon="-117.76626">
        <ele>174.16</ele>
        <time>2026-07-26T16:28:17Z</time>
      </trkpt>
      <trkpt lat="33.62653" lon="-117.76626">
        <ele>174.03</ele>
        <time>2026-07-26T16:28:20Z</time>
      </trkpt>
      <trkpt lat="33.6265" lon="-117.76626">
        <ele>173.9</ele>
        <time>2026-07-26T16:28:23Z</time>
      </trkpt>
      <trkpt lat="33.62647" lon="-117.76627">
        <ele>174.11</ele>
        <time>2026-07-26T16:28:26Z</time>
      </trkpt>
      <trkpt lat="33.62644" lon="-117.76627">
        <ele>174.02</ele>
        <time>2026-07-26T16:28:29Z</time>
      </trkpt>
      <trkpt lat="33.6264" lon="-117.76628">
        <ele>174.32</ele>
        <time>2026-07-26T16:28:32Z</time>
      </trkpt>
      <trkpt lat="33.62637" lon="-117.76629">
        <ele>174.74</ele>
        <time>2026-07-26T16:28:35Z</time>
      </trkpt>
      <trkpt lat="33.62634" lon="-117.76629">
        <ele>174.76</ele>
        <time>2026-07-26T16:28:38Z</time>
      </trkpt>
      <trkpt lat="33.6263" lon="-117.76629">
        <ele>174.79</ele>
        <time>2026-07-26T16:28:41Z</time>
      </trkpt>
      <trkpt lat="33.62627" lon="-117.76629">
        <ele>175.67</ele>
        <time>2026-07-26T16:28:44Z</time>
      </trkpt>
      <trkpt lat="33.62624" lon="-117.76629">
        <ele>176.66</ele>
        <time>2026-07-26T16:28:47Z</time>
      </trkpt>
      <trkpt lat="33.6262" lon="-117.76628">
        <ele>177.68</ele>
        <time>2026-07-26T16:28:50Z</time>
      </trkpt>
      <trkpt lat="33.62617" lon="-117.76627">
        <ele>177.69</ele>
        <time>2026-07-26T16:28:53Z</time>
      </trkpt>
      <trkpt lat="33.62614" lon="-117.76625">
        <ele>177.34</ele>
        <time>2026-07-26T16:28:56Z</time>
      </trkpt>
      <trkpt lat="33.62611" lon="-117.76622">
        <ele>176.54</ele>
        <time>2026-07-26T16:28:59Z</time>
      </trkpt>
      <trkpt lat="33.62608" lon="-117.76618">
        <ele>175.99</ele>
        <time>2026-07-26T16:29:01Z</time>
      </trkpt>
      <trkpt lat="33.62606" lon="-117.76615">
        <ele>175.65</ele>
        <time>2026-07-26T16:29:03Z</time>
      </trkpt>
      <trkpt lat="33.62603" lon="-117.76613">
        <ele>175.38</ele>
        <time>2026-07-26T16:29:06Z</time>
      </trkpt>
      <trkpt lat="33.626" lon="-117.76611">
        <ele>175.17</ele>
        <time>2026-07-26T16:29:09Z</time>
      </trkpt>
      <trkpt lat="33.62596" lon="-117.76609">
        <ele>175.24</ele>
        <time>2026-07-26T16:29:12Z</time>
      </trkpt>
      <trkpt lat="33.62593" lon="-117.76607">
        <ele>175.47</ele>
        <time>2026-07-26T16:29:15Z</time>
      </trkpt>
      <trkpt lat="33.6259" lon="-117.76605">
        <ele>175.63</ele>
        <time>2026-07-26T16:29:18Z</time>
      </trkpt>
      <trkpt lat="33.62587" lon="-117.76604">
        <ele>175.65</ele>
        <time>2026-07-26T16:29:21Z</time>
      </trkpt>
      <trkpt lat="33.62583" lon="-117.76602">
        <ele>175.14</ele>
        <time>2026-07-26T16:29:24Z</time>
      </trkpt>
      <trkpt lat="33.6258" lon="-117.766">
        <ele>175.65</ele>
        <time>2026-07-26T16:29:27Z</time>
      </trkpt>
      <trkpt lat="33.62577" lon="-117.76598">
        <ele>176.08</ele>
        <time>2026-07-26T16:29:30Z</time>
      </trkpt>
      <trkpt lat="33.62574" lon="-117.76597">
        <ele>176.48</ele>
        <time>2026-07-26T16:29:33Z</time>
      </trkpt>
      <trkpt lat="33.62571" lon="-117.76595">
        <ele>176.1</ele>
        <time>2026-07-26T16:29:36Z</time>
      </trkpt>
      <trkpt lat="33.62567" lon="-117.76594">
        <ele>175.62</ele>
        <time>2026-07-26T16:29:39Z</time>
      </trkpt>
      <trkpt lat="33.62564" lon="-117.76592">
        <ele>174.8</ele>
        <time>2026-07-26T16:29:42Z</time>
      </trkpt>
      <trkpt lat="33.62561" lon="-117.76591">
        <ele>174.34</ele>
        <time>2026-07-26T16:29:45Z</time>
      </trkpt>
      <trkpt lat="33.62558" lon="-117.76591">
        <ele>174.23</ele>
        <time>2026-07-26T16:29:48Z</time>
      </trkpt>
      <trkpt lat="33.62554" lon="-117.76593">
        <ele>175.34</ele>
        <time>2026-07-26T16:29:51Z</time>
      </trkpt>
      <trkpt lat="33.62551" lon="-117.76594">
        <ele>176.1</ele>
        <time>2026-07-26T16:29:54Z</time>
      </trkpt>
      <trkpt lat="33.62548" lon="-117.76594">
        <ele>176.42</ele>
        <time>2026-07-26T16:29:57Z</time>
      </trkpt>
      <trkpt lat="33.62545" lon="-117.76593">
        <ele>176.59</ele>
        <time>2026-07-26T16:30:00Z</time>
      </trkpt>
      <trkpt lat="33.62542" lon="-117.76592">
        <ele>177.17</ele>
        <time>2026-07-26T16:30:03Z</time>
      </trkpt>
      <trkpt lat="33.62538" lon="-117.76591">
        <ele>178.15</ele>
        <time>2026-07-26T16:30:06Z</time>
      </trkpt>
      <trkpt lat="33.62535" lon="-117.76589">
        <ele>178.19</ele>
        <time>2026-07-26T16:30:09Z</time>
      </trkpt>
      <trkpt lat="33.62532" lon="-117.76588">
        <ele>178.33</ele>
        <time>2026-07-26T16:30:12Z</time>
      </trkpt>
      <trkpt lat="33.62529" lon="-117.76586">
        <ele>177.98</ele>
        <time>2026-07-26T16:30:15Z</time>
      </trkpt>
      <trkpt lat="33.62526" lon="-117.76585">
        <ele>178.07</ele>
        <time>2026-07-26T16:30:18Z</time>
      </trkpt>
      <trkpt lat="33.62522" lon="-117.76583">
        <ele>178.14</ele>
        <time>2026-07-26T16:30:21Z</time>
      </trkpt>
      <trkpt lat="33.62519" lon="-117.76581">
        <ele>178.14</ele>
        <time>2026-07-26T16:30:24Z</time>
      </trkpt>
      <trkpt lat="33.62516" lon="-117.7658">
        <ele>178.37</ele>
        <time>2026-07-26T16:30:27Z</time>
      </trkpt>
      <trkpt lat="33.62513" lon="-117.76578">
        <ele>178.12</ele>
        <time>2026-07-26T16:30:30Z</time>
      </trkpt>
      <trkpt lat="33.62509" lon="-117.76576">
        <ele>177.9</ele>
        <time>2026-07-26T16:30:33Z</time>
      </trkpt>
      <trkpt lat="33.62506" lon="-117.76574">
        <ele>178.03</ele>
        <time>2026-07-26T16:30:36Z</time>
      </trkpt>
      <trkpt lat="33.62503" lon="-117.76572">
        <ele>178.2</ele>
        <time>2026-07-26T16:30:39Z</time>
      </trkpt>
      <trkpt lat="33.625" lon="-117.7657">
        <ele>178.24</ele>
        <time>2026-07-26T16:30:42Z</time>
      </trkpt>
      <trkpt lat="33.62496" lon="-117.76568">
        <ele>178.52</ele>
        <time>2026-07-26T16:30:45Z</time>
      </trkpt>
      <trkpt lat="33.62493" lon="-117.76564">
        <ele>178.09</ele>
        <time>2026-07-26T16:30:48Z</time>
      </trkpt>
      <trkpt lat="33.62491" lon="-117.7656">
        <ele>177.88</ele>
        <time>2026-07-26T16:30:50Z</time>
      </trkpt>
      <trkpt lat="33.62489" lon="-117.76556">
        <ele>177.28</ele>
        <time>2026-07-26T16:30:52Z</time>
      </trkpt>
      <trkpt lat="33.62487" lon="-117.76553">
        <ele>176.69</ele>
        <time>2026-07-26T16:30:54Z</time>
      </trkpt>
      <trkpt lat="33.62485" lon="-117.76551">
        <ele>176.45</ele>
        <time>2026-07-26T16:30:56Z</time>
      </trkpt>
      <trkpt lat="33.62483" lon="-117.76548">
        <ele>176.07</ele>
        <time>2026-07-26T16:30:59Z</time>
      </trkpt>
      <trkpt lat="33.62483" lon="-117.76544">
        <ele>174.97</ele>
        <time>2026-07-26T16:31:03Z</time>
      </trkpt>
      <trkpt lat="33.62482" lon="-117.76541">
        <ele>174.2</ele>
        <time>2026-07-26T16:31:06Z</time>
      </trkpt>
      <trkpt lat="33.6248" lon="-117.76538">
        <ele>173.14</ele>
        <time>2026-07-26T16:31:09Z</time>
      </trkpt>
      <trkpt lat="33.62478" lon="-117.76535">
        <ele>172.4</ele>
        <time>2026-07-26T16:31:12Z</time>
      </trkpt>
      <trkpt lat="33.62476" lon="-117.76531">
        <ele>171.76</ele>
        <time>2026-07-26T16:31:15Z</time>
      </trkpt>
      <trkpt lat="33.62474" lon="-117.76528">
        <ele>171.22</ele>
        <time>2026-07-26T16:31:18Z</time>
      </trkpt>
      <trkpt lat="33.62473" lon="-117.76524">
        <ele>170.71</ele>
        <time>2026-07-26T16:31:21Z</time>
      </trkpt>
      <trkpt lat="33.62471" lon="-117.7652">
        <ele>169.85</ele>
        <time>2026-07-26T16:31:24Z</time>
      </trkpt>
      <trkpt lat="33.62471" lon="-117.76516">
        <ele>169.7</ele>
        <time>2026-07-26T16:31:27Z</time>
      </trkpt>
      <trkpt lat="33.6247" lon="-117.76512">
        <ele>169.35</ele>
        <time>2026-07-26T16:31:30Z</time>
      </trkpt>
      <trkpt lat="33.62471" lon="-117.76509">
        <ele>169.6</ele>
        <time>2026-07-26T16:31:33Z</time>
      </trkpt>
      <trkpt lat="33.62473" lon="-117.76505">
        <ele>170.05</ele>
        <time>2026-07-26T16:31:36Z</time>
      </trkpt>
      <trkpt lat="33.62474" lon="-117.76501">
        <ele>170.02</ele>
        <time>2026-07-26T16:31:39Z</time>
      </trkpt>
      <trkpt lat="33.62474" lon="-117.76497">
        <ele>169.68</ele>
        <time>2026-07-26T16:31:42Z</time>
      </trkpt>
      <trkpt lat="33.62475" lon="-117.76493">
        <ele>169.24</ele>
        <time>2026-07-26T16:31:45Z</time>
      </trkpt>
      <trkpt lat="33.62476" lon="-117.76489">
        <ele>168.89</ele>
        <time>2026-07-26T16:31:48Z</time>
      </trkpt>
      <trkpt lat="33.62477" lon="-117.76485">
        <ele>168.7</ele>
        <time>2026-07-26T16:31:51Z</time>
      </trkpt>
      <trkpt lat="33.62478" lon="-117.7648">
        <ele>168.62</ele>
        <time>2026-07-26T16:31:54Z</time>
      </trkpt>
      <trkpt lat="33.62479" lon="-117.76476">
        <ele>168.73</ele>
        <time>2026-07-26T16:31:57Z</time>
      </trkpt>
      <trkpt lat="33.6248" lon="-117.76472">
        <ele>168.84</ele>
        <time>2026-07-26T16:32:00Z</time>
      </trkpt>
      <trkpt lat="33.6248" lon="-117.76468">
        <ele>168.77</ele>
        <time>2026-07-26T16:32:03Z</time>
      </trkpt>
      <trkpt lat="33.62481" lon="-117.76464">
        <ele>168.9</ele>
        <time>2026-07-26T16:32:06Z</time>
      </trkpt>
      <trkpt lat="33.62482" lon="-117.76459">
        <ele>168.57</ele>
        <time>2026-07-26T16:32:09Z</time>
      </trkpt>
      <trkpt lat="33.62483" lon="-117.76455">
        <ele>168.14</ele>
        <time>2026-07-26T16:32:12Z</time>
      </trkpt>
      <trkpt lat="33.62484" lon="-117.76451">
        <ele>168.0</ele>
        <time>2026-07-26T16:32:15Z</time>
      </trkpt>
      <trkpt lat="33.62485" lon="-117.76447">
        <ele>168.0</ele>
        <time>2026-07-26T16:32:18Z</time>
      </trkpt>
      <trkpt lat="33.62488" lon="-117.76449">
        <ele>168.0</ele>
        <time>2026-07-26T16:32:28Z</time>
      </trkpt>
      <trkpt lat="33.6249" lon="-117.76444">
        <ele>168.0</ele>
        <time>2026-07-26T16:33:24Z</time>
      </trkpt>
      <trkpt lat="33.62491" lon="-117.76439">
        <ele>167.97</ele>
        <time>2026-07-26T16:33:26Z</time>
      </trkpt>
      <trkpt lat="33.62491" lon="-117.76434">
        <ele>167.97</ele>
        <time>2026-07-26T16:33:28Z</time>
      </trkpt>
      <trkpt lat="33.62491" lon="-117.76429">
        <ele>167.95</ele>
        <time>2026-07-26T16:33:31Z</time>
      </trkpt>
      <trkpt lat="33.62492" lon="-117.76424">
        <ele>167.52</ele>
        <time>2026-07-26T16:33:35Z</time>
      </trkpt>
      <trkpt lat="33.62493" lon="-117.76419">
        <ele>166.76</ele>
        <time>2026-07-26T16:33:39Z</time>
      </trkpt>
      <trkpt lat="33.62494" lon="-117.76415">
        <ele>166.12</ele>
        <time>2026-07-26T16:33:43Z</time>
      </trkpt>
      <trkpt lat="33.62495" lon="-117.76412">
        <ele>165.58</ele>
        <time>2026-07-26T16:33:46Z</time>
      </trkpt>
      <trkpt lat="33.62495" lon="-117.76408">
        <ele>165.14</ele>
        <time>2026-07-26T16:33:49Z</time>
      </trkpt>
      <trkpt lat="33.62496" lon="-117.76404">
        <ele>164.71</ele>
        <time>2026-07-26T16:33:52Z</time>
      </trkpt>
      <trkpt lat="33.62496" lon="-117.76401">
        <ele>164.57</ele>
        <time>2026-07-26T16:33:55Z</time>
      </trkpt>
      <trkpt lat="33.62496" lon="-117.76397">
        <ele>164.18</ele>
        <time>2026-07-26T16:33:58Z</time>
      </trkpt>
      <trkpt lat="33.62494" lon="-117.76395">
        <ele>163.97</ele>
        <time>2026-07-26T16:34:00Z</time>
      </trkpt>
      <trkpt lat="33.6249" lon="-117.76392">
        <ele>163.67</ele>
        <time>2026-07-26T16:34:02Z</time>
      </trkpt>
      <trkpt lat="33.62487" lon="-117.7639">
        <ele>163.24</ele>
        <time>2026-07-26T16:34:04Z</time>
      </trkpt>
      <trkpt lat="33.62485" lon="-117.76387">
        <ele>162.72</ele>
        <time>2026-07-26T16:34:07Z</time>
      </trkpt>
      <trkpt lat="33.62482" lon="-117.76385">
        <ele>162.56</ele>
        <time>2026-07-26T16:34:10Z</time>
      </trkpt>
      <trkpt lat="33.6248" lon="-117.76384">
        <ele>162.47</ele>
        <time>2026-07-26T16:34:13Z</time>
      </trkpt>
      <trkpt lat="33.62477" lon="-117.76384">
        <ele>162.47</ele>
        <time>2026-07-26T16:34:16Z</time>
      </trkpt>
      <trkpt lat="33.62474" lon="-117.76384">
        <ele>162.47</ele>
        <time>2026-07-26T16:34:19Z</time>
      </trkpt>
      <trkpt lat="33.62471" lon="-117.76383">
        <ele>162.18</ele>
        <time>2026-07-26T16:34:22Z</time>
      </trkpt>
      <trkpt lat="33.62468" lon="-117.76383">
        <ele>161.74</ele>
        <time>2026-07-26T16:34:25Z</time>
      </trkpt>
      <trkpt lat="33.62465" lon="-117.76383">
        <ele>161.3</ele>
        <time>2026-07-26T16:34:28Z</time>
      </trkpt>
      <trkpt lat="33.62462" lon="-117.76383">
        <ele>160.79</ele>
        <time>2026-07-26T16:34:31Z</time>
      </trkpt>
      <trkpt lat="33.6246" lon="-117.76384">
        <ele>160.36</ele>
        <time>2026-07-26T16:34:34Z</time>
      </trkpt>
      <trkpt lat="33.62457" lon="-117.76386">
        <ele>159.71</ele>
        <time>2026-07-26T16:34:37Z</time>
      </trkpt>
      <trkpt lat="33.62455" lon="-117.76388">
        <ele>159.28</ele>
        <time>2026-07-26T16:34:40Z</time>
      </trkpt>
      <trkpt lat="33.62452" lon="-117.7639">
        <ele>158.55</ele>
        <time>2026-07-26T16:34:43Z</time>
      </trkpt>
      <trkpt lat="33.6245" lon="-117.76392">
        <ele>158.0</ele>
        <time>2026-07-26T16:34:46Z</time>
      </trkpt>
      <trkpt lat="33.6245" lon="-117.76395">
        <ele>158.2</ele>
        <time>2026-07-26T16:34:48Z</time>
      </trkpt>
      <trkpt lat="33.62451" lon="-117.764">
        <ele>158.69</ele>
        <time>2026-07-26T16:34:50Z</time>
      </trkpt>
      <trkpt lat="33.62451" lon="-117.76403">
        <ele>158.46</ele>
        <time>2026-07-26T16:34:52Z</time>
      </trkpt>
      <trkpt lat="33.62451" lon="-117.76406">
        <ele>158.23</ele>
        <time>2026-07-26T16:34:55Z</time>
      </trkpt>
      <trkpt lat="33.6245" lon="-117.7641">
        <ele>157.63</ele>
        <time>2026-07-26T16:34:59Z</time>
      </trkpt>
      <trkpt lat="33.62449" lon="-117.76414">
        <ele>157.13</ele>
        <time>2026-07-26T16:35:03Z</time>
      </trkpt>
      <trkpt lat="33.62447" lon="-117.76418">
        <ele>156.63</ele>
        <time>2026-07-26T16:35:07Z</time>
      </trkpt>
      <trkpt lat="33.62446" lon="-117.76421">
        <ele>156.49</ele>
        <time>2026-07-26T16:35:10Z</time>
      </trkpt>
      <trkpt lat="33.62445" lon="-117.76424">
        <ele>156.22</ele>
        <time>2026-07-26T16:35:13Z</time>
      </trkpt>
      <trkpt lat="33.62445" lon="-117.76428">
        <ele>156.03</ele>
        <time>2026-07-26T16:35:16Z</time>
      </trkpt>
      <trkpt lat="33.62444" lon="-117.76432">
        <ele>155.14</ele>
        <time>2026-07-26T16:35:19Z</time>
      </trkpt>
      <trkpt lat="33.62443" lon="-117.76435">
        <ele>154.39</ele>
        <time>2026-07-26T16:35:22Z</time>
      </trkpt>
      <trkpt lat="33.62442" lon="-117.76439">
        <ele>153.64</ele>
        <time>2026-07-26T16:35:25Z</time>
      </trkpt>
      <trkpt lat="33.62441" lon="-117.76442">
        <ele>153.05</ele>
        <time>2026-07-26T16:35:28Z</time>
      </trkpt>
      <trkpt lat="33.6244" lon="-117.76445">
        <ele>152.62</ele>
        <time>2026-07-26T16:35:31Z</time>
      </trkpt>
      <trkpt lat="33.62439" lon="-117.76449">
        <ele>152.64</ele>
        <time>2026-07-26T16:35:35Z</time>
      </trkpt>
      <trkpt lat="33.62438" lon="-117.76452">
        <ele>152.41</ele>
        <time>2026-07-26T16:35:38Z</time>
      </trkpt>
      <trkpt lat="33.62437" lon="-117.76455">
        <ele>152.01</ele>
        <time>2026-07-26T16:35:41Z</time>
      </trkpt>
      <trkpt lat="33.62436" lon="-117.76458">
        <ele>151.48</ele>
        <time>2026-07-26T16:35:44Z</time>
      </trkpt>
      <trkpt lat="33.62435" lon="-117.76462">
        <ele>150.94</ele>
        <time>2026-07-26T16:35:47Z</time>
      </trkpt>
      <trkpt lat="33.62433" lon="-117.76465">
        <ele>150.68</ele>
        <time>2026-07-26T16:35:50Z</time>
      </trkpt>
      <trkpt lat="33.62432" lon="-117.76468">
        <ele>150.87</ele>
        <time>2026-07-26T16:35:53Z</time>
      </trkpt>
      <trkpt lat="33.62429" lon="-117.76472">
        <ele>150.3</ele>
        <time>2026-07-26T16:35:56Z</time>
      </trkpt>
      <trkpt lat="33.62427" lon="-117.76474">
        <ele>149.63</ele>
        <time>2026-07-26T16:35:58Z</time>
      </trkpt>
      <trkpt lat="33.62424" lon="-117.76477">
        <ele>149.82</ele>
        <time>2026-07-26T16:36:01Z</time>
      </trkpt>
      <trkpt lat="33.62422" lon="-117.7648">
        <ele>150.33</ele>
        <time>2026-07-26T16:36:04Z</time>
      </trkpt>
      <trkpt lat="33.62418" lon="-117.76481">
        <ele>150.85</ele>
        <time>2026-07-26T16:36:07Z</time>
      </trkpt>
      <trkpt lat="33.62415" lon="-117.7648">
        <ele>151.51</ele>
        <time>2026-07-26T16:36:10Z</time>
      </trkpt>
      <trkpt lat="33.62412" lon="-117.76478">
        <ele>152.32</ele>
        <time>2026-07-26T16:36:12Z</time>
      </trkpt>
      <trkpt lat="33.62409" lon="-117.76475">
        <ele>152.9</ele>
        <time>2026-07-26T16:36:14Z</time>
      </trkpt>
      <trkpt lat="33.62407" lon="-117.76473">
        <ele>153.22</ele>
        <time>2026-07-26T16:36:16Z</time>
      </trkpt>
      <trkpt lat="33.62406" lon="-117.76469">
        <ele>153.06</ele>
        <time>2026-07-26T16:36:19Z</time>
      </trkpt>
      <trkpt lat="33.62407" lon="-117.76465">
        <ele>152.32</ele>
        <time>2026-07-26T16:36:22Z</time>
      </trkpt>
      <trkpt lat="33.62408" lon="-117.76461">
        <ele>151.86</ele>
        <time>2026-07-26T16:36:25Z</time>
      </trkpt>
      <trkpt lat="33.62409" lon="-117.76457">
        <ele>151.55</ele>
        <time>2026-07-26T16:36:28Z</time>
      </trkpt>
      <trkpt lat="33.6241" lon="-117.76453">
        <ele>151.03</ele>
        <time>2026-07-26T16:36:31Z</time>
      </trkpt>
      <trkpt lat="33.6241" lon="-117.76449">
        <ele>150.29</ele>
        <time>2026-07-26T16:36:34Z</time>
      </trkpt>
      <trkpt lat="33.6241" lon="-117.76445">
        <ele>149.54</ele>
        <time>2026-07-26T16:36:37Z</time>
      </trkpt>
      <trkpt lat="33.62409" lon="-117.76441">
        <ele>148.98</ele>
        <time>2026-07-26T16:36:40Z</time>
      </trkpt>
      <trkpt lat="33.62409" lon="-117.76438">
        <ele>148.38</ele>
        <time>2026-07-26T16:36:43Z</time>
      </trkpt>
      <trkpt lat="33.62409" lon="-117.76434">
        <ele>147.47</ele>
        <time>2026-07-26T16:36:46Z</time>
      </trkpt>
      <trkpt lat="33.62408" lon="-117.7643">
        <ele>146.29</ele>
        <time>2026-07-26T16:36:49Z</time>
      </trkpt>
      <trkpt lat="33.62408" lon="-117.76426">
        <ele>145.02</ele>
        <time>2026-07-26T16:36:52Z</time>
      </trkpt>
      <trkpt lat="33.62407" lon="-117.76423">
        <ele>144.8</ele>
        <time>2026-07-26T16:36:55Z</time>
      </trkpt>
      <trkpt lat="33.62406" lon="-117.76419">
        <ele>144.59</ele>
        <time>2026-07-26T16:36:58Z</time>
      </trkpt>
      <trkpt lat="33.62406" lon="-117.76415">
        <ele>144.1</ele>
        <time>2026-07-26T16:37:01Z</time>
      </trkpt>
      <trkpt lat="33.62405" lon="-117.76412">
        <ele>143.88</ele>
        <time>2026-07-26T16:37:04Z</time>
      </trkpt>
      <trkpt lat="33.62403" lon="-117.76408">
        <ele>143.57</ele>
        <time>2026-07-26T16:37:07Z</time>
      </trkpt>
      <trkpt lat="33.62401" lon="-117.76405">
        <ele>143.33</ele>
        <time>2026-07-26T16:37:10Z</time>
      </trkpt>
      <trkpt lat="33.62398" lon="-117.76403">
        <ele>143.06</ele>
        <time>2026-07-26T16:37:12Z</time>
      </trkpt>
      <trkpt lat="33.62396" lon="-117.764">
        <ele>142.59</ele>
        <time>2026-07-26T16:37:14Z</time>
      </trkpt>
      <trkpt lat="33.62393" lon="-117.76397">
        <ele>142.24</ele>
        <time>2026-07-26T16:37:17Z</time>
      </trkpt>
      <trkpt lat="33.62391" lon="-117.76394">
        <ele>141.53</ele>
        <time>2026-07-26T16:37:20Z</time>
      </trkpt>
      <trkpt lat="33.62389" lon="-117.76391">
        <ele>140.68</ele>
        <time>2026-07-26T16:37:23Z</time>
      </trkpt>
      <trkpt lat="33.62387" lon="-117.76388">
        <ele>140.18</ele>
        <time>2026-07-26T16:37:26Z</time>
      </trkpt>
      <trkpt lat="33.62385" lon="-117.76385">
        <ele>140.24</ele>
        <time>2026-07-26T16:37:29Z</time>
      </trkpt>
      <trkpt lat="33.62383" lon="-117.76382">
        <ele>140.16</ele>
        <time>2026-07-26T16:37:32Z</time>
      </trkpt>
      <trkpt lat="33.62381" lon="-117.76379">
        <ele>140.04</ele>
        <time>2026-07-26T16:37:35Z</time>
      </trkpt>
      <trkpt lat="33.62378" lon="-117.76376">
        <ele>140.96</ele>
        <time>2026-07-26T16:37:38Z</time>
      </trkpt>
      <trkpt lat="33.62376" lon="-117.76373">
        <ele>141.72</ele>
        <time>2026-07-26T16:37:41Z</time>
      </trkpt>
      <trkpt lat="33.62373" lon="-117.76371">
        <ele>142.46</ele>
        <time>2026-07-26T16:37:44Z</time>
      </trkpt>
      <trkpt lat="33.6237" lon="-117.76371">
        <ele>143.23</ele>
        <time>2026-07-26T16:37:48Z</time>
      </trkpt>
      <trkpt lat="33.62367" lon="-117.76369">
        <ele>144.2</ele>
        <time>2026-07-26T16:37:51Z</time>
      </trkpt>
      <trkpt lat="33.62365" lon="-117.76366">
        <ele>144.3</ele>
        <time>2026-07-26T16:37:54Z</time>
      </trkpt>
      <trkpt lat="33.62363" lon="-117.76364">
        <ele>144.4</ele>
        <time>2026-07-26T16:37:57Z</time>
      </trkpt>
      <trkpt lat="33.6236" lon="-117.76362">
        <ele>144.77</ele>
        <time>2026-07-26T16:38:00Z</time>
      </trkpt>
      <trkpt lat="33.62358" lon="-117.76359">
        <ele>144.96</ele>
        <time>2026-07-26T16:38:03Z</time>
      </trkpt>
      <trkpt lat="33.62355" lon="-117.76357">
        <ele>145.61</ele>
        <time>2026-07-26T16:38:07Z</time>
      </trkpt>
      <trkpt lat="33.62353" lon="-117.76355">
        <ele>145.69</ele>
        <time>2026-07-26T16:38:10Z</time>
      </trkpt>
      <trkpt lat="33.6235" lon="-117.76353">
        <ele>145.62</ele>
        <time>2026-07-26T16:38:13Z</time>
      </trkpt>
      <trkpt lat="33.62348" lon="-117.76352">
        <ele>145.48</ele>
        <time>2026-07-26T16:38:16Z</time>
      </trkpt>
      <trkpt lat="33.62346" lon="-117.7635">
        <ele>145.48</ele>
        <time>2026-07-26T16:38:19Z</time>
      </trkpt>
      <trkpt lat="33.62343" lon="-117.76349">
        <ele>145.93</ele>
        <time>2026-07-26T16:38:22Z</time>
      </trkpt>
      <trkpt lat="33.62341" lon="-117.76348">
        <ele>146.27</ele>
        <time>2026-07-26T16:38:25Z</time>
      </trkpt>
      <trkpt lat="33.62338" lon="-117.76347">
        <ele>146.73</ele>
        <time>2026-07-26T16:38:28Z</time>
      </trkpt>
      <trkpt lat="33.62335" lon="-117.76347">
        <ele>147.21</ele>
        <time>2026-07-26T16:38:32Z</time>
      </trkpt>
      <trkpt lat="33.62332" lon="-117.76349">
        <ele>147.65</ele>
        <time>2026-07-26T16:38:35Z</time>
      </trkpt>
      <trkpt lat="33.6233" lon="-117.76351">
        <ele>147.87</ele>
        <time>2026-07-26T16:38:38Z</time>
      </trkpt>
      <trkpt lat="33.62326" lon="-117.76353">
        <ele>148.27</ele>
        <time>2026-07-26T16:38:42Z</time>
      </trkpt>
      <trkpt lat="33.62324" lon="-117.76355">
        <ele>148.68</ele>
        <time>2026-07-26T16:38:45Z</time>
      </trkpt>
      <trkpt lat="33.62322" lon="-117.76357">
        <ele>148.99</ele>
        <time>2026-07-26T16:38:48Z</time>
      </trkpt>
      <trkpt lat="33.62319" lon="-117.76359">
        <ele>149.12</ele>
        <time>2026-07-26T16:38:51Z</time>
      </trkpt>
      <trkpt lat="33.62317" lon="-117.76362">
        <ele>149.45</ele>
        <time>2026-07-26T16:38:54Z</time>
      </trkpt>
      <trkpt lat="33.62315" lon="-117.76364">
        <ele>149.65</ele>
        <time>2026-07-26T16:38:57Z</time>
      </trkpt>
      <trkpt lat="33.62313" lon="-117.76367">
        <ele>150.47</ele>
        <time>2026-07-26T16:39:00Z</time>
      </trkpt>
      <trkpt lat="33.62311" lon="-117.76369">
        <ele>151.12</ele>
        <time>2026-07-26T16:39:03Z</time>
      </trkpt>
      <trkpt lat="33.62309" lon="-117.76372">
        <ele>152.05</ele>
        <time>2026-07-26T16:39:06Z</time>
      </trkpt>
      <trkpt lat="33.62307" lon="-117.76374">
        <ele>152.69</ele>
        <time>2026-07-26T16:39:09Z</time>
      </trkpt>
      <trkpt lat="33.62305" lon="-117.76376">
        <ele>153.37</ele>
        <time>2026-07-26T16:39:12Z</time>
      </trkpt>
      <trkpt lat="33.62302" lon="-117.76377">
        <ele>154.47</ele>
        <time>2026-07-26T16:39:15Z</time>
      </trkpt>
      <trkpt lat="33.62299" lon="-117.76379">
        <ele>155.94</ele>
        <time>2026-07-26T16:39:19Z</time>
      </trkpt>
      <trkpt lat="33.62296" lon="-117.7638">
        <ele>157.18</ele>
        <time>2026-07-26T16:39:23Z</time>
      </trkpt>
      <trkpt lat="33.62294" lon="-117.76377">
        <ele>156.82</ele>
        <time>2026-07-26T16:39:26Z</time>
      </trkpt>
      <trkpt lat="33.62292" lon="-117.76374">
        <ele>156.29</ele>
        <time>2026-07-26T16:39:28Z</time>
      </trkpt>
      <trkpt lat="33.6229" lon="-117.76371">
        <ele>155.61</ele>
        <time>2026-07-26T16:39:31Z</time>
      </trkpt>
      <trkpt lat="33.62288" lon="-117.76369">
        <ele>155.63</ele>
        <time>2026-07-26T16:39:34Z</time>
      </trkpt>
      <trkpt lat="33.62285" lon="-117.76367">
        <ele>156.36</ele>
        <time>2026-07-26T16:39:37Z</time>
      </trkpt>
      <trkpt lat="33.62282" lon="-117.76366">
        <ele>157.19</ele>
        <time>2026-07-26T16:39:41Z</time>
      </trkpt>
      <trkpt lat="33.62279" lon="-117.76364">
        <ele>157.59</ele>
        <time>2026-07-26T16:39:45Z</time>
      </trkpt>
      <trkpt lat="33.62276" lon="-117.76362">
        <ele>158.04</ele>
        <time>2026-07-26T16:39:49Z</time>
      </trkpt>
      <trkpt lat="33.62273" lon="-117.76361">
        <ele>159.05</ele>
        <time>2026-07-26T16:39:52Z</time>
      </trkpt>
      <trkpt lat="33.62271" lon="-117.76359">
        <ele>159.59</ele>
        <time>2026-07-26T16:39:55Z</time>
      </trkpt>
      <trkpt lat="33.62269" lon="-117.76357">
        <ele>159.95</ele>
        <time>2026-07-26T16:39:58Z</time>
      </trkpt>
      <trkpt lat="33.62266" lon="-117.76355">
        <ele>160.13</ele>
        <time>2026-07-26T16:40:01Z</time>
      </trkpt>
      <trkpt lat="33.62264" lon="-117.76353">
        <ele>160.16</ele>
        <time>2026-07-26T16:40:04Z</time>
      </trkpt>
      <trkpt lat="33.62262" lon="-117.76351">
        <ele>160.34</ele>
        <time>2026-07-26T16:40:07Z</time>
      </trkpt>
      <trkpt lat="33.6226" lon="-117.76348">
        <ele>160.46</ele>
        <time>2026-07-26T16:40:10Z</time>
      </trkpt>
      <trkpt lat="33.62258" lon="-117.76346">
        <ele>160.37</ele>
        <time>2026-07-26T16:40:13Z</time>
      </trkpt>
      <trkpt lat="33.62255" lon="-117.76344">
        <ele>160.15</ele>
        <time>2026-07-26T16:40:16Z</time>
      </trkpt>
      <trkpt lat="33.62252" lon="-117.76342">
        <ele>159.94</ele>
        <time>2026-07-26T16:40:20Z</time>
      </trkpt>
      <trkpt lat="33.62252" lon="-117.76338">
        <ele>159.5</ele>
        <time>2026-07-26T16:40:27Z</time>
      </trkpt>
      <trkpt lat="33.62249" lon="-117.76338">
        <ele>159.5</ele>
        <time>2026-07-26T16:40:43Z</time>
      </trkpt>
      <trkpt lat="33.62247" lon="-117.76335">
        <ele>159.18</ele>
        <time>2026-07-26T16:40:47Z</time>
      </trkpt>
      <trkpt lat="33.62245" lon="-117.76333">
        <ele>158.94</ele>
        <time>2026-07-26T16:40:50Z</time>
      </trkpt>
      <trkpt lat="33.62242" lon="-117.76331">
        <ele>158.53</ele>
        <time>2026-07-26T16:40:53Z</time>
      </trkpt>
      <trkpt lat="33.6224" lon="-117.76329">
        <ele>157.94</ele>
        <time>2026-07-26T16:40:56Z</time>
      </trkpt>
      <trkpt lat="33.62237" lon="-117.76326">
        <ele>157.16</ele>
        <time>2026-07-26T16:40:59Z</time>
      </trkpt>
      <trkpt lat="33.62235" lon="-117.76325">
        <ele>157.01</ele>
        <time>2026-07-26T16:41:01Z</time>
      </trkpt>
      <trkpt lat="33.62232" lon="-117.76322">
        <ele>156.56</ele>
        <time>2026-07-26T16:41:04Z</time>
      </trkpt>
      <trkpt lat="33.62229" lon="-117.7632">
        <ele>155.28</ele>
        <time>2026-07-26T16:41:07Z</time>
      </trkpt>
      <trkpt lat="33.62227" lon="-117.76318">
        <ele>154.39</ele>
        <time>2026-07-26T16:41:10Z</time>
      </trkpt>
      <trkpt lat="33.62225" lon="-117.76315">
        <ele>153.61</ele>
        <time>2026-07-26T16:41:13Z</time>
      </trkpt>
      <trkpt lat="33.62223" lon="-117.76313">
        <ele>153.15</ele>
        <time>2026-07-26T16:41:16Z</time>
      </trkpt>
      <trkpt lat="33.6222" lon="-117.7631">
        <ele>152.51</ele>
        <time>2026-07-26T16:41:19Z</time>
      </trkpt>
      <trkpt lat="33.62218" lon="-117.76307">
        <ele>151.77</ele>
        <time>2026-07-26T16:41:22Z</time>
      </trkpt>
      <trkpt lat="33.62217" lon="-117.76304">
        <ele>151.5</ele>
        <time>2026-07-26T16:41:25Z</time>
      </trkpt>
      <trkpt lat="33.62215" lon="-117.76301">
        <ele>151.43</ele>
        <time>2026-07-26T16:41:28Z</time>
      </trkpt>
      <trkpt lat="33.62213" lon="-117.76299">
        <ele>151.42</ele>
        <time>2026-07-26T16:41:31Z</time>
      </trkpt>
      <trkpt lat="33.62211" lon="-117.76296">
        <ele>151.53</ele>
        <time>2026-07-26T16:41:34Z</time>
      </trkpt>
      <trkpt lat="33.62209" lon="-117.76293">
        <ele>150.74</ele>
        <time>2026-07-26T16:41:37Z</time>
      </trkpt>
      <trkpt lat="33.62207" lon="-117.7629">
        <ele>150.23</ele>
        <time>2026-07-26T16:41:40Z</time>
      </trkpt>
      <trkpt lat="33.62205" lon="-117.76287">
        <ele>150.0</ele>
        <time>2026-07-26T16:41:43Z</time>
      </trkpt>
      <trkpt lat="33.62203" lon="-117.76284">
        <ele>149.57</ele>
        <time>2026-07-26T16:41:46Z</time>
      </trkpt>
      <trkpt lat="33.62201" lon="-117.76282">
        <ele>149.01</ele>
        <time>2026-07-26T16:41:49Z</time>
      </trkpt>
      <trkpt lat="33.62199" lon="-117.76279">
        <ele>148.18</ele>
        <time>2026-07-26T16:41:52Z</time>
      </trkpt>
      <trkpt lat="33.62197" lon="-117.76276">
        <ele>147.69</ele>
        <time>2026-07-26T16:41:55Z</time>
      </trkpt>
      <trkpt lat="33.62195" lon="-117.76274">
        <ele>147.5</ele>
        <time>2026-07-26T16:41:58Z</time>
      </trkpt>
      <trkpt lat="33.62192" lon="-117.76272">
        <ele>147.62</ele>
        <time>2026-07-26T16:42:01Z</time>
      </trkpt>
      <trkpt lat="33.62189" lon="-117.76271">
        <ele>147.73</ele>
        <time>2026-07-26T16:42:04Z</time>
      </trkpt>
      <trkpt lat="33.62187" lon="-117.76272">
        <ele>147.62</ele>
        <time>2026-07-26T16:42:06Z</time>
      </trkpt>
      <trkpt lat="33.62184" lon="-117.76275">
        <ele>147.22</ele>
        <time>2026-07-26T16:42:08Z</time>
      </trkpt>
      <trkpt lat="33.62181" lon="-117.76276">
        <ele>147.02</ele>
        <time>2026-07-26T16:42:10Z</time>
      </trkpt>
      <trkpt lat="33.62177" lon="-117.76276">
        <ele>146.85</ele>
        <time>2026-07-26T16:42:13Z</time>
      </trkpt>
      <trkpt lat="33.62173" lon="-117.76275">
        <ele>146.89</ele>
        <time>2026-07-26T16:42:16Z</time>
      </trkpt>
      <trkpt lat="33.6217" lon="-117.76274">
        <ele>147.11</ele>
        <time>2026-07-26T16:42:18Z</time>
      </trkpt>
      <trkpt lat="33.62167" lon="-117.76274">
        <ele>147.38</ele>
        <time>2026-07-26T16:42:20Z</time>
      </trkpt>
      <trkpt lat="33.62163" lon="-117.76273">
        <ele>147.5</ele>
        <time>2026-07-26T16:42:23Z</time>
      </trkpt>
      <trkpt lat="33.62159" lon="-117.76272">
        <ele>147.42</ele>
        <time>2026-07-26T16:42:26Z</time>
      </trkpt>
      <trkpt lat="33.62156" lon="-117.76272">
        <ele>147.38</ele>
        <time>2026-07-26T16:42:29Z</time>
      </trkpt>
      <trkpt lat="33.62152" lon="-117.76271">
        <ele>147.27</ele>
        <time>2026-07-26T16:42:32Z</time>
      </trkpt>
      <trkpt lat="33.62149" lon="-117.7627">
        <ele>147.16</ele>
        <time>2026-07-26T16:42:35Z</time>
      </trkpt>
      <trkpt lat="33.62145" lon="-117.76269">
        <ele>147.05</ele>
        <time>2026-07-26T16:42:38Z</time>
      </trkpt>
      <trkpt lat="33.62142" lon="-117.76269">
        <ele>147.05</ele>
        <time>2026-07-26T16:42:41Z</time>
      </trkpt>
      <trkpt lat="33.62139" lon="-117.76268">
        <ele>147.0</ele>
        <time>2026-07-26T16:42:44Z</time>
      </trkpt>
      <trkpt lat="33.62136" lon="-117.76268">
        <ele>146.98</ele>
        <time>2026-07-26T16:42:47Z</time>
      </trkpt>
      <trkpt lat="33.62132" lon="-117.76267">
        <ele>146.88</ele>
        <time>2026-07-26T16:42:50Z</time>
      </trkpt>
      <trkpt lat="33.62129" lon="-117.76266">
        <ele>146.73</ele>
        <time>2026-07-26T16:42:53Z</time>
      </trkpt>
      <trkpt lat="33.62125" lon="-117.76266">
        <ele>146.73</ele>
        <time>2026-07-26T16:42:56Z</time>
      </trkpt>
      <trkpt lat="33.62122" lon="-117.76265">
        <ele>146.62</ele>
        <time>2026-07-26T16:42:59Z</time>
      </trkpt>
      <trkpt lat="33.62118" lon="-117.76265">
        <ele>146.62</ele>
        <time>2026-07-26T16:43:02Z</time>
      </trkpt>
      <trkpt lat="33.62115" lon="-117.76264">
        <ele>146.51</ele>
        <time>2026-07-26T16:43:05Z</time>
      </trkpt>
      <trkpt lat="33.62112" lon="-117.76264">
        <ele>146.51</ele>
        <time>2026-07-26T16:43:08Z</time>
      </trkpt>
      <trkpt lat="33.62108" lon="-117.76263">
        <ele>146.4</ele>
        <time>2026-07-26T16:43:11Z</time>
      </trkpt>
      <trkpt lat="33.62105" lon="-117.76263">
        <ele>146.4</ele>
        <time>2026-07-26T16:43:14Z</time>
      </trkpt>
      <trkpt lat="33.62102" lon="-117.76262">
        <ele>146.3</ele>
        <time>2026-07-26T16:43:17Z</time>
      </trkpt>
      <trkpt lat="33.62098" lon="-117.76262">
        <ele>146.42</ele>
        <time>2026-07-26T16:43:20Z</time>
      </trkpt>
      <trkpt lat="33.62095" lon="-117.76261">
        <ele>146.33</ele>
        <time>2026-07-26T16:43:23Z</time>
      </trkpt>
      <trkpt lat="33.62091" lon="-117.76261">
        <ele>146.38</ele>
        <time>2026-07-26T16:43:26Z</time>
      </trkpt>
      <trkpt lat="33.62088" lon="-117.76261">
        <ele>146.38</ele>
        <time>2026-07-26T16:43:29Z</time>
      </trkpt>
      <trkpt lat="33.62084" lon="-117.7626">
        <ele>146.16</ele>
        <time>2026-07-26T16:43:32Z</time>
      </trkpt>
      <trkpt lat="33.62081" lon="-117.7626">
        <ele>146.41</ele>
        <time>2026-07-26T16:43:35Z</time>
      </trkpt>
      <trkpt lat="33.62077" lon="-117.76259">
        <ele>146.64</ele>
        <time>2026-07-26T16:43:38Z</time>
      </trkpt>
      <trkpt lat="33.62074" lon="-117.76259">
        <ele>146.94</ele>
        <time>2026-07-26T16:43:41Z</time>
      </trkpt>
      <trkpt lat="33.6207" lon="-117.76258">
        <ele>146.79</ele>
        <time>2026-07-26T16:43:44Z</time>
      </trkpt>
      <trkpt lat="33.62067" lon="-117.76258">
        <ele>146.83</ele>
        <time>2026-07-26T16:43:47Z</time>
      </trkpt>
      <trkpt lat="33.62064" lon="-117.76258">
        <ele>146.94</ele>
        <time>2026-07-26T16:43:50Z</time>
      </trkpt>
      <trkpt lat="33.6206" lon="-117.76257">
        <ele>147.15</ele>
        <time>2026-07-26T16:43:53Z</time>
      </trkpt>
      <trkpt lat="33.62057" lon="-117.76257">
        <ele>147.39</ele>
        <time>2026-07-26T16:43:56Z</time>
      </trkpt>
      <trkpt lat="33.62053" lon="-117.76257">
        <ele>147.79</ele>
        <time>2026-07-26T16:43:59Z</time>
      </trkpt>
      <trkpt lat="33.6205" lon="-117.76256">
        <ele>147.9</ele>
        <time>2026-07-26T16:44:02Z</time>
      </trkpt>
      <trkpt lat="33.62047" lon="-117.76256">
        <ele>148.22</ele>
        <time>2026-07-26T16:44:05Z</time>
      </trkpt>
      <trkpt lat="33.62043" lon="-117.76256">
        <ele>148.65</ele>
        <time>2026-07-26T16:44:08Z</time>
      </trkpt>
      <trkpt lat="33.6204" lon="-117.76255">
        <ele>148.76</ele>
        <time>2026-07-26T16:44:11Z</time>
      </trkpt>
      <trkpt lat="33.62037" lon="-117.76255">
        <ele>149.08</ele>
        <time>2026-07-26T16:44:14Z</time>
      </trkpt>
      <trkpt lat="33.62034" lon="-117.76255">
        <ele>149.08</ele>
        <time>2026-07-26T16:44:17Z</time>
      </trkpt>
      <trkpt lat="33.62032" lon="-117.76254">
        <ele>148.86</ele>
        <time>2026-07-26T16:44:22Z</time>
      </trkpt>
      <trkpt lat="33.62029" lon="-117.76254">
        <ele>148.86</ele>
        <time>2026-07-26T16:44:25Z</time>
      </trkpt>
      <trkpt lat="33.62025" lon="-117.76253">
        <ele>148.65</ele>
        <time>2026-07-26T16:44:28Z</time>
      </trkpt>
      <trkpt lat="33.62022" lon="-117.76253">
        <ele>148.65</ele>
        <time>2026-07-26T16:44:31Z</time>
      </trkpt>
      <trkpt lat="33.62018" lon="-117.76253">
        <ele>148.65</ele>
        <time>2026-07-26T16:44:34Z</time>
      </trkpt>
      <trkpt lat="33.62015" lon="-117.76252">
        <ele>148.43</ele>
        <time>2026-07-26T16:44:37Z</time>
      </trkpt>
      <trkpt lat="33.62011" lon="-117.76252">
        <ele>148.43</ele>
        <time>2026-07-26T16:44:40Z</time>
      </trkpt>
      <trkpt lat="33.62008" lon="-117.76252">
        <ele>148.3</ele>
        <time>2026-07-26T16:44:43Z</time>
      </trkpt>
      <trkpt lat="33.62004" lon="-117.76252">
        <ele>147.86</ele>
        <time>2026-07-26T16:44:46Z</time>
      </trkpt>
      <trkpt lat="33.62" lon="-117.76251">
        <ele>147.22</ele>
        <time>2026-07-26T16:44:49Z</time>
      </trkpt>
      <trkpt lat="33.61997" lon="-117.76251">
        <ele>146.89</ele>
        <time>2026-07-26T16:44:52Z</time>
      </trkpt>
      <trkpt lat="33.61993" lon="-117.76251">
        <ele>146.46</ele>
        <time>2026-07-26T16:44:55Z</time>
      </trkpt>
      <trkpt lat="33.61989" lon="-117.7625">
        <ele>146.0</ele>
        <time>2026-07-26T16:44:58Z</time>
      </trkpt>
      <trkpt lat="33.61985" lon="-117.7625">
        <ele>146.0</ele>
        <time>2026-07-26T16:45:01Z</time>
      </trkpt>
      <trkpt lat="33.61982" lon="-117.7625">
        <ele>146.0</ele>
        <time>2026-07-26T16:45:04Z</time>
      </trkpt>
      <trkpt lat="33.61978" lon="-117.7625">
        <ele>145.62</ele>
        <time>2026-07-26T16:45:07Z</time>
      </trkpt>
      <trkpt lat="33.61974" lon="-117.76249">
        <ele>145.06</ele>
        <time>2026-07-26T16:45:10Z</time>
      </trkpt>
      <trkpt lat="33.61971" lon="-117.76249">
        <ele>144.76</ele>
        <time>2026-07-26T16:45:13Z</time>
      </trkpt>
      <trkpt lat="33.61967" lon="-117.76249">
        <ele>144.33</ele>
        <time>2026-07-26T16:45:16Z</time>
      </trkpt>
      <trkpt lat="33.61963" lon="-117.76249">
        <ele>143.9</ele>
        <time>2026-07-26T16:45:19Z</time>
      </trkpt>
      <trkpt lat="33.61959" lon="-117.76248">
        <ele>143.78</ele>
        <time>2026-07-26T16:45:22Z</time>
      </trkpt>
      <trkpt lat="33.61956" lon="-117.76248">
        <ele>143.78</ele>
        <time>2026-07-26T16:45:25Z</time>
      </trkpt>
      <trkpt lat="33.61952" lon="-117.76248">
        <ele>143.78</ele>
        <time>2026-07-26T16:45:28Z</time>
      </trkpt>
      <trkpt lat="33.61948" lon="-117.76248">
        <ele>143.78</ele>
        <time>2026-07-26T16:45:31Z</time>
      </trkpt>
      <trkpt lat="33.61944" lon="-117.76247">
        <ele>143.68</ele>
        <time>2026-07-26T16:45:34Z</time>
      </trkpt>
      <trkpt lat="33.6194" lon="-117.76247">
        <ele>143.68</ele>
        <time>2026-07-26T16:45:37Z</time>
      </trkpt>
      <trkpt lat="33.61937" lon="-117.76247">
        <ele>143.68</ele>
        <time>2026-07-26T16:45:40Z</time>
      </trkpt>
      <trkpt lat="33.61933" lon="-117.76247">
        <ele>143.91</ele>
        <time>2026-07-26T16:45:43Z</time>
      </trkpt>
      <trkpt lat="33.6193" lon="-117.76246">
        <ele>144.13</ele>
        <time>2026-07-26T16:45:46Z</time>
      </trkpt>
      <trkpt lat="33.61926" lon="-117.76246">
        <ele>144.56</ele>
        <time>2026-07-26T16:45:49Z</time>
      </trkpt>
      <trkpt lat="33.61922" lon="-117.76246">
        <ele>144.99</ele>
        <time>2026-07-26T16:45:52Z</time>
      </trkpt>
      <trkpt lat="33.61919" lon="-117.76246">
        <ele>145.32</ele>
        <time>2026-07-26T16:45:55Z</time>
      </trkpt>
      <trkpt lat="33.61915" lon="-117.76246">
        <ele>145.75</ele>
        <time>2026-07-26T16:45:58Z</time>
      </trkpt>
      <trkpt lat="33.61912" lon="-117.76245">
        <ele>145.96</ele>
        <time>2026-07-26T16:46:01Z</time>
      </trkpt>
      <trkpt lat="33.61909" lon="-117.76245">
        <ele>146.29</ele>
        <time>2026-07-26T16:46:04Z</time>
      </trkpt>
      <trkpt lat="33.61905" lon="-117.76245">
        <ele>146.46</ele>
        <time>2026-07-26T16:46:07Z</time>
      </trkpt>
      <trkpt lat="33.61902" lon="-117.76245">
        <ele>146.46</ele>
        <time>2026-07-26T16:46:10Z</time>
      </trkpt>
      <trkpt lat="33.61899" lon="-117.76245">
        <ele>146.46</ele>
        <time>2026-07-26T16:46:13Z</time>
      </trkpt>
      <trkpt lat="33.61895" lon="-117.76245">
        <ele>146.12</ele>
        <time>2026-07-26T16:46:16Z</time>
      </trkpt>
      <trkpt lat="33.61892" lon="-117.76248">
        <ele>146.12</ele>
        <time>2026-07-26T16:46:19Z</time>
      </trkpt>
      <trkpt lat="33.61889" lon="-117.76249">
        <ele>145.9</ele>
        <time>2026-07-26T16:46:22Z</time>
      </trkpt>
      <trkpt lat="33.61885" lon="-117.7625">
        <ele>145.58</ele>
        <time>2026-07-26T16:46:25Z</time>
      </trkpt>
      <trkpt lat="33.61883" lon="-117.76251">
        <ele>145.51</ele>
        <time>2026-07-26T16:46:29Z</time>
      </trkpt>
      <trkpt lat="33.6188" lon="-117.76252">
        <ele>145.26</ele>
        <time>2026-07-26T16:46:33Z</time>
      </trkpt>
      <trkpt lat="33.61877" lon="-117.76253">
        <ele>144.56</ele>
        <time>2026-07-26T16:46:36Z</time>
      </trkpt>
      <trkpt lat="33.61874" lon="-117.76254">
        <ele>143.87</ele>
        <time>2026-07-26T16:46:39Z</time>
      </trkpt>
      <trkpt lat="33.6187" lon="-117.76256">
        <ele>143.22</ele>
        <time>2026-07-26T16:46:42Z</time>
      </trkpt>
      <trkpt lat="33.61867" lon="-117.76257">
        <ele>142.78</ele>
        <time>2026-07-26T16:46:45Z</time>
      </trkpt>
      <trkpt lat="33.61864" lon="-117.76258">
        <ele>142.35</ele>
        <time>2026-07-26T16:46:48Z</time>
      </trkpt>
      <trkpt lat="33.6186" lon="-117.7626">
        <ele>142.02</ele>
        <time>2026-07-26T16:46:51Z</time>
      </trkpt>
      <trkpt lat="33.61857" lon="-117.76261">
        <ele>141.77</ele>
        <time>2026-07-26T16:46:54Z</time>
      </trkpt>
      <trkpt lat="33.61853" lon="-117.76263">
        <ele>141.22</ele>
        <time>2026-07-26T16:46:57Z</time>
      </trkpt>
      <trkpt lat="33.61851" lon="-117.76266">
        <ele>140.79</ele>
        <time>2026-07-26T16:46:59Z</time>
      </trkpt>
      <trkpt lat="33.6185" lon="-117.76269">
        <ele>140.59</ele>
        <time>2026-07-26T16:47:01Z</time>
      </trkpt>
      <trkpt lat="33.61848" lon="-117.76272">
        <ele>140.01</ele>
        <time>2026-07-26T16:47:03Z</time>
      </trkpt>
      <trkpt lat="33.61847" lon="-117.76275">
        <ele>139.59</ele>
        <time>2026-07-26T16:47:05Z</time>
      </trkpt>
      <trkpt lat="33.61846" lon="-117.7628">
        <ele>139.1</ele>
        <time>2026-07-26T16:47:08Z</time>
      </trkpt>
      <trkpt lat="33.61848" lon="-117.76283">
        <ele>139.75</ele>
        <time>2026-07-26T16:47:10Z</time>
      </trkpt>
      <trkpt lat="33.6185" lon="-117.76286">
        <ele>140.4</ele>
        <time>2026-07-26T16:47:12Z</time>
      </trkpt>
      <trkpt lat="33.61849" lon="-117.7629">
        <ele>139.85</ele>
        <time>2026-07-26T16:47:15Z</time>
      </trkpt>
      <trkpt lat="33.61847" lon="-117.76294">
        <ele>139.07</ele>
        <time>2026-07-26T16:47:18Z</time>
      </trkpt>
      <trkpt lat="33.61844" lon="-117.76296">
        <ele>138.31</ele>
        <time>2026-07-26T16:47:21Z</time>
      </trkpt>
      <trkpt lat="33.61841" lon="-117.76298">
        <ele>138.01</ele>
        <time>2026-07-26T16:47:24Z</time>
      </trkpt>
      <trkpt lat="33.61838" lon="-117.76298">
        <ele>137.69</ele>
        <time>2026-07-26T16:47:27Z</time>
      </trkpt>
      <trkpt lat="33.61834" lon="-117.76298">
        <ele>137.26</ele>
        <time>2026-07-26T16:47:30Z</time>
      </trkpt>
      <trkpt lat="33.6183" lon="-117.76297">
        <ele>136.69</ele>
        <time>2026-07-26T16:47:33Z</time>
      </trkpt>
      <trkpt lat="33.61826" lon="-117.76296">
        <ele>136.2</ele>
        <time>2026-07-26T16:47:36Z</time>
      </trkpt>
      <trkpt lat="33.61824" lon="-117.76294">
        <ele>136.01</ele>
        <time>2026-07-26T16:47:38Z</time>
      </trkpt>
      <trkpt lat="33.61821" lon="-117.76292">
        <ele>136.51</ele>
        <time>2026-07-26T16:47:40Z</time>
      </trkpt>
      <trkpt lat="33.61819" lon="-117.7629">
        <ele>136.72</ele>
        <time>2026-07-26T16:47:42Z</time>
      </trkpt>
      <trkpt lat="33.61817" lon="-117.76287">
        <ele>136.76</ele>
        <time>2026-07-26T16:47:44Z</time>
      </trkpt>
      <trkpt lat="33.61814" lon="-117.76284">
        <ele>136.76</ele>
        <time>2026-07-26T16:47:46Z</time>
      </trkpt>
      <trkpt lat="33.61812" lon="-117.76281">
        <ele>136.65</ele>
        <time>2026-07-26T16:47:48Z</time>
      </trkpt>
      <trkpt lat="33.6181" lon="-117.76279">
        <ele>136.65</ele>
        <time>2026-07-26T16:47:50Z</time>
      </trkpt>
      <trkpt lat="33.61808" lon="-117.76277">
        <ele>136.65</ele>
        <time>2026-07-26T16:47:52Z</time>
      </trkpt>
      <trkpt lat="33.61805" lon="-117.76275">
        <ele>136.82</ele>
        <time>2026-07-26T16:47:54Z</time>
      </trkpt>
      <trkpt lat="33.61803" lon="-117.76273">
        <ele>137.04</ele>
        <time>2026-07-26T16:47:56Z</time>
      </trkpt>
      <trkpt lat="33.61801" lon="-117.76271">
        <ele>137.25</ele>
        <time>2026-07-26T16:47:58Z</time>
      </trkpt>
      <trkpt lat="33.61798" lon="-117.76268">
        <ele>137.59</ele>
        <time>2026-07-26T16:48:01Z</time>
      </trkpt>
      <trkpt lat="33.61795" lon="-117.76266">
        <ele>137.97</ele>
        <time>2026-07-26T16:48:04Z</time>
      </trkpt>
      <trkpt lat="33.61792" lon="-117.76263">
        <ele>138.06</ele>
        <time>2026-07-26T16:48:07Z</time>
      </trkpt>
      <trkpt lat="33.61789" lon="-117.76261">
        <ele>138.12</ele>
        <time>2026-07-26T16:48:10Z</time>
      </trkpt>
      <trkpt lat="33.61786" lon="-117.76259">
        <ele>138.44</ele>
        <time>2026-07-26T16:48:13Z</time>
      </trkpt>
      <trkpt lat="33.61783" lon="-117.76256">
        <ele>139.44</ele>
        <time>2026-07-26T16:48:16Z</time>
      </trkpt>
      <trkpt lat="33.6178" lon="-117.76254">
        <ele>140.18</ele>
        <time>2026-07-26T16:48:19Z</time>
      </trkpt>
      <trkpt lat="33.61778" lon="-117.76252">
        <ele>140.37</ele>
        <time>2026-07-26T16:48:22Z</time>
      </trkpt>
      <trkpt lat="33.61776" lon="-117.76249">
        <ele>140.53</ele>
        <time>2026-07-26T16:48:26Z</time>
      </trkpt>
      <trkpt lat="33.61775" lon="-117.76245">
        <ele>140.58</ele>
        <time>2026-07-26T16:48:31Z</time>
      </trkpt>
      <trkpt lat="33.61773" lon="-117.76242">
        <ele>140.66</ele>
        <time>2026-07-26T16:48:35Z</time>
      </trkpt>
      <trkpt lat="33.6177" lon="-117.76239">
        <ele>140.46</ele>
        <time>2026-07-26T16:48:39Z</time>
      </trkpt>
      <trkpt lat="33.61768" lon="-117.76237">
        <ele>140.27</ele>
        <time>2026-07-26T16:48:42Z</time>
      </trkpt>
      <trkpt lat="33.61766" lon="-117.76235">
        <ele>140.2</ele>
        <time>2026-07-26T16:48:45Z</time>
      </trkpt>
      <trkpt lat="33.61764" lon="-117.76234">
        <ele>140.39</ele>
        <time>2026-07-26T16:48:48Z</time>
      </trkpt>
      <trkpt lat="33.61761" lon="-117.76235">
        <ele>141.08</ele>
        <time>2026-07-26T16:48:51Z</time>
      </trkpt>
      <trkpt lat="33.61758" lon="-117.76236">
        <ele>141.55</ele>
        <time>2026-07-26T16:48:54Z</time>
      </trkpt>
      <trkpt lat="33.61755" lon="-117.76237">
        <ele>141.87</ele>
        <time>2026-07-26T16:48:57Z</time>
      </trkpt>
      <trkpt lat="33.61752" lon="-117.76237">
        <ele>142.06</ele>
        <time>2026-07-26T16:49:00Z</time>
      </trkpt>
      <trkpt lat="33.61749" lon="-117.76237">
        <ele>142.19</ele>
        <time>2026-07-26T16:49:03Z</time>
      </trkpt>
      <trkpt lat="33.61746" lon="-117.76237">
        <ele>142.19</ele>
        <time>2026-07-26T16:49:06Z</time>
      </trkpt>
      <trkpt lat="33.61743" lon="-117.76237">
        <ele>142.19</ele>
        <time>2026-07-26T16:49:09Z</time>
      </trkpt>
      <trkpt lat="33.6174" lon="-117.76237">
        <ele>142.14</ele>
        <time>2026-07-26T16:49:12Z</time>
      </trkpt>
      <trkpt lat="33.61736" lon="-117.76238">
        <ele>142.05</ele>
        <time>2026-07-26T16:49:15Z</time>
      </trkpt>
      <trkpt lat="33.61732" lon="-117.76238">
        <ele>141.74</ele>
        <time>2026-07-26T16:49:17Z</time>
      </trkpt>
      <trkpt lat="33.61729" lon="-117.76238">
        <ele>141.44</ele>
        <time>2026-07-26T16:49:19Z</time>
      </trkpt>
      <trkpt lat="33.61726" lon="-117.76239">
        <ele>141.22</ele>
        <time>2026-07-26T16:49:21Z</time>
      </trkpt>
      <trkpt lat="33.61723" lon="-117.7624">
        <ele>141.0</ele>
        <time>2026-07-26T16:49:24Z</time>
      </trkpt>
      <trkpt lat="33.6172" lon="-117.76241">
        <ele>140.29</ele>
        <time>2026-07-26T16:49:27Z</time>
      </trkpt>
      <trkpt lat="33.61717" lon="-117.76242">
        <ele>139.46</ele>
        <time>2026-07-26T16:49:30Z</time>
      </trkpt>
      <trkpt lat="33.61715" lon="-117.76245">
        <ele>139.38</ele>
        <time>2026-07-26T16:49:33Z</time>
      </trkpt>
      <trkpt lat="33.61713" lon="-117.76248">
        <ele>139.57</ele>
        <time>2026-07-26T16:49:35Z</time>
      </trkpt>
      <trkpt lat="33.61711" lon="-117.76251">
        <ele>139.28</ele>
        <time>2026-07-26T16:49:37Z</time>
      </trkpt>
      <trkpt lat="33.61709" lon="-117.76254">
        <ele>138.47</ele>
        <time>2026-07-26T16:49:40Z</time>
      </trkpt>
      <trkpt lat="33.61707" lon="-117.76257">
        <ele>137.8</ele>
        <time>2026-07-26T16:49:43Z</time>
      </trkpt>
      <trkpt lat="33.61705" lon="-117.76259">
        <ele>137.28</ele>
        <time>2026-07-26T16:49:46Z</time>
      </trkpt>
      <trkpt lat="33.61703" lon="-117.76262">
        <ele>137.2</ele>
        <time>2026-07-26T16:49:49Z</time>
      </trkpt>
      <trkpt lat="33.617" lon="-117.76264">
        <ele>136.91</ele>
        <time>2026-07-26T16:49:52Z</time>
      </trkpt>
      <trkpt lat="33.61698" lon="-117.76267">
        <ele>136.71</ele>
        <time>2026-07-26T16:49:55Z</time>
      </trkpt>
      <trkpt lat="33.61696" lon="-117.76269">
        <ele>136.39</ele>
        <time>2026-07-26T16:49:58Z</time>
      </trkpt>
      <trkpt lat="33.61693" lon="-117.76271">
        <ele>136.15</ele>
        <time>2026-07-26T16:50:01Z</time>
      </trkpt>
      <trkpt lat="33.61691" lon="-117.76271">
        <ele>136.0</ele>
        <time>2026-07-26T16:50:04Z</time>
      </trkpt>
      <trkpt lat="33.61688" lon="-117.76271">
        <ele>135.76</ele>
        <time>2026-07-26T16:50:07Z</time>
      </trkpt>
      <trkpt lat="33.61684" lon="-117.76271">
        <ele>135.66</ele>
        <time>2026-07-26T16:50:10Z</time>
      </trkpt>
      <trkpt lat="33.61681" lon="-117.7627">
        <ele>135.77</ele>
        <time>2026-07-26T16:50:13Z</time>
      </trkpt>
      <trkpt lat="33.61677" lon="-117.76268">
        <ele>135.88</ele>
        <time>2026-07-26T16:50:16Z</time>
      </trkpt>
      <trkpt lat="33.61675" lon="-117.76265">
        <ele>136.26</ele>
        <time>2026-07-26T16:50:18Z</time>
      </trkpt>
      <trkpt lat="33.61671" lon="-117.76263">
        <ele>137.28</ele>
        <time>2026-07-26T16:50:20Z</time>
      </trkpt>
      <trkpt lat="33.61668" lon="-117.76261">
        <ele>137.87</ele>
        <time>2026-07-26T16:50:22Z</time>
      </trkpt>
      <trkpt lat="33.61666" lon="-117.76258">
        <ele>138.03</ele>
        <time>2026-07-26T16:50:24Z</time>
      </trkpt>
      <trkpt lat="33.61665" lon="-117.76254">
        <ele>137.69</ele>
        <time>2026-07-26T16:50:26Z</time>
      </trkpt>
      <trkpt lat="33.61664" lon="-117.7625">
        <ele>137.44</ele>
        <time>2026-07-26T16:50:28Z</time>
      </trkpt>
      <trkpt lat="33.61662" lon="-117.76247">
        <ele>137.71</ele>
        <time>2026-07-26T16:50:30Z</time>
      </trkpt>
      <trkpt lat="33.61661" lon="-117.76243">
        <ele>136.92</ele>
        <time>2026-07-26T16:50:33Z</time>
      </trkpt>
      <trkpt lat="33.61659" lon="-117.7624">
        <ele>136.51</ele>
        <time>2026-07-26T16:50:36Z</time>
      </trkpt>
      <trkpt lat="33.61657" lon="-117.76236">
        <ele>136.06</ele>
        <time>2026-07-26T16:50:39Z</time>
      </trkpt>
      <trkpt lat="33.61655" lon="-117.76233">
        <ele>135.67</ele>
        <time>2026-07-26T16:50:42Z</time>
      </trkpt>
      <trkpt lat="33.61653" lon="-117.76229">
        <ele>134.68</ele>
        <time>2026-07-26T16:50:45Z</time>
      </trkpt>
      <trkpt lat="33.61651" lon="-117.76226">
        <ele>133.69</ele>
        <time>2026-07-26T16:50:48Z</time>
      </trkpt>
      <trkpt lat="33.6165" lon="-117.76223">
        <ele>132.5</ele>
        <time>2026-07-26T16:50:51Z</time>
      </trkpt>
      <trkpt lat="33.61648" lon="-117.7622">
        <ele>131.78</ele>
        <time>2026-07-26T16:50:54Z</time>
      </trkpt>
      <trkpt lat="33.61646" lon="-117.76218">
        <ele>131.69</ele>
        <time>2026-07-26T16:50:57Z</time>
      </trkpt>
      <trkpt lat="33.61643" lon="-117.76217">
        <ele>131.61</ele>
        <time>2026-07-26T16:51:01Z</time>
      </trkpt>
      <trkpt lat="33.6164" lon="-117.76216">
        <ele>131.31</ele>
        <time>2026-07-26T16:51:05Z</time>
      </trkpt>
      <trkpt lat="33.61637" lon="-117.76214">
        <ele>130.45</ele>
        <time>2026-07-26T16:51:09Z</time>
      </trkpt>
      <trkpt lat="33.61634" lon="-117.76213">
        <ele>130.02</ele>
        <time>2026-07-26T16:51:13Z</time>
      </trkpt>
      <trkpt lat="33.61631" lon="-117.76211">
        <ele>129.58</ele>
        <time>2026-07-26T16:51:16Z</time>
      </trkpt>
      <trkpt lat="33.61628" lon="-117.76209">
        <ele>129.24</ele>
        <time>2026-07-26T16:51:19Z</time>
      </trkpt>
      <trkpt lat="33.61625" lon="-117.76208">
        <ele>129.16</ele>
        <time>2026-07-26T16:51:21Z</time>
      </trkpt>
      <trkpt lat="33.61622" lon="-117.76207">
        <ele>129.01</ele>
        <time>2026-07-26T16:51:23Z</time>
      </trkpt>
      <trkpt lat="33.6162" lon="-117.76206">
        <ele>128.73</ele>
        <time>2026-07-26T16:51:25Z</time>
      </trkpt>
      <trkpt lat="33.61616" lon="-117.76204">
        <ele>128.08</ele>
        <time>2026-07-26T16:51:28Z</time>
      </trkpt>
      <trkpt lat="33.61613" lon="-117.76203">
        <ele>127.92</ele>
        <time>2026-07-26T16:51:31Z</time>
      </trkpt>
      <trkpt lat="33.6161" lon="-117.76201">
        <ele>127.59</ele>
        <time>2026-07-26T16:51:34Z</time>
      </trkpt>
      <trkpt lat="33.61608" lon="-117.762">
        <ele>127.26</ele>
        <time>2026-07-26T16:51:37Z</time>
      </trkpt>
      <trkpt lat="33.61605" lon="-117.76198">
        <ele>126.72</ele>
        <time>2026-07-26T16:51:40Z</time>
      </trkpt>
      <trkpt lat="33.61602" lon="-117.76196">
        <ele>126.18</ele>
        <time>2026-07-26T16:51:43Z</time>
      </trkpt>
      <trkpt lat="33.61599" lon="-117.76194">
        <ele>126.28</ele>
        <time>2026-07-26T16:51:46Z</time>
      </trkpt>
      <trkpt lat="33.61596" lon="-117.76192">
        <ele>126.3</ele>
        <time>2026-07-26T16:51:49Z</time>
      </trkpt>
      <trkpt lat="33.61593" lon="-117.76188">
        <ele>125.63</ele>
        <time>2026-07-26T16:51:52Z</time>
      </trkpt>
      <trkpt lat="33.61591" lon="-117.76183">
        <ele>124.8</ele>
        <time>2026-07-26T16:51:54Z</time>
      </trkpt>
      <trkpt lat="33.6159" lon="-117.7618">
        <ele>124.6</ele>
        <time>2026-07-26T16:51:56Z</time>
      </trkpt>
      <trkpt lat="33.61588" lon="-117.76177">
        <ele>124.55</ele>
        <time>2026-07-26T16:51:58Z</time>
      </trkpt>
      <trkpt lat="33.61586" lon="-117.76173">
        <ele>124.49</ele>
        <time>2026-07-26T16:52:01Z</time>
      </trkpt>
      <trkpt lat="33.61585" lon="-117.76169">
        <ele>124.21</ele>
        <time>2026-07-26T16:52:04Z</time>
      </trkpt>
      <trkpt lat="33.61585" lon="-117.76165">
        <ele>124.0</ele>
        <time>2026-07-26T16:52:07Z</time>
      </trkpt>
      <trkpt lat="33.61584" lon="-117.76161">
        <ele>124.0</ele>
        <time>2026-07-26T16:52:10Z</time>
      </trkpt>
      <trkpt lat="33.61582" lon="-117.76158">
        <ele>124.0</ele>
        <time>2026-07-26T16:52:13Z</time>
      </trkpt>
      <trkpt lat="33.61581" lon="-117.76154">
        <ele>124.0</ele>
        <time>2026-07-26T16:52:16Z</time>
      </trkpt>
      <trkpt lat="33.6158" lon="-117.7615">
        <ele>124.0</ele>
        <time>2026-07-26T16:52:19Z</time>
      </trkpt>
      <trkpt lat="33.61579" lon="-117.76146">
        <ele>123.77</ele>
        <time>2026-07-26T16:52:22Z</time>
      </trkpt>
      <trkpt lat="33.61577" lon="-117.76142">
        <ele>123.34</ele>
        <time>2026-07-26T16:52:25Z</time>
      </trkpt>
      <trkpt lat="33.61575" lon="-117.76138">
        <ele>123.0</ele>
        <time>2026-07-26T16:52:28Z</time>
      </trkpt>
      <trkpt lat="33.61573" lon="-117.76135">
        <ele>123.0</ele>
        <time>2026-07-26T16:52:31Z</time>
      </trkpt>
      <trkpt lat="33.61571" lon="-117.76131">
        <ele>123.0</ele>
        <time>2026-07-26T16:52:34Z</time>
      </trkpt>
      <trkpt lat="33.61569" lon="-117.76128">
        <ele>122.92</ele>
        <time>2026-07-26T16:52:37Z</time>
      </trkpt>
      <trkpt lat="33.61566" lon="-117.76125">
        <ele>122.94</ele>
        <time>2026-07-26T16:52:40Z</time>
      </trkpt>
      <trkpt lat="33.61562" lon="-117.76125">
        <ele>123.15</ele>
        <time>2026-07-26T16:52:42Z</time>
      </trkpt>
      <trkpt lat="33.6156" lon="-117.76124">
        <ele>123.2</ele>
        <time>2026-07-26T16:52:44Z</time>
      </trkpt>
      <trkpt lat="33.61557" lon="-117.76123">
        <ele>123.24</ele>
        <time>2026-07-26T16:52:47Z</time>
      </trkpt>
      <trkpt lat="33.61554" lon="-117.76121">
        <ele>123.06</ele>
        <time>2026-07-26T16:52:50Z</time>
      </trkpt>
      <trkpt lat="33.61551" lon="-117.76119">
        <ele>123.0</ele>
        <time>2026-07-26T16:52:53Z</time>
      </trkpt>
      <trkpt lat="33.61548" lon="-117.76117">
        <ele>123.0</ele>
        <time>2026-07-26T16:52:56Z</time>
      </trkpt>
      <trkpt lat="33.61544" lon="-117.76115">
        <ele>123.0</ele>
        <time>2026-07-26T16:52:59Z</time>
      </trkpt>
      <trkpt lat="33.61541" lon="-117.76113">
        <ele>123.0</ele>
        <time>2026-07-26T16:53:02Z</time>
      </trkpt>
      <trkpt lat="33.61538" lon="-117.76111">
        <ele>123.0</ele>
        <time>2026-07-26T16:53:05Z</time>
      </trkpt>
      <trkpt lat="33.61535" lon="-117.76109">
        <ele>122.95</ele>
        <time>2026-07-26T16:53:08Z</time>
      </trkpt>
      <trkpt lat="33.61532" lon="-117.76107">
        <ele>122.76</ele>
        <time>2026-07-26T16:53:11Z</time>
      </trkpt>
      <trkpt lat="33.61529" lon="-117.76105">
        <ele>122.43</ele>
        <time>2026-07-26T16:53:14Z</time>
      </trkpt>
      <trkpt lat="33.61526" lon="-117.76104">
        <ele>122.19</ele>
        <time>2026-07-26T16:53:17Z</time>
      </trkpt>
      <trkpt lat="33.61523" lon="-117.76104">
        <ele>122.11</ele>
        <time>2026-07-26T16:53:20Z</time>
      </trkpt>
      <trkpt lat="33.6152" lon="-117.76105">
        <ele>122.05</ele>
        <time>2026-07-26T16:53:23Z</time>
      </trkpt>
      <trkpt lat="33.61516" lon="-117.76106">
        <ele>122.0</ele>
        <time>2026-07-26T16:53:26Z</time>
      </trkpt>
      <trkpt lat="33.61513" lon="-117.76107">
        <ele>122.0</ele>
        <time>2026-07-26T16:53:29Z</time>
      </trkpt>
      <trkpt lat="33.6151" lon="-117.76108">
        <ele>122.0</ele>
        <time>2026-07-26T16:53:32Z</time>
      </trkpt>
      <trkpt lat="33.61506" lon="-117.76108">
        <ele>122.0</ele>
        <time>2026-07-26T16:53:35Z</time>
      </trkpt>
      <trkpt lat="33.61503" lon="-117.76109">
        <ele>122.0</ele>
        <time>2026-07-26T16:53:38Z</time>
      </trkpt>
      <trkpt lat="33.61499" lon="-117.76109">
        <ele>122.0</ele>
        <time>2026-07-26T16:53:41Z</time>
      </trkpt>
      <trkpt lat="33.61496" lon="-117.7611">
        <ele>122.0</ele>
        <time>2026-07-26T16:53:44Z</time>
      </trkpt>
      <trkpt lat="33.61493" lon="-117.7611">
        <ele>122.0</ele>
        <time>2026-07-26T16:53:47Z</time>
      </trkpt>
      <trkpt lat="33.61489" lon="-117.76111">
        <ele>122.0</ele>
        <time>2026-07-26T16:53:50Z</time>
      </trkpt>
      <trkpt lat="33.61486" lon="-117.76111">
        <ele>122.0</ele>
        <time>2026-07-26T16:53:53Z</time>
      </trkpt>
      <trkpt lat="33.61482" lon="-117.76112">
        <ele>122.1</ele>
        <time>2026-07-26T16:53:56Z</time>
      </trkpt>
      <trkpt lat="33.61479" lon="-117.76113">
        <ele>122.2</ele>
        <time>2026-07-26T16:53:59Z</time>
      </trkpt>
      <trkpt lat="33.61475" lon="-117.76113">
        <ele>122.2</ele>
        <time>2026-07-26T16:54:02Z</time>
      </trkpt>
      <trkpt lat="33.61472" lon="-117.76114">
        <ele>122.3</ele>
        <time>2026-07-26T16:54:05Z</time>
      </trkpt>
      <trkpt lat="33.61468" lon="-117.76115">
        <ele>122.23</ele>
        <time>2026-07-26T16:54:08Z</time>
      </trkpt>
      <trkpt lat="33.61465" lon="-117.76115">
        <ele>122.09</ele>
        <time>2026-07-26T16:54:11Z</time>
      </trkpt>
      <trkpt lat="33.61461" lon="-117.76116">
        <ele>122.0</ele>
        <time>2026-07-26T16:54:14Z</time>
      </trkpt>
      <trkpt lat="33.61458" lon="-117.76117">
        <ele>122.0</ele>
        <time>2026-07-26T16:54:17Z</time>
      </trkpt>
      <trkpt lat="33.61454" lon="-117.76117">
        <ele>122.0</ele>
        <time>2026-07-26T16:54:20Z</time>
      </trkpt>
      <trkpt lat="33.61451" lon="-117.76118">
        <ele>122.0</ele>
        <time>2026-07-26T16:54:23Z</time>
      </trkpt>
      <trkpt lat="33.61447" lon="-117.76119">
        <ele>122.0</ele>
        <time>2026-07-26T16:54:26Z</time>
      </trkpt>
      <trkpt lat="33.61443" lon="-117.76119">
        <ele>121.87</ele>
        <time>2026-07-26T16:54:29Z</time>
      </trkpt>
      <trkpt lat="33.61439" lon="-117.7612">
        <ele>121.44</ele>
        <time>2026-07-26T16:54:32Z</time>
      </trkpt>
      <trkpt lat="33.61436" lon="-117.76119">
        <ele>121.22</ele>
        <time>2026-07-26T16:54:34Z</time>
      </trkpt>
      <trkpt lat="33.61432" lon="-117.76118">
        <ele>121.08</ele>
        <time>2026-07-26T16:54:36Z</time>
      </trkpt>
      <trkpt lat="33.61429" lon="-117.76117">
        <ele>120.88</ele>
        <time>2026-07-26T16:54:38Z</time>
      </trkpt>
      <trkpt lat="33.61426" lon="-117.76117">
        <ele>120.64</ele>
        <time>2026-07-26T16:54:40Z</time>
      </trkpt>
      <trkpt lat="33.61424" lon="-117.76115">
        <ele>120.63</ele>
        <time>2026-07-26T16:54:42Z</time>
      </trkpt>
      <trkpt lat="33.61421" lon="-117.76114">
        <ele>120.84</ele>
        <time>2026-07-26T16:54:44Z</time>
      </trkpt>
      <trkpt lat="33.61418" lon="-117.76113">
        <ele>121.06</ele>
        <time>2026-07-26T16:54:47Z</time>
      </trkpt>
      <trkpt lat="33.61414" lon="-117.7611">
        <ele>120.86</ele>
        <time>2026-07-26T16:54:50Z</time>
      </trkpt>
      <trkpt lat="33.61411" lon="-117.76108">
        <ele>120.94</ele>
        <time>2026-07-26T16:54:53Z</time>
      </trkpt>
      <trkpt lat="33.61409" lon="-117.76105">
        <ele>121.32</ele>
        <time>2026-07-26T16:54:56Z</time>
      </trkpt>
      <trkpt lat="33.61406" lon="-117.76101">
        <ele>122.21</ele>
        <time>2026-07-26T16:54:59Z</time>
      </trkpt>
      <trkpt lat="33.61404" lon="-117.76098">
        <ele>122.16</ele>
        <time>2026-07-26T16:55:02Z</time>
      </trkpt>
      <trkpt lat="33.61402" lon="-117.76094">
        <ele>122.2</ele>
        <time>2026-07-26T16:55:05Z</time>
      </trkpt>
      <trkpt lat="33.61401" lon="-117.7609">
        <ele>121.4</ele>
        <time>2026-07-26T16:55:08Z</time>
      </trkpt>
      <trkpt lat="33.614" lon="-117.76085">
        <ele>119.56</ele>
        <time>2026-07-26T16:55:11Z</time>
      </trkpt>
      <trkpt lat="33.61399" lon="-117.76082">
        <ele>118.69</ele>
        <time>2026-07-26T16:55:13Z</time>
      </trkpt>
      <trkpt lat="33.61397" lon="-117.76078">
        <ele>118.34</ele>
        <time>2026-07-26T16:55:15Z</time>
      </trkpt>
      <trkpt lat="33.61396" lon="-117.76075">
        <ele>118.13</ele>
        <time>2026-07-26T16:55:17Z</time>
      </trkpt>
      <trkpt lat="33.61395" lon="-117.76073">
        <ele>118.43</ele>
        <time>2026-07-26T16:55:19Z</time>
      </trkpt>
      <trkpt lat="33.61392" lon="-117.76069">
        <ele>119.3</ele>
        <time>2026-07-26T16:55:22Z</time>
      </trkpt>
      <trkpt lat="33.6139" lon="-117.76066">
        <ele>119.19</ele>
        <time>2026-07-26T16:55:25Z</time>
      </trkpt>
      <trkpt lat="33.61387" lon="-117.76063">
        <ele>119.18</ele>
        <time>2026-07-26T16:55:28Z</time>
      </trkpt>
      <trkpt lat="33.61385" lon="-117.76059">
        <ele>118.74</ele>
        <time>2026-07-26T16:55:31Z</time>
      </trkpt>
      <trkpt lat="33.61382" lon="-117.76055">
        <ele>118.43</ele>
        <time>2026-07-26T16:55:34Z</time>
      </trkpt>
      <trkpt lat="33.6138" lon="-117.76053">
        <ele>118.41</ele>
        <time>2026-07-26T16:55:36Z</time>
      </trkpt>
      <trkpt lat="33.61379" lon="-117.7605">
        <ele>117.81</ele>
        <time>2026-07-26T16:55:38Z</time>
      </trkpt>
      <trkpt lat="33.61376" lon="-117.76046">
        <ele>117.41</ele>
        <time>2026-07-26T16:55:41Z</time>
      </trkpt>
      <trkpt lat="33.61374" lon="-117.76043">
        <ele>117.75</ele>
        <time>2026-07-26T16:55:44Z</time>
      </trkpt>
      <trkpt lat="33.61372" lon="-117.7604">
        <ele>117.94</ele>
        <time>2026-07-26T16:55:47Z</time>
      </trkpt>
      <trkpt lat="33.6137" lon="-117.76037">
        <ele>118.0</ele>
        <time>2026-07-26T16:55:50Z</time>
      </trkpt>
      <trkpt lat="33.61368" lon="-117.76034">
        <ele>118.0</ele>
        <time>2026-07-26T16:55:53Z</time>
      </trkpt>
      <trkpt lat="33.61365" lon="-117.76031">
        <ele>118.0</ele>
        <time>2026-07-26T16:55:56Z</time>
      </trkpt>
      <trkpt lat="33.61363" lon="-117.76028">
        <ele>118.0</ele>
        <time>2026-07-26T16:55:59Z</time>
      </trkpt>
      <trkpt lat="33.61361" lon="-117.76025">
        <ele>118.0</ele>
        <time>2026-07-26T16:56:02Z</time>
      </trkpt>
      <trkpt lat="33.61359" lon="-117.76022">
        <ele>117.86</ele>
        <time>2026-07-26T16:56:05Z</time>
      </trkpt>
      <trkpt lat="33.61356" lon="-117.76021">
        <ele>117.6</ele>
        <time>2026-07-26T16:56:09Z</time>
      </trkpt>
      <trkpt lat="33.61353" lon="-117.76022">
        <ele>117.45</ele>
        <time>2026-07-26T16:56:13Z</time>
      </trkpt>
      <trkpt lat="33.6135" lon="-117.76023">
        <ele>117.28</ele>
        <time>2026-07-26T16:56:16Z</time>
      </trkpt>
      <trkpt lat="33.61347" lon="-117.76025">
        <ele>117.39</ele>
        <time>2026-07-26T16:56:18Z</time>
      </trkpt>
      <trkpt lat="33.61344" lon="-117.76026">
        <ele>117.48</ele>
        <time>2026-07-26T16:56:20Z</time>
      </trkpt>
      <trkpt lat="33.61341" lon="-117.76028">
        <ele>117.47</ele>
        <time>2026-07-26T16:56:22Z</time>
      </trkpt>
      <trkpt lat="33.61338" lon="-117.76031">
        <ele>116.51</ele>
        <time>2026-07-26T16:56:25Z</time>
      </trkpt>
      <trkpt lat="33.61336" lon="-117.76033">
        <ele>116.1</ele>
        <time>2026-07-26T16:56:28Z</time>
      </trkpt>
      <trkpt lat="33.61333" lon="-117.76036">
        <ele>115.86</ele>
        <time>2026-07-26T16:56:31Z</time>
      </trkpt>
      <trkpt lat="33.6133" lon="-117.76039">
        <ele>115.78</ele>
        <time>2026-07-26T16:56:34Z</time>
      </trkpt>
      <trkpt lat="33.61328" lon="-117.76042">
        <ele>115.65</ele>
        <time>2026-07-26T16:56:37Z</time>
      </trkpt>
      <trkpt lat="33.61325" lon="-117.76045">
        <ele>115.19</ele>
        <time>2026-07-26T16:56:40Z</time>
      </trkpt>
      <trkpt lat="33.61322" lon="-117.76048">
        <ele>115.37</ele>
        <time>2026-07-26T16:56:43Z</time>
      </trkpt>
      <trkpt lat="33.6132" lon="-117.76051">
        <ele>116.02</ele>
        <time>2026-07-26T16:56:46Z</time>
      </trkpt>
      <trkpt lat="33.61317" lon="-117.76053">
        <ele>116.45</ele>
        <time>2026-07-26T16:56:49Z</time>
      </trkpt>
      <trkpt lat="33.61313" lon="-117.76056">
        <ele>116.81</ele>
        <time>2026-07-26T16:56:52Z</time>
      </trkpt>
      <trkpt lat="33.6131" lon="-117.76058">
        <ele>116.62</ele>
        <time>2026-07-26T16:56:55Z</time>
      </trkpt>
      <trkpt lat="33.61307" lon="-117.7606">
        <ele>116.56</ele>
        <time>2026-07-26T16:56:58Z</time>
      </trkpt>
      <trkpt lat="33.61303" lon="-117.76062">
        <ele>116.7</ele>
        <time>2026-07-26T16:57:01Z</time>
      </trkpt>
      <trkpt lat="33.613" lon="-117.76063">
        <ele>116.8</ele>
        <time>2026-07-26T16:57:04Z</time>
      </trkpt>
      <trkpt lat="33.61296" lon="-117.76065">
        <ele>117.02</ele>
        <time>2026-07-26T16:57:07Z</time>
      </trkpt>
      <trkpt lat="33.61293" lon="-117.76065">
        <ele>117.02</ele>
        <time>2026-07-26T16:57:10Z</time>
      </trkpt>
      <trkpt lat="33.61289" lon="-117.76064">
        <ele>116.84</ele>
        <time>2026-07-26T16:57:13Z</time>
      </trkpt>
      <trkpt lat="33.61286" lon="-117.76063">
        <ele>116.7</ele>
        <time>2026-07-26T16:57:16Z</time>
      </trkpt>
      <trkpt lat="33.61282" lon="-117.76064">
        <ele>117.32</ele>
        <time>2026-07-26T16:57:19Z</time>
      </trkpt>
      <trkpt lat="33.61279" lon="-117.76064">
        <ele>117.62</ele>
        <time>2026-07-26T16:57:22Z</time>
      </trkpt>
      <trkpt lat="33.61275" lon="-117.76065">
        <ele>117.71</ele>
        <time>2026-07-26T16:57:25Z</time>
      </trkpt>
      <trkpt lat="33.61272" lon="-117.76066">
        <ele>117.46</ele>
        <time>2026-07-26T16:57:28Z</time>
      </trkpt>
      <trkpt lat="33.61269" lon="-117.76066">
        <ele>117.17</ele>
        <time>2026-07-26T16:57:31Z</time>
      </trkpt>
      <trkpt lat="33.61265" lon="-117.76067">
        <ele>117.24</ele>
        <time>2026-07-26T16:57:34Z</time>
      </trkpt>
      <trkpt lat="33.61262" lon="-117.76067">
        <ele>117.24</ele>
        <time>2026-07-26T16:57:37Z</time>
      </trkpt>
      <trkpt lat="33.61258" lon="-117.76068">
        <ele>117.43</ele>
        <time>2026-07-26T16:57:40Z</time>
      </trkpt>
      <trkpt lat="33.61254" lon="-117.76068">
        <ele>117.72</ele>
        <time>2026-07-26T16:57:43Z</time>
      </trkpt>
      <trkpt lat="33.61251" lon="-117.76068">
        <ele>117.93</ele>
        <time>2026-07-26T16:57:46Z</time>
      </trkpt>
      <trkpt lat="33.61247" lon="-117.76066">
        <ele>118.0</ele>
        <time>2026-07-26T16:57:49Z</time>
      </trkpt>
      <trkpt lat="33.61245" lon="-117.76064">
        <ele>117.83</ele>
        <time>2026-07-26T16:57:51Z</time>
      </trkpt>
      <trkpt lat="33.61243" lon="-117.76061">
        <ele>117.39</ele>
        <time>2026-07-26T16:57:53Z</time>
      </trkpt>
      <trkpt lat="33.6124" lon="-117.76059">
        <ele>117.37</ele>
        <time>2026-07-26T16:57:55Z</time>
      </trkpt>
      <trkpt lat="33.61238" lon="-117.76057">
        <ele>117.16</ele>
        <time>2026-07-26T16:57:57Z</time>
      </trkpt>
      <trkpt lat="33.61236" lon="-117.76055">
        <ele>116.94</ele>
        <time>2026-07-26T16:57:59Z</time>
      </trkpt>
      <trkpt lat="33.61234" lon="-117.76053">
        <ele>116.85</ele>
        <time>2026-07-26T16:58:01Z</time>
      </trkpt>
      <trkpt lat="33.61231" lon="-117.7605">
        <ele>117.0</ele>
        <time>2026-07-26T16:58:04Z</time>
      </trkpt>
      <trkpt lat="33.61229" lon="-117.76046">
        <ele>116.97</ele>
        <time>2026-07-26T16:58:07Z</time>
      </trkpt>
      <trkpt lat="33.61228" lon="-117.76043">
        <ele>116.64</ele>
        <time>2026-07-26T16:58:10Z</time>
      </trkpt>
      <trkpt lat="33.61226" lon="-117.76039">
        <ele>116.21</ele>
        <time>2026-07-26T16:58:13Z</time>
      </trkpt>
      <trkpt lat="33.61224" lon="-117.76035">
        <ele>115.96</ele>
        <time>2026-07-26T16:58:16Z</time>
      </trkpt>
      <trkpt lat="33.61222" lon="-117.76031">
        <ele>116.0</ele>
        <time>2026-07-26T16:58:19Z</time>
      </trkpt>
      <trkpt lat="33.6122" lon="-117.76027">
        <ele>115.92</ele>
        <time>2026-07-26T16:58:22Z</time>
      </trkpt>
      <trkpt lat="33.61218" lon="-117.76023">
        <ele>115.48</ele>
        <time>2026-07-26T16:58:25Z</time>
      </trkpt>
      <trkpt lat="33.61216" lon="-117.76019">
        <ele>115.05</ele>
        <time>2026-07-26T16:58:28Z</time>
      </trkpt>
      <trkpt lat="33.61214" lon="-117.76016">
        <ele>115.0</ele>
        <time>2026-07-26T16:58:31Z</time>
      </trkpt>
      <trkpt lat="33.61211" lon="-117.76013">
        <ele>115.0</ele>
        <time>2026-07-26T16:58:34Z</time>
      </trkpt>
      <trkpt lat="33.61208" lon="-117.7601">
        <ele>115.0</ele>
        <time>2026-07-26T16:58:37Z</time>
      </trkpt>
      <trkpt lat="33.61204" lon="-117.76011">
        <ele>115.0</ele>
        <time>2026-07-26T16:58:40Z</time>
      </trkpt>
      <trkpt lat="33.61201" lon="-117.76013">
        <ele>115.0</ele>
        <time>2026-07-26T16:58:42Z</time>
      </trkpt>
      <trkpt lat="33.61197" lon="-117.76014">
        <ele>115.0</ele>
        <time>2026-07-26T16:58:44Z</time>
      </trkpt>
      <trkpt lat="33.61194" lon="-117.76014">
        <ele>114.98</ele>
        <time>2026-07-26T16:58:46Z</time>
      </trkpt>
      <trkpt lat="33.61192" lon="-117.76015">
        <ele>114.9</ele>
        <time>2026-07-26T16:58:48Z</time>
      </trkpt>
      <trkpt lat="33.61188" lon="-117.76015">
        <ele>114.74</ele>
        <time>2026-07-26T16:58:51Z</time>
      </trkpt>
      <trkpt lat="33.61184" lon="-117.76015">
        <ele>114.54</ele>
        <time>2026-07-26T16:58:54Z</time>
      </trkpt>
      <trkpt lat="33.6118" lon="-117.76014">
        <ele>114.23</ele>
        <time>2026-07-26T16:58:57Z</time>
      </trkpt>
      <trkpt lat="33.61177" lon="-117.76014">
        <ele>114.06</ele>
        <time>2026-07-26T16:59:00Z</time>
      </trkpt>
      <trkpt lat="33.61173" lon="-117.76014">
        <ele>114.0</ele>
        <time>2026-07-26T16:59:03Z</time>
      </trkpt>
      <trkpt lat="33.61169" lon="-117.76014">
        <ele>114.0</ele>
        <time>2026-07-26T16:59:06Z</time>
      </trkpt>
      <trkpt lat="33.61166" lon="-117.76015">
        <ele>114.0</ele>
        <time>2026-07-26T16:59:09Z</time>
      </trkpt>
      <trkpt lat="33.61162" lon="-117.76015">
        <ele>114.0</ele>
        <time>2026-07-26T16:59:12Z</time>
      </trkpt>
      <trkpt lat="33.61158" lon="-117.76015">
        <ele>114.0</ele>
        <time>2026-07-26T16:59:15Z</time>
      </trkpt>
      <trkpt lat="33.61155" lon="-117.76015">
        <ele>114.0</ele>
        <time>2026-07-26T16:59:18Z</time>
      </trkpt>
      <trkpt lat="33.61151" lon="-117.76015">
        <ele>114.0</ele>
        <time>2026-07-26T16:59:21Z</time>
      </trkpt>
      <trkpt lat="33.61148" lon="-117.76016">
        <ele>114.0</ele>
        <time>2026-07-26T16:59:24Z</time>
      </trkpt>
      <trkpt lat="33.61144" lon="-117.76016">
        <ele>114.0</ele>
        <time>2026-07-26T16:59:27Z</time>
      </trkpt>
      <trkpt lat="33.6114" lon="-117.76017">
        <ele>114.0</ele>
        <time>2026-07-26T16:59:30Z</time>
      </trkpt>
      <trkpt lat="33.61137" lon="-117.76017">
        <ele>113.97</ele>
        <time>2026-07-26T16:59:33Z</time>
      </trkpt>
      <trkpt lat="33.61133" lon="-117.76018">
        <ele>113.96</ele>
        <time>2026-07-26T16:59:36Z</time>
      </trkpt>
      <trkpt lat="33.61129" lon="-117.76018">
        <ele>113.94</ele>
        <time>2026-07-26T16:59:39Z</time>
      </trkpt>
      <trkpt lat="33.61126" lon="-117.76019">
        <ele>114.0</ele>
        <time>2026-07-26T16:59:42Z</time>
      </trkpt>
      <trkpt lat="33.61122" lon="-117.76019">
        <ele>114.0</ele>
        <time>2026-07-26T16:59:45Z</time>
      </trkpt>
      <trkpt lat="33.61119" lon="-117.7602">
        <ele>113.85</ele>
        <time>2026-07-26T16:59:48Z</time>
      </trkpt>
      <trkpt lat="33.61115" lon="-117.76023">
        <ele>113.42</ele>
        <time>2026-07-26T16:59:51Z</time>
      </trkpt>
      <trkpt lat="33.61113" lon="-117.76025">
        <ele>113.2</ele>
        <time>2026-07-26T16:59:53Z</time>
      </trkpt>
      <trkpt lat="33.6111" lon="-117.76027">
        <ele>113.0</ele>
        <time>2026-07-26T16:59:56Z</time>
      </trkpt>
      <trkpt lat="33.61106" lon="-117.76029">
        <ele>113.06</ele>
        <time>2026-07-26T16:59:59Z</time>
      </trkpt>
      <trkpt lat="33.61103" lon="-117.76031">
        <ele>113.04</ele>
        <time>2026-07-26T17:00:02Z</time>
      </trkpt>
      <trkpt lat="33.61101" lon="-117.76033">
        <ele>113.0</ele>
        <time>2026-07-26T17:00:05Z</time>
      </trkpt>
      <trkpt lat="33.61099" lon="-117.76036">
        <ele>113.0</ele>
        <time>2026-07-26T17:00:08Z</time>
      </trkpt>
      <trkpt lat="33.61097" lon="-117.76039">
        <ele>113.1</ele>
        <time>2026-07-26T17:00:11Z</time>
      </trkpt>
      <trkpt lat="33.61094" lon="-117.76041">
        <ele>113.07</ele>
        <time>2026-07-26T17:00:14Z</time>
      </trkpt>
      <trkpt lat="33.6109" lon="-117.76044">
        <ele>113.0</ele>
        <time>2026-07-26T17:00:17Z</time>
      </trkpt>
      <trkpt lat="33.61087" lon="-117.76046">
        <ele>113.0</ele>
        <time>2026-07-26T17:00:20Z</time>
      </trkpt>
      <trkpt lat="33.61084" lon="-117.76048">
        <ele>113.01</ele>
        <time>2026-07-26T17:00:23Z</time>
      </trkpt>
      <trkpt lat="33.61081" lon="-117.76051">
        <ele>113.0</ele>
        <time>2026-07-26T17:00:26Z</time>
      </trkpt>
      <trkpt lat="33.61078" lon="-117.76053">
        <ele>113.0</ele>
        <time>2026-07-26T17:00:29Z</time>
      </trkpt>
      <trkpt lat="33.61075" lon="-117.76055">
        <ele>113.0</ele>
        <time>2026-07-26T17:00:32Z</time>
      </trkpt>
      <trkpt lat="33.61072" lon="-117.76057">
        <ele>113.12</ele>
        <time>2026-07-26T17:00:35Z</time>
      </trkpt>
      <trkpt lat="33.61069" lon="-117.76059">
        <ele>113.17</ele>
        <time>2026-07-26T17:00:38Z</time>
      </trkpt>
      <trkpt lat="33.61066" lon="-117.76061">
        <ele>113.08</ele>
        <time>2026-07-26T17:00:41Z</time>
      </trkpt>
      <trkpt lat="33.61063" lon="-117.76063">
        <ele>113.0</ele>
        <time>2026-07-26T17:00:44Z</time>
      </trkpt>
      <trkpt lat="33.6106" lon="-117.76066">
        <ele>113.19</ele>
        <time>2026-07-26T17:00:47Z</time>
      </trkpt>
      <trkpt lat="33.61057" lon="-117.76068">
        <ele>113.4</ele>
        <time>2026-07-26T17:00:50Z</time>
      </trkpt>
      <trkpt lat="33.61054" lon="-117.7607">
        <ele>113.56</ele>
        <time>2026-07-26T17:00:53Z</time>
      </trkpt>
      <trkpt lat="33.6105" lon="-117.76072">
        <ele>113.78</ele>
        <time>2026-07-26T17:00:56Z</time>
      </trkpt>
      <trkpt lat="33.61047" lon="-117.76074">
        <ele>113.99</ele>
        <time>2026-07-26T17:00:59Z</time>
      </trkpt>
      <trkpt lat="33.61044" lon="-117.76075">
        <ele>113.85</ele>
        <time>2026-07-26T17:01:02Z</time>
      </trkpt>
      <trkpt lat="33.61041" lon="-117.76077">
        <ele>113.74</ele>
        <time>2026-07-26T17:01:05Z</time>
      </trkpt>
      <trkpt lat="33.61038" lon="-117.76079">
        <ele>113.64</ele>
        <time>2026-07-26T17:01:08Z</time>
      </trkpt>
      <trkpt lat="33.61034" lon="-117.76081">
        <ele>113.5</ele>
        <time>2026-07-26T17:01:11Z</time>
      </trkpt>
      <trkpt lat="33.61031" lon="-117.76083">
        <ele>113.34</ele>
        <time>2026-07-26T17:01:14Z</time>
      </trkpt>
      <trkpt lat="33.61028" lon="-117.76084">
        <ele>113.24</ele>
        <time>2026-07-26T17:01:17Z</time>
      </trkpt>
      <trkpt lat="33.61024" lon="-117.76082">
        <ele>112.94</ele>
        <time>2026-07-26T17:01:20Z</time>
      </trkpt>
      <trkpt lat="33.61021" lon="-117.76081">
        <ele>112.82</ele>
        <time>2026-07-26T17:01:23Z</time>
      </trkpt>
      <trkpt lat="33.61017" lon="-117.76081">
        <ele>112.91</ele>
        <time>2026-07-26T17:01:26Z</time>
      </trkpt>
      <trkpt lat="33.61013" lon="-117.76081">
        <ele>113.34</ele>
        <time>2026-07-26T17:01:28Z</time>
      </trkpt>
      <trkpt lat="33.61009" lon="-117.76081">
        <ele>113.75</ele>
        <time>2026-07-26T17:01:30Z</time>
      </trkpt>
      <trkpt lat="33.61007" lon="-117.7608">
        <ele>113.64</ele>
        <time>2026-07-26T17:01:32Z</time>
      </trkpt>
      <trkpt lat="33.61003" lon="-117.7608">
        <ele>113.64</ele>
        <time>2026-07-26T17:01:35Z</time>
      </trkpt>
      <trkpt lat="33.61" lon="-117.76079">
        <ele>113.53</ele>
        <time>2026-07-26T17:01:38Z</time>
      </trkpt>
      <trkpt lat="33.60997" lon="-117.76078">
        <ele>113.75</ele>
        <time>2026-07-26T17:01:41Z</time>
      </trkpt>
      <trkpt lat="33.60993" lon="-117.76077">
        <ele>114.07</ele>
        <time>2026-07-26T17:01:44Z</time>
      </trkpt>
      <trkpt lat="33.6099" lon="-117.76076">
        <ele>114.3</ele>
        <time>2026-07-26T17:01:47Z</time>
      </trkpt>
      <trkpt lat="33.60986" lon="-117.76075">
        <ele>114.66</ele>
        <time>2026-07-26T17:01:50Z</time>
      </trkpt>
      <trkpt lat="33.60983" lon="-117.76074">
        <ele>114.82</ele>
        <time>2026-07-26T17:01:53Z</time>
      </trkpt>
      <trkpt lat="33.6098" lon="-117.76072">
        <ele>114.87</ele>
        <time>2026-07-26T17:01:56Z</time>
      </trkpt>
      <trkpt lat="33.60978" lon="-117.76069">
        <ele>114.66</ele>
        <time>2026-07-26T17:01:58Z</time>
      </trkpt>
      <trkpt lat="33.60976" lon="-117.76065">
        <ele>114.22</ele>
        <time>2026-07-26T17:02:00Z</time>
      </trkpt>
      <trkpt lat="33.60974" lon="-117.76062">
        <ele>114.12</ele>
        <time>2026-07-26T17:02:02Z</time>
      </trkpt>
      <trkpt lat="33.60972" lon="-117.7606">
        <ele>113.98</ele>
        <time>2026-07-26T17:02:04Z</time>
      </trkpt>
      <trkpt lat="33.6097" lon="-117.76057">
        <ele>113.55</ele>
        <time>2026-07-26T17:02:06Z</time>
      </trkpt>
      <trkpt lat="33.60967" lon="-117.76054">
        <ele>113.47</ele>
        <time>2026-07-26T17:02:09Z</time>
      </trkpt>
      <trkpt lat="33.60964" lon="-117.76051">
        <ele>113.45</ele>
        <time>2026-07-26T17:02:12Z</time>
      </trkpt>
      <trkpt lat="33.60961" lon="-117.76048">
        <ele>113.18</ele>
        <time>2026-07-26T17:02:15Z</time>
      </trkpt>
      <trkpt lat="33.60959" lon="-117.76046">
        <ele>112.99</ele>
        <time>2026-07-26T17:02:18Z</time>
      </trkpt>
      <trkpt lat="33.60956" lon="-117.76043">
        <ele>112.73</ele>
        <time>2026-07-26T17:02:21Z</time>
      </trkpt>
      <trkpt lat="33.60953" lon="-117.7604">
        <ele>112.37</ele>
        <time>2026-07-26T17:02:24Z</time>
      </trkpt>
      <trkpt lat="33.6095" lon="-117.76038">
        <ele>112.46</ele>
        <time>2026-07-26T17:02:27Z</time>
      </trkpt>
      <trkpt lat="33.60947" lon="-117.76035">
        <ele>112.56</ele>
        <time>2026-07-26T17:02:30Z</time>
      </trkpt>
      <trkpt lat="33.60944" lon="-117.76033">
        <ele>112.56</ele>
        <time>2026-07-26T17:02:33Z</time>
      </trkpt>
      <trkpt lat="33.60941" lon="-117.7603">
        <ele>112.24</ele>
        <time>2026-07-26T17:02:36Z</time>
      </trkpt>
      <trkpt lat="33.60938" lon="-117.76028">
        <ele>112.02</ele>
        <time>2026-07-26T17:02:39Z</time>
      </trkpt>
      <trkpt lat="33.60935" lon="-117.76025">
        <ele>112.3</ele>
        <time>2026-07-26T17:02:42Z</time>
      </trkpt>
      <trkpt lat="33.60933" lon="-117.76022">
        <ele>112.62</ele>
        <time>2026-07-26T17:02:45Z</time>
      </trkpt>
      <trkpt lat="33.6093" lon="-117.7602">
        <ele>112.84</ele>
        <time>2026-07-26T17:02:48Z</time>
      </trkpt>
      <trkpt lat="33.60927" lon="-117.76018">
        <ele>112.95</ele>
        <time>2026-07-26T17:02:51Z</time>
      </trkpt>
      <trkpt lat="33.60924" lon="-117.76015">
        <ele>112.83</ele>
        <time>2026-07-26T17:02:54Z</time>
      </trkpt>
      <trkpt lat="33.60922" lon="-117.76012">
        <ele>112.72</ele>
        <time>2026-07-26T17:02:57Z</time>
      </trkpt>
      <trkpt lat="33.60919" lon="-117.7601">
        <ele>112.83</ele>
        <time>2026-07-26T17:03:00Z</time>
      </trkpt>
      <trkpt lat="33.60919" lon="-117.76006">
        <ele>112.66</ele>
        <time>2026-07-26T17:03:04Z</time>
      </trkpt>
      <trkpt lat="33.60917" lon="-117.76003">
        <ele>112.36</ele>
        <time>2026-07-26T17:03:07Z</time>
      </trkpt>
      <trkpt lat="33.60915" lon="-117.76001">
        <ele>112.27</ele>
        <time>2026-07-26T17:03:10Z</time>
      </trkpt>
      <trkpt lat="33.60912" lon="-117.75998">
        <ele>112.61</ele>
        <time>2026-07-26T17:03:13Z</time>
      </trkpt>
      <trkpt lat="33.6091" lon="-117.75995">
        <ele>112.87</ele>
        <time>2026-07-26T17:03:16Z</time>
      </trkpt>
      <trkpt lat="33.60908" lon="-117.75992">
        <ele>112.99</ele>
        <time>2026-07-26T17:03:19Z</time>
      </trkpt>
      <trkpt lat="33.60906" lon="-117.75989">
        <ele>112.84</ele>
        <time>2026-07-26T17:03:21Z</time>
      </trkpt>
      <trkpt lat="33.60905" lon="-117.75985">
        <ele>112.54</ele>
        <time>2026-07-26T17:03:23Z</time>
      </trkpt>
      <trkpt lat="33.60904" lon="-117.75982">
        <ele>112.4</ele>
        <time>2026-07-26T17:03:25Z</time>
      </trkpt>
      <trkpt lat="33.60902" lon="-117.75978">
        <ele>112.74</ele>
        <time>2026-07-26T17:03:28Z</time>
      </trkpt>
      <trkpt lat="33.609" lon="-117.75974">
        <ele>112.96</ele>
        <time>2026-07-26T17:03:31Z</time>
      </trkpt>
      <trkpt lat="33.60898" lon="-117.7597">
        <ele>113.0</ele>
        <time>2026-07-26T17:03:34Z</time>
      </trkpt>
      <trkpt lat="33.60896" lon="-117.75967">
        <ele>113.0</ele>
        <time>2026-07-26T17:03:37Z</time>
      </trkpt>
      <trkpt lat="33.60893" lon="-117.75966">
        <ele>113.0</ele>
        <time>2026-07-26T17:03:41Z</time>
      </trkpt>
      <trkpt lat="33.6089" lon="-117.75967">
        <ele>113.0</ele>
        <time>2026-07-26T17:03:45Z</time>
      </trkpt>
      <trkpt lat="33.60886" lon="-117.75968">
        <ele>113.0</ele>
        <time>2026-07-26T17:03:48Z</time>
      </trkpt>
      <trkpt lat="33.60883" lon="-117.75969">
        <ele>113.0</ele>
        <time>2026-07-26T17:03:50Z</time>
      </trkpt>
      <trkpt lat="33.6088" lon="-117.7597">
        <ele>113.0</ele>
        <time>2026-07-26T17:03:52Z</time>
      </trkpt>
      <trkpt lat="33.60876" lon="-117.75971">
        <ele>113.0</ele>
        <time>2026-07-26T17:03:55Z</time>
      </trkpt>
      <trkpt lat="33.60873" lon="-117.75972">
        <ele>113.0</ele>
        <time>2026-07-26T17:03:58Z</time>
      </trkpt>
      <trkpt lat="33.60869" lon="-117.75974">
        <ele>113.34</ele>
        <time>2026-07-26T17:04:01Z</time>
      </trkpt>
      <trkpt lat="33.60866" lon="-117.75975">
        <ele>113.77</ele>
        <time>2026-07-26T17:04:04Z</time>
      </trkpt>
      <trkpt lat="33.60863" lon="-117.75976">
        <ele>114.2</ele>
        <time>2026-07-26T17:04:07Z</time>
      </trkpt>
      <trkpt lat="33.6086" lon="-117.75978">
        <ele>114.67</ele>
        <time>2026-07-26T17:04:10Z</time>
      </trkpt>
      <trkpt lat="33.60857" lon="-117.75978">
        <ele>114.79</ele>
        <time>2026-07-26T17:04:13Z</time>
      </trkpt>
      <trkpt lat="33.60854" lon="-117.75979">
        <ele>114.94</ele>
        <time>2026-07-26T17:04:16Z</time>
      </trkpt>
      <trkpt lat="33.6085" lon="-117.75978">
        <ele>114.88</ele>
        <time>2026-07-26T17:04:19Z</time>
      </trkpt>
      <trkpt lat="33.60848" lon="-117.75976">
        <ele>114.83</ele>
        <time>2026-07-26T17:04:21Z</time>
      </trkpt>
      <trkpt lat="33.60845" lon="-117.75975">
        <ele>114.78</ele>
        <time>2026-07-26T17:04:24Z</time>
      </trkpt>
      <trkpt lat="33.60841" lon="-117.75974">
        <ele>114.84</ele>
        <time>2026-07-26T17:04:27Z</time>
      </trkpt>
      <trkpt lat="33.60837" lon="-117.75974">
        <ele>114.92</ele>
        <time>2026-07-26T17:04:30Z</time>
      </trkpt>
      <trkpt lat="33.60834" lon="-117.75974">
        <ele>114.99</ele>
        <time>2026-07-26T17:04:33Z</time>
      </trkpt>
      <trkpt lat="33.6083" lon="-117.75975">
        <ele>114.75</ele>
        <time>2026-07-26T17:04:36Z</time>
      </trkpt>
      <trkpt lat="33.60827" lon="-117.75976">
        <ele>114.6</ele>
        <time>2026-07-26T17:04:39Z</time>
      </trkpt>
      <trkpt lat="33.60824" lon="-117.75978">
        <ele>114.62</ele>
        <time>2026-07-26T17:04:42Z</time>
      </trkpt>
      <trkpt lat="33.6082" lon="-117.7598">
        <ele>114.84</ele>
        <time>2026-07-26T17:04:45Z</time>
      </trkpt>
      <trkpt lat="33.60818" lon="-117.75982">
        <ele>114.98</ele>
        <time>2026-07-26T17:04:47Z</time>
      </trkpt>
      <trkpt lat="33.60816" lon="-117.75984">
        <ele>114.97</ele>
        <time>2026-07-26T17:04:49Z</time>
      </trkpt>
      <trkpt lat="33.60814" lon="-117.75986">
        <ele>114.95</ele>
        <time>2026-07-26T17:04:51Z</time>
      </trkpt>
      <trkpt lat="33.60812" lon="-117.75988">
        <ele>114.91</ele>
        <time>2026-07-26T17:04:53Z</time>
      </trkpt>
      <trkpt lat="33.60809" lon="-117.7599">
        <ele>114.95</ele>
        <time>2026-07-26T17:04:55Z</time>
      </trkpt>
      <trkpt lat="33.60807" lon="-117.75992">
        <ele>114.98</ele>
        <time>2026-07-26T17:04:57Z</time>
      </trkpt>
      <trkpt lat="33.60804" lon="-117.75995">
        <ele>115.0</ele>
        <time>2026-07-26T17:05:00Z</time>
      </trkpt>
      <trkpt lat="33.60803" lon="-117.75998">
        <ele>115.0</ele>
        <time>2026-07-26T17:05:03Z</time>
      </trkpt>
      <trkpt lat="33.60802" lon="-117.76002">
        <ele>115.0</ele>
        <time>2026-07-26T17:05:06Z</time>
      </trkpt>
      <trkpt lat="33.60801" lon="-117.76005">
        <ele>115.0</ele>
        <time>2026-07-26T17:05:09Z</time>
      </trkpt>
      <trkpt lat="33.608" lon="-117.76009">
        <ele>115.0</ele>
        <time>2026-07-26T17:05:12Z</time>
      </trkpt>
      <trkpt lat="33.60797" lon="-117.76012">
        <ele>115.27</ele>
        <time>2026-07-26T17:05:15Z</time>
      </trkpt>
      <trkpt lat="33.60795" lon="-117.76016">
        <ele>115.63</ele>
        <time>2026-07-26T17:05:18Z</time>
      </trkpt>
      <trkpt lat="33.60793" lon="-117.7602">
        <ele>115.7</ele>
        <time>2026-07-26T17:05:21Z</time>
      </trkpt>
      <trkpt lat="33.6079" lon="-117.76023">
        <ele>115.65</ele>
        <time>2026-07-26T17:05:24Z</time>
      </trkpt>
      <trkpt lat="33.60787" lon="-117.76026">
        <ele>115.8</ele>
        <time>2026-07-26T17:05:27Z</time>
      </trkpt>
      <trkpt lat="33.60785" lon="-117.7603">
        <ele>115.83</ele>
        <time>2026-07-26T17:05:30Z</time>
      </trkpt>
      <trkpt lat="33.60782" lon="-117.76033">
        <ele>115.76</ele>
        <time>2026-07-26T17:05:33Z</time>
      </trkpt>
      <trkpt lat="33.6078" lon="-117.76037">
        <ele>116.0</ele>
        <time>2026-07-26T17:05:36Z</time>
      </trkpt>
      <trkpt lat="33.60777" lon="-117.7604">
        <ele>116.28</ele>
        <time>2026-07-26T17:05:39Z</time>
      </trkpt>
      <trkpt lat="33.60775" lon="-117.76044">
        <ele>117.13</ele>
        <time>2026-07-26T17:05:42Z</time>
      </trkpt>
      <trkpt lat="33.60774" lon="-117.76047">
        <ele>117.63</ele>
        <time>2026-07-26T17:05:45Z</time>
      </trkpt>
      <trkpt lat="33.60772" lon="-117.7605">
        <ele>118.5</ele>
        <time>2026-07-26T17:05:48Z</time>
      </trkpt>
      <trkpt lat="33.60771" lon="-117.76054">
        <ele>118.93</ele>
        <time>2026-07-26T17:05:51Z</time>
      </trkpt>
      <trkpt lat="33.60771" lon="-117.76058">
        <ele>118.66</ele>
        <time>2026-07-26T17:05:54Z</time>
      </trkpt>
      <trkpt lat="33.60773" lon="-117.76061">
        <ele>117.48</ele>
        <time>2026-07-26T17:05:56Z</time>
      </trkpt>
      <trkpt lat="33.60775" lon="-117.76063">
        <ele>116.4</ele>
        <time>2026-07-26T17:05:58Z</time>
      </trkpt>
      <trkpt lat="33.60777" lon="-117.76066">
        <ele>115.45</ele>
        <time>2026-07-26T17:06:00Z</time>
      </trkpt>
      <trkpt lat="33.60779" lon="-117.7607">
        <ele>115.49</ele>
        <time>2026-07-26T17:06:03Z</time>
      </trkpt>
      <trkpt lat="33.60781" lon="-117.76073">
        <ele>115.58</ele>
        <time>2026-07-26T17:06:05Z</time>
      </trkpt>
      <trkpt lat="33.60782" lon="-117.76077">
        <ele>115.72</ele>
        <time>2026-07-26T17:06:08Z</time>
      </trkpt>
      <trkpt lat="33.60784" lon="-117.76081">
        <ele>115.57</ele>
        <time>2026-07-26T17:06:11Z</time>
      </trkpt>
      <trkpt lat="33.60785" lon="-117.76085">
        <ele>115.48</ele>
        <time>2026-07-26T17:06:14Z</time>
      </trkpt>
      <trkpt lat="33.60786" lon="-117.76089">
        <ele>115.29</ele>
        <time>2026-07-26T17:06:17Z</time>
      </trkpt>
      <trkpt lat="33.60787" lon="-117.76092">
        <ele>115.01</ele>
        <time>2026-07-26T17:06:20Z</time>
      </trkpt>
      <trkpt lat="33.60789" lon="-117.76096">
        <ele>115.29</ele>
        <time>2026-07-26T17:06:23Z</time>
      </trkpt>
      <trkpt lat="33.6079" lon="-117.761">
        <ele>115.54</ele>
        <time>2026-07-26T17:06:26Z</time>
      </trkpt>
      <trkpt lat="33.60791" lon="-117.76104">
        <ele>115.84</ele>
        <time>2026-07-26T17:06:29Z</time>
      </trkpt>
      <trkpt lat="33.60792" lon="-117.76108">
        <ele>116.08</ele>
        <time>2026-07-26T17:06:32Z</time>
      </trkpt>
      <trkpt lat="33.60793" lon="-117.76112">
        <ele>116.1</ele>
        <time>2026-07-26T17:06:35Z</time>
      </trkpt>
      <trkpt lat="33.60794" lon="-117.76116">
        <ele>115.87</ele>
        <time>2026-07-26T17:06:38Z</time>
      </trkpt>
      <trkpt lat="33.60795" lon="-117.76121">
        <ele>115.59</ele>
        <time>2026-07-26T17:06:41Z</time>
      </trkpt>
      <trkpt lat="33.60796" lon="-117.76125">
        <ele>115.56</ele>
        <time>2026-07-26T17:06:43Z</time>
      </trkpt>
      <trkpt lat="33.60796" lon="-117.76129">
        <ele>115.94</ele>
        <time>2026-07-26T17:06:45Z</time>
      </trkpt>
      <trkpt lat="33.60797" lon="-117.76132">
        <ele>116.26</ele>
        <time>2026-07-26T17:06:47Z</time>
      </trkpt>
      <trkpt lat="33.60797" lon="-117.76137">
        <ele>116.8</ele>
        <time>2026-07-26T17:06:50Z</time>
      </trkpt>
      <trkpt lat="33.60797" lon="-117.76141">
        <ele>117.0</ele>
        <time>2026-07-26T17:06:53Z</time>
      </trkpt>
      <trkpt lat="33.60795" lon="-117.76145">
        <ele>117.0</ele>
        <time>2026-07-26T17:06:56Z</time>
      </trkpt>
      <trkpt lat="33.60794" lon="-117.76149">
        <ele>117.07</ele>
        <time>2026-07-26T17:06:59Z</time>
      </trkpt>
      <trkpt lat="33.60793" lon="-117.76153">
        <ele>117.34</ele>
        <time>2026-07-26T17:07:02Z</time>
      </trkpt>
      <trkpt lat="33.60792" lon="-117.76157">
        <ele>117.51</ele>
        <time>2026-07-26T17:07:05Z</time>
      </trkpt>
      <trkpt lat="33.6079" lon="-117.76161">
        <ele>117.2</ele>
        <time>2026-07-26T17:07:08Z</time>
      </trkpt>
      <trkpt lat="33.60787" lon="-117.76164">
        <ele>117.0</ele>
        <time>2026-07-26T17:07:11Z</time>
      </trkpt>
      <trkpt lat="33.60785" lon="-117.76168">
        <ele>117.33</ele>
        <time>2026-07-26T17:07:14Z</time>
      </trkpt>
      <trkpt lat="33.60783" lon="-117.76171">
        <ele>117.7</ele>
        <time>2026-07-26T17:07:17Z</time>
      </trkpt>
      <trkpt lat="33.6078" lon="-117.76174">
        <ele>117.95</ele>
        <time>2026-07-26T17:07:20Z</time>
      </trkpt>
      <trkpt lat="33.60777" lon="-117.76178">
        <ele>118.0</ele>
        <time>2026-07-26T17:07:23Z</time>
      </trkpt>
      <trkpt lat="33.60774" lon="-117.76181">
        <ele>118.0</ele>
        <time>2026-07-26T17:07:26Z</time>
      </trkpt>
      <trkpt lat="33.60772" lon="-117.76184">
        <ele>118.0</ele>
        <time>2026-07-26T17:07:29Z</time>
      </trkpt>
      <trkpt lat="33.60769" lon="-117.76187">
        <ele>118.0</ele>
        <time>2026-07-26T17:07:32Z</time>
      </trkpt>
      <trkpt lat="33.60767" lon="-117.76191">
        <ele>118.0</ele>
        <time>2026-07-26T17:07:35Z</time>
      </trkpt>
      <trkpt lat="33.60764" lon="-117.76194">
        <ele>118.0</ele>
        <time>2026-07-26T17:07:38Z</time>
      </trkpt>
      <trkpt lat="33.60763" lon="-117.76197">
        <ele>118.0</ele>
        <time>2026-07-26T17:07:41Z</time>
      </trkpt>
      <trkpt lat="33.60763" lon="-117.762">
        <ele>118.0</ele>
        <time>2026-07-26T17:07:44Z</time>
      </trkpt>
      <trkpt lat="33.60764" lon="-117.76204">
        <ele>118.0</ele>
        <time>2026-07-26T17:07:47Z</time>
      </trkpt>
      <trkpt lat="33.60764" lon="-117.76208">
        <ele>118.0</ele>
        <time>2026-07-26T17:07:50Z</time>
      </trkpt>
      <trkpt lat="33.60765" lon="-117.76211">
        <ele>118.0</ele>
        <time>2026-07-26T17:07:53Z</time>
      </trkpt>
      <trkpt lat="33.60765" lon="-117.76215">
        <ele>118.14</ele>
        <time>2026-07-26T17:07:56Z</time>
      </trkpt>
      <trkpt lat="33.60766" lon="-117.76218">
        <ele>118.4</ele>
        <time>2026-07-26T17:07:59Z</time>
      </trkpt>
      <trkpt lat="33.60767" lon="-117.76222">
        <ele>118.82</ele>
        <time>2026-07-26T17:08:02Z</time>
      </trkpt>
      <trkpt lat="33.60768" lon="-117.76226">
        <ele>118.97</ele>
        <time>2026-07-26T17:08:05Z</time>
      </trkpt>
      <trkpt lat="33.60769" lon="-117.76229">
        <ele>119.0</ele>
        <time>2026-07-26T17:08:08Z</time>
      </trkpt>
      <trkpt lat="33.6077" lon="-117.76233">
        <ele>119.0</ele>
        <time>2026-07-26T17:08:11Z</time>
      </trkpt>
      <trkpt lat="33.60771" lon="-117.76237">
        <ele>119.0</ele>
        <time>2026-07-26T17:08:14Z</time>
      </trkpt>
      <trkpt lat="33.60773" lon="-117.7624">
        <ele>119.0</ele>
        <time>2026-07-26T17:08:17Z</time>
      </trkpt>
      <trkpt lat="33.60774" lon="-117.76244">
        <ele>119.0</ele>
        <time>2026-07-26T17:08:20Z</time>
      </trkpt>
      <trkpt lat="33.60777" lon="-117.76247">
        <ele>119.0</ele>
        <time>2026-07-26T17:08:23Z</time>
      </trkpt>
      <trkpt lat="33.6078" lon="-117.76247">
        <ele>119.24</ele>
        <time>2026-07-26T17:08:25Z</time>
      </trkpt>
      <trkpt lat="33.60783" lon="-117.76248">
        <ele>119.56</ele>
        <time>2026-07-26T17:08:27Z</time>
      </trkpt>
      <trkpt lat="33.60786" lon="-117.7625">
        <ele>119.89</ele>
        <time>2026-07-26T17:08:30Z</time>
      </trkpt>
      <trkpt lat="33.60787" lon="-117.76254">
        <ele>120.0</ele>
        <time>2026-07-26T17:08:33Z</time>
      </trkpt>
      <trkpt lat="33.60786" lon="-117.76258">
        <ele>119.98</ele>
        <time>2026-07-26T17:08:35Z</time>
      </trkpt>
      <trkpt lat="33.60783" lon="-117.7626">
        <ele>120.05</ele>
        <time>2026-07-26T17:08:37Z</time>
      </trkpt>
      <trkpt lat="33.60781" lon="-117.76263">
        <ele>120.14</ele>
        <time>2026-07-26T17:08:39Z</time>
      </trkpt>
      <trkpt lat="33.60779" lon="-117.76266">
        <ele>120.1</ele>
        <time>2026-07-26T17:08:41Z</time>
      </trkpt>
      <trkpt lat="33.60777" lon="-117.76269">
        <ele>120.0</ele>
        <time>2026-07-26T17:08:44Z</time>
      </trkpt>
      <trkpt lat="33.60775" lon="-117.76273">
        <ele>120.0</ele>
        <time>2026-07-26T17:08:47Z</time>
      </trkpt>
      <trkpt lat="33.60774" lon="-117.76277">
        <ele>120.0</ele>
        <time>2026-07-26T17:08:50Z</time>
      </trkpt>
      <trkpt lat="33.60773" lon="-117.76281">
        <ele>120.17</ele>
        <time>2026-07-26T17:08:53Z</time>
      </trkpt>
      <trkpt lat="33.60773" lon="-117.76285">
        <ele>120.38</ele>
        <time>2026-07-26T17:08:56Z</time>
      </trkpt>
      <trkpt lat="33.60772" lon="-117.76289">
        <ele>120.51</ele>
        <time>2026-07-26T17:08:59Z</time>
      </trkpt>
      <trkpt lat="33.6077" lon="-117.76293">
        <ele>120.7</ele>
        <time>2026-07-26T17:09:02Z</time>
      </trkpt>
      <trkpt lat="33.6077" lon="-117.76297">
        <ele>121.0</ele>
        <time>2026-07-26T17:09:05Z</time>
      </trkpt>
      <trkpt lat="33.60768" lon="-117.76301">
        <ele>121.0</ele>
        <time>2026-07-26T17:09:08Z</time>
      </trkpt>
      <trkpt lat="33.60767" lon="-117.76304">
        <ele>121.0</ele>
        <time>2026-07-26T17:09:11Z</time>
      </trkpt>
      <trkpt lat="33.60766" lon="-117.76308">
        <ele>121.19</ele>
        <time>2026-07-26T17:09:14Z</time>
      </trkpt>
      <trkpt lat="33.60764" lon="-117.76311">
        <ele>121.3</ele>
        <time>2026-07-26T17:09:17Z</time>
      </trkpt>
      <trkpt lat="33.60764" lon="-117.76314">
        <ele>121.47</ele>
        <time>2026-07-26T17:09:20Z</time>
      </trkpt>
      <trkpt lat="33.60764" lon="-117.76317">
        <ele>121.63</ele>
        <time>2026-07-26T17:09:23Z</time>
      </trkpt>
      <trkpt lat="33.60765" lon="-117.76321">
        <ele>121.87</ele>
        <time>2026-07-26T17:09:26Z</time>
      </trkpt>
      <trkpt lat="33.60765" lon="-117.76321">
        <ele>121.87</ele>
        <time>2026-07-26T17:09:28Z</time>
      </trkpt>
    </trkseg>
  </trk>
</gpx>
