<?xml version="1.0"?>
<gpx xmlns="http://www.topografix.com/GPX/1/1" xmlns:xsi="http://www.w3.org/2001/XMLSchema-instance" version="1.1" creator="AllTrails.com" xsi:schemaLocation="http://www.topografix.com/GPX/1/1 http://www.topografix.com/GPX/1/1/gpx.xsd">
  <metadata>
    <name><![CDATA[Laguna Ridge]]></name>
    <desc><![CDATA[]]></desc>
    <link href="http://www.alltrails.com">
      <text>AllTrails, LLC</text>
    </link>
    <bounds minlat="33.56512" minlon="-117.78589" maxlat="33.59486" maxlon="-117.76174"/>
  </metadata>
  <trk>
    <name><![CDATA[Laguna Ridge]]></name>
    <src>AllTrails</src>
    <trkseg>
      <trkpt lat="33.56512" lon="-117.78589">
        <ele>226.0</ele>
        <time>2026-05-25T16:05:19Z</time>
      </trkpt>
      <trkpt lat="33.56514" lon="-117.78587">
        <ele>226.0</ele>
        <time>2026-05-25T16:05:34Z</time>
      </trkpt>
      <trkpt lat="33.56516" lon="-117.78584">
        <ele>226.0</ele>
        <time>2026-05-25T16:05:41Z</time>
      </trkpt>
      <trkpt lat="33.56518" lon="-117.78582">
        <ele>225.86</ele>
        <time>2026-05-25T16:05:49Z</time>
      </trkpt>
      <trkpt lat="33.5652" lon="-117.78579">
        <ele>225.53</ele>
        <time>2026-05-25T16:05:53Z</time>
      </trkpt>
      <trkpt lat="33.56523" lon="-117.78576">
        <ele>225.21</ele>
        <time>2026-05-25T16:05:57Z</time>
      </trkpt>
      <trkpt lat="33.56524" lon="-117.78573">
        <ele>225.0</ele>
        <time>2026-05-25T16:06:00Z</time>
      </trkpt>
      <trkpt lat="33.56526" lon="-117.78571">
        <ele>225.0</ele>
        <time>2026-05-25T16:06:03Z</time>
      </trkpt>
      <trkpt lat="33.56528" lon="-117.78568">
        <ele>225.0</ele>
        <time>2026-05-25T16:06:06Z</time>
      </trkpt>
      <trkpt lat="33.56531" lon="-117.78564">
        <ele>225.0</ele>
        <time>2026-05-25T16:06:12Z</time>
      </trkpt>
      <trkpt lat="33.56532" lon="-117.7856">
        <ele>225.0</ele>
        <time>2026-05-25T16:06:14Z</time>
      </trkpt>
      <trkpt lat="33.56534" lon="-117.78557">
        <ele>225.0</ele>
        <time>2026-05-25T16:06:15Z</time>
      </trkpt>
      <trkpt lat="33.56535" lon="-117.78554">
        <ele>224.96</ele>
        <time>2026-05-25T16:06:16Z</time>
      </trkpt>
      <trkpt lat="33.56538" lon="-117.7855">
        <ele>224.94</ele>
        <time>2026-05-25T16:06:18Z</time>
      </trkpt>
      <trkpt lat="33.5654" lon="-117.78547">
        <ele>224.7</ele>
        <time>2026-05-25T16:06:20Z</time>
      </trkpt>
      <trkpt lat="33.56542" lon="-117.78543">
        <ele>224.3</ele>
        <time>2026-05-25T16:06:23Z</time>
      </trkpt>
      <trkpt lat="33.56544" lon="-117.7854">
        <ele>224.08</ele>
        <time>2026-05-25T16:06:26Z</time>
      </trkpt>
      <trkpt lat="33.56545" lon="-117.78537">
        <ele>224.0</ele>
        <time>2026-05-25T16:06:29Z</time>
      </trkpt>
      <trkpt lat="33.56547" lon="-117.78534">
        <ele>224.05</ele>
        <time>2026-05-25T16:06:32Z</time>
      </trkpt>
      <trkpt lat="33.56549" lon="-117.78531">
        <ele>224.1</ele>
        <time>2026-05-25T16:06:35Z</time>
      </trkpt>
      <trkpt lat="33.56551" lon="-117.78528">
        <ele>224.01</ele>
        <time>2026-05-25T16:06:38Z</time>
      </trkpt>
      <trkpt lat="33.56552" lon="-117.78524">
        <ele>223.84</ele>
        <time>2026-05-25T16:06:41Z</time>
      </trkpt>
      <trkpt lat="33.56554" lon="-117.78521">
        <ele>223.88</ele>
        <time>2026-05-25T16:06:44Z</time>
      </trkpt>
      <trkpt lat="33.56556" lon="-117.78518">
        <ele>223.99</ele>
        <time>2026-05-25T16:06:47Z</time>
      </trkpt>
      <trkpt lat="33.56558" lon="-117.78515">
        <ele>223.88</ele>
        <time>2026-05-25T16:06:50Z</time>
      </trkpt>
      <trkpt lat="33.5656" lon="-117.78511">
        <ele>223.67</ele>
        <time>2026-05-25T16:06:53Z</time>
      </trkpt>
      <trkpt lat="33.56561" lon="-117.78508">
        <ele>223.59</ele>
        <time>2026-05-25T16:06:56Z</time>
      </trkpt>
      <trkpt lat="33.56563" lon="-117.78505">
        <ele>223.8</ele>
        <time>2026-05-25T16:06:59Z</time>
      </trkpt>
      <trkpt lat="33.56565" lon="-117.78501">
        <ele>224.02</ele>
        <time>2026-05-25T16:07:02Z</time>
      </trkpt>
      <trkpt lat="33.56566" lon="-117.78498">
        <ele>224.13</ele>
        <time>2026-05-25T16:07:05Z</time>
      </trkpt>
      <trkpt lat="33.56568" lon="-117.78494">
        <ele>224.34</ele>
        <time>2026-05-25T16:07:08Z</time>
      </trkpt>
      <trkpt lat="33.5657" lon="-117.78491">
        <ele>224.56</ele>
        <time>2026-05-25T16:07:11Z</time>
      </trkpt>
      <trkpt lat="33.56571" lon="-117.78487">
        <ele>224.67</ele>
        <time>2026-05-25T16:07:14Z</time>
      </trkpt>
      <trkpt lat="33.56573" lon="-117.78484">
        <ele>224.88</ele>
        <time>2026-05-25T16:07:17Z</time>
      </trkpt>
      <trkpt lat="33.56575" lon="-117.78481">
        <ele>225.0</ele>
        <time>2026-05-25T16:07:20Z</time>
      </trkpt>
      <trkpt lat="33.56576" lon="-117.78477">
        <ele>225.0</ele>
        <time>2026-05-25T16:07:23Z</time>
      </trkpt>
      <trkpt lat="33.56578" lon="-117.78474">
        <ele>225.0</ele>
        <time>2026-05-25T16:07:26Z</time>
      </trkpt>
      <trkpt lat="33.56579" lon="-117.78471">
        <ele>225.07</ele>
        <time>2026-05-25T16:07:29Z</time>
      </trkpt>
      <trkpt lat="33.56581" lon="-117.78468">
        <ele>225.34</ele>
        <time>2026-05-25T16:07:32Z</time>
      </trkpt>
      <trkpt lat="33.56583" lon="-117.78464">
        <ele>225.86</ele>
        <time>2026-05-25T16:07:35Z</time>
      </trkpt>
      <trkpt lat="33.56584" lon="-117.78461">
        <ele>226.0</ele>
        <time>2026-05-25T16:07:38Z</time>
      </trkpt>
      <trkpt lat="33.56586" lon="-117.78458">
        <ele>226.0</ele>
        <time>2026-05-25T16:07:41Z</time>
      </trkpt>
      <trkpt lat="33.56588" lon="-117.78454">
        <ele>226.0</ele>
        <time>2026-05-25T16:07:44Z</time>
      </trkpt>
      <trkpt lat="33.56589" lon="-117.78451">
        <ele>226.0</ele>
        <time>2026-05-25T16:07:47Z</time>
      </trkpt>
      <trkpt lat="33.56591" lon="-117.78447">
        <ele>226.0</ele>
        <time>2026-05-25T16:07:50Z</time>
      </trkpt>
      <trkpt lat="33.56593" lon="-117.78443">
        <ele>226.0</ele>
        <time>2026-05-25T16:07:53Z</time>
      </trkpt>
      <trkpt lat="33.56594" lon="-117.7844">
        <ele>226.0</ele>
        <time>2026-05-25T16:07:56Z</time>
      </trkpt>
      <trkpt lat="33.56596" lon="-117.78436">
        <ele>226.0</ele>
        <time>2026-05-25T16:07:59Z</time>
      </trkpt>
      <trkpt lat="33.56597" lon="-117.78433">
        <ele>226.0</ele>
        <time>2026-05-25T16:08:02Z</time>
      </trkpt>
      <trkpt lat="33.56598" lon="-117.78429">
        <ele>226.0</ele>
        <time>2026-05-25T16:08:05Z</time>
      </trkpt>
      <trkpt lat="33.56598" lon="-117.78426">
        <ele>226.0</ele>
        <time>2026-05-25T16:08:08Z</time>
      </trkpt>
      <trkpt lat="33.56599" lon="-117.78423">
        <ele>226.22</ele>
        <time>2026-05-25T16:08:11Z</time>
      </trkpt>
      <trkpt lat="33.566" lon="-117.7842">
        <ele>226.51</ele>
        <time>2026-05-25T16:08:14Z</time>
      </trkpt>
      <trkpt lat="33.56602" lon="-117.78416">
        <ele>227.0</ele>
        <time>2026-05-25T16:08:17Z</time>
      </trkpt>
      <trkpt lat="33.56604" lon="-117.78413">
        <ele>227.0</ele>
        <time>2026-05-25T16:08:20Z</time>
      </trkpt>
      <trkpt lat="33.56605" lon="-117.7841">
        <ele>227.0</ele>
        <time>2026-05-25T16:08:23Z</time>
      </trkpt>
      <trkpt lat="33.56606" lon="-117.78407">
        <ele>227.0</ele>
        <time>2026-05-25T16:08:26Z</time>
      </trkpt>
      <trkpt lat="33.56608" lon="-117.78403">
        <ele>227.0</ele>
        <time>2026-05-25T16:08:29Z</time>
      </trkpt>
      <trkpt lat="33.56609" lon="-117.784">
        <ele>227.0</ele>
        <time>2026-05-25T16:08:32Z</time>
      </trkpt>
      <trkpt lat="33.5661" lon="-117.78397">
        <ele>227.12</ele>
        <time>2026-05-25T16:08:35Z</time>
      </trkpt>
      <trkpt lat="33.56612" lon="-117.78393">
        <ele>227.56</ele>
        <time>2026-05-25T16:08:38Z</time>
      </trkpt>
      <trkpt lat="33.56613" lon="-117.7839">
        <ele>227.88</ele>
        <time>2026-05-25T16:08:41Z</time>
      </trkpt>
      <trkpt lat="33.56615" lon="-117.78387">
        <ele>228.29</ele>
        <time>2026-05-25T16:08:45Z</time>
      </trkpt>
      <trkpt lat="33.56617" lon="-117.78384">
        <ele>228.86</ele>
        <time>2026-05-25T16:08:49Z</time>
      </trkpt>
      <trkpt lat="33.56618" lon="-117.78381">
        <ele>229.49</ele>
        <time>2026-05-25T16:08:52Z</time>
      </trkpt>
      <trkpt lat="33.5662" lon="-117.78378">
        <ele>230.14</ele>
        <time>2026-05-25T16:08:55Z</time>
      </trkpt>
      <trkpt lat="33.56621" lon="-117.78375">
        <ele>230.5</ele>
        <time>2026-05-25T16:08:58Z</time>
      </trkpt>
      <trkpt lat="33.56623" lon="-117.78372">
        <ele>230.82</ele>
        <time>2026-05-25T16:09:02Z</time>
      </trkpt>
      <trkpt lat="33.56625" lon="-117.78368">
        <ele>231.38</ele>
        <time>2026-05-25T16:09:06Z</time>
      </trkpt>
      <trkpt lat="33.56626" lon="-117.78365">
        <ele>231.81</ele>
        <time>2026-05-25T16:09:09Z</time>
      </trkpt>
      <trkpt lat="33.56628" lon="-117.78362">
        <ele>232.06</ele>
        <time>2026-05-25T16:09:13Z</time>
      </trkpt>
      <trkpt lat="33.56629" lon="-117.78358">
        <ele>232.72</ele>
        <time>2026-05-25T16:09:17Z</time>
      </trkpt>
      <trkpt lat="33.5663" lon="-117.78355">
        <ele>233.36</ele>
        <time>2026-05-25T16:09:21Z</time>
      </trkpt>
      <trkpt lat="33.5663" lon="-117.78351">
        <ele>234.22</ele>
        <time>2026-05-25T16:09:26Z</time>
      </trkpt>
      <trkpt lat="33.56631" lon="-117.78348">
        <ele>234.86</ele>
        <time>2026-05-25T16:09:30Z</time>
      </trkpt>
      <trkpt lat="33.56632" lon="-117.78345">
        <ele>235.36</ele>
        <time>2026-05-25T16:09:34Z</time>
      </trkpt>
      <trkpt lat="33.56634" lon="-117.78342">
        <ele>235.62</ele>
        <time>2026-05-25T16:09:38Z</time>
      </trkpt>
      <trkpt lat="33.56635" lon="-117.78339">
        <ele>236.03</ele>
        <time>2026-05-25T16:09:42Z</time>
      </trkpt>
      <trkpt lat="33.56637" lon="-117.78336">
        <ele>236.48</ele>
        <time>2026-05-25T16:09:46Z</time>
      </trkpt>
      <trkpt lat="33.56638" lon="-117.78333">
        <ele>237.07</ele>
        <time>2026-05-25T16:09:50Z</time>
      </trkpt>
      <trkpt lat="33.56639" lon="-117.7833">
        <ele>237.72</ele>
        <time>2026-05-25T16:09:54Z</time>
      </trkpt>
      <trkpt lat="33.5664" lon="-117.78327">
        <ele>238.32</ele>
        <time>2026-05-25T16:09:58Z</time>
      </trkpt>
      <trkpt lat="33.56642" lon="-117.78324">
        <ele>238.67</ele>
        <time>2026-05-25T16:10:02Z</time>
      </trkpt>
      <trkpt lat="33.56643" lon="-117.7832">
        <ele>239.0</ele>
        <time>2026-05-25T16:10:06Z</time>
      </trkpt>
      <trkpt lat="33.56644" lon="-117.78317">
        <ele>239.21</ele>
        <time>2026-05-25T16:10:10Z</time>
      </trkpt>
      <trkpt lat="33.56645" lon="-117.78314">
        <ele>239.54</ele>
        <time>2026-05-25T16:10:14Z</time>
      </trkpt>
      <trkpt lat="33.56647" lon="-117.78311">
        <ele>240.26</ele>
        <time>2026-05-25T16:10:18Z</time>
      </trkpt>
      <trkpt lat="33.56648" lon="-117.78307">
        <ele>241.52</ele>
        <time>2026-05-25T16:10:22Z</time>
      </trkpt>
      <trkpt lat="33.56649" lon="-117.78304">
        <ele>242.17</ele>
        <time>2026-05-25T16:10:26Z</time>
      </trkpt>
      <trkpt lat="33.5665" lon="-117.783">
        <ele>242.6</ele>
        <time>2026-05-25T16:10:30Z</time>
      </trkpt>
      <trkpt lat="33.56651" lon="-117.78297">
        <ele>242.92</ele>
        <time>2026-05-25T16:10:34Z</time>
      </trkpt>
      <trkpt lat="33.56652" lon="-117.78294">
        <ele>243.25</ele>
        <time>2026-05-25T16:10:38Z</time>
      </trkpt>
      <trkpt lat="33.56653" lon="-117.78291">
        <ele>243.57</ele>
        <time>2026-05-25T16:10:42Z</time>
      </trkpt>
      <trkpt lat="33.56652" lon="-117.78294">
        <ele>243.25</ele>
        <time>2026-05-25T16:10:52Z</time>
      </trkpt>
      <trkpt lat="33.56652" lon="-117.78291">
        <ele>243.57</ele>
        <time>2026-05-25T16:11:28Z</time>
      </trkpt>
      <trkpt lat="33.56653" lon="-117.78287">
        <ele>244.01</ele>
        <time>2026-05-25T16:11:31Z</time>
      </trkpt>
      <trkpt lat="33.56653" lon="-117.78284">
        <ele>244.48</ele>
        <time>2026-05-25T16:11:34Z</time>
      </trkpt>
      <trkpt lat="33.56654" lon="-117.7828">
        <ele>245.04</ele>
        <time>2026-05-25T16:11:37Z</time>
      </trkpt>
      <trkpt lat="33.56654" lon="-117.78276">
        <ele>245.75</ele>
        <time>2026-05-25T16:11:41Z</time>
      </trkpt>
      <trkpt lat="33.56655" lon="-117.78273">
        <ele>246.29</ele>
        <time>2026-05-25T16:11:44Z</time>
      </trkpt>
      <trkpt lat="33.56655" lon="-117.7827">
        <ele>246.94</ele>
        <time>2026-05-25T16:11:47Z</time>
      </trkpt>
      <trkpt lat="33.56656" lon="-117.78266">
        <ele>247.15</ele>
        <time>2026-05-25T16:11:50Z</time>
      </trkpt>
      <trkpt lat="33.56657" lon="-117.78263">
        <ele>247.04</ele>
        <time>2026-05-25T16:11:53Z</time>
      </trkpt>
      <trkpt lat="33.56659" lon="-117.7826">
        <ele>246.84</ele>
        <time>2026-05-25T16:11:56Z</time>
      </trkpt>
      <trkpt lat="33.5666" lon="-117.78256">
        <ele>247.17</ele>
        <time>2026-05-25T16:12:00Z</time>
      </trkpt>
      <trkpt lat="33.56662" lon="-117.78252">
        <ele>247.68</ele>
        <time>2026-05-25T16:12:04Z</time>
      </trkpt>
      <trkpt lat="33.56663" lon="-117.7825">
        <ele>248.0</ele>
        <time>2026-05-25T16:12:07Z</time>
      </trkpt>
      <trkpt lat="33.56665" lon="-117.78247">
        <ele>248.27</ele>
        <time>2026-05-25T16:12:10Z</time>
      </trkpt>
      <trkpt lat="33.56666" lon="-117.78244">
        <ele>248.6</ele>
        <time>2026-05-25T16:12:13Z</time>
      </trkpt>
      <trkpt lat="33.56669" lon="-117.78242">
        <ele>248.9</ele>
        <time>2026-05-25T16:12:17Z</time>
      </trkpt>
      <trkpt lat="33.56671" lon="-117.7824">
        <ele>249.08</ele>
        <time>2026-05-25T16:12:21Z</time>
      </trkpt>
      <trkpt lat="33.56674" lon="-117.78237">
        <ele>249.4</ele>
        <time>2026-05-25T16:12:25Z</time>
      </trkpt>
      <trkpt lat="33.56677" lon="-117.78234">
        <ele>249.73</ele>
        <time>2026-05-25T16:12:28Z</time>
      </trkpt>
      <trkpt lat="33.5668" lon="-117.78232">
        <ele>249.94</ele>
        <time>2026-05-25T16:12:31Z</time>
      </trkpt>
      <trkpt lat="33.56682" lon="-117.7823">
        <ele>250.22</ele>
        <time>2026-05-25T16:12:34Z</time>
      </trkpt>
      <trkpt lat="33.56683" lon="-117.78228">
        <ele>250.46</ele>
        <time>2026-05-25T16:12:37Z</time>
      </trkpt>
      <trkpt lat="33.56685" lon="-117.78225">
        <ele>250.71</ele>
        <time>2026-05-25T16:12:40Z</time>
      </trkpt>
      <trkpt lat="33.56688" lon="-117.78223">
        <ele>250.92</ele>
        <time>2026-05-25T16:12:44Z</time>
      </trkpt>
      <trkpt lat="33.5669" lon="-117.7822">
        <ele>251.48</ele>
        <time>2026-05-25T16:12:47Z</time>
      </trkpt>
      <trkpt lat="33.56693" lon="-117.78217">
        <ele>252.13</ele>
        <time>2026-05-25T16:12:51Z</time>
      </trkpt>
      <trkpt lat="33.56695" lon="-117.78215">
        <ele>252.51</ele>
        <time>2026-05-25T16:12:54Z</time>
      </trkpt>
      <trkpt lat="33.56697" lon="-117.78213">
        <ele>252.72</ele>
        <time>2026-05-25T16:12:57Z</time>
      </trkpt>
      <trkpt lat="33.56699" lon="-117.7821">
        <ele>252.99</ele>
        <time>2026-05-25T16:13:01Z</time>
      </trkpt>
      <trkpt lat="33.56701" lon="-117.78208">
        <ele>253.21</ele>
        <time>2026-05-25T16:13:04Z</time>
      </trkpt>
      <trkpt lat="33.56703" lon="-117.78206">
        <ele>253.52</ele>
        <time>2026-05-25T16:13:07Z</time>
      </trkpt>
      <trkpt lat="33.56705" lon="-117.78203">
        <ele>253.95</ele>
        <time>2026-05-25T16:13:10Z</time>
      </trkpt>
      <trkpt lat="33.56708" lon="-117.78201">
        <ele>253.96</ele>
        <time>2026-05-25T16:13:13Z</time>
      </trkpt>
      <trkpt lat="33.5671" lon="-117.78198">
        <ele>254.35</ele>
        <time>2026-05-25T16:13:17Z</time>
      </trkpt>
      <trkpt lat="33.56712" lon="-117.78196">
        <ele>254.68</ele>
        <time>2026-05-25T16:13:20Z</time>
      </trkpt>
      <trkpt lat="33.56714" lon="-117.78194">
        <ele>255.03</ele>
        <time>2026-05-25T16:13:23Z</time>
      </trkpt>
      <trkpt lat="33.56716" lon="-117.78191">
        <ele>255.67</ele>
        <time>2026-05-25T16:13:26Z</time>
      </trkpt>
      <trkpt lat="33.56718" lon="-117.78189">
        <ele>255.9</ele>
        <time>2026-05-25T16:13:29Z</time>
      </trkpt>
      <trkpt lat="33.5672" lon="-117.78186">
        <ele>256.28</ele>
        <time>2026-05-25T16:13:33Z</time>
      </trkpt>
      <trkpt lat="33.56723" lon="-117.78183">
        <ele>256.67</ele>
        <time>2026-05-25T16:13:37Z</time>
      </trkpt>
      <trkpt lat="33.56725" lon="-117.7818">
        <ele>257.34</ele>
        <time>2026-05-25T16:13:41Z</time>
      </trkpt>
      <trkpt lat="33.56727" lon="-117.78177">
        <ele>257.74</ele>
        <time>2026-05-25T16:13:45Z</time>
      </trkpt>
      <trkpt lat="33.5673" lon="-117.78174">
        <ele>258.09</ele>
        <time>2026-05-25T16:13:49Z</time>
      </trkpt>
      <trkpt lat="33.56732" lon="-117.78172">
        <ele>258.68</ele>
        <time>2026-05-25T16:13:53Z</time>
      </trkpt>
      <trkpt lat="33.56735" lon="-117.78169">
        <ele>259.52</ele>
        <time>2026-05-25T16:13:57Z</time>
      </trkpt>
      <trkpt lat="33.56737" lon="-117.78166">
        <ele>259.99</ele>
        <time>2026-05-25T16:14:01Z</time>
      </trkpt>
      <trkpt lat="33.56739" lon="-117.78164">
        <ele>260.19</ele>
        <time>2026-05-25T16:14:05Z</time>
      </trkpt>
      <trkpt lat="33.56741" lon="-117.78161">
        <ele>260.85</ele>
        <time>2026-05-25T16:14:09Z</time>
      </trkpt>
      <trkpt lat="33.56743" lon="-117.78159">
        <ele>261.53</ele>
        <time>2026-05-25T16:14:13Z</time>
      </trkpt>
      <trkpt lat="33.56746" lon="-117.78159">
        <ele>261.58</ele>
        <time>2026-05-25T16:14:18Z</time>
      </trkpt>
      <trkpt lat="33.56749" lon="-117.78157">
        <ele>262.09</ele>
        <time>2026-05-25T16:14:23Z</time>
      </trkpt>
      <trkpt lat="33.56752" lon="-117.78155">
        <ele>262.36</ele>
        <time>2026-05-25T16:14:27Z</time>
      </trkpt>
      <trkpt lat="33.56754" lon="-117.78153">
        <ele>262.73</ele>
        <time>2026-05-25T16:14:31Z</time>
      </trkpt>
      <trkpt lat="33.56756" lon="-117.78151">
        <ele>263.18</ele>
        <time>2026-05-25T16:14:35Z</time>
      </trkpt>
      <trkpt lat="33.56759" lon="-117.78149">
        <ele>263.73</ele>
        <time>2026-05-25T16:14:39Z</time>
      </trkpt>
      <trkpt lat="33.56761" lon="-117.78147">
        <ele>263.98</ele>
        <time>2026-05-25T16:14:43Z</time>
      </trkpt>
      <trkpt lat="33.56764" lon="-117.78146">
        <ele>263.96</ele>
        <time>2026-05-25T16:14:47Z</time>
      </trkpt>
      <trkpt lat="33.56766" lon="-117.78144">
        <ele>264.37</ele>
        <time>2026-05-25T16:14:51Z</time>
      </trkpt>
      <trkpt lat="33.56769" lon="-117.78142">
        <ele>264.97</ele>
        <time>2026-05-25T16:14:55Z</time>
      </trkpt>
      <trkpt lat="33.56772" lon="-117.78141">
        <ele>265.11</ele>
        <time>2026-05-25T16:14:59Z</time>
      </trkpt>
      <trkpt lat="33.56775" lon="-117.78139">
        <ele>265.28</ele>
        <time>2026-05-25T16:15:02Z</time>
      </trkpt>
      <trkpt lat="33.56777" lon="-117.78138">
        <ele>265.17</ele>
        <time>2026-05-25T16:15:05Z</time>
      </trkpt>
      <trkpt lat="33.5678" lon="-117.78135">
        <ele>265.56</ele>
        <time>2026-05-25T16:15:09Z</time>
      </trkpt>
      <trkpt lat="33.5678" lon="-117.78132">
        <ele>265.81</ele>
        <time>2026-05-25T16:15:16Z</time>
      </trkpt>
      <trkpt lat="33.56782" lon="-117.78132">
        <ele>265.86</ele>
        <time>2026-05-25T16:15:43Z</time>
      </trkpt>
      <trkpt lat="33.56786" lon="-117.78131">
        <ele>265.98</ele>
        <time>2026-05-25T16:15:47Z</time>
      </trkpt>
      <trkpt lat="33.56788" lon="-117.7813">
        <ele>266.0</ele>
        <time>2026-05-25T16:15:50Z</time>
      </trkpt>
      <trkpt lat="33.56791" lon="-117.78128">
        <ele>266.18</ele>
        <time>2026-05-25T16:15:53Z</time>
      </trkpt>
      <trkpt lat="33.56794" lon="-117.78127">
        <ele>266.28</ele>
        <time>2026-05-25T16:15:56Z</time>
      </trkpt>
      <trkpt lat="33.56797" lon="-117.78126">
        <ele>266.44</ele>
        <time>2026-05-25T16:15:59Z</time>
      </trkpt>
      <trkpt lat="33.568" lon="-117.78126">
        <ele>266.64</ele>
        <time>2026-05-25T16:16:02Z</time>
      </trkpt>
      <trkpt lat="33.56803" lon="-117.78125">
        <ele>266.86</ele>
        <time>2026-05-25T16:16:06Z</time>
      </trkpt>
      <trkpt lat="33.56807" lon="-117.78124">
        <ele>267.31</ele>
        <time>2026-05-25T16:16:10Z</time>
      </trkpt>
      <trkpt lat="33.56809" lon="-117.78124">
        <ele>267.74</ele>
        <time>2026-05-25T16:16:13Z</time>
      </trkpt>
      <trkpt lat="33.56813" lon="-117.78123">
        <ele>268.61</ele>
        <time>2026-05-25T16:16:17Z</time>
      </trkpt>
      <trkpt lat="33.56816" lon="-117.78123">
        <ele>269.04</ele>
        <time>2026-05-25T16:16:21Z</time>
      </trkpt>
      <trkpt lat="33.5682" lon="-117.78122">
        <ele>269.1</ele>
        <time>2026-05-25T16:16:25Z</time>
      </trkpt>
      <trkpt lat="33.56823" lon="-117.78122">
        <ele>269.16</ele>
        <time>2026-05-25T16:16:28Z</time>
      </trkpt>
      <trkpt lat="33.56825" lon="-117.78121">
        <ele>269.26</ele>
        <time>2026-05-25T16:16:31Z</time>
      </trkpt>
      <trkpt lat="33.56828" lon="-117.7812">
        <ele>269.83</ele>
        <time>2026-05-25T16:16:34Z</time>
      </trkpt>
      <trkpt lat="33.56831" lon="-117.7812">
        <ele>270.47</ele>
        <time>2026-05-25T16:16:37Z</time>
      </trkpt>
      <trkpt lat="33.56834" lon="-117.7812">
        <ele>271.04</ele>
        <time>2026-05-25T16:16:41Z</time>
      </trkpt>
      <trkpt lat="33.56837" lon="-117.7812">
        <ele>271.39</ele>
        <time>2026-05-25T16:16:45Z</time>
      </trkpt>
      <trkpt lat="33.5684" lon="-117.78122">
        <ele>271.72</ele>
        <time>2026-05-25T16:16:48Z</time>
      </trkpt>
      <trkpt lat="33.56843" lon="-117.78124">
        <ele>272.1</ele>
        <time>2026-05-25T16:16:52Z</time>
      </trkpt>
      <trkpt lat="33.56846" lon="-117.78125">
        <ele>272.74</ele>
        <time>2026-05-25T16:16:56Z</time>
      </trkpt>
      <trkpt lat="33.5685" lon="-117.78125">
        <ele>273.6</ele>
        <time>2026-05-25T16:17:00Z</time>
      </trkpt>
      <trkpt lat="33.56853" lon="-117.78126">
        <ele>273.91</ele>
        <time>2026-05-25T16:17:04Z</time>
      </trkpt>
      <trkpt lat="33.56856" lon="-117.78127">
        <ele>274.02</ele>
        <time>2026-05-25T16:17:08Z</time>
      </trkpt>
      <trkpt lat="33.56859" lon="-117.78128">
        <ele>274.12</ele>
        <time>2026-05-25T16:17:12Z</time>
      </trkpt>
      <trkpt lat="33.56862" lon="-117.78129">
        <ele>274.23</ele>
        <time>2026-05-25T16:17:16Z</time>
      </trkpt>
      <trkpt lat="33.56864" lon="-117.78131">
        <ele>274.31</ele>
        <time>2026-05-25T16:17:28Z</time>
      </trkpt>
      <trkpt lat="33.56867" lon="-117.78133">
        <ele>274.64</ele>
        <time>2026-05-25T16:17:33Z</time>
      </trkpt>
      <trkpt lat="33.56869" lon="-117.78134">
        <ele>274.85</ele>
        <time>2026-05-25T16:17:37Z</time>
      </trkpt>
      <trkpt lat="33.56872" lon="-117.78136">
        <ele>274.88</ele>
        <time>2026-05-25T16:17:41Z</time>
      </trkpt>
      <trkpt lat="33.56875" lon="-117.78137">
        <ele>274.6</ele>
        <time>2026-05-25T16:17:45Z</time>
      </trkpt>
      <trkpt lat="33.56878" lon="-117.78139">
        <ele>274.16</ele>
        <time>2026-05-25T16:17:49Z</time>
      </trkpt>
      <trkpt lat="33.56881" lon="-117.78141">
        <ele>273.62</ele>
        <time>2026-05-25T16:17:53Z</time>
      </trkpt>
      <trkpt lat="33.56883" lon="-117.78143">
        <ele>273.19</ele>
        <time>2026-05-25T16:17:55Z</time>
      </trkpt>
      <trkpt lat="33.56885" lon="-117.78145">
        <ele>272.76</ele>
        <time>2026-05-25T16:17:57Z</time>
      </trkpt>
      <trkpt lat="33.56889" lon="-117.78147">
        <ele>272.11</ele>
        <time>2026-05-25T16:18:00Z</time>
      </trkpt>
      <trkpt lat="33.56892" lon="-117.78149">
        <ele>271.66</ele>
        <time>2026-05-25T16:18:03Z</time>
      </trkpt>
      <trkpt lat="33.56894" lon="-117.7815">
        <ele>271.45</ele>
        <time>2026-05-25T16:18:06Z</time>
      </trkpt>
      <trkpt lat="33.56897" lon="-117.78153">
        <ele>271.12</ele>
        <time>2026-05-25T16:18:09Z</time>
      </trkpt>
      <trkpt lat="33.56899" lon="-117.78155">
        <ele>270.98</ele>
        <time>2026-05-25T16:18:12Z</time>
      </trkpt>
      <trkpt lat="33.56902" lon="-117.78157">
        <ele>270.98</ele>
        <time>2026-05-25T16:18:15Z</time>
      </trkpt>
      <trkpt lat="33.56906" lon="-117.78159">
        <ele>271.0</ele>
        <time>2026-05-25T16:18:18Z</time>
      </trkpt>
      <trkpt lat="33.56909" lon="-117.78161">
        <ele>270.89</ele>
        <time>2026-05-25T16:18:21Z</time>
      </trkpt>
      <trkpt lat="33.56912" lon="-117.78163">
        <ele>270.8</ele>
        <time>2026-05-25T16:18:24Z</time>
      </trkpt>
      <trkpt lat="33.56915" lon="-117.78164">
        <ele>270.76</ele>
        <time>2026-05-25T16:18:27Z</time>
      </trkpt>
      <trkpt lat="33.56918" lon="-117.78167">
        <ele>271.01</ele>
        <time>2026-05-25T16:18:30Z</time>
      </trkpt>
      <trkpt lat="33.56921" lon="-117.78168">
        <ele>271.07</ele>
        <time>2026-05-25T16:18:33Z</time>
      </trkpt>
      <trkpt lat="33.56924" lon="-117.7817">
        <ele>271.29</ele>
        <time>2026-05-25T16:18:36Z</time>
      </trkpt>
      <trkpt lat="33.56927" lon="-117.7817">
        <ele>271.2</ele>
        <time>2026-05-25T16:18:39Z</time>
      </trkpt>
      <trkpt lat="33.5693" lon="-117.7817">
        <ele>270.76</ele>
        <time>2026-05-25T16:18:42Z</time>
      </trkpt>
      <trkpt lat="33.56933" lon="-117.7817">
        <ele>270.32</ele>
        <time>2026-05-25T16:18:46Z</time>
      </trkpt>
      <trkpt lat="33.56936" lon="-117.78171">
        <ele>269.87</ele>
        <time>2026-05-25T16:18:51Z</time>
      </trkpt>
      <trkpt lat="33.5694" lon="-117.78172">
        <ele>269.18</ele>
        <time>2026-05-25T16:18:56Z</time>
      </trkpt>
      <trkpt lat="33.56943" lon="-117.78172">
        <ele>268.67</ele>
        <time>2026-05-25T16:19:00Z</time>
      </trkpt>
      <trkpt lat="33.56946" lon="-117.78173">
        <ele>268.09</ele>
        <time>2026-05-25T16:19:04Z</time>
      </trkpt>
      <trkpt lat="33.56949" lon="-117.78172">
        <ele>267.72</ele>
        <time>2026-05-25T16:19:08Z</time>
      </trkpt>
      <trkpt lat="33.56952" lon="-117.78173">
        <ele>267.24</ele>
        <time>2026-05-25T16:19:12Z</time>
      </trkpt>
      <trkpt lat="33.56955" lon="-117.78174">
        <ele>266.86</ele>
        <time>2026-05-25T16:19:16Z</time>
      </trkpt>
      <trkpt lat="33.56959" lon="-117.78174">
        <ele>266.43</ele>
        <time>2026-05-25T16:19:20Z</time>
      </trkpt>
      <trkpt lat="33.56961" lon="-117.78175">
        <ele>266.21</ele>
        <time>2026-05-25T16:19:23Z</time>
      </trkpt>
      <trkpt lat="33.56964" lon="-117.78176">
        <ele>265.99</ele>
        <time>2026-05-25T16:19:26Z</time>
      </trkpt>
      <trkpt lat="33.56967" lon="-117.78178">
        <ele>265.58</ele>
        <time>2026-05-25T16:19:29Z</time>
      </trkpt>
      <trkpt lat="33.56969" lon="-117.78181">
        <ele>264.74</ele>
        <time>2026-05-25T16:19:31Z</time>
      </trkpt>
      <trkpt lat="33.56971" lon="-117.78184">
        <ele>263.61</ele>
        <time>2026-05-25T16:19:34Z</time>
      </trkpt>
      <trkpt lat="33.56974" lon="-117.78187">
        <ele>262.92</ele>
        <time>2026-05-25T16:19:37Z</time>
      </trkpt>
      <trkpt lat="33.56976" lon="-117.78189">
        <ele>262.66</ele>
        <time>2026-05-25T16:19:40Z</time>
      </trkpt>
      <trkpt lat="33.56978" lon="-117.78191">
        <ele>262.21</ele>
        <time>2026-05-25T16:19:43Z</time>
      </trkpt>
      <trkpt lat="33.56981" lon="-117.78193">
        <ele>261.61</ele>
        <time>2026-05-25T16:19:46Z</time>
      </trkpt>
      <trkpt lat="33.56983" lon="-117.78195">
        <ele>260.82</ele>
        <time>2026-05-25T16:19:49Z</time>
      </trkpt>
      <trkpt lat="33.56985" lon="-117.78196">
        <ele>260.5</ele>
        <time>2026-05-25T16:19:52Z</time>
      </trkpt>
      <trkpt lat="33.56988" lon="-117.78198">
        <ele>259.85</ele>
        <time>2026-05-25T16:19:55Z</time>
      </trkpt>
      <trkpt lat="33.56991" lon="-117.78199">
        <ele>259.52</ele>
        <time>2026-05-25T16:19:59Z</time>
      </trkpt>
      <trkpt lat="33.56995" lon="-117.782">
        <ele>259.2</ele>
        <time>2026-05-25T16:20:03Z</time>
      </trkpt>
      <trkpt lat="33.56998" lon="-117.78202">
        <ele>258.55</ele>
        <time>2026-05-25T16:20:06Z</time>
      </trkpt>
      <trkpt lat="33.57" lon="-117.78203">
        <ele>258.23</ele>
        <time>2026-05-25T16:20:08Z</time>
      </trkpt>
      <trkpt lat="33.57004" lon="-117.78203">
        <ele>259.09</ele>
        <time>2026-05-25T16:20:10Z</time>
      </trkpt>
      <trkpt lat="33.57008" lon="-117.78205">
        <ele>259.43</ele>
        <time>2026-05-25T16:20:12Z</time>
      </trkpt>
      <trkpt lat="33.57011" lon="-117.78206">
        <ele>259.97</ele>
        <time>2026-05-25T16:20:14Z</time>
      </trkpt>
      <trkpt lat="33.57014" lon="-117.78208">
        <ele>260.13</ele>
        <time>2026-05-25T16:20:17Z</time>
      </trkpt>
      <trkpt lat="33.57017" lon="-117.78209">
        <ele>260.41</ele>
        <time>2026-05-25T16:20:20Z</time>
      </trkpt>
      <trkpt lat="33.57019" lon="-117.78211">
        <ele>259.94</ele>
        <time>2026-05-25T16:20:24Z</time>
      </trkpt>
      <trkpt lat="33.57022" lon="-117.78213">
        <ele>259.74</ele>
        <time>2026-05-25T16:20:32Z</time>
      </trkpt>
      <trkpt lat="33.57025" lon="-117.78214">
        <ele>260.1</ele>
        <time>2026-05-25T16:20:37Z</time>
      </trkpt>
      <trkpt lat="33.57028" lon="-117.78215">
        <ele>260.35</ele>
        <time>2026-05-25T16:20:40Z</time>
      </trkpt>
      <trkpt lat="33.57031" lon="-117.78215">
        <ele>260.42</ele>
        <time>2026-05-25T16:20:43Z</time>
      </trkpt>
      <trkpt lat="33.57034" lon="-117.78215">
        <ele>260.49</ele>
        <time>2026-05-25T16:20:46Z</time>
      </trkpt>
      <trkpt lat="33.57037" lon="-117.78216">
        <ele>260.34</ele>
        <time>2026-05-25T16:20:49Z</time>
      </trkpt>
      <trkpt lat="33.5704" lon="-117.78213">
        <ele>260.67</ele>
        <time>2026-05-25T16:20:52Z</time>
      </trkpt>
      <trkpt lat="33.57042" lon="-117.7821">
        <ele>261.25</ele>
        <time>2026-05-25T16:20:54Z</time>
      </trkpt>
      <trkpt lat="33.57044" lon="-117.78207">
        <ele>261.7</ele>
        <time>2026-05-25T16:20:56Z</time>
      </trkpt>
      <trkpt lat="33.57046" lon="-117.78205">
        <ele>261.78</ele>
        <time>2026-05-25T16:20:58Z</time>
      </trkpt>
      <trkpt lat="33.57049" lon="-117.78202">
        <ele>261.89</ele>
        <time>2026-05-25T16:21:01Z</time>
      </trkpt>
      <trkpt lat="33.57052" lon="-117.782">
        <ele>261.78</ele>
        <time>2026-05-25T16:21:04Z</time>
      </trkpt>
      <trkpt lat="33.57055" lon="-117.78197">
        <ele>261.78</ele>
        <time>2026-05-25T16:21:07Z</time>
      </trkpt>
      <trkpt lat="33.57057" lon="-117.78194">
        <ele>261.84</ele>
        <time>2026-05-25T16:21:10Z</time>
      </trkpt>
      <trkpt lat="33.57058" lon="-117.7819">
        <ele>261.74</ele>
        <time>2026-05-25T16:21:13Z</time>
      </trkpt>
      <trkpt lat="33.57057" lon="-117.78186">
        <ele>261.84</ele>
        <time>2026-05-25T16:21:16Z</time>
      </trkpt>
      <trkpt lat="33.57057" lon="-117.78182">
        <ele>262.08</ele>
        <time>2026-05-25T16:21:19Z</time>
      </trkpt>
      <trkpt lat="33.57057" lon="-117.78178">
        <ele>262.38</ele>
        <time>2026-05-25T16:21:22Z</time>
      </trkpt>
      <trkpt lat="33.57058" lon="-117.78174">
        <ele>262.05</ele>
        <time>2026-05-25T16:21:25Z</time>
      </trkpt>
      <trkpt lat="33.57058" lon="-117.7817">
        <ele>261.74</ele>
        <time>2026-05-25T16:21:28Z</time>
      </trkpt>
      <trkpt lat="33.57059" lon="-117.78167">
        <ele>261.28</ele>
        <time>2026-05-25T16:21:31Z</time>
      </trkpt>
      <trkpt lat="33.57059" lon="-117.78163">
        <ele>261.36</ele>
        <time>2026-05-25T16:21:34Z</time>
      </trkpt>
      <trkpt lat="33.57059" lon="-117.7816">
        <ele>261.44</ele>
        <time>2026-05-25T16:21:37Z</time>
      </trkpt>
      <trkpt lat="33.57059" lon="-117.78156">
        <ele>261.46</ele>
        <time>2026-05-25T16:21:41Z</time>
      </trkpt>
      <trkpt lat="33.5706" lon="-117.78153">
        <ele>260.85</ele>
        <time>2026-05-25T16:21:44Z</time>
      </trkpt>
      <trkpt lat="33.5706" lon="-117.78149">
        <ele>260.64</ele>
        <time>2026-05-25T16:21:47Z</time>
      </trkpt>
      <trkpt lat="33.5706" lon="-117.78146">
        <ele>260.47</ele>
        <time>2026-05-25T16:21:50Z</time>
      </trkpt>
      <trkpt lat="33.57061" lon="-117.78142">
        <ele>259.9</ele>
        <time>2026-05-25T16:21:53Z</time>
      </trkpt>
      <trkpt lat="33.57063" lon="-117.78139">
        <ele>259.39</ele>
        <time>2026-05-25T16:21:56Z</time>
      </trkpt>
      <trkpt lat="33.57064" lon="-117.78136">
        <ele>258.84</ele>
        <time>2026-05-25T16:21:59Z</time>
      </trkpt>
      <trkpt lat="33.57066" lon="-117.78133">
        <ele>258.06</ele>
        <time>2026-05-25T16:22:02Z</time>
      </trkpt>
      <trkpt lat="33.57068" lon="-117.78129">
        <ele>257.22</ele>
        <time>2026-05-25T16:22:05Z</time>
      </trkpt>
      <trkpt lat="33.5707" lon="-117.78126">
        <ele>256.54</ele>
        <time>2026-05-25T16:22:08Z</time>
      </trkpt>
      <trkpt lat="33.57071" lon="-117.78123">
        <ele>256.19</ele>
        <time>2026-05-25T16:22:11Z</time>
      </trkpt>
      <trkpt lat="33.57073" lon="-117.78119">
        <ele>255.8</ele>
        <time>2026-05-25T16:22:14Z</time>
      </trkpt>
      <trkpt lat="33.57074" lon="-117.78116">
        <ele>255.52</ele>
        <time>2026-05-25T16:22:17Z</time>
      </trkpt>
      <trkpt lat="33.57076" lon="-117.78113">
        <ele>255.2</ele>
        <time>2026-05-25T16:22:20Z</time>
      </trkpt>
      <trkpt lat="33.57078" lon="-117.7811">
        <ele>254.67</ele>
        <time>2026-05-25T16:22:23Z</time>
      </trkpt>
      <trkpt lat="33.57081" lon="-117.78107">
        <ele>254.22</ele>
        <time>2026-05-25T16:23:14Z</time>
      </trkpt>
      <trkpt lat="33.57082" lon="-117.78103">
        <ele>253.75</ele>
        <time>2026-05-25T16:23:16Z</time>
      </trkpt>
      <trkpt lat="33.57084" lon="-117.781">
        <ele>253.81</ele>
        <time>2026-05-25T16:23:19Z</time>
      </trkpt>
      <trkpt lat="33.57086" lon="-117.78096">
        <ele>253.55</ele>
        <time>2026-05-25T16:23:22Z</time>
      </trkpt>
      <trkpt lat="33.57088" lon="-117.78093">
        <ele>253.53</ele>
        <time>2026-05-25T16:23:25Z</time>
      </trkpt>
      <trkpt lat="33.5709" lon="-117.7809">
        <ele>253.48</ele>
        <time>2026-05-25T16:23:28Z</time>
      </trkpt>
      <trkpt lat="33.57091" lon="-117.78086">
        <ele>253.46</ele>
        <time>2026-05-25T16:23:31Z</time>
      </trkpt>
      <trkpt lat="33.57092" lon="-117.78082">
        <ele>253.6</ele>
        <time>2026-05-25T16:23:34Z</time>
      </trkpt>
      <trkpt lat="33.57093" lon="-117.78078">
        <ele>253.42</ele>
        <time>2026-05-25T16:23:37Z</time>
      </trkpt>
      <trkpt lat="33.57094" lon="-117.78075">
        <ele>253.1</ele>
        <time>2026-05-25T16:23:40Z</time>
      </trkpt>
      <trkpt lat="33.57096" lon="-117.78071">
        <ele>252.37</ele>
        <time>2026-05-25T16:23:43Z</time>
      </trkpt>
      <trkpt lat="33.57097" lon="-117.78068">
        <ele>251.97</ele>
        <time>2026-05-25T16:23:46Z</time>
      </trkpt>
      <trkpt lat="33.57099" lon="-117.78064">
        <ele>251.93</ele>
        <time>2026-05-25T16:23:49Z</time>
      </trkpt>
      <trkpt lat="33.57101" lon="-117.78061">
        <ele>252.24</ele>
        <time>2026-05-25T16:23:52Z</time>
      </trkpt>
      <trkpt lat="33.57102" lon="-117.78058">
        <ele>252.28</ele>
        <time>2026-05-25T16:23:55Z</time>
      </trkpt>
      <trkpt lat="33.57104" lon="-117.78055">
        <ele>252.09</ele>
        <time>2026-05-25T16:23:58Z</time>
      </trkpt>
      <trkpt lat="33.57106" lon="-117.78052">
        <ele>251.81</ele>
        <time>2026-05-25T16:24:01Z</time>
      </trkpt>
      <trkpt lat="33.57108" lon="-117.78049">
        <ele>251.95</ele>
        <time>2026-05-25T16:24:04Z</time>
      </trkpt>
      <trkpt lat="33.5711" lon="-117.78046">
        <ele>252.51</ele>
        <time>2026-05-25T16:24:07Z</time>
      </trkpt>
      <trkpt lat="33.57112" lon="-117.78043">
        <ele>252.9</ele>
        <time>2026-05-25T16:24:10Z</time>
      </trkpt>
      <trkpt lat="33.57114" lon="-117.7804">
        <ele>252.69</ele>
        <time>2026-05-25T16:24:13Z</time>
      </trkpt>
      <trkpt lat="33.57116" lon="-117.78037">
        <ele>252.46</ele>
        <time>2026-05-25T16:24:16Z</time>
      </trkpt>
      <trkpt lat="33.57118" lon="-117.78034">
        <ele>251.92</ele>
        <time>2026-05-25T16:24:19Z</time>
      </trkpt>
      <trkpt lat="33.5712" lon="-117.78031">
        <ele>251.94</ele>
        <time>2026-05-25T16:24:22Z</time>
      </trkpt>
      <trkpt lat="33.57122" lon="-117.78028">
        <ele>251.82</ele>
        <time>2026-05-25T16:24:25Z</time>
      </trkpt>
      <trkpt lat="33.57124" lon="-117.78026">
        <ele>251.3</ele>
        <time>2026-05-25T16:24:28Z</time>
      </trkpt>
      <trkpt lat="33.57126" lon="-117.78024">
        <ele>250.82</ele>
        <time>2026-05-25T16:24:32Z</time>
      </trkpt>
      <trkpt lat="33.57129" lon="-117.78024">
        <ele>250.63</ele>
        <time>2026-05-25T16:24:36Z</time>
      </trkpt>
      <trkpt lat="33.57132" lon="-117.78022">
        <ele>250.02</ele>
        <time>2026-05-25T16:24:39Z</time>
      </trkpt>
      <trkpt lat="33.57135" lon="-117.78021">
        <ele>249.53</ele>
        <time>2026-05-25T16:24:42Z</time>
      </trkpt>
      <trkpt lat="33.57138" lon="-117.78018">
        <ele>249.09</ele>
        <time>2026-05-25T16:24:45Z</time>
      </trkpt>
      <trkpt lat="33.5714" lon="-117.78016">
        <ele>248.85</ele>
        <time>2026-05-25T16:24:48Z</time>
      </trkpt>
      <trkpt lat="33.57143" lon="-117.78013">
        <ele>248.29</ele>
        <time>2026-05-25T16:24:51Z</time>
      </trkpt>
      <trkpt lat="33.57145" lon="-117.7801">
        <ele>247.73</ele>
        <time>2026-05-25T16:24:54Z</time>
      </trkpt>
      <trkpt lat="33.57148" lon="-117.78007">
        <ele>247.01</ele>
        <time>2026-05-25T16:24:57Z</time>
      </trkpt>
      <trkpt lat="33.57151" lon="-117.78004">
        <ele>247.0</ele>
        <time>2026-05-25T16:25:00Z</time>
      </trkpt>
      <trkpt lat="33.57154" lon="-117.78001">
        <ele>247.0</ele>
        <time>2026-05-25T16:25:03Z</time>
      </trkpt>
      <trkpt lat="33.57157" lon="-117.77998">
        <ele>246.77</ele>
        <time>2026-05-25T16:25:06Z</time>
      </trkpt>
      <trkpt lat="33.5716" lon="-117.77996">
        <ele>246.41</ele>
        <time>2026-05-25T16:25:09Z</time>
      </trkpt>
      <trkpt lat="33.57163" lon="-117.77993">
        <ele>246.1</ele>
        <time>2026-05-25T16:25:12Z</time>
      </trkpt>
      <trkpt lat="33.57166" lon="-117.7799">
        <ele>245.83</ele>
        <time>2026-05-25T16:25:15Z</time>
      </trkpt>
      <trkpt lat="33.57169" lon="-117.77988">
        <ele>245.31</ele>
        <time>2026-05-25T16:25:18Z</time>
      </trkpt>
      <trkpt lat="33.57172" lon="-117.77985">
        <ele>244.9</ele>
        <time>2026-05-25T16:25:21Z</time>
      </trkpt>
      <trkpt lat="33.57175" lon="-117.77983">
        <ele>244.93</ele>
        <time>2026-05-25T16:25:24Z</time>
      </trkpt>
      <trkpt lat="33.57178" lon="-117.77981">
        <ele>244.83</ele>
        <time>2026-05-25T16:25:27Z</time>
      </trkpt>
      <trkpt lat="33.57181" lon="-117.77979">
        <ele>244.37</ele>
        <time>2026-05-25T16:25:30Z</time>
      </trkpt>
      <trkpt lat="33.57184" lon="-117.77977">
        <ele>244.33</ele>
        <time>2026-05-25T16:25:33Z</time>
      </trkpt>
      <trkpt lat="33.57187" lon="-117.77975">
        <ele>244.44</ele>
        <time>2026-05-25T16:25:36Z</time>
      </trkpt>
      <trkpt lat="33.5719" lon="-117.77973">
        <ele>244.56</ele>
        <time>2026-05-25T16:25:39Z</time>
      </trkpt>
      <trkpt lat="33.57193" lon="-117.77971">
        <ele>244.63</ele>
        <time>2026-05-25T16:25:42Z</time>
      </trkpt>
      <trkpt lat="33.57196" lon="-117.77971">
        <ele>244.87</ele>
        <time>2026-05-25T16:25:45Z</time>
      </trkpt>
      <trkpt lat="33.57199" lon="-117.77974">
        <ele>245.0</ele>
        <time>2026-05-25T16:25:48Z</time>
      </trkpt>
      <trkpt lat="33.57203" lon="-117.77974">
        <ele>245.0</ele>
        <time>2026-05-25T16:25:51Z</time>
      </trkpt>
      <trkpt lat="33.57206" lon="-117.77973">
        <ele>245.0</ele>
        <time>2026-05-25T16:25:54Z</time>
      </trkpt>
      <trkpt lat="33.57209" lon="-117.77973">
        <ele>245.0</ele>
        <time>2026-05-25T16:25:57Z</time>
      </trkpt>
      <trkpt lat="33.57213" lon="-117.77973">
        <ele>245.0</ele>
        <time>2026-05-25T16:26:00Z</time>
      </trkpt>
      <trkpt lat="33.57216" lon="-117.77972">
        <ele>244.97</ele>
        <time>2026-05-25T16:26:03Z</time>
      </trkpt>
      <trkpt lat="33.57219" lon="-117.77972">
        <ele>244.96</ele>
        <time>2026-05-25T16:26:06Z</time>
      </trkpt>
      <trkpt lat="33.57223" lon="-117.77971">
        <ele>244.67</ele>
        <time>2026-05-25T16:26:09Z</time>
      </trkpt>
      <trkpt lat="33.57226" lon="-117.7797">
        <ele>244.31</ele>
        <time>2026-05-25T16:26:12Z</time>
      </trkpt>
      <trkpt lat="33.5723" lon="-117.7797">
        <ele>244.08</ele>
        <time>2026-05-25T16:26:15Z</time>
      </trkpt>
      <trkpt lat="33.57233" lon="-117.77969">
        <ele>244.0</ele>
        <time>2026-05-25T16:26:18Z</time>
      </trkpt>
      <trkpt lat="33.57237" lon="-117.77969">
        <ele>244.0</ele>
        <time>2026-05-25T16:26:21Z</time>
      </trkpt>
      <trkpt lat="33.5724" lon="-117.77968">
        <ele>244.0</ele>
        <time>2026-05-25T16:26:24Z</time>
      </trkpt>
      <trkpt lat="33.57243" lon="-117.77967">
        <ele>243.86</ele>
        <time>2026-05-25T16:26:27Z</time>
      </trkpt>
      <trkpt lat="33.57247" lon="-117.77967">
        <ele>243.62</ele>
        <time>2026-05-25T16:26:30Z</time>
      </trkpt>
      <trkpt lat="33.5725" lon="-117.77967">
        <ele>243.44</ele>
        <time>2026-05-25T16:26:33Z</time>
      </trkpt>
      <trkpt lat="33.57253" lon="-117.77966">
        <ele>243.44</ele>
        <time>2026-05-25T16:26:36Z</time>
      </trkpt>
      <trkpt lat="33.57257" lon="-117.77966">
        <ele>243.59</ele>
        <time>2026-05-25T16:26:39Z</time>
      </trkpt>
      <trkpt lat="33.5726" lon="-117.77966">
        <ele>243.7</ele>
        <time>2026-05-25T16:26:42Z</time>
      </trkpt>
      <trkpt lat="33.57264" lon="-117.77965">
        <ele>243.89</ele>
        <time>2026-05-25T16:26:45Z</time>
      </trkpt>
      <trkpt lat="33.57267" lon="-117.77965">
        <ele>243.96</ele>
        <time>2026-05-25T16:26:48Z</time>
      </trkpt>
      <trkpt lat="33.5727" lon="-117.77964">
        <ele>244.0</ele>
        <time>2026-05-25T16:26:51Z</time>
      </trkpt>
      <trkpt lat="33.57274" lon="-117.77964">
        <ele>244.0</ele>
        <time>2026-05-25T16:26:54Z</time>
      </trkpt>
      <trkpt lat="33.57277" lon="-117.77963">
        <ele>244.0</ele>
        <time>2026-05-25T16:26:57Z</time>
      </trkpt>
      <trkpt lat="33.5728" lon="-117.77963">
        <ele>244.24</ele>
        <time>2026-05-25T16:27:00Z</time>
      </trkpt>
      <trkpt lat="33.57284" lon="-117.77962">
        <ele>244.57</ele>
        <time>2026-05-25T16:27:03Z</time>
      </trkpt>
      <trkpt lat="33.57287" lon="-117.77962">
        <ele>244.89</ele>
        <time>2026-05-25T16:27:06Z</time>
      </trkpt>
      <trkpt lat="33.5729" lon="-117.77961">
        <ele>244.86</ele>
        <time>2026-05-25T16:27:09Z</time>
      </trkpt>
      <trkpt lat="33.57293" lon="-117.7796">
        <ele>244.89</ele>
        <time>2026-05-25T16:27:12Z</time>
      </trkpt>
      <trkpt lat="33.57297" lon="-117.7796">
        <ele>245.13</ele>
        <time>2026-05-25T16:27:15Z</time>
      </trkpt>
      <trkpt lat="33.573" lon="-117.77959">
        <ele>245.63</ele>
        <time>2026-05-25T16:27:18Z</time>
      </trkpt>
      <trkpt lat="33.57303" lon="-117.77958">
        <ele>246.06</ele>
        <time>2026-05-25T16:27:21Z</time>
      </trkpt>
      <trkpt lat="33.57306" lon="-117.77957">
        <ele>246.47</ele>
        <time>2026-05-25T16:27:24Z</time>
      </trkpt>
      <trkpt lat="33.57308" lon="-117.77954">
        <ele>246.81</ele>
        <time>2026-05-25T16:27:28Z</time>
      </trkpt>
      <trkpt lat="33.57308" lon="-117.7795">
        <ele>246.5</ele>
        <time>2026-05-25T16:27:31Z</time>
      </trkpt>
      <trkpt lat="33.5731" lon="-117.77947">
        <ele>247.06</ele>
        <time>2026-05-25T16:27:34Z</time>
      </trkpt>
      <trkpt lat="33.57312" lon="-117.77944">
        <ele>247.72</ele>
        <time>2026-05-25T16:27:38Z</time>
      </trkpt>
      <trkpt lat="33.57315" lon="-117.77942">
        <ele>248.77</ele>
        <time>2026-05-25T16:27:42Z</time>
      </trkpt>
      <trkpt lat="33.57318" lon="-117.77939">
        <ele>248.9</ele>
        <time>2026-05-25T16:27:46Z</time>
      </trkpt>
      <trkpt lat="33.5732" lon="-117.77937">
        <ele>248.87</ele>
        <time>2026-05-25T16:27:50Z</time>
      </trkpt>
      <trkpt lat="33.57323" lon="-117.77935">
        <ele>248.86</ele>
        <time>2026-05-25T16:27:56Z</time>
      </trkpt>
      <trkpt lat="33.57326" lon="-117.77932">
        <ele>249.07</ele>
        <time>2026-05-25T16:29:34Z</time>
      </trkpt>
      <trkpt lat="33.5733" lon="-117.77928">
        <ele>249.5</ele>
        <time>2026-05-25T16:29:41Z</time>
      </trkpt>
      <trkpt lat="33.57335" lon="-117.77922">
        <ele>250.36</ele>
        <time>2026-05-25T16:29:43Z</time>
      </trkpt>
      <trkpt lat="33.57337" lon="-117.77919">
        <ele>250.79</ele>
        <time>2026-05-25T16:29:44Z</time>
      </trkpt>
      <trkpt lat="33.57341" lon="-117.77914">
        <ele>251.94</ele>
        <time>2026-05-25T16:29:46Z</time>
      </trkpt>
      <trkpt lat="33.57344" lon="-117.77911">
        <ele>252.76</ele>
        <time>2026-05-25T16:29:48Z</time>
      </trkpt>
      <trkpt lat="33.57346" lon="-117.77907">
        <ele>253.4</ele>
        <time>2026-05-25T16:29:51Z</time>
      </trkpt>
      <trkpt lat="33.57348" lon="-117.77903">
        <ele>253.78</ele>
        <time>2026-05-25T16:29:54Z</time>
      </trkpt>
      <trkpt lat="33.57349" lon="-117.779">
        <ele>253.94</ele>
        <time>2026-05-25T16:29:57Z</time>
      </trkpt>
      <trkpt lat="33.5735" lon="-117.77896">
        <ele>254.32</ele>
        <time>2026-05-25T16:30:01Z</time>
      </trkpt>
      <trkpt lat="33.57352" lon="-117.77893">
        <ele>255.1</ele>
        <time>2026-05-25T16:30:05Z</time>
      </trkpt>
      <trkpt lat="33.57353" lon="-117.77889">
        <ele>255.85</ele>
        <time>2026-05-25T16:30:09Z</time>
      </trkpt>
      <trkpt lat="33.57354" lon="-117.77886">
        <ele>255.53</ele>
        <time>2026-05-25T16:30:13Z</time>
      </trkpt>
      <trkpt lat="33.57355" lon="-117.77882">
        <ele>255.17</ele>
        <time>2026-05-25T16:30:17Z</time>
      </trkpt>
      <trkpt lat="33.57356" lon="-117.77878">
        <ele>254.9</ele>
        <time>2026-05-25T16:30:21Z</time>
      </trkpt>
      <trkpt lat="33.57357" lon="-117.77875">
        <ele>254.78</ele>
        <time>2026-05-25T16:30:24Z</time>
      </trkpt>
      <trkpt lat="33.57358" lon="-117.77872">
        <ele>254.72</ele>
        <time>2026-05-25T16:30:27Z</time>
      </trkpt>
      <trkpt lat="33.57359" lon="-117.77868">
        <ele>254.77</ele>
        <time>2026-05-25T16:30:30Z</time>
      </trkpt>
      <trkpt lat="33.5736" lon="-117.77865">
        <ele>254.88</ele>
        <time>2026-05-25T16:30:33Z</time>
      </trkpt>
      <trkpt lat="33.57359" lon="-117.77861">
        <ele>254.78</ele>
        <time>2026-05-25T16:30:36Z</time>
      </trkpt>
      <trkpt lat="33.57359" lon="-117.77857">
        <ele>255.01</ele>
        <time>2026-05-25T16:30:39Z</time>
      </trkpt>
      <trkpt lat="33.57359" lon="-117.77854">
        <ele>255.19</ele>
        <time>2026-05-25T16:30:42Z</time>
      </trkpt>
      <trkpt lat="33.5736" lon="-117.7785">
        <ele>255.62</ele>
        <time>2026-05-25T16:30:45Z</time>
      </trkpt>
      <trkpt lat="33.5736" lon="-117.77846">
        <ele>255.56</ele>
        <time>2026-05-25T16:30:48Z</time>
      </trkpt>
      <trkpt lat="33.57361" lon="-117.77843">
        <ele>255.95</ele>
        <time>2026-05-25T16:30:51Z</time>
      </trkpt>
      <trkpt lat="33.57362" lon="-117.77839">
        <ele>256.0</ele>
        <time>2026-05-25T16:30:54Z</time>
      </trkpt>
      <trkpt lat="33.57363" lon="-117.77835">
        <ele>256.0</ele>
        <time>2026-05-25T16:30:57Z</time>
      </trkpt>
      <trkpt lat="33.57364" lon="-117.77832">
        <ele>255.9</ele>
        <time>2026-05-25T16:31:00Z</time>
      </trkpt>
      <trkpt lat="33.57365" lon="-117.77828">
        <ele>255.67</ele>
        <time>2026-05-25T16:31:03Z</time>
      </trkpt>
      <trkpt lat="33.57367" lon="-117.77824">
        <ele>255.64</ele>
        <time>2026-05-25T16:31:06Z</time>
      </trkpt>
      <trkpt lat="33.57367" lon="-117.7782">
        <ele>255.64</ele>
        <time>2026-05-25T16:31:09Z</time>
      </trkpt>
      <trkpt lat="33.57369" lon="-117.77816">
        <ele>255.85</ele>
        <time>2026-05-25T16:31:12Z</time>
      </trkpt>
      <trkpt lat="33.5737" lon="-117.77812">
        <ele>256.26</ele>
        <time>2026-05-25T16:31:15Z</time>
      </trkpt>
      <trkpt lat="33.57372" lon="-117.77808">
        <ele>256.43</ele>
        <time>2026-05-25T16:31:18Z</time>
      </trkpt>
      <trkpt lat="33.57373" lon="-117.77804">
        <ele>256.6</ele>
        <time>2026-05-25T16:31:21Z</time>
      </trkpt>
      <trkpt lat="33.57375" lon="-117.77801">
        <ele>256.49</ele>
        <time>2026-05-25T16:31:24Z</time>
      </trkpt>
      <trkpt lat="33.57378" lon="-117.77797">
        <ele>256.28</ele>
        <time>2026-05-25T16:31:27Z</time>
      </trkpt>
      <trkpt lat="33.5738" lon="-117.77794">
        <ele>256.21</ele>
        <time>2026-05-25T16:31:29Z</time>
      </trkpt>
      <trkpt lat="33.57383" lon="-117.77792">
        <ele>256.1</ele>
        <time>2026-05-25T16:31:31Z</time>
      </trkpt>
      <trkpt lat="33.57385" lon="-117.77789">
        <ele>256.21</ele>
        <time>2026-05-25T16:31:33Z</time>
      </trkpt>
      <trkpt lat="33.57387" lon="-117.77787">
        <ele>256.2</ele>
        <time>2026-05-25T16:31:35Z</time>
      </trkpt>
      <trkpt lat="33.57389" lon="-117.77785">
        <ele>255.77</ele>
        <time>2026-05-25T16:31:37Z</time>
      </trkpt>
      <trkpt lat="33.57392" lon="-117.77783">
        <ele>255.37</ele>
        <time>2026-05-25T16:31:39Z</time>
      </trkpt>
      <trkpt lat="33.57394" lon="-117.7778">
        <ele>255.11</ele>
        <time>2026-05-25T16:31:41Z</time>
      </trkpt>
      <trkpt lat="33.57396" lon="-117.77778">
        <ele>255.01</ele>
        <time>2026-05-25T16:31:43Z</time>
      </trkpt>
      <trkpt lat="33.57398" lon="-117.77776">
        <ele>254.81</ele>
        <time>2026-05-25T16:31:45Z</time>
      </trkpt>
      <trkpt lat="33.574" lon="-117.77774">
        <ele>254.67</ele>
        <time>2026-05-25T16:31:48Z</time>
      </trkpt>
      <trkpt lat="33.57403" lon="-117.77774">
        <ele>254.81</ele>
        <time>2026-05-25T16:31:51Z</time>
      </trkpt>
      <trkpt lat="33.57406" lon="-117.77773">
        <ele>254.92</ele>
        <time>2026-05-25T16:31:54Z</time>
      </trkpt>
      <trkpt lat="33.57409" lon="-117.77773">
        <ele>255.09</ele>
        <time>2026-05-25T16:31:57Z</time>
      </trkpt>
      <trkpt lat="33.57413" lon="-117.77772">
        <ele>255.38</ele>
        <time>2026-05-25T16:32:00Z</time>
      </trkpt>
      <trkpt lat="33.57416" lon="-117.7777">
        <ele>255.78</ele>
        <time>2026-05-25T16:32:03Z</time>
      </trkpt>
      <trkpt lat="33.57419" lon="-117.77769">
        <ele>255.95</ele>
        <time>2026-05-25T16:32:06Z</time>
      </trkpt>
      <trkpt lat="33.57423" lon="-117.77767">
        <ele>256.06</ele>
        <time>2026-05-25T16:32:09Z</time>
      </trkpt>
      <trkpt lat="33.57426" lon="-117.77766">
        <ele>256.28</ele>
        <time>2026-05-25T16:32:12Z</time>
      </trkpt>
      <trkpt lat="33.57429" lon="-117.77765">
        <ele>256.71</ele>
        <time>2026-05-25T16:32:15Z</time>
      </trkpt>
      <trkpt lat="33.57432" lon="-117.77763">
        <ele>257.25</ele>
        <time>2026-05-25T16:32:18Z</time>
      </trkpt>
      <trkpt lat="33.57435" lon="-117.77762">
        <ele>257.68</ele>
        <time>2026-05-25T16:32:21Z</time>
      </trkpt>
      <trkpt lat="33.57437" lon="-117.77761">
        <ele>257.81</ele>
        <time>2026-05-25T16:32:24Z</time>
      </trkpt>
      <trkpt lat="33.5744" lon="-117.7776">
        <ele>257.92</ele>
        <time>2026-05-25T16:32:27Z</time>
      </trkpt>
      <trkpt lat="33.57443" lon="-117.77759">
        <ele>258.02</ele>
        <time>2026-05-25T16:32:30Z</time>
      </trkpt>
      <trkpt lat="33.57445" lon="-117.77758">
        <ele>258.14</ele>
        <time>2026-05-25T16:32:33Z</time>
      </trkpt>
      <trkpt lat="33.57448" lon="-117.77756">
        <ele>258.35</ele>
        <time>2026-05-25T16:32:36Z</time>
      </trkpt>
      <trkpt lat="33.5745" lon="-117.77755">
        <ele>258.46</ele>
        <time>2026-05-25T16:32:39Z</time>
      </trkpt>
      <trkpt lat="33.57453" lon="-117.77754">
        <ele>258.57</ele>
        <time>2026-05-25T16:32:42Z</time>
      </trkpt>
      <trkpt lat="33.57456" lon="-117.77752">
        <ele>258.78</ele>
        <time>2026-05-25T16:32:45Z</time>
      </trkpt>
      <trkpt lat="33.57459" lon="-117.77751">
        <ele>258.89</ele>
        <time>2026-05-25T16:32:48Z</time>
      </trkpt>
      <trkpt lat="33.57462" lon="-117.77749">
        <ele>258.89</ele>
        <time>2026-05-25T16:32:51Z</time>
      </trkpt>
      <trkpt lat="33.57465" lon="-117.77748">
        <ele>258.78</ele>
        <time>2026-05-25T16:32:54Z</time>
      </trkpt>
      <trkpt lat="33.57468" lon="-117.77747">
        <ele>258.68</ele>
        <time>2026-05-25T16:32:57Z</time>
      </trkpt>
      <trkpt lat="33.57471" lon="-117.77746">
        <ele>258.57</ele>
        <time>2026-05-25T16:33:00Z</time>
      </trkpt>
      <trkpt lat="33.57474" lon="-117.77745">
        <ele>258.46</ele>
        <time>2026-05-25T16:33:03Z</time>
      </trkpt>
      <trkpt lat="33.57477" lon="-117.77745">
        <ele>258.46</ele>
        <time>2026-05-25T16:33:06Z</time>
      </trkpt>
      <trkpt lat="33.5748" lon="-117.77746">
        <ele>258.57</ele>
        <time>2026-05-25T16:33:09Z</time>
      </trkpt>
      <trkpt lat="33.57483" lon="-117.77747">
        <ele>258.68</ele>
        <time>2026-05-25T16:33:12Z</time>
      </trkpt>
      <trkpt lat="33.57486" lon="-117.77748">
        <ele>258.78</ele>
        <time>2026-05-25T16:33:15Z</time>
      </trkpt>
      <trkpt lat="33.5749" lon="-117.77748">
        <ele>258.78</ele>
        <time>2026-05-25T16:33:18Z</time>
      </trkpt>
      <trkpt lat="33.57493" lon="-117.77749">
        <ele>259.14</ele>
        <time>2026-05-25T16:33:21Z</time>
      </trkpt>
      <trkpt lat="33.57496" lon="-117.77749">
        <ele>259.46</ele>
        <time>2026-05-25T16:33:24Z</time>
      </trkpt>
      <trkpt lat="33.57499" lon="-117.7775">
        <ele>259.89</ele>
        <time>2026-05-25T16:33:27Z</time>
      </trkpt>
      <trkpt lat="33.57502" lon="-117.7775">
        <ele>260.0</ele>
        <time>2026-05-25T16:33:30Z</time>
      </trkpt>
      <trkpt lat="33.57505" lon="-117.77751">
        <ele>260.06</ele>
        <time>2026-05-25T16:33:33Z</time>
      </trkpt>
      <trkpt lat="33.57508" lon="-117.77751">
        <ele>260.09</ele>
        <time>2026-05-25T16:33:36Z</time>
      </trkpt>
      <trkpt lat="33.57511" lon="-117.77751">
        <ele>260.46</ele>
        <time>2026-05-25T16:33:39Z</time>
      </trkpt>
      <trkpt lat="33.57514" lon="-117.77751">
        <ele>261.08</ele>
        <time>2026-05-25T16:33:42Z</time>
      </trkpt>
      <trkpt lat="33.57517" lon="-117.77751">
        <ele>261.69</ele>
        <time>2026-05-25T16:33:45Z</time>
      </trkpt>
      <trkpt lat="33.5752" lon="-117.77752">
        <ele>262.16</ele>
        <time>2026-05-25T16:33:48Z</time>
      </trkpt>
      <trkpt lat="33.57523" lon="-117.77752">
        <ele>262.48</ele>
        <time>2026-05-25T16:33:51Z</time>
      </trkpt>
      <trkpt lat="33.57525" lon="-117.77752">
        <ele>262.7</ele>
        <time>2026-05-25T16:33:54Z</time>
      </trkpt>
      <trkpt lat="33.57528" lon="-117.77752">
        <ele>263.01</ele>
        <time>2026-05-25T16:33:57Z</time>
      </trkpt>
      <trkpt lat="33.57531" lon="-117.77752">
        <ele>263.08</ele>
        <time>2026-05-25T16:34:00Z</time>
      </trkpt>
      <trkpt lat="33.57534" lon="-117.77752">
        <ele>263.15</ele>
        <time>2026-05-25T16:34:05Z</time>
      </trkpt>
      <trkpt lat="33.57537" lon="-117.77752">
        <ele>263.22</ele>
        <time>2026-05-25T16:34:09Z</time>
      </trkpt>
      <trkpt lat="33.5754" lon="-117.77752">
        <ele>263.61</ele>
        <time>2026-05-25T16:34:12Z</time>
      </trkpt>
      <trkpt lat="33.57543" lon="-117.77752">
        <ele>264.0</ele>
        <time>2026-05-25T16:34:15Z</time>
      </trkpt>
      <trkpt lat="33.57545" lon="-117.7775">
        <ele>263.86</ele>
        <time>2026-05-25T16:34:18Z</time>
      </trkpt>
      <trkpt lat="33.57548" lon="-117.77748">
        <ele>263.97</ele>
        <time>2026-05-25T16:34:21Z</time>
      </trkpt>
      <trkpt lat="33.57551" lon="-117.77746">
        <ele>264.08</ele>
        <time>2026-05-25T16:34:24Z</time>
      </trkpt>
      <trkpt lat="33.57554" lon="-117.77745">
        <ele>264.29</ele>
        <time>2026-05-25T16:34:27Z</time>
      </trkpt>
      <trkpt lat="33.57556" lon="-117.77743">
        <ele>264.33</ele>
        <time>2026-05-25T16:34:30Z</time>
      </trkpt>
      <trkpt lat="33.57559" lon="-117.77742">
        <ele>264.83</ele>
        <time>2026-05-25T16:34:33Z</time>
      </trkpt>
      <trkpt lat="33.57562" lon="-117.7774">
        <ele>265.26</ele>
        <time>2026-05-25T16:34:36Z</time>
      </trkpt>
      <trkpt lat="33.57565" lon="-117.77739">
        <ele>265.63</ele>
        <time>2026-05-25T16:34:39Z</time>
      </trkpt>
      <trkpt lat="33.57567" lon="-117.77737">
        <ele>265.38</ele>
        <time>2026-05-25T16:34:42Z</time>
      </trkpt>
      <trkpt lat="33.5757" lon="-117.77735">
        <ele>265.45</ele>
        <time>2026-05-25T16:34:45Z</time>
      </trkpt>
      <trkpt lat="33.57573" lon="-117.77733">
        <ele>265.81</ele>
        <time>2026-05-25T16:34:48Z</time>
      </trkpt>
      <trkpt lat="33.57576" lon="-117.77731">
        <ele>266.17</ele>
        <time>2026-05-25T16:34:51Z</time>
      </trkpt>
      <trkpt lat="33.57578" lon="-117.77729">
        <ele>266.27</ele>
        <time>2026-05-25T16:34:54Z</time>
      </trkpt>
      <trkpt lat="33.57581" lon="-117.77727">
        <ele>266.63</ele>
        <time>2026-05-25T16:34:57Z</time>
      </trkpt>
      <trkpt lat="33.57584" lon="-117.77725">
        <ele>267.07</ele>
        <time>2026-05-25T16:35:00Z</time>
      </trkpt>
      <trkpt lat="33.57586" lon="-117.77723">
        <ele>267.29</ele>
        <time>2026-05-25T16:35:03Z</time>
      </trkpt>
      <trkpt lat="33.57589" lon="-117.77721">
        <ele>267.48</ele>
        <time>2026-05-25T16:35:06Z</time>
      </trkpt>
      <trkpt lat="33.57592" lon="-117.77719">
        <ele>267.59</ele>
        <time>2026-05-25T16:35:09Z</time>
      </trkpt>
      <trkpt lat="33.57594" lon="-117.77716">
        <ele>267.58</ele>
        <time>2026-05-25T16:35:12Z</time>
      </trkpt>
      <trkpt lat="33.57597" lon="-117.77714">
        <ele>268.01</ele>
        <time>2026-05-25T16:35:15Z</time>
      </trkpt>
      <trkpt lat="33.57599" lon="-117.77712">
        <ele>268.46</ele>
        <time>2026-05-25T16:35:18Z</time>
      </trkpt>
      <trkpt lat="33.57602" lon="-117.77709">
        <ele>269.44</ele>
        <time>2026-05-25T16:35:21Z</time>
      </trkpt>
      <trkpt lat="33.57605" lon="-117.77707">
        <ele>269.77</ele>
        <time>2026-05-25T16:35:24Z</time>
      </trkpt>
      <trkpt lat="33.57607" lon="-117.77705">
        <ele>269.94</ele>
        <time>2026-05-25T16:35:27Z</time>
      </trkpt>
      <trkpt lat="33.5761" lon="-117.77702">
        <ele>269.98</ele>
        <time>2026-05-25T16:35:30Z</time>
      </trkpt>
      <trkpt lat="33.57612" lon="-117.777">
        <ele>269.96</ele>
        <time>2026-05-25T16:35:33Z</time>
      </trkpt>
      <trkpt lat="33.57613" lon="-117.77696">
        <ele>269.83</ele>
        <time>2026-05-25T16:35:36Z</time>
      </trkpt>
      <trkpt lat="33.57614" lon="-117.77692">
        <ele>269.32</ele>
        <time>2026-05-25T16:35:39Z</time>
      </trkpt>
      <trkpt lat="33.57615" lon="-117.77688">
        <ele>268.77</ele>
        <time>2026-05-25T16:35:42Z</time>
      </trkpt>
      <trkpt lat="33.57617" lon="-117.77685">
        <ele>268.61</ele>
        <time>2026-05-25T16:35:45Z</time>
      </trkpt>
      <trkpt lat="33.57618" lon="-117.77682">
        <ele>268.31</ele>
        <time>2026-05-25T16:35:48Z</time>
      </trkpt>
      <trkpt lat="33.5762" lon="-117.77678">
        <ele>268.15</ele>
        <time>2026-05-25T16:35:51Z</time>
      </trkpt>
      <trkpt lat="33.57622" lon="-117.77675">
        <ele>267.66</ele>
        <time>2026-05-25T16:35:54Z</time>
      </trkpt>
      <trkpt lat="33.57624" lon="-117.77672">
        <ele>267.09</ele>
        <time>2026-05-25T16:35:57Z</time>
      </trkpt>
      <trkpt lat="33.57626" lon="-117.77668">
        <ele>266.72</ele>
        <time>2026-05-25T16:36:00Z</time>
      </trkpt>
      <trkpt lat="33.57628" lon="-117.77665">
        <ele>266.61</ele>
        <time>2026-05-25T16:36:03Z</time>
      </trkpt>
      <trkpt lat="33.5763" lon="-117.77661">
        <ele>266.41</ele>
        <time>2026-05-25T16:36:06Z</time>
      </trkpt>
      <trkpt lat="33.57632" lon="-117.77658">
        <ele>266.3</ele>
        <time>2026-05-25T16:36:09Z</time>
      </trkpt>
      <trkpt lat="33.57634" lon="-117.77654">
        <ele>266.08</ele>
        <time>2026-05-25T16:36:12Z</time>
      </trkpt>
      <trkpt lat="33.57636" lon="-117.77651">
        <ele>266.26</ele>
        <time>2026-05-25T16:36:15Z</time>
      </trkpt>
      <trkpt lat="33.57638" lon="-117.77648">
        <ele>266.7</ele>
        <time>2026-05-25T16:36:18Z</time>
      </trkpt>
      <trkpt lat="33.5764" lon="-117.77644">
        <ele>266.61</ele>
        <time>2026-05-25T16:36:21Z</time>
      </trkpt>
      <trkpt lat="33.57642" lon="-117.77641">
        <ele>266.49</ele>
        <time>2026-05-25T16:36:24Z</time>
      </trkpt>
      <trkpt lat="33.57644" lon="-117.77638">
        <ele>266.46</ele>
        <time>2026-05-25T16:36:27Z</time>
      </trkpt>
      <trkpt lat="33.57646" lon="-117.77634">
        <ele>266.24</ele>
        <time>2026-05-25T16:36:30Z</time>
      </trkpt>
      <trkpt lat="33.57648" lon="-117.77631">
        <ele>266.13</ele>
        <time>2026-05-25T16:36:33Z</time>
      </trkpt>
      <trkpt lat="33.5765" lon="-117.77628">
        <ele>265.86</ele>
        <time>2026-05-25T16:36:36Z</time>
      </trkpt>
      <trkpt lat="33.57652" lon="-117.77625">
        <ele>265.71</ele>
        <time>2026-05-25T16:36:39Z</time>
      </trkpt>
      <trkpt lat="33.57654" lon="-117.77621">
        <ele>265.66</ele>
        <time>2026-05-25T16:36:42Z</time>
      </trkpt>
      <trkpt lat="33.57656" lon="-117.77618">
        <ele>266.03</ele>
        <time>2026-05-25T16:36:45Z</time>
      </trkpt>
      <trkpt lat="33.57658" lon="-117.77614">
        <ele>266.71</ele>
        <time>2026-05-25T16:36:48Z</time>
      </trkpt>
      <trkpt lat="33.5766" lon="-117.77611">
        <ele>266.98</ele>
        <time>2026-05-25T16:36:51Z</time>
      </trkpt>
      <trkpt lat="33.57662" lon="-117.77608">
        <ele>266.66</ele>
        <time>2026-05-25T16:36:54Z</time>
      </trkpt>
      <trkpt lat="33.57664" lon="-117.77604">
        <ele>266.56</ele>
        <time>2026-05-25T16:36:57Z</time>
      </trkpt>
      <trkpt lat="33.57666" lon="-117.77601">
        <ele>266.76</ele>
        <time>2026-05-25T16:37:00Z</time>
      </trkpt>
      <trkpt lat="33.57668" lon="-117.77597">
        <ele>266.63</ele>
        <time>2026-05-25T16:37:03Z</time>
      </trkpt>
      <trkpt lat="33.5767" lon="-117.77594">
        <ele>266.76</ele>
        <time>2026-05-25T16:37:06Z</time>
      </trkpt>
      <trkpt lat="33.57672" lon="-117.77591">
        <ele>267.32</ele>
        <time>2026-05-25T16:37:09Z</time>
      </trkpt>
      <trkpt lat="33.57674" lon="-117.77587">
        <ele>268.19</ele>
        <time>2026-05-25T16:37:12Z</time>
      </trkpt>
      <trkpt lat="33.57676" lon="-117.77584">
        <ele>268.93</ele>
        <time>2026-05-25T16:37:15Z</time>
      </trkpt>
      <trkpt lat="33.57678" lon="-117.77581">
        <ele>268.61</ele>
        <time>2026-05-25T16:37:18Z</time>
      </trkpt>
      <trkpt lat="33.5768" lon="-117.77578">
        <ele>268.35</ele>
        <time>2026-05-25T16:37:21Z</time>
      </trkpt>
      <trkpt lat="33.57682" lon="-117.77575">
        <ele>268.38</ele>
        <time>2026-05-25T16:37:24Z</time>
      </trkpt>
      <trkpt lat="33.57684" lon="-117.77572">
        <ele>268.27</ele>
        <time>2026-05-25T16:37:27Z</time>
      </trkpt>
      <trkpt lat="33.57686" lon="-117.77569">
        <ele>268.09</ele>
        <time>2026-05-25T16:37:30Z</time>
      </trkpt>
      <trkpt lat="33.57689" lon="-117.77567">
        <ele>268.51</ele>
        <time>2026-05-25T16:37:34Z</time>
      </trkpt>
      <trkpt lat="33.57692" lon="-117.77568">
        <ele>269.39</ele>
        <time>2026-05-25T16:37:38Z</time>
      </trkpt>
      <trkpt lat="33.57695" lon="-117.77567">
        <ele>270.05</ele>
        <time>2026-05-25T16:37:42Z</time>
      </trkpt>
      <trkpt lat="33.57699" lon="-117.77565">
        <ele>270.48</ele>
        <time>2026-05-25T16:37:45Z</time>
      </trkpt>
      <trkpt lat="33.57703" lon="-117.77564">
        <ele>270.83</ele>
        <time>2026-05-25T16:37:47Z</time>
      </trkpt>
      <trkpt lat="33.57706" lon="-117.77563">
        <ele>270.85</ele>
        <time>2026-05-25T16:37:49Z</time>
      </trkpt>
      <trkpt lat="33.57709" lon="-117.77562">
        <ele>270.87</ele>
        <time>2026-05-25T16:37:52Z</time>
      </trkpt>
      <trkpt lat="33.57712" lon="-117.77561">
        <ele>270.96</ele>
        <time>2026-05-25T16:37:55Z</time>
      </trkpt>
      <trkpt lat="33.57716" lon="-117.7756">
        <ele>271.5</ele>
        <time>2026-05-25T16:37:59Z</time>
      </trkpt>
      <trkpt lat="33.5772" lon="-117.77559">
        <ele>272.24</ele>
        <time>2026-05-25T16:38:03Z</time>
      </trkpt>
      <trkpt lat="33.57723" lon="-117.77558">
        <ele>272.74</ele>
        <time>2026-05-25T16:38:06Z</time>
      </trkpt>
      <trkpt lat="33.57726" lon="-117.77557">
        <ele>272.84</ele>
        <time>2026-05-25T16:38:09Z</time>
      </trkpt>
      <trkpt lat="33.5773" lon="-117.77556">
        <ele>272.95</ele>
        <time>2026-05-25T16:38:12Z</time>
      </trkpt>
      <trkpt lat="33.57733" lon="-117.77555">
        <ele>272.86</ele>
        <time>2026-05-25T16:38:15Z</time>
      </trkpt>
      <trkpt lat="33.57736" lon="-117.77554">
        <ele>272.68</ele>
        <time>2026-05-25T16:38:18Z</time>
      </trkpt>
      <trkpt lat="33.57739" lon="-117.77553">
        <ele>272.64</ele>
        <time>2026-05-25T16:38:21Z</time>
      </trkpt>
      <trkpt lat="33.57742" lon="-117.77552">
        <ele>272.72</ele>
        <time>2026-05-25T16:38:24Z</time>
      </trkpt>
      <trkpt lat="33.57745" lon="-117.7755">
        <ele>272.92</ele>
        <time>2026-05-25T16:38:27Z</time>
      </trkpt>
      <trkpt lat="33.57749" lon="-117.77549">
        <ele>272.78</ele>
        <time>2026-05-25T16:38:30Z</time>
      </trkpt>
      <trkpt lat="33.57752" lon="-117.77548">
        <ele>272.38</ele>
        <time>2026-05-25T16:38:33Z</time>
      </trkpt>
      <trkpt lat="33.57755" lon="-117.77546">
        <ele>271.97</ele>
        <time>2026-05-25T16:38:36Z</time>
      </trkpt>
      <trkpt lat="33.57759" lon="-117.77545">
        <ele>271.33</ele>
        <time>2026-05-25T16:38:39Z</time>
      </trkpt>
      <trkpt lat="33.57762" lon="-117.77543">
        <ele>271.5</ele>
        <time>2026-05-25T16:38:42Z</time>
      </trkpt>
      <trkpt lat="33.57765" lon="-117.77542">
        <ele>271.35</ele>
        <time>2026-05-25T16:38:45Z</time>
      </trkpt>
      <trkpt lat="33.57768" lon="-117.7754">
        <ele>271.08</ele>
        <time>2026-05-25T16:38:48Z</time>
      </trkpt>
      <trkpt lat="33.57771" lon="-117.77539">
        <ele>270.68</ele>
        <time>2026-05-25T16:38:51Z</time>
      </trkpt>
      <trkpt lat="33.57775" lon="-117.77537">
        <ele>270.3</ele>
        <time>2026-05-25T16:38:54Z</time>
      </trkpt>
      <trkpt lat="33.57778" lon="-117.77536">
        <ele>270.02</ele>
        <time>2026-05-25T16:38:57Z</time>
      </trkpt>
      <trkpt lat="33.57781" lon="-117.77534">
        <ele>270.23</ele>
        <time>2026-05-25T16:39:00Z</time>
      </trkpt>
      <trkpt lat="33.57784" lon="-117.77533">
        <ele>270.38</ele>
        <time>2026-05-25T16:39:03Z</time>
      </trkpt>
      <trkpt lat="33.57787" lon="-117.77531">
        <ele>270.35</ele>
        <time>2026-05-25T16:39:06Z</time>
      </trkpt>
      <trkpt lat="33.5779" lon="-117.7753">
        <ele>270.48</ele>
        <time>2026-05-25T16:39:09Z</time>
      </trkpt>
      <trkpt lat="33.57793" lon="-117.77529">
        <ele>270.69</ele>
        <time>2026-05-25T16:39:12Z</time>
      </trkpt>
      <trkpt lat="33.57796" lon="-117.77527">
        <ele>270.72</ele>
        <time>2026-05-25T16:39:15Z</time>
      </trkpt>
      <trkpt lat="33.57799" lon="-117.77526">
        <ele>270.72</ele>
        <time>2026-05-25T16:39:18Z</time>
      </trkpt>
      <trkpt lat="33.57802" lon="-117.77525">
        <ele>270.72</ele>
        <time>2026-05-25T16:39:21Z</time>
      </trkpt>
      <trkpt lat="33.57806" lon="-117.77524">
        <ele>270.82</ele>
        <time>2026-05-25T16:39:24Z</time>
      </trkpt>
      <trkpt lat="33.57809" lon="-117.77524">
        <ele>271.08</ele>
        <time>2026-05-25T16:39:27Z</time>
      </trkpt>
      <trkpt lat="33.57812" lon="-117.77523">
        <ele>271.17</ele>
        <time>2026-05-25T16:39:30Z</time>
      </trkpt>
      <trkpt lat="33.57815" lon="-117.77522">
        <ele>271.4</ele>
        <time>2026-05-25T16:39:33Z</time>
      </trkpt>
      <trkpt lat="33.57818" lon="-117.77521">
        <ele>271.61</ele>
        <time>2026-05-25T16:39:36Z</time>
      </trkpt>
      <trkpt lat="33.5782" lon="-117.7752">
        <ele>271.72</ele>
        <time>2026-05-25T16:39:39Z</time>
      </trkpt>
      <trkpt lat="33.57823" lon="-117.77519">
        <ele>271.94</ele>
        <time>2026-05-25T16:39:42Z</time>
      </trkpt>
      <trkpt lat="33.57826" lon="-117.77518">
        <ele>272.1</ele>
        <time>2026-05-25T16:39:45Z</time>
      </trkpt>
      <trkpt lat="33.57829" lon="-117.77516">
        <ele>271.99</ele>
        <time>2026-05-25T16:39:48Z</time>
      </trkpt>
      <trkpt lat="33.57832" lon="-117.77515">
        <ele>272.1</ele>
        <time>2026-05-25T16:39:51Z</time>
      </trkpt>
      <trkpt lat="33.57836" lon="-117.77514">
        <ele>272.16</ele>
        <time>2026-05-25T16:39:54Z</time>
      </trkpt>
      <trkpt lat="33.57839" lon="-117.77513">
        <ele>272.17</ele>
        <time>2026-05-25T16:39:57Z</time>
      </trkpt>
      <trkpt lat="33.57842" lon="-117.77512">
        <ele>272.25</ele>
        <time>2026-05-25T16:40:00Z</time>
      </trkpt>
      <trkpt lat="33.57845" lon="-117.77511">
        <ele>272.4</ele>
        <time>2026-05-25T16:40:03Z</time>
      </trkpt>
      <trkpt lat="33.57848" lon="-117.77509">
        <ele>272.53</ele>
        <time>2026-05-25T16:40:06Z</time>
      </trkpt>
      <trkpt lat="33.57851" lon="-117.77508">
        <ele>272.75</ele>
        <time>2026-05-25T16:40:09Z</time>
      </trkpt>
      <trkpt lat="33.57854" lon="-117.77506">
        <ele>273.04</ele>
        <time>2026-05-25T16:40:12Z</time>
      </trkpt>
      <trkpt lat="33.57856" lon="-117.77505">
        <ele>273.4</ele>
        <time>2026-05-25T16:40:15Z</time>
      </trkpt>
      <trkpt lat="33.57858" lon="-117.77502">
        <ele>273.92</ele>
        <time>2026-05-25T16:40:20Z</time>
      </trkpt>
      <trkpt lat="33.5786" lon="-117.77499">
        <ele>274.54</ele>
        <time>2026-05-25T16:40:22Z</time>
      </trkpt>
      <trkpt lat="33.57862" lon="-117.77496">
        <ele>274.65</ele>
        <time>2026-05-25T16:40:25Z</time>
      </trkpt>
      <trkpt lat="33.57864" lon="-117.77493">
        <ele>274.72</ele>
        <time>2026-05-25T16:40:28Z</time>
      </trkpt>
      <trkpt lat="33.57866" lon="-117.77492">
        <ele>275.05</ele>
        <time>2026-05-25T16:40:31Z</time>
      </trkpt>
      <trkpt lat="33.57869" lon="-117.7749">
        <ele>275.69</ele>
        <time>2026-05-25T16:40:34Z</time>
      </trkpt>
      <trkpt lat="33.57871" lon="-117.77489">
        <ele>276.01</ele>
        <time>2026-05-25T16:40:37Z</time>
      </trkpt>
      <trkpt lat="33.57874" lon="-117.77487">
        <ele>276.16</ele>
        <time>2026-05-25T16:40:40Z</time>
      </trkpt>
      <trkpt lat="33.57876" lon="-117.77485">
        <ele>276.38</ele>
        <time>2026-05-25T16:40:43Z</time>
      </trkpt>
      <trkpt lat="33.57879" lon="-117.77483">
        <ele>276.78</ele>
        <time>2026-05-25T16:40:46Z</time>
      </trkpt>
      <trkpt lat="33.57881" lon="-117.77481">
        <ele>277.02</ele>
        <time>2026-05-25T16:40:49Z</time>
      </trkpt>
      <trkpt lat="33.57884" lon="-117.77479">
        <ele>277.25</ele>
        <time>2026-05-25T16:40:52Z</time>
      </trkpt>
      <trkpt lat="33.57886" lon="-117.77477">
        <ele>277.67</ele>
        <time>2026-05-25T16:40:55Z</time>
      </trkpt>
      <trkpt lat="33.57889" lon="-117.77475">
        <ele>278.42</ele>
        <time>2026-05-25T16:40:58Z</time>
      </trkpt>
      <trkpt lat="33.57891" lon="-117.77473">
        <ele>279.08</ele>
        <time>2026-05-25T16:41:01Z</time>
      </trkpt>
      <trkpt lat="33.57894" lon="-117.77472">
        <ele>279.52</ele>
        <time>2026-05-25T16:41:04Z</time>
      </trkpt>
      <trkpt lat="33.57896" lon="-117.77469">
        <ele>279.34</ele>
        <time>2026-05-25T16:41:08Z</time>
      </trkpt>
      <trkpt lat="33.57899" lon="-117.77467">
        <ele>279.54</ele>
        <time>2026-05-25T16:41:12Z</time>
      </trkpt>
      <trkpt lat="33.57902" lon="-117.77465">
        <ele>279.87</ele>
        <time>2026-05-25T16:41:16Z</time>
      </trkpt>
      <trkpt lat="33.57905" lon="-117.77463">
        <ele>280.48</ele>
        <time>2026-05-25T16:41:19Z</time>
      </trkpt>
      <trkpt lat="33.57907" lon="-117.77462">
        <ele>281.01</ele>
        <time>2026-05-25T16:41:22Z</time>
      </trkpt>
      <trkpt lat="33.5791" lon="-117.7746">
        <ele>281.32</ele>
        <time>2026-05-25T16:41:25Z</time>
      </trkpt>
      <trkpt lat="33.57912" lon="-117.77458">
        <ele>281.54</ele>
        <time>2026-05-25T16:41:28Z</time>
      </trkpt>
      <trkpt lat="33.57915" lon="-117.77457">
        <ele>281.64</ele>
        <time>2026-05-25T16:41:31Z</time>
      </trkpt>
      <trkpt lat="33.57918" lon="-117.77455">
        <ele>281.84</ele>
        <time>2026-05-25T16:41:34Z</time>
      </trkpt>
      <trkpt lat="33.5792" lon="-117.77453">
        <ele>281.92</ele>
        <time>2026-05-25T16:41:37Z</time>
      </trkpt>
      <trkpt lat="33.57923" lon="-117.77452">
        <ele>281.82</ele>
        <time>2026-05-25T16:41:40Z</time>
      </trkpt>
      <trkpt lat="33.57927" lon="-117.77452">
        <ele>281.61</ele>
        <time>2026-05-25T16:41:43Z</time>
      </trkpt>
      <trkpt lat="33.5793" lon="-117.77451">
        <ele>280.96</ele>
        <time>2026-05-25T16:41:45Z</time>
      </trkpt>
      <trkpt lat="33.57933" lon="-117.77451">
        <ele>280.4</ele>
        <time>2026-05-25T16:41:47Z</time>
      </trkpt>
      <trkpt lat="33.57936" lon="-117.77451">
        <ele>280.03</ele>
        <time>2026-05-25T16:41:50Z</time>
      </trkpt>
      <trkpt lat="33.57934" lon="-117.77452">
        <ele>280.23</ele>
        <time>2026-05-25T16:42:16Z</time>
      </trkpt>
      <trkpt lat="33.57938" lon="-117.77452">
        <ele>280.06</ele>
        <time>2026-05-25T16:43:30Z</time>
      </trkpt>
      <trkpt lat="33.57942" lon="-117.77452">
        <ele>280.14</ele>
        <time>2026-05-25T16:43:35Z</time>
      </trkpt>
      <trkpt lat="33.57947" lon="-117.77452">
        <ele>280.41</ele>
        <time>2026-05-25T16:43:36Z</time>
      </trkpt>
      <trkpt lat="33.57952" lon="-117.77451">
        <ele>280.87</ele>
        <time>2026-05-25T16:43:37Z</time>
      </trkpt>
      <trkpt lat="33.57956" lon="-117.77451">
        <ele>281.14</ele>
        <time>2026-05-25T16:43:38Z</time>
      </trkpt>
      <trkpt lat="33.5796" lon="-117.77451">
        <ele>281.4</ele>
        <time>2026-05-25T16:43:40Z</time>
      </trkpt>
      <trkpt lat="33.57964" lon="-117.77451">
        <ele>281.66</ele>
        <time>2026-05-25T16:43:42Z</time>
      </trkpt>
      <trkpt lat="33.57968" lon="-117.7745">
        <ele>282.13</ele>
        <time>2026-05-25T16:43:45Z</time>
      </trkpt>
      <trkpt lat="33.57971" lon="-117.7745">
        <ele>282.32</ele>
        <time>2026-05-25T16:43:48Z</time>
      </trkpt>
      <trkpt lat="33.57974" lon="-117.77449">
        <ele>282.7</ele>
        <time>2026-05-25T16:43:51Z</time>
      </trkpt>
      <trkpt lat="33.57976" lon="-117.77449">
        <ele>282.92</ele>
        <time>2026-05-25T16:43:54Z</time>
      </trkpt>
      <trkpt lat="33.5798" lon="-117.77448">
        <ele>283.46</ele>
        <time>2026-05-25T16:43:57Z</time>
      </trkpt>
      <trkpt lat="33.57983" lon="-117.77448">
        <ele>283.62</ele>
        <time>2026-05-25T16:44:00Z</time>
      </trkpt>
      <trkpt lat="33.57986" lon="-117.77447">
        <ele>283.72</ele>
        <time>2026-05-25T16:44:03Z</time>
      </trkpt>
      <trkpt lat="33.57988" lon="-117.77447">
        <ele>283.72</ele>
        <time>2026-05-25T16:44:06Z</time>
      </trkpt>
      <trkpt lat="33.57991" lon="-117.77446">
        <ele>283.84</ele>
        <time>2026-05-25T16:44:09Z</time>
      </trkpt>
      <trkpt lat="33.57994" lon="-117.77446">
        <ele>283.89</ele>
        <time>2026-05-25T16:44:12Z</time>
      </trkpt>
      <trkpt lat="33.57996" lon="-117.77445">
        <ele>283.97</ele>
        <time>2026-05-25T16:44:15Z</time>
      </trkpt>
      <trkpt lat="33.57999" lon="-117.77445">
        <ele>283.99</ele>
        <time>2026-05-25T16:44:18Z</time>
      </trkpt>
      <trkpt lat="33.58002" lon="-117.77445">
        <ele>284.22</ele>
        <time>2026-05-25T16:44:21Z</time>
      </trkpt>
      <trkpt lat="33.58005" lon="-117.77445">
        <ele>284.54</ele>
        <time>2026-05-25T16:44:24Z</time>
      </trkpt>
      <trkpt lat="33.58008" lon="-117.77444">
        <ele>284.82</ele>
        <time>2026-05-25T16:44:27Z</time>
      </trkpt>
      <trkpt lat="33.58011" lon="-117.77445">
        <ele>285.18</ele>
        <time>2026-05-25T16:44:30Z</time>
      </trkpt>
      <trkpt lat="33.58014" lon="-117.77446">
        <ele>285.43</ele>
        <time>2026-05-25T16:44:33Z</time>
      </trkpt>
      <trkpt lat="33.58017" lon="-117.77447">
        <ele>285.61</ele>
        <time>2026-05-25T16:44:36Z</time>
      </trkpt>
      <trkpt lat="33.5802" lon="-117.77448">
        <ele>285.62</ele>
        <time>2026-05-25T16:44:39Z</time>
      </trkpt>
      <trkpt lat="33.58023" lon="-117.7745">
        <ele>285.4</ele>
        <time>2026-05-25T16:44:42Z</time>
      </trkpt>
      <trkpt lat="33.58027" lon="-117.77451">
        <ele>285.29</ele>
        <time>2026-05-25T16:44:45Z</time>
      </trkpt>
      <trkpt lat="33.5803" lon="-117.77451">
        <ele>285.46</ele>
        <time>2026-05-25T16:44:48Z</time>
      </trkpt>
      <trkpt lat="33.58033" lon="-117.77452">
        <ele>285.64</ele>
        <time>2026-05-25T16:44:51Z</time>
      </trkpt>
      <trkpt lat="33.58036" lon="-117.77453">
        <ele>285.9</ele>
        <time>2026-05-25T16:44:54Z</time>
      </trkpt>
      <trkpt lat="33.58039" lon="-117.77454">
        <ele>286.24</ele>
        <time>2026-05-25T16:44:57Z</time>
      </trkpt>
      <trkpt lat="33.58043" lon="-117.77455">
        <ele>286.69</ele>
        <time>2026-05-25T16:45:00Z</time>
      </trkpt>
      <trkpt lat="33.58046" lon="-117.77455">
        <ele>286.97</ele>
        <time>2026-05-25T16:45:03Z</time>
      </trkpt>
      <trkpt lat="33.58049" lon="-117.77456">
        <ele>286.78</ele>
        <time>2026-05-25T16:45:06Z</time>
      </trkpt>
      <trkpt lat="33.58052" lon="-117.77457">
        <ele>286.6</ele>
        <time>2026-05-25T16:45:09Z</time>
      </trkpt>
      <trkpt lat="33.58055" lon="-117.77458">
        <ele>286.5</ele>
        <time>2026-05-25T16:45:12Z</time>
      </trkpt>
      <trkpt lat="33.58059" lon="-117.77459">
        <ele>286.78</ele>
        <time>2026-05-25T16:45:15Z</time>
      </trkpt>
      <trkpt lat="33.58062" lon="-117.7746">
        <ele>287.15</ele>
        <time>2026-05-25T16:45:18Z</time>
      </trkpt>
      <trkpt lat="33.58065" lon="-117.77461">
        <ele>287.57</ele>
        <time>2026-05-25T16:45:21Z</time>
      </trkpt>
      <trkpt lat="33.58068" lon="-117.77463">
        <ele>288.0</ele>
        <time>2026-05-25T16:45:24Z</time>
      </trkpt>
      <trkpt lat="33.58072" lon="-117.77464">
        <ele>288.03</ele>
        <time>2026-05-25T16:45:27Z</time>
      </trkpt>
      <trkpt lat="33.58075" lon="-117.77464">
        <ele>287.91</ele>
        <time>2026-05-25T16:45:30Z</time>
      </trkpt>
      <trkpt lat="33.58078" lon="-117.77465">
        <ele>287.67</ele>
        <time>2026-05-25T16:45:33Z</time>
      </trkpt>
      <trkpt lat="33.58082" lon="-117.77466">
        <ele>287.42</ele>
        <time>2026-05-25T16:45:36Z</time>
      </trkpt>
      <trkpt lat="33.58085" lon="-117.77467">
        <ele>287.44</ele>
        <time>2026-05-25T16:45:39Z</time>
      </trkpt>
      <trkpt lat="33.58088" lon="-117.77468">
        <ele>287.54</ele>
        <time>2026-05-25T16:45:42Z</time>
      </trkpt>
      <trkpt lat="33.58092" lon="-117.77467">
        <ele>287.44</ele>
        <time>2026-05-25T16:45:45Z</time>
      </trkpt>
      <trkpt lat="33.58095" lon="-117.77467">
        <ele>287.7</ele>
        <time>2026-05-25T16:45:48Z</time>
      </trkpt>
      <trkpt lat="33.58098" lon="-117.77467">
        <ele>288.02</ele>
        <time>2026-05-25T16:45:51Z</time>
      </trkpt>
      <trkpt lat="33.58102" lon="-117.77466">
        <ele>288.34</ele>
        <time>2026-05-25T16:45:54Z</time>
      </trkpt>
      <trkpt lat="33.58105" lon="-117.77466">
        <ele>288.67</ele>
        <time>2026-05-25T16:45:57Z</time>
      </trkpt>
      <trkpt lat="33.58108" lon="-117.77466">
        <ele>288.99</ele>
        <time>2026-05-25T16:46:00Z</time>
      </trkpt>
      <trkpt lat="33.58112" lon="-117.77465">
        <ele>289.22</ele>
        <time>2026-05-25T16:46:03Z</time>
      </trkpt>
      <trkpt lat="33.58115" lon="-117.77465">
        <ele>289.22</ele>
        <time>2026-05-25T16:46:06Z</time>
      </trkpt>
      <trkpt lat="33.58118" lon="-117.77464">
        <ele>289.11</ele>
        <time>2026-05-25T16:46:09Z</time>
      </trkpt>
      <trkpt lat="33.58122" lon="-117.77465">
        <ele>289.04</ele>
        <time>2026-05-25T16:46:12Z</time>
      </trkpt>
      <trkpt lat="33.58125" lon="-117.77466">
        <ele>288.83</ele>
        <time>2026-05-25T16:46:14Z</time>
      </trkpt>
      <trkpt lat="33.58127" lon="-117.77467">
        <ele>288.72</ele>
        <time>2026-05-25T16:46:16Z</time>
      </trkpt>
      <trkpt lat="33.58131" lon="-117.77469">
        <ele>288.45</ele>
        <time>2026-05-25T16:46:19Z</time>
      </trkpt>
      <trkpt lat="33.58134" lon="-117.77471">
        <ele>288.62</ele>
        <time>2026-05-25T16:46:22Z</time>
      </trkpt>
      <trkpt lat="33.58136" lon="-117.77474">
        <ele>289.18</ele>
        <time>2026-05-25T16:46:25Z</time>
      </trkpt>
      <trkpt lat="33.58139" lon="-117.77476">
        <ele>288.95</ele>
        <time>2026-05-25T16:46:28Z</time>
      </trkpt>
      <trkpt lat="33.5814" lon="-117.7748">
        <ele>288.7</ele>
        <time>2026-05-25T16:46:32Z</time>
      </trkpt>
      <trkpt lat="33.58142" lon="-117.77483">
        <ele>288.55</ele>
        <time>2026-05-25T16:46:35Z</time>
      </trkpt>
      <trkpt lat="33.58143" lon="-117.77486">
        <ele>288.65</ele>
        <time>2026-05-25T16:46:38Z</time>
      </trkpt>
      <trkpt lat="33.58146" lon="-117.7749">
        <ele>287.89</ele>
        <time>2026-05-25T16:46:41Z</time>
      </trkpt>
      <trkpt lat="33.58148" lon="-117.77493">
        <ele>287.29</ele>
        <time>2026-05-25T16:46:44Z</time>
      </trkpt>
      <trkpt lat="33.5815" lon="-117.77496">
        <ele>287.28</ele>
        <time>2026-05-25T16:46:46Z</time>
      </trkpt>
      <trkpt lat="33.58153" lon="-117.77499">
        <ele>287.31</ele>
        <time>2026-05-25T16:46:49Z</time>
      </trkpt>
      <trkpt lat="33.58155" lon="-117.77502">
        <ele>287.36</ele>
        <time>2026-05-25T16:46:52Z</time>
      </trkpt>
      <trkpt lat="33.58158" lon="-117.77505">
        <ele>287.41</ele>
        <time>2026-05-25T16:46:55Z</time>
      </trkpt>
      <trkpt lat="33.5816" lon="-117.77508">
        <ele>287.3</ele>
        <time>2026-05-25T16:46:58Z</time>
      </trkpt>
      <trkpt lat="33.58163" lon="-117.7751">
        <ele>286.73</ele>
        <time>2026-05-25T16:47:01Z</time>
      </trkpt>
      <trkpt lat="33.58166" lon="-117.77513">
        <ele>286.09</ele>
        <time>2026-05-25T16:47:04Z</time>
      </trkpt>
      <trkpt lat="33.58168" lon="-117.77515">
        <ele>285.8</ele>
        <time>2026-05-25T16:47:07Z</time>
      </trkpt>
      <trkpt lat="33.58171" lon="-117.77517">
        <ele>285.46</ele>
        <time>2026-05-25T16:47:09Z</time>
      </trkpt>
      <trkpt lat="33.58174" lon="-117.77518">
        <ele>285.16</ele>
        <time>2026-05-25T16:47:11Z</time>
      </trkpt>
      <trkpt lat="33.58177" lon="-117.7752">
        <ele>284.9</ele>
        <time>2026-05-25T16:47:14Z</time>
      </trkpt>
      <trkpt lat="33.5818" lon="-117.77522">
        <ele>284.73</ele>
        <time>2026-05-25T16:47:17Z</time>
      </trkpt>
      <trkpt lat="33.58183" lon="-117.77523">
        <ele>284.61</ele>
        <time>2026-05-25T16:47:20Z</time>
      </trkpt>
      <trkpt lat="33.58187" lon="-117.77523">
        <ele>284.29</ele>
        <time>2026-05-25T16:47:23Z</time>
      </trkpt>
      <trkpt lat="33.5819" lon="-117.77524">
        <ele>284.07</ele>
        <time>2026-05-25T16:47:26Z</time>
      </trkpt>
      <trkpt lat="33.58194" lon="-117.77524">
        <ele>283.64</ele>
        <time>2026-05-25T16:47:29Z</time>
      </trkpt>
      <trkpt lat="33.58197" lon="-117.77525">
        <ele>283.81</ele>
        <time>2026-05-25T16:47:32Z</time>
      </trkpt>
      <trkpt lat="33.58201" lon="-117.77526">
        <ele>284.24</ele>
        <time>2026-05-25T16:47:35Z</time>
      </trkpt>
      <trkpt lat="33.58204" lon="-117.77527">
        <ele>284.71</ele>
        <time>2026-05-25T16:47:38Z</time>
      </trkpt>
      <trkpt lat="33.58208" lon="-117.77528">
        <ele>284.56</ele>
        <time>2026-05-25T16:47:41Z</time>
      </trkpt>
      <trkpt lat="33.58211" lon="-117.77529">
        <ele>284.34</ele>
        <time>2026-05-25T16:47:44Z</time>
      </trkpt>
      <trkpt lat="33.58214" lon="-117.77531">
        <ele>284.16</ele>
        <time>2026-05-25T16:47:47Z</time>
      </trkpt>
      <trkpt lat="33.58217" lon="-117.77532">
        <ele>283.78</ele>
        <time>2026-05-25T16:47:50Z</time>
      </trkpt>
      <trkpt lat="33.5822" lon="-117.77533">
        <ele>283.47</ele>
        <time>2026-05-25T16:47:53Z</time>
      </trkpt>
      <trkpt lat="33.58223" lon="-117.77534">
        <ele>283.26</ele>
        <time>2026-05-25T16:47:56Z</time>
      </trkpt>
      <trkpt lat="33.58226" lon="-117.77535">
        <ele>283.15</ele>
        <time>2026-05-25T16:47:59Z</time>
      </trkpt>
      <trkpt lat="33.5823" lon="-117.77536">
        <ele>282.94</ele>
        <time>2026-05-25T16:48:02Z</time>
      </trkpt>
      <trkpt lat="33.58233" lon="-117.77537">
        <ele>282.83</ele>
        <time>2026-05-25T16:48:05Z</time>
      </trkpt>
      <trkpt lat="33.58236" lon="-117.77538">
        <ele>282.62</ele>
        <time>2026-05-25T16:48:08Z</time>
      </trkpt>
      <trkpt lat="33.58239" lon="-117.77539">
        <ele>282.4</ele>
        <time>2026-05-25T16:48:11Z</time>
      </trkpt>
      <trkpt lat="33.58242" lon="-117.77539">
        <ele>282.21</ele>
        <time>2026-05-25T16:48:14Z</time>
      </trkpt>
      <trkpt lat="33.58245" lon="-117.7754">
        <ele>282.32</ele>
        <time>2026-05-25T16:48:17Z</time>
      </trkpt>
      <trkpt lat="33.58249" lon="-117.77539">
        <ele>282.21</ele>
        <time>2026-05-25T16:48:20Z</time>
      </trkpt>
      <trkpt lat="33.58252" lon="-117.77537">
        <ele>281.77</ele>
        <time>2026-05-25T16:48:23Z</time>
      </trkpt>
      <trkpt lat="33.58255" lon="-117.77537">
        <ele>281.45</ele>
        <time>2026-05-25T16:48:26Z</time>
      </trkpt>
      <trkpt lat="33.58259" lon="-117.77536">
        <ele>280.8</ele>
        <time>2026-05-25T16:48:29Z</time>
      </trkpt>
      <trkpt lat="33.58262" lon="-117.77535">
        <ele>280.49</ele>
        <time>2026-05-25T16:48:32Z</time>
      </trkpt>
      <trkpt lat="33.58265" lon="-117.77535">
        <ele>280.42</ele>
        <time>2026-05-25T16:48:35Z</time>
      </trkpt>
      <trkpt lat="33.58269" lon="-117.77535">
        <ele>280.3</ele>
        <time>2026-05-25T16:48:38Z</time>
      </trkpt>
      <trkpt lat="33.58272" lon="-117.77534">
        <ele>279.76</ele>
        <time>2026-05-25T16:48:41Z</time>
      </trkpt>
      <trkpt lat="33.58275" lon="-117.77533">
        <ele>279.3</ele>
        <time>2026-05-25T16:48:44Z</time>
      </trkpt>
      <trkpt lat="33.58278" lon="-117.77532">
        <ele>278.94</ele>
        <time>2026-05-25T16:48:47Z</time>
      </trkpt>
      <trkpt lat="33.58282" lon="-117.77531">
        <ele>279.15</ele>
        <time>2026-05-25T16:48:50Z</time>
      </trkpt>
      <trkpt lat="33.58285" lon="-117.7753">
        <ele>279.26</ele>
        <time>2026-05-25T16:48:53Z</time>
      </trkpt>
      <trkpt lat="33.58288" lon="-117.77529">
        <ele>279.26</ele>
        <time>2026-05-25T16:48:56Z</time>
      </trkpt>
      <trkpt lat="33.58291" lon="-117.77527">
        <ele>278.7</ele>
        <time>2026-05-25T16:48:59Z</time>
      </trkpt>
      <trkpt lat="33.58295" lon="-117.77526">
        <ele>278.4</ele>
        <time>2026-05-25T16:49:02Z</time>
      </trkpt>
      <trkpt lat="33.58298" lon="-117.77524">
        <ele>277.74</ele>
        <time>2026-05-25T16:49:05Z</time>
      </trkpt>
      <trkpt lat="33.58301" lon="-117.77523">
        <ele>277.47</ele>
        <time>2026-05-25T16:49:08Z</time>
      </trkpt>
      <trkpt lat="33.58305" lon="-117.77522">
        <ele>277.36</ele>
        <time>2026-05-25T16:49:11Z</time>
      </trkpt>
      <trkpt lat="33.58308" lon="-117.77521">
        <ele>277.34</ele>
        <time>2026-05-25T16:49:14Z</time>
      </trkpt>
      <trkpt lat="33.58312" lon="-117.7752">
        <ele>277.27</ele>
        <time>2026-05-25T16:49:17Z</time>
      </trkpt>
      <trkpt lat="33.58315" lon="-117.77519">
        <ele>277.1</ele>
        <time>2026-05-25T16:49:20Z</time>
      </trkpt>
      <trkpt lat="33.58318" lon="-117.77518">
        <ele>276.85</ele>
        <time>2026-05-25T16:49:23Z</time>
      </trkpt>
      <trkpt lat="33.58321" lon="-117.77517">
        <ele>276.62</ele>
        <time>2026-05-25T16:49:25Z</time>
      </trkpt>
      <trkpt lat="33.58324" lon="-117.77516">
        <ele>276.45</ele>
        <time>2026-05-25T16:49:27Z</time>
      </trkpt>
      <trkpt lat="33.58327" lon="-117.77515">
        <ele>276.36</ele>
        <time>2026-05-25T16:49:29Z</time>
      </trkpt>
      <trkpt lat="33.5833" lon="-117.77515">
        <ele>276.48</ele>
        <time>2026-05-25T16:49:31Z</time>
      </trkpt>
      <trkpt lat="33.58334" lon="-117.77514">
        <ele>276.51</ele>
        <time>2026-05-25T16:49:34Z</time>
      </trkpt>
      <trkpt lat="33.58337" lon="-117.77512">
        <ele>276.3</ele>
        <time>2026-05-25T16:49:37Z</time>
      </trkpt>
      <trkpt lat="33.5834" lon="-117.77511">
        <ele>276.19</ele>
        <time>2026-05-25T16:49:40Z</time>
      </trkpt>
      <trkpt lat="33.58344" lon="-117.7751">
        <ele>276.08</ele>
        <time>2026-05-25T16:49:43Z</time>
      </trkpt>
      <trkpt lat="33.58347" lon="-117.77509">
        <ele>275.97</ele>
        <time>2026-05-25T16:49:46Z</time>
      </trkpt>
      <trkpt lat="33.5835" lon="-117.77507">
        <ele>275.9</ele>
        <time>2026-05-25T16:49:49Z</time>
      </trkpt>
      <trkpt lat="33.58354" lon="-117.77505">
        <ele>276.13</ele>
        <time>2026-05-25T16:49:52Z</time>
      </trkpt>
      <trkpt lat="33.58356" lon="-117.77503">
        <ele>276.15</ele>
        <time>2026-05-25T16:49:54Z</time>
      </trkpt>
      <trkpt lat="33.58359" lon="-117.77501">
        <ele>276.08</ele>
        <time>2026-05-25T16:49:57Z</time>
      </trkpt>
      <trkpt lat="33.58363" lon="-117.775">
        <ele>276.2</ele>
        <time>2026-05-25T16:50:00Z</time>
      </trkpt>
      <trkpt lat="33.58366" lon="-117.77498">
        <ele>276.31</ele>
        <time>2026-05-25T16:50:03Z</time>
      </trkpt>
      <trkpt lat="33.58369" lon="-117.77495">
        <ele>276.31</ele>
        <time>2026-05-25T16:50:06Z</time>
      </trkpt>
      <trkpt lat="33.58372" lon="-117.77493">
        <ele>276.29</ele>
        <time>2026-05-25T16:50:09Z</time>
      </trkpt>
      <trkpt lat="33.58375" lon="-117.7749">
        <ele>275.88</ele>
        <time>2026-05-25T16:50:12Z</time>
      </trkpt>
      <trkpt lat="33.58378" lon="-117.77488">
        <ele>275.65</ele>
        <time>2026-05-25T16:50:15Z</time>
      </trkpt>
      <trkpt lat="33.58381" lon="-117.77486">
        <ele>275.71</ele>
        <time>2026-05-25T16:50:18Z</time>
      </trkpt>
      <trkpt lat="33.58385" lon="-117.77485">
        <ele>276.32</ele>
        <time>2026-05-25T16:50:21Z</time>
      </trkpt>
      <trkpt lat="33.58388" lon="-117.77483">
        <ele>276.82</ele>
        <time>2026-05-25T16:50:24Z</time>
      </trkpt>
      <trkpt lat="33.58391" lon="-117.77481">
        <ele>276.91</ele>
        <time>2026-05-25T16:50:27Z</time>
      </trkpt>
      <trkpt lat="33.58393" lon="-117.77479">
        <ele>276.58</ele>
        <time>2026-05-25T16:50:30Z</time>
      </trkpt>
      <trkpt lat="33.58396" lon="-117.77475">
        <ele>276.14</ele>
        <time>2026-05-25T16:50:34Z</time>
      </trkpt>
      <trkpt lat="33.58398" lon="-117.77473">
        <ele>276.07</ele>
        <time>2026-05-25T16:50:37Z</time>
      </trkpt>
      <trkpt lat="33.58401" lon="-117.77471">
        <ele>276.31</ele>
        <time>2026-05-25T16:50:40Z</time>
      </trkpt>
      <trkpt lat="33.58403" lon="-117.77469">
        <ele>276.52</ele>
        <time>2026-05-25T16:50:43Z</time>
      </trkpt>
      <trkpt lat="33.58406" lon="-117.77467">
        <ele>276.85</ele>
        <time>2026-05-25T16:50:46Z</time>
      </trkpt>
      <trkpt lat="33.58409" lon="-117.77465">
        <ele>277.17</ele>
        <time>2026-05-25T16:50:49Z</time>
      </trkpt>
      <trkpt lat="33.58413" lon="-117.77463">
        <ele>277.6</ele>
        <time>2026-05-25T16:50:52Z</time>
      </trkpt>
      <trkpt lat="33.58416" lon="-117.77461">
        <ele>277.72</ele>
        <time>2026-05-25T16:50:55Z</time>
      </trkpt>
      <trkpt lat="33.58419" lon="-117.77461">
        <ele>277.84</ele>
        <time>2026-05-25T16:50:57Z</time>
      </trkpt>
      <trkpt lat="33.58422" lon="-117.7746">
        <ele>277.86</ele>
        <time>2026-05-25T16:50:59Z</time>
      </trkpt>
      <trkpt lat="33.58425" lon="-117.77459">
        <ele>277.96</ele>
        <time>2026-05-25T16:51:02Z</time>
      </trkpt>
      <trkpt lat="33.58428" lon="-117.77458">
        <ele>278.12</ele>
        <time>2026-05-25T16:51:05Z</time>
      </trkpt>
      <trkpt lat="33.58431" lon="-117.77456">
        <ele>278.41</ele>
        <time>2026-05-25T16:51:08Z</time>
      </trkpt>
      <trkpt lat="33.58434" lon="-117.77455">
        <ele>278.75</ele>
        <time>2026-05-25T16:51:11Z</time>
      </trkpt>
      <trkpt lat="33.58437" lon="-117.77453">
        <ele>279.01</ele>
        <time>2026-05-25T16:51:14Z</time>
      </trkpt>
      <trkpt lat="33.58441" lon="-117.77451">
        <ele>279.18</ele>
        <time>2026-05-25T16:51:17Z</time>
      </trkpt>
      <trkpt lat="33.58444" lon="-117.7745">
        <ele>279.38</ele>
        <time>2026-05-25T16:51:20Z</time>
      </trkpt>
      <trkpt lat="33.58447" lon="-117.77449">
        <ele>279.51</ele>
        <time>2026-05-25T16:51:23Z</time>
      </trkpt>
      <trkpt lat="33.5845" lon="-117.77447">
        <ele>279.72</ele>
        <time>2026-05-25T16:51:26Z</time>
      </trkpt>
      <trkpt lat="33.58453" lon="-117.77446">
        <ele>279.83</ele>
        <time>2026-05-25T16:51:29Z</time>
      </trkpt>
      <trkpt lat="33.58457" lon="-117.77445">
        <ele>279.96</ele>
        <time>2026-05-25T16:51:32Z</time>
      </trkpt>
      <trkpt lat="33.5846" lon="-117.77444">
        <ele>280.03</ele>
        <time>2026-05-25T16:51:35Z</time>
      </trkpt>
      <trkpt lat="33.58463" lon="-117.77442">
        <ele>280.27</ele>
        <time>2026-05-25T16:51:38Z</time>
      </trkpt>
      <trkpt lat="33.58466" lon="-117.77441">
        <ele>280.49</ele>
        <time>2026-05-25T16:51:41Z</time>
      </trkpt>
      <trkpt lat="33.58469" lon="-117.7744">
        <ele>280.79</ele>
        <time>2026-05-25T16:51:44Z</time>
      </trkpt>
      <trkpt lat="33.58472" lon="-117.77439">
        <ele>281.16</ele>
        <time>2026-05-25T16:51:47Z</time>
      </trkpt>
      <trkpt lat="33.58474" lon="-117.77437">
        <ele>281.65</ele>
        <time>2026-05-25T16:51:50Z</time>
      </trkpt>
      <trkpt lat="33.58477" lon="-117.77436">
        <ele>281.87</ele>
        <time>2026-05-25T16:51:53Z</time>
      </trkpt>
      <trkpt lat="33.5848" lon="-117.77435">
        <ele>282.0</ele>
        <time>2026-05-25T16:51:57Z</time>
      </trkpt>
      <trkpt lat="33.58482" lon="-117.77432">
        <ele>282.0</ele>
        <time>2026-05-25T16:52:04Z</time>
      </trkpt>
      <trkpt lat="33.58485" lon="-117.77431">
        <ele>282.0</ele>
        <time>2026-05-25T16:52:07Z</time>
      </trkpt>
      <trkpt lat="33.58488" lon="-117.7743">
        <ele>282.0</ele>
        <time>2026-05-25T16:52:10Z</time>
      </trkpt>
      <trkpt lat="33.58492" lon="-117.77431">
        <ele>282.06</ele>
        <time>2026-05-25T16:52:13Z</time>
      </trkpt>
      <trkpt lat="33.58495" lon="-117.77431">
        <ele>282.21</ele>
        <time>2026-05-25T16:52:16Z</time>
      </trkpt>
      <trkpt lat="33.58498" lon="-117.7743">
        <ele>282.44</ele>
        <time>2026-05-25T16:52:19Z</time>
      </trkpt>
      <trkpt lat="33.58501" lon="-117.77429">
        <ele>282.78</ele>
        <time>2026-05-25T16:52:22Z</time>
      </trkpt>
      <trkpt lat="33.58504" lon="-117.77428">
        <ele>283.21</ele>
        <time>2026-05-25T16:52:25Z</time>
      </trkpt>
      <trkpt lat="33.58507" lon="-117.77428">
        <ele>283.53</ele>
        <time>2026-05-25T16:52:28Z</time>
      </trkpt>
      <trkpt lat="33.58511" lon="-117.77427">
        <ele>283.88</ele>
        <time>2026-05-25T16:52:31Z</time>
      </trkpt>
      <trkpt lat="33.58514" lon="-117.77427">
        <ele>283.88</ele>
        <time>2026-05-25T16:52:34Z</time>
      </trkpt>
      <trkpt lat="33.58518" lon="-117.77427">
        <ele>283.88</ele>
        <time>2026-05-25T16:52:37Z</time>
      </trkpt>
      <trkpt lat="33.58521" lon="-117.77426">
        <ele>284.26</ele>
        <time>2026-05-25T16:52:40Z</time>
      </trkpt>
      <trkpt lat="33.58524" lon="-117.77426">
        <ele>284.58</ele>
        <time>2026-05-25T16:52:43Z</time>
      </trkpt>
      <trkpt lat="33.58527" lon="-117.77426">
        <ele>284.91</ele>
        <time>2026-05-25T16:52:46Z</time>
      </trkpt>
      <trkpt lat="33.5853" lon="-117.77426">
        <ele>284.99</ele>
        <time>2026-05-25T16:52:49Z</time>
      </trkpt>
      <trkpt lat="33.58534" lon="-117.77427">
        <ele>284.81</ele>
        <time>2026-05-25T16:52:52Z</time>
      </trkpt>
      <trkpt lat="33.58537" lon="-117.77427">
        <ele>284.77</ele>
        <time>2026-05-25T16:52:54Z</time>
      </trkpt>
      <trkpt lat="33.5854" lon="-117.77428">
        <ele>284.55</ele>
        <time>2026-05-25T16:52:56Z</time>
      </trkpt>
      <trkpt lat="33.58543" lon="-117.77428">
        <ele>284.55</ele>
        <time>2026-05-25T16:52:58Z</time>
      </trkpt>
      <trkpt lat="33.58547" lon="-117.77428">
        <ele>284.55</ele>
        <time>2026-05-25T16:53:01Z</time>
      </trkpt>
      <trkpt lat="33.5855" lon="-117.77428">
        <ele>284.55</ele>
        <time>2026-05-25T16:53:03Z</time>
      </trkpt>
      <trkpt lat="33.58553" lon="-117.77428">
        <ele>284.55</ele>
        <time>2026-05-25T16:53:06Z</time>
      </trkpt>
      <trkpt lat="33.58557" lon="-117.77428">
        <ele>284.4</ele>
        <time>2026-05-25T16:53:09Z</time>
      </trkpt>
      <trkpt lat="33.5856" lon="-117.77428">
        <ele>284.07</ele>
        <time>2026-05-25T16:53:12Z</time>
      </trkpt>
      <trkpt lat="33.58563" lon="-117.77427">
        <ele>283.96</ele>
        <time>2026-05-25T16:53:15Z</time>
      </trkpt>
      <trkpt lat="33.58567" lon="-117.77427">
        <ele>283.56</ele>
        <time>2026-05-25T16:53:18Z</time>
      </trkpt>
      <trkpt lat="33.5857" lon="-117.77427">
        <ele>283.27</ele>
        <time>2026-05-25T16:53:21Z</time>
      </trkpt>
      <trkpt lat="33.58573" lon="-117.77427">
        <ele>282.99</ele>
        <time>2026-05-25T16:53:24Z</time>
      </trkpt>
      <trkpt lat="33.58576" lon="-117.77427">
        <ele>282.86</ele>
        <time>2026-05-25T16:53:27Z</time>
      </trkpt>
      <trkpt lat="33.58579" lon="-117.77427">
        <ele>282.82</ele>
        <time>2026-05-25T16:53:30Z</time>
      </trkpt>
      <trkpt lat="33.58583" lon="-117.77427">
        <ele>282.77</ele>
        <time>2026-05-25T16:53:33Z</time>
      </trkpt>
      <trkpt lat="33.58586" lon="-117.77428">
        <ele>282.33</ele>
        <time>2026-05-25T16:53:36Z</time>
      </trkpt>
      <trkpt lat="33.58589" lon="-117.77428">
        <ele>282.08</ele>
        <time>2026-05-25T16:53:39Z</time>
      </trkpt>
      <trkpt lat="33.58592" lon="-117.77428">
        <ele>281.83</ele>
        <time>2026-05-25T16:53:42Z</time>
      </trkpt>
      <trkpt lat="33.58596" lon="-117.77428">
        <ele>281.49</ele>
        <time>2026-05-25T16:53:45Z</time>
      </trkpt>
      <trkpt lat="33.58599" lon="-117.77429">
        <ele>281.21</ele>
        <time>2026-05-25T16:53:48Z</time>
      </trkpt>
      <trkpt lat="33.58602" lon="-117.77429">
        <ele>280.99</ele>
        <time>2026-05-25T16:53:51Z</time>
      </trkpt>
      <trkpt lat="33.58606" lon="-117.7743">
        <ele>280.75</ele>
        <time>2026-05-25T16:53:54Z</time>
      </trkpt>
      <trkpt lat="33.58609" lon="-117.77432">
        <ele>280.73</ele>
        <time>2026-05-25T16:53:57Z</time>
      </trkpt>
      <trkpt lat="33.58612" lon="-117.77434">
        <ele>280.86</ele>
        <time>2026-05-25T16:54:00Z</time>
      </trkpt>
      <trkpt lat="33.58616" lon="-117.77436">
        <ele>280.96</ele>
        <time>2026-05-25T16:54:03Z</time>
      </trkpt>
      <trkpt lat="33.58619" lon="-117.77438">
        <ele>280.96</ele>
        <time>2026-05-25T16:54:06Z</time>
      </trkpt>
      <trkpt lat="33.58622" lon="-117.7744">
        <ele>281.09</ele>
        <time>2026-05-25T16:54:09Z</time>
      </trkpt>
      <trkpt lat="33.58626" lon="-117.77441">
        <ele>281.38</ele>
        <time>2026-05-25T16:54:12Z</time>
      </trkpt>
      <trkpt lat="33.58629" lon="-117.77443">
        <ele>281.79</ele>
        <time>2026-05-25T16:54:15Z</time>
      </trkpt>
      <trkpt lat="33.58632" lon="-117.77445">
        <ele>281.96</ele>
        <time>2026-05-25T16:54:18Z</time>
      </trkpt>
      <trkpt lat="33.58633" lon="-117.77448">
        <ele>281.76</ele>
        <time>2026-05-25T16:54:23Z</time>
      </trkpt>
      <trkpt lat="33.58636" lon="-117.7745">
        <ele>281.81</ele>
        <time>2026-05-25T16:54:27Z</time>
      </trkpt>
      <trkpt lat="33.58639" lon="-117.77451">
        <ele>282.0</ele>
        <time>2026-05-25T16:54:30Z</time>
      </trkpt>
      <trkpt lat="33.58642" lon="-117.77453">
        <ele>282.0</ele>
        <time>2026-05-25T16:54:33Z</time>
      </trkpt>
      <trkpt lat="33.58645" lon="-117.77454">
        <ele>281.97</ele>
        <time>2026-05-25T16:54:36Z</time>
      </trkpt>
      <trkpt lat="33.58648" lon="-117.77456">
        <ele>281.75</ele>
        <time>2026-05-25T16:54:39Z</time>
      </trkpt>
      <trkpt lat="33.58652" lon="-117.77457">
        <ele>281.23</ele>
        <time>2026-05-25T16:54:42Z</time>
      </trkpt>
      <trkpt lat="33.58655" lon="-117.77459">
        <ele>280.69</ele>
        <time>2026-05-25T16:54:45Z</time>
      </trkpt>
      <trkpt lat="33.58659" lon="-117.7746">
        <ele>280.15</ele>
        <time>2026-05-25T16:54:48Z</time>
      </trkpt>
      <trkpt lat="33.58662" lon="-117.7746">
        <ele>279.82</ele>
        <time>2026-05-25T16:54:51Z</time>
      </trkpt>
      <trkpt lat="33.58659" lon="-117.77458">
        <ele>280.36</ele>
        <time>2026-05-25T16:54:59Z</time>
      </trkpt>
      <trkpt lat="33.58661" lon="-117.77458">
        <ele>280.15</ele>
        <time>2026-05-25T16:55:05Z</time>
      </trkpt>
      <trkpt lat="33.58665" lon="-117.77459">
        <ele>279.61</ele>
        <time>2026-05-25T16:55:08Z</time>
      </trkpt>
      <trkpt lat="33.58667" lon="-117.7746">
        <ele>279.27</ele>
        <time>2026-05-25T16:55:11Z</time>
      </trkpt>
      <trkpt lat="33.5867" lon="-117.77462">
        <ele>278.71</ele>
        <time>2026-05-25T16:55:14Z</time>
      </trkpt>
      <trkpt lat="33.58673" lon="-117.77464">
        <ele>278.32</ele>
        <time>2026-05-25T16:55:17Z</time>
      </trkpt>
      <trkpt lat="33.58677" lon="-117.77466">
        <ele>277.88</ele>
        <time>2026-05-25T16:55:20Z</time>
      </trkpt>
      <trkpt lat="33.5868" lon="-117.77467">
        <ele>277.56</ele>
        <time>2026-05-25T16:55:23Z</time>
      </trkpt>
      <trkpt lat="33.58683" lon="-117.77469">
        <ele>277.24</ele>
        <time>2026-05-25T16:55:26Z</time>
      </trkpt>
      <trkpt lat="33.58686" lon="-117.7747">
        <ele>276.91</ele>
        <time>2026-05-25T16:55:29Z</time>
      </trkpt>
      <trkpt lat="33.58689" lon="-117.77471">
        <ele>276.59</ele>
        <time>2026-05-25T16:55:32Z</time>
      </trkpt>
      <trkpt lat="33.58692" lon="-117.77473">
        <ele>276.33</ele>
        <time>2026-05-25T16:55:35Z</time>
      </trkpt>
      <trkpt lat="33.58696" lon="-117.77474">
        <ele>276.16</ele>
        <time>2026-05-25T16:55:38Z</time>
      </trkpt>
      <trkpt lat="33.58699" lon="-117.77475">
        <ele>276.15</ele>
        <time>2026-05-25T16:55:41Z</time>
      </trkpt>
      <trkpt lat="33.58702" lon="-117.77476">
        <ele>276.08</ele>
        <time>2026-05-25T16:55:43Z</time>
      </trkpt>
      <trkpt lat="33.58705" lon="-117.77477">
        <ele>275.86</ele>
        <time>2026-05-25T16:55:45Z</time>
      </trkpt>
      <trkpt lat="33.58708" lon="-117.77477">
        <ele>275.54</ele>
        <time>2026-05-25T16:55:47Z</time>
      </trkpt>
      <trkpt lat="33.58711" lon="-117.77479">
        <ele>275.21</ele>
        <time>2026-05-25T16:55:50Z</time>
      </trkpt>
      <trkpt lat="33.58714" lon="-117.7748">
        <ele>275.0</ele>
        <time>2026-05-25T16:55:53Z</time>
      </trkpt>
      <trkpt lat="33.58717" lon="-117.77481">
        <ele>275.0</ele>
        <time>2026-05-25T16:55:56Z</time>
      </trkpt>
      <trkpt lat="33.58721" lon="-117.77482">
        <ele>275.01</ele>
        <time>2026-05-25T16:55:59Z</time>
      </trkpt>
      <trkpt lat="33.58724" lon="-117.77484">
        <ele>274.86</ele>
        <time>2026-05-25T16:56:02Z</time>
      </trkpt>
      <trkpt lat="33.58727" lon="-117.77485">
        <ele>274.68</ele>
        <time>2026-05-25T16:56:05Z</time>
      </trkpt>
      <trkpt lat="33.5873" lon="-117.77486">
        <ele>274.57</ele>
        <time>2026-05-25T16:56:08Z</time>
      </trkpt>
      <trkpt lat="33.58734" lon="-117.77488">
        <ele>274.78</ele>
        <time>2026-05-25T16:56:11Z</time>
      </trkpt>
      <trkpt lat="33.58737" lon="-117.77489">
        <ele>274.92</ele>
        <time>2026-05-25T16:56:14Z</time>
      </trkpt>
      <trkpt lat="33.58741" lon="-117.7749">
        <ele>275.0</ele>
        <time>2026-05-25T16:56:17Z</time>
      </trkpt>
      <trkpt lat="33.58744" lon="-117.77491">
        <ele>274.99</ele>
        <time>2026-05-25T16:56:20Z</time>
      </trkpt>
      <trkpt lat="33.58746" lon="-117.77493">
        <ele>274.86</ele>
        <time>2026-05-25T16:56:23Z</time>
      </trkpt>
      <trkpt lat="33.58749" lon="-117.77495">
        <ele>274.59</ele>
        <time>2026-05-25T16:56:27Z</time>
      </trkpt>
      <trkpt lat="33.58752" lon="-117.77497">
        <ele>274.25</ele>
        <time>2026-05-25T16:56:30Z</time>
      </trkpt>
      <trkpt lat="33.58756" lon="-117.77498">
        <ele>274.08</ele>
        <time>2026-05-25T16:56:33Z</time>
      </trkpt>
      <trkpt lat="33.58759" lon="-117.77499">
        <ele>274.0</ele>
        <time>2026-05-25T16:56:36Z</time>
      </trkpt>
      <trkpt lat="33.58762" lon="-117.77501">
        <ele>273.97</ele>
        <time>2026-05-25T16:56:39Z</time>
      </trkpt>
      <trkpt lat="33.58765" lon="-117.77503">
        <ele>273.8</ele>
        <time>2026-05-25T16:56:42Z</time>
      </trkpt>
      <trkpt lat="33.58768" lon="-117.77505">
        <ele>273.49</ele>
        <time>2026-05-25T16:56:45Z</time>
      </trkpt>
      <trkpt lat="33.5877" lon="-117.77507">
        <ele>273.2</ele>
        <time>2026-05-25T16:56:48Z</time>
      </trkpt>
      <trkpt lat="33.58773" lon="-117.77509">
        <ele>273.01</ele>
        <time>2026-05-25T16:56:51Z</time>
      </trkpt>
      <trkpt lat="33.58776" lon="-117.77511">
        <ele>272.85</ele>
        <time>2026-05-25T16:56:54Z</time>
      </trkpt>
      <trkpt lat="33.58779" lon="-117.77514">
        <ele>272.49</ele>
        <time>2026-05-25T16:56:57Z</time>
      </trkpt>
      <trkpt lat="33.58782" lon="-117.77516">
        <ele>272.48</ele>
        <time>2026-05-25T16:57:00Z</time>
      </trkpt>
      <trkpt lat="33.58784" lon="-117.77518">
        <ele>272.65</ele>
        <time>2026-05-25T16:57:03Z</time>
      </trkpt>
      <trkpt lat="33.58787" lon="-117.77521">
        <ele>272.73</ele>
        <time>2026-05-25T16:57:06Z</time>
      </trkpt>
      <trkpt lat="33.5879" lon="-117.77524">
        <ele>272.28</ele>
        <time>2026-05-25T16:57:09Z</time>
      </trkpt>
      <trkpt lat="33.58793" lon="-117.77527">
        <ele>272.03</ele>
        <time>2026-05-25T16:57:12Z</time>
      </trkpt>
      <trkpt lat="33.58795" lon="-117.77529">
        <ele>271.87</ele>
        <time>2026-05-25T16:57:15Z</time>
      </trkpt>
      <trkpt lat="33.58798" lon="-117.77531">
        <ele>271.53</ele>
        <time>2026-05-25T16:57:18Z</time>
      </trkpt>
      <trkpt lat="33.58801" lon="-117.77534">
        <ele>271.16</ele>
        <time>2026-05-25T16:57:21Z</time>
      </trkpt>
      <trkpt lat="33.58803" lon="-117.77537">
        <ele>271.0</ele>
        <time>2026-05-25T16:57:24Z</time>
      </trkpt>
      <trkpt lat="33.58806" lon="-117.7754">
        <ele>270.97</ele>
        <time>2026-05-25T16:57:27Z</time>
      </trkpt>
      <trkpt lat="33.58808" lon="-117.77543">
        <ele>270.91</ele>
        <time>2026-05-25T16:57:30Z</time>
      </trkpt>
      <trkpt lat="33.58811" lon="-117.77546">
        <ele>270.98</ele>
        <time>2026-05-25T16:57:33Z</time>
      </trkpt>
      <trkpt lat="33.58813" lon="-117.77549">
        <ele>271.06</ele>
        <time>2026-05-25T16:57:36Z</time>
      </trkpt>
      <trkpt lat="33.58816" lon="-117.77551">
        <ele>271.0</ele>
        <time>2026-05-25T16:57:39Z</time>
      </trkpt>
      <trkpt lat="33.58818" lon="-117.77554">
        <ele>271.23</ele>
        <time>2026-05-25T16:57:42Z</time>
      </trkpt>
      <trkpt lat="33.5882" lon="-117.77557">
        <ele>271.63</ele>
        <time>2026-05-25T16:57:45Z</time>
      </trkpt>
      <trkpt lat="33.58823" lon="-117.7756">
        <ele>271.94</ele>
        <time>2026-05-25T16:57:48Z</time>
      </trkpt>
      <trkpt lat="33.58825" lon="-117.77563">
        <ele>271.9</ele>
        <time>2026-05-25T16:57:51Z</time>
      </trkpt>
      <trkpt lat="33.58827" lon="-117.77566">
        <ele>271.6</ele>
        <time>2026-05-25T16:57:54Z</time>
      </trkpt>
      <trkpt lat="33.58825" lon="-117.77569">
        <ele>271.49</ele>
        <time>2026-05-25T16:57:57Z</time>
      </trkpt>
      <trkpt lat="33.58826" lon="-117.77573">
        <ele>271.09</ele>
        <time>2026-05-25T16:58:01Z</time>
      </trkpt>
      <trkpt lat="33.58829" lon="-117.77577">
        <ele>271.0</ele>
        <time>2026-05-25T16:58:04Z</time>
      </trkpt>
      <trkpt lat="33.5883" lon="-117.7758">
        <ele>271.0</ele>
        <time>2026-05-25T16:58:07Z</time>
      </trkpt>
      <trkpt lat="33.58832" lon="-117.77583">
        <ele>271.0</ele>
        <time>2026-05-25T16:58:10Z</time>
      </trkpt>
      <trkpt lat="33.58834" lon="-117.77586">
        <ele>270.93</ele>
        <time>2026-05-25T16:58:13Z</time>
      </trkpt>
      <trkpt lat="33.58836" lon="-117.7759">
        <ele>270.71</ele>
        <time>2026-05-25T16:58:16Z</time>
      </trkpt>
      <trkpt lat="33.58837" lon="-117.77594">
        <ele>270.76</ele>
        <time>2026-05-25T16:58:19Z</time>
      </trkpt>
      <trkpt lat="33.58838" lon="-117.77598">
        <ele>271.08</ele>
        <time>2026-05-25T16:58:21Z</time>
      </trkpt>
      <trkpt lat="33.58839" lon="-117.77601">
        <ele>271.3</ele>
        <time>2026-05-25T16:58:23Z</time>
      </trkpt>
      <trkpt lat="33.58839" lon="-117.77605">
        <ele>271.73</ele>
        <time>2026-05-25T16:58:26Z</time>
      </trkpt>
      <trkpt lat="33.58841" lon="-117.77609">
        <ele>271.94</ele>
        <time>2026-05-25T16:58:29Z</time>
      </trkpt>
      <trkpt lat="33.58842" lon="-117.77613">
        <ele>272.25</ele>
        <time>2026-05-25T16:58:32Z</time>
      </trkpt>
      <trkpt lat="33.58843" lon="-117.77616">
        <ele>272.48</ele>
        <time>2026-05-25T16:58:35Z</time>
      </trkpt>
      <trkpt lat="33.58844" lon="-117.77619">
        <ele>272.7</ele>
        <time>2026-05-25T16:58:38Z</time>
      </trkpt>
      <trkpt lat="33.58845" lon="-117.77623">
        <ele>273.02</ele>
        <time>2026-05-25T16:58:42Z</time>
      </trkpt>
      <trkpt lat="33.58846" lon="-117.77626">
        <ele>273.24</ele>
        <time>2026-05-25T16:58:45Z</time>
      </trkpt>
      <trkpt lat="33.58847" lon="-117.77629">
        <ele>273.46</ele>
        <time>2026-05-25T16:58:48Z</time>
      </trkpt>
      <trkpt lat="33.58849" lon="-117.77632">
        <ele>273.23</ele>
        <time>2026-05-25T16:58:51Z</time>
      </trkpt>
      <trkpt lat="33.5885" lon="-117.77635">
        <ele>273.08</ele>
        <time>2026-05-25T16:58:54Z</time>
      </trkpt>
      <trkpt lat="33.58852" lon="-117.77638">
        <ele>272.98</ele>
        <time>2026-05-25T16:58:58Z</time>
      </trkpt>
      <trkpt lat="33.58854" lon="-117.77641">
        <ele>272.59</ele>
        <time>2026-05-25T16:59:03Z</time>
      </trkpt>
      <trkpt lat="33.58857" lon="-117.77643">
        <ele>272.25</ele>
        <time>2026-05-25T16:59:09Z</time>
      </trkpt>
      <trkpt lat="33.5886" lon="-117.77644">
        <ele>272.05</ele>
        <time>2026-05-25T16:59:12Z</time>
      </trkpt>
      <trkpt lat="33.58862" lon="-117.77646">
        <ele>271.9</ele>
        <time>2026-05-25T16:59:15Z</time>
      </trkpt>
      <trkpt lat="33.58865" lon="-117.77648">
        <ele>271.58</ele>
        <time>2026-05-25T16:59:19Z</time>
      </trkpt>
      <trkpt lat="33.58868" lon="-117.77649">
        <ele>271.14</ele>
        <time>2026-05-25T16:59:23Z</time>
      </trkpt>
      <trkpt lat="33.58871" lon="-117.77651">
        <ele>270.62</ele>
        <time>2026-05-25T16:59:26Z</time>
      </trkpt>
      <trkpt lat="33.58874" lon="-117.77653">
        <ele>270.08</ele>
        <time>2026-05-25T16:59:29Z</time>
      </trkpt>
      <trkpt lat="33.58877" lon="-117.77654">
        <ele>269.65</ele>
        <time>2026-05-25T16:59:32Z</time>
      </trkpt>
      <trkpt lat="33.58879" lon="-117.77656">
        <ele>269.22</ele>
        <time>2026-05-25T16:59:35Z</time>
      </trkpt>
      <trkpt lat="33.58882" lon="-117.77657">
        <ele>268.78</ele>
        <time>2026-05-25T16:59:38Z</time>
      </trkpt>
      <trkpt lat="33.58885" lon="-117.77657">
        <ele>268.44</ele>
        <time>2026-05-25T16:59:41Z</time>
      </trkpt>
      <trkpt lat="33.58888" lon="-117.77656">
        <ele>268.11</ele>
        <time>2026-05-25T16:59:44Z</time>
      </trkpt>
      <trkpt lat="33.58891" lon="-117.77654">
        <ele>267.77</ele>
        <time>2026-05-25T16:59:47Z</time>
      </trkpt>
      <trkpt lat="33.58895" lon="-117.77654">
        <ele>267.34</ele>
        <time>2026-05-25T16:59:50Z</time>
      </trkpt>
      <trkpt lat="33.58898" lon="-117.77652">
        <ele>267.02</ele>
        <time>2026-05-25T16:59:53Z</time>
      </trkpt>
      <trkpt lat="33.58901" lon="-117.7765">
        <ele>266.75</ele>
        <time>2026-05-25T16:59:56Z</time>
      </trkpt>
      <trkpt lat="33.58904" lon="-117.77648">
        <ele>266.36</ele>
        <time>2026-05-25T16:59:59Z</time>
      </trkpt>
      <trkpt lat="33.58907" lon="-117.77646">
        <ele>265.82</ele>
        <time>2026-05-25T17:00:02Z</time>
      </trkpt>
      <trkpt lat="33.5891" lon="-117.77644">
        <ele>265.12</ele>
        <time>2026-05-25T17:00:05Z</time>
      </trkpt>
      <trkpt lat="33.58913" lon="-117.77643">
        <ele>264.57</ele>
        <time>2026-05-25T17:00:08Z</time>
      </trkpt>
      <trkpt lat="33.58916" lon="-117.77641">
        <ele>264.09</ele>
        <time>2026-05-25T17:00:11Z</time>
      </trkpt>
      <trkpt lat="33.58919" lon="-117.77639">
        <ele>263.75</ele>
        <time>2026-05-25T17:00:14Z</time>
      </trkpt>
      <trkpt lat="33.58922" lon="-117.77638">
        <ele>263.37</ele>
        <time>2026-05-25T17:00:17Z</time>
      </trkpt>
      <trkpt lat="33.58925" lon="-117.77636">
        <ele>262.82</ele>
        <time>2026-05-25T17:00:20Z</time>
      </trkpt>
      <trkpt lat="33.58927" lon="-117.77635">
        <ele>262.4</ele>
        <time>2026-05-25T17:00:23Z</time>
      </trkpt>
      <trkpt lat="33.5893" lon="-117.77633">
        <ele>261.76</ele>
        <time>2026-05-25T17:00:26Z</time>
      </trkpt>
      <trkpt lat="33.58933" lon="-117.77632">
        <ele>261.3</ele>
        <time>2026-05-25T17:00:29Z</time>
      </trkpt>
      <trkpt lat="33.58936" lon="-117.7763">
        <ele>260.83</ele>
        <time>2026-05-25T17:00:32Z</time>
      </trkpt>
      <trkpt lat="33.58939" lon="-117.77628">
        <ele>260.07</ele>
        <time>2026-05-25T17:00:35Z</time>
      </trkpt>
      <trkpt lat="33.58942" lon="-117.77627">
        <ele>259.45</ele>
        <time>2026-05-25T17:00:38Z</time>
      </trkpt>
      <trkpt lat="33.58944" lon="-117.77625">
        <ele>259.07</ele>
        <time>2026-05-25T17:00:41Z</time>
      </trkpt>
      <trkpt lat="33.58947" lon="-117.77624">
        <ele>258.83</ele>
        <time>2026-05-25T17:00:44Z</time>
      </trkpt>
      <trkpt lat="33.5895" lon="-117.77622">
        <ele>258.51</ele>
        <time>2026-05-25T17:00:47Z</time>
      </trkpt>
      <trkpt lat="33.58952" lon="-117.7762">
        <ele>258.14</ele>
        <time>2026-05-25T17:00:51Z</time>
      </trkpt>
      <trkpt lat="33.58954" lon="-117.77617">
        <ele>257.6</ele>
        <time>2026-05-25T17:00:55Z</time>
      </trkpt>
      <trkpt lat="33.58956" lon="-117.77615">
        <ele>257.17</ele>
        <time>2026-05-25T17:00:58Z</time>
      </trkpt>
      <trkpt lat="33.58959" lon="-117.77613">
        <ele>256.63</ele>
        <time>2026-05-25T17:01:01Z</time>
      </trkpt>
      <trkpt lat="33.58961" lon="-117.77611">
        <ele>256.2</ele>
        <time>2026-05-25T17:01:04Z</time>
      </trkpt>
      <trkpt lat="33.58964" lon="-117.77609">
        <ele>255.66</ele>
        <time>2026-05-25T17:01:07Z</time>
      </trkpt>
      <trkpt lat="33.58966" lon="-117.77607">
        <ele>255.23</ele>
        <time>2026-05-25T17:01:10Z</time>
      </trkpt>
      <trkpt lat="33.58969" lon="-117.77605">
        <ele>254.69</ele>
        <time>2026-05-25T17:01:13Z</time>
      </trkpt>
      <trkpt lat="33.58972" lon="-117.77603">
        <ele>254.15</ele>
        <time>2026-05-25T17:01:16Z</time>
      </trkpt>
      <trkpt lat="33.58974" lon="-117.77599">
        <ele>253.56</ele>
        <time>2026-05-25T17:01:19Z</time>
      </trkpt>
      <trkpt lat="33.58976" lon="-117.77596">
        <ele>253.22</ele>
        <time>2026-05-25T17:01:22Z</time>
      </trkpt>
      <trkpt lat="33.58979" lon="-117.77595">
        <ele>253.07</ele>
        <time>2026-05-25T17:01:25Z</time>
      </trkpt>
      <trkpt lat="33.58981" lon="-117.77593">
        <ele>253.0</ele>
        <time>2026-05-25T17:01:28Z</time>
      </trkpt>
      <trkpt lat="33.58983" lon="-117.77591">
        <ele>252.53</ele>
        <time>2026-05-25T17:01:31Z</time>
      </trkpt>
      <trkpt lat="33.58986" lon="-117.77588">
        <ele>251.77</ele>
        <time>2026-05-25T17:01:34Z</time>
      </trkpt>
      <trkpt lat="33.58989" lon="-117.77586">
        <ele>251.24</ele>
        <time>2026-05-25T17:01:37Z</time>
      </trkpt>
      <trkpt lat="33.58991" lon="-117.77584">
        <ele>250.97</ele>
        <time>2026-05-25T17:01:40Z</time>
      </trkpt>
      <trkpt lat="33.58995" lon="-117.77583">
        <ele>250.52</ele>
        <time>2026-05-25T17:01:43Z</time>
      </trkpt>
      <trkpt lat="33.58998" lon="-117.77582">
        <ele>250.18</ele>
        <time>2026-05-25T17:01:46Z</time>
      </trkpt>
      <trkpt lat="33.59002" lon="-117.77581">
        <ele>249.78</ele>
        <time>2026-05-25T17:01:49Z</time>
      </trkpt>
      <trkpt lat="33.59005" lon="-117.77579">
        <ele>249.46</ele>
        <time>2026-05-25T17:01:52Z</time>
      </trkpt>
      <trkpt lat="33.59008" lon="-117.77578">
        <ele>249.14</ele>
        <time>2026-05-25T17:01:55Z</time>
      </trkpt>
      <trkpt lat="33.59011" lon="-117.77577">
        <ele>249.0</ele>
        <time>2026-05-25T17:01:58Z</time>
      </trkpt>
      <trkpt lat="33.59014" lon="-117.77576">
        <ele>249.0</ele>
        <time>2026-05-25T17:02:01Z</time>
      </trkpt>
      <trkpt lat="33.59018" lon="-117.77575">
        <ele>249.0</ele>
        <time>2026-05-25T17:02:04Z</time>
      </trkpt>
      <trkpt lat="33.59022" lon="-117.77575">
        <ele>248.62</ele>
        <time>2026-05-25T17:02:07Z</time>
      </trkpt>
      <trkpt lat="33.59024" lon="-117.77578">
        <ele>248.41</ele>
        <time>2026-05-25T17:02:09Z</time>
      </trkpt>
      <trkpt lat="33.59026" lon="-117.77583">
        <ele>248.19</ele>
        <time>2026-05-25T17:02:11Z</time>
      </trkpt>
      <trkpt lat="33.59025" lon="-117.77588">
        <ele>248.3</ele>
        <time>2026-05-25T17:02:13Z</time>
      </trkpt>
      <trkpt lat="33.59025" lon="-117.77591">
        <ele>248.3</ele>
        <time>2026-05-25T17:02:15Z</time>
      </trkpt>
      <trkpt lat="33.59024" lon="-117.77595">
        <ele>248.51</ele>
        <time>2026-05-25T17:02:18Z</time>
      </trkpt>
      <trkpt lat="33.59025" lon="-117.77598">
        <ele>248.48</ele>
        <time>2026-05-25T17:02:22Z</time>
      </trkpt>
      <trkpt lat="33.59025" lon="-117.77602">
        <ele>248.61</ele>
        <time>2026-05-25T17:02:25Z</time>
      </trkpt>
      <trkpt lat="33.59025" lon="-117.77605">
        <ele>248.84</ele>
        <time>2026-05-25T17:02:28Z</time>
      </trkpt>
      <trkpt lat="33.59025" lon="-117.77609">
        <ele>249.14</ele>
        <time>2026-05-25T17:02:31Z</time>
      </trkpt>
      <trkpt lat="33.59026" lon="-117.77612">
        <ele>249.29</ele>
        <time>2026-05-25T17:02:34Z</time>
      </trkpt>
      <trkpt lat="33.59027" lon="-117.77616">
        <ele>249.61</ele>
        <time>2026-05-25T17:02:37Z</time>
      </trkpt>
      <trkpt lat="33.59028" lon="-117.7762">
        <ele>249.94</ele>
        <time>2026-05-25T17:02:40Z</time>
      </trkpt>
      <trkpt lat="33.5903" lon="-117.77623">
        <ele>249.98</ele>
        <time>2026-05-25T17:02:43Z</time>
      </trkpt>
      <trkpt lat="33.59033" lon="-117.77626">
        <ele>249.7</ele>
        <time>2026-05-25T17:02:46Z</time>
      </trkpt>
      <trkpt lat="33.59035" lon="-117.77629">
        <ele>249.43</ele>
        <time>2026-05-25T17:02:49Z</time>
      </trkpt>
      <trkpt lat="33.59037" lon="-117.77633">
        <ele>249.37</ele>
        <time>2026-05-25T17:02:52Z</time>
      </trkpt>
      <trkpt lat="33.59039" lon="-117.77635">
        <ele>249.25</ele>
        <time>2026-05-25T17:02:55Z</time>
      </trkpt>
      <trkpt lat="33.59042" lon="-117.77637">
        <ele>248.83</ele>
        <time>2026-05-25T17:02:59Z</time>
      </trkpt>
      <trkpt lat="33.59046" lon="-117.77639">
        <ele>248.09</ele>
        <time>2026-05-25T17:03:03Z</time>
      </trkpt>
      <trkpt lat="33.59048" lon="-117.7764">
        <ele>248.01</ele>
        <time>2026-05-25T17:03:06Z</time>
      </trkpt>
      <trkpt lat="33.59051" lon="-117.77641">
        <ele>247.72</ele>
        <time>2026-05-25T17:03:09Z</time>
      </trkpt>
      <trkpt lat="33.59053" lon="-117.77643">
        <ele>247.52</ele>
        <time>2026-05-25T17:03:12Z</time>
      </trkpt>
      <trkpt lat="33.59056" lon="-117.77644">
        <ele>246.93</ele>
        <time>2026-05-25T17:03:15Z</time>
      </trkpt>
      <trkpt lat="33.59059" lon="-117.77646">
        <ele>246.54</ele>
        <time>2026-05-25T17:03:18Z</time>
      </trkpt>
      <trkpt lat="33.59061" lon="-117.77647">
        <ele>246.34</ele>
        <time>2026-05-25T17:03:21Z</time>
      </trkpt>
      <trkpt lat="33.59064" lon="-117.77648">
        <ele>246.07</ele>
        <time>2026-05-25T17:03:24Z</time>
      </trkpt>
      <trkpt lat="33.59067" lon="-117.7765">
        <ele>245.88</ele>
        <time>2026-05-25T17:03:27Z</time>
      </trkpt>
      <trkpt lat="33.5907" lon="-117.77651">
        <ele>245.32</ele>
        <time>2026-05-25T17:03:30Z</time>
      </trkpt>
      <trkpt lat="33.59073" lon="-117.77653">
        <ele>244.82</ele>
        <time>2026-05-25T17:03:33Z</time>
      </trkpt>
      <trkpt lat="33.59076" lon="-117.77654">
        <ele>244.42</ele>
        <time>2026-05-25T17:03:36Z</time>
      </trkpt>
      <trkpt lat="33.59079" lon="-117.77655">
        <ele>244.21</ele>
        <time>2026-05-25T17:03:39Z</time>
      </trkpt>
      <trkpt lat="33.59082" lon="-117.77657">
        <ele>244.1</ele>
        <time>2026-05-25T17:03:42Z</time>
      </trkpt>
      <trkpt lat="33.59086" lon="-117.77658">
        <ele>244.14</ele>
        <time>2026-05-25T17:03:45Z</time>
      </trkpt>
      <trkpt lat="33.59089" lon="-117.7766">
        <ele>244.33</ele>
        <time>2026-05-25T17:03:48Z</time>
      </trkpt>
      <trkpt lat="33.59092" lon="-117.77661">
        <ele>244.07</ele>
        <time>2026-05-25T17:03:51Z</time>
      </trkpt>
      <trkpt lat="33.59096" lon="-117.77662">
        <ele>243.45</ele>
        <time>2026-05-25T17:03:54Z</time>
      </trkpt>
      <trkpt lat="33.591" lon="-117.77664">
        <ele>242.63</ele>
        <time>2026-05-25T17:03:57Z</time>
      </trkpt>
      <trkpt lat="33.59103" lon="-117.77665">
        <ele>242.03</ele>
        <time>2026-05-25T17:04:00Z</time>
      </trkpt>
      <trkpt lat="33.59107" lon="-117.77666">
        <ele>241.48</ele>
        <time>2026-05-25T17:04:03Z</time>
      </trkpt>
      <trkpt lat="33.5911" lon="-117.77668">
        <ele>241.55</ele>
        <time>2026-05-25T17:04:06Z</time>
      </trkpt>
      <trkpt lat="33.59114" lon="-117.77669">
        <ele>241.29</ele>
        <time>2026-05-25T17:04:09Z</time>
      </trkpt>
      <trkpt lat="33.59117" lon="-117.7767">
        <ele>240.99</ele>
        <time>2026-05-25T17:04:12Z</time>
      </trkpt>
      <trkpt lat="33.5912" lon="-117.77671">
        <ele>240.55</ele>
        <time>2026-05-25T17:04:15Z</time>
      </trkpt>
      <trkpt lat="33.59124" lon="-117.77672">
        <ele>240.8</ele>
        <time>2026-05-25T17:04:18Z</time>
      </trkpt>
      <trkpt lat="33.59127" lon="-117.77671">
        <ele>240.8</ele>
        <time>2026-05-25T17:04:21Z</time>
      </trkpt>
      <trkpt lat="33.59129" lon="-117.77668">
        <ele>240.28</ele>
        <time>2026-05-25T17:04:23Z</time>
      </trkpt>
      <trkpt lat="33.59131" lon="-117.77666">
        <ele>239.88</ele>
        <time>2026-05-25T17:04:25Z</time>
      </trkpt>
      <trkpt lat="33.59133" lon="-117.77664">
        <ele>239.42</ele>
        <time>2026-05-25T17:04:27Z</time>
      </trkpt>
      <trkpt lat="33.59136" lon="-117.77661">
        <ele>239.08</ele>
        <time>2026-05-25T17:04:29Z</time>
      </trkpt>
      <trkpt lat="33.59138" lon="-117.77659">
        <ele>239.09</ele>
        <time>2026-05-25T17:04:31Z</time>
      </trkpt>
      <trkpt lat="33.59141" lon="-117.77657">
        <ele>239.36</ele>
        <time>2026-05-25T17:04:34Z</time>
      </trkpt>
      <trkpt lat="33.59144" lon="-117.77656">
        <ele>239.72</ele>
        <time>2026-05-25T17:04:37Z</time>
      </trkpt>
      <trkpt lat="33.59147" lon="-117.77655">
        <ele>240.0</ele>
        <time>2026-05-25T17:04:40Z</time>
      </trkpt>
      <trkpt lat="33.5915" lon="-117.77655">
        <ele>240.47</ele>
        <time>2026-05-25T17:04:43Z</time>
      </trkpt>
      <trkpt lat="33.59153" lon="-117.77656">
        <ele>241.15</ele>
        <time>2026-05-25T17:04:46Z</time>
      </trkpt>
      <trkpt lat="33.59156" lon="-117.77655">
        <ele>241.29</ele>
        <time>2026-05-25T17:04:49Z</time>
      </trkpt>
      <trkpt lat="33.59159" lon="-117.77655">
        <ele>241.48</ele>
        <time>2026-05-25T17:04:52Z</time>
      </trkpt>
      <trkpt lat="33.59162" lon="-117.77654">
        <ele>241.26</ele>
        <time>2026-05-25T17:04:55Z</time>
      </trkpt>
      <trkpt lat="33.59165" lon="-117.77654">
        <ele>241.26</ele>
        <time>2026-05-25T17:04:58Z</time>
      </trkpt>
      <trkpt lat="33.59168" lon="-117.77653">
        <ele>241.05</ele>
        <time>2026-05-25T17:05:01Z</time>
      </trkpt>
      <trkpt lat="33.59171" lon="-117.77652">
        <ele>240.83</ele>
        <time>2026-05-25T17:05:04Z</time>
      </trkpt>
      <trkpt lat="33.59173" lon="-117.77651">
        <ele>240.62</ele>
        <time>2026-05-25T17:05:07Z</time>
      </trkpt>
      <trkpt lat="33.59175" lon="-117.77647">
        <ele>239.75</ele>
        <time>2026-05-25T17:05:11Z</time>
      </trkpt>
      <trkpt lat="33.59176" lon="-117.77644">
        <ele>239.1</ele>
        <time>2026-05-25T17:05:14Z</time>
      </trkpt>
      <trkpt lat="33.59178" lon="-117.77641">
        <ele>238.4</ele>
        <time>2026-05-25T17:05:16Z</time>
      </trkpt>
      <trkpt lat="33.5918" lon="-117.77639">
        <ele>238.02</ele>
        <time>2026-05-25T17:05:18Z</time>
      </trkpt>
      <trkpt lat="33.59181" lon="-117.77636">
        <ele>237.55</ele>
        <time>2026-05-25T17:05:20Z</time>
      </trkpt>
      <trkpt lat="33.59183" lon="-117.77632">
        <ele>237.08</ele>
        <time>2026-05-25T17:05:23Z</time>
      </trkpt>
      <trkpt lat="33.59185" lon="-117.77628">
        <ele>236.63</ele>
        <time>2026-05-25T17:05:26Z</time>
      </trkpt>
      <trkpt lat="33.59187" lon="-117.77624">
        <ele>236.1</ele>
        <time>2026-05-25T17:05:29Z</time>
      </trkpt>
      <trkpt lat="33.59188" lon="-117.77621">
        <ele>235.72</ele>
        <time>2026-05-25T17:05:32Z</time>
      </trkpt>
      <trkpt lat="33.5919" lon="-117.77617">
        <ele>235.87</ele>
        <time>2026-05-25T17:05:35Z</time>
      </trkpt>
      <trkpt lat="33.59191" lon="-117.77613">
        <ele>235.96</ele>
        <time>2026-05-25T17:05:38Z</time>
      </trkpt>
      <trkpt lat="33.59193" lon="-117.7761">
        <ele>236.31</ele>
        <time>2026-05-25T17:05:41Z</time>
      </trkpt>
      <trkpt lat="33.59195" lon="-117.77606">
        <ele>235.84</ele>
        <time>2026-05-25T17:05:44Z</time>
      </trkpt>
      <trkpt lat="33.59196" lon="-117.77603">
        <ele>235.21</ele>
        <time>2026-05-25T17:05:47Z</time>
      </trkpt>
      <trkpt lat="33.59199" lon="-117.77602">
        <ele>235.02</ele>
        <time>2026-05-25T17:05:50Z</time>
      </trkpt>
      <trkpt lat="33.59202" lon="-117.776">
        <ele>234.56</ele>
        <time>2026-05-25T17:05:53Z</time>
      </trkpt>
      <trkpt lat="33.59205" lon="-117.77599">
        <ele>234.15</ele>
        <time>2026-05-25T17:05:56Z</time>
      </trkpt>
      <trkpt lat="33.59208" lon="-117.77598">
        <ele>233.43</ele>
        <time>2026-05-25T17:05:59Z</time>
      </trkpt>
      <trkpt lat="33.59211" lon="-117.77597">
        <ele>232.79</ele>
        <time>2026-05-25T17:06:04Z</time>
      </trkpt>
      <trkpt lat="33.59214" lon="-117.77595">
        <ele>232.12</ele>
        <time>2026-05-25T17:06:09Z</time>
      </trkpt>
      <trkpt lat="33.59217" lon="-117.77594">
        <ele>231.65</ele>
        <time>2026-05-25T17:06:13Z</time>
      </trkpt>
      <trkpt lat="33.5922" lon="-117.77595">
        <ele>231.3</ele>
        <time>2026-05-25T17:06:17Z</time>
      </trkpt>
      <trkpt lat="33.59223" lon="-117.77596">
        <ele>230.83</ele>
        <time>2026-05-25T17:06:20Z</time>
      </trkpt>
      <trkpt lat="33.59226" lon="-117.77596">
        <ele>230.18</ele>
        <time>2026-05-25T17:06:23Z</time>
      </trkpt>
      <trkpt lat="33.59229" lon="-117.77596">
        <ele>229.54</ele>
        <time>2026-05-25T17:06:26Z</time>
      </trkpt>
      <trkpt lat="33.59232" lon="-117.77597">
        <ele>228.91</ele>
        <time>2026-05-25T17:06:29Z</time>
      </trkpt>
      <trkpt lat="33.59235" lon="-117.77598">
        <ele>228.46</ele>
        <time>2026-05-25T17:06:32Z</time>
      </trkpt>
      <trkpt lat="33.59238" lon="-117.77599">
        <ele>228.08</ele>
        <time>2026-05-25T17:06:35Z</time>
      </trkpt>
      <trkpt lat="33.59242" lon="-117.77599">
        <ele>227.51</ele>
        <time>2026-05-25T17:06:38Z</time>
      </trkpt>
      <trkpt lat="33.59245" lon="-117.776">
        <ele>227.25</ele>
        <time>2026-05-25T17:06:40Z</time>
      </trkpt>
      <trkpt lat="33.59247" lon="-117.776">
        <ele>226.99</ele>
        <time>2026-05-25T17:06:42Z</time>
      </trkpt>
      <trkpt lat="33.5925" lon="-117.776">
        <ele>226.6</ele>
        <time>2026-05-25T17:06:44Z</time>
      </trkpt>
      <trkpt lat="33.59253" lon="-117.77601">
        <ele>226.17</ele>
        <time>2026-05-25T17:06:46Z</time>
      </trkpt>
      <trkpt lat="33.59257" lon="-117.77601">
        <ele>225.3</ele>
        <time>2026-05-25T17:06:49Z</time>
      </trkpt>
      <trkpt lat="33.59261" lon="-117.77602">
        <ele>224.65</ele>
        <time>2026-05-25T17:06:52Z</time>
      </trkpt>
      <trkpt lat="33.59264" lon="-117.77605">
        <ele>224.48</ele>
        <time>2026-05-25T17:06:55Z</time>
      </trkpt>
      <trkpt lat="33.59267" lon="-117.77607">
        <ele>223.98</ele>
        <time>2026-05-25T17:06:58Z</time>
      </trkpt>
      <trkpt lat="33.59271" lon="-117.77608">
        <ele>223.13</ele>
        <time>2026-05-25T17:07:01Z</time>
      </trkpt>
      <trkpt lat="33.59274" lon="-117.77609">
        <ele>222.78</ele>
        <time>2026-05-25T17:07:04Z</time>
      </trkpt>
      <trkpt lat="33.59277" lon="-117.77608">
        <ele>221.82</ele>
        <time>2026-05-25T17:07:07Z</time>
      </trkpt>
      <trkpt lat="33.59281" lon="-117.77608">
        <ele>221.77</ele>
        <time>2026-05-25T17:07:10Z</time>
      </trkpt>
      <trkpt lat="33.59284" lon="-117.77607">
        <ele>221.52</ele>
        <time>2026-05-25T17:07:13Z</time>
      </trkpt>
      <trkpt lat="33.59287" lon="-117.77606">
        <ele>221.34</ele>
        <time>2026-05-25T17:07:16Z</time>
      </trkpt>
      <trkpt lat="33.5929" lon="-117.77605">
        <ele>220.81</ele>
        <time>2026-05-25T17:07:19Z</time>
      </trkpt>
      <trkpt lat="33.59293" lon="-117.77603">
        <ele>219.81</ele>
        <time>2026-05-25T17:07:22Z</time>
      </trkpt>
      <trkpt lat="33.59296" lon="-117.77602">
        <ele>219.1</ele>
        <time>2026-05-25T17:07:25Z</time>
      </trkpt>
      <trkpt lat="33.59298" lon="-117.77601">
        <ele>218.54</ele>
        <time>2026-05-25T17:07:28Z</time>
      </trkpt>
      <trkpt lat="33.59301" lon="-117.776">
        <ele>217.89</ele>
        <time>2026-05-25T17:07:31Z</time>
      </trkpt>
      <trkpt lat="33.59304" lon="-117.77599">
        <ele>217.24</ele>
        <time>2026-05-25T17:07:34Z</time>
      </trkpt>
      <trkpt lat="33.59307" lon="-117.77598">
        <ele>216.75</ele>
        <time>2026-05-25T17:07:37Z</time>
      </trkpt>
      <trkpt lat="33.5931" lon="-117.77597">
        <ele>216.43</ele>
        <time>2026-05-25T17:07:40Z</time>
      </trkpt>
      <trkpt lat="33.59312" lon="-117.77596">
        <ele>216.1</ele>
        <time>2026-05-25T17:07:43Z</time>
      </trkpt>
      <trkpt lat="33.59315" lon="-117.77595">
        <ele>215.76</ele>
        <time>2026-05-25T17:07:46Z</time>
      </trkpt>
      <trkpt lat="33.59318" lon="-117.77594">
        <ele>215.11</ele>
        <time>2026-05-25T17:07:49Z</time>
      </trkpt>
      <trkpt lat="33.59321" lon="-117.77593">
        <ele>214.46</ele>
        <time>2026-05-25T17:07:52Z</time>
      </trkpt>
      <trkpt lat="33.59324" lon="-117.77591">
        <ele>213.49</ele>
        <time>2026-05-25T17:07:55Z</time>
      </trkpt>
      <trkpt lat="33.59326" lon="-117.7759">
        <ele>212.86</ele>
        <time>2026-05-25T17:07:58Z</time>
      </trkpt>
      <trkpt lat="33.59329" lon="-117.77589">
        <ele>212.18</ele>
        <time>2026-05-25T17:08:01Z</time>
      </trkpt>
      <trkpt lat="33.59332" lon="-117.77588">
        <ele>211.65</ele>
        <time>2026-05-25T17:08:04Z</time>
      </trkpt>
      <trkpt lat="33.59335" lon="-117.77587">
        <ele>211.22</ele>
        <time>2026-05-25T17:08:07Z</time>
      </trkpt>
      <trkpt lat="33.59338" lon="-117.77587">
        <ele>210.89</ele>
        <time>2026-05-25T17:08:10Z</time>
      </trkpt>
      <trkpt lat="33.59341" lon="-117.77586">
        <ele>210.46</ele>
        <time>2026-05-25T17:08:13Z</time>
      </trkpt>
      <trkpt lat="33.59344" lon="-117.77585">
        <ele>210.03</ele>
        <time>2026-05-25T17:08:16Z</time>
      </trkpt>
      <trkpt lat="33.59347" lon="-117.77584">
        <ele>209.6</ele>
        <time>2026-05-25T17:08:19Z</time>
      </trkpt>
      <trkpt lat="33.5935" lon="-117.77584">
        <ele>209.27</ele>
        <time>2026-05-25T17:08:22Z</time>
      </trkpt>
      <trkpt lat="33.59352" lon="-117.77583">
        <ele>208.91</ele>
        <time>2026-05-25T17:08:25Z</time>
      </trkpt>
      <trkpt lat="33.59355" lon="-117.77582">
        <ele>208.37</ele>
        <time>2026-05-25T17:08:28Z</time>
      </trkpt>
      <trkpt lat="33.59358" lon="-117.77582">
        <ele>208.05</ele>
        <time>2026-05-25T17:08:31Z</time>
      </trkpt>
      <trkpt lat="33.59361" lon="-117.77581">
        <ele>207.51</ele>
        <time>2026-05-25T17:08:34Z</time>
      </trkpt>
      <trkpt lat="33.59364" lon="-117.77581">
        <ele>207.03</ele>
        <time>2026-05-25T17:08:37Z</time>
      </trkpt>
      <trkpt lat="33.59366" lon="-117.7758">
        <ele>206.6</ele>
        <time>2026-05-25T17:08:40Z</time>
      </trkpt>
      <trkpt lat="33.59369" lon="-117.7758">
        <ele>206.19</ele>
        <time>2026-05-25T17:08:43Z</time>
      </trkpt>
      <trkpt lat="33.59372" lon="-117.77579">
        <ele>205.82</ele>
        <time>2026-05-25T17:08:46Z</time>
      </trkpt>
      <trkpt lat="33.59375" lon="-117.77578">
        <ele>205.5</ele>
        <time>2026-05-25T17:08:49Z</time>
      </trkpt>
      <trkpt lat="33.59378" lon="-117.77578">
        <ele>205.18</ele>
        <time>2026-05-25T17:08:52Z</time>
      </trkpt>
      <trkpt lat="33.59381" lon="-117.77577">
        <ele>204.65</ele>
        <time>2026-05-25T17:08:55Z</time>
      </trkpt>
      <trkpt lat="33.59383" lon="-117.77576">
        <ele>204.06</ele>
        <time>2026-05-25T17:08:58Z</time>
      </trkpt>
      <trkpt lat="33.59386" lon="-117.77575">
        <ele>203.07</ele>
        <time>2026-05-25T17:09:01Z</time>
      </trkpt>
      <trkpt lat="33.59389" lon="-117.77574">
        <ele>202.0</ele>
        <time>2026-05-25T17:09:04Z</time>
      </trkpt>
      <trkpt lat="33.5939" lon="-117.7757">
        <ele>201.95</ele>
        <time>2026-05-25T17:09:07Z</time>
      </trkpt>
      <trkpt lat="33.59391" lon="-117.77567">
        <ele>201.83</ele>
        <time>2026-05-25T17:09:09Z</time>
      </trkpt>
      <trkpt lat="33.59393" lon="-117.77564">
        <ele>201.47</ele>
        <time>2026-05-25T17:09:13Z</time>
      </trkpt>
      <trkpt lat="33.59395" lon="-117.77562">
        <ele>201.04</ele>
        <time>2026-05-25T17:09:18Z</time>
      </trkpt>
      <trkpt lat="33.59398" lon="-117.77562">
        <ele>200.71</ele>
        <time>2026-05-25T17:09:22Z</time>
      </trkpt>
      <trkpt lat="33.59401" lon="-117.77563">
        <ele>200.56</ele>
        <time>2026-05-25T17:09:26Z</time>
      </trkpt>
      <trkpt lat="33.59403" lon="-117.77563">
        <ele>200.38</ele>
        <time>2026-05-25T17:09:29Z</time>
      </trkpt>
      <trkpt lat="33.59406" lon="-117.77564">
        <ele>200.14</ele>
        <time>2026-05-25T17:09:33Z</time>
      </trkpt>
      <trkpt lat="33.59409" lon="-117.77565">
        <ele>199.65</ele>
        <time>2026-05-25T17:09:37Z</time>
      </trkpt>
      <trkpt lat="33.59412" lon="-117.77567">
        <ele>198.77</ele>
        <time>2026-05-25T17:09:40Z</time>
      </trkpt>
      <trkpt lat="33.59414" lon="-117.77569">
        <ele>197.93</ele>
        <time>2026-05-25T17:09:43Z</time>
      </trkpt>
      <trkpt lat="33.59416" lon="-117.77573">
        <ele>196.5</ele>
        <time>2026-05-25T17:09:46Z</time>
      </trkpt>
      <trkpt lat="33.59417" lon="-117.77576">
        <ele>195.92</ele>
        <time>2026-05-25T17:09:49Z</time>
      </trkpt>
      <trkpt lat="33.59419" lon="-117.77578">
        <ele>195.39</ele>
        <time>2026-05-25T17:09:52Z</time>
      </trkpt>
      <trkpt lat="33.59421" lon="-117.77582">
        <ele>194.66</ele>
        <time>2026-05-25T17:09:56Z</time>
      </trkpt>
      <trkpt lat="33.5942" lon="-117.77585">
        <ele>194.74</ele>
        <time>2026-05-25T17:10:00Z</time>
      </trkpt>
      <trkpt lat="33.59421" lon="-117.77589">
        <ele>193.98</ele>
        <time>2026-05-25T17:10:04Z</time>
      </trkpt>
      <trkpt lat="33.59421" lon="-117.77593">
        <ele>193.55</ele>
        <time>2026-05-25T17:10:08Z</time>
      </trkpt>
      <trkpt lat="33.59421" lon="-117.77597">
        <ele>193.12</ele>
        <time>2026-05-25T17:10:12Z</time>
      </trkpt>
      <trkpt lat="33.59421" lon="-117.776">
        <ele>192.8</ele>
        <time>2026-05-25T17:10:15Z</time>
      </trkpt>
      <trkpt lat="33.5942" lon="-117.77604">
        <ele>192.84</ele>
        <time>2026-05-25T17:10:18Z</time>
      </trkpt>
      <trkpt lat="33.5942" lon="-117.77607">
        <ele>192.72</ele>
        <time>2026-05-25T17:10:21Z</time>
      </trkpt>
      <trkpt lat="33.59419" lon="-117.77611">
        <ele>193.0</ele>
        <time>2026-05-25T17:10:24Z</time>
      </trkpt>
      <trkpt lat="33.59418" lon="-117.77615">
        <ele>192.52</ele>
        <time>2026-05-25T17:10:27Z</time>
      </trkpt>
      <trkpt lat="33.59417" lon="-117.7762">
        <ele>191.9</ele>
        <time>2026-05-25T17:10:30Z</time>
      </trkpt>
      <trkpt lat="33.59416" lon="-117.77624">
        <ele>191.53</ele>
        <time>2026-05-25T17:10:33Z</time>
      </trkpt>
      <trkpt lat="33.59416" lon="-117.77628">
        <ele>190.7</ele>
        <time>2026-05-25T17:10:36Z</time>
      </trkpt>
      <trkpt lat="33.59415" lon="-117.77632">
        <ele>190.81</ele>
        <time>2026-05-25T17:10:39Z</time>
      </trkpt>
      <trkpt lat="33.59414" lon="-117.77637">
        <ele>190.98</ele>
        <time>2026-05-25T17:10:42Z</time>
      </trkpt>
      <trkpt lat="33.59413" lon="-117.77642">
        <ele>190.85</ele>
        <time>2026-05-25T17:10:45Z</time>
      </trkpt>
      <trkpt lat="33.59413" lon="-117.77646">
        <ele>190.42</ele>
        <time>2026-05-25T17:10:48Z</time>
      </trkpt>
      <trkpt lat="33.59412" lon="-117.7765">
        <ele>190.01</ele>
        <time>2026-05-25T17:10:51Z</time>
      </trkpt>
      <trkpt lat="33.59411" lon="-117.77647">
        <ele>190.96</ele>
        <time>2026-05-25T17:10:59Z</time>
      </trkpt>
      <trkpt lat="33.59409" lon="-117.77644">
        <ele>191.93</ele>
        <time>2026-05-25T17:11:26Z</time>
      </trkpt>
      <trkpt lat="33.59408" lon="-117.77649">
        <ele>191.62</ele>
        <time>2026-05-25T17:11:49Z</time>
      </trkpt>
      <trkpt lat="33.59408" lon="-117.77657">
        <ele>189.83</ele>
        <time>2026-05-25T17:11:52Z</time>
      </trkpt>
      <trkpt lat="33.59407" lon="-117.77663">
        <ele>189.55</ele>
        <time>2026-05-25T17:11:54Z</time>
      </trkpt>
      <trkpt lat="33.59407" lon="-117.77669">
        <ele>189.44</ele>
        <time>2026-05-25T17:11:57Z</time>
      </trkpt>
      <trkpt lat="33.59406" lon="-117.77673">
        <ele>190.4</ele>
        <time>2026-05-25T17:12:00Z</time>
      </trkpt>
      <trkpt lat="33.59405" lon="-117.77677">
        <ele>191.3</ele>
        <time>2026-05-25T17:12:05Z</time>
      </trkpt>
      <trkpt lat="33.59404" lon="-117.77682">
        <ele>191.84</ele>
        <time>2026-05-25T17:12:11Z</time>
      </trkpt>
      <trkpt lat="33.59403" lon="-117.77686">
        <ele>192.38</ele>
        <time>2026-05-25T17:12:16Z</time>
      </trkpt>
      <trkpt lat="33.59406" lon="-117.77689">
        <ele>191.05</ele>
        <time>2026-05-25T17:12:23Z</time>
      </trkpt>
      <trkpt lat="33.59409" lon="-117.77688">
        <ele>190.25</ele>
        <time>2026-05-25T17:12:25Z</time>
      </trkpt>
      <trkpt lat="33.59412" lon="-117.77687">
        <ele>190.1</ele>
        <time>2026-05-25T17:12:28Z</time>
      </trkpt>
      <trkpt lat="33.59416" lon="-117.77686">
        <ele>190.01</ele>
        <time>2026-05-25T17:12:31Z</time>
      </trkpt>
      <trkpt lat="33.59419" lon="-117.77685">
        <ele>189.64</ele>
        <time>2026-05-25T17:12:34Z</time>
      </trkpt>
      <trkpt lat="33.59423" lon="-117.77684">
        <ele>188.72</ele>
        <time>2026-05-25T17:12:37Z</time>
      </trkpt>
      <trkpt lat="33.59426" lon="-117.77683">
        <ele>188.06</ele>
        <time>2026-05-25T17:12:40Z</time>
      </trkpt>
      <trkpt lat="33.59429" lon="-117.77681">
        <ele>187.46</ele>
        <time>2026-05-25T17:12:43Z</time>
      </trkpt>
      <trkpt lat="33.59432" lon="-117.7768">
        <ele>187.57</ele>
        <time>2026-05-25T17:12:46Z</time>
      </trkpt>
      <trkpt lat="33.59435" lon="-117.77679">
        <ele>187.97</ele>
        <time>2026-05-25T17:12:49Z</time>
      </trkpt>
      <trkpt lat="33.59438" lon="-117.77678">
        <ele>187.76</ele>
        <time>2026-05-25T17:12:52Z</time>
      </trkpt>
      <trkpt lat="33.59441" lon="-117.77677">
        <ele>187.44</ele>
        <time>2026-05-25T17:12:55Z</time>
      </trkpt>
      <trkpt lat="33.59444" lon="-117.77676">
        <ele>187.06</ele>
        <time>2026-05-25T17:12:58Z</time>
      </trkpt>
      <trkpt lat="33.59447" lon="-117.77676">
        <ele>186.18</ele>
        <time>2026-05-25T17:13:01Z</time>
      </trkpt>
      <trkpt lat="33.5945" lon="-117.77675">
        <ele>185.02</ele>
        <time>2026-05-25T17:13:04Z</time>
      </trkpt>
      <trkpt lat="33.59452" lon="-117.77674">
        <ele>184.27</ele>
        <time>2026-05-25T17:13:07Z</time>
      </trkpt>
      <trkpt lat="33.59456" lon="-117.77674">
        <ele>183.24</ele>
        <time>2026-05-25T17:13:11Z</time>
      </trkpt>
      <trkpt lat="33.59459" lon="-117.77673">
        <ele>182.36</ele>
        <time>2026-05-25T17:13:15Z</time>
      </trkpt>
      <trkpt lat="33.59462" lon="-117.77672">
        <ele>181.4</ele>
        <time>2026-05-25T17:13:19Z</time>
      </trkpt>
      <trkpt lat="33.59465" lon="-117.77671">
        <ele>180.72</ele>
        <time>2026-05-25T17:13:23Z</time>
      </trkpt>
      <trkpt lat="33.59468" lon="-117.77669">
        <ele>179.96</ele>
        <time>2026-05-25T17:13:27Z</time>
      </trkpt>
      <trkpt lat="33.59471" lon="-117.77667">
        <ele>179.2</ele>
        <time>2026-05-25T17:13:31Z</time>
      </trkpt>
      <trkpt lat="33.59472" lon="-117.77664">
        <ele>178.45</ele>
        <time>2026-05-25T17:13:34Z</time>
      </trkpt>
      <trkpt lat="33.5947" lon="-117.77659">
        <ele>177.78</ele>
        <time>2026-05-25T17:13:36Z</time>
      </trkpt>
      <trkpt lat="33.5947" lon="-117.77655">
        <ele>177.1</ele>
        <time>2026-05-25T17:13:38Z</time>
      </trkpt>
      <trkpt lat="33.5947" lon="-117.77652">
        <ele>176.62</ele>
        <time>2026-05-25T17:13:42Z</time>
      </trkpt>
      <trkpt lat="33.5947" lon="-117.77648">
        <ele>176.0</ele>
        <time>2026-05-25T17:13:47Z</time>
      </trkpt>
      <trkpt lat="33.59471" lon="-117.77645">
        <ele>176.04</ele>
        <time>2026-05-25T17:13:51Z</time>
      </trkpt>
      <trkpt lat="33.59472" lon="-117.77641">
        <ele>176.02</ele>
        <time>2026-05-25T17:13:54Z</time>
      </trkpt>
      <trkpt lat="33.59473" lon="-117.77638">
        <ele>175.93</ele>
        <time>2026-05-25T17:13:57Z</time>
      </trkpt>
      <trkpt lat="33.59474" lon="-117.77634">
        <ele>176.14</ele>
        <time>2026-05-25T17:14:00Z</time>
      </trkpt>
      <trkpt lat="33.59475" lon="-117.7763">
        <ele>176.36</ele>
        <time>2026-05-25T17:14:03Z</time>
      </trkpt>
      <trkpt lat="33.59475" lon="-117.77626">
        <ele>176.4</ele>
        <time>2026-05-25T17:14:06Z</time>
      </trkpt>
      <trkpt lat="33.59476" lon="-117.77622">
        <ele>176.18</ele>
        <time>2026-05-25T17:14:10Z</time>
      </trkpt>
      <trkpt lat="33.59477" lon="-117.77619">
        <ele>175.9</ele>
        <time>2026-05-25T17:14:14Z</time>
      </trkpt>
      <trkpt lat="33.59477" lon="-117.77615">
        <ele>175.69</ele>
        <time>2026-05-25T17:14:17Z</time>
      </trkpt>
      <trkpt lat="33.59478" lon="-117.77612">
        <ele>175.41</ele>
        <time>2026-05-25T17:14:20Z</time>
      </trkpt>
      <trkpt lat="33.59479" lon="-117.77609">
        <ele>175.27</ele>
        <time>2026-05-25T17:14:23Z</time>
      </trkpt>
      <trkpt lat="33.5948" lon="-117.77606">
        <ele>175.16</ele>
        <time>2026-05-25T17:14:26Z</time>
      </trkpt>
      <trkpt lat="33.5948" lon="-117.77603">
        <ele>175.16</ele>
        <time>2026-05-25T17:14:29Z</time>
      </trkpt>
      <trkpt lat="33.59481" lon="-117.77599">
        <ele>174.74</ele>
        <time>2026-05-25T17:14:32Z</time>
      </trkpt>
      <trkpt lat="33.59482" lon="-117.77595">
        <ele>174.16</ele>
        <time>2026-05-25T17:14:34Z</time>
      </trkpt>
      <trkpt lat="33.59482" lon="-117.77591">
        <ele>173.73</ele>
        <time>2026-05-25T17:14:36Z</time>
      </trkpt>
      <trkpt lat="33.59483" lon="-117.77587">
        <ele>173.17</ele>
        <time>2026-05-25T17:14:38Z</time>
      </trkpt>
      <trkpt lat="33.59483" lon="-117.77584">
        <ele>172.9</ele>
        <time>2026-05-25T17:14:40Z</time>
      </trkpt>
      <trkpt lat="33.59484" lon="-117.77579">
        <ele>172.39</ele>
        <time>2026-05-25T17:14:43Z</time>
      </trkpt>
      <trkpt lat="33.59485" lon="-117.77576">
        <ele>172.13</ele>
        <time>2026-05-25T17:14:47Z</time>
      </trkpt>
      <trkpt lat="33.59486" lon="-117.77579">
        <ele>172.27</ele>
        <time>2026-05-25T17:14:51Z</time>
      </trkpt>
      <trkpt lat="33.59486" lon="-117.77583">
        <ele>172.49</ele>
        <time>2026-05-25T17:14:56Z</time>
      </trkpt>
      <trkpt lat="33.59481" lon="-117.77582">
        <ele>172.91</ele>
        <time>2026-05-25T17:22:17Z</time>
      </trkpt>
      <trkpt lat="33.59481" lon="-117.77577">
        <ele>172.37</ele>
        <time>2026-05-25T17:22:48Z</time>
      </trkpt>
      <trkpt lat="33.59481" lon="-117.77572">
        <ele>172.05</ele>
        <time>2026-05-25T17:22:52Z</time>
      </trkpt>
      <trkpt lat="33.59477" lon="-117.77569">
        <ele>172.48</ele>
        <time>2026-05-25T17:22:56Z</time>
      </trkpt>
      <trkpt lat="33.59472" lon="-117.77567">
        <ele>173.02</ele>
        <time>2026-05-25T17:22:58Z</time>
      </trkpt>
      <trkpt lat="33.59468" lon="-117.77566">
        <ele>173.18</ele>
        <time>2026-05-25T17:23:00Z</time>
      </trkpt>
      <trkpt lat="33.59465" lon="-117.77565">
        <ele>173.05</ele>
        <time>2026-05-25T17:23:02Z</time>
      </trkpt>
      <trkpt lat="33.59462" lon="-117.77563">
        <ele>173.38</ele>
        <time>2026-05-25T17:23:05Z</time>
      </trkpt>
      <trkpt lat="33.59458" lon="-117.77562">
        <ele>174.82</ele>
        <time>2026-05-25T17:23:08Z</time>
      </trkpt>
      <trkpt lat="33.59455" lon="-117.77561">
        <ele>175.73</ele>
        <time>2026-05-25T17:23:11Z</time>
      </trkpt>
      <trkpt lat="33.59452" lon="-117.7756">
        <ele>176.78</ele>
        <time>2026-05-25T17:23:14Z</time>
      </trkpt>
      <trkpt lat="33.59449" lon="-117.77558">
        <ele>177.69</ele>
        <time>2026-05-25T17:23:18Z</time>
      </trkpt>
      <trkpt lat="33.59447" lon="-117.77556">
        <ele>178.03</ele>
        <time>2026-05-25T17:23:21Z</time>
      </trkpt>
      <trkpt lat="33.59445" lon="-117.77553">
        <ele>177.41</ele>
        <time>2026-05-25T17:23:24Z</time>
      </trkpt>
      <trkpt lat="33.59444" lon="-117.7755">
        <ele>176.3</ele>
        <time>2026-05-25T17:23:26Z</time>
      </trkpt>
      <trkpt lat="33.59442" lon="-117.77546">
        <ele>175.76</ele>
        <time>2026-05-25T17:23:29Z</time>
      </trkpt>
      <trkpt lat="33.59441" lon="-117.77542">
        <ele>175.16</ele>
        <time>2026-05-25T17:23:32Z</time>
      </trkpt>
      <trkpt lat="33.59439" lon="-117.77538">
        <ele>174.74</ele>
        <time>2026-05-25T17:23:35Z</time>
      </trkpt>
      <trkpt lat="33.59438" lon="-117.77535">
        <ele>173.9</ele>
        <time>2026-05-25T17:23:37Z</time>
      </trkpt>
      <trkpt lat="33.59436" lon="-117.77532">
        <ele>173.47</ele>
        <time>2026-05-25T17:23:39Z</time>
      </trkpt>
      <trkpt lat="33.59435" lon="-117.77529">
        <ele>172.7</ele>
        <time>2026-05-25T17:23:41Z</time>
      </trkpt>
      <trkpt lat="33.59433" lon="-117.77526">
        <ele>173.89</ele>
        <time>2026-05-25T17:23:43Z</time>
      </trkpt>
      <trkpt lat="33.59432" lon="-117.77523">
        <ele>174.4</ele>
        <time>2026-05-25T17:23:45Z</time>
      </trkpt>
      <trkpt lat="33.5943" lon="-117.77518">
        <ele>175.39</ele>
        <time>2026-05-25T17:23:48Z</time>
      </trkpt>
      <trkpt lat="33.59429" lon="-117.77513">
        <ele>175.15</ele>
        <time>2026-05-25T17:23:51Z</time>
      </trkpt>
      <trkpt lat="33.59427" lon="-117.77509">
        <ele>175.37</ele>
        <time>2026-05-25T17:23:54Z</time>
      </trkpt>
      <trkpt lat="33.59427" lon="-117.77504">
        <ele>174.35</ele>
        <time>2026-05-25T17:23:57Z</time>
      </trkpt>
      <trkpt lat="33.59426" lon="-117.77499">
        <ele>173.75</ele>
        <time>2026-05-25T17:24:00Z</time>
      </trkpt>
      <trkpt lat="33.59426" lon="-117.77494">
        <ele>172.68</ele>
        <time>2026-05-25T17:24:03Z</time>
      </trkpt>
      <trkpt lat="33.59425" lon="-117.7749">
        <ele>172.44</ele>
        <time>2026-05-25T17:24:06Z</time>
      </trkpt>
      <trkpt lat="33.59425" lon="-117.77485">
        <ele>171.36</ele>
        <time>2026-05-25T17:24:09Z</time>
      </trkpt>
      <trkpt lat="33.59424" lon="-117.77479">
        <ele>170.92</ele>
        <time>2026-05-25T17:24:13Z</time>
      </trkpt>
      <trkpt lat="33.59422" lon="-117.77474">
        <ele>171.39</ele>
        <time>2026-05-25T17:24:17Z</time>
      </trkpt>
      <trkpt lat="33.59421" lon="-117.77469">
        <ele>170.96</ele>
        <time>2026-05-25T17:24:21Z</time>
      </trkpt>
      <trkpt lat="33.59419" lon="-117.77464">
        <ele>170.96</ele>
        <time>2026-05-25T17:24:25Z</time>
      </trkpt>
      <trkpt lat="33.59417" lon="-117.77459">
        <ele>170.6</ele>
        <time>2026-05-25T17:24:29Z</time>
      </trkpt>
      <trkpt lat="33.59415" lon="-117.77454">
        <ele>169.63</ele>
        <time>2026-05-25T17:24:33Z</time>
      </trkpt>
      <trkpt lat="33.59413" lon="-117.7745">
        <ele>169.63</ele>
        <time>2026-05-25T17:24:37Z</time>
      </trkpt>
      <trkpt lat="33.59412" lon="-117.77446">
        <ele>169.26</ele>
        <time>2026-05-25T17:24:40Z</time>
      </trkpt>
      <trkpt lat="33.5941" lon="-117.77442">
        <ele>168.91</ele>
        <time>2026-05-25T17:24:43Z</time>
      </trkpt>
      <trkpt lat="33.59409" lon="-117.77438">
        <ele>168.26</ele>
        <time>2026-05-25T17:24:46Z</time>
      </trkpt>
      <trkpt lat="33.59407" lon="-117.77434">
        <ele>168.04</ele>
        <time>2026-05-25T17:24:49Z</time>
      </trkpt>
      <trkpt lat="33.59406" lon="-117.77431">
        <ele>168.15</ele>
        <time>2026-05-25T17:24:52Z</time>
      </trkpt>
      <trkpt lat="33.59405" lon="-117.77427">
        <ele>168.26</ele>
        <time>2026-05-25T17:24:55Z</time>
      </trkpt>
      <trkpt lat="33.59403" lon="-117.77423">
        <ele>168.16</ele>
        <time>2026-05-25T17:24:58Z</time>
      </trkpt>
      <trkpt lat="33.59402" lon="-117.77419">
        <ele>167.84</ele>
        <time>2026-05-25T17:25:01Z</time>
      </trkpt>
      <trkpt lat="33.594" lon="-117.77415">
        <ele>167.58</ele>
        <time>2026-05-25T17:25:04Z</time>
      </trkpt>
      <trkpt lat="33.59398" lon="-117.77411">
        <ele>167.42</ele>
        <time>2026-05-25T17:25:07Z</time>
      </trkpt>
      <trkpt lat="33.59397" lon="-117.77407">
        <ele>167.24</ele>
        <time>2026-05-25T17:25:10Z</time>
      </trkpt>
      <trkpt lat="33.59395" lon="-117.77403">
        <ele>167.52</ele>
        <time>2026-05-25T17:25:13Z</time>
      </trkpt>
      <trkpt lat="33.59394" lon="-117.77399">
        <ele>167.49</ele>
        <time>2026-05-25T17:25:16Z</time>
      </trkpt>
      <trkpt lat="33.5939" lon="-117.774">
        <ele>168.06</ele>
        <time>2026-05-25T17:25:22Z</time>
      </trkpt>
      <trkpt lat="33.59386" lon="-117.77399">
        <ele>168.69</ele>
        <time>2026-05-25T17:25:27Z</time>
      </trkpt>
      <trkpt lat="33.59384" lon="-117.77396">
        <ele>168.82</ele>
        <time>2026-05-25T17:25:30Z</time>
      </trkpt>
      <trkpt lat="33.59383" lon="-117.7739">
        <ele>168.39</ele>
        <time>2026-05-25T17:25:33Z</time>
      </trkpt>
      <trkpt lat="33.59382" lon="-117.77386">
        <ele>168.1</ele>
        <time>2026-05-25T17:25:35Z</time>
      </trkpt>
      <trkpt lat="33.59381" lon="-117.77382">
        <ele>167.85</ele>
        <time>2026-05-25T17:25:37Z</time>
      </trkpt>
      <trkpt lat="33.59379" lon="-117.77376">
        <ele>167.74</ele>
        <time>2026-05-25T17:25:40Z</time>
      </trkpt>
      <trkpt lat="33.59378" lon="-117.77372">
        <ele>167.53</ele>
        <time>2026-05-25T17:25:43Z</time>
      </trkpt>
      <trkpt lat="33.59376" lon="-117.77367">
        <ele>167.28</ele>
        <time>2026-05-25T17:25:46Z</time>
      </trkpt>
      <trkpt lat="33.59375" lon="-117.77363">
        <ele>166.81</ele>
        <time>2026-05-25T17:25:49Z</time>
      </trkpt>
      <trkpt lat="33.59374" lon="-117.77359">
        <ele>166.61</ele>
        <time>2026-05-25T17:25:52Z</time>
      </trkpt>
      <trkpt lat="33.59372" lon="-117.77354">
        <ele>166.82</ele>
        <time>2026-05-25T17:25:55Z</time>
      </trkpt>
      <trkpt lat="33.59371" lon="-117.7735">
        <ele>167.12</ele>
        <time>2026-05-25T17:25:58Z</time>
      </trkpt>
      <trkpt lat="33.5937" lon="-117.77346">
        <ele>167.79</ele>
        <time>2026-05-25T17:26:01Z</time>
      </trkpt>
      <trkpt lat="33.59371" lon="-117.77342">
        <ele>167.91</ele>
        <time>2026-05-25T17:26:04Z</time>
      </trkpt>
      <trkpt lat="33.59372" lon="-117.77338">
        <ele>167.88</ele>
        <time>2026-05-25T17:26:07Z</time>
      </trkpt>
      <trkpt lat="33.59373" lon="-117.77334">
        <ele>167.57</ele>
        <time>2026-05-25T17:26:10Z</time>
      </trkpt>
      <trkpt lat="33.59372" lon="-117.7733">
        <ele>168.25</ele>
        <time>2026-05-25T17:26:13Z</time>
      </trkpt>
      <trkpt lat="33.59372" lon="-117.77326">
        <ele>168.4</ele>
        <time>2026-05-25T17:26:16Z</time>
      </trkpt>
      <trkpt lat="33.59373" lon="-117.77322">
        <ele>167.99</ele>
        <time>2026-05-25T17:26:19Z</time>
      </trkpt>
      <trkpt lat="33.59373" lon="-117.77318">
        <ele>167.68</ele>
        <time>2026-05-25T17:26:22Z</time>
      </trkpt>
      <trkpt lat="33.59374" lon="-117.77314">
        <ele>167.07</ele>
        <time>2026-05-25T17:26:25Z</time>
      </trkpt>
      <trkpt lat="33.59375" lon="-117.7731">
        <ele>166.22</ele>
        <time>2026-05-25T17:26:28Z</time>
      </trkpt>
      <trkpt lat="33.59374" lon="-117.77306">
        <ele>165.69</ele>
        <time>2026-05-25T17:26:31Z</time>
      </trkpt>
      <trkpt lat="33.59371" lon="-117.77305">
        <ele>165.88</ele>
        <time>2026-05-25T17:26:34Z</time>
      </trkpt>
      <trkpt lat="33.59368" lon="-117.77304">
        <ele>166.51</ele>
        <time>2026-05-25T17:26:37Z</time>
      </trkpt>
      <trkpt lat="33.59364" lon="-117.77302">
        <ele>167.15</ele>
        <time>2026-05-25T17:26:40Z</time>
      </trkpt>
      <trkpt lat="33.59362" lon="-117.773">
        <ele>167.03</ele>
        <time>2026-05-25T17:26:43Z</time>
      </trkpt>
      <trkpt lat="33.59359" lon="-117.77298">
        <ele>167.19</ele>
        <time>2026-05-25T17:26:46Z</time>
      </trkpt>
      <trkpt lat="33.59357" lon="-117.77294">
        <ele>166.97</ele>
        <time>2026-05-25T17:26:49Z</time>
      </trkpt>
      <trkpt lat="33.59355" lon="-117.77292">
        <ele>167.21</ele>
        <time>2026-05-25T17:26:51Z</time>
      </trkpt>
      <trkpt lat="33.59354" lon="-117.77289">
        <ele>166.91</ele>
        <time>2026-05-25T17:26:53Z</time>
      </trkpt>
      <trkpt lat="33.59352" lon="-117.77286">
        <ele>166.64</ele>
        <time>2026-05-25T17:26:55Z</time>
      </trkpt>
      <trkpt lat="33.5935" lon="-117.77283">
        <ele>166.07</ele>
        <time>2026-05-25T17:26:57Z</time>
      </trkpt>
      <trkpt lat="33.59348" lon="-117.7728">
        <ele>165.77</ele>
        <time>2026-05-25T17:26:59Z</time>
      </trkpt>
      <trkpt lat="33.59347" lon="-117.77276">
        <ele>165.0</ele>
        <time>2026-05-25T17:27:01Z</time>
      </trkpt>
      <trkpt lat="33.59345" lon="-117.77274">
        <ele>165.0</ele>
        <time>2026-05-25T17:27:03Z</time>
      </trkpt>
      <trkpt lat="33.59342" lon="-117.77272">
        <ele>165.26</ele>
        <time>2026-05-25T17:27:06Z</time>
      </trkpt>
      <trkpt lat="33.59338" lon="-117.77269">
        <ele>165.15</ele>
        <time>2026-05-25T17:27:09Z</time>
      </trkpt>
      <trkpt lat="33.59336" lon="-117.77266">
        <ele>164.34</ele>
        <time>2026-05-25T17:27:11Z</time>
      </trkpt>
      <trkpt lat="33.59335" lon="-117.77263">
        <ele>163.26</ele>
        <time>2026-05-25T17:27:13Z</time>
      </trkpt>
      <trkpt lat="33.59333" lon="-117.77261">
        <ele>162.9</ele>
        <time>2026-05-25T17:27:15Z</time>
      </trkpt>
      <trkpt lat="33.5933" lon="-117.77258">
        <ele>163.21</ele>
        <time>2026-05-25T17:27:18Z</time>
      </trkpt>
      <trkpt lat="33.59326" lon="-117.77258">
        <ele>164.82</ele>
        <time>2026-05-25T17:27:21Z</time>
      </trkpt>
      <trkpt lat="33.59323" lon="-117.77257">
        <ele>165.91</ele>
        <time>2026-05-25T17:27:24Z</time>
      </trkpt>
      <trkpt lat="33.59321" lon="-117.77255">
        <ele>166.31</ele>
        <time>2026-05-25T17:27:26Z</time>
      </trkpt>
      <trkpt lat="33.59319" lon="-117.77252">
        <ele>166.08</ele>
        <time>2026-05-25T17:27:28Z</time>
      </trkpt>
      <trkpt lat="33.59317" lon="-117.77248">
        <ele>164.96</ele>
        <time>2026-05-25T17:27:31Z</time>
      </trkpt>
      <trkpt lat="33.59315" lon="-117.77244">
        <ele>163.08</ele>
        <time>2026-05-25T17:27:34Z</time>
      </trkpt>
      <trkpt lat="33.59312" lon="-117.77243">
        <ele>164.29</ele>
        <time>2026-05-25T17:27:37Z</time>
      </trkpt>
      <trkpt lat="33.59309" lon="-117.7724">
        <ele>164.49</ele>
        <time>2026-05-25T17:27:40Z</time>
      </trkpt>
      <trkpt lat="33.59307" lon="-117.77237">
        <ele>164.3</ele>
        <time>2026-05-25T17:27:43Z</time>
      </trkpt>
      <trkpt lat="33.59304" lon="-117.77234">
        <ele>164.08</ele>
        <time>2026-05-25T17:27:46Z</time>
      </trkpt>
      <trkpt lat="33.59302" lon="-117.77231">
        <ele>163.29</ele>
        <time>2026-05-25T17:27:49Z</time>
      </trkpt>
      <trkpt lat="33.593" lon="-117.77227">
        <ele>161.88</ele>
        <time>2026-05-25T17:27:52Z</time>
      </trkpt>
      <trkpt lat="33.59297" lon="-117.77224">
        <ele>160.97</ele>
        <time>2026-05-25T17:27:55Z</time>
      </trkpt>
      <trkpt lat="33.59295" lon="-117.7722">
        <ele>160.15</ele>
        <time>2026-05-25T17:27:58Z</time>
      </trkpt>
      <trkpt lat="33.59293" lon="-117.77217">
        <ele>160.25</ele>
        <time>2026-05-25T17:28:01Z</time>
      </trkpt>
      <trkpt lat="33.59289" lon="-117.77218">
        <ele>162.31</ele>
        <time>2026-05-25T17:28:05Z</time>
      </trkpt>
      <trkpt lat="33.59286" lon="-117.77219">
        <ele>164.13</ele>
        <time>2026-05-25T17:28:09Z</time>
      </trkpt>
      <trkpt lat="33.59286" lon="-117.77215">
        <ele>162.35</ele>
        <time>2026-05-25T17:28:14Z</time>
      </trkpt>
      <trkpt lat="33.59286" lon="-117.77212">
        <ele>161.3</ele>
        <time>2026-05-25T17:28:17Z</time>
      </trkpt>
      <trkpt lat="33.59285" lon="-117.77208">
        <ele>160.87</ele>
        <time>2026-05-25T17:28:20Z</time>
      </trkpt>
      <trkpt lat="33.59284" lon="-117.77206">
        <ele>160.57</ele>
        <time>2026-05-25T17:28:23Z</time>
      </trkpt>
      <trkpt lat="33.59282" lon="-117.77203">
        <ele>159.89</ele>
        <time>2026-05-25T17:28:26Z</time>
      </trkpt>
      <trkpt lat="33.59279" lon="-117.77201">
        <ele>159.67</ele>
        <time>2026-05-25T17:28:29Z</time>
      </trkpt>
      <trkpt lat="33.59276" lon="-117.772">
        <ele>160.33</ele>
        <time>2026-05-25T17:28:31Z</time>
      </trkpt>
      <trkpt lat="33.59273" lon="-117.77198">
        <ele>161.01</ele>
        <time>2026-05-25T17:28:33Z</time>
      </trkpt>
      <trkpt lat="33.5927" lon="-117.77195">
        <ele>160.89</ele>
        <time>2026-05-25T17:28:36Z</time>
      </trkpt>
      <trkpt lat="33.59268" lon="-117.77193">
        <ele>160.91</ele>
        <time>2026-05-25T17:28:38Z</time>
      </trkpt>
      <trkpt lat="33.59266" lon="-117.77189">
        <ele>160.91</ele>
        <time>2026-05-25T17:28:40Z</time>
      </trkpt>
      <trkpt lat="33.59264" lon="-117.77184">
        <ele>160.83</ele>
        <time>2026-05-25T17:28:42Z</time>
      </trkpt>
      <trkpt lat="33.59263" lon="-117.7718">
        <ele>160.72</ele>
        <time>2026-05-25T17:28:44Z</time>
      </trkpt>
      <trkpt lat="33.59262" lon="-117.77177">
        <ele>160.57</ele>
        <time>2026-05-25T17:28:46Z</time>
      </trkpt>
      <trkpt lat="33.59261" lon="-117.77174">
        <ele>160.42</ele>
        <time>2026-05-25T17:28:48Z</time>
      </trkpt>
      <trkpt lat="33.59259" lon="-117.7717">
        <ele>160.38</ele>
        <time>2026-05-25T17:28:51Z</time>
      </trkpt>
      <trkpt lat="33.59258" lon="-117.77165">
        <ele>159.46</ele>
        <time>2026-05-25T17:28:54Z</time>
      </trkpt>
      <trkpt lat="33.59257" lon="-117.77161">
        <ele>158.16</ele>
        <time>2026-05-25T17:28:57Z</time>
      </trkpt>
      <trkpt lat="33.59257" lon="-117.77158">
        <ele>157.19</ele>
        <time>2026-05-25T17:29:00Z</time>
      </trkpt>
      <trkpt lat="33.5926" lon="-117.77158">
        <ele>157.11</ele>
        <time>2026-05-25T17:29:07Z</time>
      </trkpt>
      <trkpt lat="33.59262" lon="-117.77156">
        <ele>156.38</ele>
        <time>2026-05-25T17:29:17Z</time>
      </trkpt>
      <trkpt lat="33.59261" lon="-117.77152">
        <ele>155.39</ele>
        <time>2026-05-25T17:29:21Z</time>
      </trkpt>
      <trkpt lat="33.59262" lon="-117.77147">
        <ele>154.16</ele>
        <time>2026-05-25T17:29:24Z</time>
      </trkpt>
      <trkpt lat="33.59262" lon="-117.77144">
        <ele>153.02</ele>
        <time>2026-05-25T17:29:27Z</time>
      </trkpt>
      <trkpt lat="33.59262" lon="-117.7714">
        <ele>151.49</ele>
        <time>2026-05-25T17:29:30Z</time>
      </trkpt>
      <trkpt lat="33.59262" lon="-117.77137">
        <ele>150.44</ele>
        <time>2026-05-25T17:29:33Z</time>
      </trkpt>
      <trkpt lat="33.59262" lon="-117.77132">
        <ele>148.76</ele>
        <time>2026-05-25T17:29:37Z</time>
      </trkpt>
      <trkpt lat="33.59263" lon="-117.77129">
        <ele>148.81</ele>
        <time>2026-05-25T17:29:40Z</time>
      </trkpt>
      <trkpt lat="33.59263" lon="-117.77127">
        <ele>148.07</ele>
        <time>2026-05-25T17:29:49Z</time>
      </trkpt>
      <trkpt lat="33.59265" lon="-117.77124">
        <ele>149.0</ele>
        <time>2026-05-25T17:29:56Z</time>
      </trkpt>
      <trkpt lat="33.59266" lon="-117.7712">
        <ele>148.48</ele>
        <time>2026-05-25T17:30:02Z</time>
      </trkpt>
      <trkpt lat="33.59267" lon="-117.77116">
        <ele>148.66</ele>
        <time>2026-05-25T17:30:07Z</time>
      </trkpt>
      <trkpt lat="33.59267" lon="-117.77112">
        <ele>147.86</ele>
        <time>2026-05-25T17:30:11Z</time>
      </trkpt>
      <trkpt lat="33.59267" lon="-117.77109">
        <ele>147.5</ele>
        <time>2026-05-25T17:30:15Z</time>
      </trkpt>
      <trkpt lat="33.59266" lon="-117.77106">
        <ele>146.42</ele>
        <time>2026-05-25T17:30:20Z</time>
      </trkpt>
      <trkpt lat="33.59265" lon="-117.77102">
        <ele>145.35</ele>
        <time>2026-05-25T17:30:24Z</time>
      </trkpt>
      <trkpt lat="33.59264" lon="-117.77099">
        <ele>144.58</ele>
        <time>2026-05-25T17:30:28Z</time>
      </trkpt>
      <trkpt lat="33.59263" lon="-117.77096">
        <ele>143.95</ele>
        <time>2026-05-25T17:30:33Z</time>
      </trkpt>
      <trkpt lat="33.59262" lon="-117.77092">
        <ele>143.4</ele>
        <time>2026-05-25T17:30:38Z</time>
      </trkpt>
      <trkpt lat="33.59262" lon="-117.77089">
        <ele>142.98</ele>
        <time>2026-05-25T17:30:43Z</time>
      </trkpt>
      <trkpt lat="33.59261" lon="-117.77085">
        <ele>141.97</ele>
        <time>2026-05-25T17:30:46Z</time>
      </trkpt>
      <trkpt lat="33.59261" lon="-117.77081">
        <ele>142.05</ele>
        <time>2026-05-25T17:30:49Z</time>
      </trkpt>
      <trkpt lat="33.5926" lon="-117.77078">
        <ele>141.94</ele>
        <time>2026-05-25T17:30:56Z</time>
      </trkpt>
      <trkpt lat="33.59259" lon="-117.77075">
        <ele>141.65</ele>
        <time>2026-05-25T17:31:00Z</time>
      </trkpt>
      <trkpt lat="33.59259" lon="-117.77071">
        <ele>141.43</ele>
        <time>2026-05-25T17:31:04Z</time>
      </trkpt>
      <trkpt lat="33.59259" lon="-117.77068">
        <ele>141.11</ele>
        <time>2026-05-25T17:31:07Z</time>
      </trkpt>
      <trkpt lat="33.59258" lon="-117.77064">
        <ele>139.67</ele>
        <time>2026-05-25T17:31:11Z</time>
      </trkpt>
      <trkpt lat="33.59258" lon="-117.77061">
        <ele>138.79</ele>
        <time>2026-05-25T17:31:15Z</time>
      </trkpt>
      <trkpt lat="33.59258" lon="-117.77057">
        <ele>137.61</ele>
        <time>2026-05-25T17:31:19Z</time>
      </trkpt>
      <trkpt lat="33.59258" lon="-117.77053">
        <ele>137.26</ele>
        <time>2026-05-25T17:31:23Z</time>
      </trkpt>
      <trkpt lat="33.59258" lon="-117.77049">
        <ele>137.38</ele>
        <time>2026-05-25T17:31:27Z</time>
      </trkpt>
      <trkpt lat="33.59258" lon="-117.77045">
        <ele>138.2</ele>
        <time>2026-05-25T17:31:31Z</time>
      </trkpt>
      <trkpt lat="33.59257" lon="-117.77042">
        <ele>139.24</ele>
        <time>2026-05-25T17:31:35Z</time>
      </trkpt>
      <trkpt lat="33.59255" lon="-117.77041">
        <ele>138.28</ele>
        <time>2026-05-25T17:31:43Z</time>
      </trkpt>
      <trkpt lat="33.59252" lon="-117.7704">
        <ele>136.28</ele>
        <time>2026-05-25T17:31:48Z</time>
      </trkpt>
      <trkpt lat="33.5925" lon="-117.77038">
        <ele>134.9</ele>
        <time>2026-05-25T17:31:52Z</time>
      </trkpt>
      <trkpt lat="33.59247" lon="-117.77036">
        <ele>134.65</ele>
        <time>2026-05-25T17:31:57Z</time>
      </trkpt>
      <trkpt lat="33.59244" lon="-117.77035">
        <ele>134.01</ele>
        <time>2026-05-25T17:32:01Z</time>
      </trkpt>
      <trkpt lat="33.59241" lon="-117.77032">
        <ele>133.12</ele>
        <time>2026-05-25T17:32:05Z</time>
      </trkpt>
      <trkpt lat="33.59239" lon="-117.77029">
        <ele>131.91</ele>
        <time>2026-05-25T17:32:08Z</time>
      </trkpt>
      <trkpt lat="33.59237" lon="-117.77027">
        <ele>131.11</ele>
        <time>2026-05-25T17:32:12Z</time>
      </trkpt>
      <trkpt lat="33.59235" lon="-117.77025">
        <ele>130.31</ele>
        <time>2026-05-25T17:32:16Z</time>
      </trkpt>
      <trkpt lat="33.59233" lon="-117.77022">
        <ele>129.55</ele>
        <time>2026-05-25T17:32:21Z</time>
      </trkpt>
      <trkpt lat="33.5923" lon="-117.7702">
        <ele>128.1</ele>
        <time>2026-05-25T17:32:28Z</time>
      </trkpt>
      <trkpt lat="33.59228" lon="-117.77017">
        <ele>127.93</ele>
        <time>2026-05-25T17:32:35Z</time>
      </trkpt>
      <trkpt lat="33.59226" lon="-117.77015">
        <ele>127.55</ele>
        <time>2026-05-25T17:32:40Z</time>
      </trkpt>
      <trkpt lat="33.59224" lon="-117.77013">
        <ele>127.07</ele>
        <time>2026-05-25T17:32:44Z</time>
      </trkpt>
      <trkpt lat="33.59222" lon="-117.7701">
        <ele>126.74</ele>
        <time>2026-05-25T17:32:48Z</time>
      </trkpt>
      <trkpt lat="33.59219" lon="-117.77008">
        <ele>125.79</ele>
        <time>2026-05-25T17:32:52Z</time>
      </trkpt>
      <trkpt lat="33.59217" lon="-117.77006">
        <ele>125.29</ele>
        <time>2026-05-25T17:32:54Z</time>
      </trkpt>
      <trkpt lat="33.59215" lon="-117.77002">
        <ele>125.28</ele>
        <time>2026-05-25T17:32:57Z</time>
      </trkpt>
      <trkpt lat="33.59214" lon="-117.76998">
        <ele>125.0</ele>
        <time>2026-05-25T17:33:01Z</time>
      </trkpt>
      <trkpt lat="33.59212" lon="-117.76995">
        <ele>123.46</ele>
        <time>2026-05-25T17:33:05Z</time>
      </trkpt>
      <trkpt lat="33.59211" lon="-117.76992">
        <ele>122.4</ele>
        <time>2026-05-25T17:33:09Z</time>
      </trkpt>
      <trkpt lat="33.59209" lon="-117.76989">
        <ele>121.13</ele>
        <time>2026-05-25T17:33:13Z</time>
      </trkpt>
      <trkpt lat="33.59208" lon="-117.76986">
        <ele>120.31</ele>
        <time>2026-05-25T17:33:17Z</time>
      </trkpt>
      <trkpt lat="33.59207" lon="-117.76982">
        <ele>119.21</ele>
        <time>2026-05-25T17:33:21Z</time>
      </trkpt>
      <trkpt lat="33.59206" lon="-117.76979">
        <ele>119.09</ele>
        <time>2026-05-25T17:33:25Z</time>
      </trkpt>
      <trkpt lat="33.59204" lon="-117.76976">
        <ele>118.91</ele>
        <time>2026-05-25T17:33:29Z</time>
      </trkpt>
      <trkpt lat="33.59203" lon="-117.76972">
        <ele>119.63</ele>
        <time>2026-05-25T17:33:33Z</time>
      </trkpt>
      <trkpt lat="33.59202" lon="-117.76969">
        <ele>119.27</ele>
        <time>2026-05-25T17:33:36Z</time>
      </trkpt>
      <trkpt lat="33.592" lon="-117.76966">
        <ele>118.81</ele>
        <time>2026-05-25T17:33:39Z</time>
      </trkpt>
      <trkpt lat="33.59199" lon="-117.76963">
        <ele>118.98</ele>
        <time>2026-05-25T17:33:42Z</time>
      </trkpt>
      <trkpt lat="33.59198" lon="-117.7696">
        <ele>120.29</ele>
        <time>2026-05-25T17:33:45Z</time>
      </trkpt>
      <trkpt lat="33.59195" lon="-117.76958">
        <ele>120.33</ele>
        <time>2026-05-25T17:33:48Z</time>
      </trkpt>
      <trkpt lat="33.5919" lon="-117.76959">
        <ele>118.34</ele>
        <time>2026-05-25T17:33:50Z</time>
      </trkpt>
      <trkpt lat="33.59187" lon="-117.76959">
        <ele>117.42</ele>
        <time>2026-05-25T17:33:52Z</time>
      </trkpt>
      <trkpt lat="33.59184" lon="-117.76958">
        <ele>116.61</ele>
        <time>2026-05-25T17:33:55Z</time>
      </trkpt>
      <trkpt lat="33.59181" lon="-117.76956">
        <ele>115.58</ele>
        <time>2026-05-25T17:33:58Z</time>
      </trkpt>
      <trkpt lat="33.5918" lon="-117.76952">
        <ele>115.67</ele>
        <time>2026-05-25T17:34:01Z</time>
      </trkpt>
      <trkpt lat="33.59179" lon="-117.76948">
        <ele>116.3</ele>
        <time>2026-05-25T17:34:05Z</time>
      </trkpt>
      <trkpt lat="33.59177" lon="-117.76944">
        <ele>116.53</ele>
        <time>2026-05-25T17:34:08Z</time>
      </trkpt>
      <trkpt lat="33.59175" lon="-117.76941">
        <ele>115.83</ele>
        <time>2026-05-25T17:34:11Z</time>
      </trkpt>
      <trkpt lat="33.59173" lon="-117.76937">
        <ele>114.97</ele>
        <time>2026-05-25T17:34:14Z</time>
      </trkpt>
      <trkpt lat="33.59172" lon="-117.76933">
        <ele>114.59</ele>
        <time>2026-05-25T17:34:17Z</time>
      </trkpt>
      <trkpt lat="33.59171" lon="-117.76929">
        <ele>114.12</ele>
        <time>2026-05-25T17:34:20Z</time>
      </trkpt>
      <trkpt lat="33.59169" lon="-117.76926">
        <ele>112.76</ele>
        <time>2026-05-25T17:34:23Z</time>
      </trkpt>
      <trkpt lat="33.59168" lon="-117.76923">
        <ele>113.27</ele>
        <time>2026-05-25T17:34:26Z</time>
      </trkpt>
      <trkpt lat="33.59167" lon="-117.7692">
        <ele>113.81</ele>
        <time>2026-05-25T17:34:29Z</time>
      </trkpt>
      <trkpt lat="33.59166" lon="-117.76917">
        <ele>114.51</ele>
        <time>2026-05-25T17:34:32Z</time>
      </trkpt>
      <trkpt lat="33.59165" lon="-117.76914">
        <ele>114.15</ele>
        <time>2026-05-25T17:34:35Z</time>
      </trkpt>
      <trkpt lat="33.59164" lon="-117.76911">
        <ele>113.74</ele>
        <time>2026-05-25T17:34:38Z</time>
      </trkpt>
      <trkpt lat="33.59162" lon="-117.76907">
        <ele>113.16</ele>
        <time>2026-05-25T17:34:42Z</time>
      </trkpt>
      <trkpt lat="33.59161" lon="-117.76904">
        <ele>113.94</ele>
        <time>2026-05-25T17:34:45Z</time>
      </trkpt>
      <trkpt lat="33.59158" lon="-117.76902">
        <ele>113.08</ele>
        <time>2026-05-25T17:34:50Z</time>
      </trkpt>
      <trkpt lat="33.59156" lon="-117.769">
        <ele>113.1</ele>
        <time>2026-05-25T17:34:54Z</time>
      </trkpt>
      <trkpt lat="33.59153" lon="-117.76897">
        <ele>113.37</ele>
        <time>2026-05-25T17:34:57Z</time>
      </trkpt>
      <trkpt lat="33.5915" lon="-117.76895">
        <ele>112.94</ele>
        <time>2026-05-25T17:34:59Z</time>
      </trkpt>
      <trkpt lat="33.59147" lon="-117.76893">
        <ele>112.18</ele>
        <time>2026-05-25T17:35:01Z</time>
      </trkpt>
      <trkpt lat="33.59144" lon="-117.7689">
        <ele>111.54</ele>
        <time>2026-05-25T17:35:03Z</time>
      </trkpt>
      <trkpt lat="33.59142" lon="-117.76888">
        <ele>111.2</ele>
        <time>2026-05-25T17:35:05Z</time>
      </trkpt>
      <trkpt lat="33.59138" lon="-117.76886">
        <ele>109.93</ele>
        <time>2026-05-25T17:35:08Z</time>
      </trkpt>
      <trkpt lat="33.59135" lon="-117.76885">
        <ele>108.74</ele>
        <time>2026-05-25T17:35:11Z</time>
      </trkpt>
      <trkpt lat="33.59133" lon="-117.76882">
        <ele>108.2</ele>
        <time>2026-05-25T17:35:14Z</time>
      </trkpt>
      <trkpt lat="33.59134" lon="-117.76878">
        <ele>109.49</ele>
        <time>2026-05-25T17:35:18Z</time>
      </trkpt>
      <trkpt lat="33.59131" lon="-117.76876">
        <ele>108.55</ele>
        <time>2026-05-25T17:35:22Z</time>
      </trkpt>
      <trkpt lat="33.59129" lon="-117.76874">
        <ele>108.17</ele>
        <time>2026-05-25T17:35:27Z</time>
      </trkpt>
      <trkpt lat="33.59126" lon="-117.76872">
        <ele>107.89</ele>
        <time>2026-05-25T17:35:31Z</time>
      </trkpt>
      <trkpt lat="33.59124" lon="-117.76869">
        <ele>107.47</ele>
        <time>2026-05-25T17:35:34Z</time>
      </trkpt>
      <trkpt lat="33.59122" lon="-117.76867">
        <ele>107.26</ele>
        <time>2026-05-25T17:35:37Z</time>
      </trkpt>
      <trkpt lat="33.5912" lon="-117.76865">
        <ele>107.14</ele>
        <time>2026-05-25T17:35:40Z</time>
      </trkpt>
      <trkpt lat="33.59118" lon="-117.76862">
        <ele>107.78</ele>
        <time>2026-05-25T17:35:43Z</time>
      </trkpt>
      <trkpt lat="33.59116" lon="-117.76859">
        <ele>108.36</ele>
        <time>2026-05-25T17:35:46Z</time>
      </trkpt>
      <trkpt lat="33.59114" lon="-117.76857">
        <ele>108.42</ele>
        <time>2026-05-25T17:35:49Z</time>
      </trkpt>
      <trkpt lat="33.59111" lon="-117.76855">
        <ele>107.94</ele>
        <time>2026-05-25T17:35:52Z</time>
      </trkpt>
      <trkpt lat="33.59109" lon="-117.76852">
        <ele>106.86</ele>
        <time>2026-05-25T17:35:55Z</time>
      </trkpt>
      <trkpt lat="33.59107" lon="-117.76849">
        <ele>105.57</ele>
        <time>2026-05-25T17:35:58Z</time>
      </trkpt>
      <trkpt lat="33.59107" lon="-117.76846">
        <ele>105.36</ele>
        <time>2026-05-25T17:36:02Z</time>
      </trkpt>
      <trkpt lat="33.59108" lon="-117.76842">
        <ele>105.31</ele>
        <time>2026-05-25T17:36:06Z</time>
      </trkpt>
      <trkpt lat="33.59108" lon="-117.76839">
        <ele>105.2</ele>
        <time>2026-05-25T17:36:10Z</time>
      </trkpt>
      <trkpt lat="33.59107" lon="-117.76836">
        <ele>105.03</ele>
        <time>2026-05-25T17:36:18Z</time>
      </trkpt>
      <trkpt lat="33.59106" lon="-117.76832">
        <ele>104.83</ele>
        <time>2026-05-25T17:36:22Z</time>
      </trkpt>
      <trkpt lat="33.59105" lon="-117.76829">
        <ele>104.23</ele>
        <time>2026-05-25T17:36:28Z</time>
      </trkpt>
      <trkpt lat="33.59104" lon="-117.76826">
        <ele>103.36</ele>
        <time>2026-05-25T17:36:32Z</time>
      </trkpt>
      <trkpt lat="33.59103" lon="-117.76822">
        <ele>102.58</ele>
        <time>2026-05-25T17:36:36Z</time>
      </trkpt>
      <trkpt lat="33.59101" lon="-117.76819">
        <ele>102.22</ele>
        <time>2026-05-25T17:36:39Z</time>
      </trkpt>
      <trkpt lat="33.59099" lon="-117.76816">
        <ele>102.43</ele>
        <time>2026-05-25T17:36:42Z</time>
      </trkpt>
      <trkpt lat="33.59096" lon="-117.76813">
        <ele>102.8</ele>
        <time>2026-05-25T17:36:45Z</time>
      </trkpt>
      <trkpt lat="33.59094" lon="-117.7681">
        <ele>102.72</ele>
        <time>2026-05-25T17:36:48Z</time>
      </trkpt>
      <trkpt lat="33.59091" lon="-117.76807">
        <ele>102.46</ele>
        <time>2026-05-25T17:36:51Z</time>
      </trkpt>
      <trkpt lat="33.59089" lon="-117.76805">
        <ele>102.35</ele>
        <time>2026-05-25T17:36:54Z</time>
      </trkpt>
      <trkpt lat="33.59087" lon="-117.76801">
        <ele>101.91</ele>
        <time>2026-05-25T17:36:57Z</time>
      </trkpt>
      <trkpt lat="33.59085" lon="-117.76798">
        <ele>100.96</ele>
        <time>2026-05-25T17:37:00Z</time>
      </trkpt>
      <trkpt lat="33.59084" lon="-117.76795">
        <ele>100.23</ele>
        <time>2026-05-25T17:37:03Z</time>
      </trkpt>
      <trkpt lat="33.59083" lon="-117.76792">
        <ele>100.11</ele>
        <time>2026-05-25T17:37:06Z</time>
      </trkpt>
      <trkpt lat="33.59081" lon="-117.76789">
        <ele>100.61</ele>
        <time>2026-05-25T17:37:09Z</time>
      </trkpt>
      <trkpt lat="33.59079" lon="-117.76786">
        <ele>100.94</ele>
        <time>2026-05-25T17:37:12Z</time>
      </trkpt>
      <trkpt lat="33.59077" lon="-117.76783">
        <ele>101.21</ele>
        <time>2026-05-25T17:37:16Z</time>
      </trkpt>
      <trkpt lat="33.59075" lon="-117.7678">
        <ele>101.19</ele>
        <time>2026-05-25T17:37:20Z</time>
      </trkpt>
      <trkpt lat="33.59073" lon="-117.76777">
        <ele>100.74</ele>
        <time>2026-05-25T17:37:24Z</time>
      </trkpt>
      <trkpt lat="33.59071" lon="-117.76775">
        <ele>100.27</ele>
        <time>2026-05-25T17:37:29Z</time>
      </trkpt>
      <trkpt lat="33.59068" lon="-117.76776">
        <ele>100.21</ele>
        <time>2026-05-25T17:37:34Z</time>
      </trkpt>
      <trkpt lat="33.59065" lon="-117.76776">
        <ele>100.01</ele>
        <time>2026-05-25T17:37:38Z</time>
      </trkpt>
      <trkpt lat="33.59062" lon="-117.76777">
        <ele>99.95</ele>
        <time>2026-05-25T17:37:42Z</time>
      </trkpt>
      <trkpt lat="33.59058" lon="-117.76777">
        <ele>99.88</ele>
        <time>2026-05-25T17:37:44Z</time>
      </trkpt>
      <trkpt lat="33.59053" lon="-117.76776">
        <ele>99.17</ele>
        <time>2026-05-25T17:37:46Z</time>
      </trkpt>
      <trkpt lat="33.5905" lon="-117.76776">
        <ele>98.65</ele>
        <time>2026-05-25T17:37:48Z</time>
      </trkpt>
      <trkpt lat="33.59047" lon="-117.76775">
        <ele>98.11</ele>
        <time>2026-05-25T17:37:51Z</time>
      </trkpt>
      <trkpt lat="33.59044" lon="-117.76775">
        <ele>97.98</ele>
        <time>2026-05-25T17:37:54Z</time>
      </trkpt>
      <trkpt lat="33.59041" lon="-117.76775">
        <ele>97.94</ele>
        <time>2026-05-25T17:37:57Z</time>
      </trkpt>
      <trkpt lat="33.59038" lon="-117.76776">
        <ele>97.62</ele>
        <time>2026-05-25T17:38:00Z</time>
      </trkpt>
      <trkpt lat="33.59035" lon="-117.76776">
        <ele>97.36</ele>
        <time>2026-05-25T17:38:03Z</time>
      </trkpt>
      <trkpt lat="33.59031" lon="-117.76776">
        <ele>96.92</ele>
        <time>2026-05-25T17:38:07Z</time>
      </trkpt>
      <trkpt lat="33.59029" lon="-117.76776">
        <ele>96.71</ele>
        <time>2026-05-25T17:38:15Z</time>
      </trkpt>
      <trkpt lat="33.59027" lon="-117.76774">
        <ele>97.14</ele>
        <time>2026-05-25T17:38:29Z</time>
      </trkpt>
      <trkpt lat="33.59024" lon="-117.76773">
        <ele>97.14</ele>
        <time>2026-05-25T17:38:36Z</time>
      </trkpt>
      <trkpt lat="33.59021" lon="-117.76772">
        <ele>97.14</ele>
        <time>2026-05-25T17:38:41Z</time>
      </trkpt>
      <trkpt lat="33.59017" lon="-117.76772">
        <ele>96.83</ele>
        <time>2026-05-25T17:38:45Z</time>
      </trkpt>
      <trkpt lat="33.59015" lon="-117.76771">
        <ele>97.02</ele>
        <time>2026-05-25T17:38:48Z</time>
      </trkpt>
      <trkpt lat="33.59012" lon="-117.76768">
        <ele>97.33</ele>
        <time>2026-05-25T17:38:51Z</time>
      </trkpt>
      <trkpt lat="33.59011" lon="-117.76765">
        <ele>97.33</ele>
        <time>2026-05-25T17:38:53Z</time>
      </trkpt>
      <trkpt lat="33.59009" lon="-117.76762">
        <ele>96.98</ele>
        <time>2026-05-25T17:38:56Z</time>
      </trkpt>
      <trkpt lat="33.59007" lon="-117.76759">
        <ele>96.55</ele>
        <time>2026-05-25T17:38:59Z</time>
      </trkpt>
      <trkpt lat="33.59005" lon="-117.76755">
        <ele>96.58</ele>
        <time>2026-05-25T17:39:02Z</time>
      </trkpt>
      <trkpt lat="33.59003" lon="-117.76752">
        <ele>96.16</ele>
        <time>2026-05-25T17:39:04Z</time>
      </trkpt>
      <trkpt lat="33.59002" lon="-117.76749">
        <ele>96.15</ele>
        <time>2026-05-25T17:39:06Z</time>
      </trkpt>
      <trkpt lat="33.59001" lon="-117.76746">
        <ele>96.44</ele>
        <time>2026-05-25T17:39:08Z</time>
      </trkpt>
      <trkpt lat="33.58998" lon="-117.76743">
        <ele>95.86</ele>
        <time>2026-05-25T17:39:11Z</time>
      </trkpt>
      <trkpt lat="33.58996" lon="-117.7674">
        <ele>95.56</ele>
        <time>2026-05-25T17:39:14Z</time>
      </trkpt>
      <trkpt lat="33.58993" lon="-117.76736">
        <ele>95.64</ele>
        <time>2026-05-25T17:39:17Z</time>
      </trkpt>
      <trkpt lat="33.58991" lon="-117.76733">
        <ele>95.64</ele>
        <time>2026-05-25T17:39:19Z</time>
      </trkpt>
      <trkpt lat="33.5899" lon="-117.76731">
        <ele>95.94</ele>
        <time>2026-05-25T17:39:21Z</time>
      </trkpt>
      <trkpt lat="33.58989" lon="-117.76728">
        <ele>96.31</ele>
        <time>2026-05-25T17:39:23Z</time>
      </trkpt>
      <trkpt lat="33.58987" lon="-117.76725">
        <ele>96.31</ele>
        <time>2026-05-25T17:39:25Z</time>
      </trkpt>
      <trkpt lat="33.58985" lon="-117.76721">
        <ele>96.09</ele>
        <time>2026-05-25T17:39:28Z</time>
      </trkpt>
      <trkpt lat="33.58982" lon="-117.76717">
        <ele>95.14</ele>
        <time>2026-05-25T17:39:31Z</time>
      </trkpt>
      <trkpt lat="33.5898" lon="-117.76714">
        <ele>94.38</ele>
        <time>2026-05-25T17:39:34Z</time>
      </trkpt>
      <trkpt lat="33.58977" lon="-117.76711">
        <ele>93.06</ele>
        <time>2026-05-25T17:39:37Z</time>
      </trkpt>
      <trkpt lat="33.58975" lon="-117.76708">
        <ele>92.41</ele>
        <time>2026-05-25T17:39:40Z</time>
      </trkpt>
      <trkpt lat="33.58973" lon="-117.76704">
        <ele>92.14</ele>
        <time>2026-05-25T17:39:43Z</time>
      </trkpt>
      <trkpt lat="33.58971" lon="-117.76701">
        <ele>92.09</ele>
        <time>2026-05-25T17:39:46Z</time>
      </trkpt>
      <trkpt lat="33.58971" lon="-117.76697">
        <ele>92.04</ele>
        <time>2026-05-25T17:39:49Z</time>
      </trkpt>
      <trkpt lat="33.58974" lon="-117.76693">
        <ele>92.57</ele>
        <time>2026-05-25T17:39:52Z</time>
      </trkpt>
      <trkpt lat="33.58976" lon="-117.76691">
        <ele>93.34</ele>
        <time>2026-05-25T17:39:54Z</time>
      </trkpt>
      <trkpt lat="33.58978" lon="-117.76688">
        <ele>94.38</ele>
        <time>2026-05-25T17:39:58Z</time>
      </trkpt>
      <trkpt lat="33.58979" lon="-117.76693">
        <ele>93.73</ele>
        <time>2026-05-25T17:40:02Z</time>
      </trkpt>
      <trkpt lat="33.58978" lon="-117.76697">
        <ele>93.25</ele>
        <time>2026-05-25T17:40:05Z</time>
      </trkpt>
      <trkpt lat="33.58977" lon="-117.767">
        <ele>93.03</ele>
        <time>2026-05-25T17:40:11Z</time>
      </trkpt>
      <trkpt lat="33.58975" lon="-117.76694">
        <ele>92.66</ele>
        <time>2026-05-25T17:40:39Z</time>
      </trkpt>
      <trkpt lat="33.58973" lon="-117.76688">
        <ele>92.92</ele>
        <time>2026-05-25T17:40:44Z</time>
      </trkpt>
      <trkpt lat="33.58971" lon="-117.76684">
        <ele>92.83</ele>
        <time>2026-05-25T17:40:49Z</time>
      </trkpt>
      <trkpt lat="33.58968" lon="-117.76679">
        <ele>92.15</ele>
        <time>2026-05-25T17:40:52Z</time>
      </trkpt>
      <trkpt lat="33.58966" lon="-117.76675">
        <ele>91.41</ele>
        <time>2026-05-25T17:40:53Z</time>
      </trkpt>
      <trkpt lat="33.58964" lon="-117.76671">
        <ele>90.98</ele>
        <time>2026-05-25T17:40:54Z</time>
      </trkpt>
      <trkpt lat="33.58962" lon="-117.76668">
        <ele>90.89</ele>
        <time>2026-05-25T17:40:55Z</time>
      </trkpt>
      <trkpt lat="33.5896" lon="-117.76664">
        <ele>91.2</ele>
        <time>2026-05-25T17:40:56Z</time>
      </trkpt>
      <trkpt lat="33.58958" lon="-117.76659">
        <ele>91.38</ele>
        <time>2026-05-25T17:40:58Z</time>
      </trkpt>
      <trkpt lat="33.58956" lon="-117.76655">
        <ele>90.92</ele>
        <time>2026-05-25T17:41:00Z</time>
      </trkpt>
      <trkpt lat="33.58954" lon="-117.7665">
        <ele>89.51</ele>
        <time>2026-05-25T17:41:03Z</time>
      </trkpt>
      <trkpt lat="33.58953" lon="-117.76646">
        <ele>89.29</ele>
        <time>2026-05-25T17:41:06Z</time>
      </trkpt>
      <trkpt lat="33.58952" lon="-117.76643">
        <ele>89.63</ele>
        <time>2026-05-25T17:41:09Z</time>
      </trkpt>
      <trkpt lat="33.58949" lon="-117.76639">
        <ele>90.53</ele>
        <time>2026-05-25T17:41:13Z</time>
      </trkpt>
      <trkpt lat="33.58946" lon="-117.76637">
        <ele>91.19</ele>
        <time>2026-05-25T17:41:17Z</time>
      </trkpt>
      <trkpt lat="33.58944" lon="-117.76633">
        <ele>90.78</ele>
        <time>2026-05-25T17:41:21Z</time>
      </trkpt>
      <trkpt lat="33.58942" lon="-117.76629">
        <ele>90.25</ele>
        <time>2026-05-25T17:41:25Z</time>
      </trkpt>
      <trkpt lat="33.58939" lon="-117.76627">
        <ele>90.42</ele>
        <time>2026-05-25T17:41:29Z</time>
      </trkpt>
      <trkpt lat="33.58936" lon="-117.76624">
        <ele>90.36</ele>
        <time>2026-05-25T17:41:33Z</time>
      </trkpt>
      <trkpt lat="33.58934" lon="-117.7662">
        <ele>89.91</ele>
        <time>2026-05-25T17:41:37Z</time>
      </trkpt>
      <trkpt lat="33.58931" lon="-117.76618">
        <ele>89.37</ele>
        <time>2026-05-25T17:41:41Z</time>
      </trkpt>
      <trkpt lat="33.58929" lon="-117.76621">
        <ele>90.11</ele>
        <time>2026-05-25T17:41:45Z</time>
      </trkpt>
      <trkpt lat="33.58926" lon="-117.76624">
        <ele>90.78</ele>
        <time>2026-05-25T17:41:49Z</time>
      </trkpt>
      <trkpt lat="33.58923" lon="-117.76623">
        <ele>91.06</ele>
        <time>2026-05-25T17:41:53Z</time>
      </trkpt>
      <trkpt lat="33.58921" lon="-117.76621">
        <ele>90.74</ele>
        <time>2026-05-25T17:41:56Z</time>
      </trkpt>
      <trkpt lat="33.58918" lon="-117.76619">
        <ele>90.29</ele>
        <time>2026-05-25T17:41:59Z</time>
      </trkpt>
      <trkpt lat="33.58915" lon="-117.76615">
        <ele>89.12</ele>
        <time>2026-05-25T17:42:02Z</time>
      </trkpt>
      <trkpt lat="33.58913" lon="-117.76613">
        <ele>88.69</ele>
        <time>2026-05-25T17:42:04Z</time>
      </trkpt>
      <trkpt lat="33.58909" lon="-117.76611">
        <ele>88.64</ele>
        <time>2026-05-25T17:42:06Z</time>
      </trkpt>
      <trkpt lat="33.58905" lon="-117.76609">
        <ele>89.73</ele>
        <time>2026-05-25T17:42:08Z</time>
      </trkpt>
      <trkpt lat="33.58902" lon="-117.76607">
        <ele>90.51</ele>
        <time>2026-05-25T17:42:10Z</time>
      </trkpt>
      <trkpt lat="33.589" lon="-117.76606">
        <ele>91.01</ele>
        <time>2026-05-25T17:42:12Z</time>
      </trkpt>
      <trkpt lat="33.58896" lon="-117.76603">
        <ele>91.89</ele>
        <time>2026-05-25T17:42:15Z</time>
      </trkpt>
      <trkpt lat="33.58894" lon="-117.766">
        <ele>92.09</ele>
        <time>2026-05-25T17:42:18Z</time>
      </trkpt>
      <trkpt lat="33.58891" lon="-117.76597">
        <ele>93.06</ele>
        <time>2026-05-25T17:42:21Z</time>
      </trkpt>
      <trkpt lat="33.58889" lon="-117.76593">
        <ele>93.06</ele>
        <time>2026-05-25T17:42:24Z</time>
      </trkpt>
      <trkpt lat="33.58888" lon="-117.76588">
        <ele>91.26</ele>
        <time>2026-05-25T17:42:26Z</time>
      </trkpt>
      <trkpt lat="33.58887" lon="-117.76583">
        <ele>89.32</ele>
        <time>2026-05-25T17:42:28Z</time>
      </trkpt>
      <trkpt lat="33.58886" lon="-117.76579">
        <ele>88.4</ele>
        <time>2026-05-25T17:42:30Z</time>
      </trkpt>
      <trkpt lat="33.58886" lon="-117.76576">
        <ele>87.55</ele>
        <time>2026-05-25T17:42:32Z</time>
      </trkpt>
      <trkpt lat="33.58884" lon="-117.76572">
        <ele>87.01</ele>
        <time>2026-05-25T17:42:35Z</time>
      </trkpt>
      <trkpt lat="33.58882" lon="-117.76569">
        <ele>87.27</ele>
        <time>2026-05-25T17:42:39Z</time>
      </trkpt>
      <trkpt lat="33.58879" lon="-117.76567">
        <ele>87.73</ele>
        <time>2026-05-25T17:42:43Z</time>
      </trkpt>
      <trkpt lat="33.58876" lon="-117.76568">
        <ele>87.53</ele>
        <time>2026-05-25T17:42:47Z</time>
      </trkpt>
      <trkpt lat="33.58873" lon="-117.76569">
        <ele>87.48</ele>
        <time>2026-05-25T17:42:50Z</time>
      </trkpt>
      <trkpt lat="33.5887" lon="-117.76568">
        <ele>87.33</ele>
        <time>2026-05-25T17:42:53Z</time>
      </trkpt>
      <trkpt lat="33.58866" lon="-117.76567">
        <ele>87.12</ele>
        <time>2026-05-25T17:42:56Z</time>
      </trkpt>
      <trkpt lat="33.58863" lon="-117.76566">
        <ele>87.03</ele>
        <time>2026-05-25T17:42:58Z</time>
      </trkpt>
      <trkpt lat="33.5886" lon="-117.76566">
        <ele>86.91</ele>
        <time>2026-05-25T17:43:00Z</time>
      </trkpt>
      <trkpt lat="33.58856" lon="-117.76565">
        <ele>86.47</ele>
        <time>2026-05-25T17:43:03Z</time>
      </trkpt>
      <trkpt lat="33.58853" lon="-117.76565">
        <ele>86.16</ele>
        <time>2026-05-25T17:43:06Z</time>
      </trkpt>
      <trkpt lat="33.58849" lon="-117.76566">
        <ele>86.3</ele>
        <time>2026-05-25T17:43:09Z</time>
      </trkpt>
      <trkpt lat="33.58846" lon="-117.76566">
        <ele>86.34</ele>
        <time>2026-05-25T17:43:12Z</time>
      </trkpt>
      <trkpt lat="33.58842" lon="-117.76566">
        <ele>86.34</ele>
        <time>2026-05-25T17:43:15Z</time>
      </trkpt>
      <trkpt lat="33.58838" lon="-117.76567">
        <ele>86.45</ele>
        <time>2026-05-25T17:43:18Z</time>
      </trkpt>
      <trkpt lat="33.58835" lon="-117.76568">
        <ele>86.78</ele>
        <time>2026-05-25T17:43:21Z</time>
      </trkpt>
      <trkpt lat="33.58831" lon="-117.76567">
        <ele>86.37</ele>
        <time>2026-05-25T17:43:24Z</time>
      </trkpt>
      <trkpt lat="33.58828" lon="-117.76567">
        <ele>86.62</ele>
        <time>2026-05-25T17:43:27Z</time>
      </trkpt>
      <trkpt lat="33.58824" lon="-117.76566">
        <ele>86.52</ele>
        <time>2026-05-25T17:43:30Z</time>
      </trkpt>
      <trkpt lat="33.58821" lon="-117.76564">
        <ele>86.21</ele>
        <time>2026-05-25T17:43:32Z</time>
      </trkpt>
      <trkpt lat="33.58819" lon="-117.76561">
        <ele>85.91</ele>
        <time>2026-05-25T17:43:34Z</time>
      </trkpt>
      <trkpt lat="33.58817" lon="-117.76559">
        <ele>85.66</ele>
        <time>2026-05-25T17:43:36Z</time>
      </trkpt>
      <trkpt lat="33.58813" lon="-117.76557">
        <ele>85.31</ele>
        <time>2026-05-25T17:43:39Z</time>
      </trkpt>
      <trkpt lat="33.5881" lon="-117.76555">
        <ele>85.0</ele>
        <time>2026-05-25T17:43:42Z</time>
      </trkpt>
      <trkpt lat="33.58807" lon="-117.76553">
        <ele>85.0</ele>
        <time>2026-05-25T17:43:45Z</time>
      </trkpt>
      <trkpt lat="33.58804" lon="-117.76552">
        <ele>85.21</ele>
        <time>2026-05-25T17:43:48Z</time>
      </trkpt>
      <trkpt lat="33.58801" lon="-117.76551">
        <ele>85.5</ele>
        <time>2026-05-25T17:43:51Z</time>
      </trkpt>
      <trkpt lat="33.58798" lon="-117.7655">
        <ele>85.65</ele>
        <time>2026-05-25T17:43:54Z</time>
      </trkpt>
      <trkpt lat="33.58794" lon="-117.7655">
        <ele>85.55</ele>
        <time>2026-05-25T17:43:57Z</time>
      </trkpt>
      <trkpt lat="33.58791" lon="-117.76549">
        <ele>85.01</ele>
        <time>2026-05-25T17:44:00Z</time>
      </trkpt>
      <trkpt lat="33.58788" lon="-117.76548">
        <ele>84.47</ele>
        <time>2026-05-25T17:44:03Z</time>
      </trkpt>
      <trkpt lat="33.58785" lon="-117.76547">
        <ele>84.36</ele>
        <time>2026-05-25T17:44:06Z</time>
      </trkpt>
      <trkpt lat="33.58782" lon="-117.76545">
        <ele>84.47</ele>
        <time>2026-05-25T17:44:09Z</time>
      </trkpt>
      <trkpt lat="33.58779" lon="-117.76544">
        <ele>84.65</ele>
        <time>2026-05-25T17:44:12Z</time>
      </trkpt>
      <trkpt lat="33.58776" lon="-117.76543">
        <ele>84.64</ele>
        <time>2026-05-25T17:44:15Z</time>
      </trkpt>
      <trkpt lat="33.58773" lon="-117.76542">
        <ele>84.54</ele>
        <time>2026-05-25T17:44:18Z</time>
      </trkpt>
      <trkpt lat="33.58769" lon="-117.76541">
        <ele>84.43</ele>
        <time>2026-05-25T17:44:21Z</time>
      </trkpt>
      <trkpt lat="33.58766" lon="-117.76539">
        <ele>84.21</ele>
        <time>2026-05-25T17:44:24Z</time>
      </trkpt>
      <trkpt lat="33.58764" lon="-117.76538">
        <ele>84.1</ele>
        <time>2026-05-25T17:44:27Z</time>
      </trkpt>
      <trkpt lat="33.58761" lon="-117.76535">
        <ele>84.0</ele>
        <time>2026-05-25T17:44:32Z</time>
      </trkpt>
      <trkpt lat="33.58758" lon="-117.76534">
        <ele>84.09</ele>
        <time>2026-05-25T17:44:35Z</time>
      </trkpt>
      <trkpt lat="33.58755" lon="-117.76532">
        <ele>84.21</ele>
        <time>2026-05-25T17:44:38Z</time>
      </trkpt>
      <trkpt lat="33.58752" lon="-117.76531">
        <ele>84.27</ele>
        <time>2026-05-25T17:44:41Z</time>
      </trkpt>
      <trkpt lat="33.58749" lon="-117.7653">
        <ele>84.24</ele>
        <time>2026-05-25T17:44:44Z</time>
      </trkpt>
      <trkpt lat="33.58745" lon="-117.76528">
        <ele>84.02</ele>
        <time>2026-05-25T17:44:47Z</time>
      </trkpt>
      <trkpt lat="33.58742" lon="-117.76527">
        <ele>83.98</ele>
        <time>2026-05-25T17:44:50Z</time>
      </trkpt>
      <trkpt lat="33.58739" lon="-117.76526">
        <ele>83.96</ele>
        <time>2026-05-25T17:44:53Z</time>
      </trkpt>
      <trkpt lat="33.58736" lon="-117.76525">
        <ele>83.85</ele>
        <time>2026-05-25T17:44:56Z</time>
      </trkpt>
      <trkpt lat="33.58733" lon="-117.76524">
        <ele>83.66</ele>
        <time>2026-05-25T17:44:59Z</time>
      </trkpt>
      <trkpt lat="33.5873" lon="-117.76523">
        <ele>83.57</ele>
        <time>2026-05-25T17:45:02Z</time>
      </trkpt>
      <trkpt lat="33.58732" lon="-117.7652">
        <ele>83.21</ele>
        <time>2026-05-25T17:45:11Z</time>
      </trkpt>
      <trkpt lat="33.58729" lon="-117.76519">
        <ele>83.31</ele>
        <time>2026-05-25T17:45:16Z</time>
      </trkpt>
      <trkpt lat="33.58726" lon="-117.76517">
        <ele>83.36</ele>
        <time>2026-05-25T17:45:20Z</time>
      </trkpt>
      <trkpt lat="33.58723" lon="-117.76516">
        <ele>83.62</ele>
        <time>2026-05-25T17:45:23Z</time>
      </trkpt>
      <trkpt lat="33.5872" lon="-117.76514">
        <ele>83.39</ele>
        <time>2026-05-25T17:45:26Z</time>
      </trkpt>
      <trkpt lat="33.58717" lon="-117.76512">
        <ele>83.13</ele>
        <time>2026-05-25T17:45:28Z</time>
      </trkpt>
      <trkpt lat="33.58714" lon="-117.76511">
        <ele>83.02</ele>
        <time>2026-05-25T17:45:30Z</time>
      </trkpt>
      <trkpt lat="33.58711" lon="-117.76509">
        <ele>82.99</ele>
        <time>2026-05-25T17:45:32Z</time>
      </trkpt>
      <trkpt lat="33.58707" lon="-117.76507">
        <ele>82.84</ele>
        <time>2026-05-25T17:45:35Z</time>
      </trkpt>
      <trkpt lat="33.58704" lon="-117.76505">
        <ele>82.55</ele>
        <time>2026-05-25T17:45:38Z</time>
      </trkpt>
      <trkpt lat="33.58702" lon="-117.76503">
        <ele>82.45</ele>
        <time>2026-05-25T17:45:41Z</time>
      </trkpt>
      <trkpt lat="33.58699" lon="-117.76501">
        <ele>82.56</ele>
        <time>2026-05-25T17:45:44Z</time>
      </trkpt>
      <trkpt lat="33.58696" lon="-117.76499">
        <ele>82.71</ele>
        <time>2026-05-25T17:45:47Z</time>
      </trkpt>
      <trkpt lat="33.58693" lon="-117.76498">
        <ele>82.78</ele>
        <time>2026-05-25T17:45:50Z</time>
      </trkpt>
      <trkpt lat="33.5869" lon="-117.76496">
        <ele>82.57</ele>
        <time>2026-05-25T17:45:53Z</time>
      </trkpt>
      <trkpt lat="33.58687" lon="-117.76492">
        <ele>82.14</ele>
        <time>2026-05-25T17:45:56Z</time>
      </trkpt>
      <trkpt lat="33.58684" lon="-117.7649">
        <ele>81.85</ele>
        <time>2026-05-25T17:45:59Z</time>
      </trkpt>
      <trkpt lat="33.58681" lon="-117.7649">
        <ele>81.88</ele>
        <time>2026-05-25T17:46:02Z</time>
      </trkpt>
      <trkpt lat="33.58678" lon="-117.7649">
        <ele>81.9</ele>
        <time>2026-05-25T17:46:05Z</time>
      </trkpt>
      <trkpt lat="33.58674" lon="-117.76489">
        <ele>81.85</ele>
        <time>2026-05-25T17:46:08Z</time>
      </trkpt>
      <trkpt lat="33.58671" lon="-117.76488">
        <ele>81.86</ele>
        <time>2026-05-25T17:46:11Z</time>
      </trkpt>
      <trkpt lat="33.58667" lon="-117.76487">
        <ele>81.99</ele>
        <time>2026-05-25T17:46:14Z</time>
      </trkpt>
      <trkpt lat="33.58664" lon="-117.76487">
        <ele>82.0</ele>
        <time>2026-05-25T17:46:17Z</time>
      </trkpt>
      <trkpt lat="33.5866" lon="-117.76487">
        <ele>82.0</ele>
        <time>2026-05-25T17:46:20Z</time>
      </trkpt>
      <trkpt lat="33.58656" lon="-117.76486">
        <ele>82.0</ele>
        <time>2026-05-25T17:46:23Z</time>
      </trkpt>
      <trkpt lat="33.58653" lon="-117.76484">
        <ele>82.0</ele>
        <time>2026-05-25T17:46:26Z</time>
      </trkpt>
      <trkpt lat="33.58649" lon="-117.76483">
        <ele>82.0</ele>
        <time>2026-05-25T17:46:29Z</time>
      </trkpt>
      <trkpt lat="33.58646" lon="-117.76482">
        <ele>82.01</ele>
        <time>2026-05-25T17:46:32Z</time>
      </trkpt>
      <trkpt lat="33.58643" lon="-117.76481">
        <ele>82.0</ele>
        <time>2026-05-25T17:46:35Z</time>
      </trkpt>
      <trkpt lat="33.58639" lon="-117.7648">
        <ele>82.0</ele>
        <time>2026-05-25T17:46:38Z</time>
      </trkpt>
      <trkpt lat="33.58636" lon="-117.76478">
        <ele>82.0</ele>
        <time>2026-05-25T17:46:41Z</time>
      </trkpt>
      <trkpt lat="33.58632" lon="-117.76477">
        <ele>82.0</ele>
        <time>2026-05-25T17:46:44Z</time>
      </trkpt>
      <trkpt lat="33.58629" lon="-117.76476">
        <ele>82.03</ele>
        <time>2026-05-25T17:46:47Z</time>
      </trkpt>
      <trkpt lat="33.58626" lon="-117.76475">
        <ele>82.12</ele>
        <time>2026-05-25T17:46:50Z</time>
      </trkpt>
      <trkpt lat="33.58622" lon="-117.76474">
        <ele>82.16</ele>
        <time>2026-05-25T17:46:53Z</time>
      </trkpt>
      <trkpt lat="33.58619" lon="-117.76472">
        <ele>82.0</ele>
        <time>2026-05-25T17:46:56Z</time>
      </trkpt>
      <trkpt lat="33.58615" lon="-117.76471">
        <ele>81.92</ele>
        <time>2026-05-25T17:46:59Z</time>
      </trkpt>
      <trkpt lat="33.58612" lon="-117.7647">
        <ele>81.78</ele>
        <time>2026-05-25T17:47:02Z</time>
      </trkpt>
      <trkpt lat="33.58608" lon="-117.76469">
        <ele>81.99</ele>
        <time>2026-05-25T17:47:05Z</time>
      </trkpt>
      <trkpt lat="33.58605" lon="-117.76468">
        <ele>82.2</ele>
        <time>2026-05-25T17:47:08Z</time>
      </trkpt>
      <trkpt lat="33.58602" lon="-117.76465">
        <ele>82.2</ele>
        <time>2026-05-25T17:47:10Z</time>
      </trkpt>
      <trkpt lat="33.586" lon="-117.76463">
        <ele>82.2</ele>
        <time>2026-05-25T17:47:12Z</time>
      </trkpt>
      <trkpt lat="33.58598" lon="-117.7646">
        <ele>82.1</ele>
        <time>2026-05-25T17:47:14Z</time>
      </trkpt>
      <trkpt lat="33.58596" lon="-117.76458">
        <ele>82.1</ele>
        <time>2026-05-25T17:47:16Z</time>
      </trkpt>
      <trkpt lat="33.58596" lon="-117.76454">
        <ele>81.66</ele>
        <time>2026-05-25T17:47:18Z</time>
      </trkpt>
      <trkpt lat="33.58597" lon="-117.76451">
        <ele>81.37</ele>
        <time>2026-05-25T17:47:20Z</time>
      </trkpt>
      <trkpt lat="33.58596" lon="-117.76447">
        <ele>81.17</ele>
        <time>2026-05-25T17:47:23Z</time>
      </trkpt>
      <trkpt lat="33.58594" lon="-117.76444">
        <ele>81.0</ele>
        <time>2026-05-25T17:47:25Z</time>
      </trkpt>
      <trkpt lat="33.58592" lon="-117.76442">
        <ele>80.98</ele>
        <time>2026-05-25T17:47:27Z</time>
      </trkpt>
      <trkpt lat="33.58589" lon="-117.76438">
        <ele>80.73</ele>
        <time>2026-05-25T17:47:30Z</time>
      </trkpt>
      <trkpt lat="33.58588" lon="-117.76435">
        <ele>80.5</ele>
        <time>2026-05-25T17:47:33Z</time>
      </trkpt>
      <trkpt lat="33.58587" lon="-117.76432">
        <ele>80.4</ele>
        <time>2026-05-25T17:47:36Z</time>
      </trkpt>
      <trkpt lat="33.58586" lon="-117.76437">
        <ele>80.43</ele>
        <time>2026-05-25T17:47:43Z</time>
      </trkpt>
      <trkpt lat="33.58586" lon="-117.76439">
        <ele>80.58</ele>
        <time>2026-05-25T17:47:48Z</time>
      </trkpt>
      <trkpt lat="33.58585" lon="-117.76435">
        <ele>80.18</ele>
        <time>2026-05-25T17:47:54Z</time>
      </trkpt>
      <trkpt lat="33.58583" lon="-117.76432">
        <ele>80.0</ele>
        <time>2026-05-25T17:47:57Z</time>
      </trkpt>
      <trkpt lat="33.58581" lon="-117.76429">
        <ele>80.0</ele>
        <time>2026-05-25T17:48:00Z</time>
      </trkpt>
      <trkpt lat="33.58579" lon="-117.76427">
        <ele>80.0</ele>
        <time>2026-05-25T17:48:02Z</time>
      </trkpt>
      <trkpt lat="33.58576" lon="-117.76425">
        <ele>80.0</ele>
        <time>2026-05-25T17:48:04Z</time>
      </trkpt>
      <trkpt lat="33.58573" lon="-117.76423">
        <ele>80.0</ele>
        <time>2026-05-25T17:48:06Z</time>
      </trkpt>
      <trkpt lat="33.5857" lon="-117.76421">
        <ele>80.0</ele>
        <time>2026-05-25T17:48:08Z</time>
      </trkpt>
      <trkpt lat="33.58568" lon="-117.76418">
        <ele>80.0</ele>
        <time>2026-05-25T17:48:11Z</time>
      </trkpt>
      <trkpt lat="33.58565" lon="-117.76414">
        <ele>80.0</ele>
        <time>2026-05-25T17:48:14Z</time>
      </trkpt>
      <trkpt lat="33.58563" lon="-117.76411">
        <ele>80.0</ele>
        <time>2026-05-25T17:48:17Z</time>
      </trkpt>
      <trkpt lat="33.58561" lon="-117.76408">
        <ele>80.0</ele>
        <time>2026-05-25T17:48:20Z</time>
      </trkpt>
      <trkpt lat="33.58559" lon="-117.76405">
        <ele>79.84</ele>
        <time>2026-05-25T17:48:23Z</time>
      </trkpt>
      <trkpt lat="33.58556" lon="-117.76402">
        <ele>79.44</ele>
        <time>2026-05-25T17:48:26Z</time>
      </trkpt>
      <trkpt lat="33.58554" lon="-117.76399">
        <ele>79.08</ele>
        <time>2026-05-25T17:48:29Z</time>
      </trkpt>
      <trkpt lat="33.58552" lon="-117.76395">
        <ele>79.0</ele>
        <time>2026-05-25T17:48:32Z</time>
      </trkpt>
      <trkpt lat="33.5855" lon="-117.76392">
        <ele>79.0</ele>
        <time>2026-05-25T17:48:35Z</time>
      </trkpt>
      <trkpt lat="33.58549" lon="-117.76389">
        <ele>79.0</ele>
        <time>2026-05-25T17:48:39Z</time>
      </trkpt>
      <trkpt lat="33.58551" lon="-117.76391">
        <ele>79.0</ele>
        <time>2026-05-25T17:48:44Z</time>
      </trkpt>
      <trkpt lat="33.58552" lon="-117.76394">
        <ele>79.0</ele>
        <time>2026-05-25T17:48:47Z</time>
      </trkpt>
      <trkpt lat="33.5855" lon="-117.76392">
        <ele>79.0</ele>
        <time>2026-05-25T17:48:52Z</time>
      </trkpt>
      <trkpt lat="33.58547" lon="-117.7639">
        <ele>79.0</ele>
        <time>2026-05-25T17:48:55Z</time>
      </trkpt>
      <trkpt lat="33.58545" lon="-117.76386">
        <ele>79.0</ele>
        <time>2026-05-25T17:48:57Z</time>
      </trkpt>
      <trkpt lat="33.58542" lon="-117.76383">
        <ele>79.0</ele>
        <time>2026-05-25T17:48:59Z</time>
      </trkpt>
      <trkpt lat="33.5854" lon="-117.76381">
        <ele>79.0</ele>
        <time>2026-05-25T17:49:04Z</time>
      </trkpt>
      <trkpt lat="33.58538" lon="-117.76379">
        <ele>79.0</ele>
        <time>2026-05-25T17:49:08Z</time>
      </trkpt>
      <trkpt lat="33.58536" lon="-117.76376">
        <ele>78.96</ele>
        <time>2026-05-25T17:49:15Z</time>
      </trkpt>
      <trkpt lat="33.58534" lon="-117.76373">
        <ele>78.77</ele>
        <time>2026-05-25T17:49:19Z</time>
      </trkpt>
      <trkpt lat="33.58532" lon="-117.76369">
        <ele>78.46</ele>
        <time>2026-05-25T17:49:22Z</time>
      </trkpt>
      <trkpt lat="33.5853" lon="-117.76366">
        <ele>78.24</ele>
        <time>2026-05-25T17:49:25Z</time>
      </trkpt>
      <trkpt lat="33.58527" lon="-117.76362">
        <ele>78.0</ele>
        <time>2026-05-25T17:49:28Z</time>
      </trkpt>
      <trkpt lat="33.58524" lon="-117.7636">
        <ele>78.0</ele>
        <time>2026-05-25T17:49:30Z</time>
      </trkpt>
      <trkpt lat="33.58522" lon="-117.76358">
        <ele>78.0</ele>
        <time>2026-05-25T17:49:32Z</time>
      </trkpt>
      <trkpt lat="33.58519" lon="-117.76355">
        <ele>78.0</ele>
        <time>2026-05-25T17:49:35Z</time>
      </trkpt>
      <trkpt lat="33.58516" lon="-117.76352">
        <ele>78.0</ele>
        <time>2026-05-25T17:49:38Z</time>
      </trkpt>
      <trkpt lat="33.58513" lon="-117.7635">
        <ele>78.0</ele>
        <time>2026-05-25T17:49:41Z</time>
      </trkpt>
      <trkpt lat="33.58511" lon="-117.76346">
        <ele>78.0</ele>
        <time>2026-05-25T17:49:44Z</time>
      </trkpt>
      <trkpt lat="33.58509" lon="-117.76343">
        <ele>78.0</ele>
        <time>2026-05-25T17:49:47Z</time>
      </trkpt>
      <trkpt lat="33.58507" lon="-117.7634">
        <ele>77.93</ele>
        <time>2026-05-25T17:49:50Z</time>
      </trkpt>
      <trkpt lat="33.58505" lon="-117.76337">
        <ele>77.72</ele>
        <time>2026-05-25T17:49:53Z</time>
      </trkpt>
      <trkpt lat="33.58502" lon="-117.76334">
        <ele>77.27</ele>
        <time>2026-05-25T17:49:56Z</time>
      </trkpt>
      <trkpt lat="33.58499" lon="-117.76332">
        <ele>77.0</ele>
        <time>2026-05-25T17:49:59Z</time>
      </trkpt>
      <trkpt lat="33.58496" lon="-117.7633">
        <ele>77.0</ele>
        <time>2026-05-25T17:50:02Z</time>
      </trkpt>
      <trkpt lat="33.58494" lon="-117.76328">
        <ele>77.0</ele>
        <time>2026-05-25T17:50:05Z</time>
      </trkpt>
      <trkpt lat="33.58491" lon="-117.76326">
        <ele>77.0</ele>
        <time>2026-05-25T17:50:09Z</time>
      </trkpt>
      <trkpt lat="33.58488" lon="-117.76324">
        <ele>77.0</ele>
        <time>2026-05-25T17:50:13Z</time>
      </trkpt>
      <trkpt lat="33.58486" lon="-117.76321">
        <ele>77.0</ele>
        <time>2026-05-25T17:50:16Z</time>
      </trkpt>
      <trkpt lat="33.58484" lon="-117.76318">
        <ele>77.0</ele>
        <time>2026-05-25T17:50:19Z</time>
      </trkpt>
      <trkpt lat="33.58482" lon="-117.76315">
        <ele>77.0</ele>
        <time>2026-05-25T17:50:22Z</time>
      </trkpt>
      <trkpt lat="33.5848" lon="-117.76313">
        <ele>77.0</ele>
        <time>2026-05-25T17:50:25Z</time>
      </trkpt>
      <trkpt lat="33.58477" lon="-117.7631">
        <ele>77.0</ele>
        <time>2026-05-25T17:50:28Z</time>
      </trkpt>
      <trkpt lat="33.58474" lon="-117.76308">
        <ele>77.0</ele>
        <time>2026-05-25T17:50:31Z</time>
      </trkpt>
      <trkpt lat="33.58471" lon="-117.76305">
        <ele>76.99</ele>
        <time>2026-05-25T17:50:34Z</time>
      </trkpt>
      <trkpt lat="33.58468" lon="-117.76303">
        <ele>76.87</ele>
        <time>2026-05-25T17:50:37Z</time>
      </trkpt>
      <trkpt lat="33.58465" lon="-117.76301">
        <ele>76.62</ele>
        <time>2026-05-25T17:50:40Z</time>
      </trkpt>
      <trkpt lat="33.58462" lon="-117.76299">
        <ele>76.37</ele>
        <time>2026-05-25T17:50:43Z</time>
      </trkpt>
      <trkpt lat="33.58459" lon="-117.76296">
        <ele>76.41</ele>
        <time>2026-05-25T17:50:46Z</time>
      </trkpt>
      <trkpt lat="33.58456" lon="-117.76294">
        <ele>76.57</ele>
        <time>2026-05-25T17:50:49Z</time>
      </trkpt>
      <trkpt lat="33.58453" lon="-117.76292">
        <ele>76.5</ele>
        <time>2026-05-25T17:50:52Z</time>
      </trkpt>
      <trkpt lat="33.5845" lon="-117.76289">
        <ele>76.13</ele>
        <time>2026-05-25T17:50:55Z</time>
      </trkpt>
      <trkpt lat="33.58447" lon="-117.76286">
        <ele>76.0</ele>
        <time>2026-05-25T17:50:58Z</time>
      </trkpt>
      <trkpt lat="33.58444" lon="-117.76283">
        <ele>76.0</ele>
        <time>2026-05-25T17:51:01Z</time>
      </trkpt>
      <trkpt lat="33.58442" lon="-117.76279">
        <ele>76.0</ele>
        <time>2026-05-25T17:51:03Z</time>
      </trkpt>
      <trkpt lat="33.5844" lon="-117.76276">
        <ele>75.91</ele>
        <time>2026-05-25T17:51:05Z</time>
      </trkpt>
      <trkpt lat="33.58437" lon="-117.76274">
        <ele>75.67</ele>
        <time>2026-05-25T17:51:08Z</time>
      </trkpt>
      <trkpt lat="33.58435" lon="-117.7627">
        <ele>75.16</ele>
        <time>2026-05-25T17:51:11Z</time>
      </trkpt>
      <trkpt lat="33.58433" lon="-117.76268">
        <ele>75.0</ele>
        <time>2026-05-25T17:51:13Z</time>
      </trkpt>
      <trkpt lat="33.5843" lon="-117.76265">
        <ele>75.0</ele>
        <time>2026-05-25T17:51:16Z</time>
      </trkpt>
      <trkpt lat="33.58427" lon="-117.76262">
        <ele>75.0</ele>
        <time>2026-05-25T17:51:19Z</time>
      </trkpt>
      <trkpt lat="33.58425" lon="-117.76259">
        <ele>75.0</ele>
        <time>2026-05-25T17:51:22Z</time>
      </trkpt>
      <trkpt lat="33.58422" lon="-117.76256">
        <ele>75.0</ele>
        <time>2026-05-25T17:51:25Z</time>
      </trkpt>
      <trkpt lat="33.5842" lon="-117.76253">
        <ele>75.0</ele>
        <time>2026-05-25T17:51:28Z</time>
      </trkpt>
      <trkpt lat="33.58419" lon="-117.7625">
        <ele>75.0</ele>
        <time>2026-05-25T17:51:31Z</time>
      </trkpt>
      <trkpt lat="33.58416" lon="-117.76247">
        <ele>75.0</ele>
        <time>2026-05-25T17:51:34Z</time>
      </trkpt>
      <trkpt lat="33.58414" lon="-117.76244">
        <ele>75.0</ele>
        <time>2026-05-25T17:51:37Z</time>
      </trkpt>
      <trkpt lat="33.5841" lon="-117.76241">
        <ele>75.0</ele>
        <time>2026-05-25T17:51:40Z</time>
      </trkpt>
      <trkpt lat="33.58408" lon="-117.76238">
        <ele>74.72</ele>
        <time>2026-05-25T17:51:43Z</time>
      </trkpt>
      <trkpt lat="33.58407" lon="-117.76235">
        <ele>74.36</ele>
        <time>2026-05-25T17:51:46Z</time>
      </trkpt>
      <trkpt lat="33.58404" lon="-117.76232">
        <ele>74.04</ele>
        <time>2026-05-25T17:51:49Z</time>
      </trkpt>
      <trkpt lat="33.58402" lon="-117.76228">
        <ele>74.0</ele>
        <time>2026-05-25T17:51:52Z</time>
      </trkpt>
      <trkpt lat="33.58401" lon="-117.76225">
        <ele>74.0</ele>
        <time>2026-05-25T17:51:55Z</time>
      </trkpt>
      <trkpt lat="33.58398" lon="-117.76222">
        <ele>74.0</ele>
        <time>2026-05-25T17:51:58Z</time>
      </trkpt>
      <trkpt lat="33.58395" lon="-117.76221">
        <ele>74.0</ele>
        <time>2026-05-25T17:52:02Z</time>
      </trkpt>
      <trkpt lat="33.58392" lon="-117.7622">
        <ele>74.0</ele>
        <time>2026-05-25T17:52:06Z</time>
      </trkpt>
      <trkpt lat="33.58389" lon="-117.76218">
        <ele>74.0</ele>
        <time>2026-05-25T17:52:09Z</time>
      </trkpt>
      <trkpt lat="33.58386" lon="-117.76217">
        <ele>74.0</ele>
        <time>2026-05-25T17:52:12Z</time>
      </trkpt>
      <trkpt lat="33.58383" lon="-117.76216">
        <ele>74.0</ele>
        <time>2026-05-25T17:52:15Z</time>
      </trkpt>
      <trkpt lat="33.5838" lon="-117.76214">
        <ele>74.0</ele>
        <time>2026-05-25T17:52:18Z</time>
      </trkpt>
      <trkpt lat="33.58377" lon="-117.76212">
        <ele>73.72</ele>
        <time>2026-05-25T17:52:21Z</time>
      </trkpt>
      <trkpt lat="33.58374" lon="-117.7621">
        <ele>73.39</ele>
        <time>2026-05-25T17:52:24Z</time>
      </trkpt>
      <trkpt lat="33.58371" lon="-117.76208">
        <ele>73.07</ele>
        <time>2026-05-25T17:52:27Z</time>
      </trkpt>
      <trkpt lat="33.58368" lon="-117.76206">
        <ele>73.0</ele>
        <time>2026-05-25T17:52:30Z</time>
      </trkpt>
      <trkpt lat="33.58365" lon="-117.76204">
        <ele>73.0</ele>
        <time>2026-05-25T17:52:33Z</time>
      </trkpt>
      <trkpt lat="33.58362" lon="-117.76202">
        <ele>73.18</ele>
        <time>2026-05-25T17:52:36Z</time>
      </trkpt>
      <trkpt lat="33.58359" lon="-117.762">
        <ele>73.31</ele>
        <time>2026-05-25T17:52:39Z</time>
      </trkpt>
      <trkpt lat="33.58355" lon="-117.76199">
        <ele>73.17</ele>
        <time>2026-05-25T17:52:42Z</time>
      </trkpt>
      <trkpt lat="33.58352" lon="-117.76198">
        <ele>73.01</ele>
        <time>2026-05-25T17:52:44Z</time>
      </trkpt>
      <trkpt lat="33.58348" lon="-117.76197">
        <ele>73.0</ele>
        <time>2026-05-25T17:52:46Z</time>
      </trkpt>
      <trkpt lat="33.58345" lon="-117.76196">
        <ele>73.0</ele>
        <time>2026-05-25T17:52:48Z</time>
      </trkpt>
      <trkpt lat="33.58341" lon="-117.76195">
        <ele>72.84</ele>
        <time>2026-05-25T17:52:51Z</time>
      </trkpt>
      <trkpt lat="33.58338" lon="-117.76194">
        <ele>72.5</ele>
        <time>2026-05-25T17:52:54Z</time>
      </trkpt>
      <trkpt lat="33.58334" lon="-117.76193">
        <ele>72.07</ele>
        <time>2026-05-25T17:52:57Z</time>
      </trkpt>
      <trkpt lat="33.5833" lon="-117.76192">
        <ele>72.0</ele>
        <time>2026-05-25T17:53:00Z</time>
      </trkpt>
      <trkpt lat="33.58327" lon="-117.76191">
        <ele>72.0</ele>
        <time>2026-05-25T17:53:03Z</time>
      </trkpt>
      <trkpt lat="33.58324" lon="-117.7619">
        <ele>72.0</ele>
        <time>2026-05-25T17:53:06Z</time>
      </trkpt>
      <trkpt lat="33.5832" lon="-117.7619">
        <ele>72.0</ele>
        <time>2026-05-25T17:53:09Z</time>
      </trkpt>
      <trkpt lat="33.58317" lon="-117.76189">
        <ele>72.0</ele>
        <time>2026-05-25T17:53:12Z</time>
      </trkpt>
      <trkpt lat="33.58314" lon="-117.76188">
        <ele>72.0</ele>
        <time>2026-05-25T17:53:15Z</time>
      </trkpt>
      <trkpt lat="33.5831" lon="-117.76187">
        <ele>72.0</ele>
        <time>2026-05-25T17:53:18Z</time>
      </trkpt>
      <trkpt lat="33.58307" lon="-117.76186">
        <ele>72.0</ele>
        <time>2026-05-25T17:53:21Z</time>
      </trkpt>
      <trkpt lat="33.58304" lon="-117.76185">
        <ele>71.83</ele>
        <time>2026-05-25T17:53:24Z</time>
      </trkpt>
      <trkpt lat="33.583" lon="-117.76185">
        <ele>71.4</ele>
        <time>2026-05-25T17:53:27Z</time>
      </trkpt>
      <trkpt lat="33.58297" lon="-117.76184">
        <ele>71.08</ele>
        <time>2026-05-25T17:53:30Z</time>
      </trkpt>
      <trkpt lat="33.58293" lon="-117.76184">
        <ele>71.0</ele>
        <time>2026-05-25T17:53:33Z</time>
      </trkpt>
      <trkpt lat="33.5829" lon="-117.76183">
        <ele>71.0</ele>
        <time>2026-05-25T17:53:36Z</time>
      </trkpt>
      <trkpt lat="33.58287" lon="-117.76182">
        <ele>71.0</ele>
        <time>2026-05-25T17:53:39Z</time>
      </trkpt>
      <trkpt lat="33.58284" lon="-117.76181">
        <ele>71.0</ele>
        <time>2026-05-25T17:53:42Z</time>
      </trkpt>
      <trkpt lat="33.5828" lon="-117.7618">
        <ele>71.0</ele>
        <time>2026-05-25T17:53:45Z</time>
      </trkpt>
      <trkpt lat="33.58277" lon="-117.76179">
        <ele>71.0</ele>
        <time>2026-05-25T17:53:48Z</time>
      </trkpt>
      <trkpt lat="33.58274" lon="-117.76178">
        <ele>71.0</ele>
        <time>2026-05-25T17:53:51Z</time>
      </trkpt>
      <trkpt lat="33.5827" lon="-117.7618">
        <ele>71.0</ele>
        <time>2026-05-25T17:53:54Z</time>
      </trkpt>
      <trkpt lat="33.58268" lon="-117.76182">
        <ele>71.0</ele>
        <time>2026-05-25T17:53:56Z</time>
      </trkpt>
      <trkpt lat="33.58264" lon="-117.76183">
        <ele>71.0</ele>
        <time>2026-05-25T17:53:59Z</time>
      </trkpt>
      <trkpt lat="33.58261" lon="-117.76183">
        <ele>71.0</ele>
        <time>2026-05-25T17:54:02Z</time>
      </trkpt>
      <trkpt lat="33.58258" lon="-117.76182">
        <ele>71.09</ele>
        <time>2026-05-25T17:54:05Z</time>
      </trkpt>
      <trkpt lat="33.58255" lon="-117.76182">
        <ele>71.3</ele>
        <time>2026-05-25T17:54:08Z</time>
      </trkpt>
      <trkpt lat="33.58252" lon="-117.76181">
        <ele>71.43</ele>
        <time>2026-05-25T17:54:11Z</time>
      </trkpt>
      <trkpt lat="33.58248" lon="-117.76181">
        <ele>71.76</ele>
        <time>2026-05-25T17:54:14Z</time>
      </trkpt>
      <trkpt lat="33.58245" lon="-117.76182">
        <ele>72.2</ele>
        <time>2026-05-25T17:54:17Z</time>
      </trkpt>
      <trkpt lat="33.58242" lon="-117.76183">
        <ele>72.63</ele>
        <time>2026-05-25T17:54:20Z</time>
      </trkpt>
      <trkpt lat="33.5824" lon="-117.76181">
        <ele>72.78</ele>
        <time>2026-05-25T17:54:30Z</time>
      </trkpt>
      <trkpt lat="33.58237" lon="-117.76181">
        <ele>73.72</ele>
        <time>2026-05-25T17:54:34Z</time>
      </trkpt>
      <trkpt lat="33.58234" lon="-117.76182">
        <ele>74.61</ele>
        <time>2026-05-25T17:54:39Z</time>
      </trkpt>
      <trkpt lat="33.58231" lon="-117.76182">
        <ele>75.5</ele>
        <time>2026-05-25T17:54:42Z</time>
      </trkpt>
      <trkpt lat="33.58227" lon="-117.76182">
        <ele>76.8</ele>
        <time>2026-05-25T17:54:46Z</time>
      </trkpt>
      <trkpt lat="33.58224" lon="-117.76183">
        <ele>77.66</ele>
        <time>2026-05-25T17:54:50Z</time>
      </trkpt>
      <trkpt lat="33.58222" lon="-117.76183">
        <ele>78.33</ele>
        <time>2026-05-25T17:54:54Z</time>
      </trkpt>
      <trkpt lat="33.58219" lon="-117.76184">
        <ele>79.48</ele>
        <time>2026-05-25T17:54:59Z</time>
      </trkpt>
      <trkpt lat="33.58216" lon="-117.76184">
        <ele>80.73</ele>
        <time>2026-05-25T17:55:05Z</time>
      </trkpt>
      <trkpt lat="33.58213" lon="-117.76184">
        <ele>81.98</ele>
        <time>2026-05-25T17:55:10Z</time>
      </trkpt>
      <trkpt lat="33.5821" lon="-117.76183">
        <ele>82.56</ele>
        <time>2026-05-25T17:55:22Z</time>
      </trkpt>
      <trkpt lat="33.58209" lon="-117.7618">
        <ele>82.62</ele>
        <time>2026-05-25T17:55:27Z</time>
      </trkpt>
      <trkpt lat="33.58208" lon="-117.76176">
        <ele>82.54</ele>
        <time>2026-05-25T17:55:30Z</time>
      </trkpt>
      <trkpt lat="33.58205" lon="-117.76174">
        <ele>82.09</ele>
        <time>2026-05-25T17:55:34Z</time>
      </trkpt>
      <trkpt lat="33.58202" lon="-117.76174">
        <ele>82.02</ele>
        <time>2026-05-25T17:55:38Z</time>
      </trkpt>
      <trkpt lat="33.58199" lon="-117.76175">
        <ele>82.14</ele>
        <time>2026-05-25T17:55:42Z</time>
      </trkpt>
      <trkpt lat="33.58195" lon="-117.76177">
        <ele>82.07</ele>
        <time>2026-05-25T17:55:46Z</time>
      </trkpt>
      <trkpt lat="33.58192" lon="-117.76178">
        <ele>81.47</ele>
        <time>2026-05-25T17:55:50Z</time>
      </trkpt>
      <trkpt lat="33.5819" lon="-117.7618">
        <ele>81.04</ele>
        <time>2026-05-25T17:55:53Z</time>
      </trkpt>
      <trkpt lat="33.58187" lon="-117.76182">
        <ele>80.39</ele>
        <time>2026-05-25T17:55:57Z</time>
      </trkpt>
      <trkpt lat="33.58185" lon="-117.76185">
        <ele>79.98</ele>
        <time>2026-05-25T17:56:00Z</time>
      </trkpt>
      <trkpt lat="33.58183" lon="-117.76188">
        <ele>80.0</ele>
        <time>2026-05-25T17:56:03Z</time>
      </trkpt>
      <trkpt lat="33.5818" lon="-117.76191">
        <ele>79.72</ele>
        <time>2026-05-25T17:56:06Z</time>
      </trkpt>
      <trkpt lat="33.58178" lon="-117.76194">
        <ele>79.44</ele>
        <time>2026-05-25T17:56:09Z</time>
      </trkpt>
      <trkpt lat="33.58175" lon="-117.76196">
        <ele>79.22</ele>
        <time>2026-05-25T17:56:12Z</time>
      </trkpt>
      <trkpt lat="33.58171" lon="-117.76197">
        <ele>78.87</ele>
        <time>2026-05-25T17:56:15Z</time>
      </trkpt>
      <trkpt lat="33.58168" lon="-117.76198">
        <ele>78.58</ele>
        <time>2026-05-25T17:56:18Z</time>
      </trkpt>
      <trkpt lat="33.58164" lon="-117.76198">
        <ele>77.81</ele>
        <time>2026-05-25T17:56:21Z</time>
      </trkpt>
      <trkpt lat="33.58161" lon="-117.76199">
        <ele>77.27</ele>
        <time>2026-05-25T17:56:29Z</time>
      </trkpt>
      <trkpt lat="33.58157" lon="-117.76201">
        <ele>76.7</ele>
        <time>2026-05-25T17:56:33Z</time>
      </trkpt>
      <trkpt lat="33.58154" lon="-117.76203">
        <ele>76.9</ele>
        <time>2026-05-25T17:56:36Z</time>
      </trkpt>
      <trkpt lat="33.5815" lon="-117.76203">
        <ele>76.86</ele>
        <time>2026-05-25T17:56:39Z</time>
      </trkpt>
      <trkpt lat="33.58146" lon="-117.76204">
        <ele>76.84</ele>
        <time>2026-05-25T17:56:42Z</time>
      </trkpt>
      <trkpt lat="33.58143" lon="-117.76205">
        <ele>76.8</ele>
        <time>2026-05-25T17:56:44Z</time>
      </trkpt>
      <trkpt lat="33.5814" lon="-117.76206">
        <ele>76.83</ele>
        <time>2026-05-25T17:56:47Z</time>
      </trkpt>
      <trkpt lat="33.58137" lon="-117.76206">
        <ele>76.9</ele>
        <time>2026-05-25T17:56:50Z</time>
      </trkpt>
      <trkpt lat="33.58134" lon="-117.76205">
        <ele>76.87</ele>
        <time>2026-05-25T17:56:53Z</time>
      </trkpt>
      <trkpt lat="33.58131" lon="-117.76205">
        <ele>77.15</ele>
        <time>2026-05-25T17:56:56Z</time>
      </trkpt>
      <trkpt lat="33.58127" lon="-117.76205">
        <ele>77.04</ele>
        <time>2026-05-25T17:56:59Z</time>
      </trkpt>
      <trkpt lat="33.58124" lon="-117.76205">
        <ele>76.76</ele>
        <time>2026-05-25T17:57:02Z</time>
      </trkpt>
      <trkpt lat="33.58121" lon="-117.76205">
        <ele>76.48</ele>
        <time>2026-05-25T17:57:05Z</time>
      </trkpt>
      <trkpt lat="33.58118" lon="-117.76205">
        <ele>76.38</ele>
        <time>2026-05-25T17:57:08Z</time>
      </trkpt>
      <trkpt lat="33.58115" lon="-117.76205">
        <ele>76.34</ele>
        <time>2026-05-25T17:57:11Z</time>
      </trkpt>
      <trkpt lat="33.58112" lon="-117.76205">
        <ele>76.29</ele>
        <time>2026-05-25T17:57:14Z</time>
      </trkpt>
      <trkpt lat="33.58108" lon="-117.76205">
        <ele>75.94</ele>
        <time>2026-05-25T17:57:17Z</time>
      </trkpt>
      <trkpt lat="33.58105" lon="-117.76205">
        <ele>75.62</ele>
        <time>2026-05-25T17:57:20Z</time>
      </trkpt>
      <trkpt lat="33.58102" lon="-117.76205">
        <ele>75.3</ele>
        <time>2026-05-25T17:57:23Z</time>
      </trkpt>
      <trkpt lat="33.581" lon="-117.76205">
        <ele>75.11</ele>
        <time>2026-05-25T17:57:26Z</time>
      </trkpt>
      <trkpt lat="33.58097" lon="-117.76205">
        <ele>74.83</ele>
        <time>2026-05-25T17:57:29Z</time>
      </trkpt>
      <trkpt lat="33.58094" lon="-117.76205">
        <ele>74.55</ele>
        <time>2026-05-25T17:57:32Z</time>
      </trkpt>
      <trkpt lat="33.58091" lon="-117.76205">
        <ele>74.4</ele>
        <time>2026-05-25T17:57:35Z</time>
      </trkpt>
      <trkpt lat="33.58088" lon="-117.76205">
        <ele>74.35</ele>
        <time>2026-05-25T17:57:38Z</time>
      </trkpt>
      <trkpt lat="33.58085" lon="-117.76206">
        <ele>74.54</ele>
        <time>2026-05-25T17:57:41Z</time>
      </trkpt>
      <trkpt lat="33.58082" lon="-117.76206">
        <ele>74.32</ele>
        <time>2026-05-25T17:57:44Z</time>
      </trkpt>
      <trkpt lat="33.58078" lon="-117.76207">
        <ele>73.93</ele>
        <time>2026-05-25T17:57:47Z</time>
      </trkpt>
      <trkpt lat="33.58075" lon="-117.76207">
        <ele>73.49</ele>
        <time>2026-05-25T17:57:50Z</time>
      </trkpt>
      <trkpt lat="33.58072" lon="-117.76208">
        <ele>73.12</ele>
        <time>2026-05-25T17:57:53Z</time>
      </trkpt>
      <trkpt lat="33.58068" lon="-117.76208">
        <ele>72.46</ele>
        <time>2026-05-25T17:57:56Z</time>
      </trkpt>
      <trkpt lat="33.58065" lon="-117.7621">
        <ele>72.39</ele>
        <time>2026-05-25T17:57:59Z</time>
      </trkpt>
      <trkpt lat="33.58063" lon="-117.76213">
        <ele>72.61</ele>
        <time>2026-05-25T17:58:01Z</time>
      </trkpt>
      <trkpt lat="33.58061" lon="-117.76215">
        <ele>72.4</ele>
        <time>2026-05-25T17:58:03Z</time>
      </trkpt>
      <trkpt lat="33.58057" lon="-117.76217">
        <ele>71.75</ele>
        <time>2026-05-25T17:58:06Z</time>
      </trkpt>
      <trkpt lat="33.58054" lon="-117.76219">
        <ele>71.32</ele>
        <time>2026-05-25T17:58:09Z</time>
      </trkpt>
      <trkpt lat="33.58051" lon="-117.7622">
        <ele>70.78</ele>
        <time>2026-05-25T17:58:12Z</time>
      </trkpt>
      <trkpt lat="33.58048" lon="-117.76223">
        <ele>70.54</ele>
        <time>2026-05-25T17:58:15Z</time>
      </trkpt>
      <trkpt lat="33.58046" lon="-117.76225">
        <ele>70.54</ele>
        <time>2026-05-25T17:58:18Z</time>
      </trkpt>
      <trkpt lat="33.58045" lon="-117.76228">
        <ele>70.97</ele>
        <time>2026-05-25T17:58:21Z</time>
      </trkpt>
      <trkpt lat="33.58044" lon="-117.76231">
        <ele>71.4</ele>
        <time>2026-05-25T17:58:25Z</time>
      </trkpt>
      <trkpt lat="33.58046" lon="-117.76234">
        <ele>71.66</ele>
        <time>2026-05-25T17:58:33Z</time>
      </trkpt>
      <trkpt lat="33.58043" lon="-117.76233">
        <ele>71.12</ele>
        <time>2026-05-25T17:58:43Z</time>
      </trkpt>
      <trkpt lat="33.58041" lon="-117.76236">
        <ele>70.37</ele>
        <time>2026-05-25T17:58:47Z</time>
      </trkpt>
      <trkpt lat="33.58039" lon="-117.76239">
        <ele>69.61</ele>
        <time>2026-05-25T17:58:51Z</time>
      </trkpt>
      <trkpt lat="33.58036" lon="-117.76242">
        <ele>69.02</ele>
        <time>2026-05-25T17:58:54Z</time>
      </trkpt>
      <trkpt lat="33.58034" lon="-117.76244">
        <ele>69.02</ele>
        <time>2026-05-25T17:58:56Z</time>
      </trkpt>
      <trkpt lat="33.58031" lon="-117.76247">
        <ele>69.02</ele>
        <time>2026-05-25T17:58:59Z</time>
      </trkpt>
      <trkpt lat="33.58028" lon="-117.76249">
        <ele>68.92</ele>
        <time>2026-05-25T17:59:02Z</time>
      </trkpt>
      <trkpt lat="33.58026" lon="-117.76252">
        <ele>69.0</ele>
        <time>2026-05-25T17:59:04Z</time>
      </trkpt>
      <trkpt lat="33.58024" lon="-117.76255">
        <ele>69.0</ele>
        <time>2026-05-25T17:59:06Z</time>
      </trkpt>
      <trkpt lat="33.58022" lon="-117.76258">
        <ele>69.0</ele>
        <time>2026-05-25T17:59:08Z</time>
      </trkpt>
      <trkpt lat="33.5802" lon="-117.7626">
        <ele>69.08</ele>
        <time>2026-05-25T17:59:10Z</time>
      </trkpt>
      <trkpt lat="33.58017" lon="-117.76262">
        <ele>69.25</ele>
        <time>2026-05-25T17:59:13Z</time>
      </trkpt>
      <trkpt lat="33.58013" lon="-117.76264">
        <ele>69.21</ele>
        <time>2026-05-25T17:59:16Z</time>
      </trkpt>
      <trkpt lat="33.58009" lon="-117.76264">
        <ele>69.01</ele>
        <time>2026-05-25T17:59:19Z</time>
      </trkpt>
      <trkpt lat="33.58007" lon="-117.76264">
        <ele>69.12</ele>
        <time>2026-05-25T17:59:21Z</time>
      </trkpt>
      <trkpt lat="33.58004" lon="-117.76263">
        <ele>69.23</ele>
        <time>2026-05-25T17:59:23Z</time>
      </trkpt>
      <trkpt lat="33.58002" lon="-117.7626">
        <ele>69.06</ele>
        <time>2026-05-25T17:59:25Z</time>
      </trkpt>
      <trkpt lat="33.58003" lon="-117.76255">
        <ele>69.0</ele>
        <time>2026-05-25T17:59:27Z</time>
      </trkpt>
      <trkpt lat="33.58004" lon="-117.76251">
        <ele>69.0</ele>
        <time>2026-05-25T17:59:29Z</time>
      </trkpt>
      <trkpt lat="33.58005" lon="-117.76247">
        <ele>68.68</ele>
        <time>2026-05-25T17:59:31Z</time>
      </trkpt>
      <trkpt lat="33.58007" lon="-117.76244">
        <ele>68.35</ele>
        <time>2026-05-25T17:59:33Z</time>
      </trkpt>
      <trkpt lat="33.58007" lon="-117.7624">
        <ele>68.0</ele>
        <time>2026-05-25T17:59:36Z</time>
      </trkpt>
      <trkpt lat="33.58007" lon="-117.76235">
        <ele>68.0</ele>
        <time>2026-05-25T17:59:39Z</time>
      </trkpt>
      <trkpt lat="33.58005" lon="-117.76233">
        <ele>68.0</ele>
        <time>2026-05-25T17:59:42Z</time>
      </trkpt>
      <trkpt lat="33.58003" lon="-117.76231">
        <ele>68.0</ele>
        <time>2026-05-25T17:59:45Z</time>
      </trkpt>
      <trkpt lat="33.58" lon="-117.7623">
        <ele>68.0</ele>
        <time>2026-05-25T17:59:48Z</time>
      </trkpt>
      <trkpt lat="33.57998" lon="-117.76231">
        <ele>68.0</ele>
        <time>2026-05-25T17:59:51Z</time>
      </trkpt>
      <trkpt lat="33.57995" lon="-117.76233">
        <ele>68.0</ele>
        <time>2026-05-25T17:59:54Z</time>
      </trkpt>
      <trkpt lat="33.57992" lon="-117.76234">
        <ele>68.0</ele>
        <time>2026-05-25T17:59:57Z</time>
      </trkpt>
      <trkpt lat="33.57989" lon="-117.76235">
        <ele>68.0</ele>
        <time>2026-05-25T18:00:01Z</time>
      </trkpt>
      <trkpt lat="33.57986" lon="-117.76236">
        <ele>68.0</ele>
        <time>2026-05-25T18:00:04Z</time>
      </trkpt>
      <trkpt lat="33.57983" lon="-117.76236">
        <ele>68.0</ele>
        <time>2026-05-25T18:00:07Z</time>
      </trkpt>
      <trkpt lat="33.5798" lon="-117.76237">
        <ele>68.0</ele>
        <time>2026-05-25T18:00:10Z</time>
      </trkpt>
      <trkpt lat="33.57978" lon="-117.76237">
        <ele>68.0</ele>
        <time>2026-05-25T18:00:13Z</time>
      </trkpt>
      <trkpt lat="33.57974" lon="-117.76238">
        <ele>68.0</ele>
        <time>2026-05-25T18:00:16Z</time>
      </trkpt>
      <trkpt lat="33.57971" lon="-117.76238">
        <ele>68.0</ele>
        <time>2026-05-25T18:00:19Z</time>
      </trkpt>
      <trkpt lat="33.57968" lon="-117.76238">
        <ele>68.0</ele>
        <time>2026-05-25T18:00:22Z</time>
      </trkpt>
      <trkpt lat="33.57965" lon="-117.76238">
        <ele>68.0</ele>
        <time>2026-05-25T18:00:25Z</time>
      </trkpt>
      <trkpt lat="33.57962" lon="-117.76238">
        <ele>68.0</ele>
        <time>2026-05-25T18:00:28Z</time>
      </trkpt>
      <trkpt lat="33.57959" lon="-117.76238">
        <ele>68.0</ele>
        <time>2026-05-25T18:00:31Z</time>
      </trkpt>
      <trkpt lat="33.57956" lon="-117.76238">
        <ele>68.0</ele>
        <time>2026-05-25T18:00:34Z</time>
      </trkpt>
      <trkpt lat="33.57953" lon="-117.76238">
        <ele>68.0</ele>
        <time>2026-05-25T18:00:37Z</time>
      </trkpt>
      <trkpt lat="33.57953" lon="-117.76236">
        <ele>68.0</ele>
        <time>2026-05-25T18:00:49Z</time>
      </trkpt>
    </trkseg>
  </trk>
</gpx>
