<?xml version="1.0"?>
<gpx xmlns="http://www.topografix.com/GPX/1/1" xmlns:xsi="http://www.w3.org/2001/XMLSchema-instance" version="1.1" creator="AllTrails.com" xsi:schemaLocation="http://www.topografix.com/GPX/1/1 http://www.topografix.com/GPX/1/1/gpx.xsd">
  <metadata>
    <name><![CDATA[Big Bend Loop 2]]></name>
    <desc><![CDATA[]]></desc>
    <link href="http://www.alltrails.com">
      <text>AllTrails, LLC</text>
    </link>
    <bounds minlat="33.5643" minlon="-117.77689" maxlat="33.59486" maxlon="-117.76175"/>
  </metadata>
  <trk>
    <name><![CDATA[Big Bend Loop 2]]></name>
    <src>AllTrails</src>
    <trkseg>
      <trkpt lat="33.57667" lon="-117.76291">
        <ele>64.43</ele>
        <time>2026-06-30T15:18:22Z</time>
      </trkpt>
      <trkpt lat="33.57664" lon="-117.76291">
        <ele>64.43</ele>
        <time>2026-06-30T15:18:25Z</time>
      </trkpt>
      <trkpt lat="33.5766" lon="-117.7629">
        <ele>64.32</ele>
        <time>2026-06-30T15:18:28Z</time>
      </trkpt>
      <trkpt lat="33.57656" lon="-117.7629">
        <ele>64.27</ele>
        <time>2026-06-30T15:18:31Z</time>
      </trkpt>
      <trkpt lat="33.57653" lon="-117.76291">
        <ele>64.36</ele>
        <time>2026-06-30T15:18:34Z</time>
      </trkpt>
      <trkpt lat="33.57649" lon="-117.76291">
        <ele>64.3</ele>
        <time>2026-06-30T15:18:37Z</time>
      </trkpt>
      <trkpt lat="33.57646" lon="-117.76291">
        <ele>64.28</ele>
        <time>2026-06-30T15:18:40Z</time>
      </trkpt>
      <trkpt lat="33.57642" lon="-117.76291">
        <ele>64.28</ele>
        <time>2026-06-30T15:18:43Z</time>
      </trkpt>
      <trkpt lat="33.57638" lon="-117.76291">
        <ele>64.23</ele>
        <time>2026-06-30T15:18:46Z</time>
      </trkpt>
      <trkpt lat="33.57634" lon="-117.76291">
        <ele>63.98</ele>
        <time>2026-06-30T15:18:49Z</time>
      </trkpt>
      <trkpt lat="33.57631" lon="-117.76292">
        <ele>64.21</ele>
        <time>2026-06-30T15:18:52Z</time>
      </trkpt>
      <trkpt lat="33.57627" lon="-117.76293">
        <ele>64.21</ele>
        <time>2026-06-30T15:18:55Z</time>
      </trkpt>
      <trkpt lat="33.57624" lon="-117.76293">
        <ele>63.79</ele>
        <time>2026-06-30T15:18:58Z</time>
      </trkpt>
      <trkpt lat="33.5762" lon="-117.76294">
        <ele>63.47</ele>
        <time>2026-06-30T15:19:01Z</time>
      </trkpt>
      <trkpt lat="33.57616" lon="-117.76295">
        <ele>63.31</ele>
        <time>2026-06-30T15:19:04Z</time>
      </trkpt>
      <trkpt lat="33.57614" lon="-117.76297">
        <ele>63.64</ele>
        <time>2026-06-30T15:19:06Z</time>
      </trkpt>
      <trkpt lat="33.57611" lon="-117.76299">
        <ele>64.16</ele>
        <time>2026-06-30T15:19:08Z</time>
      </trkpt>
      <trkpt lat="33.57609" lon="-117.763">
        <ele>64.42</ele>
        <time>2026-06-30T15:19:10Z</time>
      </trkpt>
      <trkpt lat="33.57606" lon="-117.763">
        <ele>64.16</ele>
        <time>2026-06-30T15:19:12Z</time>
      </trkpt>
      <trkpt lat="33.57602" lon="-117.76301">
        <ele>64.03</ele>
        <time>2026-06-30T15:19:15Z</time>
      </trkpt>
      <trkpt lat="33.57598" lon="-117.76301">
        <ele>63.6</ele>
        <time>2026-06-30T15:19:18Z</time>
      </trkpt>
      <trkpt lat="33.57595" lon="-117.76302">
        <ele>63.49</ele>
        <time>2026-06-30T15:19:20Z</time>
      </trkpt>
      <trkpt lat="33.57593" lon="-117.76303">
        <ele>63.49</ele>
        <time>2026-06-30T15:19:22Z</time>
      </trkpt>
      <trkpt lat="33.57589" lon="-117.76304">
        <ele>63.34</ele>
        <time>2026-06-30T15:19:25Z</time>
      </trkpt>
      <trkpt lat="33.57585" lon="-117.76305">
        <ele>63.11</ele>
        <time>2026-06-30T15:19:28Z</time>
      </trkpt>
      <trkpt lat="33.57582" lon="-117.76307">
        <ele>63.16</ele>
        <time>2026-06-30T15:19:31Z</time>
      </trkpt>
      <trkpt lat="33.57578" lon="-117.76309">
        <ele>63.37</ele>
        <time>2026-06-30T15:19:34Z</time>
      </trkpt>
      <trkpt lat="33.57575" lon="-117.76311">
        <ele>63.59</ele>
        <time>2026-06-30T15:19:37Z</time>
      </trkpt>
      <trkpt lat="33.57571" lon="-117.76312">
        <ele>63.6</ele>
        <time>2026-06-30T15:19:40Z</time>
      </trkpt>
      <trkpt lat="33.57567" lon="-117.76314">
        <ele>63.84</ele>
        <time>2026-06-30T15:19:43Z</time>
      </trkpt>
      <trkpt lat="33.57564" lon="-117.76315">
        <ele>63.91</ele>
        <time>2026-06-30T15:19:46Z</time>
      </trkpt>
      <trkpt lat="33.57561" lon="-117.76317">
        <ele>63.69</ele>
        <time>2026-06-30T15:19:49Z</time>
      </trkpt>
      <trkpt lat="33.57557" lon="-117.76318">
        <ele>63.45</ele>
        <time>2026-06-30T15:19:52Z</time>
      </trkpt>
      <trkpt lat="33.57554" lon="-117.76319">
        <ele>63.45</ele>
        <time>2026-06-30T15:19:55Z</time>
      </trkpt>
      <trkpt lat="33.5755" lon="-117.7632">
        <ele>63.56</ele>
        <time>2026-06-30T15:19:58Z</time>
      </trkpt>
      <trkpt lat="33.57547" lon="-117.7632">
        <ele>63.56</ele>
        <time>2026-06-30T15:20:01Z</time>
      </trkpt>
      <trkpt lat="33.57543" lon="-117.76321">
        <ele>63.31</ele>
        <time>2026-06-30T15:20:04Z</time>
      </trkpt>
      <trkpt lat="33.57539" lon="-117.76322">
        <ele>62.99</ele>
        <time>2026-06-30T15:20:07Z</time>
      </trkpt>
      <trkpt lat="33.57536" lon="-117.76324">
        <ele>62.99</ele>
        <time>2026-06-30T15:20:10Z</time>
      </trkpt>
      <trkpt lat="33.57532" lon="-117.76325">
        <ele>63.05</ele>
        <time>2026-06-30T15:20:13Z</time>
      </trkpt>
      <trkpt lat="33.57528" lon="-117.76327">
        <ele>63.01</ele>
        <time>2026-06-30T15:20:16Z</time>
      </trkpt>
      <trkpt lat="33.57525" lon="-117.76328">
        <ele>62.7</ele>
        <time>2026-06-30T15:20:19Z</time>
      </trkpt>
      <trkpt lat="33.57521" lon="-117.76329">
        <ele>62.27</ele>
        <time>2026-06-30T15:20:22Z</time>
      </trkpt>
      <trkpt lat="33.57517" lon="-117.7633">
        <ele>62.0</ele>
        <time>2026-06-30T15:20:25Z</time>
      </trkpt>
      <trkpt lat="33.57514" lon="-117.76331">
        <ele>62.0</ele>
        <time>2026-06-30T15:20:28Z</time>
      </trkpt>
      <trkpt lat="33.5751" lon="-117.76332">
        <ele>62.0</ele>
        <time>2026-06-30T15:20:31Z</time>
      </trkpt>
      <trkpt lat="33.57506" lon="-117.76333">
        <ele>61.99</ele>
        <time>2026-06-30T15:20:34Z</time>
      </trkpt>
      <trkpt lat="33.57503" lon="-117.76334">
        <ele>62.0</ele>
        <time>2026-06-30T15:20:37Z</time>
      </trkpt>
      <trkpt lat="33.57499" lon="-117.76335">
        <ele>61.89</ele>
        <time>2026-06-30T15:20:40Z</time>
      </trkpt>
      <trkpt lat="33.57495" lon="-117.76336">
        <ele>61.46</ele>
        <time>2026-06-30T15:20:43Z</time>
      </trkpt>
      <trkpt lat="33.57491" lon="-117.76336">
        <ele>61.03</ele>
        <time>2026-06-30T15:20:46Z</time>
      </trkpt>
      <trkpt lat="33.57488" lon="-117.76335">
        <ele>60.76</ele>
        <time>2026-06-30T15:20:49Z</time>
      </trkpt>
      <trkpt lat="33.57484" lon="-117.76336">
        <ele>60.48</ele>
        <time>2026-06-30T15:20:52Z</time>
      </trkpt>
      <trkpt lat="33.5748" lon="-117.76337">
        <ele>60.33</ele>
        <time>2026-06-30T15:20:55Z</time>
      </trkpt>
      <trkpt lat="33.57476" lon="-117.76337">
        <ele>60.16</ele>
        <time>2026-06-30T15:20:58Z</time>
      </trkpt>
      <trkpt lat="33.57472" lon="-117.76338">
        <ele>59.99</ele>
        <time>2026-06-30T15:21:01Z</time>
      </trkpt>
      <trkpt lat="33.57469" lon="-117.76338">
        <ele>59.83</ele>
        <time>2026-06-30T15:21:04Z</time>
      </trkpt>
      <trkpt lat="33.57465" lon="-117.76339">
        <ele>59.7</ele>
        <time>2026-06-30T15:21:07Z</time>
      </trkpt>
      <trkpt lat="33.57461" lon="-117.76339">
        <ele>59.61</ele>
        <time>2026-06-30T15:21:10Z</time>
      </trkpt>
      <trkpt lat="33.57457" lon="-117.76339">
        <ele>59.61</ele>
        <time>2026-06-30T15:21:13Z</time>
      </trkpt>
      <trkpt lat="33.57454" lon="-117.7634">
        <ele>59.72</ele>
        <time>2026-06-30T15:21:16Z</time>
      </trkpt>
      <trkpt lat="33.5745" lon="-117.7634">
        <ele>59.43</ele>
        <time>2026-06-30T15:21:19Z</time>
      </trkpt>
      <trkpt lat="33.57446" lon="-117.76341">
        <ele>59.14</ele>
        <time>2026-06-30T15:21:22Z</time>
      </trkpt>
      <trkpt lat="33.57442" lon="-117.76342">
        <ele>59.0</ele>
        <time>2026-06-30T15:21:25Z</time>
      </trkpt>
      <trkpt lat="33.57439" lon="-117.76343">
        <ele>59.06</ele>
        <time>2026-06-30T15:21:28Z</time>
      </trkpt>
      <trkpt lat="33.57436" lon="-117.76343">
        <ele>59.05</ele>
        <time>2026-06-30T15:21:30Z</time>
      </trkpt>
      <trkpt lat="33.57432" lon="-117.76343">
        <ele>59.04</ele>
        <time>2026-06-30T15:21:32Z</time>
      </trkpt>
      <trkpt lat="33.57428" lon="-117.76344">
        <ele>59.15</ele>
        <time>2026-06-30T15:21:34Z</time>
      </trkpt>
      <trkpt lat="33.57424" lon="-117.76345">
        <ele>59.21</ele>
        <time>2026-06-30T15:21:36Z</time>
      </trkpt>
      <trkpt lat="33.57421" lon="-117.76345">
        <ele>59.12</ele>
        <time>2026-06-30T15:21:38Z</time>
      </trkpt>
      <trkpt lat="33.57418" lon="-117.76346">
        <ele>59.05</ele>
        <time>2026-06-30T15:21:40Z</time>
      </trkpt>
      <trkpt lat="33.57416" lon="-117.76347">
        <ele>58.96</ele>
        <time>2026-06-30T15:21:42Z</time>
      </trkpt>
      <trkpt lat="33.57412" lon="-117.76347">
        <ele>58.74</ele>
        <time>2026-06-30T15:21:45Z</time>
      </trkpt>
      <trkpt lat="33.57408" lon="-117.76348">
        <ele>58.61</ele>
        <time>2026-06-30T15:21:48Z</time>
      </trkpt>
      <trkpt lat="33.57405" lon="-117.76348">
        <ele>58.58</ele>
        <time>2026-06-30T15:21:51Z</time>
      </trkpt>
      <trkpt lat="33.57401" lon="-117.76349">
        <ele>58.69</ele>
        <time>2026-06-30T15:21:54Z</time>
      </trkpt>
      <trkpt lat="33.57397" lon="-117.7635">
        <ele>58.8</ele>
        <time>2026-06-30T15:21:57Z</time>
      </trkpt>
      <trkpt lat="33.57394" lon="-117.7635">
        <ele>58.8</ele>
        <time>2026-06-30T15:22:00Z</time>
      </trkpt>
      <trkpt lat="33.57391" lon="-117.76351">
        <ele>58.91</ele>
        <time>2026-06-30T15:22:03Z</time>
      </trkpt>
      <trkpt lat="33.57388" lon="-117.76351">
        <ele>58.91</ele>
        <time>2026-06-30T15:22:06Z</time>
      </trkpt>
      <trkpt lat="33.57384" lon="-117.76352">
        <ele>59.02</ele>
        <time>2026-06-30T15:22:09Z</time>
      </trkpt>
      <trkpt lat="33.57381" lon="-117.76352">
        <ele>59.02</ele>
        <time>2026-06-30T15:22:12Z</time>
      </trkpt>
      <trkpt lat="33.57378" lon="-117.76353">
        <ele>59.12</ele>
        <time>2026-06-30T15:22:15Z</time>
      </trkpt>
      <trkpt lat="33.57375" lon="-117.76353">
        <ele>59.12</ele>
        <time>2026-06-30T15:22:18Z</time>
      </trkpt>
      <trkpt lat="33.57371" lon="-117.76354">
        <ele>59.23</ele>
        <time>2026-06-30T15:22:21Z</time>
      </trkpt>
      <trkpt lat="33.57368" lon="-117.76354">
        <ele>59.29</ele>
        <time>2026-06-30T15:22:24Z</time>
      </trkpt>
      <trkpt lat="33.57364" lon="-117.76355">
        <ele>59.57</ele>
        <time>2026-06-30T15:22:27Z</time>
      </trkpt>
      <trkpt lat="33.5736" lon="-117.76355">
        <ele>59.64</ele>
        <time>2026-06-30T15:22:30Z</time>
      </trkpt>
      <trkpt lat="33.57356" lon="-117.76356">
        <ele>59.65</ele>
        <time>2026-06-30T15:22:33Z</time>
      </trkpt>
      <trkpt lat="33.57352" lon="-117.76355">
        <ele>59.35</ele>
        <time>2026-06-30T15:22:36Z</time>
      </trkpt>
      <trkpt lat="33.57349" lon="-117.76354">
        <ele>59.3</ele>
        <time>2026-06-30T15:22:38Z</time>
      </trkpt>
      <trkpt lat="33.57347" lon="-117.76353">
        <ele>59.19</ele>
        <time>2026-06-30T15:22:40Z</time>
      </trkpt>
      <trkpt lat="33.57344" lon="-117.76352">
        <ele>59.03</ele>
        <time>2026-06-30T15:22:42Z</time>
      </trkpt>
      <trkpt lat="33.57341" lon="-117.76351">
        <ele>58.91</ele>
        <time>2026-06-30T15:22:44Z</time>
      </trkpt>
      <trkpt lat="33.57338" lon="-117.7635">
        <ele>58.8</ele>
        <time>2026-06-30T15:22:47Z</time>
      </trkpt>
      <trkpt lat="33.57334" lon="-117.76349">
        <ele>58.69</ele>
        <time>2026-06-30T15:22:50Z</time>
      </trkpt>
      <trkpt lat="33.5733" lon="-117.76348">
        <ele>58.79</ele>
        <time>2026-06-30T15:22:53Z</time>
      </trkpt>
      <trkpt lat="33.57326" lon="-117.76347">
        <ele>58.85</ele>
        <time>2026-06-30T15:22:56Z</time>
      </trkpt>
      <trkpt lat="33.57323" lon="-117.76347">
        <ele>59.01</ele>
        <time>2026-06-30T15:22:59Z</time>
      </trkpt>
      <trkpt lat="33.57319" lon="-117.76348">
        <ele>59.4</ele>
        <time>2026-06-30T15:23:02Z</time>
      </trkpt>
      <trkpt lat="33.57315" lon="-117.7635">
        <ele>59.8</ele>
        <time>2026-06-30T15:23:05Z</time>
      </trkpt>
      <trkpt lat="33.57312" lon="-117.76352">
        <ele>59.72</ele>
        <time>2026-06-30T15:23:08Z</time>
      </trkpt>
      <trkpt lat="33.57309" lon="-117.76353">
        <ele>59.57</ele>
        <time>2026-06-30T15:23:11Z</time>
      </trkpt>
      <trkpt lat="33.57307" lon="-117.76356">
        <ele>59.98</ele>
        <time>2026-06-30T15:23:14Z</time>
      </trkpt>
      <trkpt lat="33.57304" lon="-117.76358">
        <ele>60.38</ele>
        <time>2026-06-30T15:23:17Z</time>
      </trkpt>
      <trkpt lat="33.57301" lon="-117.76359">
        <ele>60.66</ele>
        <time>2026-06-30T15:23:20Z</time>
      </trkpt>
      <trkpt lat="33.57297" lon="-117.76359">
        <ele>60.75</ele>
        <time>2026-06-30T15:23:23Z</time>
      </trkpt>
      <trkpt lat="33.57295" lon="-117.76357">
        <ele>60.56</ele>
        <time>2026-06-30T15:23:26Z</time>
      </trkpt>
      <trkpt lat="33.57291" lon="-117.76355">
        <ele>60.34</ele>
        <time>2026-06-30T15:23:29Z</time>
      </trkpt>
      <trkpt lat="33.57288" lon="-117.76352">
        <ele>60.02</ele>
        <time>2026-06-30T15:23:32Z</time>
      </trkpt>
      <trkpt lat="33.57285" lon="-117.76349">
        <ele>59.69</ele>
        <time>2026-06-30T15:23:35Z</time>
      </trkpt>
      <trkpt lat="33.57283" lon="-117.76346">
        <ele>59.37</ele>
        <time>2026-06-30T15:23:37Z</time>
      </trkpt>
      <trkpt lat="33.57281" lon="-117.76344">
        <ele>59.15</ele>
        <time>2026-06-30T15:23:39Z</time>
      </trkpt>
      <trkpt lat="33.57279" lon="-117.76342">
        <ele>58.94</ele>
        <time>2026-06-30T15:23:41Z</time>
      </trkpt>
      <trkpt lat="33.57276" lon="-117.76339">
        <ele>58.61</ele>
        <time>2026-06-30T15:23:44Z</time>
      </trkpt>
      <trkpt lat="33.57273" lon="-117.76336">
        <ele>58.29</ele>
        <time>2026-06-30T15:23:47Z</time>
      </trkpt>
      <trkpt lat="33.5727" lon="-117.76334">
        <ele>58.07</ele>
        <time>2026-06-30T15:23:50Z</time>
      </trkpt>
      <trkpt lat="33.57267" lon="-117.76332">
        <ele>57.57</ele>
        <time>2026-06-30T15:23:53Z</time>
      </trkpt>
      <trkpt lat="33.57263" lon="-117.76331">
        <ele>57.05</ele>
        <time>2026-06-30T15:23:56Z</time>
      </trkpt>
      <trkpt lat="33.5726" lon="-117.7633">
        <ele>56.69</ele>
        <time>2026-06-30T15:23:59Z</time>
      </trkpt>
      <trkpt lat="33.57256" lon="-117.76329">
        <ele>56.72</ele>
        <time>2026-06-30T15:24:02Z</time>
      </trkpt>
      <trkpt lat="33.57253" lon="-117.76328">
        <ele>56.71</ele>
        <time>2026-06-30T15:24:05Z</time>
      </trkpt>
      <trkpt lat="33.5725" lon="-117.76327">
        <ele>56.63</ele>
        <time>2026-06-30T15:24:07Z</time>
      </trkpt>
      <trkpt lat="33.57247" lon="-117.76327">
        <ele>56.73</ele>
        <time>2026-06-30T15:24:09Z</time>
      </trkpt>
      <trkpt lat="33.57244" lon="-117.76326">
        <ele>56.55</ele>
        <time>2026-06-30T15:24:11Z</time>
      </trkpt>
      <trkpt lat="33.57241" lon="-117.76325">
        <ele>56.3</ele>
        <time>2026-06-30T15:24:13Z</time>
      </trkpt>
      <trkpt lat="33.57238" lon="-117.76325">
        <ele>56.6</ele>
        <time>2026-06-30T15:24:15Z</time>
      </trkpt>
      <trkpt lat="33.57234" lon="-117.76324">
        <ele>56.71</ele>
        <time>2026-06-30T15:24:18Z</time>
      </trkpt>
      <trkpt lat="33.5723" lon="-117.76323">
        <ele>56.77</ele>
        <time>2026-06-30T15:24:21Z</time>
      </trkpt>
      <trkpt lat="33.57226" lon="-117.76323">
        <ele>56.77</ele>
        <time>2026-06-30T15:24:24Z</time>
      </trkpt>
      <trkpt lat="33.57223" lon="-117.76322">
        <ele>56.55</ele>
        <time>2026-06-30T15:24:27Z</time>
      </trkpt>
      <trkpt lat="33.57219" lon="-117.76321">
        <ele>56.22</ele>
        <time>2026-06-30T15:24:30Z</time>
      </trkpt>
      <trkpt lat="33.57215" lon="-117.7632">
        <ele>55.78</ele>
        <time>2026-06-30T15:24:33Z</time>
      </trkpt>
      <trkpt lat="33.57212" lon="-117.76319">
        <ele>55.4</ele>
        <time>2026-06-30T15:24:36Z</time>
      </trkpt>
      <trkpt lat="33.57209" lon="-117.76318">
        <ele>55.18</ele>
        <time>2026-06-30T15:24:39Z</time>
      </trkpt>
      <trkpt lat="33.57205" lon="-117.76317">
        <ele>54.91</ele>
        <time>2026-06-30T15:24:42Z</time>
      </trkpt>
      <trkpt lat="33.57202" lon="-117.76317">
        <ele>54.99</ele>
        <time>2026-06-30T15:24:45Z</time>
      </trkpt>
      <trkpt lat="33.57199" lon="-117.76317">
        <ele>55.06</ele>
        <time>2026-06-30T15:24:48Z</time>
      </trkpt>
      <trkpt lat="33.57196" lon="-117.7632">
        <ele>56.71</ele>
        <time>2026-06-30T15:24:52Z</time>
      </trkpt>
      <trkpt lat="33.57193" lon="-117.76321">
        <ele>57.34</ele>
        <time>2026-06-30T15:24:55Z</time>
      </trkpt>
      <trkpt lat="33.5719" lon="-117.76322">
        <ele>57.88</ele>
        <time>2026-06-30T15:24:58Z</time>
      </trkpt>
      <trkpt lat="33.57187" lon="-117.76323">
        <ele>58.42</ele>
        <time>2026-06-30T15:25:01Z</time>
      </trkpt>
      <trkpt lat="33.57184" lon="-117.76323">
        <ele>58.31</ele>
        <time>2026-06-30T15:25:04Z</time>
      </trkpt>
      <trkpt lat="33.5718" lon="-117.76323">
        <ele>57.92</ele>
        <time>2026-06-30T15:25:07Z</time>
      </trkpt>
      <trkpt lat="33.57177" lon="-117.76323">
        <ele>57.64</ele>
        <time>2026-06-30T15:25:10Z</time>
      </trkpt>
      <trkpt lat="33.57173" lon="-117.76323">
        <ele>57.26</ele>
        <time>2026-06-30T15:25:13Z</time>
      </trkpt>
      <trkpt lat="33.5717" lon="-117.76324">
        <ele>57.33</ele>
        <time>2026-06-30T15:25:16Z</time>
      </trkpt>
      <trkpt lat="33.57166" lon="-117.76324">
        <ele>56.9</ele>
        <time>2026-06-30T15:25:19Z</time>
      </trkpt>
      <trkpt lat="33.57162" lon="-117.76324">
        <ele>56.48</ele>
        <time>2026-06-30T15:25:22Z</time>
      </trkpt>
      <trkpt lat="33.57159" lon="-117.76324">
        <ele>56.15</ele>
        <time>2026-06-30T15:25:25Z</time>
      </trkpt>
      <trkpt lat="33.57155" lon="-117.76324">
        <ele>55.73</ele>
        <time>2026-06-30T15:25:28Z</time>
      </trkpt>
      <trkpt lat="33.57151" lon="-117.76324">
        <ele>55.3</ele>
        <time>2026-06-30T15:25:31Z</time>
      </trkpt>
      <trkpt lat="33.57147" lon="-117.76325">
        <ele>55.39</ele>
        <time>2026-06-30T15:25:34Z</time>
      </trkpt>
      <trkpt lat="33.57143" lon="-117.76325">
        <ele>55.34</ele>
        <time>2026-06-30T15:25:37Z</time>
      </trkpt>
      <trkpt lat="33.5714" lon="-117.76325">
        <ele>55.31</ele>
        <time>2026-06-30T15:25:40Z</time>
      </trkpt>
      <trkpt lat="33.57136" lon="-117.76325">
        <ele>54.99</ele>
        <time>2026-06-30T15:25:43Z</time>
      </trkpt>
      <trkpt lat="33.57133" lon="-117.76327">
        <ele>55.31</ele>
        <time>2026-06-30T15:26:03Z</time>
      </trkpt>
      <trkpt lat="33.5713" lon="-117.76327">
        <ele>54.99</ele>
        <time>2026-06-30T15:26:05Z</time>
      </trkpt>
      <trkpt lat="33.57127" lon="-117.76327">
        <ele>55.04</ele>
        <time>2026-06-30T15:26:07Z</time>
      </trkpt>
      <trkpt lat="33.57124" lon="-117.76328">
        <ele>55.53</ele>
        <time>2026-06-30T15:26:10Z</time>
      </trkpt>
      <trkpt lat="33.57121" lon="-117.76331">
        <ele>56.94</ele>
        <time>2026-06-30T15:26:13Z</time>
      </trkpt>
      <trkpt lat="33.57118" lon="-117.76333">
        <ele>57.61</ele>
        <time>2026-06-30T15:26:16Z</time>
      </trkpt>
      <trkpt lat="33.57115" lon="-117.76335">
        <ele>58.04</ele>
        <time>2026-06-30T15:26:19Z</time>
      </trkpt>
      <trkpt lat="33.57111" lon="-117.76336">
        <ele>57.85</ele>
        <time>2026-06-30T15:26:22Z</time>
      </trkpt>
      <trkpt lat="33.57108" lon="-117.76337">
        <ele>57.85</ele>
        <time>2026-06-30T15:26:25Z</time>
      </trkpt>
      <trkpt lat="33.57104" lon="-117.76338">
        <ele>57.74</ele>
        <time>2026-06-30T15:26:28Z</time>
      </trkpt>
      <trkpt lat="33.571" lon="-117.76339">
        <ele>57.56</ele>
        <time>2026-06-30T15:26:31Z</time>
      </trkpt>
      <trkpt lat="33.57098" lon="-117.7634">
        <ele>57.63</ele>
        <time>2026-06-30T15:26:33Z</time>
      </trkpt>
      <trkpt lat="33.57095" lon="-117.7634">
        <ele>57.21</ele>
        <time>2026-06-30T15:26:35Z</time>
      </trkpt>
      <trkpt lat="33.57092" lon="-117.7634">
        <ele>56.82</ele>
        <time>2026-06-30T15:26:37Z</time>
      </trkpt>
      <trkpt lat="33.57089" lon="-117.76341">
        <ele>56.92</ele>
        <time>2026-06-30T15:26:39Z</time>
      </trkpt>
      <trkpt lat="33.57085" lon="-117.76342">
        <ele>56.92</ele>
        <time>2026-06-30T15:26:42Z</time>
      </trkpt>
      <trkpt lat="33.57083" lon="-117.76342">
        <ele>56.71</ele>
        <time>2026-06-30T15:26:44Z</time>
      </trkpt>
      <trkpt lat="33.57079" lon="-117.76343">
        <ele>56.58</ele>
        <time>2026-06-30T15:26:47Z</time>
      </trkpt>
      <trkpt lat="33.57076" lon="-117.76343">
        <ele>56.23</ele>
        <time>2026-06-30T15:26:50Z</time>
      </trkpt>
      <trkpt lat="33.57079" lon="-117.76344">
        <ele>56.69</ele>
        <time>2026-06-30T15:26:57Z</time>
      </trkpt>
      <trkpt lat="33.57081" lon="-117.76341">
        <ele>56.1</ele>
        <time>2026-06-30T15:27:03Z</time>
      </trkpt>
      <trkpt lat="33.57079" lon="-117.76339">
        <ele>55.16</ele>
        <time>2026-06-30T15:27:12Z</time>
      </trkpt>
      <trkpt lat="33.57076" lon="-117.7634">
        <ele>55.31</ele>
        <time>2026-06-30T15:27:15Z</time>
      </trkpt>
      <trkpt lat="33.57073" lon="-117.76343">
        <ele>55.89</ele>
        <time>2026-06-30T15:27:18Z</time>
      </trkpt>
      <trkpt lat="33.57072" lon="-117.76346">
        <ele>55.86</ele>
        <time>2026-06-30T15:27:20Z</time>
      </trkpt>
      <trkpt lat="33.57071" lon="-117.76349">
        <ele>55.9</ele>
        <time>2026-06-30T15:27:22Z</time>
      </trkpt>
      <trkpt lat="33.57069" lon="-117.76353">
        <ele>56.12</ele>
        <time>2026-06-30T15:27:25Z</time>
      </trkpt>
      <trkpt lat="33.57068" lon="-117.76356">
        <ele>56.45</ele>
        <time>2026-06-30T15:27:27Z</time>
      </trkpt>
      <trkpt lat="33.57066" lon="-117.76359">
        <ele>56.77</ele>
        <time>2026-06-30T15:27:30Z</time>
      </trkpt>
      <trkpt lat="33.57064" lon="-117.76361">
        <ele>57.25</ele>
        <time>2026-06-30T15:27:33Z</time>
      </trkpt>
      <trkpt lat="33.57061" lon="-117.76361">
        <ele>58.21</ele>
        <time>2026-06-30T15:27:36Z</time>
      </trkpt>
      <trkpt lat="33.57058" lon="-117.76362">
        <ele>59.57</ele>
        <time>2026-06-30T15:27:39Z</time>
      </trkpt>
      <trkpt lat="33.57055" lon="-117.76361">
        <ele>60.08</ele>
        <time>2026-06-30T15:27:42Z</time>
      </trkpt>
      <trkpt lat="33.57052" lon="-117.76362">
        <ele>61.15</ele>
        <time>2026-06-30T15:27:45Z</time>
      </trkpt>
      <trkpt lat="33.57049" lon="-117.76362">
        <ele>61.8</ele>
        <time>2026-06-30T15:27:48Z</time>
      </trkpt>
      <trkpt lat="33.57046" lon="-117.76362">
        <ele>62.41</ele>
        <time>2026-06-30T15:27:51Z</time>
      </trkpt>
      <trkpt lat="33.57044" lon="-117.76361">
        <ele>62.21</ele>
        <time>2026-06-30T15:27:54Z</time>
      </trkpt>
      <trkpt lat="33.57041" lon="-117.76362">
        <ele>62.9</ele>
        <time>2026-06-30T15:27:57Z</time>
      </trkpt>
      <trkpt lat="33.57038" lon="-117.76362">
        <ele>63.19</ele>
        <time>2026-06-30T15:28:00Z</time>
      </trkpt>
      <trkpt lat="33.57035" lon="-117.76363">
        <ele>63.61</ele>
        <time>2026-06-30T15:28:04Z</time>
      </trkpt>
      <trkpt lat="33.57031" lon="-117.76364">
        <ele>63.94</ele>
        <time>2026-06-30T15:28:08Z</time>
      </trkpt>
      <trkpt lat="33.57028" lon="-117.76365">
        <ele>64.26</ele>
        <time>2026-06-30T15:28:12Z</time>
      </trkpt>
      <trkpt lat="33.57025" lon="-117.76366">
        <ele>64.46</ele>
        <time>2026-06-30T15:28:16Z</time>
      </trkpt>
      <trkpt lat="33.57022" lon="-117.76369">
        <ele>65.9</ele>
        <time>2026-06-30T15:28:19Z</time>
      </trkpt>
      <trkpt lat="33.57019" lon="-117.76371">
        <ele>67.09</ele>
        <time>2026-06-30T15:28:23Z</time>
      </trkpt>
      <trkpt lat="33.57016" lon="-117.76373">
        <ele>67.37</ele>
        <time>2026-06-30T15:28:27Z</time>
      </trkpt>
      <trkpt lat="33.57014" lon="-117.76374">
        <ele>67.49</ele>
        <time>2026-06-30T15:28:30Z</time>
      </trkpt>
      <trkpt lat="33.57011" lon="-117.76376">
        <ele>67.9</ele>
        <time>2026-06-30T15:28:34Z</time>
      </trkpt>
      <trkpt lat="33.57008" lon="-117.76377">
        <ele>68.11</ele>
        <time>2026-06-30T15:28:37Z</time>
      </trkpt>
      <trkpt lat="33.57006" lon="-117.76378">
        <ele>68.41</ele>
        <time>2026-06-30T15:28:40Z</time>
      </trkpt>
      <trkpt lat="33.57003" lon="-117.7638">
        <ele>69.09</ele>
        <time>2026-06-30T15:28:43Z</time>
      </trkpt>
      <trkpt lat="33.57001" lon="-117.76381">
        <ele>69.31</ele>
        <time>2026-06-30T15:28:46Z</time>
      </trkpt>
      <trkpt lat="33.56998" lon="-117.76382">
        <ele>69.3</ele>
        <time>2026-06-30T15:28:49Z</time>
      </trkpt>
      <trkpt lat="33.56995" lon="-117.76383">
        <ele>69.19</ele>
        <time>2026-06-30T15:28:52Z</time>
      </trkpt>
      <trkpt lat="33.56993" lon="-117.76384">
        <ele>69.19</ele>
        <time>2026-06-30T15:28:55Z</time>
      </trkpt>
      <trkpt lat="33.5699" lon="-117.76385">
        <ele>69.09</ele>
        <time>2026-06-30T15:28:58Z</time>
      </trkpt>
      <trkpt lat="33.56987" lon="-117.76386">
        <ele>69.12</ele>
        <time>2026-06-30T15:29:00Z</time>
      </trkpt>
      <trkpt lat="33.56984" lon="-117.76387">
        <ele>69.29</ele>
        <time>2026-06-30T15:29:02Z</time>
      </trkpt>
      <trkpt lat="33.5698" lon="-117.76388">
        <ele>69.31</ele>
        <time>2026-06-30T15:29:05Z</time>
      </trkpt>
      <trkpt lat="33.56977" lon="-117.76389">
        <ele>69.06</ele>
        <time>2026-06-30T15:29:08Z</time>
      </trkpt>
      <trkpt lat="33.56974" lon="-117.7639">
        <ele>68.72</ele>
        <time>2026-06-30T15:29:11Z</time>
      </trkpt>
      <trkpt lat="33.5697" lon="-117.76392">
        <ele>69.17</ele>
        <time>2026-06-30T15:29:14Z</time>
      </trkpt>
      <trkpt lat="33.56967" lon="-117.76392">
        <ele>69.38</ele>
        <time>2026-06-30T15:29:17Z</time>
      </trkpt>
      <trkpt lat="33.56964" lon="-117.76393">
        <ele>69.83</ele>
        <time>2026-06-30T15:29:20Z</time>
      </trkpt>
      <trkpt lat="33.56961" lon="-117.76393">
        <ele>69.68</ele>
        <time>2026-06-30T15:29:23Z</time>
      </trkpt>
      <trkpt lat="33.56957" lon="-117.76392">
        <ele>69.03</ele>
        <time>2026-06-30T15:29:26Z</time>
      </trkpt>
      <trkpt lat="33.56954" lon="-117.76392">
        <ele>68.7</ele>
        <time>2026-06-30T15:29:29Z</time>
      </trkpt>
      <trkpt lat="33.5695" lon="-117.76393">
        <ele>68.49</ele>
        <time>2026-06-30T15:29:32Z</time>
      </trkpt>
      <trkpt lat="33.56947" lon="-117.76393">
        <ele>68.16</ele>
        <time>2026-06-30T15:29:35Z</time>
      </trkpt>
      <trkpt lat="33.56943" lon="-117.76394">
        <ele>68.02</ele>
        <time>2026-06-30T15:29:38Z</time>
      </trkpt>
      <trkpt lat="33.56939" lon="-117.76394">
        <ele>67.78</ele>
        <time>2026-06-30T15:29:41Z</time>
      </trkpt>
      <trkpt lat="33.56936" lon="-117.76395">
        <ele>67.72</ele>
        <time>2026-06-30T15:29:44Z</time>
      </trkpt>
      <trkpt lat="33.56932" lon="-117.76396">
        <ele>67.34</ele>
        <time>2026-06-30T15:29:47Z</time>
      </trkpt>
      <trkpt lat="33.56928" lon="-117.76398">
        <ele>67.2</ele>
        <time>2026-06-30T15:29:50Z</time>
      </trkpt>
      <trkpt lat="33.56925" lon="-117.764">
        <ele>66.92</ele>
        <time>2026-06-30T15:29:53Z</time>
      </trkpt>
      <trkpt lat="33.56923" lon="-117.76402">
        <ele>66.6</ele>
        <time>2026-06-30T15:29:55Z</time>
      </trkpt>
      <trkpt lat="33.56919" lon="-117.76405">
        <ele>66.05</ele>
        <time>2026-06-30T15:29:58Z</time>
      </trkpt>
      <trkpt lat="33.56918" lon="-117.76408">
        <ele>66.31</ele>
        <time>2026-06-30T15:30:01Z</time>
      </trkpt>
      <trkpt lat="33.56916" lon="-117.76412">
        <ele>65.82</ele>
        <time>2026-06-30T15:30:05Z</time>
      </trkpt>
      <trkpt lat="33.56914" lon="-117.76414">
        <ele>65.34</ele>
        <time>2026-06-30T15:30:09Z</time>
      </trkpt>
      <trkpt lat="33.56912" lon="-117.76417">
        <ele>65.01</ele>
        <time>2026-06-30T15:30:12Z</time>
      </trkpt>
      <trkpt lat="33.5691" lon="-117.76419">
        <ele>64.63</ele>
        <time>2026-06-30T15:30:15Z</time>
      </trkpt>
      <trkpt lat="33.56908" lon="-117.76422">
        <ele>64.16</ele>
        <time>2026-06-30T15:30:18Z</time>
      </trkpt>
      <trkpt lat="33.56906" lon="-117.76424">
        <ele>63.42</ele>
        <time>2026-06-30T15:30:21Z</time>
      </trkpt>
      <trkpt lat="33.56904" lon="-117.76426">
        <ele>62.53</ele>
        <time>2026-06-30T15:30:24Z</time>
      </trkpt>
      <trkpt lat="33.56902" lon="-117.76429">
        <ele>61.86</ele>
        <time>2026-06-30T15:30:27Z</time>
      </trkpt>
      <trkpt lat="33.56899" lon="-117.7643">
        <ele>60.77</ele>
        <time>2026-06-30T15:30:31Z</time>
      </trkpt>
      <trkpt lat="33.56897" lon="-117.76432">
        <ele>60.37</ele>
        <time>2026-06-30T15:30:35Z</time>
      </trkpt>
      <trkpt lat="33.56893" lon="-117.76433">
        <ele>59.52</ele>
        <time>2026-06-30T15:30:39Z</time>
      </trkpt>
      <trkpt lat="33.5689" lon="-117.76433">
        <ele>58.8</ele>
        <time>2026-06-30T15:30:43Z</time>
      </trkpt>
      <trkpt lat="33.56887" lon="-117.76434">
        <ele>58.16</ele>
        <time>2026-06-30T15:30:47Z</time>
      </trkpt>
      <trkpt lat="33.56884" lon="-117.76434">
        <ele>57.23</ele>
        <time>2026-06-30T15:30:51Z</time>
      </trkpt>
      <trkpt lat="33.56881" lon="-117.76435">
        <ele>56.42</ele>
        <time>2026-06-30T15:30:55Z</time>
      </trkpt>
      <trkpt lat="33.56878" lon="-117.76434">
        <ele>55.7</ele>
        <time>2026-06-30T15:30:59Z</time>
      </trkpt>
      <trkpt lat="33.56876" lon="-117.76435">
        <ele>55.59</ele>
        <time>2026-06-30T15:31:03Z</time>
      </trkpt>
      <trkpt lat="33.56873" lon="-117.76435">
        <ele>55.26</ele>
        <time>2026-06-30T15:31:07Z</time>
      </trkpt>
      <trkpt lat="33.56869" lon="-117.76436">
        <ele>54.94</ele>
        <time>2026-06-30T15:31:11Z</time>
      </trkpt>
      <trkpt lat="33.56866" lon="-117.76437">
        <ele>54.72</ele>
        <time>2026-06-30T15:31:14Z</time>
      </trkpt>
      <trkpt lat="33.56861" lon="-117.76437">
        <ele>54.19</ele>
        <time>2026-06-30T15:31:16Z</time>
      </trkpt>
      <trkpt lat="33.56857" lon="-117.76438">
        <ele>54.17</ele>
        <time>2026-06-30T15:31:18Z</time>
      </trkpt>
      <trkpt lat="33.56854" lon="-117.76438">
        <ele>54.07</ele>
        <time>2026-06-30T15:31:20Z</time>
      </trkpt>
      <trkpt lat="33.56851" lon="-117.76439">
        <ele>53.95</ele>
        <time>2026-06-30T15:31:22Z</time>
      </trkpt>
      <trkpt lat="33.56847" lon="-117.7644">
        <ele>53.75</ele>
        <time>2026-06-30T15:31:25Z</time>
      </trkpt>
      <trkpt lat="33.56845" lon="-117.7644">
        <ele>53.64</ele>
        <time>2026-06-30T15:31:27Z</time>
      </trkpt>
      <trkpt lat="33.56841" lon="-117.76441">
        <ele>53.52</ele>
        <time>2026-06-30T15:31:30Z</time>
      </trkpt>
      <trkpt lat="33.56838" lon="-117.76442">
        <ele>53.37</ele>
        <time>2026-06-30T15:31:33Z</time>
      </trkpt>
      <trkpt lat="33.56836" lon="-117.76442">
        <ele>53.21</ele>
        <time>2026-06-30T15:31:36Z</time>
      </trkpt>
      <trkpt lat="33.56832" lon="-117.76443">
        <ele>53.12</ele>
        <time>2026-06-30T15:31:39Z</time>
      </trkpt>
      <trkpt lat="33.56829" lon="-117.76441">
        <ele>53.29</ele>
        <time>2026-06-30T15:31:42Z</time>
      </trkpt>
      <trkpt lat="33.56826" lon="-117.76439">
        <ele>53.33</ele>
        <time>2026-06-30T15:31:44Z</time>
      </trkpt>
      <trkpt lat="33.56824" lon="-117.76438">
        <ele>53.3</ele>
        <time>2026-06-30T15:31:46Z</time>
      </trkpt>
      <trkpt lat="33.5682" lon="-117.76436">
        <ele>52.69</ele>
        <time>2026-06-30T15:31:49Z</time>
      </trkpt>
      <trkpt lat="33.56817" lon="-117.76434">
        <ele>52.11</ele>
        <time>2026-06-30T15:31:52Z</time>
      </trkpt>
      <trkpt lat="33.56813" lon="-117.76433">
        <ele>51.57</ele>
        <time>2026-06-30T15:31:55Z</time>
      </trkpt>
      <trkpt lat="33.5681" lon="-117.76431">
        <ele>51.03</ele>
        <time>2026-06-30T15:31:58Z</time>
      </trkpt>
      <trkpt lat="33.56807" lon="-117.7643">
        <ele>50.6</ele>
        <time>2026-06-30T15:32:01Z</time>
      </trkpt>
      <trkpt lat="33.56804" lon="-117.76428">
        <ele>50.22</ele>
        <time>2026-06-30T15:32:04Z</time>
      </trkpt>
      <trkpt lat="33.56801" lon="-117.76426">
        <ele>50.01</ele>
        <time>2026-06-30T15:32:07Z</time>
      </trkpt>
      <trkpt lat="33.56798" lon="-117.76424">
        <ele>50.0</ele>
        <time>2026-06-30T15:32:10Z</time>
      </trkpt>
      <trkpt lat="33.56795" lon="-117.76422">
        <ele>49.94</ele>
        <time>2026-06-30T15:32:13Z</time>
      </trkpt>
      <trkpt lat="33.56791" lon="-117.76421">
        <ele>49.7</ele>
        <time>2026-06-30T15:32:16Z</time>
      </trkpt>
      <trkpt lat="33.56788" lon="-117.76419">
        <ele>49.33</ele>
        <time>2026-06-30T15:32:19Z</time>
      </trkpt>
      <trkpt lat="33.56785" lon="-117.76418">
        <ele>49.14</ele>
        <time>2026-06-30T15:32:22Z</time>
      </trkpt>
      <trkpt lat="33.56781" lon="-117.76416">
        <ele>48.95</ele>
        <time>2026-06-30T15:32:25Z</time>
      </trkpt>
      <trkpt lat="33.56778" lon="-117.76415">
        <ele>48.82</ele>
        <time>2026-06-30T15:32:28Z</time>
      </trkpt>
      <trkpt lat="33.56774" lon="-117.76414">
        <ele>48.42</ele>
        <time>2026-06-30T15:32:31Z</time>
      </trkpt>
      <trkpt lat="33.56771" lon="-117.76415">
        <ele>48.22</ele>
        <time>2026-06-30T15:32:34Z</time>
      </trkpt>
      <trkpt lat="33.56768" lon="-117.76416">
        <ele>48.0</ele>
        <time>2026-06-30T15:32:37Z</time>
      </trkpt>
      <trkpt lat="33.56764" lon="-117.76417">
        <ele>48.02</ele>
        <time>2026-06-30T15:32:40Z</time>
      </trkpt>
      <trkpt lat="33.56761" lon="-117.76418">
        <ele>48.03</ele>
        <time>2026-06-30T15:32:43Z</time>
      </trkpt>
      <trkpt lat="33.56757" lon="-117.7642">
        <ele>48.0</ele>
        <time>2026-06-30T15:32:46Z</time>
      </trkpt>
      <trkpt lat="33.56754" lon="-117.76421">
        <ele>48.0</ele>
        <time>2026-06-30T15:32:49Z</time>
      </trkpt>
      <trkpt lat="33.5675" lon="-117.76423">
        <ele>48.0</ele>
        <time>2026-06-30T15:32:52Z</time>
      </trkpt>
      <trkpt lat="33.56747" lon="-117.76424">
        <ele>47.93</ele>
        <time>2026-06-30T15:32:55Z</time>
      </trkpt>
      <trkpt lat="33.56744" lon="-117.76426">
        <ele>48.0</ele>
        <time>2026-06-30T15:32:58Z</time>
      </trkpt>
      <trkpt lat="33.5674" lon="-117.76428">
        <ele>48.02</ele>
        <time>2026-06-30T15:33:01Z</time>
      </trkpt>
      <trkpt lat="33.56737" lon="-117.7643">
        <ele>48.18</ele>
        <time>2026-06-30T15:33:04Z</time>
      </trkpt>
      <trkpt lat="33.56734" lon="-117.76432">
        <ele>48.48</ele>
        <time>2026-06-30T15:33:07Z</time>
      </trkpt>
      <trkpt lat="33.5673" lon="-117.76434">
        <ele>48.73</ele>
        <time>2026-06-30T15:33:10Z</time>
      </trkpt>
      <trkpt lat="33.56727" lon="-117.76436">
        <ele>48.56</ele>
        <time>2026-06-30T15:33:13Z</time>
      </trkpt>
      <trkpt lat="33.56724" lon="-117.76438">
        <ele>48.44</ele>
        <time>2026-06-30T15:33:16Z</time>
      </trkpt>
      <trkpt lat="33.56721" lon="-117.76439">
        <ele>48.41</ele>
        <time>2026-06-30T15:33:19Z</time>
      </trkpt>
      <trkpt lat="33.56717" lon="-117.76441">
        <ele>48.63</ele>
        <time>2026-06-30T15:33:22Z</time>
      </trkpt>
      <trkpt lat="33.56714" lon="-117.76443">
        <ele>48.84</ele>
        <time>2026-06-30T15:33:25Z</time>
      </trkpt>
      <trkpt lat="33.56711" lon="-117.76445">
        <ele>48.85</ele>
        <time>2026-06-30T15:33:28Z</time>
      </trkpt>
      <trkpt lat="33.56707" lon="-117.76446">
        <ele>48.52</ele>
        <time>2026-06-30T15:33:31Z</time>
      </trkpt>
      <trkpt lat="33.56704" lon="-117.76446">
        <ele>48.2</ele>
        <time>2026-06-30T15:33:34Z</time>
      </trkpt>
      <trkpt lat="33.567" lon="-117.76444">
        <ele>47.95</ele>
        <time>2026-06-30T15:33:37Z</time>
      </trkpt>
      <trkpt lat="33.56697" lon="-117.76444">
        <ele>47.95</ele>
        <time>2026-06-30T15:33:40Z</time>
      </trkpt>
      <trkpt lat="33.56693" lon="-117.76444">
        <ele>47.95</ele>
        <time>2026-06-30T15:33:43Z</time>
      </trkpt>
      <trkpt lat="33.5669" lon="-117.76444">
        <ele>47.95</ele>
        <time>2026-06-30T15:33:45Z</time>
      </trkpt>
      <trkpt lat="33.56687" lon="-117.76444">
        <ele>47.95</ele>
        <time>2026-06-30T15:33:47Z</time>
      </trkpt>
      <trkpt lat="33.56684" lon="-117.76444">
        <ele>47.83</ele>
        <time>2026-06-30T15:33:49Z</time>
      </trkpt>
      <trkpt lat="33.56681" lon="-117.76443">
        <ele>47.46</ele>
        <time>2026-06-30T15:33:51Z</time>
      </trkpt>
      <trkpt lat="33.56679" lon="-117.76443">
        <ele>47.28</ele>
        <time>2026-06-30T15:33:53Z</time>
      </trkpt>
      <trkpt lat="33.56675" lon="-117.76443">
        <ele>47.0</ele>
        <time>2026-06-30T15:33:56Z</time>
      </trkpt>
      <trkpt lat="33.56671" lon="-117.76443">
        <ele>47.0</ele>
        <time>2026-06-30T15:33:59Z</time>
      </trkpt>
      <trkpt lat="33.56667" lon="-117.76444">
        <ele>47.0</ele>
        <time>2026-06-30T15:34:02Z</time>
      </trkpt>
      <trkpt lat="33.56663" lon="-117.76445">
        <ele>47.0</ele>
        <time>2026-06-30T15:34:05Z</time>
      </trkpt>
      <trkpt lat="33.5666" lon="-117.76446">
        <ele>47.0</ele>
        <time>2026-06-30T15:34:08Z</time>
      </trkpt>
      <trkpt lat="33.56656" lon="-117.76448">
        <ele>47.0</ele>
        <time>2026-06-30T15:34:11Z</time>
      </trkpt>
      <trkpt lat="33.56653" lon="-117.7645">
        <ele>47.0</ele>
        <time>2026-06-30T15:34:14Z</time>
      </trkpt>
      <trkpt lat="33.5665" lon="-117.76451">
        <ele>47.0</ele>
        <time>2026-06-30T15:34:16Z</time>
      </trkpt>
      <trkpt lat="33.56647" lon="-117.76453">
        <ele>47.0</ele>
        <time>2026-06-30T15:34:19Z</time>
      </trkpt>
      <trkpt lat="33.56643" lon="-117.76455">
        <ele>47.06</ele>
        <time>2026-06-30T15:34:22Z</time>
      </trkpt>
      <trkpt lat="33.56639" lon="-117.76456">
        <ele>47.0</ele>
        <time>2026-06-30T15:34:25Z</time>
      </trkpt>
      <trkpt lat="33.56636" lon="-117.76458">
        <ele>47.0</ele>
        <time>2026-06-30T15:34:28Z</time>
      </trkpt>
      <trkpt lat="33.56632" lon="-117.76459">
        <ele>47.0</ele>
        <time>2026-06-30T15:34:31Z</time>
      </trkpt>
      <trkpt lat="33.56628" lon="-117.76459">
        <ele>47.0</ele>
        <time>2026-06-30T15:34:34Z</time>
      </trkpt>
      <trkpt lat="33.56624" lon="-117.76459">
        <ele>47.0</ele>
        <time>2026-06-30T15:34:37Z</time>
      </trkpt>
      <trkpt lat="33.56621" lon="-117.7646">
        <ele>47.0</ele>
        <time>2026-06-30T15:34:40Z</time>
      </trkpt>
      <trkpt lat="33.56617" lon="-117.7646">
        <ele>47.0</ele>
        <time>2026-06-30T15:34:43Z</time>
      </trkpt>
      <trkpt lat="33.56613" lon="-117.7646">
        <ele>47.0</ele>
        <time>2026-06-30T15:34:46Z</time>
      </trkpt>
      <trkpt lat="33.56609" lon="-117.76461">
        <ele>46.95</ele>
        <time>2026-06-30T15:34:49Z</time>
      </trkpt>
      <trkpt lat="33.56606" lon="-117.76462">
        <ele>46.94</ele>
        <time>2026-06-30T15:34:52Z</time>
      </trkpt>
      <trkpt lat="33.56602" lon="-117.76462">
        <ele>46.9</ele>
        <time>2026-06-30T15:34:55Z</time>
      </trkpt>
      <trkpt lat="33.56598" lon="-117.76462">
        <ele>46.9</ele>
        <time>2026-06-30T15:34:58Z</time>
      </trkpt>
      <trkpt lat="33.56595" lon="-117.76463">
        <ele>47.0</ele>
        <time>2026-06-30T15:35:01Z</time>
      </trkpt>
      <trkpt lat="33.56591" lon="-117.76463">
        <ele>47.0</ele>
        <time>2026-06-30T15:35:04Z</time>
      </trkpt>
      <trkpt lat="33.56587" lon="-117.76463">
        <ele>47.0</ele>
        <time>2026-06-30T15:35:07Z</time>
      </trkpt>
      <trkpt lat="33.56584" lon="-117.76463">
        <ele>47.0</ele>
        <time>2026-06-30T15:35:10Z</time>
      </trkpt>
      <trkpt lat="33.5658" lon="-117.76463">
        <ele>47.0</ele>
        <time>2026-06-30T15:35:13Z</time>
      </trkpt>
      <trkpt lat="33.56576" lon="-117.76463">
        <ele>47.01</ele>
        <time>2026-06-30T15:35:16Z</time>
      </trkpt>
      <trkpt lat="33.56572" lon="-117.76462">
        <ele>46.9</ele>
        <time>2026-06-30T15:35:19Z</time>
      </trkpt>
      <trkpt lat="33.56569" lon="-117.76462">
        <ele>46.9</ele>
        <time>2026-06-30T15:35:22Z</time>
      </trkpt>
      <trkpt lat="33.56566" lon="-117.7646">
        <ele>46.68</ele>
        <time>2026-06-30T15:35:24Z</time>
      </trkpt>
      <trkpt lat="33.56564" lon="-117.76458">
        <ele>46.55</ele>
        <time>2026-06-30T15:35:26Z</time>
      </trkpt>
      <trkpt lat="33.5656" lon="-117.76457">
        <ele>46.88</ele>
        <time>2026-06-30T15:35:29Z</time>
      </trkpt>
      <trkpt lat="33.56556" lon="-117.76456">
        <ele>47.2</ele>
        <time>2026-06-30T15:35:32Z</time>
      </trkpt>
      <trkpt lat="33.56553" lon="-117.76455">
        <ele>47.18</ele>
        <time>2026-06-30T15:35:35Z</time>
      </trkpt>
      <trkpt lat="33.56549" lon="-117.76454">
        <ele>47.05</ele>
        <time>2026-06-30T15:35:38Z</time>
      </trkpt>
      <trkpt lat="33.56545" lon="-117.76455">
        <ele>47.56</ele>
        <time>2026-06-30T15:35:41Z</time>
      </trkpt>
      <trkpt lat="33.56542" lon="-117.76454">
        <ele>47.99</ele>
        <time>2026-06-30T15:35:44Z</time>
      </trkpt>
      <trkpt lat="33.56539" lon="-117.76454">
        <ele>48.64</ele>
        <time>2026-06-30T15:35:49Z</time>
      </trkpt>
      <trkpt lat="33.56536" lon="-117.76454">
        <ele>49.51</ele>
        <time>2026-06-30T15:35:53Z</time>
      </trkpt>
      <trkpt lat="33.56533" lon="-117.76454">
        <ele>50.81</ele>
        <time>2026-06-30T15:35:57Z</time>
      </trkpt>
      <trkpt lat="33.56529" lon="-117.76454">
        <ele>52.54</ele>
        <time>2026-06-30T15:36:01Z</time>
      </trkpt>
      <trkpt lat="33.56526" lon="-117.76454">
        <ele>53.45</ele>
        <time>2026-06-30T15:36:05Z</time>
      </trkpt>
      <trkpt lat="33.56523" lon="-117.76454">
        <ele>54.1</ele>
        <time>2026-06-30T15:36:09Z</time>
      </trkpt>
      <trkpt lat="33.5652" lon="-117.76454">
        <ele>54.74</ele>
        <time>2026-06-30T15:36:13Z</time>
      </trkpt>
      <trkpt lat="33.56517" lon="-117.76454">
        <ele>55.4</ele>
        <time>2026-06-30T15:36:17Z</time>
      </trkpt>
      <trkpt lat="33.56514" lon="-117.76454">
        <ele>56.06</ele>
        <time>2026-06-30T15:36:21Z</time>
      </trkpt>
      <trkpt lat="33.56511" lon="-117.76454">
        <ele>56.71</ele>
        <time>2026-06-30T15:36:25Z</time>
      </trkpt>
      <trkpt lat="33.56507" lon="-117.76454">
        <ele>57.35</ele>
        <time>2026-06-30T15:36:29Z</time>
      </trkpt>
      <trkpt lat="33.56504" lon="-117.76453">
        <ele>57.38</ele>
        <time>2026-06-30T15:36:33Z</time>
      </trkpt>
      <trkpt lat="33.565" lon="-117.76453">
        <ele>57.85</ele>
        <time>2026-06-30T15:36:37Z</time>
      </trkpt>
      <trkpt lat="33.56497" lon="-117.76451">
        <ele>58.06</ele>
        <time>2026-06-30T15:36:40Z</time>
      </trkpt>
      <trkpt lat="33.56494" lon="-117.76448">
        <ele>58.06</ele>
        <time>2026-06-30T15:36:43Z</time>
      </trkpt>
      <trkpt lat="33.5649" lon="-117.76446">
        <ele>58.5</ele>
        <time>2026-06-30T15:36:46Z</time>
      </trkpt>
      <trkpt lat="33.56487" lon="-117.76446">
        <ele>59.14</ele>
        <time>2026-06-30T15:36:48Z</time>
      </trkpt>
      <trkpt lat="33.56484" lon="-117.76445">
        <ele>59.58</ele>
        <time>2026-06-30T15:36:51Z</time>
      </trkpt>
      <trkpt lat="33.5648" lon="-117.76444">
        <ele>59.83</ele>
        <time>2026-06-30T15:36:54Z</time>
      </trkpt>
      <trkpt lat="33.56477" lon="-117.76442">
        <ele>59.33</ele>
        <time>2026-06-30T15:36:57Z</time>
      </trkpt>
      <trkpt lat="33.56474" lon="-117.76441">
        <ele>59.41</ele>
        <time>2026-06-30T15:37:00Z</time>
      </trkpt>
      <trkpt lat="33.56471" lon="-117.7644">
        <ele>59.65</ele>
        <time>2026-06-30T15:37:03Z</time>
      </trkpt>
      <trkpt lat="33.56467" lon="-117.7644">
        <ele>60.08</ele>
        <time>2026-06-30T15:37:06Z</time>
      </trkpt>
      <trkpt lat="33.56464" lon="-117.76439">
        <ele>60.3</ele>
        <time>2026-06-30T15:37:09Z</time>
      </trkpt>
      <trkpt lat="33.5646" lon="-117.76438">
        <ele>60.94</ele>
        <time>2026-06-30T15:37:12Z</time>
      </trkpt>
      <trkpt lat="33.56457" lon="-117.76437">
        <ele>61.48</ele>
        <time>2026-06-30T15:37:15Z</time>
      </trkpt>
      <trkpt lat="33.56454" lon="-117.76436">
        <ele>62.02</ele>
        <time>2026-06-30T15:37:18Z</time>
      </trkpt>
      <trkpt lat="33.5645" lon="-117.76435">
        <ele>61.96</ele>
        <time>2026-06-30T15:37:21Z</time>
      </trkpt>
      <trkpt lat="33.56447" lon="-117.76434">
        <ele>61.74</ele>
        <time>2026-06-30T15:37:24Z</time>
      </trkpt>
      <trkpt lat="33.56444" lon="-117.76435">
        <ele>61.96</ele>
        <time>2026-06-30T15:37:27Z</time>
      </trkpt>
      <trkpt lat="33.5644" lon="-117.76437">
        <ele>62.1</ele>
        <time>2026-06-30T15:37:30Z</time>
      </trkpt>
      <trkpt lat="33.56438" lon="-117.76438">
        <ele>62.09</ele>
        <time>2026-06-30T15:37:32Z</time>
      </trkpt>
      <trkpt lat="33.56435" lon="-117.76441">
        <ele>61.99</ele>
        <time>2026-06-30T15:37:35Z</time>
      </trkpt>
      <trkpt lat="33.56432" lon="-117.76443">
        <ele>61.95</ele>
        <time>2026-06-30T15:37:38Z</time>
      </trkpt>
      <trkpt lat="33.56431" lon="-117.76447">
        <ele>62.15</ele>
        <time>2026-06-30T15:37:42Z</time>
      </trkpt>
      <trkpt lat="33.56431" lon="-117.7645">
        <ele>62.33</ele>
        <time>2026-06-30T15:37:45Z</time>
      </trkpt>
      <trkpt lat="33.56431" lon="-117.76454">
        <ele>62.58</ele>
        <time>2026-06-30T15:37:48Z</time>
      </trkpt>
      <trkpt lat="33.5643" lon="-117.76457">
        <ele>62.8</ele>
        <time>2026-06-30T15:37:51Z</time>
      </trkpt>
      <trkpt lat="33.5643" lon="-117.7646">
        <ele>63.12</ele>
        <time>2026-06-30T15:37:54Z</time>
      </trkpt>
      <trkpt lat="33.5643" lon="-117.76464">
        <ele>63.5</ele>
        <time>2026-06-30T15:37:57Z</time>
      </trkpt>
      <trkpt lat="33.5643" lon="-117.76468">
        <ele>63.74</ele>
        <time>2026-06-30T15:38:00Z</time>
      </trkpt>
      <trkpt lat="33.5643" lon="-117.76471">
        <ele>63.93</ele>
        <time>2026-06-30T15:38:03Z</time>
      </trkpt>
      <trkpt lat="33.5643" lon="-117.76475">
        <ele>64.3</ele>
        <time>2026-06-30T15:38:06Z</time>
      </trkpt>
      <trkpt lat="33.5643" lon="-117.76479">
        <ele>64.73</ele>
        <time>2026-06-30T15:38:09Z</time>
      </trkpt>
      <trkpt lat="33.5643" lon="-117.76483">
        <ele>65.24</ele>
        <time>2026-06-30T15:38:12Z</time>
      </trkpt>
      <trkpt lat="33.5643" lon="-117.76486">
        <ele>65.7</ele>
        <time>2026-06-30T15:38:15Z</time>
      </trkpt>
      <trkpt lat="33.5643" lon="-117.7649">
        <ele>66.32</ele>
        <time>2026-06-30T15:38:18Z</time>
      </trkpt>
      <trkpt lat="33.5643" lon="-117.76494">
        <ele>66.99</ele>
        <time>2026-06-30T15:38:21Z</time>
      </trkpt>
      <trkpt lat="33.5643" lon="-117.76497">
        <ele>67.49</ele>
        <time>2026-06-30T15:38:24Z</time>
      </trkpt>
      <trkpt lat="33.5643" lon="-117.76501">
        <ele>68.16</ele>
        <time>2026-06-30T15:38:27Z</time>
      </trkpt>
      <trkpt lat="33.5643" lon="-117.76504">
        <ele>68.62</ele>
        <time>2026-06-30T15:38:30Z</time>
      </trkpt>
      <trkpt lat="33.5643" lon="-117.76508">
        <ele>69.24</ele>
        <time>2026-06-30T15:38:34Z</time>
      </trkpt>
      <trkpt lat="33.5643" lon="-117.76511">
        <ele>69.82</ele>
        <time>2026-06-30T15:38:38Z</time>
      </trkpt>
      <trkpt lat="33.56431" lon="-117.76514">
        <ele>70.57</ele>
        <time>2026-06-30T15:38:48Z</time>
      </trkpt>
      <trkpt lat="33.56431" lon="-117.76518">
        <ele>71.44</ele>
        <time>2026-06-30T15:38:52Z</time>
      </trkpt>
      <trkpt lat="33.56431" lon="-117.76521">
        <ele>72.35</ele>
        <time>2026-06-30T15:38:56Z</time>
      </trkpt>
      <trkpt lat="33.56432" lon="-117.76524">
        <ele>73.43</ele>
        <time>2026-06-30T15:39:01Z</time>
      </trkpt>
      <trkpt lat="33.56433" lon="-117.76527">
        <ele>74.51</ele>
        <time>2026-06-30T15:39:06Z</time>
      </trkpt>
      <trkpt lat="33.56435" lon="-117.76529">
        <ele>75.37</ele>
        <time>2026-06-30T15:39:09Z</time>
      </trkpt>
      <trkpt lat="33.56437" lon="-117.76531">
        <ele>76.37</ele>
        <time>2026-06-30T15:39:12Z</time>
      </trkpt>
      <trkpt lat="33.56439" lon="-117.76533">
        <ele>77.28</ele>
        <time>2026-06-30T15:39:17Z</time>
      </trkpt>
      <trkpt lat="33.56441" lon="-117.76536">
        <ele>78.36</ele>
        <time>2026-06-30T15:39:24Z</time>
      </trkpt>
      <trkpt lat="33.56443" lon="-117.76538">
        <ele>79.14</ele>
        <time>2026-06-30T15:39:29Z</time>
      </trkpt>
      <trkpt lat="33.56446" lon="-117.76539">
        <ele>79.94</ele>
        <time>2026-06-30T15:39:34Z</time>
      </trkpt>
      <trkpt lat="33.56448" lon="-117.76541">
        <ele>80.89</ele>
        <time>2026-06-30T15:39:42Z</time>
      </trkpt>
      <trkpt lat="33.56452" lon="-117.76544">
        <ele>82.27</ele>
        <time>2026-06-30T15:40:37Z</time>
      </trkpt>
      <trkpt lat="33.56455" lon="-117.76546">
        <ele>83.21</ele>
        <time>2026-06-30T15:40:47Z</time>
      </trkpt>
      <trkpt lat="33.56456" lon="-117.76549">
        <ele>84.01</ele>
        <time>2026-06-30T15:40:54Z</time>
      </trkpt>
      <trkpt lat="33.56458" lon="-117.76551">
        <ele>84.71</ele>
        <time>2026-06-30T15:41:00Z</time>
      </trkpt>
      <trkpt lat="33.56459" lon="-117.76556">
        <ele>85.67</ele>
        <time>2026-06-30T15:41:03Z</time>
      </trkpt>
      <trkpt lat="33.56459" lon="-117.76561">
        <ele>86.75</ele>
        <time>2026-06-30T15:41:05Z</time>
      </trkpt>
      <trkpt lat="33.56459" lon="-117.76564">
        <ele>87.4</ele>
        <time>2026-06-30T15:41:07Z</time>
      </trkpt>
      <trkpt lat="33.5646" lon="-117.76568">
        <ele>88.48</ele>
        <time>2026-06-30T15:41:10Z</time>
      </trkpt>
      <trkpt lat="33.5646" lon="-117.76571">
        <ele>89.23</ele>
        <time>2026-06-30T15:41:14Z</time>
      </trkpt>
      <trkpt lat="33.56461" lon="-117.76575">
        <ele>90.28</ele>
        <time>2026-06-30T15:41:19Z</time>
      </trkpt>
      <trkpt lat="33.5646" lon="-117.76578">
        <ele>91.14</ele>
        <time>2026-06-30T15:41:24Z</time>
      </trkpt>
      <trkpt lat="33.56457" lon="-117.7658">
        <ele>91.51</ele>
        <time>2026-06-30T15:41:27Z</time>
      </trkpt>
      <trkpt lat="33.56456" lon="-117.76584">
        <ele>92.41</ele>
        <time>2026-06-30T15:41:32Z</time>
      </trkpt>
      <trkpt lat="33.56456" lon="-117.76587">
        <ele>93.14</ele>
        <time>2026-06-30T15:41:37Z</time>
      </trkpt>
      <trkpt lat="33.56457" lon="-117.7659">
        <ele>94.05</ele>
        <time>2026-06-30T15:42:19Z</time>
      </trkpt>
      <trkpt lat="33.56458" lon="-117.76594">
        <ele>95.23</ele>
        <time>2026-06-30T15:42:22Z</time>
      </trkpt>
      <trkpt lat="33.56461" lon="-117.76598">
        <ele>96.74</ele>
        <time>2026-06-30T15:42:25Z</time>
      </trkpt>
      <trkpt lat="33.56463" lon="-117.76601">
        <ele>97.82</ele>
        <time>2026-06-30T15:42:29Z</time>
      </trkpt>
      <trkpt lat="33.56465" lon="-117.76604">
        <ele>98.72</ele>
        <time>2026-06-30T15:42:34Z</time>
      </trkpt>
      <trkpt lat="33.56466" lon="-117.76606">
        <ele>99.25</ele>
        <time>2026-06-30T15:42:39Z</time>
      </trkpt>
      <trkpt lat="33.56469" lon="-117.76608">
        <ele>100.4</ele>
        <time>2026-06-30T15:42:45Z</time>
      </trkpt>
      <trkpt lat="33.56471" lon="-117.7661">
        <ele>101.38</ele>
        <time>2026-06-30T15:42:51Z</time>
      </trkpt>
      <trkpt lat="33.56473" lon="-117.76612">
        <ele>102.27</ele>
        <time>2026-06-30T15:42:56Z</time>
      </trkpt>
      <trkpt lat="33.56476" lon="-117.76613">
        <ele>103.1</ele>
        <time>2026-06-30T15:43:01Z</time>
      </trkpt>
      <trkpt lat="33.56478" lon="-117.76615">
        <ele>103.93</ele>
        <time>2026-06-30T15:43:06Z</time>
      </trkpt>
      <trkpt lat="33.5648" lon="-117.76617">
        <ele>104.85</ele>
        <time>2026-06-30T15:43:11Z</time>
      </trkpt>
      <trkpt lat="33.56483" lon="-117.76619">
        <ele>106.03</ele>
        <time>2026-06-30T15:43:17Z</time>
      </trkpt>
      <trkpt lat="33.56484" lon="-117.76621">
        <ele>106.63</ele>
        <time>2026-06-30T15:43:42Z</time>
      </trkpt>
      <trkpt lat="33.56487" lon="-117.76623">
        <ele>107.65</ele>
        <time>2026-06-30T15:43:48Z</time>
      </trkpt>
      <trkpt lat="33.56489" lon="-117.76626">
        <ele>108.73</ele>
        <time>2026-06-30T15:43:53Z</time>
      </trkpt>
      <trkpt lat="33.56492" lon="-117.76628">
        <ele>109.92</ele>
        <time>2026-06-30T15:43:58Z</time>
      </trkpt>
      <trkpt lat="33.56494" lon="-117.76631">
        <ele>110.85</ele>
        <time>2026-06-30T15:44:03Z</time>
      </trkpt>
      <trkpt lat="33.56496" lon="-117.76633">
        <ele>111.5</ele>
        <time>2026-06-30T15:44:07Z</time>
      </trkpt>
      <trkpt lat="33.56498" lon="-117.76636">
        <ele>112.26</ele>
        <time>2026-06-30T15:44:11Z</time>
      </trkpt>
      <trkpt lat="33.56499" lon="-117.76638">
        <ele>112.69</ele>
        <time>2026-06-30T15:44:15Z</time>
      </trkpt>
      <trkpt lat="33.56501" lon="-117.76641">
        <ele>113.67</ele>
        <time>2026-06-30T15:44:20Z</time>
      </trkpt>
      <trkpt lat="33.56503" lon="-117.76643">
        <ele>114.54</ele>
        <time>2026-06-30T15:44:27Z</time>
      </trkpt>
      <trkpt lat="33.56505" lon="-117.76646">
        <ele>115.62</ele>
        <time>2026-06-30T15:44:33Z</time>
      </trkpt>
      <trkpt lat="33.56507" lon="-117.76648">
        <ele>116.48</ele>
        <time>2026-06-30T15:44:38Z</time>
      </trkpt>
      <trkpt lat="33.56509" lon="-117.76652">
        <ele>117.36</ele>
        <time>2026-06-30T15:44:43Z</time>
      </trkpt>
      <trkpt lat="33.5651" lon="-117.76656">
        <ele>117.92</ele>
        <time>2026-06-30T15:44:46Z</time>
      </trkpt>
      <trkpt lat="33.56511" lon="-117.7666">
        <ele>118.47</ele>
        <time>2026-06-30T15:44:49Z</time>
      </trkpt>
      <trkpt lat="33.56512" lon="-117.76663">
        <ele>118.9</ele>
        <time>2026-06-30T15:44:52Z</time>
      </trkpt>
      <trkpt lat="33.56513" lon="-117.76666">
        <ele>119.33</ele>
        <time>2026-06-30T15:44:55Z</time>
      </trkpt>
      <trkpt lat="33.56514" lon="-117.76669">
        <ele>119.89</ele>
        <time>2026-06-30T15:44:59Z</time>
      </trkpt>
      <trkpt lat="33.56515" lon="-117.76673">
        <ele>120.73</ele>
        <time>2026-06-30T15:45:03Z</time>
      </trkpt>
      <trkpt lat="33.56517" lon="-117.76676">
        <ele>121.68</ele>
        <time>2026-06-30T15:45:07Z</time>
      </trkpt>
      <trkpt lat="33.56518" lon="-117.7668">
        <ele>122.35</ele>
        <time>2026-06-30T15:45:12Z</time>
      </trkpt>
      <trkpt lat="33.5652" lon="-117.76682">
        <ele>122.82</ele>
        <time>2026-06-30T15:45:59Z</time>
      </trkpt>
      <trkpt lat="33.56523" lon="-117.76686">
        <ele>123.57</ele>
        <time>2026-06-30T15:46:02Z</time>
      </trkpt>
      <trkpt lat="33.56525" lon="-117.76689">
        <ele>124.11</ele>
        <time>2026-06-30T15:46:05Z</time>
      </trkpt>
      <trkpt lat="33.56527" lon="-117.76691">
        <ele>124.54</ele>
        <time>2026-06-30T15:46:08Z</time>
      </trkpt>
      <trkpt lat="33.56529" lon="-117.76694">
        <ele>124.95</ele>
        <time>2026-06-30T15:46:11Z</time>
      </trkpt>
      <trkpt lat="33.56531" lon="-117.76697">
        <ele>125.1</ele>
        <time>2026-06-30T15:46:15Z</time>
      </trkpt>
      <trkpt lat="33.56532" lon="-117.767">
        <ele>125.27</ele>
        <time>2026-06-30T15:46:18Z</time>
      </trkpt>
      <trkpt lat="33.56534" lon="-117.76703">
        <ele>125.62</ele>
        <time>2026-06-30T15:46:22Z</time>
      </trkpt>
      <trkpt lat="33.56536" lon="-117.76706">
        <ele>126.14</ele>
        <time>2026-06-30T15:46:26Z</time>
      </trkpt>
      <trkpt lat="33.56538" lon="-117.76709">
        <ele>126.68</ele>
        <time>2026-06-30T15:46:29Z</time>
      </trkpt>
      <trkpt lat="33.5654" lon="-117.76711">
        <ele>127.11</ele>
        <time>2026-06-30T15:46:32Z</time>
      </trkpt>
      <trkpt lat="33.56542" lon="-117.76714">
        <ele>127.65</ele>
        <time>2026-06-30T15:46:36Z</time>
      </trkpt>
      <trkpt lat="33.56544" lon="-117.76718">
        <ele>128.3</ele>
        <time>2026-06-30T15:46:40Z</time>
      </trkpt>
      <trkpt lat="33.56546" lon="-117.76721">
        <ele>128.84</ele>
        <time>2026-06-30T15:46:44Z</time>
      </trkpt>
      <trkpt lat="33.56548" lon="-117.76724">
        <ele>129.23</ele>
        <time>2026-06-30T15:46:48Z</time>
      </trkpt>
      <trkpt lat="33.5655" lon="-117.76727">
        <ele>129.72</ele>
        <time>2026-06-30T15:46:52Z</time>
      </trkpt>
      <trkpt lat="33.56552" lon="-117.7673">
        <ele>130.36</ele>
        <time>2026-06-30T15:46:56Z</time>
      </trkpt>
      <trkpt lat="33.56555" lon="-117.76733">
        <ele>131.1</ele>
        <time>2026-06-30T15:47:00Z</time>
      </trkpt>
      <trkpt lat="33.56557" lon="-117.76736">
        <ele>131.56</ele>
        <time>2026-06-30T15:47:04Z</time>
      </trkpt>
      <trkpt lat="33.56559" lon="-117.76739">
        <ele>132.11</ele>
        <time>2026-06-30T15:47:08Z</time>
      </trkpt>
      <trkpt lat="33.56561" lon="-117.76742">
        <ele>132.86</ele>
        <time>2026-06-30T15:47:12Z</time>
      </trkpt>
      <trkpt lat="33.56563" lon="-117.76745">
        <ele>133.72</ele>
        <time>2026-06-30T15:47:16Z</time>
      </trkpt>
      <trkpt lat="33.56565" lon="-117.76747">
        <ele>134.35</ele>
        <time>2026-06-30T15:47:21Z</time>
      </trkpt>
      <trkpt lat="33.56567" lon="-117.76749">
        <ele>134.78</ele>
        <time>2026-06-30T15:47:26Z</time>
      </trkpt>
      <trkpt lat="33.56568" lon="-117.76752">
        <ele>135.29</ele>
        <time>2026-06-30T15:47:32Z</time>
      </trkpt>
      <trkpt lat="33.5657" lon="-117.76755">
        <ele>135.84</ele>
        <time>2026-06-30T15:47:38Z</time>
      </trkpt>
      <trkpt lat="33.56572" lon="-117.76758">
        <ele>136.53</ele>
        <time>2026-06-30T15:47:43Z</time>
      </trkpt>
      <trkpt lat="33.56574" lon="-117.76761">
        <ele>137.37</ele>
        <time>2026-06-30T15:47:48Z</time>
      </trkpt>
      <trkpt lat="33.56576" lon="-117.76763">
        <ele>137.93</ele>
        <time>2026-06-30T15:47:52Z</time>
      </trkpt>
      <trkpt lat="33.56578" lon="-117.76766">
        <ele>138.57</ele>
        <time>2026-06-30T15:47:56Z</time>
      </trkpt>
      <trkpt lat="33.5658" lon="-117.76768">
        <ele>138.92</ele>
        <time>2026-06-30T15:48:01Z</time>
      </trkpt>
      <trkpt lat="33.56582" lon="-117.76771">
        <ele>139.5</ele>
        <time>2026-06-30T15:48:07Z</time>
      </trkpt>
      <trkpt lat="33.56584" lon="-117.76773">
        <ele>140.08</ele>
        <time>2026-06-30T15:48:13Z</time>
      </trkpt>
      <trkpt lat="33.56587" lon="-117.76775">
        <ele>140.91</ele>
        <time>2026-06-30T15:48:18Z</time>
      </trkpt>
      <trkpt lat="33.56589" lon="-117.76777">
        <ele>141.5</ele>
        <time>2026-06-30T15:48:23Z</time>
      </trkpt>
      <trkpt lat="33.56592" lon="-117.76778">
        <ele>141.96</ele>
        <time>2026-06-30T15:48:28Z</time>
      </trkpt>
      <trkpt lat="33.56594" lon="-117.7678">
        <ele>142.39</ele>
        <time>2026-06-30T15:48:31Z</time>
      </trkpt>
      <trkpt lat="33.56597" lon="-117.76781">
        <ele>142.82</ele>
        <time>2026-06-30T15:48:34Z</time>
      </trkpt>
      <trkpt lat="33.566" lon="-117.76782">
        <ele>143.26</ele>
        <time>2026-06-30T15:48:38Z</time>
      </trkpt>
      <trkpt lat="33.56603" lon="-117.76783">
        <ele>143.81</ele>
        <time>2026-06-30T15:48:42Z</time>
      </trkpt>
      <trkpt lat="33.56606" lon="-117.76785">
        <ele>144.68</ele>
        <time>2026-06-30T15:48:47Z</time>
      </trkpt>
      <trkpt lat="33.56609" lon="-117.76787">
        <ele>145.54</ele>
        <time>2026-06-30T15:48:52Z</time>
      </trkpt>
      <trkpt lat="33.56611" lon="-117.76788">
        <ele>145.98</ele>
        <time>2026-06-30T15:48:56Z</time>
      </trkpt>
      <trkpt lat="33.56614" lon="-117.76788">
        <ele>146.34</ele>
        <time>2026-06-30T15:49:01Z</time>
      </trkpt>
      <trkpt lat="33.56617" lon="-117.76789">
        <ele>146.77</ele>
        <time>2026-06-30T15:49:08Z</time>
      </trkpt>
      <trkpt lat="33.56619" lon="-117.7679">
        <ele>147.12</ele>
        <time>2026-06-30T15:49:13Z</time>
      </trkpt>
      <trkpt lat="33.56622" lon="-117.76792">
        <ele>147.89</ele>
        <time>2026-06-30T15:49:18Z</time>
      </trkpt>
      <trkpt lat="33.56625" lon="-117.76794">
        <ele>148.75</ele>
        <time>2026-06-30T15:49:23Z</time>
      </trkpt>
      <trkpt lat="33.56628" lon="-117.76796">
        <ele>149.62</ele>
        <time>2026-06-30T15:49:28Z</time>
      </trkpt>
      <trkpt lat="33.5663" lon="-117.76798">
        <ele>150.08</ele>
        <time>2026-06-30T15:49:32Z</time>
      </trkpt>
      <trkpt lat="33.56632" lon="-117.768">
        <ele>150.51</ele>
        <time>2026-06-30T15:49:36Z</time>
      </trkpt>
      <trkpt lat="33.56634" lon="-117.76801">
        <ele>150.94</ele>
        <time>2026-06-30T15:49:40Z</time>
      </trkpt>
      <trkpt lat="33.56636" lon="-117.76804">
        <ele>151.38</ele>
        <time>2026-06-30T15:49:49Z</time>
      </trkpt>
      <trkpt lat="33.56638" lon="-117.76805">
        <ele>151.81</ele>
        <time>2026-06-30T15:51:07Z</time>
      </trkpt>
      <trkpt lat="33.56641" lon="-117.76805">
        <ele>152.67</ele>
        <time>2026-06-30T15:51:09Z</time>
      </trkpt>
      <trkpt lat="33.56644" lon="-117.76806">
        <ele>153.73</ele>
        <time>2026-06-30T15:51:11Z</time>
      </trkpt>
      <trkpt lat="33.56647" lon="-117.76807">
        <ele>154.8</ele>
        <time>2026-06-30T15:51:14Z</time>
      </trkpt>
      <trkpt lat="33.56649" lon="-117.76809">
        <ele>155.59</ele>
        <time>2026-06-30T15:51:18Z</time>
      </trkpt>
      <trkpt lat="33.56651" lon="-117.76813">
        <ele>156.67</ele>
        <time>2026-06-30T15:51:21Z</time>
      </trkpt>
      <trkpt lat="33.56652" lon="-117.76817">
        <ele>157.62</ele>
        <time>2026-06-30T15:51:24Z</time>
      </trkpt>
      <trkpt lat="33.56654" lon="-117.76819">
        <ele>158.51</ele>
        <time>2026-06-30T15:51:29Z</time>
      </trkpt>
      <trkpt lat="33.56657" lon="-117.76821">
        <ele>159.57</ele>
        <time>2026-06-30T15:51:34Z</time>
      </trkpt>
      <trkpt lat="33.56659" lon="-117.76823">
        <ele>160.38</ele>
        <time>2026-06-30T15:51:39Z</time>
      </trkpt>
      <trkpt lat="33.56662" lon="-117.76825">
        <ele>161.69</ele>
        <time>2026-06-30T15:51:44Z</time>
      </trkpt>
      <trkpt lat="33.56664" lon="-117.76827">
        <ele>162.77</ele>
        <time>2026-06-30T15:51:49Z</time>
      </trkpt>
      <trkpt lat="33.56666" lon="-117.76829">
        <ele>163.85</ele>
        <time>2026-06-30T15:51:54Z</time>
      </trkpt>
      <trkpt lat="33.56668" lon="-117.76831">
        <ele>164.93</ele>
        <time>2026-06-30T15:52:00Z</time>
      </trkpt>
      <trkpt lat="33.5667" lon="-117.76833">
        <ele>166.01</ele>
        <time>2026-06-30T15:52:06Z</time>
      </trkpt>
      <trkpt lat="33.56672" lon="-117.76835">
        <ele>166.91</ele>
        <time>2026-06-30T15:52:12Z</time>
      </trkpt>
      <trkpt lat="33.56673" lon="-117.76838">
        <ele>167.56</ele>
        <time>2026-06-30T15:52:50Z</time>
      </trkpt>
      <trkpt lat="33.56676" lon="-117.76841">
        <ele>168.85</ele>
        <time>2026-06-30T15:52:55Z</time>
      </trkpt>
      <trkpt lat="33.56679" lon="-117.76844">
        <ele>170.25</ele>
        <time>2026-06-30T15:52:58Z</time>
      </trkpt>
      <trkpt lat="33.56681" lon="-117.76847">
        <ele>171.34</ele>
        <time>2026-06-30T15:53:01Z</time>
      </trkpt>
      <trkpt lat="33.56683" lon="-117.76849">
        <ele>172.15</ele>
        <time>2026-06-30T15:53:05Z</time>
      </trkpt>
      <trkpt lat="33.56685" lon="-117.76851">
        <ele>172.87</ele>
        <time>2026-06-30T15:53:10Z</time>
      </trkpt>
      <trkpt lat="33.56687" lon="-117.76854">
        <ele>173.62</ele>
        <time>2026-06-30T15:53:15Z</time>
      </trkpt>
      <trkpt lat="33.5669" lon="-117.76856">
        <ele>174.49</ele>
        <time>2026-06-30T15:53:20Z</time>
      </trkpt>
      <trkpt lat="33.56692" lon="-117.76857">
        <ele>175.03</ele>
        <time>2026-06-30T15:53:24Z</time>
      </trkpt>
      <trkpt lat="33.56695" lon="-117.76859">
        <ele>175.86</ele>
        <time>2026-06-30T15:53:29Z</time>
      </trkpt>
      <trkpt lat="33.56698" lon="-117.7686">
        <ele>176.36</ele>
        <time>2026-06-30T15:53:33Z</time>
      </trkpt>
      <trkpt lat="33.567" lon="-117.76861">
        <ele>176.6</ele>
        <time>2026-06-30T15:53:37Z</time>
      </trkpt>
      <trkpt lat="33.56703" lon="-117.76862">
        <ele>176.92</ele>
        <time>2026-06-30T15:53:41Z</time>
      </trkpt>
      <trkpt lat="33.56704" lon="-117.7686">
        <ele>177.18</ele>
        <time>2026-06-30T15:54:18Z</time>
      </trkpt>
      <trkpt lat="33.56707" lon="-117.76861">
        <ele>177.72</ele>
        <time>2026-06-30T15:54:31Z</time>
      </trkpt>
      <trkpt lat="33.5671" lon="-117.76862">
        <ele>178.36</ele>
        <time>2026-06-30T15:54:36Z</time>
      </trkpt>
      <trkpt lat="33.56713" lon="-117.76863">
        <ele>179.0</ele>
        <time>2026-06-30T15:54:39Z</time>
      </trkpt>
      <trkpt lat="33.56716" lon="-117.76863">
        <ele>179.33</ele>
        <time>2026-06-30T15:54:41Z</time>
      </trkpt>
      <trkpt lat="33.5672" lon="-117.76864">
        <ele>179.76</ele>
        <time>2026-06-30T15:54:43Z</time>
      </trkpt>
      <trkpt lat="33.56722" lon="-117.76864">
        <ele>179.98</ele>
        <time>2026-06-30T15:54:45Z</time>
      </trkpt>
      <trkpt lat="33.56725" lon="-117.76866">
        <ele>180.16</ele>
        <time>2026-06-30T15:54:48Z</time>
      </trkpt>
      <trkpt lat="33.56727" lon="-117.76868">
        <ele>180.38</ele>
        <time>2026-06-30T15:54:51Z</time>
      </trkpt>
      <trkpt lat="33.56729" lon="-117.76871">
        <ele>180.78</ele>
        <time>2026-06-30T15:54:53Z</time>
      </trkpt>
      <trkpt lat="33.56731" lon="-117.76875">
        <ele>181.42</ele>
        <time>2026-06-30T15:54:56Z</time>
      </trkpt>
      <trkpt lat="33.56732" lon="-117.76877">
        <ele>181.83</ele>
        <time>2026-06-30T15:54:59Z</time>
      </trkpt>
      <trkpt lat="33.56735" lon="-117.76879">
        <ele>182.69</ele>
        <time>2026-06-30T15:55:03Z</time>
      </trkpt>
      <trkpt lat="33.56737" lon="-117.76882">
        <ele>183.34</ele>
        <time>2026-06-30T15:55:07Z</time>
      </trkpt>
      <trkpt lat="33.5674" lon="-117.76884">
        <ele>184.27</ele>
        <time>2026-06-30T15:55:11Z</time>
      </trkpt>
      <trkpt lat="33.56742" lon="-117.76887">
        <ele>185.04</ele>
        <time>2026-06-30T15:55:15Z</time>
      </trkpt>
      <trkpt lat="33.56744" lon="-117.76889">
        <ele>185.71</ele>
        <time>2026-06-30T15:55:19Z</time>
      </trkpt>
      <trkpt lat="33.56747" lon="-117.76891">
        <ele>186.51</ele>
        <time>2026-06-30T15:55:23Z</time>
      </trkpt>
      <trkpt lat="33.56749" lon="-117.76893">
        <ele>187.18</ele>
        <time>2026-06-30T15:55:28Z</time>
      </trkpt>
      <trkpt lat="33.56751" lon="-117.76896">
        <ele>187.96</ele>
        <time>2026-06-30T15:55:34Z</time>
      </trkpt>
      <trkpt lat="33.56752" lon="-117.76899">
        <ele>188.52</ele>
        <time>2026-06-30T15:55:41Z</time>
      </trkpt>
      <trkpt lat="33.56755" lon="-117.76899">
        <ele>189.17</ele>
        <time>2026-06-30T15:55:47Z</time>
      </trkpt>
      <trkpt lat="33.56757" lon="-117.76901">
        <ele>189.82</ele>
        <time>2026-06-30T15:55:52Z</time>
      </trkpt>
      <trkpt lat="33.5676" lon="-117.76903">
        <ele>190.73</ele>
        <time>2026-06-30T15:55:57Z</time>
      </trkpt>
      <trkpt lat="33.56762" lon="-117.76905">
        <ele>191.55</ele>
        <time>2026-06-30T15:56:02Z</time>
      </trkpt>
      <trkpt lat="33.56765" lon="-117.76908">
        <ele>192.88</ele>
        <time>2026-06-30T15:56:07Z</time>
      </trkpt>
      <trkpt lat="33.56767" lon="-117.7691">
        <ele>193.55</ele>
        <time>2026-06-30T15:56:12Z</time>
      </trkpt>
      <trkpt lat="33.56769" lon="-117.76911">
        <ele>194.12</ele>
        <time>2026-06-30T15:56:16Z</time>
      </trkpt>
      <trkpt lat="33.56772" lon="-117.76913">
        <ele>194.98</ele>
        <time>2026-06-30T15:56:21Z</time>
      </trkpt>
      <trkpt lat="33.56774" lon="-117.76916">
        <ele>195.73</ele>
        <time>2026-06-30T15:56:26Z</time>
      </trkpt>
      <trkpt lat="33.56777" lon="-117.76918">
        <ele>196.76</ele>
        <time>2026-06-30T15:56:31Z</time>
      </trkpt>
      <trkpt lat="33.56776" lon="-117.76921">
        <ele>196.51</ele>
        <time>2026-06-30T15:56:42Z</time>
      </trkpt>
      <trkpt lat="33.56776" lon="-117.76918">
        <ele>196.45</ele>
        <time>2026-06-30T15:56:52Z</time>
      </trkpt>
      <trkpt lat="33.56778" lon="-117.7692">
        <ele>197.05</ele>
        <time>2026-06-30T15:58:58Z</time>
      </trkpt>
      <trkpt lat="33.56781" lon="-117.7692">
        <ele>197.7</ele>
        <time>2026-06-30T15:59:00Z</time>
      </trkpt>
      <trkpt lat="33.56786" lon="-117.7692">
        <ele>198.78</ele>
        <time>2026-06-30T15:59:02Z</time>
      </trkpt>
      <trkpt lat="33.56789" lon="-117.76921">
        <ele>199.52</ele>
        <time>2026-06-30T15:59:04Z</time>
      </trkpt>
      <trkpt lat="33.56792" lon="-117.76921">
        <ele>200.32</ele>
        <time>2026-06-30T15:59:07Z</time>
      </trkpt>
      <trkpt lat="33.56794" lon="-117.76923">
        <ele>201.02</ele>
        <time>2026-06-30T15:59:10Z</time>
      </trkpt>
      <trkpt lat="33.56795" lon="-117.76926">
        <ele>201.58</ele>
        <time>2026-06-30T15:59:12Z</time>
      </trkpt>
      <trkpt lat="33.56797" lon="-117.7693">
        <ele>202.19</ele>
        <time>2026-06-30T15:59:14Z</time>
      </trkpt>
      <trkpt lat="33.56798" lon="-117.76933">
        <ele>202.51</ele>
        <time>2026-06-30T15:59:17Z</time>
      </trkpt>
      <trkpt lat="33.568" lon="-117.76935">
        <ele>203.19</ele>
        <time>2026-06-30T15:59:21Z</time>
      </trkpt>
      <trkpt lat="33.56803" lon="-117.76937">
        <ele>204.42</ele>
        <time>2026-06-30T15:59:25Z</time>
      </trkpt>
      <trkpt lat="33.56805" lon="-117.76939">
        <ele>205.26</ele>
        <time>2026-06-30T15:59:30Z</time>
      </trkpt>
      <trkpt lat="33.56807" lon="-117.76941">
        <ele>205.78</ele>
        <time>2026-06-30T15:59:34Z</time>
      </trkpt>
      <trkpt lat="33.56809" lon="-117.76944">
        <ele>206.32</ele>
        <time>2026-06-30T15:59:38Z</time>
      </trkpt>
      <trkpt lat="33.56811" lon="-117.76947">
        <ele>206.86</ele>
        <time>2026-06-30T15:59:42Z</time>
      </trkpt>
      <trkpt lat="33.5681" lon="-117.76951">
        <ele>207.19</ele>
        <time>2026-06-30T15:59:46Z</time>
      </trkpt>
      <trkpt lat="33.56809" lon="-117.76954">
        <ele>207.4</ele>
        <time>2026-06-30T15:59:50Z</time>
      </trkpt>
      <trkpt lat="33.56809" lon="-117.76959">
        <ele>207.94</ele>
        <time>2026-06-30T15:59:54Z</time>
      </trkpt>
      <trkpt lat="33.56809" lon="-117.76963">
        <ele>208.37</ele>
        <time>2026-06-30T15:59:57Z</time>
      </trkpt>
      <trkpt lat="33.5681" lon="-117.76967">
        <ele>208.71</ele>
        <time>2026-06-30T16:00:00Z</time>
      </trkpt>
      <trkpt lat="33.56811" lon="-117.7697">
        <ele>208.9</ele>
        <time>2026-06-30T16:00:03Z</time>
      </trkpt>
      <trkpt lat="33.56813" lon="-117.76973">
        <ele>209.0</ele>
        <time>2026-06-30T16:00:07Z</time>
      </trkpt>
      <trkpt lat="33.56817" lon="-117.76973">
        <ele>209.22</ele>
        <time>2026-06-30T16:00:10Z</time>
      </trkpt>
      <trkpt lat="33.5682" lon="-117.76974">
        <ele>209.45</ele>
        <time>2026-06-30T16:00:13Z</time>
      </trkpt>
      <trkpt lat="33.56823" lon="-117.76973">
        <ele>209.81</ele>
        <time>2026-06-30T16:00:16Z</time>
      </trkpt>
      <trkpt lat="33.56826" lon="-117.76972">
        <ele>209.77</ele>
        <time>2026-06-30T16:00:19Z</time>
      </trkpt>
      <trkpt lat="33.56829" lon="-117.76971">
        <ele>209.41</ele>
        <time>2026-06-30T16:00:22Z</time>
      </trkpt>
      <trkpt lat="33.56833" lon="-117.76969">
        <ele>209.02</ele>
        <time>2026-06-30T16:00:25Z</time>
      </trkpt>
      <trkpt lat="33.56836" lon="-117.76968">
        <ele>209.0</ele>
        <time>2026-06-30T16:00:28Z</time>
      </trkpt>
      <trkpt lat="33.56838" lon="-117.76966">
        <ele>209.0</ele>
        <time>2026-06-30T16:00:31Z</time>
      </trkpt>
      <trkpt lat="33.56841" lon="-117.76964">
        <ele>209.0</ele>
        <time>2026-06-30T16:00:34Z</time>
      </trkpt>
      <trkpt lat="33.56844" lon="-117.76963">
        <ele>209.0</ele>
        <time>2026-06-30T16:00:37Z</time>
      </trkpt>
      <trkpt lat="33.56847" lon="-117.76961">
        <ele>209.0</ele>
        <time>2026-06-30T16:00:40Z</time>
      </trkpt>
      <trkpt lat="33.5685" lon="-117.7696">
        <ele>209.0</ele>
        <time>2026-06-30T16:00:43Z</time>
      </trkpt>
      <trkpt lat="33.56853" lon="-117.76959">
        <ele>208.88</ele>
        <time>2026-06-30T16:00:46Z</time>
      </trkpt>
      <trkpt lat="33.56856" lon="-117.76958">
        <ele>208.55</ele>
        <time>2026-06-30T16:00:49Z</time>
      </trkpt>
      <trkpt lat="33.56859" lon="-117.76957">
        <ele>208.23</ele>
        <time>2026-06-30T16:00:52Z</time>
      </trkpt>
      <trkpt lat="33.56862" lon="-117.76956">
        <ele>207.98</ele>
        <time>2026-06-30T16:00:55Z</time>
      </trkpt>
      <trkpt lat="33.56865" lon="-117.76956">
        <ele>207.9</ele>
        <time>2026-06-30T16:00:58Z</time>
      </trkpt>
      <trkpt lat="33.56868" lon="-117.76957">
        <ele>207.74</ele>
        <time>2026-06-30T16:01:01Z</time>
      </trkpt>
      <trkpt lat="33.56871" lon="-117.76959">
        <ele>207.36</ele>
        <time>2026-06-30T16:01:04Z</time>
      </trkpt>
      <trkpt lat="33.56873" lon="-117.7696">
        <ele>207.04</ele>
        <time>2026-06-30T16:01:07Z</time>
      </trkpt>
      <trkpt lat="33.56877" lon="-117.76959">
        <ele>206.71</ele>
        <time>2026-06-30T16:01:10Z</time>
      </trkpt>
      <trkpt lat="33.5688" lon="-117.76959">
        <ele>206.41</ele>
        <time>2026-06-30T16:01:13Z</time>
      </trkpt>
      <trkpt lat="33.56883" lon="-117.76959">
        <ele>206.27</ele>
        <time>2026-06-30T16:01:16Z</time>
      </trkpt>
      <trkpt lat="33.56886" lon="-117.76959">
        <ele>206.13</ele>
        <time>2026-06-30T16:01:19Z</time>
      </trkpt>
      <trkpt lat="33.56889" lon="-117.76959">
        <ele>205.99</ele>
        <time>2026-06-30T16:01:22Z</time>
      </trkpt>
      <trkpt lat="33.56891" lon="-117.76959">
        <ele>205.87</ele>
        <time>2026-06-30T16:01:25Z</time>
      </trkpt>
      <trkpt lat="33.56895" lon="-117.76959">
        <ele>205.62</ele>
        <time>2026-06-30T16:02:27Z</time>
      </trkpt>
      <trkpt lat="33.569" lon="-117.76959">
        <ele>205.43</ele>
        <time>2026-06-30T16:02:29Z</time>
      </trkpt>
      <trkpt lat="33.56904" lon="-117.76959">
        <ele>205.43</ele>
        <time>2026-06-30T16:02:31Z</time>
      </trkpt>
      <trkpt lat="33.56907" lon="-117.76959">
        <ele>205.43</ele>
        <time>2026-06-30T16:02:34Z</time>
      </trkpt>
      <trkpt lat="33.56909" lon="-117.7696">
        <ele>205.44</ele>
        <time>2026-06-30T16:02:37Z</time>
      </trkpt>
      <trkpt lat="33.56912" lon="-117.7696">
        <ele>205.66</ele>
        <time>2026-06-30T16:02:40Z</time>
      </trkpt>
      <trkpt lat="33.56915" lon="-117.7696">
        <ele>205.88</ele>
        <time>2026-06-30T16:02:43Z</time>
      </trkpt>
      <trkpt lat="33.56919" lon="-117.7696">
        <ele>206.0</ele>
        <time>2026-06-30T16:02:46Z</time>
      </trkpt>
      <trkpt lat="33.56922" lon="-117.76961">
        <ele>206.0</ele>
        <time>2026-06-30T16:02:49Z</time>
      </trkpt>
      <trkpt lat="33.56924" lon="-117.76962">
        <ele>206.0</ele>
        <time>2026-06-30T16:02:52Z</time>
      </trkpt>
      <trkpt lat="33.56927" lon="-117.76965">
        <ele>206.09</ele>
        <time>2026-06-30T16:02:55Z</time>
      </trkpt>
      <trkpt lat="33.5693" lon="-117.76966">
        <ele>206.3</ele>
        <time>2026-06-30T16:02:58Z</time>
      </trkpt>
      <trkpt lat="33.56933" lon="-117.76966">
        <ele>206.51</ele>
        <time>2026-06-30T16:03:01Z</time>
      </trkpt>
      <trkpt lat="33.56937" lon="-117.76967">
        <ele>206.65</ele>
        <time>2026-06-30T16:03:04Z</time>
      </trkpt>
      <trkpt lat="33.56939" lon="-117.76967">
        <ele>206.74</ele>
        <time>2026-06-30T16:03:07Z</time>
      </trkpt>
      <trkpt lat="33.56942" lon="-117.76968">
        <ele>206.86</ele>
        <time>2026-06-30T16:03:10Z</time>
      </trkpt>
      <trkpt lat="33.56945" lon="-117.76968">
        <ele>207.0</ele>
        <time>2026-06-30T16:03:13Z</time>
      </trkpt>
      <trkpt lat="33.56949" lon="-117.76969">
        <ele>207.0</ele>
        <time>2026-06-30T16:03:16Z</time>
      </trkpt>
      <trkpt lat="33.56952" lon="-117.76969">
        <ele>207.0</ele>
        <time>2026-06-30T16:03:19Z</time>
      </trkpt>
      <trkpt lat="33.56955" lon="-117.7697">
        <ele>207.0</ele>
        <time>2026-06-30T16:03:22Z</time>
      </trkpt>
      <trkpt lat="33.56959" lon="-117.7697">
        <ele>207.0</ele>
        <time>2026-06-30T16:03:25Z</time>
      </trkpt>
      <trkpt lat="33.56962" lon="-117.7697">
        <ele>207.0</ele>
        <time>2026-06-30T16:03:28Z</time>
      </trkpt>
      <trkpt lat="33.56966" lon="-117.7697">
        <ele>207.0</ele>
        <time>2026-06-30T16:03:31Z</time>
      </trkpt>
      <trkpt lat="33.56969" lon="-117.7697">
        <ele>207.0</ele>
        <time>2026-06-30T16:03:34Z</time>
      </trkpt>
      <trkpt lat="33.56972" lon="-117.7697">
        <ele>207.0</ele>
        <time>2026-06-30T16:03:37Z</time>
      </trkpt>
      <trkpt lat="33.56976" lon="-117.76969">
        <ele>207.0</ele>
        <time>2026-06-30T16:03:40Z</time>
      </trkpt>
      <trkpt lat="33.56979" lon="-117.7697">
        <ele>207.0</ele>
        <time>2026-06-30T16:03:43Z</time>
      </trkpt>
      <trkpt lat="33.56983" lon="-117.7697">
        <ele>207.04</ele>
        <time>2026-06-30T16:03:46Z</time>
      </trkpt>
      <trkpt lat="33.56986" lon="-117.7697">
        <ele>207.12</ele>
        <time>2026-06-30T16:03:49Z</time>
      </trkpt>
      <trkpt lat="33.56989" lon="-117.7697">
        <ele>207.19</ele>
        <time>2026-06-30T16:03:52Z</time>
      </trkpt>
      <trkpt lat="33.56992" lon="-117.7697">
        <ele>207.38</ele>
        <time>2026-06-30T16:03:55Z</time>
      </trkpt>
      <trkpt lat="33.56995" lon="-117.7697">
        <ele>207.7</ele>
        <time>2026-06-30T16:04:00Z</time>
      </trkpt>
      <trkpt lat="33.56998" lon="-117.7697">
        <ele>208.02</ele>
        <time>2026-06-30T16:04:05Z</time>
      </trkpt>
      <trkpt lat="33.57002" lon="-117.7697">
        <ele>208.46</ele>
        <time>2026-06-30T16:04:09Z</time>
      </trkpt>
      <trkpt lat="33.57005" lon="-117.7697">
        <ele>208.78</ele>
        <time>2026-06-30T16:04:12Z</time>
      </trkpt>
      <trkpt lat="33.57008" lon="-117.76969">
        <ele>209.21</ele>
        <time>2026-06-30T16:04:16Z</time>
      </trkpt>
      <trkpt lat="33.57011" lon="-117.76969">
        <ele>209.47</ele>
        <time>2026-06-30T16:04:19Z</time>
      </trkpt>
      <trkpt lat="33.57014" lon="-117.76969">
        <ele>209.68</ele>
        <time>2026-06-30T16:04:22Z</time>
      </trkpt>
      <trkpt lat="33.57018" lon="-117.7697">
        <ele>209.96</ele>
        <time>2026-06-30T16:04:25Z</time>
      </trkpt>
      <trkpt lat="33.57021" lon="-117.7697">
        <ele>210.27</ele>
        <time>2026-06-30T16:04:28Z</time>
      </trkpt>
      <trkpt lat="33.57024" lon="-117.7697">
        <ele>210.59</ele>
        <time>2026-06-30T16:04:31Z</time>
      </trkpt>
      <trkpt lat="33.57027" lon="-117.7697">
        <ele>210.92</ele>
        <time>2026-06-30T16:04:34Z</time>
      </trkpt>
      <trkpt lat="33.5703" lon="-117.7697">
        <ele>211.0</ele>
        <time>2026-06-30T16:04:37Z</time>
      </trkpt>
      <trkpt lat="33.57033" lon="-117.7697">
        <ele>211.0</ele>
        <time>2026-06-30T16:04:40Z</time>
      </trkpt>
      <trkpt lat="33.57036" lon="-117.7697">
        <ele>211.0</ele>
        <time>2026-06-30T16:04:43Z</time>
      </trkpt>
      <trkpt lat="33.57039" lon="-117.7697">
        <ele>211.0</ele>
        <time>2026-06-30T16:04:46Z</time>
      </trkpt>
      <trkpt lat="33.57042" lon="-117.76967">
        <ele>211.0</ele>
        <time>2026-06-30T16:04:49Z</time>
      </trkpt>
      <trkpt lat="33.57044" lon="-117.76964">
        <ele>211.0</ele>
        <time>2026-06-30T16:04:51Z</time>
      </trkpt>
      <trkpt lat="33.57046" lon="-117.76961">
        <ele>211.0</ele>
        <time>2026-06-30T16:04:53Z</time>
      </trkpt>
      <trkpt lat="33.57049" lon="-117.76959">
        <ele>211.0</ele>
        <time>2026-06-30T16:04:56Z</time>
      </trkpt>
      <trkpt lat="33.57052" lon="-117.76957">
        <ele>211.0</ele>
        <time>2026-06-30T16:04:59Z</time>
      </trkpt>
      <trkpt lat="33.57054" lon="-117.76955">
        <ele>211.0</ele>
        <time>2026-06-30T16:05:02Z</time>
      </trkpt>
      <trkpt lat="33.57057" lon="-117.76953">
        <ele>210.92</ele>
        <time>2026-06-30T16:05:05Z</time>
      </trkpt>
      <trkpt lat="33.5706" lon="-117.76951">
        <ele>210.71</ele>
        <time>2026-06-30T16:05:08Z</time>
      </trkpt>
      <trkpt lat="33.57063" lon="-117.7695">
        <ele>210.6</ele>
        <time>2026-06-30T16:05:11Z</time>
      </trkpt>
      <trkpt lat="33.57065" lon="-117.76949">
        <ele>210.49</ele>
        <time>2026-06-30T16:05:14Z</time>
      </trkpt>
      <trkpt lat="33.57068" lon="-117.76948">
        <ele>210.38</ele>
        <time>2026-06-30T16:05:17Z</time>
      </trkpt>
      <trkpt lat="33.57071" lon="-117.76949">
        <ele>210.49</ele>
        <time>2026-06-30T16:05:20Z</time>
      </trkpt>
      <trkpt lat="33.57074" lon="-117.7695">
        <ele>210.6</ele>
        <time>2026-06-30T16:05:23Z</time>
      </trkpt>
      <trkpt lat="33.57077" lon="-117.76951">
        <ele>210.8</ele>
        <time>2026-06-30T16:05:26Z</time>
      </trkpt>
      <trkpt lat="33.5708" lon="-117.76951">
        <ele>210.89</ele>
        <time>2026-06-30T16:05:29Z</time>
      </trkpt>
      <trkpt lat="33.57083" lon="-117.7695">
        <ele>210.99</ele>
        <time>2026-06-30T16:05:32Z</time>
      </trkpt>
      <trkpt lat="33.57086" lon="-117.7695">
        <ele>211.0</ele>
        <time>2026-06-30T16:05:35Z</time>
      </trkpt>
      <trkpt lat="33.57089" lon="-117.7695">
        <ele>211.0</ele>
        <time>2026-06-30T16:05:38Z</time>
      </trkpt>
      <trkpt lat="33.57092" lon="-117.76949">
        <ele>211.0</ele>
        <time>2026-06-30T16:05:41Z</time>
      </trkpt>
      <trkpt lat="33.57095" lon="-117.76948">
        <ele>211.0</ele>
        <time>2026-06-30T16:05:44Z</time>
      </trkpt>
      <trkpt lat="33.57098" lon="-117.76948">
        <ele>211.0</ele>
        <time>2026-06-30T16:05:47Z</time>
      </trkpt>
      <trkpt lat="33.57101" lon="-117.76948">
        <ele>211.0</ele>
        <time>2026-06-30T16:05:50Z</time>
      </trkpt>
      <trkpt lat="33.57105" lon="-117.76948">
        <ele>211.0</ele>
        <time>2026-06-30T16:05:53Z</time>
      </trkpt>
      <trkpt lat="33.57108" lon="-117.76947">
        <ele>211.0</ele>
        <time>2026-06-30T16:05:56Z</time>
      </trkpt>
      <trkpt lat="33.57111" lon="-117.76947">
        <ele>211.0</ele>
        <time>2026-06-30T16:05:59Z</time>
      </trkpt>
      <trkpt lat="33.57114" lon="-117.76947">
        <ele>211.0</ele>
        <time>2026-06-30T16:06:02Z</time>
      </trkpt>
      <trkpt lat="33.57117" lon="-117.76946">
        <ele>211.0</ele>
        <time>2026-06-30T16:06:04Z</time>
      </trkpt>
      <trkpt lat="33.5712" lon="-117.76946">
        <ele>211.0</ele>
        <time>2026-06-30T16:06:06Z</time>
      </trkpt>
      <trkpt lat="33.57123" lon="-117.76946">
        <ele>211.0</ele>
        <time>2026-06-30T16:06:08Z</time>
      </trkpt>
      <trkpt lat="33.57127" lon="-117.76945">
        <ele>211.0</ele>
        <time>2026-06-30T16:06:11Z</time>
      </trkpt>
      <trkpt lat="33.5713" lon="-117.76945">
        <ele>211.04</ele>
        <time>2026-06-30T16:06:14Z</time>
      </trkpt>
      <trkpt lat="33.57133" lon="-117.76945">
        <ele>211.34</ele>
        <time>2026-06-30T16:06:17Z</time>
      </trkpt>
      <trkpt lat="33.57137" lon="-117.76944">
        <ele>211.8</ele>
        <time>2026-06-30T16:06:21Z</time>
      </trkpt>
      <trkpt lat="33.5714" lon="-117.76944">
        <ele>212.01</ele>
        <time>2026-06-30T16:06:25Z</time>
      </trkpt>
      <trkpt lat="33.57143" lon="-117.76944">
        <ele>212.02</ele>
        <time>2026-06-30T16:06:28Z</time>
      </trkpt>
      <trkpt lat="33.57146" lon="-117.76944">
        <ele>212.04</ele>
        <time>2026-06-30T16:06:31Z</time>
      </trkpt>
      <trkpt lat="33.57148" lon="-117.76944">
        <ele>212.05</ele>
        <time>2026-06-30T16:06:34Z</time>
      </trkpt>
      <trkpt lat="33.57152" lon="-117.76946">
        <ele>212.25</ele>
        <time>2026-06-30T16:06:37Z</time>
      </trkpt>
      <trkpt lat="33.57155" lon="-117.76947">
        <ele>212.46</ele>
        <time>2026-06-30T16:06:40Z</time>
      </trkpt>
      <trkpt lat="33.57158" lon="-117.76948">
        <ele>212.66</ele>
        <time>2026-06-30T16:06:43Z</time>
      </trkpt>
      <trkpt lat="33.57161" lon="-117.76949">
        <ele>212.71</ele>
        <time>2026-06-30T16:06:46Z</time>
      </trkpt>
      <trkpt lat="33.57164" lon="-117.7695">
        <ele>212.68</ele>
        <time>2026-06-30T16:06:49Z</time>
      </trkpt>
      <trkpt lat="33.57167" lon="-117.76951">
        <ele>212.57</ele>
        <time>2026-06-30T16:06:52Z</time>
      </trkpt>
      <trkpt lat="33.57169" lon="-117.76952">
        <ele>212.32</ele>
        <time>2026-06-30T16:06:55Z</time>
      </trkpt>
      <trkpt lat="33.57172" lon="-117.76953">
        <ele>212.11</ele>
        <time>2026-06-30T16:06:58Z</time>
      </trkpt>
      <trkpt lat="33.57175" lon="-117.76954">
        <ele>211.94</ele>
        <time>2026-06-30T16:07:01Z</time>
      </trkpt>
      <trkpt lat="33.57178" lon="-117.76955">
        <ele>211.75</ele>
        <time>2026-06-30T16:07:04Z</time>
      </trkpt>
      <trkpt lat="33.57181" lon="-117.76956">
        <ele>211.64</ele>
        <time>2026-06-30T16:07:07Z</time>
      </trkpt>
      <trkpt lat="33.57184" lon="-117.76958">
        <ele>211.48</ele>
        <time>2026-06-30T16:07:10Z</time>
      </trkpt>
      <trkpt lat="33.57187" lon="-117.76959">
        <ele>211.34</ele>
        <time>2026-06-30T16:07:13Z</time>
      </trkpt>
      <trkpt lat="33.57189" lon="-117.76961">
        <ele>211.12</ele>
        <time>2026-06-30T16:07:16Z</time>
      </trkpt>
      <trkpt lat="33.57192" lon="-117.76963">
        <ele>210.99</ele>
        <time>2026-06-30T16:07:19Z</time>
      </trkpt>
      <trkpt lat="33.57195" lon="-117.76966">
        <ele>210.59</ele>
        <time>2026-06-30T16:07:22Z</time>
      </trkpt>
      <trkpt lat="33.57198" lon="-117.76969">
        <ele>210.08</ele>
        <time>2026-06-30T16:07:25Z</time>
      </trkpt>
      <trkpt lat="33.572" lon="-117.76972">
        <ele>210.0</ele>
        <time>2026-06-30T16:07:28Z</time>
      </trkpt>
      <trkpt lat="33.57203" lon="-117.76976">
        <ele>209.94</ele>
        <time>2026-06-30T16:07:31Z</time>
      </trkpt>
      <trkpt lat="33.57204" lon="-117.76978">
        <ele>209.99</ele>
        <time>2026-06-30T16:07:34Z</time>
      </trkpt>
      <trkpt lat="33.57206" lon="-117.76981">
        <ele>209.99</ele>
        <time>2026-06-30T16:07:37Z</time>
      </trkpt>
      <trkpt lat="33.57208" lon="-117.76984">
        <ele>209.71</ele>
        <time>2026-06-30T16:07:41Z</time>
      </trkpt>
      <trkpt lat="33.5721" lon="-117.76987">
        <ele>209.62</ele>
        <time>2026-06-30T16:07:44Z</time>
      </trkpt>
      <trkpt lat="33.57212" lon="-117.7699">
        <ele>209.81</ele>
        <time>2026-06-30T16:07:47Z</time>
      </trkpt>
      <trkpt lat="33.57214" lon="-117.76992">
        <ele>210.0</ele>
        <time>2026-06-30T16:07:50Z</time>
      </trkpt>
      <trkpt lat="33.57216" lon="-117.76995">
        <ele>210.0</ele>
        <time>2026-06-30T16:07:53Z</time>
      </trkpt>
      <trkpt lat="33.57218" lon="-117.76997">
        <ele>210.0</ele>
        <time>2026-06-30T16:07:56Z</time>
      </trkpt>
      <trkpt lat="33.5722" lon="-117.77">
        <ele>210.0</ele>
        <time>2026-06-30T16:07:59Z</time>
      </trkpt>
      <trkpt lat="33.57222" lon="-117.77002">
        <ele>209.99</ele>
        <time>2026-06-30T16:08:02Z</time>
      </trkpt>
      <trkpt lat="33.57224" lon="-117.77005">
        <ele>210.21</ele>
        <time>2026-06-30T16:08:05Z</time>
      </trkpt>
      <trkpt lat="33.57227" lon="-117.77007">
        <ele>210.78</ele>
        <time>2026-06-30T16:08:08Z</time>
      </trkpt>
      <trkpt lat="33.57229" lon="-117.77009">
        <ele>211.42</ele>
        <time>2026-06-30T16:08:11Z</time>
      </trkpt>
      <trkpt lat="33.57232" lon="-117.77011">
        <ele>212.02</ele>
        <time>2026-06-30T16:08:15Z</time>
      </trkpt>
      <trkpt lat="33.57235" lon="-117.77011">
        <ele>212.14</ele>
        <time>2026-06-30T16:08:19Z</time>
      </trkpt>
      <trkpt lat="33.57238" lon="-117.77014">
        <ele>212.72</ele>
        <time>2026-06-30T16:08:23Z</time>
      </trkpt>
      <trkpt lat="33.5724" lon="-117.77016">
        <ele>213.34</ele>
        <time>2026-06-30T16:08:27Z</time>
      </trkpt>
      <trkpt lat="33.57243" lon="-117.77018">
        <ele>214.15</ele>
        <time>2026-06-30T16:08:31Z</time>
      </trkpt>
      <trkpt lat="33.57246" lon="-117.7702">
        <ele>214.66</ele>
        <time>2026-06-30T16:08:36Z</time>
      </trkpt>
      <trkpt lat="33.57248" lon="-117.77022">
        <ele>215.08</ele>
        <time>2026-06-30T16:08:41Z</time>
      </trkpt>
      <trkpt lat="33.57249" lon="-117.77025">
        <ele>215.52</ele>
        <time>2026-06-30T16:08:48Z</time>
      </trkpt>
      <trkpt lat="33.57252" lon="-117.77027">
        <ele>216.35</ele>
        <time>2026-06-30T16:08:53Z</time>
      </trkpt>
      <trkpt lat="33.57254" lon="-117.77029">
        <ele>217.0</ele>
        <time>2026-06-30T16:08:58Z</time>
      </trkpt>
      <trkpt lat="33.57257" lon="-117.77031">
        <ele>217.86</ele>
        <time>2026-06-30T16:09:03Z</time>
      </trkpt>
      <trkpt lat="33.57259" lon="-117.77033">
        <ele>218.51</ele>
        <time>2026-06-30T16:09:08Z</time>
      </trkpt>
      <trkpt lat="33.57261" lon="-117.77035">
        <ele>219.16</ele>
        <time>2026-06-30T16:09:13Z</time>
      </trkpt>
      <trkpt lat="33.57263" lon="-117.77037">
        <ele>219.8</ele>
        <time>2026-06-30T16:09:18Z</time>
      </trkpt>
      <trkpt lat="33.57265" lon="-117.77039">
        <ele>220.58</ele>
        <time>2026-06-30T16:09:24Z</time>
      </trkpt>
      <trkpt lat="33.57268" lon="-117.77039">
        <ele>221.3</ele>
        <time>2026-06-30T16:10:02Z</time>
      </trkpt>
      <trkpt lat="33.57271" lon="-117.7704">
        <ele>221.91</ele>
        <time>2026-06-30T16:10:05Z</time>
      </trkpt>
      <trkpt lat="33.57273" lon="-117.77041">
        <ele>222.34</ele>
        <time>2026-06-30T16:10:09Z</time>
      </trkpt>
      <trkpt lat="33.57276" lon="-117.77044">
        <ele>223.31</ele>
        <time>2026-06-30T16:10:13Z</time>
      </trkpt>
      <trkpt lat="33.57278" lon="-117.77047">
        <ele>224.2</ele>
        <time>2026-06-30T16:10:17Z</time>
      </trkpt>
      <trkpt lat="33.5728" lon="-117.7705">
        <ele>225.18</ele>
        <time>2026-06-30T16:10:22Z</time>
      </trkpt>
      <trkpt lat="33.57282" lon="-117.77052">
        <ele>225.86</ele>
        <time>2026-06-30T16:10:27Z</time>
      </trkpt>
      <trkpt lat="33.57284" lon="-117.77054">
        <ele>226.45</ele>
        <time>2026-06-30T16:10:33Z</time>
      </trkpt>
      <trkpt lat="33.57286" lon="-117.77056">
        <ele>227.03</ele>
        <time>2026-06-30T16:10:39Z</time>
      </trkpt>
      <trkpt lat="33.57289" lon="-117.77057">
        <ele>227.86</ele>
        <time>2026-06-30T16:10:45Z</time>
      </trkpt>
      <trkpt lat="33.57291" lon="-117.77059">
        <ele>228.81</ele>
        <time>2026-06-30T16:10:51Z</time>
      </trkpt>
      <trkpt lat="33.57293" lon="-117.77061">
        <ele>229.67</ele>
        <time>2026-06-30T16:11:27Z</time>
      </trkpt>
      <trkpt lat="33.57295" lon="-117.77063">
        <ele>230.44</ele>
        <time>2026-06-30T16:11:33Z</time>
      </trkpt>
      <trkpt lat="33.57298" lon="-117.77064">
        <ele>231.19</ele>
        <time>2026-06-30T16:11:38Z</time>
      </trkpt>
      <trkpt lat="33.573" lon="-117.77066">
        <ele>232.18</ele>
        <time>2026-06-30T16:11:44Z</time>
      </trkpt>
      <trkpt lat="33.57302" lon="-117.77068">
        <ele>233.26</ele>
        <time>2026-06-30T16:11:50Z</time>
      </trkpt>
      <trkpt lat="33.57304" lon="-117.7707">
        <ele>234.34</ele>
        <time>2026-06-30T16:11:56Z</time>
      </trkpt>
      <trkpt lat="33.57307" lon="-117.77072">
        <ele>235.64</ele>
        <time>2026-06-30T16:12:04Z</time>
      </trkpt>
      <trkpt lat="33.57309" lon="-117.77074">
        <ele>236.72</ele>
        <time>2026-06-30T16:12:13Z</time>
      </trkpt>
      <trkpt lat="33.57311" lon="-117.77075">
        <ele>237.43</ele>
        <time>2026-06-30T16:12:21Z</time>
      </trkpt>
      <trkpt lat="33.57314" lon="-117.77077">
        <ele>238.74</ele>
        <time>2026-06-30T16:12:29Z</time>
      </trkpt>
      <trkpt lat="33.57316" lon="-117.77079">
        <ele>239.85</ele>
        <time>2026-06-30T16:12:36Z</time>
      </trkpt>
      <trkpt lat="33.57318" lon="-117.77081">
        <ele>240.93</ele>
        <time>2026-06-30T16:12:44Z</time>
      </trkpt>
      <trkpt lat="33.5732" lon="-117.77083">
        <ele>242.01</ele>
        <time>2026-06-30T16:12:52Z</time>
      </trkpt>
      <trkpt lat="33.57322" lon="-117.77085">
        <ele>243.09</ele>
        <time>2026-06-30T16:12:59Z</time>
      </trkpt>
      <trkpt lat="33.57325" lon="-117.77087">
        <ele>244.35</ele>
        <time>2026-06-30T16:13:08Z</time>
      </trkpt>
      <trkpt lat="33.57325" lon="-117.77091">
        <ele>245.6</ele>
        <time>2026-06-30T16:13:25Z</time>
      </trkpt>
      <trkpt lat="33.57327" lon="-117.77092">
        <ele>246.14</ele>
        <time>2026-06-30T16:13:32Z</time>
      </trkpt>
      <trkpt lat="33.5733" lon="-117.77093">
        <ele>246.76</ele>
        <time>2026-06-30T16:13:38Z</time>
      </trkpt>
      <trkpt lat="33.57333" lon="-117.77094">
        <ele>247.41</ele>
        <time>2026-06-30T16:13:43Z</time>
      </trkpt>
      <trkpt lat="33.57336" lon="-117.77095">
        <ele>248.28</ele>
        <time>2026-06-30T16:13:49Z</time>
      </trkpt>
      <trkpt lat="33.57338" lon="-117.77096">
        <ele>248.93</ele>
        <time>2026-06-30T16:13:54Z</time>
      </trkpt>
      <trkpt lat="33.57341" lon="-117.77098">
        <ele>249.92</ele>
        <time>2026-06-30T16:13:59Z</time>
      </trkpt>
      <trkpt lat="33.57344" lon="-117.77099">
        <ele>250.43</ele>
        <time>2026-06-30T16:14:05Z</time>
      </trkpt>
      <trkpt lat="33.57346" lon="-117.771">
        <ele>250.67</ele>
        <time>2026-06-30T16:14:13Z</time>
      </trkpt>
      <trkpt lat="33.57344" lon="-117.77098">
        <ele>250.23</ele>
        <time>2026-06-30T16:14:20Z</time>
      </trkpt>
      <trkpt lat="33.57348" lon="-117.77098">
        <ele>250.41</ele>
        <time>2026-06-30T16:14:32Z</time>
      </trkpt>
      <trkpt lat="33.57351" lon="-117.77097">
        <ele>250.43</ele>
        <time>2026-06-30T16:14:35Z</time>
      </trkpt>
      <trkpt lat="33.57354" lon="-117.77097">
        <ele>250.71</ele>
        <time>2026-06-30T16:14:38Z</time>
      </trkpt>
      <trkpt lat="33.57357" lon="-117.77097">
        <ele>251.03</ele>
        <time>2026-06-30T16:14:41Z</time>
      </trkpt>
      <trkpt lat="33.5736" lon="-117.77096">
        <ele>251.25</ele>
        <time>2026-06-30T16:14:45Z</time>
      </trkpt>
      <trkpt lat="33.57363" lon="-117.77096">
        <ele>251.65</ele>
        <time>2026-06-30T16:14:48Z</time>
      </trkpt>
      <trkpt lat="33.57367" lon="-117.77096">
        <ele>252.24</ele>
        <time>2026-06-30T16:14:52Z</time>
      </trkpt>
      <trkpt lat="33.57369" lon="-117.77095">
        <ele>252.33</ele>
        <time>2026-06-30T16:14:55Z</time>
      </trkpt>
      <trkpt lat="33.57372" lon="-117.77095">
        <ele>252.65</ele>
        <time>2026-06-30T16:14:58Z</time>
      </trkpt>
      <trkpt lat="33.57375" lon="-117.77095">
        <ele>252.89</ele>
        <time>2026-06-30T16:15:01Z</time>
      </trkpt>
      <trkpt lat="33.57378" lon="-117.77095">
        <ele>253.13</ele>
        <time>2026-06-30T16:15:04Z</time>
      </trkpt>
      <trkpt lat="33.57381" lon="-117.77095">
        <ele>253.52</ele>
        <time>2026-06-30T16:15:08Z</time>
      </trkpt>
      <trkpt lat="33.57385" lon="-117.77094">
        <ele>254.22</ele>
        <time>2026-06-30T16:15:12Z</time>
      </trkpt>
      <trkpt lat="33.57387" lon="-117.77094">
        <ele>254.62</ele>
        <time>2026-06-30T16:15:15Z</time>
      </trkpt>
      <trkpt lat="33.5739" lon="-117.77094">
        <ele>255.02</ele>
        <time>2026-06-30T16:15:18Z</time>
      </trkpt>
      <trkpt lat="33.57393" lon="-117.77094">
        <ele>255.07</ele>
        <time>2026-06-30T16:15:21Z</time>
      </trkpt>
      <trkpt lat="33.57396" lon="-117.77093">
        <ele>255.03</ele>
        <time>2026-06-30T16:15:24Z</time>
      </trkpt>
      <trkpt lat="33.57398" lon="-117.77093">
        <ele>255.04</ele>
        <time>2026-06-30T16:15:27Z</time>
      </trkpt>
      <trkpt lat="33.57401" lon="-117.77092">
        <ele>255.24</ele>
        <time>2026-06-30T16:15:30Z</time>
      </trkpt>
      <trkpt lat="33.57405" lon="-117.77092">
        <ele>255.68</ele>
        <time>2026-06-30T16:15:34Z</time>
      </trkpt>
      <trkpt lat="33.57408" lon="-117.77091">
        <ele>255.9</ele>
        <time>2026-06-30T16:15:38Z</time>
      </trkpt>
      <trkpt lat="33.57412" lon="-117.77091">
        <ele>256.41</ele>
        <time>2026-06-30T16:15:42Z</time>
      </trkpt>
      <trkpt lat="33.57414" lon="-117.7709">
        <ele>256.63</ele>
        <time>2026-06-30T16:15:45Z</time>
      </trkpt>
      <trkpt lat="33.57417" lon="-117.7709">
        <ele>257.0</ele>
        <time>2026-06-30T16:15:48Z</time>
      </trkpt>
      <trkpt lat="33.5742" lon="-117.77089">
        <ele>257.0</ele>
        <time>2026-06-30T16:15:51Z</time>
      </trkpt>
      <trkpt lat="33.57423" lon="-117.77089">
        <ele>257.0</ele>
        <time>2026-06-30T16:15:54Z</time>
      </trkpt>
      <trkpt lat="33.57425" lon="-117.77089">
        <ele>257.0</ele>
        <time>2026-06-30T16:15:57Z</time>
      </trkpt>
      <trkpt lat="33.57428" lon="-117.77088">
        <ele>257.22</ele>
        <time>2026-06-30T16:16:00Z</time>
      </trkpt>
      <trkpt lat="33.57431" lon="-117.77088">
        <ele>257.55</ele>
        <time>2026-06-30T16:16:03Z</time>
      </trkpt>
      <trkpt lat="33.57434" lon="-117.77088">
        <ele>257.87</ele>
        <time>2026-06-30T16:16:06Z</time>
      </trkpt>
      <trkpt lat="33.57437" lon="-117.77087">
        <ele>258.0</ele>
        <time>2026-06-30T16:16:09Z</time>
      </trkpt>
      <trkpt lat="33.57439" lon="-117.77087">
        <ele>258.0</ele>
        <time>2026-06-30T16:16:12Z</time>
      </trkpt>
      <trkpt lat="33.57442" lon="-117.77087">
        <ele>258.0</ele>
        <time>2026-06-30T16:16:15Z</time>
      </trkpt>
      <trkpt lat="33.57445" lon="-117.77087">
        <ele>258.02</ele>
        <time>2026-06-30T16:16:18Z</time>
      </trkpt>
      <trkpt lat="33.57448" lon="-117.77087">
        <ele>258.15</ele>
        <time>2026-06-30T16:16:21Z</time>
      </trkpt>
      <trkpt lat="33.57451" lon="-117.77087">
        <ele>258.28</ele>
        <time>2026-06-30T16:16:24Z</time>
      </trkpt>
      <trkpt lat="33.57454" lon="-117.77087">
        <ele>258.42</ele>
        <time>2026-06-30T16:16:27Z</time>
      </trkpt>
      <trkpt lat="33.57457" lon="-117.77087">
        <ele>258.61</ele>
        <time>2026-06-30T16:16:30Z</time>
      </trkpt>
      <trkpt lat="33.5746" lon="-117.77088">
        <ele>258.84</ele>
        <time>2026-06-30T16:16:33Z</time>
      </trkpt>
      <trkpt lat="33.57463" lon="-117.77089">
        <ele>259.0</ele>
        <time>2026-06-30T16:16:36Z</time>
      </trkpt>
      <trkpt lat="33.57466" lon="-117.7709">
        <ele>259.24</ele>
        <time>2026-06-30T16:16:39Z</time>
      </trkpt>
      <trkpt lat="33.57469" lon="-117.77091">
        <ele>259.54</ele>
        <time>2026-06-30T16:16:42Z</time>
      </trkpt>
      <trkpt lat="33.57471" lon="-117.77091">
        <ele>259.72</ele>
        <time>2026-06-30T16:16:45Z</time>
      </trkpt>
      <trkpt lat="33.57474" lon="-117.77091">
        <ele>259.86</ele>
        <time>2026-06-30T16:16:48Z</time>
      </trkpt>
      <trkpt lat="33.57477" lon="-117.77092">
        <ele>259.97</ele>
        <time>2026-06-30T16:16:51Z</time>
      </trkpt>
      <trkpt lat="33.5748" lon="-117.77092">
        <ele>259.99</ele>
        <time>2026-06-30T16:16:54Z</time>
      </trkpt>
      <trkpt lat="33.57483" lon="-117.77093">
        <ele>260.16</ele>
        <time>2026-06-30T16:16:57Z</time>
      </trkpt>
      <trkpt lat="33.57486" lon="-117.77094">
        <ele>260.49</ele>
        <time>2026-06-30T16:17:00Z</time>
      </trkpt>
      <trkpt lat="33.57489" lon="-117.77094">
        <ele>260.81</ele>
        <time>2026-06-30T16:17:03Z</time>
      </trkpt>
      <trkpt lat="33.57492" lon="-117.77095">
        <ele>261.0</ele>
        <time>2026-06-30T16:17:06Z</time>
      </trkpt>
      <trkpt lat="33.57494" lon="-117.77095">
        <ele>261.0</ele>
        <time>2026-06-30T16:17:09Z</time>
      </trkpt>
      <trkpt lat="33.57497" lon="-117.77096">
        <ele>261.0</ele>
        <time>2026-06-30T16:17:12Z</time>
      </trkpt>
      <trkpt lat="33.575" lon="-117.77096">
        <ele>261.0</ele>
        <time>2026-06-30T16:17:15Z</time>
      </trkpt>
      <trkpt lat="33.57503" lon="-117.77096">
        <ele>260.8</ele>
        <time>2026-06-30T16:17:18Z</time>
      </trkpt>
      <trkpt lat="33.57505" lon="-117.77097">
        <ele>260.72</ele>
        <time>2026-06-30T16:17:21Z</time>
      </trkpt>
      <trkpt lat="33.57508" lon="-117.77098">
        <ele>260.64</ele>
        <time>2026-06-30T16:17:24Z</time>
      </trkpt>
      <trkpt lat="33.57511" lon="-117.77098">
        <ele>260.69</ele>
        <time>2026-06-30T16:17:27Z</time>
      </trkpt>
      <trkpt lat="33.57514" lon="-117.77099">
        <ele>261.05</ele>
        <time>2026-06-30T16:17:30Z</time>
      </trkpt>
      <trkpt lat="33.57517" lon="-117.771">
        <ele>261.47</ele>
        <time>2026-06-30T16:17:33Z</time>
      </trkpt>
      <trkpt lat="33.5752" lon="-117.771">
        <ele>261.6</ele>
        <time>2026-06-30T16:17:36Z</time>
      </trkpt>
      <trkpt lat="33.57523" lon="-117.77101">
        <ele>261.82</ele>
        <time>2026-06-30T16:17:39Z</time>
      </trkpt>
      <trkpt lat="33.57525" lon="-117.77101">
        <ele>261.82</ele>
        <time>2026-06-30T16:17:42Z</time>
      </trkpt>
      <trkpt lat="33.57528" lon="-117.77102">
        <ele>262.02</ele>
        <time>2026-06-30T16:17:45Z</time>
      </trkpt>
      <trkpt lat="33.57531" lon="-117.77102">
        <ele>262.35</ele>
        <time>2026-06-30T16:17:48Z</time>
      </trkpt>
      <trkpt lat="33.57534" lon="-117.77103">
        <ele>262.67</ele>
        <time>2026-06-30T16:17:51Z</time>
      </trkpt>
      <trkpt lat="33.57537" lon="-117.77103">
        <ele>263.0</ele>
        <time>2026-06-30T16:17:54Z</time>
      </trkpt>
      <trkpt lat="33.5754" lon="-117.77104">
        <ele>263.0</ele>
        <time>2026-06-30T16:17:57Z</time>
      </trkpt>
      <trkpt lat="33.57544" lon="-117.77104">
        <ele>263.0</ele>
        <time>2026-06-30T16:18:00Z</time>
      </trkpt>
      <trkpt lat="33.57546" lon="-117.77105">
        <ele>263.0</ele>
        <time>2026-06-30T16:18:02Z</time>
      </trkpt>
      <trkpt lat="33.57549" lon="-117.77105">
        <ele>263.1</ele>
        <time>2026-06-30T16:18:04Z</time>
      </trkpt>
      <trkpt lat="33.57553" lon="-117.77105">
        <ele>263.25</ele>
        <time>2026-06-30T16:18:07Z</time>
      </trkpt>
      <trkpt lat="33.57556" lon="-117.77106">
        <ele>263.47</ele>
        <time>2026-06-30T16:18:10Z</time>
      </trkpt>
      <trkpt lat="33.5756" lon="-117.77106">
        <ele>263.66</ele>
        <time>2026-06-30T16:18:13Z</time>
      </trkpt>
      <trkpt lat="33.57563" lon="-117.77107">
        <ele>264.0</ele>
        <time>2026-06-30T16:18:16Z</time>
      </trkpt>
      <trkpt lat="33.57566" lon="-117.77107">
        <ele>264.04</ele>
        <time>2026-06-30T16:18:19Z</time>
      </trkpt>
      <trkpt lat="33.57569" lon="-117.77107">
        <ele>263.86</ele>
        <time>2026-06-30T16:18:22Z</time>
      </trkpt>
      <trkpt lat="33.57572" lon="-117.77108">
        <ele>263.81</ele>
        <time>2026-06-30T16:18:25Z</time>
      </trkpt>
      <trkpt lat="33.57575" lon="-117.77108">
        <ele>263.66</ele>
        <time>2026-06-30T16:18:28Z</time>
      </trkpt>
      <trkpt lat="33.57577" lon="-117.77108">
        <ele>263.66</ele>
        <time>2026-06-30T16:18:31Z</time>
      </trkpt>
      <trkpt lat="33.5758" lon="-117.77108">
        <ele>263.66</ele>
        <time>2026-06-30T16:18:34Z</time>
      </trkpt>
      <trkpt lat="33.57583" lon="-117.77107">
        <ele>263.56</ele>
        <time>2026-06-30T16:18:37Z</time>
      </trkpt>
      <trkpt lat="33.57587" lon="-117.77106">
        <ele>263.67</ele>
        <time>2026-06-30T16:18:40Z</time>
      </trkpt>
      <trkpt lat="33.5759" lon="-117.77106">
        <ele>263.85</ele>
        <time>2026-06-30T16:18:43Z</time>
      </trkpt>
      <trkpt lat="33.57594" lon="-117.77107">
        <ele>264.02</ele>
        <time>2026-06-30T16:18:46Z</time>
      </trkpt>
      <trkpt lat="33.57597" lon="-117.77107">
        <ele>264.05</ele>
        <time>2026-06-30T16:18:49Z</time>
      </trkpt>
      <trkpt lat="33.576" lon="-117.77108">
        <ele>264.26</ele>
        <time>2026-06-30T16:18:52Z</time>
      </trkpt>
      <trkpt lat="33.57604" lon="-117.7711">
        <ele>264.99</ele>
        <time>2026-06-30T16:18:55Z</time>
      </trkpt>
      <trkpt lat="33.57607" lon="-117.77111">
        <ele>265.53</ele>
        <time>2026-06-30T16:18:58Z</time>
      </trkpt>
      <trkpt lat="33.57609" lon="-117.77113">
        <ele>265.88</ele>
        <time>2026-06-30T16:19:04Z</time>
      </trkpt>
      <trkpt lat="33.57612" lon="-117.77114">
        <ele>266.34</ele>
        <time>2026-06-30T16:19:09Z</time>
      </trkpt>
      <trkpt lat="33.57615" lon="-117.77115">
        <ele>266.6</ele>
        <time>2026-06-30T16:19:13Z</time>
      </trkpt>
      <trkpt lat="33.57618" lon="-117.77116">
        <ele>266.92</ele>
        <time>2026-06-30T16:19:17Z</time>
      </trkpt>
      <trkpt lat="33.57621" lon="-117.77117">
        <ele>267.32</ele>
        <time>2026-06-30T16:19:21Z</time>
      </trkpt>
      <trkpt lat="33.57624" lon="-117.77119">
        <ele>268.04</ele>
        <time>2026-06-30T16:19:25Z</time>
      </trkpt>
      <trkpt lat="33.57626" lon="-117.7712">
        <ele>268.5</ele>
        <time>2026-06-30T16:19:29Z</time>
      </trkpt>
      <trkpt lat="33.57629" lon="-117.77121">
        <ele>269.07</ele>
        <time>2026-06-30T16:19:33Z</time>
      </trkpt>
      <trkpt lat="33.57632" lon="-117.77122">
        <ele>269.61</ele>
        <time>2026-06-30T16:19:37Z</time>
      </trkpt>
      <trkpt lat="33.57635" lon="-117.77123">
        <ele>270.15</ele>
        <time>2026-06-30T16:19:41Z</time>
      </trkpt>
      <trkpt lat="33.57637" lon="-117.77124">
        <ele>270.58</ele>
        <time>2026-06-30T16:19:45Z</time>
      </trkpt>
      <trkpt lat="33.5764" lon="-117.77125">
        <ele>271.12</ele>
        <time>2026-06-30T16:19:49Z</time>
      </trkpt>
      <trkpt lat="33.57643" lon="-117.77126">
        <ele>271.66</ele>
        <time>2026-06-30T16:19:53Z</time>
      </trkpt>
      <trkpt lat="33.57646" lon="-117.77127">
        <ele>272.2</ele>
        <time>2026-06-30T16:19:57Z</time>
      </trkpt>
      <trkpt lat="33.5765" lon="-117.77128">
        <ele>272.65</ele>
        <time>2026-06-30T16:20:01Z</time>
      </trkpt>
      <trkpt lat="33.57653" lon="-117.77128">
        <ele>272.65</ele>
        <time>2026-06-30T16:20:05Z</time>
      </trkpt>
      <trkpt lat="33.57657" lon="-117.77129">
        <ele>272.86</ele>
        <time>2026-06-30T16:20:09Z</time>
      </trkpt>
      <trkpt lat="33.5766" lon="-117.7713">
        <ele>272.96</ele>
        <time>2026-06-30T16:20:12Z</time>
      </trkpt>
      <trkpt lat="33.57663" lon="-117.7713">
        <ele>272.96</ele>
        <time>2026-06-30T16:20:14Z</time>
      </trkpt>
      <trkpt lat="33.57666" lon="-117.77131">
        <ele>272.85</ele>
        <time>2026-06-30T16:20:16Z</time>
      </trkpt>
      <trkpt lat="33.57669" lon="-117.77132">
        <ele>272.56</ele>
        <time>2026-06-30T16:20:19Z</time>
      </trkpt>
      <trkpt lat="33.57672" lon="-117.77133">
        <ele>272.27</ele>
        <time>2026-06-30T16:20:22Z</time>
      </trkpt>
      <trkpt lat="33.57675" lon="-117.77135">
        <ele>272.04</ele>
        <time>2026-06-30T16:20:25Z</time>
      </trkpt>
      <trkpt lat="33.57676" lon="-117.77138">
        <ele>271.99</ele>
        <time>2026-06-30T16:20:27Z</time>
      </trkpt>
      <trkpt lat="33.57678" lon="-117.77142">
        <ele>271.67</ele>
        <time>2026-06-30T16:20:29Z</time>
      </trkpt>
      <trkpt lat="33.5768" lon="-117.77145">
        <ele>271.77</ele>
        <time>2026-06-30T16:20:31Z</time>
      </trkpt>
      <trkpt lat="33.57682" lon="-117.77148">
        <ele>272.3</ele>
        <time>2026-06-30T16:20:34Z</time>
      </trkpt>
      <trkpt lat="33.57684" lon="-117.77151">
        <ele>273.01</ele>
        <time>2026-06-30T16:20:37Z</time>
      </trkpt>
      <trkpt lat="33.57685" lon="-117.77154">
        <ele>273.58</ele>
        <time>2026-06-30T16:20:41Z</time>
      </trkpt>
      <trkpt lat="33.57687" lon="-117.77157">
        <ele>273.93</ele>
        <time>2026-06-30T16:20:45Z</time>
      </trkpt>
      <trkpt lat="33.57689" lon="-117.7716">
        <ele>274.44</ele>
        <time>2026-06-30T16:20:48Z</time>
      </trkpt>
      <trkpt lat="33.57692" lon="-117.77162">
        <ele>274.63</ele>
        <time>2026-06-30T16:20:51Z</time>
      </trkpt>
      <trkpt lat="33.57694" lon="-117.77164">
        <ele>274.75</ele>
        <time>2026-06-30T16:20:54Z</time>
      </trkpt>
      <trkpt lat="33.57696" lon="-117.77165">
        <ele>274.76</ele>
        <time>2026-06-30T16:20:57Z</time>
      </trkpt>
      <trkpt lat="33.57699" lon="-117.77166">
        <ele>274.86</ele>
        <time>2026-06-30T16:21:00Z</time>
      </trkpt>
      <trkpt lat="33.57703" lon="-117.77166">
        <ele>274.79</ele>
        <time>2026-06-30T16:21:04Z</time>
      </trkpt>
      <trkpt lat="33.57705" lon="-117.77166">
        <ele>274.81</ele>
        <time>2026-06-30T16:21:07Z</time>
      </trkpt>
      <trkpt lat="33.57709" lon="-117.77167">
        <ele>275.0</ele>
        <time>2026-06-30T16:21:11Z</time>
      </trkpt>
      <trkpt lat="33.57711" lon="-117.77168">
        <ele>275.0</ele>
        <time>2026-06-30T16:21:14Z</time>
      </trkpt>
      <trkpt lat="33.57715" lon="-117.77169">
        <ele>274.72</ele>
        <time>2026-06-30T16:21:18Z</time>
      </trkpt>
      <trkpt lat="33.57718" lon="-117.7717">
        <ele>274.26</ele>
        <time>2026-06-30T16:21:22Z</time>
      </trkpt>
      <trkpt lat="33.57719" lon="-117.77173">
        <ele>273.9</ele>
        <time>2026-06-30T16:21:29Z</time>
      </trkpt>
      <trkpt lat="33.57722" lon="-117.77174">
        <ele>273.25</ele>
        <time>2026-06-30T16:21:34Z</time>
      </trkpt>
      <trkpt lat="33.57725" lon="-117.77174">
        <ele>272.31</ele>
        <time>2026-06-30T16:21:40Z</time>
      </trkpt>
      <trkpt lat="33.57728" lon="-117.77172">
        <ele>271.55</ele>
        <time>2026-06-30T16:21:46Z</time>
      </trkpt>
      <trkpt lat="33.5773" lon="-117.7717">
        <ele>271.12</ele>
        <time>2026-06-30T16:21:50Z</time>
      </trkpt>
      <trkpt lat="33.57734" lon="-117.7717">
        <ele>269.82</ele>
        <time>2026-06-30T16:21:54Z</time>
      </trkpt>
      <trkpt lat="33.57737" lon="-117.7717">
        <ele>268.85</ele>
        <time>2026-06-30T16:21:57Z</time>
      </trkpt>
      <trkpt lat="33.5774" lon="-117.77171">
        <ele>267.77</ele>
        <time>2026-06-30T16:22:00Z</time>
      </trkpt>
      <trkpt lat="33.57743" lon="-117.77172">
        <ele>267.08</ele>
        <time>2026-06-30T16:22:03Z</time>
      </trkpt>
      <trkpt lat="33.57746" lon="-117.77173">
        <ele>266.57</ele>
        <time>2026-06-30T16:22:07Z</time>
      </trkpt>
      <trkpt lat="33.57749" lon="-117.77175">
        <ele>266.12</ele>
        <time>2026-06-30T16:22:11Z</time>
      </trkpt>
      <trkpt lat="33.57751" lon="-117.77177">
        <ele>265.76</ele>
        <time>2026-06-30T16:22:15Z</time>
      </trkpt>
      <trkpt lat="33.57754" lon="-117.77178">
        <ele>265.25</ele>
        <time>2026-06-30T16:22:18Z</time>
      </trkpt>
      <trkpt lat="33.57756" lon="-117.77179">
        <ele>264.8</ele>
        <time>2026-06-30T16:22:21Z</time>
      </trkpt>
      <trkpt lat="33.57759" lon="-117.77181">
        <ele>263.95</ele>
        <time>2026-06-30T16:22:24Z</time>
      </trkpt>
      <trkpt lat="33.57761" lon="-117.77182">
        <ele>263.44</ele>
        <time>2026-06-30T16:22:27Z</time>
      </trkpt>
      <trkpt lat="33.57764" lon="-117.77184">
        <ele>262.68</ele>
        <time>2026-06-30T16:22:30Z</time>
      </trkpt>
      <trkpt lat="33.57766" lon="-117.77185">
        <ele>262.3</ele>
        <time>2026-06-30T16:22:33Z</time>
      </trkpt>
      <trkpt lat="33.57769" lon="-117.77186">
        <ele>261.67</ele>
        <time>2026-06-30T16:22:36Z</time>
      </trkpt>
      <trkpt lat="33.57771" lon="-117.77188">
        <ele>260.67</ele>
        <time>2026-06-30T16:22:39Z</time>
      </trkpt>
      <trkpt lat="33.57774" lon="-117.77189">
        <ele>259.64</ele>
        <time>2026-06-30T16:22:42Z</time>
      </trkpt>
      <trkpt lat="33.57777" lon="-117.7719">
        <ele>258.69</ele>
        <time>2026-06-30T16:22:45Z</time>
      </trkpt>
      <trkpt lat="33.5778" lon="-117.77192">
        <ele>257.77</ele>
        <time>2026-06-30T16:22:48Z</time>
      </trkpt>
      <trkpt lat="33.57783" lon="-117.77194">
        <ele>257.38</ele>
        <time>2026-06-30T16:22:50Z</time>
      </trkpt>
      <trkpt lat="33.57786" lon="-117.77196">
        <ele>257.07</ele>
        <time>2026-06-30T16:22:52Z</time>
      </trkpt>
      <trkpt lat="33.5779" lon="-117.77198">
        <ele>256.8</ele>
        <time>2026-06-30T16:22:54Z</time>
      </trkpt>
      <trkpt lat="33.57792" lon="-117.77199">
        <ele>256.73</ele>
        <time>2026-06-30T16:22:56Z</time>
      </trkpt>
      <trkpt lat="33.57796" lon="-117.772">
        <ele>256.61</ele>
        <time>2026-06-30T16:22:59Z</time>
      </trkpt>
      <trkpt lat="33.57799" lon="-117.77202">
        <ele>256.76</ele>
        <time>2026-06-30T16:23:02Z</time>
      </trkpt>
      <trkpt lat="33.57802" lon="-117.77203">
        <ele>256.88</ele>
        <time>2026-06-30T16:23:05Z</time>
      </trkpt>
      <trkpt lat="33.57805" lon="-117.77205">
        <ele>256.85</ele>
        <time>2026-06-30T16:23:08Z</time>
      </trkpt>
      <trkpt lat="33.57808" lon="-117.77206">
        <ele>256.55</ele>
        <time>2026-06-30T16:23:11Z</time>
      </trkpt>
      <trkpt lat="33.57811" lon="-117.77207">
        <ele>256.27</ele>
        <time>2026-06-30T16:23:14Z</time>
      </trkpt>
      <trkpt lat="33.57815" lon="-117.77209">
        <ele>255.99</ele>
        <time>2026-06-30T16:23:17Z</time>
      </trkpt>
      <trkpt lat="33.57818" lon="-117.7721">
        <ele>255.89</ele>
        <time>2026-06-30T16:23:20Z</time>
      </trkpt>
      <trkpt lat="33.57822" lon="-117.77212">
        <ele>255.92</ele>
        <time>2026-06-30T16:23:23Z</time>
      </trkpt>
      <trkpt lat="33.57825" lon="-117.77213">
        <ele>256.0</ele>
        <time>2026-06-30T16:23:26Z</time>
      </trkpt>
      <trkpt lat="33.57828" lon="-117.77215">
        <ele>256.0</ele>
        <time>2026-06-30T16:23:29Z</time>
      </trkpt>
      <trkpt lat="33.57831" lon="-117.77216">
        <ele>256.0</ele>
        <time>2026-06-30T16:23:32Z</time>
      </trkpt>
      <trkpt lat="33.57835" lon="-117.77218">
        <ele>255.85</ele>
        <time>2026-06-30T16:23:35Z</time>
      </trkpt>
      <trkpt lat="33.57838" lon="-117.77219">
        <ele>255.8</ele>
        <time>2026-06-30T16:23:38Z</time>
      </trkpt>
      <trkpt lat="33.57842" lon="-117.77221">
        <ele>256.44</ele>
        <time>2026-06-30T16:23:41Z</time>
      </trkpt>
      <trkpt lat="33.57845" lon="-117.77222">
        <ele>256.92</ele>
        <time>2026-06-30T16:23:44Z</time>
      </trkpt>
      <trkpt lat="33.57849" lon="-117.77223">
        <ele>256.97</ele>
        <time>2026-06-30T16:23:47Z</time>
      </trkpt>
      <trkpt lat="33.57852" lon="-117.77224">
        <ele>257.0</ele>
        <time>2026-06-30T16:23:50Z</time>
      </trkpt>
      <trkpt lat="33.57855" lon="-117.77225">
        <ele>257.0</ele>
        <time>2026-06-30T16:23:53Z</time>
      </trkpt>
      <trkpt lat="33.57858" lon="-117.77226">
        <ele>257.0</ele>
        <time>2026-06-30T16:23:56Z</time>
      </trkpt>
      <trkpt lat="33.57861" lon="-117.77228">
        <ele>257.0</ele>
        <time>2026-06-30T16:23:59Z</time>
      </trkpt>
      <trkpt lat="33.57864" lon="-117.77229">
        <ele>257.14</ele>
        <time>2026-06-30T16:24:02Z</time>
      </trkpt>
      <trkpt lat="33.57867" lon="-117.7723">
        <ele>257.43</ele>
        <time>2026-06-30T16:24:05Z</time>
      </trkpt>
      <trkpt lat="33.5787" lon="-117.77231">
        <ele>257.86</ele>
        <time>2026-06-30T16:24:08Z</time>
      </trkpt>
      <trkpt lat="33.57873" lon="-117.77232">
        <ele>257.68</ele>
        <time>2026-06-30T16:24:11Z</time>
      </trkpt>
      <trkpt lat="33.57877" lon="-117.77234">
        <ele>257.21</ele>
        <time>2026-06-30T16:24:14Z</time>
      </trkpt>
      <trkpt lat="33.5788" lon="-117.77235">
        <ele>256.95</ele>
        <time>2026-06-30T16:24:17Z</time>
      </trkpt>
      <trkpt lat="33.57883" lon="-117.77237">
        <ele>256.71</ele>
        <time>2026-06-30T16:24:20Z</time>
      </trkpt>
      <trkpt lat="33.57886" lon="-117.77238">
        <ele>256.59</ele>
        <time>2026-06-30T16:24:23Z</time>
      </trkpt>
      <trkpt lat="33.57889" lon="-117.7724">
        <ele>256.84</ele>
        <time>2026-06-30T16:24:26Z</time>
      </trkpt>
      <trkpt lat="33.57892" lon="-117.77241">
        <ele>257.03</ele>
        <time>2026-06-30T16:24:29Z</time>
      </trkpt>
      <trkpt lat="33.57896" lon="-117.77243">
        <ele>257.24</ele>
        <time>2026-06-30T16:24:32Z</time>
      </trkpt>
      <trkpt lat="33.57899" lon="-117.77245">
        <ele>257.36</ele>
        <time>2026-06-30T16:24:35Z</time>
      </trkpt>
      <trkpt lat="33.57901" lon="-117.77248">
        <ele>257.65</ele>
        <time>2026-06-30T16:24:37Z</time>
      </trkpt>
      <trkpt lat="33.57903" lon="-117.7725">
        <ele>258.0</ele>
        <time>2026-06-30T16:24:39Z</time>
      </trkpt>
      <trkpt lat="33.57906" lon="-117.77252">
        <ele>257.97</ele>
        <time>2026-06-30T16:24:42Z</time>
      </trkpt>
      <trkpt lat="33.57908" lon="-117.77254">
        <ele>257.95</ele>
        <time>2026-06-30T16:24:45Z</time>
      </trkpt>
      <trkpt lat="33.57909" lon="-117.77257">
        <ele>258.05</ele>
        <time>2026-06-30T16:24:49Z</time>
      </trkpt>
      <trkpt lat="33.57911" lon="-117.7726">
        <ele>258.34</ele>
        <time>2026-06-30T16:24:52Z</time>
      </trkpt>
      <trkpt lat="33.57913" lon="-117.77263">
        <ele>258.44</ele>
        <time>2026-06-30T16:24:56Z</time>
      </trkpt>
      <trkpt lat="33.57916" lon="-117.77265">
        <ele>258.88</ele>
        <time>2026-06-30T16:24:59Z</time>
      </trkpt>
      <trkpt lat="33.57918" lon="-117.77267">
        <ele>259.24</ele>
        <time>2026-06-30T16:25:02Z</time>
      </trkpt>
      <trkpt lat="33.5792" lon="-117.7727">
        <ele>259.66</ele>
        <time>2026-06-30T16:25:05Z</time>
      </trkpt>
      <trkpt lat="33.57922" lon="-117.77272">
        <ele>259.94</ele>
        <time>2026-06-30T16:25:08Z</time>
      </trkpt>
      <trkpt lat="33.57924" lon="-117.77275">
        <ele>260.03</ele>
        <time>2026-06-30T16:25:11Z</time>
      </trkpt>
      <trkpt lat="33.57926" lon="-117.77278">
        <ele>260.04</ele>
        <time>2026-06-30T16:25:14Z</time>
      </trkpt>
      <trkpt lat="33.57927" lon="-117.7728">
        <ele>260.47</ele>
        <time>2026-06-30T16:25:17Z</time>
      </trkpt>
      <trkpt lat="33.57929" lon="-117.77283">
        <ele>261.23</ele>
        <time>2026-06-30T16:25:20Z</time>
      </trkpt>
      <trkpt lat="33.57931" lon="-117.77287">
        <ele>262.09</ele>
        <time>2026-06-30T16:25:24Z</time>
      </trkpt>
      <trkpt lat="33.57933" lon="-117.77289">
        <ele>262.53</ele>
        <time>2026-06-30T16:25:27Z</time>
      </trkpt>
      <trkpt lat="33.57934" lon="-117.77292">
        <ele>262.74</ele>
        <time>2026-06-30T16:25:30Z</time>
      </trkpt>
      <trkpt lat="33.57936" lon="-117.77295">
        <ele>263.09</ele>
        <time>2026-06-30T16:25:33Z</time>
      </trkpt>
      <trkpt lat="33.57937" lon="-117.77297">
        <ele>263.27</ele>
        <time>2026-06-30T16:25:36Z</time>
      </trkpt>
      <trkpt lat="33.57939" lon="-117.773">
        <ele>263.81</ele>
        <time>2026-06-30T16:25:39Z</time>
      </trkpt>
      <trkpt lat="33.57941" lon="-117.77303">
        <ele>264.35</ele>
        <time>2026-06-30T16:25:42Z</time>
      </trkpt>
      <trkpt lat="33.57942" lon="-117.77306">
        <ele>264.72</ele>
        <time>2026-06-30T16:25:45Z</time>
      </trkpt>
      <trkpt lat="33.57944" lon="-117.77308">
        <ele>264.94</ele>
        <time>2026-06-30T16:25:48Z</time>
      </trkpt>
      <trkpt lat="33.57945" lon="-117.77311">
        <ele>265.0</ele>
        <time>2026-06-30T16:25:51Z</time>
      </trkpt>
      <trkpt lat="33.57947" lon="-117.77314">
        <ele>265.0</ele>
        <time>2026-06-30T16:25:54Z</time>
      </trkpt>
      <trkpt lat="33.57948" lon="-117.77318">
        <ele>265.13</ele>
        <time>2026-06-30T16:25:57Z</time>
      </trkpt>
      <trkpt lat="33.5795" lon="-117.77322">
        <ele>265.47</ele>
        <time>2026-06-30T16:26:00Z</time>
      </trkpt>
      <trkpt lat="33.57951" lon="-117.77326">
        <ele>265.71</ele>
        <time>2026-06-30T16:26:03Z</time>
      </trkpt>
      <trkpt lat="33.57953" lon="-117.77329">
        <ele>265.92</ele>
        <time>2026-06-30T16:26:06Z</time>
      </trkpt>
      <trkpt lat="33.57953" lon="-117.77333">
        <ele>265.92</ele>
        <time>2026-06-30T16:26:10Z</time>
      </trkpt>
      <trkpt lat="33.57954" lon="-117.77337">
        <ele>266.41</ele>
        <time>2026-06-30T16:26:14Z</time>
      </trkpt>
      <trkpt lat="33.57955" lon="-117.7734">
        <ele>266.82</ele>
        <time>2026-06-30T16:26:17Z</time>
      </trkpt>
      <trkpt lat="33.57956" lon="-117.77344">
        <ele>267.29</ele>
        <time>2026-06-30T16:26:21Z</time>
      </trkpt>
      <trkpt lat="33.57957" lon="-117.77348">
        <ele>267.56</ele>
        <time>2026-06-30T16:26:25Z</time>
      </trkpt>
      <trkpt lat="33.57958" lon="-117.77352">
        <ele>267.95</ele>
        <time>2026-06-30T16:26:29Z</time>
      </trkpt>
      <trkpt lat="33.57959" lon="-117.77356">
        <ele>268.53</ele>
        <time>2026-06-30T16:26:33Z</time>
      </trkpt>
      <trkpt lat="33.57959" lon="-117.7736">
        <ele>268.9</ele>
        <time>2026-06-30T16:26:37Z</time>
      </trkpt>
      <trkpt lat="33.5796" lon="-117.77363">
        <ele>269.14</ele>
        <time>2026-06-30T16:26:40Z</time>
      </trkpt>
      <trkpt lat="33.57961" lon="-117.77367">
        <ele>269.5</ele>
        <time>2026-06-30T16:26:44Z</time>
      </trkpt>
      <trkpt lat="33.57961" lon="-117.77371">
        <ele>269.86</ele>
        <time>2026-06-30T16:26:48Z</time>
      </trkpt>
      <trkpt lat="33.57962" lon="-117.77375">
        <ele>270.4</ele>
        <time>2026-06-30T16:26:52Z</time>
      </trkpt>
      <trkpt lat="33.57962" lon="-117.77379">
        <ele>270.83</ele>
        <time>2026-06-30T16:26:56Z</time>
      </trkpt>
      <trkpt lat="33.57961" lon="-117.77383">
        <ele>271.52</ele>
        <time>2026-06-30T16:27:00Z</time>
      </trkpt>
      <trkpt lat="33.5796" lon="-117.77386">
        <ele>272.06</ele>
        <time>2026-06-30T16:27:03Z</time>
      </trkpt>
      <trkpt lat="33.57959" lon="-117.7739">
        <ele>272.69</ele>
        <time>2026-06-30T16:27:07Z</time>
      </trkpt>
      <trkpt lat="33.57959" lon="-117.77394">
        <ele>273.12</ele>
        <time>2026-06-30T16:27:11Z</time>
      </trkpt>
      <trkpt lat="33.57958" lon="-117.77398">
        <ele>273.45</ele>
        <time>2026-06-30T16:27:15Z</time>
      </trkpt>
      <trkpt lat="33.57958" lon="-117.77401">
        <ele>274.08</ele>
        <time>2026-06-30T16:27:19Z</time>
      </trkpt>
      <trkpt lat="33.57957" lon="-117.77405">
        <ele>274.84</ele>
        <time>2026-06-30T16:27:23Z</time>
      </trkpt>
      <trkpt lat="33.57956" lon="-117.77409">
        <ele>275.59</ele>
        <time>2026-06-30T16:27:27Z</time>
      </trkpt>
      <trkpt lat="33.57955" lon="-117.77413">
        <ele>276.35</ele>
        <time>2026-06-30T16:27:31Z</time>
      </trkpt>
      <trkpt lat="33.57955" lon="-117.77409">
        <ele>275.48</ele>
        <time>2026-06-30T16:27:37Z</time>
      </trkpt>
      <trkpt lat="33.57953" lon="-117.77413">
        <ele>276.06</ele>
        <time>2026-06-30T16:28:07Z</time>
      </trkpt>
      <trkpt lat="33.57953" lon="-117.77417">
        <ele>276.89</ele>
        <time>2026-06-30T16:28:10Z</time>
      </trkpt>
      <trkpt lat="33.57952" lon="-117.77421">
        <ele>277.19</ele>
        <time>2026-06-30T16:28:14Z</time>
      </trkpt>
      <trkpt lat="33.57951" lon="-117.77424">
        <ele>277.44</ele>
        <time>2026-06-30T16:28:17Z</time>
      </trkpt>
      <trkpt lat="33.57948" lon="-117.77427">
        <ele>277.62</ele>
        <time>2026-06-30T16:28:20Z</time>
      </trkpt>
      <trkpt lat="33.57945" lon="-117.7743">
        <ele>277.94</ele>
        <time>2026-06-30T16:28:23Z</time>
      </trkpt>
      <trkpt lat="33.57942" lon="-117.77433">
        <ele>278.26</ele>
        <time>2026-06-30T16:28:26Z</time>
      </trkpt>
      <trkpt lat="33.5794" lon="-117.77435">
        <ele>278.48</ele>
        <time>2026-06-30T16:28:29Z</time>
      </trkpt>
      <trkpt lat="33.57938" lon="-117.77438">
        <ele>278.91</ele>
        <time>2026-06-30T16:28:32Z</time>
      </trkpt>
      <trkpt lat="33.57936" lon="-117.77441">
        <ele>279.34</ele>
        <time>2026-06-30T16:28:35Z</time>
      </trkpt>
      <trkpt lat="33.57934" lon="-117.77443">
        <ele>279.82</ele>
        <time>2026-06-30T16:28:38Z</time>
      </trkpt>
      <trkpt lat="33.57932" lon="-117.77447">
        <ele>280.44</ele>
        <time>2026-06-30T16:28:42Z</time>
      </trkpt>
      <trkpt lat="33.57934" lon="-117.77451">
        <ele>280.22</ele>
        <time>2026-06-30T16:28:46Z</time>
      </trkpt>
      <trkpt lat="33.57934" lon="-117.77454">
        <ele>280.25</ele>
        <time>2026-06-30T16:29:22Z</time>
      </trkpt>
      <trkpt lat="33.57938" lon="-117.77454">
        <ele>280.0</ele>
        <time>2026-06-30T16:30:38Z</time>
      </trkpt>
      <trkpt lat="33.57943" lon="-117.77454">
        <ele>280.0</ele>
        <time>2026-06-30T16:30:40Z</time>
      </trkpt>
      <trkpt lat="33.57947" lon="-117.77453">
        <ele>280.33</ele>
        <time>2026-06-30T16:30:42Z</time>
      </trkpt>
      <trkpt lat="33.5795" lon="-117.77453">
        <ele>280.63</ele>
        <time>2026-06-30T16:30:44Z</time>
      </trkpt>
      <trkpt lat="33.57954" lon="-117.77453">
        <ele>281.0</ele>
        <time>2026-06-30T16:30:47Z</time>
      </trkpt>
      <trkpt lat="33.57957" lon="-117.77453">
        <ele>281.05</ele>
        <time>2026-06-30T16:30:50Z</time>
      </trkpt>
      <trkpt lat="33.57959" lon="-117.77452">
        <ele>281.21</ele>
        <time>2026-06-30T16:30:53Z</time>
      </trkpt>
      <trkpt lat="33.57963" lon="-117.77452">
        <ele>281.37</ele>
        <time>2026-06-30T16:30:57Z</time>
      </trkpt>
      <trkpt lat="33.57966" lon="-117.77452">
        <ele>281.64</ele>
        <time>2026-06-30T16:31:00Z</time>
      </trkpt>
      <trkpt lat="33.57968" lon="-117.77451">
        <ele>281.97</ele>
        <time>2026-06-30T16:31:03Z</time>
      </trkpt>
      <trkpt lat="33.57971" lon="-117.77447">
        <ele>282.69</ele>
        <time>2026-06-30T16:31:06Z</time>
      </trkpt>
      <trkpt lat="33.57974" lon="-117.77446">
        <ele>283.02</ele>
        <time>2026-06-30T16:31:09Z</time>
      </trkpt>
      <trkpt lat="33.57977" lon="-117.77445">
        <ele>283.46</ele>
        <time>2026-06-30T16:31:12Z</time>
      </trkpt>
      <trkpt lat="33.57979" lon="-117.77444">
        <ele>283.68</ele>
        <time>2026-06-30T16:31:15Z</time>
      </trkpt>
      <trkpt lat="33.57982" lon="-117.77444">
        <ele>283.95</ele>
        <time>2026-06-30T16:31:18Z</time>
      </trkpt>
      <trkpt lat="33.57985" lon="-117.77444">
        <ele>283.97</ele>
        <time>2026-06-30T16:31:21Z</time>
      </trkpt>
      <trkpt lat="33.57988" lon="-117.77445">
        <ele>283.94</ele>
        <time>2026-06-30T16:31:24Z</time>
      </trkpt>
      <trkpt lat="33.57991" lon="-117.77445">
        <ele>283.94</ele>
        <time>2026-06-30T16:31:27Z</time>
      </trkpt>
      <trkpt lat="33.57994" lon="-117.77446">
        <ele>283.89</ele>
        <time>2026-06-30T16:31:30Z</time>
      </trkpt>
      <trkpt lat="33.57996" lon="-117.77446">
        <ele>283.93</ele>
        <time>2026-06-30T16:31:33Z</time>
      </trkpt>
      <trkpt lat="33.57999" lon="-117.77446">
        <ele>283.98</ele>
        <time>2026-06-30T16:31:36Z</time>
      </trkpt>
      <trkpt lat="33.58002" lon="-117.77447">
        <ele>284.22</ele>
        <time>2026-06-30T16:31:39Z</time>
      </trkpt>
      <trkpt lat="33.58005" lon="-117.77447">
        <ele>284.54</ele>
        <time>2026-06-30T16:31:42Z</time>
      </trkpt>
      <trkpt lat="33.58008" lon="-117.77447">
        <ele>284.86</ele>
        <time>2026-06-30T16:31:45Z</time>
      </trkpt>
      <trkpt lat="33.58011" lon="-117.77448">
        <ele>285.12</ele>
        <time>2026-06-30T16:31:48Z</time>
      </trkpt>
      <trkpt lat="33.58014" lon="-117.77449">
        <ele>285.26</ele>
        <time>2026-06-30T16:31:51Z</time>
      </trkpt>
      <trkpt lat="33.58017" lon="-117.77449">
        <ele>285.42</ele>
        <time>2026-06-30T16:31:54Z</time>
      </trkpt>
      <trkpt lat="33.5802" lon="-117.7745">
        <ele>285.4</ele>
        <time>2026-06-30T16:31:57Z</time>
      </trkpt>
      <trkpt lat="33.58023" lon="-117.77451">
        <ele>285.29</ele>
        <time>2026-06-30T16:32:00Z</time>
      </trkpt>
      <trkpt lat="33.58026" lon="-117.77452">
        <ele>285.18</ele>
        <time>2026-06-30T16:32:03Z</time>
      </trkpt>
      <trkpt lat="33.58029" lon="-117.77452">
        <ele>285.29</ele>
        <time>2026-06-30T16:32:06Z</time>
      </trkpt>
      <trkpt lat="33.58032" lon="-117.77453">
        <ele>285.5</ele>
        <time>2026-06-30T16:32:09Z</time>
      </trkpt>
      <trkpt lat="33.58035" lon="-117.77454">
        <ele>285.81</ele>
        <time>2026-06-30T16:32:12Z</time>
      </trkpt>
      <trkpt lat="33.58038" lon="-117.77455">
        <ele>286.23</ele>
        <time>2026-06-30T16:32:15Z</time>
      </trkpt>
      <trkpt lat="33.58041" lon="-117.77456">
        <ele>286.57</ele>
        <time>2026-06-30T16:32:18Z</time>
      </trkpt>
      <trkpt lat="33.58044" lon="-117.77456">
        <ele>286.81</ele>
        <time>2026-06-30T16:32:21Z</time>
      </trkpt>
      <trkpt lat="33.58047" lon="-117.77457">
        <ele>286.95</ele>
        <time>2026-06-30T16:32:24Z</time>
      </trkpt>
      <trkpt lat="33.5805" lon="-117.77458">
        <ele>286.79</ele>
        <time>2026-06-30T16:32:27Z</time>
      </trkpt>
      <trkpt lat="33.58053" lon="-117.77459">
        <ele>286.69</ele>
        <time>2026-06-30T16:32:30Z</time>
      </trkpt>
      <trkpt lat="33.58056" lon="-117.7746">
        <ele>286.71</ele>
        <time>2026-06-30T16:32:33Z</time>
      </trkpt>
      <trkpt lat="33.58059" lon="-117.77461">
        <ele>287.08</ele>
        <time>2026-06-30T16:32:36Z</time>
      </trkpt>
      <trkpt lat="33.58062" lon="-117.77462">
        <ele>287.52</ele>
        <time>2026-06-30T16:32:39Z</time>
      </trkpt>
      <trkpt lat="33.58065" lon="-117.77463">
        <ele>288.0</ele>
        <time>2026-06-30T16:32:42Z</time>
      </trkpt>
      <trkpt lat="33.58068" lon="-117.77463">
        <ele>288.0</ele>
        <time>2026-06-30T16:32:45Z</time>
      </trkpt>
      <trkpt lat="33.58071" lon="-117.77464">
        <ele>288.04</ele>
        <time>2026-06-30T16:32:48Z</time>
      </trkpt>
      <trkpt lat="33.58074" lon="-117.77465">
        <ele>288.0</ele>
        <time>2026-06-30T16:32:51Z</time>
      </trkpt>
      <trkpt lat="33.58077" lon="-117.77466">
        <ele>287.79</ele>
        <time>2026-06-30T16:32:54Z</time>
      </trkpt>
      <trkpt lat="33.5808" lon="-117.77467">
        <ele>287.64</ele>
        <time>2026-06-30T16:32:57Z</time>
      </trkpt>
      <trkpt lat="33.58084" lon="-117.77467">
        <ele>287.44</ele>
        <time>2026-06-30T16:33:00Z</time>
      </trkpt>
      <trkpt lat="33.58088" lon="-117.77467">
        <ele>287.44</ele>
        <time>2026-06-30T16:33:03Z</time>
      </trkpt>
      <trkpt lat="33.58092" lon="-117.77466">
        <ele>287.33</ele>
        <time>2026-06-30T16:33:06Z</time>
      </trkpt>
      <trkpt lat="33.58095" lon="-117.77466">
        <ele>287.59</ele>
        <time>2026-06-30T16:33:09Z</time>
      </trkpt>
      <trkpt lat="33.58099" lon="-117.77466">
        <ele>288.02</ele>
        <time>2026-06-30T16:33:12Z</time>
      </trkpt>
      <trkpt lat="33.58102" lon="-117.77466">
        <ele>288.34</ele>
        <time>2026-06-30T16:33:15Z</time>
      </trkpt>
      <trkpt lat="33.58105" lon="-117.77466">
        <ele>288.67</ele>
        <time>2026-06-30T16:33:18Z</time>
      </trkpt>
      <trkpt lat="33.58109" lon="-117.77466">
        <ele>289.1</ele>
        <time>2026-06-30T16:33:21Z</time>
      </trkpt>
      <trkpt lat="33.58112" lon="-117.77465">
        <ele>289.22</ele>
        <time>2026-06-30T16:33:24Z</time>
      </trkpt>
      <trkpt lat="33.58115" lon="-117.77465">
        <ele>289.22</ele>
        <time>2026-06-30T16:33:27Z</time>
      </trkpt>
      <trkpt lat="33.58118" lon="-117.77465">
        <ele>289.22</ele>
        <time>2026-06-30T16:33:30Z</time>
      </trkpt>
      <trkpt lat="33.58122" lon="-117.77466">
        <ele>289.15</ele>
        <time>2026-06-30T16:33:33Z</time>
      </trkpt>
      <trkpt lat="33.58125" lon="-117.77467">
        <ele>288.94</ele>
        <time>2026-06-30T16:33:36Z</time>
      </trkpt>
      <trkpt lat="33.58128" lon="-117.77469">
        <ele>288.83</ele>
        <time>2026-06-30T16:33:39Z</time>
      </trkpt>
      <trkpt lat="33.58131" lon="-117.77471">
        <ele>288.79</ele>
        <time>2026-06-30T16:33:42Z</time>
      </trkpt>
      <trkpt lat="33.58134" lon="-117.77473">
        <ele>289.13</ele>
        <time>2026-06-30T16:33:45Z</time>
      </trkpt>
      <trkpt lat="33.58135" lon="-117.77477">
        <ele>289.65</ele>
        <time>2026-06-30T16:33:49Z</time>
      </trkpt>
      <trkpt lat="33.58137" lon="-117.77479">
        <ele>289.45</ele>
        <time>2026-06-30T16:33:52Z</time>
      </trkpt>
      <trkpt lat="33.58139" lon="-117.77482">
        <ele>289.09</ele>
        <time>2026-06-30T16:33:55Z</time>
      </trkpt>
      <trkpt lat="33.5814" lon="-117.77484">
        <ele>289.24</ele>
        <time>2026-06-30T16:33:58Z</time>
      </trkpt>
      <trkpt lat="33.58142" lon="-117.77487">
        <ele>289.12</ele>
        <time>2026-06-30T16:34:01Z</time>
      </trkpt>
      <trkpt lat="33.58144" lon="-117.7749">
        <ele>288.72</ele>
        <time>2026-06-30T16:34:04Z</time>
      </trkpt>
      <trkpt lat="33.58146" lon="-117.77492">
        <ele>287.94</ele>
        <time>2026-06-30T16:34:07Z</time>
      </trkpt>
      <trkpt lat="33.58148" lon="-117.77495">
        <ele>287.49</ele>
        <time>2026-06-30T16:34:10Z</time>
      </trkpt>
      <trkpt lat="33.5815" lon="-117.77498">
        <ele>287.54</ele>
        <time>2026-06-30T16:34:13Z</time>
      </trkpt>
      <trkpt lat="33.58152" lon="-117.775">
        <ele>287.58</ele>
        <time>2026-06-30T16:34:16Z</time>
      </trkpt>
      <trkpt lat="33.58155" lon="-117.77503">
        <ele>287.42</ele>
        <time>2026-06-30T16:34:19Z</time>
      </trkpt>
      <trkpt lat="33.58157" lon="-117.77506">
        <ele>287.63</ele>
        <time>2026-06-30T16:34:22Z</time>
      </trkpt>
      <trkpt lat="33.5816" lon="-117.77508">
        <ele>287.3</ele>
        <time>2026-06-30T16:34:25Z</time>
      </trkpt>
      <trkpt lat="33.58163" lon="-117.7751">
        <ele>286.73</ele>
        <time>2026-06-30T16:34:27Z</time>
      </trkpt>
      <trkpt lat="33.58165" lon="-117.77512">
        <ele>286.25</ele>
        <time>2026-06-30T16:34:29Z</time>
      </trkpt>
      <trkpt lat="33.58168" lon="-117.77514">
        <ele>285.79</ele>
        <time>2026-06-30T16:34:31Z</time>
      </trkpt>
      <trkpt lat="33.5817" lon="-117.77515">
        <ele>285.5</ele>
        <time>2026-06-30T16:34:33Z</time>
      </trkpt>
      <trkpt lat="33.58173" lon="-117.77518">
        <ele>285.28</ele>
        <time>2026-06-30T16:34:36Z</time>
      </trkpt>
      <trkpt lat="33.58176" lon="-117.7752">
        <ele>284.99</ele>
        <time>2026-06-30T16:34:39Z</time>
      </trkpt>
      <trkpt lat="33.5818" lon="-117.77522">
        <ele>284.73</ele>
        <time>2026-06-30T16:34:42Z</time>
      </trkpt>
      <trkpt lat="33.58183" lon="-117.77522">
        <ele>284.52</ele>
        <time>2026-06-30T16:34:45Z</time>
      </trkpt>
      <trkpt lat="33.58186" lon="-117.77524">
        <ele>284.5</ele>
        <time>2026-06-30T16:34:48Z</time>
      </trkpt>
      <trkpt lat="33.58189" lon="-117.77525">
        <ele>284.29</ele>
        <time>2026-06-30T16:34:51Z</time>
      </trkpt>
      <trkpt lat="33.58193" lon="-117.77527">
        <ele>284.07</ele>
        <time>2026-06-30T16:34:54Z</time>
      </trkpt>
      <trkpt lat="33.58196" lon="-117.77528">
        <ele>284.19</ele>
        <time>2026-06-30T16:34:57Z</time>
      </trkpt>
      <trkpt lat="33.58199" lon="-117.7753">
        <ele>284.73</ele>
        <time>2026-06-30T16:35:00Z</time>
      </trkpt>
      <trkpt lat="33.58203" lon="-117.77531">
        <ele>285.27</ele>
        <time>2026-06-30T16:35:03Z</time>
      </trkpt>
      <trkpt lat="33.58206" lon="-117.77532">
        <ele>285.21</ele>
        <time>2026-06-30T16:35:06Z</time>
      </trkpt>
      <trkpt lat="33.58209" lon="-117.77532">
        <ele>284.88</ele>
        <time>2026-06-30T16:35:09Z</time>
      </trkpt>
      <trkpt lat="33.58212" lon="-117.77533">
        <ele>284.67</ele>
        <time>2026-06-30T16:35:12Z</time>
      </trkpt>
      <trkpt lat="33.58215" lon="-117.77534">
        <ele>284.38</ele>
        <time>2026-06-30T16:35:15Z</time>
      </trkpt>
      <trkpt lat="33.58218" lon="-117.77535">
        <ele>284.12</ele>
        <time>2026-06-30T16:35:18Z</time>
      </trkpt>
      <trkpt lat="33.58221" lon="-117.77534">
        <ele>283.52</ele>
        <time>2026-06-30T16:35:21Z</time>
      </trkpt>
      <trkpt lat="33.58224" lon="-117.77534">
        <ele>283.15</ele>
        <time>2026-06-30T16:35:24Z</time>
      </trkpt>
      <trkpt lat="33.58227" lon="-117.77534">
        <ele>282.83</ele>
        <time>2026-06-30T16:35:27Z</time>
      </trkpt>
      <trkpt lat="33.58231" lon="-117.77534">
        <ele>282.4</ele>
        <time>2026-06-30T16:35:30Z</time>
      </trkpt>
      <trkpt lat="33.58234" lon="-117.77534">
        <ele>282.07</ele>
        <time>2026-06-30T16:35:33Z</time>
      </trkpt>
      <trkpt lat="33.58237" lon="-117.77534">
        <ele>281.75</ele>
        <time>2026-06-30T16:35:36Z</time>
      </trkpt>
      <trkpt lat="33.5824" lon="-117.77534">
        <ele>281.42</ele>
        <time>2026-06-30T16:35:38Z</time>
      </trkpt>
      <trkpt lat="33.58243" lon="-117.77535">
        <ele>281.51</ele>
        <time>2026-06-30T16:35:40Z</time>
      </trkpt>
      <trkpt lat="33.58246" lon="-117.77535">
        <ele>281.44</ele>
        <time>2026-06-30T16:35:42Z</time>
      </trkpt>
      <trkpt lat="33.58249" lon="-117.77535">
        <ele>281.36</ele>
        <time>2026-06-30T16:35:44Z</time>
      </trkpt>
      <trkpt lat="33.58252" lon="-117.77536">
        <ele>281.47</ele>
        <time>2026-06-30T16:35:46Z</time>
      </trkpt>
      <trkpt lat="33.58255" lon="-117.77536">
        <ele>281.18</ele>
        <time>2026-06-30T16:35:49Z</time>
      </trkpt>
      <trkpt lat="33.58259" lon="-117.77536">
        <ele>280.8</ele>
        <time>2026-06-30T16:35:52Z</time>
      </trkpt>
      <trkpt lat="33.58262" lon="-117.77536">
        <ele>280.74</ele>
        <time>2026-06-30T16:35:55Z</time>
      </trkpt>
      <trkpt lat="33.58265" lon="-117.77535">
        <ele>280.42</ele>
        <time>2026-06-30T16:35:58Z</time>
      </trkpt>
      <trkpt lat="33.58269" lon="-117.77534">
        <ele>279.98</ele>
        <time>2026-06-30T16:36:02Z</time>
      </trkpt>
      <trkpt lat="33.58272" lon="-117.77533">
        <ele>279.48</ele>
        <time>2026-06-30T16:36:05Z</time>
      </trkpt>
      <trkpt lat="33.58275" lon="-117.77531">
        <ele>278.8</ele>
        <time>2026-06-30T16:36:08Z</time>
      </trkpt>
      <trkpt lat="33.58278" lon="-117.7753">
        <ele>278.5</ele>
        <time>2026-06-30T16:36:11Z</time>
      </trkpt>
      <trkpt lat="33.58281" lon="-117.7753">
        <ele>278.83</ele>
        <time>2026-06-30T16:36:14Z</time>
      </trkpt>
      <trkpt lat="33.58284" lon="-117.77529">
        <ele>278.94</ele>
        <time>2026-06-30T16:36:17Z</time>
      </trkpt>
      <trkpt lat="33.58287" lon="-117.77528">
        <ele>279.04</ele>
        <time>2026-06-30T16:36:20Z</time>
      </trkpt>
      <trkpt lat="33.58291" lon="-117.77527">
        <ele>278.7</ele>
        <time>2026-06-30T16:36:23Z</time>
      </trkpt>
      <trkpt lat="33.58294" lon="-117.77526">
        <ele>278.38</ele>
        <time>2026-06-30T16:36:26Z</time>
      </trkpt>
      <trkpt lat="33.58298" lon="-117.77525">
        <ele>278.03</ele>
        <time>2026-06-30T16:36:29Z</time>
      </trkpt>
      <trkpt lat="33.58302" lon="-117.77524">
        <ele>277.66</ele>
        <time>2026-06-30T16:36:32Z</time>
      </trkpt>
      <trkpt lat="33.58305" lon="-117.77523">
        <ele>277.48</ele>
        <time>2026-06-30T16:36:35Z</time>
      </trkpt>
      <trkpt lat="33.58308" lon="-117.77522">
        <ele>277.48</ele>
        <time>2026-06-30T16:36:38Z</time>
      </trkpt>
      <trkpt lat="33.58312" lon="-117.77521">
        <ele>277.45</ele>
        <time>2026-06-30T16:36:41Z</time>
      </trkpt>
      <trkpt lat="33.58315" lon="-117.7752">
        <ele>277.32</ele>
        <time>2026-06-30T16:36:44Z</time>
      </trkpt>
      <trkpt lat="33.58319" lon="-117.77519">
        <ele>277.08</ele>
        <time>2026-06-30T16:36:47Z</time>
      </trkpt>
      <trkpt lat="33.58322" lon="-117.77517">
        <ele>276.64</ele>
        <time>2026-06-30T16:36:50Z</time>
      </trkpt>
      <trkpt lat="33.58325" lon="-117.77516">
        <ele>276.48</ele>
        <time>2026-06-30T16:36:53Z</time>
      </trkpt>
      <trkpt lat="33.58329" lon="-117.77515">
        <ele>276.44</ele>
        <time>2026-06-30T16:36:56Z</time>
      </trkpt>
      <trkpt lat="33.58332" lon="-117.77514">
        <ele>276.44</ele>
        <time>2026-06-30T16:36:59Z</time>
      </trkpt>
      <trkpt lat="33.58335" lon="-117.77513">
        <ele>276.4</ele>
        <time>2026-06-30T16:37:02Z</time>
      </trkpt>
      <trkpt lat="33.58338" lon="-117.77512">
        <ele>276.3</ele>
        <time>2026-06-30T16:37:05Z</time>
      </trkpt>
      <trkpt lat="33.58342" lon="-117.7751">
        <ele>276.08</ele>
        <time>2026-06-30T16:37:08Z</time>
      </trkpt>
      <trkpt lat="33.58345" lon="-117.77507">
        <ele>275.64</ele>
        <time>2026-06-30T16:37:11Z</time>
      </trkpt>
      <trkpt lat="33.58348" lon="-117.77506">
        <ele>275.71</ele>
        <time>2026-06-30T16:37:14Z</time>
      </trkpt>
      <trkpt lat="33.58351" lon="-117.77504">
        <ele>275.9</ele>
        <time>2026-06-30T16:37:17Z</time>
      </trkpt>
      <trkpt lat="33.58354" lon="-117.77502">
        <ele>276.05</ele>
        <time>2026-06-30T16:37:20Z</time>
      </trkpt>
      <trkpt lat="33.58358" lon="-117.77501">
        <ele>276.07</ele>
        <time>2026-06-30T16:37:23Z</time>
      </trkpt>
      <trkpt lat="33.58361" lon="-117.77499">
        <ele>275.89</ele>
        <time>2026-06-30T16:37:26Z</time>
      </trkpt>
      <trkpt lat="33.58364" lon="-117.77498">
        <ele>276.1</ele>
        <time>2026-06-30T16:37:29Z</time>
      </trkpt>
      <trkpt lat="33.58367" lon="-117.77496">
        <ele>276.2</ele>
        <time>2026-06-30T16:37:32Z</time>
      </trkpt>
      <trkpt lat="33.5837" lon="-117.77494">
        <ele>276.31</ele>
        <time>2026-06-30T16:37:35Z</time>
      </trkpt>
      <trkpt lat="33.58373" lon="-117.77492">
        <ele>276.17</ele>
        <time>2026-06-30T16:37:38Z</time>
      </trkpt>
      <trkpt lat="33.58375" lon="-117.7749">
        <ele>275.88</ele>
        <time>2026-06-30T16:37:41Z</time>
      </trkpt>
      <trkpt lat="33.58378" lon="-117.77488">
        <ele>275.65</ele>
        <time>2026-06-30T16:37:44Z</time>
      </trkpt>
      <trkpt lat="33.58381" lon="-117.77487">
        <ele>275.8</ele>
        <time>2026-06-30T16:37:47Z</time>
      </trkpt>
      <trkpt lat="33.58384" lon="-117.77485">
        <ele>276.14</ele>
        <time>2026-06-30T16:37:50Z</time>
      </trkpt>
      <trkpt lat="33.58388" lon="-117.77483">
        <ele>276.82</ele>
        <time>2026-06-30T16:37:53Z</time>
      </trkpt>
      <trkpt lat="33.58391" lon="-117.77481">
        <ele>276.91</ele>
        <time>2026-06-30T16:37:56Z</time>
      </trkpt>
      <trkpt lat="33.58394" lon="-117.77479">
        <ele>276.61</ele>
        <time>2026-06-30T16:37:59Z</time>
      </trkpt>
      <trkpt lat="33.58397" lon="-117.77477">
        <ele>276.46</ele>
        <time>2026-06-30T16:38:02Z</time>
      </trkpt>
      <trkpt lat="33.584" lon="-117.77474">
        <ele>276.35</ele>
        <time>2026-06-30T16:38:05Z</time>
      </trkpt>
      <trkpt lat="33.58402" lon="-117.77472">
        <ele>276.42</ele>
        <time>2026-06-30T16:38:08Z</time>
      </trkpt>
      <trkpt lat="33.58405" lon="-117.7747">
        <ele>276.74</ele>
        <time>2026-06-30T16:38:11Z</time>
      </trkpt>
      <trkpt lat="33.58408" lon="-117.77468">
        <ele>277.06</ele>
        <time>2026-06-30T16:38:14Z</time>
      </trkpt>
      <trkpt lat="33.58411" lon="-117.77466">
        <ele>277.39</ele>
        <time>2026-06-30T16:38:17Z</time>
      </trkpt>
      <trkpt lat="33.58414" lon="-117.77465">
        <ele>277.71</ele>
        <time>2026-06-30T16:38:20Z</time>
      </trkpt>
      <trkpt lat="33.58416" lon="-117.77463">
        <ele>277.93</ele>
        <time>2026-06-30T16:38:23Z</time>
      </trkpt>
      <trkpt lat="33.58419" lon="-117.77461">
        <ele>277.84</ele>
        <time>2026-06-30T16:38:26Z</time>
      </trkpt>
      <trkpt lat="33.58423" lon="-117.77459">
        <ele>277.86</ele>
        <time>2026-06-30T16:38:29Z</time>
      </trkpt>
      <trkpt lat="33.58426" lon="-117.77458">
        <ele>278.0</ele>
        <time>2026-06-30T16:38:32Z</time>
      </trkpt>
      <trkpt lat="33.5843" lon="-117.77456">
        <ele>278.33</ele>
        <time>2026-06-30T16:38:35Z</time>
      </trkpt>
      <trkpt lat="33.58434" lon="-117.77455">
        <ele>278.75</ele>
        <time>2026-06-30T16:38:38Z</time>
      </trkpt>
      <trkpt lat="33.58436" lon="-117.77455">
        <ele>278.87</ele>
        <time>2026-06-30T16:38:41Z</time>
      </trkpt>
      <trkpt lat="33.58439" lon="-117.77455">
        <ele>278.92</ele>
        <time>2026-06-30T16:38:45Z</time>
      </trkpt>
      <trkpt lat="33.58442" lon="-117.77453">
        <ele>279.06</ele>
        <time>2026-06-30T16:38:48Z</time>
      </trkpt>
      <trkpt lat="33.58445" lon="-117.77452">
        <ele>279.18</ele>
        <time>2026-06-30T16:38:51Z</time>
      </trkpt>
      <trkpt lat="33.58448" lon="-117.77451">
        <ele>279.29</ele>
        <time>2026-06-30T16:38:54Z</time>
      </trkpt>
      <trkpt lat="33.58451" lon="-117.7745">
        <ele>279.4</ele>
        <time>2026-06-30T16:38:57Z</time>
      </trkpt>
      <trkpt lat="33.58453" lon="-117.77448">
        <ele>279.62</ele>
        <time>2026-06-30T16:39:00Z</time>
      </trkpt>
      <trkpt lat="33.58456" lon="-117.77447">
        <ele>279.79</ele>
        <time>2026-06-30T16:39:03Z</time>
      </trkpt>
      <trkpt lat="33.58459" lon="-117.77445">
        <ele>279.97</ele>
        <time>2026-06-30T16:39:06Z</time>
      </trkpt>
      <trkpt lat="33.58462" lon="-117.77444">
        <ele>280.04</ele>
        <time>2026-06-30T16:39:09Z</time>
      </trkpt>
      <trkpt lat="33.58465" lon="-117.77443">
        <ele>280.19</ele>
        <time>2026-06-30T16:39:12Z</time>
      </trkpt>
      <trkpt lat="33.58468" lon="-117.77441">
        <ele>280.57</ele>
        <time>2026-06-30T16:39:15Z</time>
      </trkpt>
      <trkpt lat="33.58472" lon="-117.7744">
        <ele>280.95</ele>
        <time>2026-06-30T16:39:18Z</time>
      </trkpt>
      <trkpt lat="33.58475" lon="-117.77439">
        <ele>281.3</ele>
        <time>2026-06-30T16:39:21Z</time>
      </trkpt>
      <trkpt lat="33.58478" lon="-117.77437">
        <ele>281.73</ele>
        <time>2026-06-30T16:39:24Z</time>
      </trkpt>
      <trkpt lat="33.58481" lon="-117.77436">
        <ele>281.91</ele>
        <time>2026-06-30T16:39:27Z</time>
      </trkpt>
      <trkpt lat="33.58484" lon="-117.77435">
        <ele>282.0</ele>
        <time>2026-06-30T16:39:30Z</time>
      </trkpt>
      <trkpt lat="33.58487" lon="-117.77434">
        <ele>282.0</ele>
        <time>2026-06-30T16:39:33Z</time>
      </trkpt>
      <trkpt lat="33.58491" lon="-117.77432">
        <ele>282.01</ele>
        <time>2026-06-30T16:39:36Z</time>
      </trkpt>
      <trkpt lat="33.58495" lon="-117.77432">
        <ele>282.16</ele>
        <time>2026-06-30T16:39:39Z</time>
      </trkpt>
      <trkpt lat="33.58499" lon="-117.77432">
        <ele>282.31</ele>
        <time>2026-06-30T16:39:42Z</time>
      </trkpt>
      <trkpt lat="33.58502" lon="-117.77431">
        <ele>282.67</ele>
        <time>2026-06-30T16:39:45Z</time>
      </trkpt>
      <trkpt lat="33.58505" lon="-117.77431">
        <ele>282.99</ele>
        <time>2026-06-30T16:39:48Z</time>
      </trkpt>
      <trkpt lat="33.58508" lon="-117.7743">
        <ele>283.42</ele>
        <time>2026-06-30T16:39:51Z</time>
      </trkpt>
      <trkpt lat="33.58511" lon="-117.7743">
        <ele>283.56</ele>
        <time>2026-06-30T16:39:54Z</time>
      </trkpt>
      <trkpt lat="33.58514" lon="-117.77429">
        <ele>283.67</ele>
        <time>2026-06-30T16:39:57Z</time>
      </trkpt>
      <trkpt lat="33.58518" lon="-117.77429">
        <ele>283.67</ele>
        <time>2026-06-30T16:40:00Z</time>
      </trkpt>
      <trkpt lat="33.58521" lon="-117.77429">
        <ele>283.94</ele>
        <time>2026-06-30T16:40:03Z</time>
      </trkpt>
      <trkpt lat="33.58524" lon="-117.77429">
        <ele>284.26</ele>
        <time>2026-06-30T16:40:06Z</time>
      </trkpt>
      <trkpt lat="33.58528" lon="-117.77428">
        <ele>284.77</ele>
        <time>2026-06-30T16:40:09Z</time>
      </trkpt>
      <trkpt lat="33.58531" lon="-117.77428">
        <ele>284.7</ele>
        <time>2026-06-30T16:40:12Z</time>
      </trkpt>
      <trkpt lat="33.58535" lon="-117.77428">
        <ele>284.6</ele>
        <time>2026-06-30T16:40:15Z</time>
      </trkpt>
      <trkpt lat="33.58538" lon="-117.77428">
        <ele>284.55</ele>
        <time>2026-06-30T16:40:18Z</time>
      </trkpt>
      <trkpt lat="33.58541" lon="-117.77428">
        <ele>284.55</ele>
        <time>2026-06-30T16:40:21Z</time>
      </trkpt>
      <trkpt lat="33.58544" lon="-117.77428">
        <ele>284.55</ele>
        <time>2026-06-30T16:40:24Z</time>
      </trkpt>
      <trkpt lat="33.58548" lon="-117.77428">
        <ele>284.55</ele>
        <time>2026-06-30T16:40:27Z</time>
      </trkpt>
      <trkpt lat="33.58551" lon="-117.77428">
        <ele>284.55</ele>
        <time>2026-06-30T16:40:30Z</time>
      </trkpt>
      <trkpt lat="33.58555" lon="-117.77428">
        <ele>284.55</ele>
        <time>2026-06-30T16:40:33Z</time>
      </trkpt>
      <trkpt lat="33.58558" lon="-117.77428">
        <ele>284.29</ele>
        <time>2026-06-30T16:40:36Z</time>
      </trkpt>
      <trkpt lat="33.58562" lon="-117.77428">
        <ele>283.86</ele>
        <time>2026-06-30T16:40:39Z</time>
      </trkpt>
      <trkpt lat="33.58565" lon="-117.77428">
        <ele>283.54</ele>
        <time>2026-06-30T16:40:42Z</time>
      </trkpt>
      <trkpt lat="33.58569" lon="-117.77429">
        <ele>283.03</ele>
        <time>2026-06-30T16:40:45Z</time>
      </trkpt>
      <trkpt lat="33.58572" lon="-117.77429">
        <ele>282.82</ele>
        <time>2026-06-30T16:40:48Z</time>
      </trkpt>
      <trkpt lat="33.58576" lon="-117.77429">
        <ele>282.6</ele>
        <time>2026-06-30T16:40:51Z</time>
      </trkpt>
      <trkpt lat="33.58579" lon="-117.77429">
        <ele>282.49</ele>
        <time>2026-06-30T16:40:54Z</time>
      </trkpt>
      <trkpt lat="33.58582" lon="-117.7743">
        <ele>282.18</ele>
        <time>2026-06-30T16:40:57Z</time>
      </trkpt>
      <trkpt lat="33.58586" lon="-117.7743">
        <ele>281.96</ele>
        <time>2026-06-30T16:41:00Z</time>
      </trkpt>
      <trkpt lat="33.58589" lon="-117.7743">
        <ele>281.78</ele>
        <time>2026-06-30T16:41:03Z</time>
      </trkpt>
      <trkpt lat="33.58593" lon="-117.77431">
        <ele>281.43</ele>
        <time>2026-06-30T16:41:06Z</time>
      </trkpt>
      <trkpt lat="33.58596" lon="-117.77432">
        <ele>281.22</ele>
        <time>2026-06-30T16:41:09Z</time>
      </trkpt>
      <trkpt lat="33.586" lon="-117.77433">
        <ele>281.05</ele>
        <time>2026-06-30T16:41:12Z</time>
      </trkpt>
      <trkpt lat="33.58603" lon="-117.77435">
        <ele>281.0</ele>
        <time>2026-06-30T16:41:15Z</time>
      </trkpt>
      <trkpt lat="33.58607" lon="-117.77436">
        <ele>280.91</ele>
        <time>2026-06-30T16:41:18Z</time>
      </trkpt>
      <trkpt lat="33.5861" lon="-117.77437">
        <ele>280.8</ele>
        <time>2026-06-30T16:41:21Z</time>
      </trkpt>
      <trkpt lat="33.58614" lon="-117.77438">
        <ele>280.79</ele>
        <time>2026-06-30T16:41:24Z</time>
      </trkpt>
      <trkpt lat="33.58617" lon="-117.7744">
        <ele>280.81</ele>
        <time>2026-06-30T16:41:27Z</time>
      </trkpt>
      <trkpt lat="33.58621" lon="-117.77441">
        <ele>281.04</ele>
        <time>2026-06-30T16:41:30Z</time>
      </trkpt>
      <trkpt lat="33.58624" lon="-117.77443">
        <ele>281.33</ele>
        <time>2026-06-30T16:41:33Z</time>
      </trkpt>
      <trkpt lat="33.58627" lon="-117.77445">
        <ele>281.66</ele>
        <time>2026-06-30T16:41:36Z</time>
      </trkpt>
      <trkpt lat="33.5863" lon="-117.77447">
        <ele>281.74</ele>
        <time>2026-06-30T16:41:39Z</time>
      </trkpt>
      <trkpt lat="33.58633" lon="-117.77449">
        <ele>281.69</ele>
        <time>2026-06-30T16:41:42Z</time>
      </trkpt>
      <trkpt lat="33.58636" lon="-117.77451">
        <ele>281.78</ele>
        <time>2026-06-30T16:41:46Z</time>
      </trkpt>
      <trkpt lat="33.58638" lon="-117.77453">
        <ele>281.91</ele>
        <time>2026-06-30T16:41:49Z</time>
      </trkpt>
      <trkpt lat="33.58641" lon="-117.77454">
        <ele>281.97</ele>
        <time>2026-06-30T16:41:52Z</time>
      </trkpt>
      <trkpt lat="33.58643" lon="-117.77456">
        <ele>281.75</ele>
        <time>2026-06-30T16:41:55Z</time>
      </trkpt>
      <trkpt lat="33.58646" lon="-117.77457">
        <ele>281.64</ele>
        <time>2026-06-30T16:41:58Z</time>
      </trkpt>
      <trkpt lat="33.58649" lon="-117.77459">
        <ele>281.34</ele>
        <time>2026-06-30T16:42:01Z</time>
      </trkpt>
      <trkpt lat="33.58652" lon="-117.7746">
        <ele>280.9</ele>
        <time>2026-06-30T16:42:04Z</time>
      </trkpt>
      <trkpt lat="33.58655" lon="-117.77461">
        <ele>280.47</ele>
        <time>2026-06-30T16:42:07Z</time>
      </trkpt>
      <trkpt lat="33.58658" lon="-117.77463">
        <ele>279.94</ele>
        <time>2026-06-30T16:42:10Z</time>
      </trkpt>
      <trkpt lat="33.58661" lon="-117.77464">
        <ele>279.61</ele>
        <time>2026-06-30T16:42:13Z</time>
      </trkpt>
      <trkpt lat="33.58664" lon="-117.77465">
        <ele>279.29</ele>
        <time>2026-06-30T16:42:16Z</time>
      </trkpt>
      <trkpt lat="33.58668" lon="-117.77466">
        <ele>278.86</ele>
        <time>2026-06-30T16:42:18Z</time>
      </trkpt>
      <trkpt lat="33.58671" lon="-117.77467">
        <ele>278.53</ele>
        <time>2026-06-30T16:42:20Z</time>
      </trkpt>
      <trkpt lat="33.58675" lon="-117.77468">
        <ele>278.1</ele>
        <time>2026-06-30T16:42:23Z</time>
      </trkpt>
      <trkpt lat="33.58678" lon="-117.7747">
        <ele>277.78</ele>
        <time>2026-06-30T16:42:26Z</time>
      </trkpt>
      <trkpt lat="33.58681" lon="-117.77471">
        <ele>277.45</ele>
        <time>2026-06-30T16:42:29Z</time>
      </trkpt>
      <trkpt lat="33.58685" lon="-117.77472">
        <ele>277.02</ele>
        <time>2026-06-30T16:42:32Z</time>
      </trkpt>
      <trkpt lat="33.58688" lon="-117.77472">
        <ele>276.7</ele>
        <time>2026-06-30T16:42:35Z</time>
      </trkpt>
      <trkpt lat="33.58691" lon="-117.77473">
        <ele>276.42</ele>
        <time>2026-06-30T16:42:38Z</time>
      </trkpt>
      <trkpt lat="33.58694" lon="-117.77474">
        <ele>276.23</ele>
        <time>2026-06-30T16:42:41Z</time>
      </trkpt>
      <trkpt lat="33.58697" lon="-117.77475">
        <ele>276.22</ele>
        <time>2026-06-30T16:42:44Z</time>
      </trkpt>
      <trkpt lat="33.587" lon="-117.77476">
        <ele>276.16</ele>
        <time>2026-06-30T16:42:47Z</time>
      </trkpt>
      <trkpt lat="33.58703" lon="-117.77477">
        <ele>276.04</ele>
        <time>2026-06-30T16:42:50Z</time>
      </trkpt>
      <trkpt lat="33.58706" lon="-117.77479">
        <ele>275.75</ele>
        <time>2026-06-30T16:42:53Z</time>
      </trkpt>
      <trkpt lat="33.58709" lon="-117.7748">
        <ele>275.43</ele>
        <time>2026-06-30T16:42:56Z</time>
      </trkpt>
      <trkpt lat="33.58713" lon="-117.77481">
        <ele>275.0</ele>
        <time>2026-06-30T16:42:59Z</time>
      </trkpt>
      <trkpt lat="33.58716" lon="-117.77482">
        <ele>275.04</ele>
        <time>2026-06-30T16:43:02Z</time>
      </trkpt>
      <trkpt lat="33.58719" lon="-117.77484">
        <ele>275.09</ele>
        <time>2026-06-30T16:43:05Z</time>
      </trkpt>
      <trkpt lat="33.58722" lon="-117.77485">
        <ele>275.01</ele>
        <time>2026-06-30T16:43:08Z</time>
      </trkpt>
      <trkpt lat="33.58725" lon="-117.77486">
        <ele>274.85</ele>
        <time>2026-06-30T16:43:11Z</time>
      </trkpt>
      <trkpt lat="33.58728" lon="-117.77488">
        <ele>274.82</ele>
        <time>2026-06-30T16:43:14Z</time>
      </trkpt>
      <trkpt lat="33.58731" lon="-117.77489">
        <ele>274.82</ele>
        <time>2026-06-30T16:43:17Z</time>
      </trkpt>
      <trkpt lat="33.58735" lon="-117.7749">
        <ele>274.95</ele>
        <time>2026-06-30T16:43:20Z</time>
      </trkpt>
      <trkpt lat="33.58738" lon="-117.77491">
        <ele>274.99</ele>
        <time>2026-06-30T16:43:23Z</time>
      </trkpt>
      <trkpt lat="33.58741" lon="-117.77493">
        <ele>274.99</ele>
        <time>2026-06-30T16:43:26Z</time>
      </trkpt>
      <trkpt lat="33.58744" lon="-117.77494">
        <ele>274.88</ele>
        <time>2026-06-30T16:43:29Z</time>
      </trkpt>
      <trkpt lat="33.58747" lon="-117.77496">
        <ele>274.62</ele>
        <time>2026-06-30T16:43:32Z</time>
      </trkpt>
      <trkpt lat="33.58751" lon="-117.77497">
        <ele>274.29</ele>
        <time>2026-06-30T16:43:35Z</time>
      </trkpt>
      <trkpt lat="33.58754" lon="-117.77499">
        <ele>274.06</ele>
        <time>2026-06-30T16:43:38Z</time>
      </trkpt>
      <trkpt lat="33.58757" lon="-117.77502">
        <ele>274.0</ele>
        <time>2026-06-30T16:43:41Z</time>
      </trkpt>
      <trkpt lat="33.5876" lon="-117.77504">
        <ele>273.97</ele>
        <time>2026-06-30T16:43:44Z</time>
      </trkpt>
      <trkpt lat="33.58763" lon="-117.77507">
        <ele>273.69</ele>
        <time>2026-06-30T16:43:47Z</time>
      </trkpt>
      <trkpt lat="33.58766" lon="-117.77509">
        <ele>273.29</ele>
        <time>2026-06-30T16:43:50Z</time>
      </trkpt>
      <trkpt lat="33.58769" lon="-117.77511">
        <ele>272.99</ele>
        <time>2026-06-30T16:43:53Z</time>
      </trkpt>
      <trkpt lat="33.58772" lon="-117.77513">
        <ele>272.85</ele>
        <time>2026-06-30T16:43:56Z</time>
      </trkpt>
      <trkpt lat="33.58775" lon="-117.77515">
        <ele>272.57</ele>
        <time>2026-06-30T16:43:59Z</time>
      </trkpt>
      <trkpt lat="33.58778" lon="-117.77517">
        <ele>272.18</ele>
        <time>2026-06-30T16:44:02Z</time>
      </trkpt>
      <trkpt lat="33.58781" lon="-117.7752">
        <ele>272.29</ele>
        <time>2026-06-30T16:44:05Z</time>
      </trkpt>
      <trkpt lat="33.58784" lon="-117.77523">
        <ele>272.35</ele>
        <time>2026-06-30T16:44:08Z</time>
      </trkpt>
      <trkpt lat="33.58787" lon="-117.77525">
        <ele>272.3</ele>
        <time>2026-06-30T16:44:11Z</time>
      </trkpt>
      <trkpt lat="33.5879" lon="-117.77528">
        <ele>271.98</ele>
        <time>2026-06-30T16:44:14Z</time>
      </trkpt>
      <trkpt lat="33.58793" lon="-117.77531">
        <ele>271.65</ele>
        <time>2026-06-30T16:44:17Z</time>
      </trkpt>
      <trkpt lat="33.58796" lon="-117.77533">
        <ele>271.44</ele>
        <time>2026-06-30T16:44:20Z</time>
      </trkpt>
      <trkpt lat="33.58799" lon="-117.77536">
        <ele>271.08</ele>
        <time>2026-06-30T16:44:23Z</time>
      </trkpt>
      <trkpt lat="33.58802" lon="-117.77539">
        <ele>271.0</ele>
        <time>2026-06-30T16:44:26Z</time>
      </trkpt>
      <trkpt lat="33.58803" lon="-117.77543">
        <ele>271.0</ele>
        <time>2026-06-30T16:44:30Z</time>
      </trkpt>
      <trkpt lat="33.58805" lon="-117.77546">
        <ele>271.0</ele>
        <time>2026-06-30T16:44:33Z</time>
      </trkpt>
      <trkpt lat="33.58807" lon="-117.77549">
        <ele>271.25</ele>
        <time>2026-06-30T16:44:36Z</time>
      </trkpt>
      <trkpt lat="33.5881" lon="-117.77551">
        <ele>271.26</ele>
        <time>2026-06-30T16:44:39Z</time>
      </trkpt>
      <trkpt lat="33.58812" lon="-117.77554">
        <ele>271.25</ele>
        <time>2026-06-30T16:44:42Z</time>
      </trkpt>
      <trkpt lat="33.58814" lon="-117.77558">
        <ele>271.31</ele>
        <time>2026-06-30T16:44:45Z</time>
      </trkpt>
      <trkpt lat="33.58816" lon="-117.77561">
        <ele>271.64</ele>
        <time>2026-06-30T16:44:47Z</time>
      </trkpt>
      <trkpt lat="33.58817" lon="-117.77564">
        <ele>271.93</ele>
        <time>2026-06-30T16:44:49Z</time>
      </trkpt>
      <trkpt lat="33.5882" lon="-117.77568">
        <ele>271.66</ele>
        <time>2026-06-30T16:44:52Z</time>
      </trkpt>
      <trkpt lat="33.58822" lon="-117.77572">
        <ele>271.22</ele>
        <time>2026-06-30T16:44:55Z</time>
      </trkpt>
      <trkpt lat="33.58824" lon="-117.77576">
        <ele>271.0</ele>
        <time>2026-06-30T16:44:58Z</time>
      </trkpt>
      <trkpt lat="33.58826" lon="-117.7758">
        <ele>271.0</ele>
        <time>2026-06-30T16:45:01Z</time>
      </trkpt>
      <trkpt lat="33.58827" lon="-117.77583">
        <ele>271.0</ele>
        <time>2026-06-30T16:45:04Z</time>
      </trkpt>
      <trkpt lat="33.58829" lon="-117.77587">
        <ele>271.0</ele>
        <time>2026-06-30T16:45:07Z</time>
      </trkpt>
      <trkpt lat="33.58831" lon="-117.77591">
        <ele>271.0</ele>
        <time>2026-06-30T16:45:10Z</time>
      </trkpt>
      <trkpt lat="33.58833" lon="-117.77595">
        <ele>271.25</ele>
        <time>2026-06-30T16:45:13Z</time>
      </trkpt>
      <trkpt lat="33.58835" lon="-117.77599">
        <ele>271.51</ele>
        <time>2026-06-30T16:45:16Z</time>
      </trkpt>
      <trkpt lat="33.58836" lon="-117.77602">
        <ele>271.73</ele>
        <time>2026-06-30T16:45:19Z</time>
      </trkpt>
      <trkpt lat="33.58838" lon="-117.77606">
        <ele>271.94</ele>
        <time>2026-06-30T16:45:22Z</time>
      </trkpt>
      <trkpt lat="33.58838" lon="-117.7761">
        <ele>272.38</ele>
        <time>2026-06-30T16:45:25Z</time>
      </trkpt>
      <trkpt lat="33.58838" lon="-117.77614">
        <ele>272.65</ele>
        <time>2026-06-30T16:45:28Z</time>
      </trkpt>
      <trkpt lat="33.58838" lon="-117.77618">
        <ele>272.87</ele>
        <time>2026-06-30T16:45:31Z</time>
      </trkpt>
      <trkpt lat="33.58839" lon="-117.77622">
        <ele>273.11</ele>
        <time>2026-06-30T16:45:34Z</time>
      </trkpt>
      <trkpt lat="33.5884" lon="-117.77625">
        <ele>273.36</ele>
        <time>2026-06-30T16:45:37Z</time>
      </trkpt>
      <trkpt lat="33.58841" lon="-117.77628">
        <ele>273.68</ele>
        <time>2026-06-30T16:45:40Z</time>
      </trkpt>
      <trkpt lat="33.58841" lon="-117.77632">
        <ele>273.53</ele>
        <time>2026-06-30T16:45:48Z</time>
      </trkpt>
      <trkpt lat="33.58844" lon="-117.77634">
        <ele>273.45</ele>
        <time>2026-06-30T16:50:06Z</time>
      </trkpt>
      <trkpt lat="33.58848" lon="-117.77637">
        <ele>273.08</ele>
        <time>2026-06-30T16:52:08Z</time>
      </trkpt>
      <trkpt lat="33.58851" lon="-117.7764">
        <ele>272.87</ele>
        <time>2026-06-30T16:52:10Z</time>
      </trkpt>
      <trkpt lat="33.58854" lon="-117.77643">
        <ele>272.43</ele>
        <time>2026-06-30T16:52:13Z</time>
      </trkpt>
      <trkpt lat="33.58857" lon="-117.77645">
        <ele>272.15</ele>
        <time>2026-06-30T16:52:16Z</time>
      </trkpt>
      <trkpt lat="33.58859" lon="-117.77648">
        <ele>272.0</ele>
        <time>2026-06-30T16:52:19Z</time>
      </trkpt>
      <trkpt lat="33.58862" lon="-117.7765">
        <ele>271.52</ele>
        <time>2026-06-30T16:52:22Z</time>
      </trkpt>
      <trkpt lat="33.58864" lon="-117.77652">
        <ele>270.99</ele>
        <time>2026-06-30T16:52:25Z</time>
      </trkpt>
      <trkpt lat="33.58867" lon="-117.77653">
        <ele>270.65</ele>
        <time>2026-06-30T16:52:28Z</time>
      </trkpt>
      <trkpt lat="33.5887" lon="-117.77655">
        <ele>270.27</ele>
        <time>2026-06-30T16:52:31Z</time>
      </trkpt>
      <trkpt lat="33.58873" lon="-117.77656">
        <ele>269.87</ele>
        <time>2026-06-30T16:52:34Z</time>
      </trkpt>
      <trkpt lat="33.58876" lon="-117.77658">
        <ele>269.3</ele>
        <time>2026-06-30T16:52:37Z</time>
      </trkpt>
      <trkpt lat="33.58879" lon="-117.7766">
        <ele>268.77</ele>
        <time>2026-06-30T16:52:40Z</time>
      </trkpt>
      <trkpt lat="33.58882" lon="-117.77661">
        <ele>268.46</ele>
        <time>2026-06-30T16:52:43Z</time>
      </trkpt>
      <trkpt lat="33.58885" lon="-117.77662">
        <ele>268.21</ele>
        <time>2026-06-30T16:52:46Z</time>
      </trkpt>
      <trkpt lat="33.58888" lon="-117.77662">
        <ele>268.05</ele>
        <time>2026-06-30T16:52:49Z</time>
      </trkpt>
      <trkpt lat="33.58891" lon="-117.77659">
        <ele>267.77</ele>
        <time>2026-06-30T16:52:51Z</time>
      </trkpt>
      <trkpt lat="33.58893" lon="-117.77656">
        <ele>267.56</ele>
        <time>2026-06-30T16:52:53Z</time>
      </trkpt>
      <trkpt lat="33.58895" lon="-117.77653">
        <ele>267.34</ele>
        <time>2026-06-30T16:52:55Z</time>
      </trkpt>
      <trkpt lat="33.58897" lon="-117.77651">
        <ele>267.12</ele>
        <time>2026-06-30T16:52:57Z</time>
      </trkpt>
      <trkpt lat="33.589" lon="-117.77649">
        <ele>266.82</ele>
        <time>2026-06-30T16:53:00Z</time>
      </trkpt>
      <trkpt lat="33.58903" lon="-117.77648">
        <ele>266.47</ele>
        <time>2026-06-30T16:53:03Z</time>
      </trkpt>
      <trkpt lat="33.58906" lon="-117.77646">
        <ele>265.96</ele>
        <time>2026-06-30T16:53:06Z</time>
      </trkpt>
      <trkpt lat="33.58909" lon="-117.77645">
        <ele>265.37</ele>
        <time>2026-06-30T16:53:09Z</time>
      </trkpt>
      <trkpt lat="33.58912" lon="-117.77643">
        <ele>264.73</ele>
        <time>2026-06-30T16:53:12Z</time>
      </trkpt>
      <trkpt lat="33.58915" lon="-117.77642">
        <ele>264.24</ele>
        <time>2026-06-30T16:53:15Z</time>
      </trkpt>
      <trkpt lat="33.58917" lon="-117.77641">
        <ele>263.97</ele>
        <time>2026-06-30T16:53:18Z</time>
      </trkpt>
      <trkpt lat="33.5892" lon="-117.7764">
        <ele>263.68</ele>
        <time>2026-06-30T16:53:21Z</time>
      </trkpt>
      <trkpt lat="33.58923" lon="-117.77638">
        <ele>263.25</ele>
        <time>2026-06-30T16:53:24Z</time>
      </trkpt>
      <trkpt lat="33.58926" lon="-117.77637">
        <ele>262.78</ele>
        <time>2026-06-30T16:53:27Z</time>
      </trkpt>
      <trkpt lat="33.58928" lon="-117.77636">
        <ele>262.31</ele>
        <time>2026-06-30T16:53:30Z</time>
      </trkpt>
      <trkpt lat="33.58931" lon="-117.77634">
        <ele>261.67</ele>
        <time>2026-06-30T16:53:33Z</time>
      </trkpt>
      <trkpt lat="33.58934" lon="-117.77634">
        <ele>261.19</ele>
        <time>2026-06-30T16:53:37Z</time>
      </trkpt>
      <trkpt lat="33.58937" lon="-117.77633">
        <ele>260.75</ele>
        <time>2026-06-30T16:53:41Z</time>
      </trkpt>
      <trkpt lat="33.58939" lon="-117.77631">
        <ele>260.3</ele>
        <time>2026-06-30T16:53:44Z</time>
      </trkpt>
      <trkpt lat="33.58942" lon="-117.77629">
        <ele>259.51</ele>
        <time>2026-06-30T16:53:47Z</time>
      </trkpt>
      <trkpt lat="33.58944" lon="-117.77626">
        <ele>259.08</ele>
        <time>2026-06-30T16:53:50Z</time>
      </trkpt>
      <trkpt lat="33.58947" lon="-117.77624">
        <ele>258.83</ele>
        <time>2026-06-30T16:53:53Z</time>
      </trkpt>
      <trkpt lat="33.58949" lon="-117.77621">
        <ele>258.54</ele>
        <time>2026-06-30T16:53:56Z</time>
      </trkpt>
      <trkpt lat="33.58951" lon="-117.77618">
        <ele>258.04</ele>
        <time>2026-06-30T16:53:59Z</time>
      </trkpt>
      <trkpt lat="33.58953" lon="-117.77616">
        <ele>257.6</ele>
        <time>2026-06-30T16:54:02Z</time>
      </trkpt>
      <trkpt lat="33.58955" lon="-117.77614">
        <ele>257.17</ele>
        <time>2026-06-30T16:54:05Z</time>
      </trkpt>
      <trkpt lat="33.58958" lon="-117.77611">
        <ele>256.53</ele>
        <time>2026-06-30T16:54:08Z</time>
      </trkpt>
      <trkpt lat="33.5896" lon="-117.77609">
        <ele>256.16</ele>
        <time>2026-06-30T16:54:11Z</time>
      </trkpt>
      <trkpt lat="33.58963" lon="-117.77607">
        <ele>255.55</ele>
        <time>2026-06-30T16:54:15Z</time>
      </trkpt>
      <trkpt lat="33.58965" lon="-117.77605">
        <ele>255.12</ele>
        <time>2026-06-30T16:54:18Z</time>
      </trkpt>
      <trkpt lat="33.58967" lon="-117.77603">
        <ele>254.69</ele>
        <time>2026-06-30T16:54:21Z</time>
      </trkpt>
      <trkpt lat="33.5897" lon="-117.77601">
        <ele>254.17</ele>
        <time>2026-06-30T16:54:25Z</time>
      </trkpt>
      <trkpt lat="33.58973" lon="-117.77599">
        <ele>253.63</ele>
        <time>2026-06-30T16:54:28Z</time>
      </trkpt>
      <trkpt lat="33.58975" lon="-117.77597">
        <ele>253.33</ele>
        <time>2026-06-30T16:54:31Z</time>
      </trkpt>
      <trkpt lat="33.58977" lon="-117.77595">
        <ele>253.13</ele>
        <time>2026-06-30T16:54:34Z</time>
      </trkpt>
      <trkpt lat="33.5898" lon="-117.77593">
        <ele>253.01</ele>
        <time>2026-06-30T16:54:37Z</time>
      </trkpt>
      <trkpt lat="33.58982" lon="-117.77591">
        <ele>252.73</ele>
        <time>2026-06-30T16:54:40Z</time>
      </trkpt>
      <trkpt lat="33.58985" lon="-117.77589">
        <ele>252.0</ele>
        <time>2026-06-30T16:54:43Z</time>
      </trkpt>
      <trkpt lat="33.58987" lon="-117.77587">
        <ele>251.56</ele>
        <time>2026-06-30T16:54:46Z</time>
      </trkpt>
      <trkpt lat="33.5899" lon="-117.77585">
        <ele>251.09</ele>
        <time>2026-06-30T16:54:49Z</time>
      </trkpt>
      <trkpt lat="33.58992" lon="-117.77582">
        <ele>250.74</ele>
        <time>2026-06-30T16:54:52Z</time>
      </trkpt>
      <trkpt lat="33.58997" lon="-117.7758">
        <ele>250.21</ele>
        <time>2026-06-30T16:54:55Z</time>
      </trkpt>
      <trkpt lat="33.59001" lon="-117.77579">
        <ele>249.89</ele>
        <time>2026-06-30T16:54:57Z</time>
      </trkpt>
      <trkpt lat="33.59004" lon="-117.77578">
        <ele>249.57</ele>
        <time>2026-06-30T16:54:59Z</time>
      </trkpt>
      <trkpt lat="33.59007" lon="-117.77577">
        <ele>249.24</ele>
        <time>2026-06-30T16:55:01Z</time>
      </trkpt>
      <trkpt lat="33.5901" lon="-117.77575">
        <ele>249.0</ele>
        <time>2026-06-30T16:55:03Z</time>
      </trkpt>
      <trkpt lat="33.59013" lon="-117.77574">
        <ele>248.99</ele>
        <time>2026-06-30T16:55:05Z</time>
      </trkpt>
      <trkpt lat="33.59017" lon="-117.77574">
        <ele>248.99</ele>
        <time>2026-06-30T16:55:08Z</time>
      </trkpt>
      <trkpt lat="33.5902" lon="-117.77576">
        <ele>248.84</ele>
        <time>2026-06-30T16:55:11Z</time>
      </trkpt>
      <trkpt lat="33.59022" lon="-117.77577">
        <ele>248.62</ele>
        <time>2026-06-30T16:55:13Z</time>
      </trkpt>
      <trkpt lat="33.59025" lon="-117.77581">
        <ele>248.3</ele>
        <time>2026-06-30T16:55:16Z</time>
      </trkpt>
      <trkpt lat="33.59024" lon="-117.77585">
        <ele>248.41</ele>
        <time>2026-06-30T16:55:19Z</time>
      </trkpt>
      <trkpt lat="33.59023" lon="-117.77589">
        <ele>248.52</ele>
        <time>2026-06-30T16:55:22Z</time>
      </trkpt>
      <trkpt lat="33.59023" lon="-117.77593">
        <ele>248.54</ele>
        <time>2026-06-30T16:55:25Z</time>
      </trkpt>
      <trkpt lat="33.59023" lon="-117.77597">
        <ele>248.76</ele>
        <time>2026-06-30T16:55:28Z</time>
      </trkpt>
      <trkpt lat="33.59024" lon="-117.77601">
        <ele>248.78</ele>
        <time>2026-06-30T16:55:31Z</time>
      </trkpt>
      <trkpt lat="33.59025" lon="-117.77605">
        <ele>248.84</ele>
        <time>2026-06-30T16:55:34Z</time>
      </trkpt>
      <trkpt lat="33.59025" lon="-117.77609">
        <ele>249.14</ele>
        <time>2026-06-30T16:55:37Z</time>
      </trkpt>
      <trkpt lat="33.59026" lon="-117.77613">
        <ele>249.4</ele>
        <time>2026-06-30T16:55:40Z</time>
      </trkpt>
      <trkpt lat="33.59026" lon="-117.77617">
        <ele>249.83</ele>
        <time>2026-06-30T16:55:43Z</time>
      </trkpt>
      <trkpt lat="33.59027" lon="-117.77621">
        <ele>250.15</ele>
        <time>2026-06-30T16:55:46Z</time>
      </trkpt>
      <trkpt lat="33.59028" lon="-117.77624">
        <ele>250.36</ele>
        <time>2026-06-30T16:55:49Z</time>
      </trkpt>
      <trkpt lat="33.5903" lon="-117.77628">
        <ele>250.39</ele>
        <time>2026-06-30T16:55:52Z</time>
      </trkpt>
      <trkpt lat="33.59032" lon="-117.7763">
        <ele>250.15</ele>
        <time>2026-06-30T16:55:54Z</time>
      </trkpt>
      <trkpt lat="33.59034" lon="-117.77633">
        <ele>250.14</ele>
        <time>2026-06-30T16:55:56Z</time>
      </trkpt>
      <trkpt lat="33.59036" lon="-117.77635">
        <ele>249.87</ele>
        <time>2026-06-30T16:55:58Z</time>
      </trkpt>
      <trkpt lat="33.59039" lon="-117.77638">
        <ele>249.5</ele>
        <time>2026-06-30T16:56:01Z</time>
      </trkpt>
      <trkpt lat="33.59042" lon="-117.7764">
        <ele>249.17</ele>
        <time>2026-06-30T16:56:04Z</time>
      </trkpt>
      <trkpt lat="33.59044" lon="-117.77641">
        <ele>248.95</ele>
        <time>2026-06-30T16:56:07Z</time>
      </trkpt>
      <trkpt lat="33.59047" lon="-117.77642">
        <ele>248.54</ele>
        <time>2026-06-30T16:56:10Z</time>
      </trkpt>
      <trkpt lat="33.5905" lon="-117.77643">
        <ele>248.13</ele>
        <time>2026-06-30T16:56:13Z</time>
      </trkpt>
      <trkpt lat="33.59052" lon="-117.77644">
        <ele>247.81</ele>
        <time>2026-06-30T16:56:16Z</time>
      </trkpt>
      <trkpt lat="33.59055" lon="-117.77646">
        <ele>247.15</ele>
        <time>2026-06-30T16:56:19Z</time>
      </trkpt>
      <trkpt lat="33.59058" lon="-117.77647">
        <ele>246.7</ele>
        <time>2026-06-30T16:56:22Z</time>
      </trkpt>
      <trkpt lat="33.59061" lon="-117.77648">
        <ele>246.4</ele>
        <time>2026-06-30T16:56:25Z</time>
      </trkpt>
      <trkpt lat="33.59064" lon="-117.77649">
        <ele>246.28</ele>
        <time>2026-06-30T16:56:28Z</time>
      </trkpt>
      <trkpt lat="33.59067" lon="-117.77651">
        <ele>246.07</ele>
        <time>2026-06-30T16:56:31Z</time>
      </trkpt>
      <trkpt lat="33.5907" lon="-117.77652">
        <ele>245.48</ele>
        <time>2026-06-30T16:56:34Z</time>
      </trkpt>
      <trkpt lat="33.59073" lon="-117.77653">
        <ele>244.82</ele>
        <time>2026-06-30T16:56:37Z</time>
      </trkpt>
      <trkpt lat="33.59076" lon="-117.77654">
        <ele>244.42</ele>
        <time>2026-06-30T16:56:40Z</time>
      </trkpt>
      <trkpt lat="33.59079" lon="-117.77656">
        <ele>244.32</ele>
        <time>2026-06-30T16:56:43Z</time>
      </trkpt>
      <trkpt lat="33.59082" lon="-117.77657">
        <ele>244.1</ele>
        <time>2026-06-30T16:56:46Z</time>
      </trkpt>
      <trkpt lat="33.59086" lon="-117.77658">
        <ele>244.14</ele>
        <time>2026-06-30T16:56:49Z</time>
      </trkpt>
      <trkpt lat="33.59089" lon="-117.7766">
        <ele>244.33</ele>
        <time>2026-06-30T16:56:52Z</time>
      </trkpt>
      <trkpt lat="33.59093" lon="-117.77661">
        <ele>243.94</ele>
        <time>2026-06-30T16:56:55Z</time>
      </trkpt>
      <trkpt lat="33.59096" lon="-117.77662">
        <ele>243.45</ele>
        <time>2026-06-30T16:56:58Z</time>
      </trkpt>
      <trkpt lat="33.59099" lon="-117.77664">
        <ele>242.82</ele>
        <time>2026-06-30T16:57:01Z</time>
      </trkpt>
      <trkpt lat="33.59103" lon="-117.77665">
        <ele>242.03</ele>
        <time>2026-06-30T16:57:04Z</time>
      </trkpt>
      <trkpt lat="33.59106" lon="-117.77666">
        <ele>241.59</ele>
        <time>2026-06-30T16:57:07Z</time>
      </trkpt>
      <trkpt lat="33.5911" lon="-117.77668">
        <ele>241.55</ele>
        <time>2026-06-30T16:57:10Z</time>
      </trkpt>
      <trkpt lat="33.59113" lon="-117.77669">
        <ele>241.45</ele>
        <time>2026-06-30T16:57:13Z</time>
      </trkpt>
      <trkpt lat="33.59117" lon="-117.7767">
        <ele>240.99</ele>
        <time>2026-06-30T16:57:16Z</time>
      </trkpt>
      <trkpt lat="33.5912" lon="-117.77671">
        <ele>240.55</ele>
        <time>2026-06-30T16:57:19Z</time>
      </trkpt>
      <trkpt lat="33.59123" lon="-117.7767">
        <ele>240.46</ele>
        <time>2026-06-30T16:57:22Z</time>
      </trkpt>
      <trkpt lat="33.59126" lon="-117.77668">
        <ele>240.23</ele>
        <time>2026-06-30T16:57:24Z</time>
      </trkpt>
      <trkpt lat="33.59128" lon="-117.77666">
        <ele>239.74</ele>
        <time>2026-06-30T16:57:26Z</time>
      </trkpt>
      <trkpt lat="33.59131" lon="-117.77664">
        <ele>239.08</ele>
        <time>2026-06-30T16:57:29Z</time>
      </trkpt>
      <trkpt lat="33.59134" lon="-117.77662">
        <ele>238.93</ele>
        <time>2026-06-30T16:57:32Z</time>
      </trkpt>
      <trkpt lat="33.59138" lon="-117.7766">
        <ele>239.33</ele>
        <time>2026-06-30T16:57:35Z</time>
      </trkpt>
      <trkpt lat="33.59141" lon="-117.77658">
        <ele>239.6</ele>
        <time>2026-06-30T16:57:38Z</time>
      </trkpt>
      <trkpt lat="33.59144" lon="-117.77657">
        <ele>239.99</ele>
        <time>2026-06-30T16:57:41Z</time>
      </trkpt>
      <trkpt lat="33.59147" lon="-117.77656">
        <ele>240.31</ele>
        <time>2026-06-30T16:57:44Z</time>
      </trkpt>
      <trkpt lat="33.59151" lon="-117.77656">
        <ele>240.9</ele>
        <time>2026-06-30T16:57:47Z</time>
      </trkpt>
      <trkpt lat="33.59154" lon="-117.77656">
        <ele>241.27</ele>
        <time>2026-06-30T16:57:50Z</time>
      </trkpt>
      <trkpt lat="33.59157" lon="-117.77655">
        <ele>241.42</ele>
        <time>2026-06-30T16:57:53Z</time>
      </trkpt>
      <trkpt lat="33.5916" lon="-117.77655">
        <ele>241.48</ele>
        <time>2026-06-30T16:57:56Z</time>
      </trkpt>
      <trkpt lat="33.59163" lon="-117.77654">
        <ele>241.26</ele>
        <time>2026-06-30T16:57:59Z</time>
      </trkpt>
      <trkpt lat="33.59166" lon="-117.77653">
        <ele>241.05</ele>
        <time>2026-06-30T16:58:02Z</time>
      </trkpt>
      <trkpt lat="33.59169" lon="-117.77652">
        <ele>240.83</ele>
        <time>2026-06-30T16:58:05Z</time>
      </trkpt>
      <trkpt lat="33.59172" lon="-117.77651">
        <ele>240.62</ele>
        <time>2026-06-30T16:58:08Z</time>
      </trkpt>
      <trkpt lat="33.59174" lon="-117.77649">
        <ele>240.18</ele>
        <time>2026-06-30T16:58:11Z</time>
      </trkpt>
      <trkpt lat="33.59176" lon="-117.77646">
        <ele>239.53</ele>
        <time>2026-06-30T16:58:14Z</time>
      </trkpt>
      <trkpt lat="33.59178" lon="-117.77642">
        <ele>238.6</ele>
        <time>2026-06-30T16:58:17Z</time>
      </trkpt>
      <trkpt lat="33.5918" lon="-117.77639">
        <ele>238.02</ele>
        <time>2026-06-30T16:58:20Z</time>
      </trkpt>
      <trkpt lat="33.59181" lon="-117.77635">
        <ele>237.39</ele>
        <time>2026-06-30T16:58:23Z</time>
      </trkpt>
      <trkpt lat="33.59184" lon="-117.77631">
        <ele>237.04</ele>
        <time>2026-06-30T16:58:26Z</time>
      </trkpt>
      <trkpt lat="33.59186" lon="-117.77628">
        <ele>236.75</ele>
        <time>2026-06-30T16:58:29Z</time>
      </trkpt>
      <trkpt lat="33.59188" lon="-117.77625">
        <ele>236.46</ele>
        <time>2026-06-30T16:58:32Z</time>
      </trkpt>
      <trkpt lat="33.59189" lon="-117.77621">
        <ele>235.93</ele>
        <time>2026-06-30T16:58:35Z</time>
      </trkpt>
      <trkpt lat="33.59191" lon="-117.77617">
        <ele>236.12</ele>
        <time>2026-06-30T16:58:38Z</time>
      </trkpt>
      <trkpt lat="33.59193" lon="-117.77613">
        <ele>236.56</ele>
        <time>2026-06-30T16:58:41Z</time>
      </trkpt>
      <trkpt lat="33.59195" lon="-117.7761">
        <ele>236.65</ele>
        <time>2026-06-30T16:58:44Z</time>
      </trkpt>
      <trkpt lat="33.59197" lon="-117.77607">
        <ele>235.81</ele>
        <time>2026-06-30T16:58:47Z</time>
      </trkpt>
      <trkpt lat="33.59199" lon="-117.77604">
        <ele>235.24</ele>
        <time>2026-06-30T16:58:50Z</time>
      </trkpt>
      <trkpt lat="33.59201" lon="-117.77601">
        <ele>234.79</ele>
        <time>2026-06-30T16:58:53Z</time>
      </trkpt>
      <trkpt lat="33.59204" lon="-117.77599">
        <ele>234.33</ele>
        <time>2026-06-30T16:58:56Z</time>
      </trkpt>
      <trkpt lat="33.59207" lon="-117.77599">
        <ele>233.78</ele>
        <time>2026-06-30T16:59:00Z</time>
      </trkpt>
      <trkpt lat="33.5921" lon="-117.77598">
        <ele>233.09</ele>
        <time>2026-06-30T16:59:04Z</time>
      </trkpt>
      <trkpt lat="33.59213" lon="-117.77597">
        <ele>232.47</ele>
        <time>2026-06-30T16:59:08Z</time>
      </trkpt>
      <trkpt lat="33.59216" lon="-117.77596">
        <ele>231.92</ele>
        <time>2026-06-30T16:59:11Z</time>
      </trkpt>
      <trkpt lat="33.5922" lon="-117.77595">
        <ele>231.3</ele>
        <time>2026-06-30T16:59:14Z</time>
      </trkpt>
      <trkpt lat="33.59223" lon="-117.77595">
        <ele>230.83</ele>
        <time>2026-06-30T16:59:16Z</time>
      </trkpt>
      <trkpt lat="33.59227" lon="-117.77596">
        <ele>229.97</ele>
        <time>2026-06-30T16:59:18Z</time>
      </trkpt>
      <trkpt lat="33.59229" lon="-117.77596">
        <ele>229.54</ele>
        <time>2026-06-30T16:59:20Z</time>
      </trkpt>
      <trkpt lat="33.59233" lon="-117.77596">
        <ele>228.73</ele>
        <time>2026-06-30T16:59:23Z</time>
      </trkpt>
      <trkpt lat="33.59236" lon="-117.77598">
        <ele>228.31</ele>
        <time>2026-06-30T16:59:26Z</time>
      </trkpt>
      <trkpt lat="33.59239" lon="-117.77599">
        <ele>227.94</ele>
        <time>2026-06-30T16:59:29Z</time>
      </trkpt>
      <trkpt lat="33.59243" lon="-117.77601">
        <ele>227.64</ele>
        <time>2026-06-30T16:59:32Z</time>
      </trkpt>
      <trkpt lat="33.59246" lon="-117.77602">
        <ele>227.46</ele>
        <time>2026-06-30T16:59:35Z</time>
      </trkpt>
      <trkpt lat="33.59249" lon="-117.77602">
        <ele>227.14</ele>
        <time>2026-06-30T16:59:38Z</time>
      </trkpt>
      <trkpt lat="33.59252" lon="-117.77602">
        <ele>226.6</ele>
        <time>2026-06-30T16:59:41Z</time>
      </trkpt>
      <trkpt lat="33.59256" lon="-117.77603">
        <ele>225.95</ele>
        <time>2026-06-30T16:59:44Z</time>
      </trkpt>
      <trkpt lat="33.59259" lon="-117.77603">
        <ele>225.3</ele>
        <time>2026-06-30T16:59:47Z</time>
      </trkpt>
      <trkpt lat="33.59262" lon="-117.77604">
        <ele>224.8</ele>
        <time>2026-06-30T16:59:50Z</time>
      </trkpt>
      <trkpt lat="33.59266" lon="-117.77606">
        <ele>224.11</ele>
        <time>2026-06-30T16:59:53Z</time>
      </trkpt>
      <trkpt lat="33.59269" lon="-117.77608">
        <ele>223.56</ele>
        <time>2026-06-30T16:59:56Z</time>
      </trkpt>
      <trkpt lat="33.59272" lon="-117.77609">
        <ele>223.14</ele>
        <time>2026-06-30T16:59:59Z</time>
      </trkpt>
      <trkpt lat="33.59276" lon="-117.77609">
        <ele>222.41</ele>
        <time>2026-06-30T17:00:02Z</time>
      </trkpt>
      <trkpt lat="33.59279" lon="-117.77607">
        <ele>221.28</ele>
        <time>2026-06-30T17:00:05Z</time>
      </trkpt>
      <trkpt lat="33.59282" lon="-117.77605">
        <ele>220.66</ele>
        <time>2026-06-30T17:00:09Z</time>
      </trkpt>
      <trkpt lat="33.59284" lon="-117.77603">
        <ele>220.08</ele>
        <time>2026-06-30T17:00:12Z</time>
      </trkpt>
      <trkpt lat="33.59287" lon="-117.77601">
        <ele>219.63</ele>
        <time>2026-06-30T17:00:15Z</time>
      </trkpt>
      <trkpt lat="33.5929" lon="-117.776">
        <ele>218.94</ele>
        <time>2026-06-30T17:00:18Z</time>
      </trkpt>
      <trkpt lat="33.59292" lon="-117.77599">
        <ele>218.4</ele>
        <time>2026-06-30T17:00:21Z</time>
      </trkpt>
      <trkpt lat="33.59295" lon="-117.77599">
        <ele>218.17</ele>
        <time>2026-06-30T17:00:24Z</time>
      </trkpt>
      <trkpt lat="33.59298" lon="-117.77597">
        <ele>217.24</ele>
        <time>2026-06-30T17:00:27Z</time>
      </trkpt>
      <trkpt lat="33.59301" lon="-117.77596">
        <ele>216.6</ele>
        <time>2026-06-30T17:00:30Z</time>
      </trkpt>
      <trkpt lat="33.59304" lon="-117.77595">
        <ele>215.95</ele>
        <time>2026-06-30T17:00:33Z</time>
      </trkpt>
      <trkpt lat="33.59307" lon="-117.77594">
        <ele>215.46</ele>
        <time>2026-06-30T17:00:36Z</time>
      </trkpt>
      <trkpt lat="33.5931" lon="-117.77593">
        <ele>215.13</ele>
        <time>2026-06-30T17:00:39Z</time>
      </trkpt>
      <trkpt lat="33.59313" lon="-117.77592">
        <ele>214.81</ele>
        <time>2026-06-30T17:00:42Z</time>
      </trkpt>
      <trkpt lat="33.59316" lon="-117.77591">
        <ele>214.36</ele>
        <time>2026-06-30T17:00:45Z</time>
      </trkpt>
      <trkpt lat="33.59319" lon="-117.7759">
        <ele>213.71</ele>
        <time>2026-06-30T17:00:48Z</time>
      </trkpt>
      <trkpt lat="33.59322" lon="-117.77589">
        <ele>213.06</ele>
        <time>2026-06-30T17:00:51Z</time>
      </trkpt>
      <trkpt lat="33.59325" lon="-117.77588">
        <ele>212.41</ele>
        <time>2026-06-30T17:00:54Z</time>
      </trkpt>
      <trkpt lat="33.59328" lon="-117.77587">
        <ele>211.85</ele>
        <time>2026-06-30T17:00:57Z</time>
      </trkpt>
      <trkpt lat="33.59331" lon="-117.77586">
        <ele>211.43</ele>
        <time>2026-06-30T17:01:00Z</time>
      </trkpt>
      <trkpt lat="33.59335" lon="-117.77586">
        <ele>211.11</ele>
        <time>2026-06-30T17:01:03Z</time>
      </trkpt>
      <trkpt lat="33.59338" lon="-117.77585">
        <ele>210.68</ele>
        <time>2026-06-30T17:01:06Z</time>
      </trkpt>
      <trkpt lat="33.59341" lon="-117.77585">
        <ele>210.35</ele>
        <time>2026-06-30T17:01:09Z</time>
      </trkpt>
      <trkpt lat="33.59344" lon="-117.77586">
        <ele>210.14</ele>
        <time>2026-06-30T17:01:12Z</time>
      </trkpt>
      <trkpt lat="33.59347" lon="-117.77586">
        <ele>209.81</ele>
        <time>2026-06-30T17:01:15Z</time>
      </trkpt>
      <trkpt lat="33.5935" lon="-117.77586">
        <ele>209.49</ele>
        <time>2026-06-30T17:01:18Z</time>
      </trkpt>
      <trkpt lat="33.59353" lon="-117.77586">
        <ele>209.16</ele>
        <time>2026-06-30T17:01:21Z</time>
      </trkpt>
      <trkpt lat="33.59356" lon="-117.77585">
        <ele>208.73</ele>
        <time>2026-06-30T17:01:24Z</time>
      </trkpt>
      <trkpt lat="33.59359" lon="-117.77584">
        <ele>208.3</ele>
        <time>2026-06-30T17:01:27Z</time>
      </trkpt>
      <trkpt lat="33.59362" lon="-117.77584">
        <ele>207.89</ele>
        <time>2026-06-30T17:01:30Z</time>
      </trkpt>
      <trkpt lat="33.59365" lon="-117.77583">
        <ele>207.12</ele>
        <time>2026-06-30T17:01:33Z</time>
      </trkpt>
      <trkpt lat="33.59368" lon="-117.77582">
        <ele>206.44</ele>
        <time>2026-06-30T17:01:36Z</time>
      </trkpt>
      <trkpt lat="33.59371" lon="-117.7758">
        <ele>205.93</ele>
        <time>2026-06-30T17:01:39Z</time>
      </trkpt>
      <trkpt lat="33.59374" lon="-117.77578">
        <ele>205.61</ele>
        <time>2026-06-30T17:01:42Z</time>
      </trkpt>
      <trkpt lat="33.59377" lon="-117.77576">
        <ele>205.28</ele>
        <time>2026-06-30T17:01:45Z</time>
      </trkpt>
      <trkpt lat="33.5938" lon="-117.77573">
        <ele>204.66</ele>
        <time>2026-06-30T17:01:48Z</time>
      </trkpt>
      <trkpt lat="33.59383" lon="-117.77571">
        <ele>203.49</ele>
        <time>2026-06-30T17:01:51Z</time>
      </trkpt>
      <trkpt lat="33.59386" lon="-117.7757">
        <ele>202.66</ele>
        <time>2026-06-30T17:01:54Z</time>
      </trkpt>
      <trkpt lat="33.59389" lon="-117.77569">
        <ele>201.99</ele>
        <time>2026-06-30T17:01:57Z</time>
      </trkpt>
      <trkpt lat="33.59392" lon="-117.77567">
        <ele>201.74</ele>
        <time>2026-06-30T17:02:00Z</time>
      </trkpt>
      <trkpt lat="33.59394" lon="-117.77565">
        <ele>201.46</ele>
        <time>2026-06-30T17:02:03Z</time>
      </trkpt>
      <trkpt lat="33.59397" lon="-117.77563">
        <ele>200.93</ele>
        <time>2026-06-30T17:02:06Z</time>
      </trkpt>
      <trkpt lat="33.594" lon="-117.77562">
        <ele>200.56</ele>
        <time>2026-06-30T17:02:09Z</time>
      </trkpt>
      <trkpt lat="33.59403" lon="-117.77563">
        <ele>200.38</ele>
        <time>2026-06-30T17:02:12Z</time>
      </trkpt>
      <trkpt lat="33.59406" lon="-117.77566">
        <ele>200.17</ele>
        <time>2026-06-30T17:02:15Z</time>
      </trkpt>
      <trkpt lat="33.59409" lon="-117.77567">
        <ele>199.57</ele>
        <time>2026-06-30T17:02:18Z</time>
      </trkpt>
      <trkpt lat="33.59411" lon="-117.77568">
        <ele>198.96</ele>
        <time>2026-06-30T17:02:21Z</time>
      </trkpt>
      <trkpt lat="33.59413" lon="-117.7757">
        <ele>198.12</ele>
        <time>2026-06-30T17:02:26Z</time>
      </trkpt>
      <trkpt lat="33.59415" lon="-117.77572">
        <ele>197.09</ele>
        <time>2026-06-30T17:02:30Z</time>
      </trkpt>
      <trkpt lat="33.59417" lon="-117.77575">
        <ele>195.92</ele>
        <time>2026-06-30T17:02:34Z</time>
      </trkpt>
      <trkpt lat="33.59418" lon="-117.77578">
        <ele>195.65</ele>
        <time>2026-06-30T17:02:37Z</time>
      </trkpt>
      <trkpt lat="33.59419" lon="-117.77582">
        <ele>195.28</ele>
        <time>2026-06-30T17:02:40Z</time>
      </trkpt>
      <trkpt lat="33.59421" lon="-117.77586">
        <ele>194.31</ele>
        <time>2026-06-30T17:02:43Z</time>
      </trkpt>
      <trkpt lat="33.59422" lon="-117.7759">
        <ele>193.55</ele>
        <time>2026-06-30T17:02:46Z</time>
      </trkpt>
      <trkpt lat="33.59422" lon="-117.77593">
        <ele>193.23</ele>
        <time>2026-06-30T17:02:49Z</time>
      </trkpt>
      <trkpt lat="33.59422" lon="-117.77597">
        <ele>192.8</ele>
        <time>2026-06-30T17:02:52Z</time>
      </trkpt>
      <trkpt lat="33.59421" lon="-117.776">
        <ele>192.8</ele>
        <time>2026-06-30T17:02:55Z</time>
      </trkpt>
      <trkpt lat="33.5942" lon="-117.77604">
        <ele>192.84</ele>
        <time>2026-06-30T17:02:58Z</time>
      </trkpt>
      <trkpt lat="33.5942" lon="-117.77609">
        <ele>192.64</ele>
        <time>2026-06-30T17:03:01Z</time>
      </trkpt>
      <trkpt lat="33.59419" lon="-117.77613">
        <ele>192.53</ele>
        <time>2026-06-30T17:03:04Z</time>
      </trkpt>
      <trkpt lat="33.59418" lon="-117.77617">
        <ele>192.06</ele>
        <time>2026-06-30T17:03:07Z</time>
      </trkpt>
      <trkpt lat="33.59417" lon="-117.77621">
        <ele>191.69</ele>
        <time>2026-06-30T17:03:10Z</time>
      </trkpt>
      <trkpt lat="33.59417" lon="-117.77625">
        <ele>190.84</ele>
        <time>2026-06-30T17:03:13Z</time>
      </trkpt>
      <trkpt lat="33.59416" lon="-117.7763">
        <ele>190.35</ele>
        <time>2026-06-30T17:03:16Z</time>
      </trkpt>
      <trkpt lat="33.59416" lon="-117.77634">
        <ele>190.29</ele>
        <time>2026-06-30T17:03:19Z</time>
      </trkpt>
      <trkpt lat="33.59415" lon="-117.77638">
        <ele>190.57</ele>
        <time>2026-06-30T17:03:22Z</time>
      </trkpt>
      <trkpt lat="33.59414" lon="-117.77642">
        <ele>190.53</ele>
        <time>2026-06-30T17:03:25Z</time>
      </trkpt>
      <trkpt lat="33.59413" lon="-117.77646">
        <ele>190.42</ele>
        <time>2026-06-30T17:03:28Z</time>
      </trkpt>
      <trkpt lat="33.59412" lon="-117.7765">
        <ele>190.01</ele>
        <time>2026-06-30T17:03:31Z</time>
      </trkpt>
      <trkpt lat="33.59411" lon="-117.77654">
        <ele>189.33</ele>
        <time>2026-06-30T17:03:34Z</time>
      </trkpt>
      <trkpt lat="33.5941" lon="-117.77658">
        <ele>188.8</ele>
        <time>2026-06-30T17:03:37Z</time>
      </trkpt>
      <trkpt lat="33.59409" lon="-117.77662">
        <ele>188.73</ele>
        <time>2026-06-30T17:03:40Z</time>
      </trkpt>
      <trkpt lat="33.59408" lon="-117.77666">
        <ele>188.76</ele>
        <time>2026-06-30T17:03:43Z</time>
      </trkpt>
      <trkpt lat="33.59406" lon="-117.7767">
        <ele>190.02</ele>
        <time>2026-06-30T17:03:46Z</time>
      </trkpt>
      <trkpt lat="33.59405" lon="-117.77674">
        <ele>191.04</ele>
        <time>2026-06-30T17:03:49Z</time>
      </trkpt>
      <trkpt lat="33.59404" lon="-117.77677">
        <ele>191.84</ele>
        <time>2026-06-30T17:03:52Z</time>
      </trkpt>
      <trkpt lat="33.59403" lon="-117.7768">
        <ele>192.38</ele>
        <time>2026-06-30T17:03:55Z</time>
      </trkpt>
      <trkpt lat="33.59402" lon="-117.77684">
        <ele>192.92</ele>
        <time>2026-06-30T17:03:58Z</time>
      </trkpt>
      <trkpt lat="33.59403" lon="-117.77687">
        <ele>192.39</ele>
        <time>2026-06-30T17:04:05Z</time>
      </trkpt>
      <trkpt lat="33.59406" lon="-117.77689">
        <ele>191.05</ele>
        <time>2026-06-30T17:04:08Z</time>
      </trkpt>
      <trkpt lat="33.59409" lon="-117.77689">
        <ele>190.34</ele>
        <time>2026-06-30T17:04:11Z</time>
      </trkpt>
      <trkpt lat="33.59412" lon="-117.77689">
        <ele>190.21</ele>
        <time>2026-06-30T17:04:14Z</time>
      </trkpt>
      <trkpt lat="33.59415" lon="-117.77689">
        <ele>190.07</ele>
        <time>2026-06-30T17:04:17Z</time>
      </trkpt>
      <trkpt lat="33.59418" lon="-117.77688">
        <ele>189.9</ele>
        <time>2026-06-30T17:04:20Z</time>
      </trkpt>
      <trkpt lat="33.59421" lon="-117.77687">
        <ele>189.62</ele>
        <time>2026-06-30T17:04:23Z</time>
      </trkpt>
      <trkpt lat="33.59424" lon="-117.77686">
        <ele>189.28</ele>
        <time>2026-06-30T17:04:26Z</time>
      </trkpt>
      <trkpt lat="33.59428" lon="-117.77685">
        <ele>188.71</ele>
        <time>2026-06-30T17:04:29Z</time>
      </trkpt>
      <trkpt lat="33.59431" lon="-117.77684">
        <ele>188.22</ele>
        <time>2026-06-30T17:04:32Z</time>
      </trkpt>
      <trkpt lat="33.59434" lon="-117.77683">
        <ele>188.01</ele>
        <time>2026-06-30T17:04:35Z</time>
      </trkpt>
      <trkpt lat="33.59437" lon="-117.77682">
        <ele>187.93</ele>
        <time>2026-06-30T17:04:38Z</time>
      </trkpt>
      <trkpt lat="33.5944" lon="-117.77681">
        <ele>187.76</ele>
        <time>2026-06-30T17:04:41Z</time>
      </trkpt>
      <trkpt lat="33.59443" lon="-117.7768">
        <ele>187.53</ele>
        <time>2026-06-30T17:04:44Z</time>
      </trkpt>
      <trkpt lat="33.59445" lon="-117.77679">
        <ele>187.17</ele>
        <time>2026-06-30T17:04:47Z</time>
      </trkpt>
      <trkpt lat="33.59448" lon="-117.77679">
        <ele>186.31</ele>
        <time>2026-06-30T17:04:50Z</time>
      </trkpt>
      <trkpt lat="33.59451" lon="-117.77678">
        <ele>185.26</ele>
        <time>2026-06-30T17:04:54Z</time>
      </trkpt>
      <trkpt lat="33.59455" lon="-117.77678">
        <ele>184.17</ele>
        <time>2026-06-30T17:04:58Z</time>
      </trkpt>
      <trkpt lat="33.59458" lon="-117.77677">
        <ele>183.3</ele>
        <time>2026-06-30T17:05:02Z</time>
      </trkpt>
      <trkpt lat="33.5946" lon="-117.77676">
        <ele>182.66</ele>
        <time>2026-06-30T17:05:08Z</time>
      </trkpt>
      <trkpt lat="33.59463" lon="-117.77673">
        <ele>181.36</ele>
        <time>2026-06-30T17:05:13Z</time>
      </trkpt>
      <trkpt lat="33.59464" lon="-117.7767">
        <ele>180.61</ele>
        <time>2026-06-30T17:05:15Z</time>
      </trkpt>
      <trkpt lat="33.59466" lon="-117.77667">
        <ele>179.74</ele>
        <time>2026-06-30T17:05:17Z</time>
      </trkpt>
      <trkpt lat="33.59468" lon="-117.77664">
        <ele>179.01</ele>
        <time>2026-06-30T17:05:20Z</time>
      </trkpt>
      <trkpt lat="33.5947" lon="-117.77661">
        <ele>178.16</ele>
        <time>2026-06-30T17:05:23Z</time>
      </trkpt>
      <trkpt lat="33.59471" lon="-117.77658">
        <ele>177.38</ele>
        <time>2026-06-30T17:05:26Z</time>
      </trkpt>
      <trkpt lat="33.59472" lon="-117.77655">
        <ele>176.78</ele>
        <time>2026-06-30T17:05:29Z</time>
      </trkpt>
      <trkpt lat="33.59472" lon="-117.77651">
        <ele>176.32</ele>
        <time>2026-06-30T17:05:33Z</time>
      </trkpt>
      <trkpt lat="33.59473" lon="-117.77648">
        <ele>176.08</ele>
        <time>2026-06-30T17:05:36Z</time>
      </trkpt>
      <trkpt lat="33.59473" lon="-117.77645">
        <ele>176.0</ele>
        <time>2026-06-30T17:05:39Z</time>
      </trkpt>
      <trkpt lat="33.59474" lon="-117.77641">
        <ele>175.75</ele>
        <time>2026-06-30T17:05:43Z</time>
      </trkpt>
      <trkpt lat="33.59474" lon="-117.77637">
        <ele>175.82</ele>
        <time>2026-06-30T17:05:46Z</time>
      </trkpt>
      <trkpt lat="33.59475" lon="-117.77633">
        <ele>176.04</ele>
        <time>2026-06-30T17:05:49Z</time>
      </trkpt>
      <trkpt lat="33.59475" lon="-117.77629">
        <ele>176.4</ele>
        <time>2026-06-30T17:05:52Z</time>
      </trkpt>
      <trkpt lat="33.59476" lon="-117.77625">
        <ele>176.18</ele>
        <time>2026-06-30T17:05:55Z</time>
      </trkpt>
      <trkpt lat="33.59477" lon="-117.77621">
        <ele>175.97</ele>
        <time>2026-06-30T17:05:57Z</time>
      </trkpt>
      <trkpt lat="33.59478" lon="-117.77617">
        <ele>175.62</ele>
        <time>2026-06-30T17:05:59Z</time>
      </trkpt>
      <trkpt lat="33.59479" lon="-117.77612">
        <ele>175.29</ele>
        <time>2026-06-30T17:06:02Z</time>
      </trkpt>
      <trkpt lat="33.5948" lon="-117.77609">
        <ele>175.16</ele>
        <time>2026-06-30T17:06:05Z</time>
      </trkpt>
      <trkpt lat="33.59481" lon="-117.77606">
        <ele>175.05</ele>
        <time>2026-06-30T17:06:08Z</time>
      </trkpt>
      <trkpt lat="33.59481" lon="-117.77602">
        <ele>175.05</ele>
        <time>2026-06-30T17:06:11Z</time>
      </trkpt>
      <trkpt lat="33.59482" lon="-117.77597">
        <ele>174.39</ele>
        <time>2026-06-30T17:06:14Z</time>
      </trkpt>
      <trkpt lat="33.59482" lon="-117.77593">
        <ele>173.93</ele>
        <time>2026-06-30T17:06:17Z</time>
      </trkpt>
      <trkpt lat="33.59483" lon="-117.77589">
        <ele>173.35</ele>
        <time>2026-06-30T17:06:20Z</time>
      </trkpt>
      <trkpt lat="33.59483" lon="-117.77584">
        <ele>172.9</ele>
        <time>2026-06-30T17:06:23Z</time>
      </trkpt>
      <trkpt lat="33.59484" lon="-117.7758">
        <ele>172.47</ele>
        <time>2026-06-30T17:06:26Z</time>
      </trkpt>
      <trkpt lat="33.59485" lon="-117.77583">
        <ele>172.6</ele>
        <time>2026-06-30T17:06:37Z</time>
      </trkpt>
      <trkpt lat="33.59486" lon="-117.77586">
        <ele>172.66</ele>
        <time>2026-06-30T17:06:44Z</time>
      </trkpt>
      <trkpt lat="33.59484" lon="-117.77584">
        <ele>172.78</ele>
        <time>2026-06-30T17:07:10Z</time>
      </trkpt>
      <trkpt lat="33.59485" lon="-117.77577">
        <ele>172.2</ele>
        <time>2026-06-30T17:15:20Z</time>
      </trkpt>
      <trkpt lat="33.59484" lon="-117.7757">
        <ele>171.88</ele>
        <time>2026-06-30T17:15:25Z</time>
      </trkpt>
      <trkpt lat="33.5948" lon="-117.77567">
        <ele>172.16</ele>
        <time>2026-06-30T17:15:28Z</time>
      </trkpt>
      <trkpt lat="33.59473" lon="-117.77566">
        <ele>172.92</ele>
        <time>2026-06-30T17:15:30Z</time>
      </trkpt>
      <trkpt lat="33.59469" lon="-117.77565">
        <ele>173.02</ele>
        <time>2026-06-30T17:15:32Z</time>
      </trkpt>
      <trkpt lat="33.59464" lon="-117.77563">
        <ele>172.96</ele>
        <time>2026-06-30T17:15:35Z</time>
      </trkpt>
      <trkpt lat="33.5946" lon="-117.77561">
        <ele>174.02</ele>
        <time>2026-06-30T17:15:39Z</time>
      </trkpt>
      <trkpt lat="33.59457" lon="-117.7756">
        <ele>174.91</ele>
        <time>2026-06-30T17:15:42Z</time>
      </trkpt>
      <trkpt lat="33.59454" lon="-117.77558">
        <ele>175.45</ele>
        <time>2026-06-30T17:15:46Z</time>
      </trkpt>
      <trkpt lat="33.5945" lon="-117.77555">
        <ele>176.37</ele>
        <time>2026-06-30T17:15:50Z</time>
      </trkpt>
      <trkpt lat="33.59448" lon="-117.77553">
        <ele>176.3</ele>
        <time>2026-06-30T17:15:54Z</time>
      </trkpt>
      <trkpt lat="33.59445" lon="-117.7755">
        <ele>175.83</ele>
        <time>2026-06-30T17:15:58Z</time>
      </trkpt>
      <trkpt lat="33.59445" lon="-117.77547">
        <ele>174.25</ele>
        <time>2026-06-30T17:16:02Z</time>
      </trkpt>
      <trkpt lat="33.59443" lon="-117.77544">
        <ele>174.48</ele>
        <time>2026-06-30T17:16:05Z</time>
      </trkpt>
      <trkpt lat="33.59441" lon="-117.77541">
        <ele>174.82</ele>
        <time>2026-06-30T17:16:08Z</time>
      </trkpt>
      <trkpt lat="33.59439" lon="-117.77538">
        <ele>174.74</ele>
        <time>2026-06-30T17:16:11Z</time>
      </trkpt>
      <trkpt lat="33.59437" lon="-117.77535">
        <ele>174.34</ele>
        <time>2026-06-30T17:16:13Z</time>
      </trkpt>
      <trkpt lat="33.59436" lon="-117.77531">
        <ele>173.04</ele>
        <time>2026-06-30T17:16:15Z</time>
      </trkpt>
      <trkpt lat="33.59434" lon="-117.77527">
        <ele>173.06</ele>
        <time>2026-06-30T17:16:17Z</time>
      </trkpt>
      <trkpt lat="33.59433" lon="-117.77524">
        <ele>173.62</ele>
        <time>2026-06-30T17:16:19Z</time>
      </trkpt>
      <trkpt lat="33.59431" lon="-117.77521">
        <ele>175.01</ele>
        <time>2026-06-30T17:16:21Z</time>
      </trkpt>
      <trkpt lat="33.5943" lon="-117.77517">
        <ele>175.2</ele>
        <time>2026-06-30T17:16:24Z</time>
      </trkpt>
      <trkpt lat="33.59431" lon="-117.77513">
        <ele>173.81</ele>
        <time>2026-06-30T17:16:27Z</time>
      </trkpt>
      <trkpt lat="33.59432" lon="-117.77509">
        <ele>172.68</ele>
        <time>2026-06-30T17:16:30Z</time>
      </trkpt>
      <trkpt lat="33.59433" lon="-117.77505">
        <ele>171.61</ele>
        <time>2026-06-30T17:16:33Z</time>
      </trkpt>
      <trkpt lat="33.59434" lon="-117.77501">
        <ele>170.63</ele>
        <time>2026-06-30T17:16:36Z</time>
      </trkpt>
      <trkpt lat="33.59435" lon="-117.77498">
        <ele>170.07</ele>
        <time>2026-06-30T17:16:39Z</time>
      </trkpt>
      <trkpt lat="33.59434" lon="-117.77494">
        <ele>170.35</ele>
        <time>2026-06-30T17:16:42Z</time>
      </trkpt>
      <trkpt lat="33.59433" lon="-117.7749">
        <ele>170.37</ele>
        <time>2026-06-30T17:16:45Z</time>
      </trkpt>
      <trkpt lat="33.59432" lon="-117.77486">
        <ele>170.0</ele>
        <time>2026-06-30T17:16:48Z</time>
      </trkpt>
      <trkpt lat="33.59431" lon="-117.77483">
        <ele>169.69</ele>
        <time>2026-06-30T17:16:51Z</time>
      </trkpt>
      <trkpt lat="33.59428" lon="-117.7748">
        <ele>169.62</ele>
        <time>2026-06-30T17:16:53Z</time>
      </trkpt>
      <trkpt lat="33.59426" lon="-117.77477">
        <ele>169.51</ele>
        <time>2026-06-30T17:16:56Z</time>
      </trkpt>
      <trkpt lat="33.59425" lon="-117.77473">
        <ele>169.59</ele>
        <time>2026-06-30T17:16:59Z</time>
      </trkpt>
      <trkpt lat="33.59423" lon="-117.7747">
        <ele>170.1</ele>
        <time>2026-06-30T17:17:02Z</time>
      </trkpt>
      <trkpt lat="33.59422" lon="-117.77466">
        <ele>169.78</ele>
        <time>2026-06-30T17:17:05Z</time>
      </trkpt>
      <trkpt lat="33.59421" lon="-117.77462">
        <ele>169.54</ele>
        <time>2026-06-30T17:17:08Z</time>
      </trkpt>
      <trkpt lat="33.5942" lon="-117.77459">
        <ele>169.53</ele>
        <time>2026-06-30T17:17:11Z</time>
      </trkpt>
      <trkpt lat="33.59419" lon="-117.77456">
        <ele>169.24</ele>
        <time>2026-06-30T17:17:14Z</time>
      </trkpt>
      <trkpt lat="33.59417" lon="-117.77452">
        <ele>168.79</ele>
        <time>2026-06-30T17:17:17Z</time>
      </trkpt>
      <trkpt lat="33.59416" lon="-117.77449">
        <ele>168.67</ele>
        <time>2026-06-30T17:17:20Z</time>
      </trkpt>
      <trkpt lat="33.59413" lon="-117.77445">
        <ele>168.88</ele>
        <time>2026-06-30T17:17:23Z</time>
      </trkpt>
      <trkpt lat="33.59411" lon="-117.77442">
        <ele>168.7</ele>
        <time>2026-06-30T17:17:26Z</time>
      </trkpt>
      <trkpt lat="33.59409" lon="-117.77438">
        <ele>168.26</ele>
        <time>2026-06-30T17:17:29Z</time>
      </trkpt>
      <trkpt lat="33.59407" lon="-117.77435">
        <ele>168.04</ele>
        <time>2026-06-30T17:17:32Z</time>
      </trkpt>
      <trkpt lat="33.59405" lon="-117.77431">
        <ele>168.26</ele>
        <time>2026-06-30T17:17:35Z</time>
      </trkpt>
      <trkpt lat="33.59404" lon="-117.77427">
        <ele>168.37</ele>
        <time>2026-06-30T17:17:38Z</time>
      </trkpt>
      <trkpt lat="33.59402" lon="-117.77424">
        <ele>168.38</ele>
        <time>2026-06-30T17:17:41Z</time>
      </trkpt>
      <trkpt lat="33.59401" lon="-117.7742">
        <ele>168.05</ele>
        <time>2026-06-30T17:17:44Z</time>
      </trkpt>
      <trkpt lat="33.59399" lon="-117.77417">
        <ele>167.94</ele>
        <time>2026-06-30T17:17:47Z</time>
      </trkpt>
      <trkpt lat="33.59398" lon="-117.77413">
        <ele>167.64</ele>
        <time>2026-06-30T17:17:50Z</time>
      </trkpt>
      <trkpt lat="33.59396" lon="-117.7741">
        <ele>167.74</ele>
        <time>2026-06-30T17:17:53Z</time>
      </trkpt>
      <trkpt lat="33.59395" lon="-117.77407">
        <ele>167.67</ele>
        <time>2026-06-30T17:17:56Z</time>
      </trkpt>
      <trkpt lat="33.59394" lon="-117.77403">
        <ele>167.68</ele>
        <time>2026-06-30T17:17:59Z</time>
      </trkpt>
      <trkpt lat="33.59393" lon="-117.774">
        <ele>167.67</ele>
        <time>2026-06-30T17:18:02Z</time>
      </trkpt>
      <trkpt lat="33.59391" lon="-117.77397">
        <ele>167.65</ele>
        <time>2026-06-30T17:18:05Z</time>
      </trkpt>
      <trkpt lat="33.5939" lon="-117.77393">
        <ele>167.32</ele>
        <time>2026-06-30T17:18:08Z</time>
      </trkpt>
      <trkpt lat="33.59389" lon="-117.7739">
        <ele>167.11</ele>
        <time>2026-06-30T17:18:11Z</time>
      </trkpt>
      <trkpt lat="33.59387" lon="-117.77387">
        <ele>167.04</ele>
        <time>2026-06-30T17:18:14Z</time>
      </trkpt>
      <trkpt lat="33.59386" lon="-117.77383">
        <ele>166.55</ele>
        <time>2026-06-30T17:18:17Z</time>
      </trkpt>
      <trkpt lat="33.59384" lon="-117.7738">
        <ele>166.64</ele>
        <time>2026-06-30T17:18:20Z</time>
      </trkpt>
      <trkpt lat="33.59383" lon="-117.77376">
        <ele>166.66</ele>
        <time>2026-06-30T17:18:23Z</time>
      </trkpt>
      <trkpt lat="33.59381" lon="-117.77373">
        <ele>166.95</ele>
        <time>2026-06-30T17:18:26Z</time>
      </trkpt>
      <trkpt lat="33.5938" lon="-117.77369">
        <ele>166.77</ele>
        <time>2026-06-30T17:18:29Z</time>
      </trkpt>
      <trkpt lat="33.59378" lon="-117.77366">
        <ele>166.8</ele>
        <time>2026-06-30T17:18:32Z</time>
      </trkpt>
      <trkpt lat="33.59377" lon="-117.77362">
        <ele>166.41</ele>
        <time>2026-06-30T17:18:35Z</time>
      </trkpt>
      <trkpt lat="33.59375" lon="-117.77359">
        <ele>166.5</ele>
        <time>2026-06-30T17:18:38Z</time>
      </trkpt>
      <trkpt lat="33.59374" lon="-117.77355">
        <ele>166.61</ele>
        <time>2026-06-30T17:18:41Z</time>
      </trkpt>
      <trkpt lat="33.59372" lon="-117.77351">
        <ele>166.9</ele>
        <time>2026-06-30T17:18:44Z</time>
      </trkpt>
      <trkpt lat="33.59371" lon="-117.77346">
        <ele>167.52</ele>
        <time>2026-06-30T17:18:47Z</time>
      </trkpt>
      <trkpt lat="33.59372" lon="-117.77342">
        <ele>167.68</ele>
        <time>2026-06-30T17:18:49Z</time>
      </trkpt>
      <trkpt lat="33.59373" lon="-117.77338">
        <ele>167.51</ele>
        <time>2026-06-30T17:18:51Z</time>
      </trkpt>
      <trkpt lat="33.59374" lon="-117.77335">
        <ele>167.07</ele>
        <time>2026-06-30T17:18:53Z</time>
      </trkpt>
      <trkpt lat="33.59373" lon="-117.77331">
        <ele>167.72</ele>
        <time>2026-06-30T17:18:56Z</time>
      </trkpt>
      <trkpt lat="33.59374" lon="-117.77326">
        <ele>167.66</ele>
        <time>2026-06-30T17:18:59Z</time>
      </trkpt>
      <trkpt lat="33.59376" lon="-117.77322">
        <ele>167.09</ele>
        <time>2026-06-30T17:19:02Z</time>
      </trkpt>
      <trkpt lat="33.59376" lon="-117.77318">
        <ele>166.92</ele>
        <time>2026-06-30T17:19:05Z</time>
      </trkpt>
      <trkpt lat="33.59376" lon="-117.77314">
        <ele>166.66</ele>
        <time>2026-06-30T17:19:08Z</time>
      </trkpt>
      <trkpt lat="33.59377" lon="-117.7731">
        <ele>165.9</ele>
        <time>2026-06-30T17:19:11Z</time>
      </trkpt>
      <trkpt lat="33.59377" lon="-117.77306">
        <ele>165.35</ele>
        <time>2026-06-30T17:19:14Z</time>
      </trkpt>
      <trkpt lat="33.59375" lon="-117.77303">
        <ele>165.36</ele>
        <time>2026-06-30T17:19:16Z</time>
      </trkpt>
      <trkpt lat="33.59372" lon="-117.77301">
        <ele>165.42</ele>
        <time>2026-06-30T17:19:18Z</time>
      </trkpt>
      <trkpt lat="33.5937" lon="-117.77299">
        <ele>165.36</ele>
        <time>2026-06-30T17:19:20Z</time>
      </trkpt>
      <trkpt lat="33.59367" lon="-117.77296">
        <ele>165.33</ele>
        <time>2026-06-30T17:19:23Z</time>
      </trkpt>
      <trkpt lat="33.59365" lon="-117.77294">
        <ele>165.33</ele>
        <time>2026-06-30T17:19:25Z</time>
      </trkpt>
      <trkpt lat="33.59362" lon="-117.77292">
        <ele>165.44</ele>
        <time>2026-06-30T17:19:28Z</time>
      </trkpt>
      <trkpt lat="33.59359" lon="-117.77291">
        <ele>165.98</ele>
        <time>2026-06-30T17:19:32Z</time>
      </trkpt>
      <trkpt lat="33.59356" lon="-117.77289">
        <ele>166.43</ele>
        <time>2026-06-30T17:19:36Z</time>
      </trkpt>
      <trkpt lat="33.59355" lon="-117.77286">
        <ele>166.06</ele>
        <time>2026-06-30T17:19:39Z</time>
      </trkpt>
      <trkpt lat="33.59353" lon="-117.77282">
        <ele>165.25</ele>
        <time>2026-06-30T17:19:42Z</time>
      </trkpt>
      <trkpt lat="33.5935" lon="-117.77279">
        <ele>164.94</ele>
        <time>2026-06-30T17:19:45Z</time>
      </trkpt>
      <trkpt lat="33.59348" lon="-117.77276">
        <ele>164.67</ele>
        <time>2026-06-30T17:19:47Z</time>
      </trkpt>
      <trkpt lat="33.59345" lon="-117.77273">
        <ele>164.67</ele>
        <time>2026-06-30T17:19:50Z</time>
      </trkpt>
      <trkpt lat="33.59343" lon="-117.77271">
        <ele>164.67</ele>
        <time>2026-06-30T17:19:52Z</time>
      </trkpt>
      <trkpt lat="33.59342" lon="-117.77268">
        <ele>163.9</ele>
        <time>2026-06-30T17:19:54Z</time>
      </trkpt>
      <trkpt lat="33.5934" lon="-117.77266">
        <ele>163.47</ele>
        <time>2026-06-30T17:19:56Z</time>
      </trkpt>
      <trkpt lat="33.59338" lon="-117.77264">
        <ele>163.04</ele>
        <time>2026-06-30T17:19:58Z</time>
      </trkpt>
      <trkpt lat="33.59335" lon="-117.7726">
        <ele>161.96</ele>
        <time>2026-06-30T17:20:01Z</time>
      </trkpt>
      <trkpt lat="33.59332" lon="-117.77257">
        <ele>162.26</ele>
        <time>2026-06-30T17:20:04Z</time>
      </trkpt>
      <trkpt lat="33.59329" lon="-117.77257">
        <ele>163.4</ele>
        <time>2026-06-30T17:20:07Z</time>
      </trkpt>
      <trkpt lat="33.59326" lon="-117.77258">
        <ele>164.82</ele>
        <time>2026-06-30T17:20:10Z</time>
      </trkpt>
      <trkpt lat="33.59324" lon="-117.77256">
        <ele>164.99</ele>
        <time>2026-06-30T17:20:13Z</time>
      </trkpt>
      <trkpt lat="33.59321" lon="-117.77253">
        <ele>165.52</ele>
        <time>2026-06-30T17:20:17Z</time>
      </trkpt>
      <trkpt lat="33.59318" lon="-117.77251">
        <ele>166.09</ele>
        <time>2026-06-30T17:20:20Z</time>
      </trkpt>
      <trkpt lat="33.59316" lon="-117.77249">
        <ele>165.9</ele>
        <time>2026-06-30T17:20:23Z</time>
      </trkpt>
      <trkpt lat="33.59313" lon="-117.77246">
        <ele>165.58</ele>
        <time>2026-06-30T17:20:26Z</time>
      </trkpt>
      <trkpt lat="33.59311" lon="-117.77243">
        <ele>164.94</ele>
        <time>2026-06-30T17:20:28Z</time>
      </trkpt>
      <trkpt lat="33.5931" lon="-117.7724">
        <ele>163.87</ele>
        <time>2026-06-30T17:20:30Z</time>
      </trkpt>
      <trkpt lat="33.59308" lon="-117.77235">
        <ele>162.97</ele>
        <time>2026-06-30T17:20:32Z</time>
      </trkpt>
      <trkpt lat="33.59307" lon="-117.77231">
        <ele>161.52</ele>
        <time>2026-06-30T17:20:34Z</time>
      </trkpt>
      <trkpt lat="33.59305" lon="-117.77228">
        <ele>160.69</ele>
        <time>2026-06-30T17:20:36Z</time>
      </trkpt>
      <trkpt lat="33.59302" lon="-117.77225">
        <ele>160.2</ele>
        <time>2026-06-30T17:20:39Z</time>
      </trkpt>
      <trkpt lat="33.593" lon="-117.77223">
        <ele>159.64</ele>
        <time>2026-06-30T17:20:42Z</time>
      </trkpt>
      <trkpt lat="33.59298" lon="-117.77221">
        <ele>159.49</ele>
        <time>2026-06-30T17:20:45Z</time>
      </trkpt>
      <trkpt lat="33.59295" lon="-117.7722">
        <ele>160.15</ele>
        <time>2026-06-30T17:20:48Z</time>
      </trkpt>
      <trkpt lat="33.59292" lon="-117.77219">
        <ele>161.3</ele>
        <time>2026-06-30T17:20:52Z</time>
      </trkpt>
      <trkpt lat="33.59289" lon="-117.77217">
        <ele>161.92</ele>
        <time>2026-06-30T17:20:55Z</time>
      </trkpt>
      <trkpt lat="33.59287" lon="-117.77214">
        <ele>161.46</ele>
        <time>2026-06-30T17:20:58Z</time>
      </trkpt>
      <trkpt lat="33.59285" lon="-117.77211">
        <ele>161.48</ele>
        <time>2026-06-30T17:21:01Z</time>
      </trkpt>
      <trkpt lat="33.59283" lon="-117.77208">
        <ele>161.27</ele>
        <time>2026-06-30T17:21:04Z</time>
      </trkpt>
      <trkpt lat="33.59281" lon="-117.77204">
        <ele>160.12</ele>
        <time>2026-06-30T17:21:07Z</time>
      </trkpt>
      <trkpt lat="33.59278" lon="-117.772">
        <ele>159.59</ele>
        <time>2026-06-30T17:21:10Z</time>
      </trkpt>
      <trkpt lat="33.59276" lon="-117.77197">
        <ele>159.82</ele>
        <time>2026-06-30T17:21:13Z</time>
      </trkpt>
      <trkpt lat="33.59274" lon="-117.77195">
        <ele>159.95</ele>
        <time>2026-06-30T17:21:16Z</time>
      </trkpt>
      <trkpt lat="33.59271" lon="-117.77192">
        <ele>159.94</ele>
        <time>2026-06-30T17:21:19Z</time>
      </trkpt>
      <trkpt lat="33.59269" lon="-117.7719">
        <ele>159.94</ele>
        <time>2026-06-30T17:21:22Z</time>
      </trkpt>
      <trkpt lat="33.59267" lon="-117.77187">
        <ele>160.05</ele>
        <time>2026-06-30T17:21:25Z</time>
      </trkpt>
      <trkpt lat="33.59265" lon="-117.77184">
        <ele>160.42</ele>
        <time>2026-06-30T17:21:28Z</time>
      </trkpt>
      <trkpt lat="33.59265" lon="-117.77181">
        <ele>160.18</ele>
        <time>2026-06-30T17:21:31Z</time>
      </trkpt>
      <trkpt lat="33.59264" lon="-117.77178">
        <ele>160.19</ele>
        <time>2026-06-30T17:21:34Z</time>
      </trkpt>
      <trkpt lat="33.59263" lon="-117.77174">
        <ele>159.98</ele>
        <time>2026-06-30T17:21:37Z</time>
      </trkpt>
      <trkpt lat="33.59263" lon="-117.77171">
        <ele>159.66</ele>
        <time>2026-06-30T17:21:40Z</time>
      </trkpt>
      <trkpt lat="33.59263" lon="-117.77168">
        <ele>159.34</ele>
        <time>2026-06-30T17:21:43Z</time>
      </trkpt>
      <trkpt lat="33.59262" lon="-117.77164">
        <ele>158.63</ele>
        <time>2026-06-30T17:21:46Z</time>
      </trkpt>
      <trkpt lat="33.59262" lon="-117.7716">
        <ele>157.46</ele>
        <time>2026-06-30T17:21:50Z</time>
      </trkpt>
      <trkpt lat="33.59262" lon="-117.77157">
        <ele>156.61</ele>
        <time>2026-06-30T17:21:54Z</time>
      </trkpt>
      <trkpt lat="33.59261" lon="-117.77153">
        <ele>155.65</ele>
        <time>2026-06-30T17:21:58Z</time>
      </trkpt>
      <trkpt lat="33.59261" lon="-117.77149">
        <ele>154.6</ele>
        <time>2026-06-30T17:22:02Z</time>
      </trkpt>
      <trkpt lat="33.59261" lon="-117.77145">
        <ele>153.0</ele>
        <time>2026-06-30T17:22:06Z</time>
      </trkpt>
      <trkpt lat="33.59261" lon="-117.77141">
        <ele>151.24</ele>
        <time>2026-06-30T17:22:10Z</time>
      </trkpt>
      <trkpt lat="33.59261" lon="-117.77138">
        <ele>149.99</ele>
        <time>2026-06-30T17:22:13Z</time>
      </trkpt>
      <trkpt lat="33.59263" lon="-117.77135">
        <ele>150.66</ele>
        <time>2026-06-30T17:22:16Z</time>
      </trkpt>
      <trkpt lat="33.59264" lon="-117.77131">
        <ele>150.48</ele>
        <time>2026-06-30T17:22:19Z</time>
      </trkpt>
      <trkpt lat="33.59265" lon="-117.77128">
        <ele>150.56</ele>
        <time>2026-06-30T17:22:22Z</time>
      </trkpt>
      <trkpt lat="33.59266" lon="-117.77125">
        <ele>150.42</ele>
        <time>2026-06-30T17:22:29Z</time>
      </trkpt>
      <trkpt lat="33.59268" lon="-117.77122">
        <ele>151.19</ele>
        <time>2026-06-30T17:22:36Z</time>
      </trkpt>
      <trkpt lat="33.59269" lon="-117.77118">
        <ele>150.87</ele>
        <time>2026-06-30T17:22:42Z</time>
      </trkpt>
      <trkpt lat="33.59268" lon="-117.77115">
        <ele>149.37</ele>
        <time>2026-06-30T17:22:47Z</time>
      </trkpt>
      <trkpt lat="33.59267" lon="-117.77112">
        <ele>147.86</ele>
        <time>2026-06-30T17:22:52Z</time>
      </trkpt>
      <trkpt lat="33.59268" lon="-117.77108">
        <ele>148.23</ele>
        <time>2026-06-30T17:22:58Z</time>
      </trkpt>
      <trkpt lat="33.59268" lon="-117.77104">
        <ele>147.83</ele>
        <time>2026-06-30T17:23:04Z</time>
      </trkpt>
      <trkpt lat="33.59266" lon="-117.77101">
        <ele>146.05</ele>
        <time>2026-06-30T17:23:10Z</time>
      </trkpt>
      <trkpt lat="33.59266" lon="-117.77097">
        <ele>145.86</ele>
        <time>2026-06-30T17:23:16Z</time>
      </trkpt>
      <trkpt lat="33.59265" lon="-117.77094">
        <ele>145.14</ele>
        <time>2026-06-30T17:23:21Z</time>
      </trkpt>
      <trkpt lat="33.59264" lon="-117.77089">
        <ele>143.97</ele>
        <time>2026-06-30T17:23:26Z</time>
      </trkpt>
      <trkpt lat="33.59264" lon="-117.77086">
        <ele>143.48</ele>
        <time>2026-06-30T17:23:28Z</time>
      </trkpt>
      <trkpt lat="33.59264" lon="-117.77083">
        <ele>143.1</ele>
        <time>2026-06-30T17:23:31Z</time>
      </trkpt>
      <trkpt lat="33.59263" lon="-117.77079">
        <ele>143.27</ele>
        <time>2026-06-30T17:23:35Z</time>
      </trkpt>
      <trkpt lat="33.59262" lon="-117.77075">
        <ele>143.35</ele>
        <time>2026-06-30T17:23:39Z</time>
      </trkpt>
      <trkpt lat="33.59262" lon="-117.77071">
        <ele>142.95</ele>
        <time>2026-06-30T17:23:43Z</time>
      </trkpt>
      <trkpt lat="33.59261" lon="-117.77067">
        <ele>141.89</ele>
        <time>2026-06-30T17:23:47Z</time>
      </trkpt>
      <trkpt lat="33.59261" lon="-117.77064">
        <ele>141.33</ele>
        <time>2026-06-30T17:23:51Z</time>
      </trkpt>
      <trkpt lat="33.5926" lon="-117.7706">
        <ele>139.76</ele>
        <time>2026-06-30T17:23:55Z</time>
      </trkpt>
      <trkpt lat="33.5926" lon="-117.77056">
        <ele>138.54</ele>
        <time>2026-06-30T17:23:59Z</time>
      </trkpt>
      <trkpt lat="33.5926" lon="-117.77052">
        <ele>138.52</ele>
        <time>2026-06-30T17:24:03Z</time>
      </trkpt>
      <trkpt lat="33.5926" lon="-117.77048">
        <ele>138.66</ele>
        <time>2026-06-30T17:24:07Z</time>
      </trkpt>
      <trkpt lat="33.59258" lon="-117.77045">
        <ele>138.2</ele>
        <time>2026-06-30T17:24:12Z</time>
      </trkpt>
      <trkpt lat="33.59256" lon="-117.77042">
        <ele>138.56</ele>
        <time>2026-06-30T17:24:16Z</time>
      </trkpt>
      <trkpt lat="33.59254" lon="-117.7704">
        <ele>137.88</ele>
        <time>2026-06-30T17:24:20Z</time>
      </trkpt>
      <trkpt lat="33.59252" lon="-117.77038">
        <ele>136.73</ele>
        <time>2026-06-30T17:24:24Z</time>
      </trkpt>
      <trkpt lat="33.5925" lon="-117.77036">
        <ele>135.45</ele>
        <time>2026-06-30T17:24:28Z</time>
      </trkpt>
      <trkpt lat="33.59247" lon="-117.77035">
        <ele>134.95</ele>
        <time>2026-06-30T17:24:32Z</time>
      </trkpt>
      <trkpt lat="33.59245" lon="-117.77033">
        <ele>134.72</ele>
        <time>2026-06-30T17:24:36Z</time>
      </trkpt>
      <trkpt lat="33.59243" lon="-117.77032">
        <ele>134.02</ele>
        <time>2026-06-30T17:24:40Z</time>
      </trkpt>
      <trkpt lat="33.5924" lon="-117.7703">
        <ele>132.48</ele>
        <time>2026-06-30T17:24:44Z</time>
      </trkpt>
      <trkpt lat="33.59238" lon="-117.77027">
        <ele>131.66</ele>
        <time>2026-06-30T17:24:49Z</time>
      </trkpt>
      <trkpt lat="33.59236" lon="-117.77025">
        <ele>130.89</ele>
        <time>2026-06-30T17:24:54Z</time>
      </trkpt>
      <trkpt lat="33.59234" lon="-117.77023">
        <ele>130.02</ele>
        <time>2026-06-30T17:25:00Z</time>
      </trkpt>
      <trkpt lat="33.59231" lon="-117.7702">
        <ele>128.6</ele>
        <time>2026-06-30T17:25:06Z</time>
      </trkpt>
      <trkpt lat="33.59229" lon="-117.77018">
        <ele>128.08</ele>
        <time>2026-06-30T17:25:12Z</time>
      </trkpt>
      <trkpt lat="33.59227" lon="-117.77016">
        <ele>127.75</ele>
        <time>2026-06-30T17:25:18Z</time>
      </trkpt>
      <trkpt lat="33.59225" lon="-117.77013">
        <ele>127.57</ele>
        <time>2026-06-30T17:25:24Z</time>
      </trkpt>
      <trkpt lat="33.59223" lon="-117.77011">
        <ele>127.03</ele>
        <time>2026-06-30T17:25:29Z</time>
      </trkpt>
      <trkpt lat="33.5922" lon="-117.77009">
        <ele>126.07</ele>
        <time>2026-06-30T17:25:34Z</time>
      </trkpt>
      <trkpt lat="33.59218" lon="-117.77005">
        <ele>125.85</ele>
        <time>2026-06-30T17:25:38Z</time>
      </trkpt>
      <trkpt lat="33.59216" lon="-117.77002">
        <ele>125.62</ele>
        <time>2026-06-30T17:25:41Z</time>
      </trkpt>
      <trkpt lat="33.59215" lon="-117.76998">
        <ele>125.42</ele>
        <time>2026-06-30T17:25:44Z</time>
      </trkpt>
      <trkpt lat="33.59213" lon="-117.76995">
        <ele>123.94</ele>
        <time>2026-06-30T17:25:48Z</time>
      </trkpt>
      <trkpt lat="33.59212" lon="-117.76992">
        <ele>122.84</ele>
        <time>2026-06-30T17:25:52Z</time>
      </trkpt>
      <trkpt lat="33.59211" lon="-117.76989">
        <ele>122.07</ele>
        <time>2026-06-30T17:25:56Z</time>
      </trkpt>
      <trkpt lat="33.59209" lon="-117.76985">
        <ele>120.76</ele>
        <time>2026-06-30T17:26:00Z</time>
      </trkpt>
      <trkpt lat="33.59208" lon="-117.76981">
        <ele>119.87</ele>
        <time>2026-06-30T17:26:04Z</time>
      </trkpt>
      <trkpt lat="33.59207" lon="-117.76978">
        <ele>119.86</ele>
        <time>2026-06-30T17:26:07Z</time>
      </trkpt>
      <trkpt lat="33.59205" lon="-117.76975">
        <ele>119.65</ele>
        <time>2026-06-30T17:26:11Z</time>
      </trkpt>
      <trkpt lat="33.59204" lon="-117.76971">
        <ele>120.1</ele>
        <time>2026-06-30T17:26:15Z</time>
      </trkpt>
      <trkpt lat="33.59202" lon="-117.76968">
        <ele>119.33</ele>
        <time>2026-06-30T17:26:18Z</time>
      </trkpt>
      <trkpt lat="33.59201" lon="-117.76964">
        <ele>119.32</ele>
        <time>2026-06-30T17:26:22Z</time>
      </trkpt>
      <trkpt lat="33.592" lon="-117.7696">
        <ele>120.86</ele>
        <time>2026-06-30T17:26:26Z</time>
      </trkpt>
      <trkpt lat="33.59198" lon="-117.76957">
        <ele>121.84</ele>
        <time>2026-06-30T17:26:30Z</time>
      </trkpt>
      <trkpt lat="33.59195" lon="-117.76956">
        <ele>121.22</ele>
        <time>2026-06-30T17:26:33Z</time>
      </trkpt>
      <trkpt lat="33.59192" lon="-117.76956">
        <ele>120.08</ele>
        <time>2026-06-30T17:26:35Z</time>
      </trkpt>
      <trkpt lat="33.59188" lon="-117.76956">
        <ele>118.57</ele>
        <time>2026-06-30T17:26:38Z</time>
      </trkpt>
      <trkpt lat="33.59185" lon="-117.76954">
        <ele>117.84</ele>
        <time>2026-06-30T17:26:41Z</time>
      </trkpt>
      <trkpt lat="33.59183" lon="-117.76952">
        <ele>117.23</ele>
        <time>2026-06-30T17:26:44Z</time>
      </trkpt>
      <trkpt lat="33.59181" lon="-117.7695">
        <ele>116.72</ele>
        <time>2026-06-30T17:26:47Z</time>
      </trkpt>
      <trkpt lat="33.59179" lon="-117.76947">
        <ele>116.59</ele>
        <time>2026-06-30T17:26:50Z</time>
      </trkpt>
      <trkpt lat="33.59177" lon="-117.76944">
        <ele>116.53</ele>
        <time>2026-06-30T17:26:53Z</time>
      </trkpt>
      <trkpt lat="33.59176" lon="-117.76941">
        <ele>116.41</ele>
        <time>2026-06-30T17:26:55Z</time>
      </trkpt>
      <trkpt lat="33.59175" lon="-117.76937">
        <ele>116.22</ele>
        <time>2026-06-30T17:26:58Z</time>
      </trkpt>
      <trkpt lat="33.59174" lon="-117.76933">
        <ele>115.94</ele>
        <time>2026-06-30T17:27:01Z</time>
      </trkpt>
      <trkpt lat="33.59172" lon="-117.76929">
        <ele>114.84</ele>
        <time>2026-06-30T17:27:04Z</time>
      </trkpt>
      <trkpt lat="33.5917" lon="-117.76926">
        <ele>113.52</ele>
        <time>2026-06-30T17:27:07Z</time>
      </trkpt>
      <trkpt lat="33.59168" lon="-117.76923">
        <ele>113.27</ele>
        <time>2026-06-30T17:27:10Z</time>
      </trkpt>
      <trkpt lat="33.59167" lon="-117.7692">
        <ele>113.81</ele>
        <time>2026-06-30T17:27:13Z</time>
      </trkpt>
      <trkpt lat="33.59166" lon="-117.76917">
        <ele>114.51</ele>
        <time>2026-06-30T17:27:16Z</time>
      </trkpt>
      <trkpt lat="33.59166" lon="-117.76913">
        <ele>114.67</ele>
        <time>2026-06-30T17:27:19Z</time>
      </trkpt>
      <trkpt lat="33.59165" lon="-117.7691">
        <ele>114.23</ele>
        <time>2026-06-30T17:27:22Z</time>
      </trkpt>
      <trkpt lat="33.59163" lon="-117.76907">
        <ele>113.6</ele>
        <time>2026-06-30T17:27:25Z</time>
      </trkpt>
      <trkpt lat="33.59162" lon="-117.76904">
        <ele>114.45</ele>
        <time>2026-06-30T17:27:28Z</time>
      </trkpt>
      <trkpt lat="33.5916" lon="-117.76902">
        <ele>114.2</ele>
        <time>2026-06-30T17:27:31Z</time>
      </trkpt>
      <trkpt lat="33.59157" lon="-117.76901">
        <ele>112.99</ele>
        <time>2026-06-30T17:27:34Z</time>
      </trkpt>
      <trkpt lat="33.59154" lon="-117.76899">
        <ele>112.99</ele>
        <time>2026-06-30T17:27:37Z</time>
      </trkpt>
      <trkpt lat="33.59151" lon="-117.76897">
        <ele>112.85</ele>
        <time>2026-06-30T17:27:40Z</time>
      </trkpt>
      <trkpt lat="33.59148" lon="-117.76894">
        <ele>112.4</ele>
        <time>2026-06-30T17:27:43Z</time>
      </trkpt>
      <trkpt lat="33.59145" lon="-117.76891">
        <ele>111.75</ele>
        <time>2026-06-30T17:27:46Z</time>
      </trkpt>
      <trkpt lat="33.59142" lon="-117.76888">
        <ele>111.2</ele>
        <time>2026-06-30T17:27:49Z</time>
      </trkpt>
      <trkpt lat="33.5914" lon="-117.76886">
        <ele>110.78</ele>
        <time>2026-06-30T17:27:52Z</time>
      </trkpt>
      <trkpt lat="33.59137" lon="-117.76884">
        <ele>109.71</ele>
        <time>2026-06-30T17:27:55Z</time>
      </trkpt>
      <trkpt lat="33.59135" lon="-117.76881">
        <ele>109.17</ele>
        <time>2026-06-30T17:27:58Z</time>
      </trkpt>
      <trkpt lat="33.59133" lon="-117.76878">
        <ele>109.0</ele>
        <time>2026-06-30T17:28:02Z</time>
      </trkpt>
      <trkpt lat="33.59131" lon="-117.76875">
        <ele>108.81</ele>
        <time>2026-06-30T17:28:06Z</time>
      </trkpt>
      <trkpt lat="33.59129" lon="-117.76873">
        <ele>108.34</ele>
        <time>2026-06-30T17:28:10Z</time>
      </trkpt>
      <trkpt lat="33.59127" lon="-117.7687">
        <ele>108.23</ele>
        <time>2026-06-30T17:28:14Z</time>
      </trkpt>
      <trkpt lat="33.59124" lon="-117.76868">
        <ele>107.69</ele>
        <time>2026-06-30T17:28:18Z</time>
      </trkpt>
      <trkpt lat="33.59122" lon="-117.76865">
        <ele>107.69</ele>
        <time>2026-06-30T17:28:22Z</time>
      </trkpt>
      <trkpt lat="33.59119" lon="-117.76863">
        <ele>107.56</ele>
        <time>2026-06-30T17:28:26Z</time>
      </trkpt>
      <trkpt lat="33.59117" lon="-117.7686">
        <ele>108.23</ele>
        <time>2026-06-30T17:28:30Z</time>
      </trkpt>
      <trkpt lat="33.59115" lon="-117.76858">
        <ele>108.42</ele>
        <time>2026-06-30T17:28:33Z</time>
      </trkpt>
      <trkpt lat="33.59112" lon="-117.76855">
        <ele>108.19</ele>
        <time>2026-06-30T17:28:37Z</time>
      </trkpt>
      <trkpt lat="33.5911" lon="-117.76851">
        <ele>107.25</ele>
        <time>2026-06-30T17:28:41Z</time>
      </trkpt>
      <trkpt lat="33.5911" lon="-117.76848">
        <ele>106.72</ele>
        <time>2026-06-30T17:28:44Z</time>
      </trkpt>
      <trkpt lat="33.5911" lon="-117.76844">
        <ele>106.01</ele>
        <time>2026-06-30T17:28:47Z</time>
      </trkpt>
      <trkpt lat="33.5911" lon="-117.7684">
        <ele>105.55</ele>
        <time>2026-06-30T17:28:51Z</time>
      </trkpt>
      <trkpt lat="33.59109" lon="-117.76836">
        <ele>105.16</ele>
        <time>2026-06-30T17:28:55Z</time>
      </trkpt>
      <trkpt lat="33.59108" lon="-117.76832">
        <ele>104.95</ele>
        <time>2026-06-30T17:29:00Z</time>
      </trkpt>
      <trkpt lat="33.59107" lon="-117.76829">
        <ele>104.64</ele>
        <time>2026-06-30T17:29:04Z</time>
      </trkpt>
      <trkpt lat="33.59106" lon="-117.76825">
        <ele>103.91</ele>
        <time>2026-06-30T17:29:08Z</time>
      </trkpt>
      <trkpt lat="33.59105" lon="-117.76821">
        <ele>103.7</ele>
        <time>2026-06-30T17:29:12Z</time>
      </trkpt>
      <trkpt lat="33.59104" lon="-117.76817">
        <ele>103.46</ele>
        <time>2026-06-30T17:29:16Z</time>
      </trkpt>
      <trkpt lat="33.59102" lon="-117.76814">
        <ele>102.46</ele>
        <time>2026-06-30T17:29:19Z</time>
      </trkpt>
      <trkpt lat="33.591" lon="-117.76812">
        <ele>103.11</ele>
        <time>2026-06-30T17:29:21Z</time>
      </trkpt>
      <trkpt lat="33.59097" lon="-117.7681">
        <ele>103.24</ele>
        <time>2026-06-30T17:29:24Z</time>
      </trkpt>
      <trkpt lat="33.59095" lon="-117.76807">
        <ele>102.99</ele>
        <time>2026-06-30T17:29:27Z</time>
      </trkpt>
      <trkpt lat="33.59093" lon="-117.76804">
        <ele>102.34</ele>
        <time>2026-06-30T17:29:30Z</time>
      </trkpt>
      <trkpt lat="33.59091" lon="-117.76802">
        <ele>102.29</ele>
        <time>2026-06-30T17:29:33Z</time>
      </trkpt>
      <trkpt lat="33.59089" lon="-117.76799">
        <ele>102.0</ele>
        <time>2026-06-30T17:29:36Z</time>
      </trkpt>
      <trkpt lat="33.59087" lon="-117.76796">
        <ele>101.2</ele>
        <time>2026-06-30T17:29:39Z</time>
      </trkpt>
      <trkpt lat="33.59086" lon="-117.76793">
        <ele>100.97</ele>
        <time>2026-06-30T17:29:42Z</time>
      </trkpt>
      <trkpt lat="33.59084" lon="-117.7679">
        <ele>100.26</ele>
        <time>2026-06-30T17:29:45Z</time>
      </trkpt>
      <trkpt lat="33.59083" lon="-117.76787">
        <ele>100.08</ele>
        <time>2026-06-30T17:29:48Z</time>
      </trkpt>
      <trkpt lat="33.59081" lon="-117.76784">
        <ele>100.67</ele>
        <time>2026-06-30T17:29:52Z</time>
      </trkpt>
      <trkpt lat="33.59078" lon="-117.76782">
        <ele>101.07</ele>
        <time>2026-06-30T17:29:56Z</time>
      </trkpt>
      <trkpt lat="33.59076" lon="-117.76781">
        <ele>101.2</ele>
        <time>2026-06-30T17:30:00Z</time>
      </trkpt>
      <trkpt lat="33.59074" lon="-117.76778">
        <ele>101.02</ele>
        <time>2026-06-30T17:30:03Z</time>
      </trkpt>
      <trkpt lat="33.59072" lon="-117.76776">
        <ele>100.48</ele>
        <time>2026-06-30T17:30:06Z</time>
      </trkpt>
      <trkpt lat="33.5907" lon="-117.76774">
        <ele>100.1</ele>
        <time>2026-06-30T17:30:09Z</time>
      </trkpt>
      <trkpt lat="33.59066" lon="-117.76773">
        <ele>100.0</ele>
        <time>2026-06-30T17:30:12Z</time>
      </trkpt>
      <trkpt lat="33.59063" lon="-117.76774">
        <ele>99.84</ele>
        <time>2026-06-30T17:30:15Z</time>
      </trkpt>
      <trkpt lat="33.5906" lon="-117.76774">
        <ele>99.58</ele>
        <time>2026-06-30T17:30:17Z</time>
      </trkpt>
      <trkpt lat="33.59056" lon="-117.76774">
        <ele>99.22</ele>
        <time>2026-06-30T17:30:20Z</time>
      </trkpt>
      <trkpt lat="33.59053" lon="-117.76775">
        <ele>99.01</ele>
        <time>2026-06-30T17:30:23Z</time>
      </trkpt>
      <trkpt lat="33.5905" lon="-117.76775">
        <ele>98.56</ele>
        <time>2026-06-30T17:30:26Z</time>
      </trkpt>
      <trkpt lat="33.59046" lon="-117.76775">
        <ele>98.0</ele>
        <time>2026-06-30T17:30:29Z</time>
      </trkpt>
      <trkpt lat="33.59043" lon="-117.76775">
        <ele>97.96</ele>
        <time>2026-06-30T17:30:32Z</time>
      </trkpt>
      <trkpt lat="33.5904" lon="-117.76775">
        <ele>97.93</ele>
        <time>2026-06-30T17:30:35Z</time>
      </trkpt>
      <trkpt lat="33.59038" lon="-117.76775">
        <ele>97.91</ele>
        <time>2026-06-30T17:30:41Z</time>
      </trkpt>
      <trkpt lat="33.59035" lon="-117.76776">
        <ele>97.36</ele>
        <time>2026-06-30T17:30:46Z</time>
      </trkpt>
      <trkpt lat="33.59032" lon="-117.76776">
        <ele>97.03</ele>
        <time>2026-06-30T17:30:52Z</time>
      </trkpt>
      <trkpt lat="33.59029" lon="-117.76775">
        <ele>97.03</ele>
        <time>2026-06-30T17:30:59Z</time>
      </trkpt>
      <trkpt lat="33.59026" lon="-117.76773">
        <ele>97.36</ele>
        <time>2026-06-30T17:31:06Z</time>
      </trkpt>
      <trkpt lat="33.59023" lon="-117.76773">
        <ele>97.03</ele>
        <time>2026-06-30T17:31:10Z</time>
      </trkpt>
      <trkpt lat="33.5902" lon="-117.76773">
        <ele>96.71</ele>
        <time>2026-06-30T17:31:13Z</time>
      </trkpt>
      <trkpt lat="33.59017" lon="-117.76773">
        <ele>96.54</ele>
        <time>2026-06-30T17:31:15Z</time>
      </trkpt>
      <trkpt lat="33.59014" lon="-117.76772">
        <ele>96.75</ele>
        <time>2026-06-30T17:31:17Z</time>
      </trkpt>
      <trkpt lat="33.59011" lon="-117.7677">
        <ele>96.97</ele>
        <time>2026-06-30T17:31:20Z</time>
      </trkpt>
      <trkpt lat="33.59008" lon="-117.76766">
        <ele>97.12</ele>
        <time>2026-06-30T17:31:23Z</time>
      </trkpt>
      <trkpt lat="33.59006" lon="-117.76764">
        <ele>97.02</ele>
        <time>2026-06-30T17:31:26Z</time>
      </trkpt>
      <trkpt lat="33.59004" lon="-117.7676">
        <ele>96.05</ele>
        <time>2026-06-30T17:31:29Z</time>
      </trkpt>
      <trkpt lat="33.59005" lon="-117.76756">
        <ele>96.46</ele>
        <time>2026-06-30T17:31:32Z</time>
      </trkpt>
      <trkpt lat="33.59005" lon="-117.76753">
        <ele>96.81</ele>
        <time>2026-06-30T17:31:35Z</time>
      </trkpt>
      <trkpt lat="33.59004" lon="-117.76749">
        <ele>97.08</ele>
        <time>2026-06-30T17:31:38Z</time>
      </trkpt>
      <trkpt lat="33.59002" lon="-117.76746">
        <ele>97.01</ele>
        <time>2026-06-30T17:31:41Z</time>
      </trkpt>
      <trkpt lat="33.59" lon="-117.76743">
        <ele>96.51</ele>
        <time>2026-06-30T17:31:44Z</time>
      </trkpt>
      <trkpt lat="33.58998" lon="-117.76739">
        <ele>96.85</ele>
        <time>2026-06-30T17:31:47Z</time>
      </trkpt>
      <trkpt lat="33.58995" lon="-117.76736">
        <ele>96.61</ele>
        <time>2026-06-30T17:31:50Z</time>
      </trkpt>
      <trkpt lat="33.58994" lon="-117.76733">
        <ele>97.21</ele>
        <time>2026-06-30T17:31:53Z</time>
      </trkpt>
      <trkpt lat="33.58993" lon="-117.7673">
        <ele>97.54</ele>
        <time>2026-06-30T17:31:56Z</time>
      </trkpt>
      <trkpt lat="33.58991" lon="-117.76727">
        <ele>97.11</ele>
        <time>2026-06-30T17:31:59Z</time>
      </trkpt>
      <trkpt lat="33.58988" lon="-117.76724">
        <ele>96.78</ele>
        <time>2026-06-30T17:32:02Z</time>
      </trkpt>
      <trkpt lat="33.58985" lon="-117.76721">
        <ele>96.09</ele>
        <time>2026-06-30T17:32:05Z</time>
      </trkpt>
      <trkpt lat="33.58983" lon="-117.76718">
        <ele>95.42</ele>
        <time>2026-06-30T17:32:08Z</time>
      </trkpt>
      <trkpt lat="33.58981" lon="-117.76715">
        <ele>94.8</ele>
        <time>2026-06-30T17:32:11Z</time>
      </trkpt>
      <trkpt lat="33.58979" lon="-117.76712">
        <ele>93.88</ele>
        <time>2026-06-30T17:32:14Z</time>
      </trkpt>
      <trkpt lat="33.58978" lon="-117.76709">
        <ele>93.39</ele>
        <time>2026-06-30T17:32:17Z</time>
      </trkpt>
      <trkpt lat="33.58977" lon="-117.76705">
        <ele>93.04</ele>
        <time>2026-06-30T17:32:20Z</time>
      </trkpt>
      <trkpt lat="33.58977" lon="-117.76702">
        <ele>93.03</ele>
        <time>2026-06-30T17:32:23Z</time>
      </trkpt>
      <trkpt lat="33.58976" lon="-117.76698">
        <ele>92.82</ele>
        <time>2026-06-30T17:32:26Z</time>
      </trkpt>
      <trkpt lat="33.58976" lon="-117.76694">
        <ele>92.88</ele>
        <time>2026-06-30T17:32:29Z</time>
      </trkpt>
      <trkpt lat="33.58976" lon="-117.7669">
        <ele>93.49</ele>
        <time>2026-06-30T17:32:32Z</time>
      </trkpt>
      <trkpt lat="33.58975" lon="-117.76686">
        <ele>93.79</ele>
        <time>2026-06-30T17:32:34Z</time>
      </trkpt>
      <trkpt lat="33.58974" lon="-117.76683">
        <ele>93.9</ele>
        <time>2026-06-30T17:32:36Z</time>
      </trkpt>
      <trkpt lat="33.58972" lon="-117.7668">
        <ele>93.49</ele>
        <time>2026-06-30T17:32:38Z</time>
      </trkpt>
      <trkpt lat="33.5897" lon="-117.76677">
        <ele>92.98</ele>
        <time>2026-06-30T17:32:40Z</time>
      </trkpt>
      <trkpt lat="33.58968" lon="-117.76674">
        <ele>92.38</ele>
        <time>2026-06-30T17:32:42Z</time>
      </trkpt>
      <trkpt lat="33.58966" lon="-117.76672">
        <ele>91.74</ele>
        <time>2026-06-30T17:32:44Z</time>
      </trkpt>
      <trkpt lat="33.58964" lon="-117.76669">
        <ele>91.2</ele>
        <time>2026-06-30T17:32:46Z</time>
      </trkpt>
      <trkpt lat="33.58962" lon="-117.76666">
        <ele>91.06</ele>
        <time>2026-06-30T17:32:49Z</time>
      </trkpt>
      <trkpt lat="33.5896" lon="-117.76663">
        <ele>91.27</ele>
        <time>2026-06-30T17:32:53Z</time>
      </trkpt>
      <trkpt lat="33.5896" lon="-117.7666">
        <ele>91.49</ele>
        <time>2026-06-30T17:32:57Z</time>
      </trkpt>
      <trkpt lat="33.58959" lon="-117.76656">
        <ele>91.53</ele>
        <time>2026-06-30T17:33:01Z</time>
      </trkpt>
      <trkpt lat="33.58957" lon="-117.76653">
        <ele>90.91</ele>
        <time>2026-06-30T17:33:04Z</time>
      </trkpt>
      <trkpt lat="33.58956" lon="-117.76649">
        <ele>90.11</ele>
        <time>2026-06-30T17:33:08Z</time>
      </trkpt>
      <trkpt lat="33.58954" lon="-117.76646">
        <ele>89.15</ele>
        <time>2026-06-30T17:33:12Z</time>
      </trkpt>
      <trkpt lat="33.58953" lon="-117.76643">
        <ele>89.26</ele>
        <time>2026-06-30T17:33:15Z</time>
      </trkpt>
      <trkpt lat="33.58952" lon="-117.76639">
        <ele>89.55</ele>
        <time>2026-06-30T17:33:18Z</time>
      </trkpt>
      <trkpt lat="33.5895" lon="-117.76637">
        <ele>90.16</ele>
        <time>2026-06-30T17:33:21Z</time>
      </trkpt>
      <trkpt lat="33.58948" lon="-117.76634">
        <ele>90.4</ele>
        <time>2026-06-30T17:33:24Z</time>
      </trkpt>
      <trkpt lat="33.58946" lon="-117.76632">
        <ele>90.38</ele>
        <time>2026-06-30T17:33:27Z</time>
      </trkpt>
      <trkpt lat="33.58944" lon="-117.76629">
        <ele>90.04</ele>
        <time>2026-06-30T17:33:30Z</time>
      </trkpt>
      <trkpt lat="33.58942" lon="-117.76626">
        <ele>90.16</ele>
        <time>2026-06-30T17:33:33Z</time>
      </trkpt>
      <trkpt lat="33.58939" lon="-117.76624">
        <ele>90.23</ele>
        <time>2026-06-30T17:33:36Z</time>
      </trkpt>
      <trkpt lat="33.58936" lon="-117.76623">
        <ele>90.26</ele>
        <time>2026-06-30T17:33:38Z</time>
      </trkpt>
      <trkpt lat="33.58933" lon="-117.76623">
        <ele>90.35</ele>
        <time>2026-06-30T17:33:40Z</time>
      </trkpt>
      <trkpt lat="33.5893" lon="-117.76623">
        <ele>90.44</ele>
        <time>2026-06-30T17:33:42Z</time>
      </trkpt>
      <trkpt lat="33.58927" lon="-117.76623">
        <ele>90.54</ele>
        <time>2026-06-30T17:33:45Z</time>
      </trkpt>
      <trkpt lat="33.58924" lon="-117.76621">
        <ele>90.37</ele>
        <time>2026-06-30T17:33:48Z</time>
      </trkpt>
      <trkpt lat="33.58922" lon="-117.76619">
        <ele>89.92</ele>
        <time>2026-06-30T17:33:51Z</time>
      </trkpt>
      <trkpt lat="33.58919" lon="-117.76617">
        <ele>89.38</ele>
        <time>2026-06-30T17:33:54Z</time>
      </trkpt>
      <trkpt lat="33.58916" lon="-117.76615">
        <ele>88.85</ele>
        <time>2026-06-30T17:33:57Z</time>
      </trkpt>
      <trkpt lat="33.58914" lon="-117.76613">
        <ele>88.45</ele>
        <time>2026-06-30T17:34:00Z</time>
      </trkpt>
      <trkpt lat="33.58911" lon="-117.7661">
        <ele>88.17</ele>
        <time>2026-06-30T17:34:03Z</time>
      </trkpt>
      <trkpt lat="33.58908" lon="-117.76608">
        <ele>88.29</ele>
        <time>2026-06-30T17:34:06Z</time>
      </trkpt>
      <trkpt lat="33.58905" lon="-117.76605">
        <ele>88.64</ele>
        <time>2026-06-30T17:34:09Z</time>
      </trkpt>
      <trkpt lat="33.58902" lon="-117.76604">
        <ele>89.49</ele>
        <time>2026-06-30T17:34:11Z</time>
      </trkpt>
      <trkpt lat="33.589" lon="-117.76602">
        <ele>89.46</ele>
        <time>2026-06-30T17:34:13Z</time>
      </trkpt>
      <trkpt lat="33.58898" lon="-117.76599">
        <ele>89.17</ele>
        <time>2026-06-30T17:34:15Z</time>
      </trkpt>
      <trkpt lat="33.58896" lon="-117.76596">
        <ele>89.5</ele>
        <time>2026-06-30T17:34:17Z</time>
      </trkpt>
      <trkpt lat="33.58894" lon="-117.76592">
        <ele>89.57</ele>
        <time>2026-06-30T17:34:19Z</time>
      </trkpt>
      <trkpt lat="33.58892" lon="-117.76589">
        <ele>89.95</ele>
        <time>2026-06-30T17:34:21Z</time>
      </trkpt>
      <trkpt lat="33.58891" lon="-117.76586">
        <ele>89.43</ele>
        <time>2026-06-30T17:34:23Z</time>
      </trkpt>
      <trkpt lat="33.58889" lon="-117.76583">
        <ele>88.9</ele>
        <time>2026-06-30T17:34:25Z</time>
      </trkpt>
      <trkpt lat="33.58888" lon="-117.7658">
        <ele>88.4</ele>
        <time>2026-06-30T17:34:27Z</time>
      </trkpt>
      <trkpt lat="33.58887" lon="-117.76577">
        <ele>87.76</ele>
        <time>2026-06-30T17:34:29Z</time>
      </trkpt>
      <trkpt lat="33.58885" lon="-117.76573">
        <ele>86.98</ele>
        <time>2026-06-30T17:34:32Z</time>
      </trkpt>
      <trkpt lat="33.58883" lon="-117.7657">
        <ele>87.12</ele>
        <time>2026-06-30T17:34:35Z</time>
      </trkpt>
      <trkpt lat="33.5888" lon="-117.7657">
        <ele>87.4</ele>
        <time>2026-06-30T17:34:39Z</time>
      </trkpt>
      <trkpt lat="33.58877" lon="-117.76569">
        <ele>87.52</ele>
        <time>2026-06-30T17:34:43Z</time>
      </trkpt>
      <trkpt lat="33.58874" lon="-117.76568">
        <ele>87.47</ele>
        <time>2026-06-30T17:34:46Z</time>
      </trkpt>
      <trkpt lat="33.58871" lon="-117.76567">
        <ele>87.27</ele>
        <time>2026-06-30T17:34:49Z</time>
      </trkpt>
      <trkpt lat="33.58867" lon="-117.76566">
        <ele>87.08</ele>
        <time>2026-06-30T17:34:52Z</time>
      </trkpt>
      <trkpt lat="33.58864" lon="-117.76564">
        <ele>86.76</ele>
        <time>2026-06-30T17:34:55Z</time>
      </trkpt>
      <trkpt lat="33.58861" lon="-117.76563">
        <ele>86.4</ele>
        <time>2026-06-30T17:34:58Z</time>
      </trkpt>
      <trkpt lat="33.58858" lon="-117.76563">
        <ele>86.14</ele>
        <time>2026-06-30T17:35:01Z</time>
      </trkpt>
      <trkpt lat="33.58855" lon="-117.76564">
        <ele>86.13</ele>
        <time>2026-06-30T17:35:04Z</time>
      </trkpt>
      <trkpt lat="33.58851" lon="-117.76564">
        <ele>85.83</ele>
        <time>2026-06-30T17:35:07Z</time>
      </trkpt>
      <trkpt lat="33.58848" lon="-117.76564">
        <ele>85.86</ele>
        <time>2026-06-30T17:35:10Z</time>
      </trkpt>
      <trkpt lat="33.58845" lon="-117.76564">
        <ele>85.89</ele>
        <time>2026-06-30T17:35:13Z</time>
      </trkpt>
      <trkpt lat="33.58842" lon="-117.76563">
        <ele>85.77</ele>
        <time>2026-06-30T17:35:16Z</time>
      </trkpt>
      <trkpt lat="33.58838" lon="-117.76562">
        <ele>85.5</ele>
        <time>2026-06-30T17:35:19Z</time>
      </trkpt>
      <trkpt lat="33.58835" lon="-117.76561">
        <ele>85.44</ele>
        <time>2026-06-30T17:35:22Z</time>
      </trkpt>
      <trkpt lat="33.58832" lon="-117.76561">
        <ele>85.44</ele>
        <time>2026-06-30T17:35:25Z</time>
      </trkpt>
      <trkpt lat="33.58828" lon="-117.7656">
        <ele>85.5</ele>
        <time>2026-06-30T17:35:28Z</time>
      </trkpt>
      <trkpt lat="33.58825" lon="-117.76559">
        <ele>85.4</ele>
        <time>2026-06-30T17:35:31Z</time>
      </trkpt>
      <trkpt lat="33.58822" lon="-117.76558">
        <ele>85.32</ele>
        <time>2026-06-30T17:35:34Z</time>
      </trkpt>
      <trkpt lat="33.58818" lon="-117.76556">
        <ele>85.08</ele>
        <time>2026-06-30T17:35:37Z</time>
      </trkpt>
      <trkpt lat="33.58815" lon="-117.76554">
        <ele>85.0</ele>
        <time>2026-06-30T17:35:40Z</time>
      </trkpt>
      <trkpt lat="33.58811" lon="-117.76551">
        <ele>85.0</ele>
        <time>2026-06-30T17:35:43Z</time>
      </trkpt>
      <trkpt lat="33.58809" lon="-117.7655">
        <ele>85.0</ele>
        <time>2026-06-30T17:35:46Z</time>
      </trkpt>
      <trkpt lat="33.58806" lon="-117.76549">
        <ele>85.0</ele>
        <time>2026-06-30T17:35:49Z</time>
      </trkpt>
      <trkpt lat="33.58802" lon="-117.76549">
        <ele>85.22</ele>
        <time>2026-06-30T17:35:52Z</time>
      </trkpt>
      <trkpt lat="33.58799" lon="-117.76549">
        <ele>85.41</ele>
        <time>2026-06-30T17:35:55Z</time>
      </trkpt>
      <trkpt lat="33.58795" lon="-117.76547">
        <ele>85.01</ele>
        <time>2026-06-30T17:35:58Z</time>
      </trkpt>
      <trkpt lat="33.58792" lon="-117.76546">
        <ele>84.52</ele>
        <time>2026-06-30T17:36:01Z</time>
      </trkpt>
      <trkpt lat="33.58788" lon="-117.76545">
        <ele>84.09</ele>
        <time>2026-06-30T17:36:04Z</time>
      </trkpt>
      <trkpt lat="33.58785" lon="-117.76544">
        <ele>84.17</ele>
        <time>2026-06-30T17:36:07Z</time>
      </trkpt>
      <trkpt lat="33.58782" lon="-117.76543">
        <ele>84.35</ele>
        <time>2026-06-30T17:36:10Z</time>
      </trkpt>
      <trkpt lat="33.58778" lon="-117.76541">
        <ele>84.42</ele>
        <time>2026-06-30T17:36:13Z</time>
      </trkpt>
      <trkpt lat="33.58775" lon="-117.7654">
        <ele>84.32</ele>
        <time>2026-06-30T17:36:16Z</time>
      </trkpt>
      <trkpt lat="33.58771" lon="-117.76539">
        <ele>84.21</ele>
        <time>2026-06-30T17:36:19Z</time>
      </trkpt>
      <trkpt lat="33.58768" lon="-117.76538">
        <ele>84.1</ele>
        <time>2026-06-30T17:36:22Z</time>
      </trkpt>
      <trkpt lat="33.58765" lon="-117.76536">
        <ele>84.0</ele>
        <time>2026-06-30T17:36:25Z</time>
      </trkpt>
      <trkpt lat="33.58762" lon="-117.76534">
        <ele>84.0</ele>
        <time>2026-06-30T17:36:28Z</time>
      </trkpt>
      <trkpt lat="33.58759" lon="-117.76533">
        <ele>84.02</ele>
        <time>2026-06-30T17:36:31Z</time>
      </trkpt>
      <trkpt lat="33.58756" lon="-117.76531">
        <ele>84.12</ele>
        <time>2026-06-30T17:36:34Z</time>
      </trkpt>
      <trkpt lat="33.58753" lon="-117.7653">
        <ele>84.16</ele>
        <time>2026-06-30T17:36:37Z</time>
      </trkpt>
      <trkpt lat="33.5875" lon="-117.76529">
        <ele>84.13</ele>
        <time>2026-06-30T17:36:40Z</time>
      </trkpt>
      <trkpt lat="33.58747" lon="-117.76527">
        <ele>83.89</ele>
        <time>2026-06-30T17:36:43Z</time>
      </trkpt>
      <trkpt lat="33.58744" lon="-117.76526">
        <ele>83.86</ele>
        <time>2026-06-30T17:36:46Z</time>
      </trkpt>
      <trkpt lat="33.58741" lon="-117.76525">
        <ele>83.98</ele>
        <time>2026-06-30T17:36:49Z</time>
      </trkpt>
      <trkpt lat="33.58737" lon="-117.76524">
        <ele>83.84</ele>
        <time>2026-06-30T17:36:52Z</time>
      </trkpt>
      <trkpt lat="33.58734" lon="-117.76522">
        <ele>83.55</ele>
        <time>2026-06-30T17:36:55Z</time>
      </trkpt>
      <trkpt lat="33.58731" lon="-117.76521">
        <ele>83.31</ele>
        <time>2026-06-30T17:36:58Z</time>
      </trkpt>
      <trkpt lat="33.5873" lon="-117.76518">
        <ele>83.06</ele>
        <time>2026-06-30T17:37:02Z</time>
      </trkpt>
      <trkpt lat="33.58727" lon="-117.76516">
        <ele>83.07</ele>
        <time>2026-06-30T17:37:05Z</time>
      </trkpt>
      <trkpt lat="33.58724" lon="-117.76514">
        <ele>83.23</ele>
        <time>2026-06-30T17:37:08Z</time>
      </trkpt>
      <trkpt lat="33.58721" lon="-117.76512">
        <ele>83.26</ele>
        <time>2026-06-30T17:37:11Z</time>
      </trkpt>
      <trkpt lat="33.58718" lon="-117.7651">
        <ele>83.04</ele>
        <time>2026-06-30T17:37:14Z</time>
      </trkpt>
      <trkpt lat="33.58715" lon="-117.76508">
        <ele>82.94</ele>
        <time>2026-06-30T17:37:17Z</time>
      </trkpt>
      <trkpt lat="33.58712" lon="-117.76506">
        <ele>82.96</ele>
        <time>2026-06-30T17:37:20Z</time>
      </trkpt>
      <trkpt lat="33.58709" lon="-117.76504">
        <ele>82.76</ele>
        <time>2026-06-30T17:37:23Z</time>
      </trkpt>
      <trkpt lat="33.58706" lon="-117.76501">
        <ele>82.33</ele>
        <time>2026-06-30T17:37:26Z</time>
      </trkpt>
      <trkpt lat="33.58702" lon="-117.76499">
        <ele>81.99</ele>
        <time>2026-06-30T17:37:29Z</time>
      </trkpt>
      <trkpt lat="33.58699" lon="-117.76498">
        <ele>82.19</ele>
        <time>2026-06-30T17:37:32Z</time>
      </trkpt>
      <trkpt lat="33.58696" lon="-117.76496">
        <ele>82.33</ele>
        <time>2026-06-30T17:37:35Z</time>
      </trkpt>
      <trkpt lat="33.58692" lon="-117.76494">
        <ele>82.35</ele>
        <time>2026-06-30T17:37:38Z</time>
      </trkpt>
      <trkpt lat="33.5869" lon="-117.76491">
        <ele>82.03</ele>
        <time>2026-06-30T17:37:41Z</time>
      </trkpt>
      <trkpt lat="33.58686" lon="-117.76489">
        <ele>81.62</ele>
        <time>2026-06-30T17:37:44Z</time>
      </trkpt>
      <trkpt lat="33.58683" lon="-117.76488">
        <ele>81.48</ele>
        <time>2026-06-30T17:37:47Z</time>
      </trkpt>
      <trkpt lat="33.5868" lon="-117.76486">
        <ele>81.26</ele>
        <time>2026-06-30T17:37:50Z</time>
      </trkpt>
      <trkpt lat="33.58676" lon="-117.76485">
        <ele>81.38</ele>
        <time>2026-06-30T17:37:53Z</time>
      </trkpt>
      <trkpt lat="33.58673" lon="-117.76483">
        <ele>81.43</ele>
        <time>2026-06-30T17:37:56Z</time>
      </trkpt>
      <trkpt lat="33.58669" lon="-117.76482">
        <ele>81.76</ele>
        <time>2026-06-30T17:37:59Z</time>
      </trkpt>
      <trkpt lat="33.58666" lon="-117.76484">
        <ele>82.0</ele>
        <time>2026-06-30T17:38:02Z</time>
      </trkpt>
      <trkpt lat="33.58664" lon="-117.76486">
        <ele>82.0</ele>
        <time>2026-06-30T17:38:04Z</time>
      </trkpt>
      <trkpt lat="33.5866" lon="-117.76486">
        <ele>82.0</ele>
        <time>2026-06-30T17:38:07Z</time>
      </trkpt>
      <trkpt lat="33.58657" lon="-117.76484">
        <ele>82.0</ele>
        <time>2026-06-30T17:38:10Z</time>
      </trkpt>
      <trkpt lat="33.58653" lon="-117.76482">
        <ele>82.0</ele>
        <time>2026-06-30T17:38:13Z</time>
      </trkpt>
      <trkpt lat="33.58651" lon="-117.7648">
        <ele>82.0</ele>
        <time>2026-06-30T17:38:15Z</time>
      </trkpt>
      <trkpt lat="33.58648" lon="-117.76479">
        <ele>82.0</ele>
        <time>2026-06-30T17:38:18Z</time>
      </trkpt>
      <trkpt lat="33.58644" lon="-117.76478">
        <ele>82.0</ele>
        <time>2026-06-30T17:38:21Z</time>
      </trkpt>
      <trkpt lat="33.58641" lon="-117.76478">
        <ele>82.0</ele>
        <time>2026-06-30T17:38:24Z</time>
      </trkpt>
      <trkpt lat="33.58638" lon="-117.76477">
        <ele>82.0</ele>
        <time>2026-06-30T17:38:27Z</time>
      </trkpt>
      <trkpt lat="33.58634" lon="-117.76476">
        <ele>82.0</ele>
        <time>2026-06-30T17:38:30Z</time>
      </trkpt>
      <trkpt lat="33.58631" lon="-117.76475">
        <ele>82.0</ele>
        <time>2026-06-30T17:38:33Z</time>
      </trkpt>
      <trkpt lat="33.58627" lon="-117.76474">
        <ele>82.05</ele>
        <time>2026-06-30T17:38:36Z</time>
      </trkpt>
      <trkpt lat="33.58624" lon="-117.76472">
        <ele>81.99</ele>
        <time>2026-06-30T17:38:39Z</time>
      </trkpt>
      <trkpt lat="33.58621" lon="-117.76471">
        <ele>81.99</ele>
        <time>2026-06-30T17:38:42Z</time>
      </trkpt>
      <trkpt lat="33.58617" lon="-117.76469">
        <ele>81.87</ele>
        <time>2026-06-30T17:38:45Z</time>
      </trkpt>
      <trkpt lat="33.58614" lon="-117.76468">
        <ele>81.69</ele>
        <time>2026-06-30T17:38:48Z</time>
      </trkpt>
      <trkpt lat="33.58611" lon="-117.76466">
        <ele>81.34</ele>
        <time>2026-06-30T17:38:52Z</time>
      </trkpt>
      <trkpt lat="33.58608" lon="-117.76464">
        <ele>81.45</ele>
        <time>2026-06-30T17:38:56Z</time>
      </trkpt>
      <trkpt lat="33.58606" lon="-117.76461">
        <ele>81.43</ele>
        <time>2026-06-30T17:39:00Z</time>
      </trkpt>
      <trkpt lat="33.58605" lon="-117.76458">
        <ele>81.31</ele>
        <time>2026-06-30T17:39:03Z</time>
      </trkpt>
      <trkpt lat="33.58603" lon="-117.76455">
        <ele>81.12</ele>
        <time>2026-06-30T17:39:05Z</time>
      </trkpt>
      <trkpt lat="33.58601" lon="-117.76451">
        <ele>81.07</ele>
        <time>2026-06-30T17:39:07Z</time>
      </trkpt>
      <trkpt lat="33.586" lon="-117.76448">
        <ele>81.08</ele>
        <time>2026-06-30T17:39:09Z</time>
      </trkpt>
      <trkpt lat="33.58598" lon="-117.76445">
        <ele>81.02</ele>
        <time>2026-06-30T17:39:11Z</time>
      </trkpt>
      <trkpt lat="33.58596" lon="-117.76443">
        <ele>81.0</ele>
        <time>2026-06-30T17:39:13Z</time>
      </trkpt>
      <trkpt lat="33.58594" lon="-117.7644">
        <ele>81.0</ele>
        <time>2026-06-30T17:39:15Z</time>
      </trkpt>
      <trkpt lat="33.58592" lon="-117.76438">
        <ele>80.96</ele>
        <time>2026-06-30T17:39:17Z</time>
      </trkpt>
      <trkpt lat="33.58589" lon="-117.76435">
        <ele>80.61</ele>
        <time>2026-06-30T17:39:20Z</time>
      </trkpt>
      <trkpt lat="33.58586" lon="-117.76432">
        <ele>80.29</ele>
        <time>2026-06-30T17:39:23Z</time>
      </trkpt>
      <trkpt lat="33.58583" lon="-117.76429">
        <ele>80.0</ele>
        <time>2026-06-30T17:39:26Z</time>
      </trkpt>
      <trkpt lat="33.58581" lon="-117.76426">
        <ele>80.0</ele>
        <time>2026-06-30T17:39:29Z</time>
      </trkpt>
      <trkpt lat="33.58579" lon="-117.76424">
        <ele>80.0</ele>
        <time>2026-06-30T17:39:32Z</time>
      </trkpt>
      <trkpt lat="33.58577" lon="-117.76421">
        <ele>80.0</ele>
        <time>2026-06-30T17:39:35Z</time>
      </trkpt>
      <trkpt lat="33.58575" lon="-117.76419">
        <ele>80.0</ele>
        <time>2026-06-30T17:39:43Z</time>
      </trkpt>
      <trkpt lat="33.58573" lon="-117.76417">
        <ele>80.0</ele>
        <time>2026-06-30T17:39:46Z</time>
      </trkpt>
      <trkpt lat="33.58571" lon="-117.76414">
        <ele>80.0</ele>
        <time>2026-06-30T17:39:49Z</time>
      </trkpt>
      <trkpt lat="33.58569" lon="-117.76411">
        <ele>80.0</ele>
        <time>2026-06-30T17:39:52Z</time>
      </trkpt>
      <trkpt lat="33.58567" lon="-117.76409">
        <ele>80.0</ele>
        <time>2026-06-30T17:39:55Z</time>
      </trkpt>
      <trkpt lat="33.58564" lon="-117.76406">
        <ele>79.99</ele>
        <time>2026-06-30T17:39:58Z</time>
      </trkpt>
      <trkpt lat="33.58561" lon="-117.76403">
        <ele>79.8</ele>
        <time>2026-06-30T17:40:01Z</time>
      </trkpt>
      <trkpt lat="33.58558" lon="-117.764">
        <ele>79.41</ele>
        <time>2026-06-30T17:40:04Z</time>
      </trkpt>
      <trkpt lat="33.58557" lon="-117.76397">
        <ele>79.14</ele>
        <time>2026-06-30T17:40:06Z</time>
      </trkpt>
      <trkpt lat="33.58555" lon="-117.76394">
        <ele>79.0</ele>
        <time>2026-06-30T17:40:08Z</time>
      </trkpt>
      <trkpt lat="33.58553" lon="-117.7639">
        <ele>79.0</ele>
        <time>2026-06-30T17:40:11Z</time>
      </trkpt>
      <trkpt lat="33.5855" lon="-117.76388">
        <ele>79.0</ele>
        <time>2026-06-30T17:40:14Z</time>
      </trkpt>
      <trkpt lat="33.58548" lon="-117.76385">
        <ele>79.0</ele>
        <time>2026-06-30T17:40:17Z</time>
      </trkpt>
      <trkpt lat="33.58545" lon="-117.76382">
        <ele>79.0</ele>
        <time>2026-06-30T17:40:20Z</time>
      </trkpt>
      <trkpt lat="33.58543" lon="-117.7638">
        <ele>79.0</ele>
        <time>2026-06-30T17:40:23Z</time>
      </trkpt>
      <trkpt lat="33.58539" lon="-117.76377">
        <ele>79.0</ele>
        <time>2026-06-30T17:40:26Z</time>
      </trkpt>
      <trkpt lat="33.58536" lon="-117.76374">
        <ele>78.93</ele>
        <time>2026-06-30T17:40:29Z</time>
      </trkpt>
      <trkpt lat="33.58533" lon="-117.76371">
        <ele>78.59</ele>
        <time>2026-06-30T17:40:32Z</time>
      </trkpt>
      <trkpt lat="33.58531" lon="-117.76368">
        <ele>78.35</ele>
        <time>2026-06-30T17:40:35Z</time>
      </trkpt>
      <trkpt lat="33.58528" lon="-117.76365">
        <ele>78.02</ele>
        <time>2026-06-30T17:40:38Z</time>
      </trkpt>
      <trkpt lat="33.58526" lon="-117.76363">
        <ele>78.0</ele>
        <time>2026-06-30T17:40:41Z</time>
      </trkpt>
      <trkpt lat="33.58523" lon="-117.7636">
        <ele>78.0</ele>
        <time>2026-06-30T17:40:44Z</time>
      </trkpt>
      <trkpt lat="33.5852" lon="-117.76357">
        <ele>78.0</ele>
        <time>2026-06-30T17:40:47Z</time>
      </trkpt>
      <trkpt lat="33.58518" lon="-117.76355">
        <ele>78.0</ele>
        <time>2026-06-30T17:40:50Z</time>
      </trkpt>
      <trkpt lat="33.58515" lon="-117.76352">
        <ele>78.0</ele>
        <time>2026-06-30T17:40:53Z</time>
      </trkpt>
      <trkpt lat="33.58513" lon="-117.76349">
        <ele>78.0</ele>
        <time>2026-06-30T17:40:56Z</time>
      </trkpt>
      <trkpt lat="33.58511" lon="-117.76346">
        <ele>78.0</ele>
        <time>2026-06-30T17:40:59Z</time>
      </trkpt>
      <trkpt lat="33.58508" lon="-117.76343">
        <ele>78.0</ele>
        <time>2026-06-30T17:41:02Z</time>
      </trkpt>
      <trkpt lat="33.58506" lon="-117.7634">
        <ele>77.9</ele>
        <time>2026-06-30T17:41:05Z</time>
      </trkpt>
      <trkpt lat="33.58503" lon="-117.76337">
        <ele>77.59</ele>
        <time>2026-06-30T17:41:08Z</time>
      </trkpt>
      <trkpt lat="33.58501" lon="-117.76335">
        <ele>77.27</ele>
        <time>2026-06-30T17:41:11Z</time>
      </trkpt>
      <trkpt lat="33.58498" lon="-117.76332">
        <ele>77.0</ele>
        <time>2026-06-30T17:41:14Z</time>
      </trkpt>
      <trkpt lat="33.58496" lon="-117.76329">
        <ele>77.0</ele>
        <time>2026-06-30T17:41:17Z</time>
      </trkpt>
      <trkpt lat="33.58493" lon="-117.76326">
        <ele>77.0</ele>
        <time>2026-06-30T17:41:20Z</time>
      </trkpt>
      <trkpt lat="33.58491" lon="-117.76323">
        <ele>77.0</ele>
        <time>2026-06-30T17:41:23Z</time>
      </trkpt>
      <trkpt lat="33.58488" lon="-117.7632">
        <ele>77.0</ele>
        <time>2026-06-30T17:41:26Z</time>
      </trkpt>
      <trkpt lat="33.58485" lon="-117.76317">
        <ele>77.0</ele>
        <time>2026-06-30T17:41:29Z</time>
      </trkpt>
      <trkpt lat="33.58483" lon="-117.76314">
        <ele>77.0</ele>
        <time>2026-06-30T17:41:32Z</time>
      </trkpt>
      <trkpt lat="33.5848" lon="-117.76312">
        <ele>77.0</ele>
        <time>2026-06-30T17:41:35Z</time>
      </trkpt>
      <trkpt lat="33.58477" lon="-117.76309">
        <ele>77.0</ele>
        <time>2026-06-30T17:41:38Z</time>
      </trkpt>
      <trkpt lat="33.58474" lon="-117.76306">
        <ele>77.0</ele>
        <time>2026-06-30T17:41:41Z</time>
      </trkpt>
      <trkpt lat="33.58472" lon="-117.76303">
        <ele>76.99</ele>
        <time>2026-06-30T17:41:44Z</time>
      </trkpt>
      <trkpt lat="33.58469" lon="-117.76301">
        <ele>76.83</ele>
        <time>2026-06-30T17:41:47Z</time>
      </trkpt>
      <trkpt lat="33.58466" lon="-117.76298">
        <ele>76.45</ele>
        <time>2026-06-30T17:41:50Z</time>
      </trkpt>
      <trkpt lat="33.58463" lon="-117.76296">
        <ele>76.0</ele>
        <time>2026-06-30T17:41:53Z</time>
      </trkpt>
      <trkpt lat="33.5846" lon="-117.76293">
        <ele>76.21</ele>
        <time>2026-06-30T17:41:56Z</time>
      </trkpt>
      <trkpt lat="33.58457" lon="-117.76291">
        <ele>76.28</ele>
        <time>2026-06-30T17:41:59Z</time>
      </trkpt>
      <trkpt lat="33.58455" lon="-117.76288">
        <ele>76.09</ele>
        <time>2026-06-30T17:42:02Z</time>
      </trkpt>
      <trkpt lat="33.58452" lon="-117.76285">
        <ele>76.0</ele>
        <time>2026-06-30T17:42:05Z</time>
      </trkpt>
      <trkpt lat="33.58449" lon="-117.76283">
        <ele>76.0</ele>
        <time>2026-06-30T17:42:08Z</time>
      </trkpt>
      <trkpt lat="33.58446" lon="-117.7628">
        <ele>76.0</ele>
        <time>2026-06-30T17:42:11Z</time>
      </trkpt>
      <trkpt lat="33.58443" lon="-117.76278">
        <ele>76.0</ele>
        <time>2026-06-30T17:42:14Z</time>
      </trkpt>
      <trkpt lat="33.5844" lon="-117.76275">
        <ele>75.86</ele>
        <time>2026-06-30T17:42:17Z</time>
      </trkpt>
      <trkpt lat="33.58437" lon="-117.76272">
        <ele>75.5</ele>
        <time>2026-06-30T17:42:20Z</time>
      </trkpt>
      <trkpt lat="33.58435" lon="-117.76269">
        <ele>75.05</ele>
        <time>2026-06-30T17:42:23Z</time>
      </trkpt>
      <trkpt lat="33.58432" lon="-117.76266">
        <ele>75.0</ele>
        <time>2026-06-30T17:42:26Z</time>
      </trkpt>
      <trkpt lat="33.58429" lon="-117.76263">
        <ele>75.0</ele>
        <time>2026-06-30T17:42:29Z</time>
      </trkpt>
      <trkpt lat="33.58426" lon="-117.76261">
        <ele>75.0</ele>
        <time>2026-06-30T17:42:32Z</time>
      </trkpt>
      <trkpt lat="33.58424" lon="-117.76258">
        <ele>75.0</ele>
        <time>2026-06-30T17:42:35Z</time>
      </trkpt>
      <trkpt lat="33.58421" lon="-117.76255">
        <ele>75.0</ele>
        <time>2026-06-30T17:42:38Z</time>
      </trkpt>
      <trkpt lat="33.58418" lon="-117.76252">
        <ele>75.0</ele>
        <time>2026-06-30T17:42:41Z</time>
      </trkpt>
      <trkpt lat="33.58415" lon="-117.76249">
        <ele>75.0</ele>
        <time>2026-06-30T17:42:44Z</time>
      </trkpt>
      <trkpt lat="33.58413" lon="-117.76247">
        <ele>75.0</ele>
        <time>2026-06-30T17:42:47Z</time>
      </trkpt>
      <trkpt lat="33.5841" lon="-117.76244">
        <ele>75.0</ele>
        <time>2026-06-30T17:42:50Z</time>
      </trkpt>
      <trkpt lat="33.58407" lon="-117.76241">
        <ele>74.96</ele>
        <time>2026-06-30T17:42:53Z</time>
      </trkpt>
      <trkpt lat="33.58405" lon="-117.76238">
        <ele>74.52</ele>
        <time>2026-06-30T17:42:56Z</time>
      </trkpt>
      <trkpt lat="33.58403" lon="-117.76234">
        <ele>74.14</ele>
        <time>2026-06-30T17:42:58Z</time>
      </trkpt>
      <trkpt lat="33.58401" lon="-117.76231">
        <ele>74.0</ele>
        <time>2026-06-30T17:43:00Z</time>
      </trkpt>
      <trkpt lat="33.584" lon="-117.76228">
        <ele>74.0</ele>
        <time>2026-06-30T17:43:02Z</time>
      </trkpt>
      <trkpt lat="33.58397" lon="-117.76225">
        <ele>74.0</ele>
        <time>2026-06-30T17:43:05Z</time>
      </trkpt>
      <trkpt lat="33.58394" lon="-117.76222">
        <ele>74.0</ele>
        <time>2026-06-30T17:43:08Z</time>
      </trkpt>
      <trkpt lat="33.58392" lon="-117.7622">
        <ele>74.0</ele>
        <time>2026-06-30T17:43:11Z</time>
      </trkpt>
      <trkpt lat="33.58389" lon="-117.76218">
        <ele>74.0</ele>
        <time>2026-06-30T17:43:14Z</time>
      </trkpt>
      <trkpt lat="33.58386" lon="-117.76216">
        <ele>74.0</ele>
        <time>2026-06-30T17:43:17Z</time>
      </trkpt>
      <trkpt lat="33.58384" lon="-117.76214">
        <ele>74.0</ele>
        <time>2026-06-30T17:43:20Z</time>
      </trkpt>
      <trkpt lat="33.58381" lon="-117.76212">
        <ele>74.0</ele>
        <time>2026-06-30T17:43:23Z</time>
      </trkpt>
      <trkpt lat="33.58378" lon="-117.7621">
        <ele>73.82</ele>
        <time>2026-06-30T17:43:26Z</time>
      </trkpt>
      <trkpt lat="33.58376" lon="-117.76208">
        <ele>73.61</ele>
        <time>2026-06-30T17:43:29Z</time>
      </trkpt>
      <trkpt lat="33.58373" lon="-117.76206">
        <ele>73.28</ele>
        <time>2026-06-30T17:43:32Z</time>
      </trkpt>
      <trkpt lat="33.5837" lon="-117.76204">
        <ele>73.0</ele>
        <time>2026-06-30T17:43:35Z</time>
      </trkpt>
      <trkpt lat="33.58367" lon="-117.76202">
        <ele>73.18</ele>
        <time>2026-06-30T17:43:38Z</time>
      </trkpt>
      <trkpt lat="33.58364" lon="-117.762">
        <ele>73.4</ele>
        <time>2026-06-30T17:43:41Z</time>
      </trkpt>
      <trkpt lat="33.58362" lon="-117.76199">
        <ele>73.51</ele>
        <time>2026-06-30T17:43:44Z</time>
      </trkpt>
      <trkpt lat="33.58359" lon="-117.76197">
        <ele>73.56</ele>
        <time>2026-06-30T17:43:47Z</time>
      </trkpt>
      <trkpt lat="33.58354" lon="-117.76196">
        <ele>73.19</ele>
        <time>2026-06-30T17:43:50Z</time>
      </trkpt>
      <trkpt lat="33.5835" lon="-117.76195">
        <ele>73.0</ele>
        <time>2026-06-30T17:43:52Z</time>
      </trkpt>
      <trkpt lat="33.58347" lon="-117.76194">
        <ele>73.0</ele>
        <time>2026-06-30T17:43:54Z</time>
      </trkpt>
      <trkpt lat="33.58344" lon="-117.76193">
        <ele>73.0</ele>
        <time>2026-06-30T17:43:56Z</time>
      </trkpt>
      <trkpt lat="33.58341" lon="-117.76193">
        <ele>72.83</ele>
        <time>2026-06-30T17:43:59Z</time>
      </trkpt>
      <trkpt lat="33.58337" lon="-117.76193">
        <ele>72.4</ele>
        <time>2026-06-30T17:44:02Z</time>
      </trkpt>
      <trkpt lat="33.58334" lon="-117.76193">
        <ele>72.07</ele>
        <time>2026-06-30T17:44:05Z</time>
      </trkpt>
      <trkpt lat="33.5833" lon="-117.76193">
        <ele>72.0</ele>
        <time>2026-06-30T17:44:08Z</time>
      </trkpt>
      <trkpt lat="33.58327" lon="-117.76192">
        <ele>72.0</ele>
        <time>2026-06-30T17:44:11Z</time>
      </trkpt>
      <trkpt lat="33.58324" lon="-117.76191">
        <ele>72.0</ele>
        <time>2026-06-30T17:44:14Z</time>
      </trkpt>
      <trkpt lat="33.58321" lon="-117.7619">
        <ele>72.0</ele>
        <time>2026-06-30T17:44:18Z</time>
      </trkpt>
      <trkpt lat="33.58318" lon="-117.76189">
        <ele>72.0</ele>
        <time>2026-06-30T17:44:21Z</time>
      </trkpt>
      <trkpt lat="33.58315" lon="-117.76188">
        <ele>72.0</ele>
        <time>2026-06-30T17:44:24Z</time>
      </trkpt>
      <trkpt lat="33.58312" lon="-117.76188">
        <ele>72.0</ele>
        <time>2026-06-30T17:44:27Z</time>
      </trkpt>
      <trkpt lat="33.58308" lon="-117.76188">
        <ele>72.0</ele>
        <time>2026-06-30T17:44:30Z</time>
      </trkpt>
      <trkpt lat="33.58305" lon="-117.76187">
        <ele>71.95</ele>
        <time>2026-06-30T17:44:33Z</time>
      </trkpt>
      <trkpt lat="33.58302" lon="-117.76187">
        <ele>71.69</ele>
        <time>2026-06-30T17:44:36Z</time>
      </trkpt>
      <trkpt lat="33.58298" lon="-117.76186">
        <ele>71.26</ele>
        <time>2026-06-30T17:44:39Z</time>
      </trkpt>
      <trkpt lat="33.58295" lon="-117.76186">
        <ele>71.09</ele>
        <time>2026-06-30T17:44:42Z</time>
      </trkpt>
      <trkpt lat="33.58291" lon="-117.76185">
        <ele>71.0</ele>
        <time>2026-06-30T17:44:45Z</time>
      </trkpt>
      <trkpt lat="33.58287" lon="-117.76184">
        <ele>71.0</ele>
        <time>2026-06-30T17:44:48Z</time>
      </trkpt>
      <trkpt lat="33.58284" lon="-117.76183">
        <ele>71.0</ele>
        <time>2026-06-30T17:44:51Z</time>
      </trkpt>
      <trkpt lat="33.5828" lon="-117.76182">
        <ele>71.0</ele>
        <time>2026-06-30T17:44:54Z</time>
      </trkpt>
      <trkpt lat="33.58277" lon="-117.76181">
        <ele>71.0</ele>
        <time>2026-06-30T17:44:57Z</time>
      </trkpt>
      <trkpt lat="33.58273" lon="-117.76181">
        <ele>71.0</ele>
        <time>2026-06-30T17:45:00Z</time>
      </trkpt>
      <trkpt lat="33.58269" lon="-117.76181">
        <ele>71.0</ele>
        <time>2026-06-30T17:45:03Z</time>
      </trkpt>
      <trkpt lat="33.58266" lon="-117.7618">
        <ele>71.0</ele>
        <time>2026-06-30T17:45:06Z</time>
      </trkpt>
      <trkpt lat="33.58263" lon="-117.7618">
        <ele>71.0</ele>
        <time>2026-06-30T17:45:09Z</time>
      </trkpt>
      <trkpt lat="33.5826" lon="-117.7618">
        <ele>71.0</ele>
        <time>2026-06-30T17:45:12Z</time>
      </trkpt>
      <trkpt lat="33.58257" lon="-117.7618">
        <ele>71.11</ele>
        <time>2026-06-30T17:45:15Z</time>
      </trkpt>
      <trkpt lat="33.58253" lon="-117.7618">
        <ele>71.3</ele>
        <time>2026-06-30T17:45:19Z</time>
      </trkpt>
      <trkpt lat="33.5825" lon="-117.7618">
        <ele>71.44</ele>
        <time>2026-06-30T17:45:22Z</time>
      </trkpt>
      <trkpt lat="33.58247" lon="-117.7618">
        <ele>71.76</ele>
        <time>2026-06-30T17:45:25Z</time>
      </trkpt>
      <trkpt lat="33.58243" lon="-117.7618">
        <ele>72.2</ele>
        <time>2026-06-30T17:45:28Z</time>
      </trkpt>
      <trkpt lat="33.58239" lon="-117.76179">
        <ele>72.96</ele>
        <time>2026-06-30T17:45:31Z</time>
      </trkpt>
      <trkpt lat="33.58236" lon="-117.76179">
        <ele>74.04</ele>
        <time>2026-06-30T17:45:34Z</time>
      </trkpt>
      <trkpt lat="33.58232" lon="-117.76179">
        <ele>75.48</ele>
        <time>2026-06-30T17:45:37Z</time>
      </trkpt>
      <trkpt lat="33.58229" lon="-117.76179">
        <ele>76.47</ele>
        <time>2026-06-30T17:45:40Z</time>
      </trkpt>
      <trkpt lat="33.58225" lon="-117.76179">
        <ele>77.77</ele>
        <time>2026-06-30T17:45:43Z</time>
      </trkpt>
      <trkpt lat="33.58221" lon="-117.76179">
        <ele>79.11</ele>
        <time>2026-06-30T17:45:47Z</time>
      </trkpt>
      <trkpt lat="33.58218" lon="-117.76179">
        <ele>80.19</ele>
        <time>2026-06-30T17:45:51Z</time>
      </trkpt>
      <trkpt lat="33.58214" lon="-117.76179">
        <ele>81.63</ele>
        <time>2026-06-30T17:45:55Z</time>
      </trkpt>
      <trkpt lat="33.58218" lon="-117.76179">
        <ele>80.19</ele>
        <time>2026-06-30T17:46:00Z</time>
      </trkpt>
      <trkpt lat="33.58215" lon="-117.76178">
        <ele>81.29</ele>
        <time>2026-06-30T17:46:12Z</time>
      </trkpt>
      <trkpt lat="33.58212" lon="-117.76178">
        <ele>82.13</ele>
        <time>2026-06-30T17:46:23Z</time>
      </trkpt>
      <trkpt lat="33.58209" lon="-117.76178">
        <ele>82.52</ele>
        <time>2026-06-30T17:46:29Z</time>
      </trkpt>
      <trkpt lat="33.58205" lon="-117.76176">
        <ele>82.87</ele>
        <time>2026-06-30T17:46:33Z</time>
      </trkpt>
      <trkpt lat="33.58202" lon="-117.76175">
        <ele>82.43</ele>
        <time>2026-06-30T17:46:36Z</time>
      </trkpt>
      <trkpt lat="33.58199" lon="-117.76175">
        <ele>82.14</ele>
        <time>2026-06-30T17:46:40Z</time>
      </trkpt>
      <trkpt lat="33.58196" lon="-117.76177">
        <ele>82.19</ele>
        <time>2026-06-30T17:46:44Z</time>
      </trkpt>
      <trkpt lat="33.58193" lon="-117.76178">
        <ele>81.69</ele>
        <time>2026-06-30T17:46:48Z</time>
      </trkpt>
      <trkpt lat="33.58191" lon="-117.7618">
        <ele>81.26</ele>
        <time>2026-06-30T17:46:51Z</time>
      </trkpt>
      <trkpt lat="33.58188" lon="-117.76182">
        <ele>80.61</ele>
        <time>2026-06-30T17:46:54Z</time>
      </trkpt>
      <trkpt lat="33.58186" lon="-117.76183">
        <ele>80.18</ele>
        <time>2026-06-30T17:46:57Z</time>
      </trkpt>
      <trkpt lat="33.58184" lon="-117.76185">
        <ele>79.87</ele>
        <time>2026-06-30T17:47:00Z</time>
      </trkpt>
      <trkpt lat="33.58181" lon="-117.76187">
        <ele>79.66</ele>
        <time>2026-06-30T17:47:03Z</time>
      </trkpt>
      <trkpt lat="33.58179" lon="-117.76189">
        <ele>79.47</ele>
        <time>2026-06-30T17:47:06Z</time>
      </trkpt>
      <trkpt lat="33.58176" lon="-117.76191">
        <ele>79.01</ele>
        <time>2026-06-30T17:47:09Z</time>
      </trkpt>
      <trkpt lat="33.58174" lon="-117.76193">
        <ele>78.79</ele>
        <time>2026-06-30T17:47:12Z</time>
      </trkpt>
      <trkpt lat="33.58171" lon="-117.76194">
        <ele>78.47</ele>
        <time>2026-06-30T17:47:15Z</time>
      </trkpt>
      <trkpt lat="33.58168" lon="-117.76196">
        <ele>78.34</ele>
        <time>2026-06-30T17:47:18Z</time>
      </trkpt>
      <trkpt lat="33.58166" lon="-117.76197">
        <ele>78.13</ele>
        <time>2026-06-30T17:47:21Z</time>
      </trkpt>
      <trkpt lat="33.58163" lon="-117.76199">
        <ele>77.7</ele>
        <time>2026-06-30T17:47:24Z</time>
      </trkpt>
      <trkpt lat="33.58161" lon="-117.76199">
        <ele>77.27</ele>
        <time>2026-06-30T17:47:26Z</time>
      </trkpt>
      <trkpt lat="33.58157" lon="-117.76201">
        <ele>76.7</ele>
        <time>2026-06-30T17:47:29Z</time>
      </trkpt>
      <trkpt lat="33.58154" lon="-117.76202">
        <ele>76.75</ele>
        <time>2026-06-30T17:47:31Z</time>
      </trkpt>
      <trkpt lat="33.58152" lon="-117.76202">
        <ele>76.71</ele>
        <time>2026-06-30T17:47:33Z</time>
      </trkpt>
      <trkpt lat="33.58149" lon="-117.76203">
        <ele>76.85</ele>
        <time>2026-06-30T17:47:35Z</time>
      </trkpt>
      <trkpt lat="33.58146" lon="-117.76204">
        <ele>76.84</ele>
        <time>2026-06-30T17:47:37Z</time>
      </trkpt>
      <trkpt lat="33.58143" lon="-117.76204">
        <ele>76.53</ele>
        <time>2026-06-30T17:47:41Z</time>
      </trkpt>
      <trkpt lat="33.5814" lon="-117.76203">
        <ele>75.97</ele>
        <time>2026-06-30T17:47:46Z</time>
      </trkpt>
      <trkpt lat="33.58138" lon="-117.76202">
        <ele>75.73</ele>
        <time>2026-06-30T17:47:49Z</time>
      </trkpt>
      <trkpt lat="33.58134" lon="-117.76202">
        <ele>76.16</ele>
        <time>2026-06-30T17:47:52Z</time>
      </trkpt>
      <trkpt lat="33.58131" lon="-117.76202">
        <ele>76.48</ele>
        <time>2026-06-30T17:47:55Z</time>
      </trkpt>
      <trkpt lat="33.58127" lon="-117.76202">
        <ele>76.4</ele>
        <time>2026-06-30T17:47:58Z</time>
      </trkpt>
      <trkpt lat="33.58124" lon="-117.76202">
        <ele>76.14</ele>
        <time>2026-06-30T17:48:01Z</time>
      </trkpt>
      <trkpt lat="33.58121" lon="-117.76202">
        <ele>75.87</ele>
        <time>2026-06-30T17:48:04Z</time>
      </trkpt>
      <trkpt lat="33.58118" lon="-117.76203">
        <ele>75.9</ele>
        <time>2026-06-30T17:48:07Z</time>
      </trkpt>
      <trkpt lat="33.58114" lon="-117.76203">
        <ele>75.87</ele>
        <time>2026-06-30T17:48:10Z</time>
      </trkpt>
      <trkpt lat="33.58111" lon="-117.76203">
        <ele>75.84</ele>
        <time>2026-06-30T17:48:13Z</time>
      </trkpt>
      <trkpt lat="33.58107" lon="-117.76203">
        <ele>75.4</ele>
        <time>2026-06-30T17:48:16Z</time>
      </trkpt>
      <trkpt lat="33.58103" lon="-117.76203">
        <ele>74.97</ele>
        <time>2026-06-30T17:48:19Z</time>
      </trkpt>
      <trkpt lat="33.581" lon="-117.76204">
        <ele>74.87</ele>
        <time>2026-06-30T17:48:22Z</time>
      </trkpt>
      <trkpt lat="33.58096" lon="-117.76204">
        <ele>74.45</ele>
        <time>2026-06-30T17:48:25Z</time>
      </trkpt>
      <trkpt lat="33.58093" lon="-117.76204">
        <ele>74.14</ele>
        <time>2026-06-30T17:48:28Z</time>
      </trkpt>
      <trkpt lat="33.58089" lon="-117.76205">
        <ele>74.37</ele>
        <time>2026-06-30T17:48:31Z</time>
      </trkpt>
      <trkpt lat="33.58086" lon="-117.76205">
        <ele>74.32</ele>
        <time>2026-06-30T17:48:34Z</time>
      </trkpt>
      <trkpt lat="33.58082" lon="-117.76205">
        <ele>74.12</ele>
        <time>2026-06-30T17:48:37Z</time>
      </trkpt>
      <trkpt lat="33.58079" lon="-117.76206">
        <ele>73.91</ele>
        <time>2026-06-30T17:48:40Z</time>
      </trkpt>
      <trkpt lat="33.58075" lon="-117.76206">
        <ele>73.37</ele>
        <time>2026-06-30T17:48:43Z</time>
      </trkpt>
      <trkpt lat="33.58072" lon="-117.76207">
        <ele>72.99</ele>
        <time>2026-06-30T17:48:46Z</time>
      </trkpt>
      <trkpt lat="33.58069" lon="-117.76207">
        <ele>72.46</ele>
        <time>2026-06-30T17:48:49Z</time>
      </trkpt>
      <trkpt lat="33.58065" lon="-117.76208">
        <ele>71.96</ele>
        <time>2026-06-30T17:48:52Z</time>
      </trkpt>
      <trkpt lat="33.58063" lon="-117.7621">
        <ele>71.97</ele>
        <time>2026-06-30T17:48:54Z</time>
      </trkpt>
      <trkpt lat="33.5806" lon="-117.76212">
        <ele>71.75</ele>
        <time>2026-06-30T17:48:57Z</time>
      </trkpt>
      <trkpt lat="33.58057" lon="-117.76214">
        <ele>71.42</ele>
        <time>2026-06-30T17:49:00Z</time>
      </trkpt>
      <trkpt lat="33.58055" lon="-117.76215">
        <ele>71.1</ele>
        <time>2026-06-30T17:49:03Z</time>
      </trkpt>
      <trkpt lat="33.58052" lon="-117.76218">
        <ele>70.78</ele>
        <time>2026-06-30T17:49:06Z</time>
      </trkpt>
      <trkpt lat="33.5805" lon="-117.7622">
        <ele>70.56</ele>
        <time>2026-06-30T17:49:09Z</time>
      </trkpt>
      <trkpt lat="33.58047" lon="-117.76222">
        <ele>70.13</ele>
        <time>2026-06-30T17:49:12Z</time>
      </trkpt>
      <trkpt lat="33.58046" lon="-117.76225">
        <ele>70.54</ele>
        <time>2026-06-30T17:49:15Z</time>
      </trkpt>
      <trkpt lat="33.58045" lon="-117.76228">
        <ele>70.97</ele>
        <time>2026-06-30T17:49:19Z</time>
      </trkpt>
      <trkpt lat="33.58045" lon="-117.76232">
        <ele>71.66</ele>
        <time>2026-06-30T17:49:25Z</time>
      </trkpt>
      <trkpt lat="33.58042" lon="-117.76234">
        <ele>70.8</ele>
        <time>2026-06-30T17:49:32Z</time>
      </trkpt>
      <trkpt lat="33.5804" lon="-117.76237">
        <ele>70.04</ele>
        <time>2026-06-30T17:49:36Z</time>
      </trkpt>
      <trkpt lat="33.58039" lon="-117.76241">
        <ele>69.45</ele>
        <time>2026-06-30T17:49:40Z</time>
      </trkpt>
      <trkpt lat="33.58037" lon="-117.76244">
        <ele>69.35</ele>
        <time>2026-06-30T17:49:43Z</time>
      </trkpt>
      <trkpt lat="33.58034" lon="-117.76247">
        <ele>69.35</ele>
        <time>2026-06-30T17:49:47Z</time>
      </trkpt>
      <trkpt lat="33.58032" lon="-117.76248">
        <ele>69.24</ele>
        <time>2026-06-30T17:49:49Z</time>
      </trkpt>
      <trkpt lat="33.58029" lon="-117.7625">
        <ele>69.13</ele>
        <time>2026-06-30T17:49:51Z</time>
      </trkpt>
      <trkpt lat="33.58026" lon="-117.76253">
        <ele>69.0</ele>
        <time>2026-06-30T17:49:54Z</time>
      </trkpt>
      <trkpt lat="33.58024" lon="-117.76255">
        <ele>69.0</ele>
        <time>2026-06-30T17:49:57Z</time>
      </trkpt>
      <trkpt lat="33.58021" lon="-117.76258">
        <ele>69.0</ele>
        <time>2026-06-30T17:50:00Z</time>
      </trkpt>
      <trkpt lat="33.58018" lon="-117.76261">
        <ele>69.18</ele>
        <time>2026-06-30T17:50:03Z</time>
      </trkpt>
      <trkpt lat="33.58014" lon="-117.76263">
        <ele>69.21</ele>
        <time>2026-06-30T17:50:06Z</time>
      </trkpt>
      <trkpt lat="33.58011" lon="-117.76263">
        <ele>69.08</ele>
        <time>2026-06-30T17:50:09Z</time>
      </trkpt>
      <trkpt lat="33.58007" lon="-117.76262">
        <ele>69.07</ele>
        <time>2026-06-30T17:50:12Z</time>
      </trkpt>
      <trkpt lat="33.58005" lon="-117.7626">
        <ele>69.04</ele>
        <time>2026-06-30T17:50:14Z</time>
      </trkpt>
      <trkpt lat="33.58004" lon="-117.76257">
        <ele>69.0</ele>
        <time>2026-06-30T17:50:16Z</time>
      </trkpt>
      <trkpt lat="33.58003" lon="-117.76253">
        <ele>69.0</ele>
        <time>2026-06-30T17:50:18Z</time>
      </trkpt>
      <trkpt lat="33.58005" lon="-117.7625">
        <ele>69.0</ele>
        <time>2026-06-30T17:50:20Z</time>
      </trkpt>
      <trkpt lat="33.58007" lon="-117.76246">
        <ele>68.57</ele>
        <time>2026-06-30T17:50:22Z</time>
      </trkpt>
      <trkpt lat="33.58008" lon="-117.76243">
        <ele>68.24</ele>
        <time>2026-06-30T17:50:24Z</time>
      </trkpt>
      <trkpt lat="33.58008" lon="-117.76239">
        <ele>68.0</ele>
        <time>2026-06-30T17:50:26Z</time>
      </trkpt>
      <trkpt lat="33.58007" lon="-117.76235">
        <ele>68.0</ele>
        <time>2026-06-30T17:50:29Z</time>
      </trkpt>
      <trkpt lat="33.58004" lon="-117.76233">
        <ele>68.0</ele>
        <time>2026-06-30T17:50:32Z</time>
      </trkpt>
      <trkpt lat="33.58001" lon="-117.76231">
        <ele>68.0</ele>
        <time>2026-06-30T17:50:34Z</time>
      </trkpt>
      <trkpt lat="33.57998" lon="-117.7623">
        <ele>68.0</ele>
        <time>2026-06-30T17:50:36Z</time>
      </trkpt>
      <trkpt lat="33.57996" lon="-117.76229">
        <ele>68.0</ele>
        <time>2026-06-30T17:50:39Z</time>
      </trkpt>
      <trkpt lat="33.57996" lon="-117.76232">
        <ele>68.0</ele>
        <time>2026-06-30T17:50:43Z</time>
      </trkpt>
      <trkpt lat="33.57996" lon="-117.76233">
        <ele>68.0</ele>
        <time>2026-06-30T17:51:58Z</time>
      </trkpt>
    </trkseg>
  </trk>
</gpx>
