<?xml version="1.0"?>
<gpx xmlns="http://www.topografix.com/GPX/1/1" xmlns:xsi="http://www.w3.org/2001/XMLSchema-instance" version="1.1" creator="AllTrails.com" xsi:schemaLocation="http://www.topografix.com/GPX/1/1 http://www.topografix.com/GPX/1/1/gpx.xsd">
  <metadata>
    <name><![CDATA[NIX-Camarillo-Trail-Loop]]></name>
    <desc><![CDATA[]]></desc>
    <link href="http://www.alltrails.com">
      <text>AllTrails, LLC</text>
    </link>
    <bounds minlat="33.59883" minlon="-117.77619" maxlat="33.61908" maxlon="-117.76298"/>
  </metadata>
  <trk>
    <name><![CDATA[NIX-Camarillo-Trail-Loop]]></name>
    <src>AllTrails</src>
    <trkseg>
      <trkpt lat="33.60921" lon="-117.76614">
        <ele>147.52</ele>
        <time>2026-06-06T15:17:40Z</time>
      </trkpt>
      <trkpt lat="33.6092" lon="-117.76618">
        <ele>148.29</ele>
        <time>2026-06-06T15:17:44Z</time>
      </trkpt>
      <trkpt lat="33.6092" lon="-117.76622">
        <ele>148.99</ele>
        <time>2026-06-06T15:17:48Z</time>
      </trkpt>
      <trkpt lat="33.60921" lon="-117.76625">
        <ele>149.53</ele>
        <time>2026-06-06T15:17:51Z</time>
      </trkpt>
      <trkpt lat="33.60922" lon="-117.7663">
        <ele>150.47</ele>
        <time>2026-06-06T15:17:55Z</time>
      </trkpt>
      <trkpt lat="33.60923" lon="-117.76634">
        <ele>150.96</ele>
        <time>2026-06-06T15:17:59Z</time>
      </trkpt>
      <trkpt lat="33.60923" lon="-117.76638">
        <ele>151.55</ele>
        <time>2026-06-06T15:18:02Z</time>
      </trkpt>
      <trkpt lat="33.60924" lon="-117.76643">
        <ele>151.79</ele>
        <time>2026-06-06T15:18:06Z</time>
      </trkpt>
      <trkpt lat="33.60925" lon="-117.76647">
        <ele>151.9</ele>
        <time>2026-06-06T15:18:09Z</time>
      </trkpt>
      <trkpt lat="33.60926" lon="-117.76651">
        <ele>152.3</ele>
        <time>2026-06-06T15:18:12Z</time>
      </trkpt>
      <trkpt lat="33.60926" lon="-117.76655">
        <ele>152.73</ele>
        <time>2026-06-06T15:18:15Z</time>
      </trkpt>
      <trkpt lat="33.60926" lon="-117.76659">
        <ele>152.98</ele>
        <time>2026-06-06T15:18:18Z</time>
      </trkpt>
      <trkpt lat="33.60925" lon="-117.76663">
        <ele>152.86</ele>
        <time>2026-06-06T15:18:21Z</time>
      </trkpt>
      <trkpt lat="33.60924" lon="-117.76668">
        <ele>152.91</ele>
        <time>2026-06-06T15:18:24Z</time>
      </trkpt>
      <trkpt lat="33.60924" lon="-117.76671">
        <ele>153.16</ele>
        <time>2026-06-06T15:18:26Z</time>
      </trkpt>
      <trkpt lat="33.60925" lon="-117.76675">
        <ele>153.71</ele>
        <time>2026-06-06T15:18:29Z</time>
      </trkpt>
      <trkpt lat="33.60926" lon="-117.76679">
        <ele>154.33</ele>
        <time>2026-06-06T15:18:32Z</time>
      </trkpt>
      <trkpt lat="33.60926" lon="-117.76683">
        <ele>154.76</ele>
        <time>2026-06-06T15:18:35Z</time>
      </trkpt>
      <trkpt lat="33.60927" lon="-117.76686">
        <ele>155.1</ele>
        <time>2026-06-06T15:18:38Z</time>
      </trkpt>
      <trkpt lat="33.60928" lon="-117.76689">
        <ele>155.5</ele>
        <time>2026-06-06T15:18:41Z</time>
      </trkpt>
      <trkpt lat="33.60929" lon="-117.76692">
        <ele>155.98</ele>
        <time>2026-06-06T15:18:44Z</time>
      </trkpt>
      <trkpt lat="33.60931" lon="-117.76695">
        <ele>156.67</ele>
        <time>2026-06-06T15:18:48Z</time>
      </trkpt>
      <trkpt lat="33.60932" lon="-117.76697">
        <ele>157.21</ele>
        <time>2026-06-06T15:18:52Z</time>
      </trkpt>
      <trkpt lat="33.60934" lon="-117.767">
        <ele>158.07</ele>
        <time>2026-06-06T15:18:56Z</time>
      </trkpt>
      <trkpt lat="33.60936" lon="-117.76703">
        <ele>158.93</ele>
        <time>2026-06-06T15:19:00Z</time>
      </trkpt>
      <trkpt lat="33.60938" lon="-117.76706">
        <ele>159.8</ele>
        <time>2026-06-06T15:19:03Z</time>
      </trkpt>
      <trkpt lat="33.6094" lon="-117.76708">
        <ele>160.45</ele>
        <time>2026-06-06T15:19:07Z</time>
      </trkpt>
      <trkpt lat="33.60941" lon="-117.76711">
        <ele>161.2</ele>
        <time>2026-06-06T15:19:11Z</time>
      </trkpt>
      <trkpt lat="33.60943" lon="-117.76714">
        <ele>162.05</ele>
        <time>2026-06-06T15:19:15Z</time>
      </trkpt>
      <trkpt lat="33.60944" lon="-117.76717">
        <ele>162.8</ele>
        <time>2026-06-06T15:19:19Z</time>
      </trkpt>
      <trkpt lat="33.60946" lon="-117.7672">
        <ele>163.61</ele>
        <time>2026-06-06T15:19:23Z</time>
      </trkpt>
      <trkpt lat="33.60947" lon="-117.76723">
        <ele>164.5</ele>
        <time>2026-06-06T15:19:27Z</time>
      </trkpt>
      <trkpt lat="33.60949" lon="-117.76726">
        <ele>165.52</ele>
        <time>2026-06-06T15:19:32Z</time>
      </trkpt>
      <trkpt lat="33.6095" lon="-117.76729">
        <ele>166.36</ele>
        <time>2026-06-06T15:19:36Z</time>
      </trkpt>
      <trkpt lat="33.60951" lon="-117.76733">
        <ele>167.16</ele>
        <time>2026-06-06T15:19:39Z</time>
      </trkpt>
      <trkpt lat="33.60952" lon="-117.76737">
        <ele>167.6</ele>
        <time>2026-06-06T15:19:42Z</time>
      </trkpt>
      <trkpt lat="33.60953" lon="-117.76741">
        <ele>168.03</ele>
        <time>2026-06-06T15:19:45Z</time>
      </trkpt>
      <trkpt lat="33.60953" lon="-117.76745">
        <ele>168.46</ele>
        <time>2026-06-06T15:19:48Z</time>
      </trkpt>
      <trkpt lat="33.60952" lon="-117.76749">
        <ele>168.89</ele>
        <time>2026-06-06T15:19:51Z</time>
      </trkpt>
      <trkpt lat="33.60952" lon="-117.76752">
        <ele>169.26</ele>
        <time>2026-06-06T15:19:54Z</time>
      </trkpt>
      <trkpt lat="33.60951" lon="-117.76756">
        <ele>169.84</ele>
        <time>2026-06-06T15:19:57Z</time>
      </trkpt>
      <trkpt lat="33.6095" lon="-117.76759">
        <ele>170.36</ele>
        <time>2026-06-06T15:20:00Z</time>
      </trkpt>
      <trkpt lat="33.6095" lon="-117.76762">
        <ele>170.7</ele>
        <time>2026-06-06T15:20:03Z</time>
      </trkpt>
      <trkpt lat="33.60949" lon="-117.76765">
        <ele>171.13</ele>
        <time>2026-06-06T15:20:06Z</time>
      </trkpt>
      <trkpt lat="33.60949" lon="-117.76769">
        <ele>171.61</ele>
        <time>2026-06-06T15:20:09Z</time>
      </trkpt>
      <trkpt lat="33.60948" lon="-117.76772">
        <ele>172.37</ele>
        <time>2026-06-06T15:20:12Z</time>
      </trkpt>
      <trkpt lat="33.60948" lon="-117.76775">
        <ele>173.02</ele>
        <time>2026-06-06T15:20:15Z</time>
      </trkpt>
      <trkpt lat="33.60948" lon="-117.76778">
        <ele>173.66</ele>
        <time>2026-06-06T15:20:18Z</time>
      </trkpt>
      <trkpt lat="33.60948" lon="-117.76782">
        <ele>174.53</ele>
        <time>2026-06-06T15:20:21Z</time>
      </trkpt>
      <trkpt lat="33.60949" lon="-117.76786">
        <ele>175.28</ele>
        <time>2026-06-06T15:20:25Z</time>
      </trkpt>
      <trkpt lat="33.60949" lon="-117.7679">
        <ele>175.83</ele>
        <time>2026-06-06T15:20:29Z</time>
      </trkpt>
      <trkpt lat="33.6095" lon="-117.76793">
        <ele>176.04</ele>
        <time>2026-06-06T15:20:32Z</time>
      </trkpt>
      <trkpt lat="33.60951" lon="-117.76796">
        <ele>176.26</ele>
        <time>2026-06-06T15:20:35Z</time>
      </trkpt>
      <trkpt lat="33.60953" lon="-117.768">
        <ele>176.88</ele>
        <time>2026-06-06T15:20:39Z</time>
      </trkpt>
      <trkpt lat="33.60956" lon="-117.76802">
        <ele>176.93</ele>
        <time>2026-06-06T15:20:43Z</time>
      </trkpt>
      <trkpt lat="33.60959" lon="-117.76802">
        <ele>176.53</ele>
        <time>2026-06-06T15:20:48Z</time>
      </trkpt>
      <trkpt lat="33.60963" lon="-117.76802">
        <ele>176.0</ele>
        <time>2026-06-06T15:22:13Z</time>
      </trkpt>
      <trkpt lat="33.60968" lon="-117.76803">
        <ele>175.7</ele>
        <time>2026-06-06T15:22:16Z</time>
      </trkpt>
      <trkpt lat="33.60973" lon="-117.76803">
        <ele>175.39</ele>
        <time>2026-06-06T15:22:18Z</time>
      </trkpt>
      <trkpt lat="33.60977" lon="-117.76802">
        <ele>174.91</ele>
        <time>2026-06-06T15:22:20Z</time>
      </trkpt>
      <trkpt lat="33.6098" lon="-117.76802">
        <ele>174.71</ele>
        <time>2026-06-06T15:22:22Z</time>
      </trkpt>
      <trkpt lat="33.60983" lon="-117.76802">
        <ele>174.62</ele>
        <time>2026-06-06T15:22:24Z</time>
      </trkpt>
      <trkpt lat="33.60985" lon="-117.768">
        <ele>174.4</ele>
        <time>2026-06-06T15:22:26Z</time>
      </trkpt>
      <trkpt lat="33.60988" lon="-117.76797">
        <ele>174.08</ele>
        <time>2026-06-06T15:22:28Z</time>
      </trkpt>
      <trkpt lat="33.6099" lon="-117.76795">
        <ele>173.73</ele>
        <time>2026-06-06T15:22:30Z</time>
      </trkpt>
      <trkpt lat="33.60993" lon="-117.76794">
        <ele>173.32</ele>
        <time>2026-06-06T15:22:32Z</time>
      </trkpt>
      <trkpt lat="33.60996" lon="-117.76793">
        <ele>172.92</ele>
        <time>2026-06-06T15:22:35Z</time>
      </trkpt>
      <trkpt lat="33.61" lon="-117.76792">
        <ele>172.54</ele>
        <time>2026-06-06T15:22:38Z</time>
      </trkpt>
      <trkpt lat="33.61004" lon="-117.76793">
        <ele>172.64</ele>
        <time>2026-06-06T15:22:41Z</time>
      </trkpt>
      <trkpt lat="33.61006" lon="-117.76794">
        <ele>172.75</ele>
        <time>2026-06-06T15:22:43Z</time>
      </trkpt>
      <trkpt lat="33.61009" lon="-117.76795">
        <ele>172.86</ele>
        <time>2026-06-06T15:22:45Z</time>
      </trkpt>
      <trkpt lat="33.61011" lon="-117.76797">
        <ele>172.89</ele>
        <time>2026-06-06T15:22:47Z</time>
      </trkpt>
      <trkpt lat="33.61013" lon="-117.768">
        <ele>173.0</ele>
        <time>2026-06-06T15:22:49Z</time>
      </trkpt>
      <trkpt lat="33.61015" lon="-117.76803">
        <ele>173.1</ele>
        <time>2026-06-06T15:22:52Z</time>
      </trkpt>
      <trkpt lat="33.61017" lon="-117.76808">
        <ele>173.21</ele>
        <time>2026-06-06T15:22:55Z</time>
      </trkpt>
      <trkpt lat="33.61019" lon="-117.76811">
        <ele>172.9</ele>
        <time>2026-06-06T15:22:58Z</time>
      </trkpt>
      <trkpt lat="33.61021" lon="-117.76815">
        <ele>172.48</ele>
        <time>2026-06-06T15:23:01Z</time>
      </trkpt>
      <trkpt lat="33.61024" lon="-117.76818">
        <ele>171.96</ele>
        <time>2026-06-06T15:23:04Z</time>
      </trkpt>
      <trkpt lat="33.61027" lon="-117.76819">
        <ele>171.21</ele>
        <time>2026-06-06T15:23:06Z</time>
      </trkpt>
      <trkpt lat="33.6103" lon="-117.76821">
        <ele>170.52</ele>
        <time>2026-06-06T15:23:08Z</time>
      </trkpt>
      <trkpt lat="33.61033" lon="-117.76823">
        <ele>170.24</ele>
        <time>2026-06-06T15:23:10Z</time>
      </trkpt>
      <trkpt lat="33.61035" lon="-117.76825">
        <ele>170.52</ele>
        <time>2026-06-06T15:23:13Z</time>
      </trkpt>
      <trkpt lat="33.61038" lon="-117.76827">
        <ele>170.6</ele>
        <time>2026-06-06T15:23:16Z</time>
      </trkpt>
      <trkpt lat="33.61041" lon="-117.76829">
        <ele>170.08</ele>
        <time>2026-06-06T15:23:18Z</time>
      </trkpt>
      <trkpt lat="33.61042" lon="-117.76833">
        <ele>170.77</ele>
        <time>2026-06-06T15:23:22Z</time>
      </trkpt>
      <trkpt lat="33.61042" lon="-117.76837">
        <ele>171.25</ele>
        <time>2026-06-06T15:23:26Z</time>
      </trkpt>
      <trkpt lat="33.61044" lon="-117.7684">
        <ele>170.71</ele>
        <time>2026-06-06T15:23:29Z</time>
      </trkpt>
      <trkpt lat="33.61047" lon="-117.76842">
        <ele>169.7</ele>
        <time>2026-06-06T15:23:32Z</time>
      </trkpt>
      <trkpt lat="33.6105" lon="-117.76844">
        <ele>169.29</ele>
        <time>2026-06-06T15:23:35Z</time>
      </trkpt>
      <trkpt lat="33.61053" lon="-117.76843">
        <ele>168.01</ele>
        <time>2026-06-06T15:23:37Z</time>
      </trkpt>
      <trkpt lat="33.61056" lon="-117.76841">
        <ele>166.56</ele>
        <time>2026-06-06T15:23:39Z</time>
      </trkpt>
      <trkpt lat="33.61058" lon="-117.76839">
        <ele>166.06</ele>
        <time>2026-06-06T15:23:41Z</time>
      </trkpt>
      <trkpt lat="33.61061" lon="-117.76838">
        <ele>165.81</ele>
        <time>2026-06-06T15:23:43Z</time>
      </trkpt>
      <trkpt lat="33.61065" lon="-117.76837">
        <ele>165.4</ele>
        <time>2026-06-06T15:23:46Z</time>
      </trkpt>
      <trkpt lat="33.61067" lon="-117.76837">
        <ele>165.66</ele>
        <time>2026-06-06T15:23:48Z</time>
      </trkpt>
      <trkpt lat="33.6107" lon="-117.76836">
        <ele>165.53</ele>
        <time>2026-06-06T15:23:50Z</time>
      </trkpt>
      <trkpt lat="33.61073" lon="-117.76836">
        <ele>165.99</ele>
        <time>2026-06-06T15:23:52Z</time>
      </trkpt>
      <trkpt lat="33.61075" lon="-117.76838">
        <ele>166.92</ele>
        <time>2026-06-06T15:23:54Z</time>
      </trkpt>
      <trkpt lat="33.61078" lon="-117.7684">
        <ele>167.46</ele>
        <time>2026-06-06T15:23:56Z</time>
      </trkpt>
      <trkpt lat="33.6108" lon="-117.76842">
        <ele>168.1</ele>
        <time>2026-06-06T15:23:58Z</time>
      </trkpt>
      <trkpt lat="33.61083" lon="-117.76843">
        <ele>168.17</ele>
        <time>2026-06-06T15:24:00Z</time>
      </trkpt>
      <trkpt lat="33.61086" lon="-117.76845">
        <ele>168.13</ele>
        <time>2026-06-06T15:24:03Z</time>
      </trkpt>
      <trkpt lat="33.6109" lon="-117.76848">
        <ele>167.89</ele>
        <time>2026-06-06T15:24:06Z</time>
      </trkpt>
      <trkpt lat="33.61093" lon="-117.76849">
        <ele>167.28</ele>
        <time>2026-06-06T15:24:08Z</time>
      </trkpt>
      <trkpt lat="33.61095" lon="-117.76852">
        <ele>167.54</ele>
        <time>2026-06-06T15:24:11Z</time>
      </trkpt>
      <trkpt lat="33.61098" lon="-117.76855">
        <ele>167.79</ele>
        <time>2026-06-06T15:24:14Z</time>
      </trkpt>
      <trkpt lat="33.611" lon="-117.76858">
        <ele>167.99</ele>
        <time>2026-06-06T15:24:17Z</time>
      </trkpt>
      <trkpt lat="33.61101" lon="-117.76862">
        <ele>168.74</ele>
        <time>2026-06-06T15:24:20Z</time>
      </trkpt>
      <trkpt lat="33.61102" lon="-117.76865">
        <ele>169.62</ele>
        <time>2026-06-06T15:24:24Z</time>
      </trkpt>
      <trkpt lat="33.61105" lon="-117.76868">
        <ele>169.87</ele>
        <time>2026-06-06T15:24:27Z</time>
      </trkpt>
      <trkpt lat="33.61108" lon="-117.7687">
        <ele>169.82</ele>
        <time>2026-06-06T15:24:30Z</time>
      </trkpt>
      <trkpt lat="33.61111" lon="-117.76873">
        <ele>169.88</ele>
        <time>2026-06-06T15:24:33Z</time>
      </trkpt>
      <trkpt lat="33.61114" lon="-117.76874">
        <ele>170.05</ele>
        <time>2026-06-06T15:24:36Z</time>
      </trkpt>
      <trkpt lat="33.61117" lon="-117.76876">
        <ele>170.44</ele>
        <time>2026-06-06T15:24:39Z</time>
      </trkpt>
      <trkpt lat="33.61121" lon="-117.76878">
        <ele>170.57</ele>
        <time>2026-06-06T15:24:42Z</time>
      </trkpt>
      <trkpt lat="33.61124" lon="-117.76879">
        <ele>170.45</ele>
        <time>2026-06-06T15:24:45Z</time>
      </trkpt>
      <trkpt lat="33.61127" lon="-117.7688">
        <ele>170.46</ele>
        <time>2026-06-06T15:24:48Z</time>
      </trkpt>
      <trkpt lat="33.61131" lon="-117.76879">
        <ele>169.94</ele>
        <time>2026-06-06T15:24:51Z</time>
      </trkpt>
      <trkpt lat="33.61133" lon="-117.76876">
        <ele>169.19</ele>
        <time>2026-06-06T15:24:53Z</time>
      </trkpt>
      <trkpt lat="33.61137" lon="-117.76875">
        <ele>169.3</ele>
        <time>2026-06-06T15:24:56Z</time>
      </trkpt>
      <trkpt lat="33.6114" lon="-117.76875">
        <ele>169.68</ele>
        <time>2026-06-06T15:24:59Z</time>
      </trkpt>
      <trkpt lat="33.61144" lon="-117.76875">
        <ele>170.33</ele>
        <time>2026-06-06T15:25:02Z</time>
      </trkpt>
      <trkpt lat="33.61147" lon="-117.76876">
        <ele>171.04</ele>
        <time>2026-06-06T15:25:05Z</time>
      </trkpt>
      <trkpt lat="33.61151" lon="-117.76877">
        <ele>171.17</ele>
        <time>2026-06-06T15:25:08Z</time>
      </trkpt>
      <trkpt lat="33.61155" lon="-117.76879">
        <ele>171.71</ele>
        <time>2026-06-06T15:25:11Z</time>
      </trkpt>
      <trkpt lat="33.61158" lon="-117.7688">
        <ele>171.95</ele>
        <time>2026-06-06T15:25:14Z</time>
      </trkpt>
      <trkpt lat="33.61162" lon="-117.76881">
        <ele>171.38</ele>
        <time>2026-06-06T15:25:17Z</time>
      </trkpt>
      <trkpt lat="33.61165" lon="-117.76883">
        <ele>171.39</ele>
        <time>2026-06-06T15:25:20Z</time>
      </trkpt>
      <trkpt lat="33.61169" lon="-117.76885">
        <ele>171.49</ele>
        <time>2026-06-06T15:25:23Z</time>
      </trkpt>
      <trkpt lat="33.61172" lon="-117.76886">
        <ele>171.49</ele>
        <time>2026-06-06T15:25:25Z</time>
      </trkpt>
      <trkpt lat="33.61175" lon="-117.76888">
        <ele>171.81</ele>
        <time>2026-06-06T15:25:27Z</time>
      </trkpt>
      <trkpt lat="33.61178" lon="-117.76889">
        <ele>172.25</ele>
        <time>2026-06-06T15:25:29Z</time>
      </trkpt>
      <trkpt lat="33.61181" lon="-117.76891">
        <ele>172.88</ele>
        <time>2026-06-06T15:25:31Z</time>
      </trkpt>
      <trkpt lat="33.61184" lon="-117.76892">
        <ele>173.25</ele>
        <time>2026-06-06T15:25:33Z</time>
      </trkpt>
      <trkpt lat="33.61187" lon="-117.76893">
        <ele>173.53</ele>
        <time>2026-06-06T15:25:35Z</time>
      </trkpt>
      <trkpt lat="33.6119" lon="-117.76894">
        <ele>173.84</ele>
        <time>2026-06-06T15:25:38Z</time>
      </trkpt>
      <trkpt lat="33.61194" lon="-117.76896">
        <ele>174.5</ele>
        <time>2026-06-06T15:25:41Z</time>
      </trkpt>
      <trkpt lat="33.61197" lon="-117.76899">
        <ele>175.18</ele>
        <time>2026-06-06T15:25:44Z</time>
      </trkpt>
      <trkpt lat="33.61198" lon="-117.76902">
        <ele>175.83</ele>
        <time>2026-06-06T15:25:48Z</time>
      </trkpt>
      <trkpt lat="33.612" lon="-117.76905">
        <ele>176.48</ele>
        <time>2026-06-06T15:25:52Z</time>
      </trkpt>
      <trkpt lat="33.61202" lon="-117.76908">
        <ele>177.08</ele>
        <time>2026-06-06T15:25:55Z</time>
      </trkpt>
      <trkpt lat="33.61204" lon="-117.7691">
        <ele>177.28</ele>
        <time>2026-06-06T15:25:58Z</time>
      </trkpt>
      <trkpt lat="33.61207" lon="-117.76913">
        <ele>177.6</ele>
        <time>2026-06-06T15:26:01Z</time>
      </trkpt>
      <trkpt lat="33.6121" lon="-117.76915">
        <ele>177.82</ele>
        <time>2026-06-06T15:26:04Z</time>
      </trkpt>
      <trkpt lat="33.61212" lon="-117.76917">
        <ele>178.04</ele>
        <time>2026-06-06T15:26:06Z</time>
      </trkpt>
      <trkpt lat="33.61215" lon="-117.76918">
        <ele>178.11</ele>
        <time>2026-06-06T15:26:08Z</time>
      </trkpt>
      <trkpt lat="33.61217" lon="-117.7692">
        <ele>178.2</ele>
        <time>2026-06-06T15:26:10Z</time>
      </trkpt>
      <trkpt lat="33.61221" lon="-117.76922">
        <ele>178.08</ele>
        <time>2026-06-06T15:26:13Z</time>
      </trkpt>
      <trkpt lat="33.61224" lon="-117.76925">
        <ele>177.98</ele>
        <time>2026-06-06T15:26:16Z</time>
      </trkpt>
      <trkpt lat="33.61226" lon="-117.76926">
        <ele>178.0</ele>
        <time>2026-06-06T15:26:18Z</time>
      </trkpt>
      <trkpt lat="33.61229" lon="-117.76928">
        <ele>178.06</ele>
        <time>2026-06-06T15:26:20Z</time>
      </trkpt>
      <trkpt lat="33.61232" lon="-117.76929">
        <ele>178.0</ele>
        <time>2026-06-06T15:26:22Z</time>
      </trkpt>
      <trkpt lat="33.61236" lon="-117.76929">
        <ele>178.0</ele>
        <time>2026-06-06T15:26:25Z</time>
      </trkpt>
      <trkpt lat="33.61239" lon="-117.76928">
        <ele>178.0</ele>
        <time>2026-06-06T15:26:28Z</time>
      </trkpt>
      <trkpt lat="33.61243" lon="-117.76929">
        <ele>177.67</ele>
        <time>2026-06-06T15:26:31Z</time>
      </trkpt>
      <trkpt lat="33.61246" lon="-117.7693">
        <ele>177.18</ele>
        <time>2026-06-06T15:26:34Z</time>
      </trkpt>
      <trkpt lat="33.61249" lon="-117.76932">
        <ele>176.52</ele>
        <time>2026-06-06T15:26:38Z</time>
      </trkpt>
      <trkpt lat="33.61251" lon="-117.76935">
        <ele>175.8</ele>
        <time>2026-06-06T15:26:45Z</time>
      </trkpt>
      <trkpt lat="33.61254" lon="-117.76937">
        <ele>175.05</ele>
        <time>2026-06-06T15:26:51Z</time>
      </trkpt>
      <trkpt lat="33.61256" lon="-117.76938">
        <ele>174.51</ele>
        <time>2026-06-06T15:26:55Z</time>
      </trkpt>
      <trkpt lat="33.61259" lon="-117.7694">
        <ele>173.55</ele>
        <time>2026-06-06T15:26:58Z</time>
      </trkpt>
      <trkpt lat="33.61262" lon="-117.76942">
        <ele>172.81</ele>
        <time>2026-06-06T15:27:02Z</time>
      </trkpt>
      <trkpt lat="33.61265" lon="-117.76943">
        <ele>172.34</ele>
        <time>2026-06-06T15:27:06Z</time>
      </trkpt>
      <trkpt lat="33.61268" lon="-117.76944">
        <ele>172.01</ele>
        <time>2026-06-06T15:27:09Z</time>
      </trkpt>
      <trkpt lat="33.61272" lon="-117.76944">
        <ele>172.67</ele>
        <time>2026-06-06T15:27:11Z</time>
      </trkpt>
      <trkpt lat="33.61276" lon="-117.76944">
        <ele>173.49</ele>
        <time>2026-06-06T15:27:13Z</time>
      </trkpt>
      <trkpt lat="33.6128" lon="-117.76945">
        <ele>174.01</ele>
        <time>2026-06-06T15:27:15Z</time>
      </trkpt>
      <trkpt lat="33.61283" lon="-117.76946">
        <ele>174.09</ele>
        <time>2026-06-06T15:27:17Z</time>
      </trkpt>
      <trkpt lat="33.61286" lon="-117.76946">
        <ele>174.15</ele>
        <time>2026-06-06T15:27:19Z</time>
      </trkpt>
      <trkpt lat="33.61289" lon="-117.76949">
        <ele>174.6</ele>
        <time>2026-06-06T15:27:22Z</time>
      </trkpt>
      <trkpt lat="33.61292" lon="-117.7695">
        <ele>174.81</ele>
        <time>2026-06-06T15:27:25Z</time>
      </trkpt>
      <trkpt lat="33.61295" lon="-117.7695">
        <ele>174.94</ele>
        <time>2026-06-06T15:27:29Z</time>
      </trkpt>
      <trkpt lat="33.61298" lon="-117.7695">
        <ele>174.93</ele>
        <time>2026-06-06T15:27:33Z</time>
      </trkpt>
      <trkpt lat="33.61301" lon="-117.76951">
        <ele>174.85</ele>
        <time>2026-06-06T15:27:36Z</time>
      </trkpt>
      <trkpt lat="33.61304" lon="-117.76953">
        <ele>174.94</ele>
        <time>2026-06-06T15:27:39Z</time>
      </trkpt>
      <trkpt lat="33.61307" lon="-117.76954">
        <ele>175.03</ele>
        <time>2026-06-06T15:27:42Z</time>
      </trkpt>
      <trkpt lat="33.6131" lon="-117.76955">
        <ele>175.07</ele>
        <time>2026-06-06T15:27:45Z</time>
      </trkpt>
      <trkpt lat="33.61313" lon="-117.76956">
        <ele>175.05</ele>
        <time>2026-06-06T15:27:48Z</time>
      </trkpt>
      <trkpt lat="33.61316" lon="-117.76956">
        <ele>175.0</ele>
        <time>2026-06-06T15:27:51Z</time>
      </trkpt>
      <trkpt lat="33.6132" lon="-117.76957">
        <ele>175.0</ele>
        <time>2026-06-06T15:27:54Z</time>
      </trkpt>
      <trkpt lat="33.61323" lon="-117.76958">
        <ele>175.0</ele>
        <time>2026-06-06T15:27:56Z</time>
      </trkpt>
      <trkpt lat="33.61326" lon="-117.76958">
        <ele>174.89</ele>
        <time>2026-06-06T15:27:58Z</time>
      </trkpt>
      <trkpt lat="33.6133" lon="-117.76959">
        <ele>174.73</ele>
        <time>2026-06-06T15:28:01Z</time>
      </trkpt>
      <trkpt lat="33.61333" lon="-117.7696">
        <ele>174.69</ele>
        <time>2026-06-06T15:28:04Z</time>
      </trkpt>
      <trkpt lat="33.61336" lon="-117.76963">
        <ele>174.72</ele>
        <time>2026-06-06T15:28:07Z</time>
      </trkpt>
      <trkpt lat="33.61338" lon="-117.76966">
        <ele>174.82</ele>
        <time>2026-06-06T15:28:09Z</time>
      </trkpt>
      <trkpt lat="33.61341" lon="-117.76968">
        <ele>174.72</ele>
        <time>2026-06-06T15:28:12Z</time>
      </trkpt>
      <trkpt lat="33.61345" lon="-117.76968">
        <ele>174.28</ele>
        <time>2026-06-06T15:28:15Z</time>
      </trkpt>
      <trkpt lat="33.61348" lon="-117.76969">
        <ele>174.07</ele>
        <time>2026-06-06T15:28:18Z</time>
      </trkpt>
      <trkpt lat="33.61351" lon="-117.7697">
        <ele>173.85</ele>
        <time>2026-06-06T15:28:20Z</time>
      </trkpt>
      <trkpt lat="33.61354" lon="-117.76971">
        <ele>173.87</ele>
        <time>2026-06-06T15:28:22Z</time>
      </trkpt>
      <trkpt lat="33.61356" lon="-117.76973">
        <ele>174.21</ele>
        <time>2026-06-06T15:28:24Z</time>
      </trkpt>
      <trkpt lat="33.6136" lon="-117.76975">
        <ele>174.64</ele>
        <time>2026-06-06T15:28:27Z</time>
      </trkpt>
      <trkpt lat="33.61363" lon="-117.76976">
        <ele>174.65</ele>
        <time>2026-06-06T15:28:30Z</time>
      </trkpt>
      <trkpt lat="33.61367" lon="-117.76977">
        <ele>174.38</ele>
        <time>2026-06-06T15:28:33Z</time>
      </trkpt>
      <trkpt lat="33.6137" lon="-117.7698">
        <ele>174.07</ele>
        <time>2026-06-06T15:28:36Z</time>
      </trkpt>
      <trkpt lat="33.61372" lon="-117.76982">
        <ele>173.94</ele>
        <time>2026-06-06T15:28:38Z</time>
      </trkpt>
      <trkpt lat="33.61374" lon="-117.76985">
        <ele>174.37</ele>
        <time>2026-06-06T15:28:40Z</time>
      </trkpt>
      <trkpt lat="33.61376" lon="-117.76988">
        <ele>174.8</ele>
        <time>2026-06-06T15:28:43Z</time>
      </trkpt>
      <trkpt lat="33.61376" lon="-117.76991">
        <ele>175.47</ele>
        <time>2026-06-06T15:28:47Z</time>
      </trkpt>
      <trkpt lat="33.61378" lon="-117.76993">
        <ele>175.87</ele>
        <time>2026-06-06T15:28:50Z</time>
      </trkpt>
      <trkpt lat="33.61381" lon="-117.76996">
        <ele>176.47</ele>
        <time>2026-06-06T15:28:53Z</time>
      </trkpt>
      <trkpt lat="33.61383" lon="-117.76998">
        <ele>176.7</ele>
        <time>2026-06-06T15:28:56Z</time>
      </trkpt>
      <trkpt lat="33.61386" lon="-117.77001">
        <ele>176.84</ele>
        <time>2026-06-06T15:28:59Z</time>
      </trkpt>
      <trkpt lat="33.61389" lon="-117.77004">
        <ele>176.85</ele>
        <time>2026-06-06T15:29:02Z</time>
      </trkpt>
      <trkpt lat="33.61391" lon="-117.77007">
        <ele>177.11</ele>
        <time>2026-06-06T15:29:05Z</time>
      </trkpt>
      <trkpt lat="33.61393" lon="-117.7701">
        <ele>177.27</ele>
        <time>2026-06-06T15:29:08Z</time>
      </trkpt>
      <trkpt lat="33.61395" lon="-117.77013">
        <ele>177.49</ele>
        <time>2026-06-06T15:29:11Z</time>
      </trkpt>
      <trkpt lat="33.61397" lon="-117.77016">
        <ele>177.7</ele>
        <time>2026-06-06T15:29:14Z</time>
      </trkpt>
      <trkpt lat="33.61399" lon="-117.77018">
        <ele>177.8</ele>
        <time>2026-06-06T15:29:16Z</time>
      </trkpt>
      <trkpt lat="33.61402" lon="-117.7702">
        <ele>177.9</ele>
        <time>2026-06-06T15:29:18Z</time>
      </trkpt>
      <trkpt lat="33.61405" lon="-117.77022">
        <ele>178.01</ele>
        <time>2026-06-06T15:29:20Z</time>
      </trkpt>
      <trkpt lat="33.61408" lon="-117.77024">
        <ele>178.22</ele>
        <time>2026-06-06T15:29:23Z</time>
      </trkpt>
      <trkpt lat="33.6141" lon="-117.77023">
        <ele>178.1</ele>
        <time>2026-06-06T15:29:27Z</time>
      </trkpt>
      <trkpt lat="33.61413" lon="-117.77021">
        <ele>177.7</ele>
        <time>2026-06-06T15:29:31Z</time>
      </trkpt>
      <trkpt lat="33.61417" lon="-117.77021">
        <ele>177.82</ele>
        <time>2026-06-06T15:29:34Z</time>
      </trkpt>
      <trkpt lat="33.6142" lon="-117.77023">
        <ele>178.46</ele>
        <time>2026-06-06T15:29:37Z</time>
      </trkpt>
      <trkpt lat="33.61423" lon="-117.77024">
        <ele>178.65</ele>
        <time>2026-06-06T15:29:40Z</time>
      </trkpt>
      <trkpt lat="33.61427" lon="-117.77025">
        <ele>178.75</ele>
        <time>2026-06-06T15:29:43Z</time>
      </trkpt>
      <trkpt lat="33.6143" lon="-117.77027">
        <ele>179.28</ele>
        <time>2026-06-06T15:29:46Z</time>
      </trkpt>
      <trkpt lat="33.61432" lon="-117.77029">
        <ele>179.83</ele>
        <time>2026-06-06T15:29:48Z</time>
      </trkpt>
      <trkpt lat="33.61434" lon="-117.77033">
        <ele>180.51</ele>
        <time>2026-06-06T15:29:50Z</time>
      </trkpt>
      <trkpt lat="33.61436" lon="-117.77037">
        <ele>180.82</ele>
        <time>2026-06-06T15:29:52Z</time>
      </trkpt>
      <trkpt lat="33.61438" lon="-117.7704">
        <ele>180.71</ele>
        <time>2026-06-06T15:29:54Z</time>
      </trkpt>
      <trkpt lat="33.6144" lon="-117.77043">
        <ele>180.6</ele>
        <time>2026-06-06T15:29:56Z</time>
      </trkpt>
      <trkpt lat="33.6144" lon="-117.77047">
        <ele>181.0</ele>
        <time>2026-06-06T15:29:58Z</time>
      </trkpt>
      <trkpt lat="33.61441" lon="-117.77051">
        <ele>181.06</ele>
        <time>2026-06-06T15:30:01Z</time>
      </trkpt>
      <trkpt lat="33.61442" lon="-117.77056">
        <ele>181.28</ele>
        <time>2026-06-06T15:30:04Z</time>
      </trkpt>
      <trkpt lat="33.61443" lon="-117.7706">
        <ele>181.23</ele>
        <time>2026-06-06T15:30:07Z</time>
      </trkpt>
      <trkpt lat="33.61445" lon="-117.77064">
        <ele>180.83</ele>
        <time>2026-06-06T15:30:10Z</time>
      </trkpt>
      <trkpt lat="33.61447" lon="-117.77068">
        <ele>180.52</ele>
        <time>2026-06-06T15:30:13Z</time>
      </trkpt>
      <trkpt lat="33.61449" lon="-117.77072">
        <ele>180.3</ele>
        <time>2026-06-06T15:30:16Z</time>
      </trkpt>
      <trkpt lat="33.6145" lon="-117.77076">
        <ele>180.37</ele>
        <time>2026-06-06T15:30:19Z</time>
      </trkpt>
      <trkpt lat="33.61451" lon="-117.7708">
        <ele>180.6</ele>
        <time>2026-06-06T15:30:22Z</time>
      </trkpt>
      <trkpt lat="33.61451" lon="-117.77085">
        <ele>180.87</ele>
        <time>2026-06-06T15:30:25Z</time>
      </trkpt>
      <trkpt lat="33.6145" lon="-117.77089">
        <ele>180.63</ele>
        <time>2026-06-06T15:30:28Z</time>
      </trkpt>
      <trkpt lat="33.6145" lon="-117.77093">
        <ele>180.53</ele>
        <time>2026-06-06T15:30:31Z</time>
      </trkpt>
      <trkpt lat="33.61451" lon="-117.77097">
        <ele>181.72</ele>
        <time>2026-06-06T15:30:34Z</time>
      </trkpt>
      <trkpt lat="33.61454" lon="-117.77098">
        <ele>181.77</ele>
        <time>2026-06-06T15:30:37Z</time>
      </trkpt>
      <trkpt lat="33.61457" lon="-117.77099">
        <ele>182.19</ele>
        <time>2026-06-06T15:30:39Z</time>
      </trkpt>
      <trkpt lat="33.61461" lon="-117.77099">
        <ele>182.32</ele>
        <time>2026-06-06T15:30:42Z</time>
      </trkpt>
      <trkpt lat="33.61463" lon="-117.77102">
        <ele>183.02</ele>
        <time>2026-06-06T15:30:48Z</time>
      </trkpt>
      <trkpt lat="33.61464" lon="-117.77105">
        <ele>183.38</ele>
        <time>2026-06-06T15:30:53Z</time>
      </trkpt>
      <trkpt lat="33.61466" lon="-117.77107">
        <ele>183.09</ele>
        <time>2026-06-06T15:30:57Z</time>
      </trkpt>
      <trkpt lat="33.61469" lon="-117.77109">
        <ele>182.23</ele>
        <time>2026-06-06T15:31:01Z</time>
      </trkpt>
      <trkpt lat="33.61472" lon="-117.77111">
        <ele>181.1</ele>
        <time>2026-06-06T15:31:05Z</time>
      </trkpt>
      <trkpt lat="33.61475" lon="-117.77112">
        <ele>181.71</ele>
        <time>2026-06-06T15:31:08Z</time>
      </trkpt>
      <trkpt lat="33.61477" lon="-117.77112">
        <ele>182.08</ele>
        <time>2026-06-06T15:31:11Z</time>
      </trkpt>
      <trkpt lat="33.6148" lon="-117.7711">
        <ele>182.58</ele>
        <time>2026-06-06T15:31:14Z</time>
      </trkpt>
      <trkpt lat="33.61484" lon="-117.7711">
        <ele>183.05</ele>
        <time>2026-06-06T15:31:16Z</time>
      </trkpt>
      <trkpt lat="33.61487" lon="-117.77109">
        <ele>182.96</ele>
        <time>2026-06-06T15:31:18Z</time>
      </trkpt>
      <trkpt lat="33.61491" lon="-117.77108">
        <ele>182.69</ele>
        <time>2026-06-06T15:31:21Z</time>
      </trkpt>
      <trkpt lat="33.61494" lon="-117.77107">
        <ele>182.85</ele>
        <time>2026-06-06T15:31:24Z</time>
      </trkpt>
      <trkpt lat="33.61498" lon="-117.77106">
        <ele>183.52</ele>
        <time>2026-06-06T15:31:27Z</time>
      </trkpt>
      <trkpt lat="33.61501" lon="-117.77105">
        <ele>184.32</ele>
        <time>2026-06-06T15:31:30Z</time>
      </trkpt>
      <trkpt lat="33.61503" lon="-117.77104">
        <ele>184.97</ele>
        <time>2026-06-06T15:31:33Z</time>
      </trkpt>
      <trkpt lat="33.61506" lon="-117.77104">
        <ele>185.94</ele>
        <time>2026-06-06T15:31:36Z</time>
      </trkpt>
      <trkpt lat="33.6151" lon="-117.77105">
        <ele>187.13</ele>
        <time>2026-06-06T15:31:40Z</time>
      </trkpt>
      <trkpt lat="33.61513" lon="-117.77105">
        <ele>187.67</ele>
        <time>2026-06-06T15:31:44Z</time>
      </trkpt>
      <trkpt lat="33.61515" lon="-117.77104">
        <ele>188.1</ele>
        <time>2026-06-06T15:31:49Z</time>
      </trkpt>
      <trkpt lat="33.61519" lon="-117.77103">
        <ele>188.93</ele>
        <time>2026-06-06T15:31:53Z</time>
      </trkpt>
      <trkpt lat="33.61521" lon="-117.77103">
        <ele>189.14</ele>
        <time>2026-06-06T15:31:56Z</time>
      </trkpt>
      <trkpt lat="33.61524" lon="-117.77105">
        <ele>189.25</ele>
        <time>2026-06-06T15:31:59Z</time>
      </trkpt>
      <trkpt lat="33.61526" lon="-117.77106">
        <ele>189.36</ele>
        <time>2026-06-06T15:32:02Z</time>
      </trkpt>
      <trkpt lat="33.6153" lon="-117.77107">
        <ele>189.68</ele>
        <time>2026-06-06T15:32:05Z</time>
      </trkpt>
      <trkpt lat="33.61533" lon="-117.77109">
        <ele>189.79</ele>
        <time>2026-06-06T15:32:08Z</time>
      </trkpt>
      <trkpt lat="33.61535" lon="-117.77111">
        <ele>189.79</ele>
        <time>2026-06-06T15:32:11Z</time>
      </trkpt>
      <trkpt lat="33.61538" lon="-117.77113">
        <ele>190.06</ele>
        <time>2026-06-06T15:32:14Z</time>
      </trkpt>
      <trkpt lat="33.61542" lon="-117.77115">
        <ele>190.09</ele>
        <time>2026-06-06T15:32:17Z</time>
      </trkpt>
      <trkpt lat="33.61544" lon="-117.77117">
        <ele>189.8</ele>
        <time>2026-06-06T15:32:20Z</time>
      </trkpt>
      <trkpt lat="33.61547" lon="-117.7712">
        <ele>189.0</ele>
        <time>2026-06-06T15:32:23Z</time>
      </trkpt>
      <trkpt lat="33.61549" lon="-117.77122">
        <ele>188.63</ele>
        <time>2026-06-06T15:32:26Z</time>
      </trkpt>
      <trkpt lat="33.61551" lon="-117.77125">
        <ele>188.5</ele>
        <time>2026-06-06T15:32:29Z</time>
      </trkpt>
      <trkpt lat="33.61554" lon="-117.77127">
        <ele>188.64</ele>
        <time>2026-06-06T15:32:32Z</time>
      </trkpt>
      <trkpt lat="33.61556" lon="-117.7713">
        <ele>189.18</ele>
        <time>2026-06-06T15:32:35Z</time>
      </trkpt>
      <trkpt lat="33.61557" lon="-117.77134">
        <ele>189.87</ele>
        <time>2026-06-06T15:32:38Z</time>
      </trkpt>
      <trkpt lat="33.61557" lon="-117.77138">
        <ele>190.23</ele>
        <time>2026-06-06T15:32:41Z</time>
      </trkpt>
      <trkpt lat="33.61557" lon="-117.77142">
        <ele>190.93</ele>
        <time>2026-06-06T15:32:45Z</time>
      </trkpt>
      <trkpt lat="33.61557" lon="-117.77146">
        <ele>191.73</ele>
        <time>2026-06-06T15:32:48Z</time>
      </trkpt>
      <trkpt lat="33.61557" lon="-117.77149">
        <ele>192.16</ele>
        <time>2026-06-06T15:32:51Z</time>
      </trkpt>
      <trkpt lat="33.61558" lon="-117.77152">
        <ele>192.26</ele>
        <time>2026-06-06T15:32:55Z</time>
      </trkpt>
      <trkpt lat="33.61561" lon="-117.77149">
        <ele>192.59</ele>
        <time>2026-06-06T15:32:57Z</time>
      </trkpt>
      <trkpt lat="33.61563" lon="-117.77147">
        <ele>192.66</ele>
        <time>2026-06-06T15:32:59Z</time>
      </trkpt>
      <trkpt lat="33.61565" lon="-117.77144">
        <ele>192.58</ele>
        <time>2026-06-06T15:33:02Z</time>
      </trkpt>
      <trkpt lat="33.61567" lon="-117.77141">
        <ele>192.65</ele>
        <time>2026-06-06T15:33:05Z</time>
      </trkpt>
      <trkpt lat="33.61569" lon="-117.77138">
        <ele>192.86</ele>
        <time>2026-06-06T15:33:08Z</time>
      </trkpt>
      <trkpt lat="33.61572" lon="-117.77136">
        <ele>193.31</ele>
        <time>2026-06-06T15:33:11Z</time>
      </trkpt>
      <trkpt lat="33.61575" lon="-117.77138">
        <ele>194.0</ele>
        <time>2026-06-06T15:33:14Z</time>
      </trkpt>
      <trkpt lat="33.61578" lon="-117.7714">
        <ele>194.42</ele>
        <time>2026-06-06T15:33:17Z</time>
      </trkpt>
      <trkpt lat="33.61581" lon="-117.77143">
        <ele>194.75</ele>
        <time>2026-06-06T15:33:20Z</time>
      </trkpt>
      <trkpt lat="33.61583" lon="-117.77144">
        <ele>194.96</ele>
        <time>2026-06-06T15:33:23Z</time>
      </trkpt>
      <trkpt lat="33.61586" lon="-117.77144">
        <ele>195.45</ele>
        <time>2026-06-06T15:33:26Z</time>
      </trkpt>
      <trkpt lat="33.61589" lon="-117.77146">
        <ele>196.08</ele>
        <time>2026-06-06T15:33:29Z</time>
      </trkpt>
      <trkpt lat="33.61592" lon="-117.77147">
        <ele>196.76</ele>
        <time>2026-06-06T15:33:32Z</time>
      </trkpt>
      <trkpt lat="33.61594" lon="-117.77149">
        <ele>197.3</ele>
        <time>2026-06-06T15:33:35Z</time>
      </trkpt>
      <trkpt lat="33.61597" lon="-117.77149">
        <ele>197.95</ele>
        <time>2026-06-06T15:33:38Z</time>
      </trkpt>
      <trkpt lat="33.616" lon="-117.77148">
        <ele>198.58</ele>
        <time>2026-06-06T15:33:42Z</time>
      </trkpt>
      <trkpt lat="33.61603" lon="-117.77149">
        <ele>199.14</ele>
        <time>2026-06-06T15:33:46Z</time>
      </trkpt>
      <trkpt lat="33.61607" lon="-117.77151">
        <ele>199.73</ele>
        <time>2026-06-06T15:33:50Z</time>
      </trkpt>
      <trkpt lat="33.6161" lon="-117.77152">
        <ele>200.25</ele>
        <time>2026-06-06T15:33:54Z</time>
      </trkpt>
      <trkpt lat="33.61613" lon="-117.77153">
        <ele>201.03</ele>
        <time>2026-06-06T15:33:58Z</time>
      </trkpt>
      <trkpt lat="33.61616" lon="-117.77154">
        <ele>201.88</ele>
        <time>2026-06-06T15:34:02Z</time>
      </trkpt>
      <trkpt lat="33.61619" lon="-117.77155">
        <ele>202.67</ele>
        <time>2026-06-06T15:34:06Z</time>
      </trkpt>
      <trkpt lat="33.61622" lon="-117.77155">
        <ele>203.48</ele>
        <time>2026-06-06T15:34:10Z</time>
      </trkpt>
      <trkpt lat="33.61624" lon="-117.77154">
        <ele>204.03</ele>
        <time>2026-06-06T15:34:17Z</time>
      </trkpt>
      <trkpt lat="33.61627" lon="-117.77151">
        <ele>204.65</ele>
        <time>2026-06-06T15:34:21Z</time>
      </trkpt>
      <trkpt lat="33.6163" lon="-117.77151">
        <ele>205.42</ele>
        <time>2026-06-06T15:34:25Z</time>
      </trkpt>
      <trkpt lat="33.61633" lon="-117.7715">
        <ele>206.22</ele>
        <time>2026-06-06T15:34:29Z</time>
      </trkpt>
      <trkpt lat="33.61636" lon="-117.77149">
        <ele>207.09</ele>
        <time>2026-06-06T15:34:33Z</time>
      </trkpt>
      <trkpt lat="33.61639" lon="-117.77148">
        <ele>208.01</ele>
        <time>2026-06-06T15:34:37Z</time>
      </trkpt>
      <trkpt lat="33.61641" lon="-117.77146">
        <ele>208.22</ele>
        <time>2026-06-06T15:34:41Z</time>
      </trkpt>
      <trkpt lat="33.61644" lon="-117.77145">
        <ele>208.76</ele>
        <time>2026-06-06T15:34:45Z</time>
      </trkpt>
      <trkpt lat="33.61644" lon="-117.77142">
        <ele>208.44</ele>
        <time>2026-06-06T15:35:01Z</time>
      </trkpt>
      <trkpt lat="33.61647" lon="-117.77141">
        <ele>208.98</ele>
        <time>2026-06-06T15:35:26Z</time>
      </trkpt>
      <trkpt lat="33.6165" lon="-117.77141">
        <ele>209.63</ele>
        <time>2026-06-06T15:35:30Z</time>
      </trkpt>
      <trkpt lat="33.61653" lon="-117.7714">
        <ele>210.17</ele>
        <time>2026-06-06T15:35:32Z</time>
      </trkpt>
      <trkpt lat="33.61656" lon="-117.7714">
        <ele>210.82</ele>
        <time>2026-06-06T15:35:35Z</time>
      </trkpt>
      <trkpt lat="33.61659" lon="-117.77139">
        <ele>211.35</ele>
        <time>2026-06-06T15:35:39Z</time>
      </trkpt>
      <trkpt lat="33.61662" lon="-117.77138">
        <ele>211.94</ele>
        <time>2026-06-06T15:35:43Z</time>
      </trkpt>
      <trkpt lat="33.61665" lon="-117.77138">
        <ele>212.62</ele>
        <time>2026-06-06T15:35:47Z</time>
      </trkpt>
      <trkpt lat="33.61668" lon="-117.77137">
        <ele>213.29</ele>
        <time>2026-06-06T15:35:52Z</time>
      </trkpt>
      <trkpt lat="33.6167" lon="-117.77136">
        <ele>213.72</ele>
        <time>2026-06-06T15:35:56Z</time>
      </trkpt>
      <trkpt lat="33.61673" lon="-117.77135">
        <ele>214.37</ele>
        <time>2026-06-06T15:36:00Z</time>
      </trkpt>
      <trkpt lat="33.61676" lon="-117.77134">
        <ele>215.02</ele>
        <time>2026-06-06T15:36:04Z</time>
      </trkpt>
      <trkpt lat="33.61678" lon="-117.77133">
        <ele>215.67</ele>
        <time>2026-06-06T15:36:08Z</time>
      </trkpt>
      <trkpt lat="33.61681" lon="-117.77132">
        <ele>216.64</ele>
        <time>2026-06-06T15:36:12Z</time>
      </trkpt>
      <trkpt lat="33.61684" lon="-117.77131">
        <ele>217.62</ele>
        <time>2026-06-06T15:36:16Z</time>
      </trkpt>
      <trkpt lat="33.61686" lon="-117.77131">
        <ele>218.18</ele>
        <time>2026-06-06T15:36:20Z</time>
      </trkpt>
      <trkpt lat="33.61689" lon="-117.7713">
        <ele>218.82</ele>
        <time>2026-06-06T15:36:24Z</time>
      </trkpt>
      <trkpt lat="33.61692" lon="-117.77129">
        <ele>219.34</ele>
        <time>2026-06-06T15:36:28Z</time>
      </trkpt>
      <trkpt lat="33.61695" lon="-117.77129">
        <ele>219.98</ele>
        <time>2026-06-06T15:36:33Z</time>
      </trkpt>
      <trkpt lat="33.61698" lon="-117.77128">
        <ele>220.42</ele>
        <time>2026-06-06T15:36:38Z</time>
      </trkpt>
      <trkpt lat="33.61701" lon="-117.77127">
        <ele>220.85</ele>
        <time>2026-06-06T15:36:43Z</time>
      </trkpt>
      <trkpt lat="33.61704" lon="-117.77126">
        <ele>221.32</ele>
        <time>2026-06-06T15:36:48Z</time>
      </trkpt>
      <trkpt lat="33.61707" lon="-117.77126">
        <ele>222.42</ele>
        <time>2026-06-06T15:36:53Z</time>
      </trkpt>
      <trkpt lat="33.6171" lon="-117.77126">
        <ele>223.52</ele>
        <time>2026-06-06T15:36:58Z</time>
      </trkpt>
      <trkpt lat="33.61712" lon="-117.77128">
        <ele>224.49</ele>
        <time>2026-06-06T15:37:04Z</time>
      </trkpt>
      <trkpt lat="33.61715" lon="-117.77129">
        <ele>225.37</ele>
        <time>2026-06-06T15:37:09Z</time>
      </trkpt>
      <trkpt lat="33.61718" lon="-117.77127">
        <ele>225.8</ele>
        <time>2026-06-06T15:37:12Z</time>
      </trkpt>
      <trkpt lat="33.6172" lon="-117.77125">
        <ele>226.02</ele>
        <time>2026-06-06T15:37:15Z</time>
      </trkpt>
      <trkpt lat="33.61723" lon="-117.77124">
        <ele>226.48</ele>
        <time>2026-06-06T15:37:18Z</time>
      </trkpt>
      <trkpt lat="33.61726" lon="-117.77123">
        <ele>226.69</ele>
        <time>2026-06-06T15:37:21Z</time>
      </trkpt>
      <trkpt lat="33.61729" lon="-117.77122">
        <ele>226.91</ele>
        <time>2026-06-06T15:37:24Z</time>
      </trkpt>
      <trkpt lat="33.61731" lon="-117.7712">
        <ele>226.83</ele>
        <time>2026-06-06T15:37:27Z</time>
      </trkpt>
      <trkpt lat="33.61734" lon="-117.77119">
        <ele>226.6</ele>
        <time>2026-06-06T15:37:30Z</time>
      </trkpt>
      <trkpt lat="33.61737" lon="-117.77117">
        <ele>226.12</ele>
        <time>2026-06-06T15:37:33Z</time>
      </trkpt>
      <trkpt lat="33.6174" lon="-117.77116">
        <ele>226.02</ele>
        <time>2026-06-06T15:37:36Z</time>
      </trkpt>
      <trkpt lat="33.61743" lon="-117.77115">
        <ele>226.12</ele>
        <time>2026-06-06T15:37:39Z</time>
      </trkpt>
      <trkpt lat="33.61746" lon="-117.77113">
        <ele>226.31</ele>
        <time>2026-06-06T15:37:42Z</time>
      </trkpt>
      <trkpt lat="33.6175" lon="-117.77111">
        <ele>226.96</ele>
        <time>2026-06-06T15:37:45Z</time>
      </trkpt>
      <trkpt lat="33.61753" lon="-117.77109">
        <ele>226.71</ele>
        <time>2026-06-06T15:37:48Z</time>
      </trkpt>
      <trkpt lat="33.61755" lon="-117.77106">
        <ele>226.18</ele>
        <time>2026-06-06T15:37:50Z</time>
      </trkpt>
      <trkpt lat="33.61757" lon="-117.77104">
        <ele>226.03</ele>
        <time>2026-06-06T15:37:52Z</time>
      </trkpt>
      <trkpt lat="33.61759" lon="-117.77101">
        <ele>225.85</ele>
        <time>2026-06-06T15:37:55Z</time>
      </trkpt>
      <trkpt lat="33.61762" lon="-117.771">
        <ele>226.69</ele>
        <time>2026-06-06T15:37:58Z</time>
      </trkpt>
      <trkpt lat="33.61765" lon="-117.77098">
        <ele>227.44</ele>
        <time>2026-06-06T15:38:01Z</time>
      </trkpt>
      <trkpt lat="33.61768" lon="-117.77098">
        <ele>228.42</ele>
        <time>2026-06-06T15:38:04Z</time>
      </trkpt>
      <trkpt lat="33.61771" lon="-117.77097">
        <ele>229.02</ele>
        <time>2026-06-06T15:38:07Z</time>
      </trkpt>
      <trkpt lat="33.61774" lon="-117.77095">
        <ele>229.73</ele>
        <time>2026-06-06T15:38:11Z</time>
      </trkpt>
      <trkpt lat="33.61776" lon="-117.77093">
        <ele>230.4</ele>
        <time>2026-06-06T15:38:16Z</time>
      </trkpt>
      <trkpt lat="33.61779" lon="-117.77091">
        <ele>230.83</ele>
        <time>2026-06-06T15:38:20Z</time>
      </trkpt>
      <trkpt lat="33.61782" lon="-117.77089">
        <ele>231.03</ele>
        <time>2026-06-06T15:38:24Z</time>
      </trkpt>
      <trkpt lat="33.61785" lon="-117.77087">
        <ele>231.51</ele>
        <time>2026-06-06T15:38:28Z</time>
      </trkpt>
      <trkpt lat="33.61787" lon="-117.77086">
        <ele>231.99</ele>
        <time>2026-06-06T15:38:31Z</time>
      </trkpt>
      <trkpt lat="33.61791" lon="-117.77085">
        <ele>232.86</ele>
        <time>2026-06-06T15:38:35Z</time>
      </trkpt>
      <trkpt lat="33.61794" lon="-117.77084">
        <ele>233.5</ele>
        <time>2026-06-06T15:38:39Z</time>
      </trkpt>
      <trkpt lat="33.61796" lon="-117.77082">
        <ele>233.65</ele>
        <time>2026-06-06T15:38:43Z</time>
      </trkpt>
      <trkpt lat="33.61799" lon="-117.77081">
        <ele>234.37</ele>
        <time>2026-06-06T15:38:47Z</time>
      </trkpt>
      <trkpt lat="33.61802" lon="-117.7708">
        <ele>235.13</ele>
        <time>2026-06-06T15:38:51Z</time>
      </trkpt>
      <trkpt lat="33.61805" lon="-117.7708">
        <ele>236.1</ele>
        <time>2026-06-06T15:38:55Z</time>
      </trkpt>
      <trkpt lat="33.61807" lon="-117.77079">
        <ele>236.29</ele>
        <time>2026-06-06T15:38:59Z</time>
      </trkpt>
      <trkpt lat="33.6181" lon="-117.77081">
        <ele>237.1</ele>
        <time>2026-06-06T15:39:03Z</time>
      </trkpt>
      <trkpt lat="33.61813" lon="-117.77082">
        <ele>237.63</ele>
        <time>2026-06-06T15:39:07Z</time>
      </trkpt>
      <trkpt lat="33.61816" lon="-117.77082">
        <ele>238.24</ele>
        <time>2026-06-06T15:39:11Z</time>
      </trkpt>
      <trkpt lat="33.61819" lon="-117.77083">
        <ele>239.32</ele>
        <time>2026-06-06T15:39:15Z</time>
      </trkpt>
      <trkpt lat="33.61822" lon="-117.77083">
        <ele>240.29</ele>
        <time>2026-06-06T15:39:19Z</time>
      </trkpt>
      <trkpt lat="33.61824" lon="-117.77083">
        <ele>240.94</ele>
        <time>2026-06-06T15:39:23Z</time>
      </trkpt>
      <trkpt lat="33.61827" lon="-117.77083">
        <ele>241.92</ele>
        <time>2026-06-06T15:39:27Z</time>
      </trkpt>
      <trkpt lat="33.6183" lon="-117.77083">
        <ele>242.91</ele>
        <time>2026-06-06T15:39:31Z</time>
      </trkpt>
      <trkpt lat="33.61833" lon="-117.77083">
        <ele>243.89</ele>
        <time>2026-06-06T15:39:35Z</time>
      </trkpt>
      <trkpt lat="33.61836" lon="-117.77084">
        <ele>244.43</ele>
        <time>2026-06-06T15:39:39Z</time>
      </trkpt>
      <trkpt lat="33.61838" lon="-117.77084">
        <ele>244.86</ele>
        <time>2026-06-06T15:39:43Z</time>
      </trkpt>
      <trkpt lat="33.61841" lon="-117.77084">
        <ele>245.51</ele>
        <time>2026-06-06T15:39:47Z</time>
      </trkpt>
      <trkpt lat="33.61844" lon="-117.77084">
        <ele>246.29</ele>
        <time>2026-06-06T15:39:51Z</time>
      </trkpt>
      <trkpt lat="33.61847" lon="-117.77084">
        <ele>247.22</ele>
        <time>2026-06-06T15:39:55Z</time>
      </trkpt>
      <trkpt lat="33.6185" lon="-117.77084">
        <ele>248.14</ele>
        <time>2026-06-06T15:39:59Z</time>
      </trkpt>
      <trkpt lat="33.61853" lon="-117.77084">
        <ele>248.73</ele>
        <time>2026-06-06T15:40:03Z</time>
      </trkpt>
      <trkpt lat="33.61856" lon="-117.77084">
        <ele>248.78</ele>
        <time>2026-06-06T15:40:07Z</time>
      </trkpt>
      <trkpt lat="33.61859" lon="-117.77084">
        <ele>248.82</ele>
        <time>2026-06-06T15:40:11Z</time>
      </trkpt>
      <trkpt lat="33.61862" lon="-117.77084">
        <ele>248.86</ele>
        <time>2026-06-06T15:40:15Z</time>
      </trkpt>
      <trkpt lat="33.61865" lon="-117.77087">
        <ele>248.21</ele>
        <time>2026-06-06T15:40:19Z</time>
      </trkpt>
      <trkpt lat="33.61867" lon="-117.7709">
        <ele>247.56</ele>
        <time>2026-06-06T15:40:22Z</time>
      </trkpt>
      <trkpt lat="33.61869" lon="-117.77092">
        <ele>247.13</ele>
        <time>2026-06-06T15:40:25Z</time>
      </trkpt>
      <trkpt lat="33.61873" lon="-117.77094">
        <ele>246.02</ele>
        <time>2026-06-06T15:40:28Z</time>
      </trkpt>
      <trkpt lat="33.61876" lon="-117.77095">
        <ele>245.62</ele>
        <time>2026-06-06T15:40:30Z</time>
      </trkpt>
      <trkpt lat="33.61879" lon="-117.77096">
        <ele>245.57</ele>
        <time>2026-06-06T15:40:32Z</time>
      </trkpt>
      <trkpt lat="33.61881" lon="-117.77098">
        <ele>245.11</ele>
        <time>2026-06-06T15:40:34Z</time>
      </trkpt>
      <trkpt lat="33.61884" lon="-117.771">
        <ele>244.73</ele>
        <time>2026-06-06T15:40:37Z</time>
      </trkpt>
      <trkpt lat="33.61888" lon="-117.77102">
        <ele>245.0</ele>
        <time>2026-06-06T15:40:40Z</time>
      </trkpt>
      <trkpt lat="33.61891" lon="-117.77105">
        <ele>244.93</ele>
        <time>2026-06-06T15:40:43Z</time>
      </trkpt>
      <trkpt lat="33.61894" lon="-117.77107">
        <ele>245.06</ele>
        <time>2026-06-06T15:40:46Z</time>
      </trkpt>
      <trkpt lat="33.61897" lon="-117.77109">
        <ele>245.48</ele>
        <time>2026-06-06T15:40:49Z</time>
      </trkpt>
      <trkpt lat="33.61899" lon="-117.77112">
        <ele>245.67</ele>
        <time>2026-06-06T15:40:52Z</time>
      </trkpt>
      <trkpt lat="33.61901" lon="-117.77115">
        <ele>245.19</ele>
        <time>2026-06-06T15:40:55Z</time>
      </trkpt>
      <trkpt lat="33.61902" lon="-117.77119">
        <ele>245.24</ele>
        <time>2026-06-06T15:40:58Z</time>
      </trkpt>
      <trkpt lat="33.61904" lon="-117.77122">
        <ele>245.77</ele>
        <time>2026-06-06T15:41:01Z</time>
      </trkpt>
      <trkpt lat="33.61906" lon="-117.77125">
        <ele>246.39</ele>
        <time>2026-06-06T15:41:04Z</time>
      </trkpt>
      <trkpt lat="33.61908" lon="-117.77129">
        <ele>246.8</ele>
        <time>2026-06-06T15:41:08Z</time>
      </trkpt>
      <trkpt lat="33.61908" lon="-117.77132">
        <ele>246.6</ele>
        <time>2026-06-06T15:41:11Z</time>
      </trkpt>
      <trkpt lat="33.61908" lon="-117.77135">
        <ele>246.34</ele>
        <time>2026-06-06T15:41:14Z</time>
      </trkpt>
      <trkpt lat="33.61906" lon="-117.77138">
        <ele>245.47</ele>
        <time>2026-06-06T15:41:17Z</time>
      </trkpt>
      <trkpt lat="33.61906" lon="-117.77142">
        <ele>244.95</ele>
        <time>2026-06-06T15:41:20Z</time>
      </trkpt>
      <trkpt lat="33.61906" lon="-117.77146">
        <ele>244.39</ele>
        <time>2026-06-06T15:41:24Z</time>
      </trkpt>
      <trkpt lat="33.61907" lon="-117.77149">
        <ele>244.56</ele>
        <time>2026-06-06T15:41:27Z</time>
      </trkpt>
      <trkpt lat="33.61907" lon="-117.77152">
        <ele>243.92</ele>
        <time>2026-06-06T15:41:30Z</time>
      </trkpt>
      <trkpt lat="33.61907" lon="-117.77155">
        <ele>243.29</ele>
        <time>2026-06-06T15:41:33Z</time>
      </trkpt>
      <trkpt lat="33.61906" lon="-117.77159">
        <ele>242.12</ele>
        <time>2026-06-06T15:41:36Z</time>
      </trkpt>
      <trkpt lat="33.61905" lon="-117.77163">
        <ele>241.41</ele>
        <time>2026-06-06T15:41:39Z</time>
      </trkpt>
      <trkpt lat="33.61904" lon="-117.77168">
        <ele>240.95</ele>
        <time>2026-06-06T15:41:41Z</time>
      </trkpt>
      <trkpt lat="33.61903" lon="-117.77171">
        <ele>240.79</ele>
        <time>2026-06-06T15:41:43Z</time>
      </trkpt>
      <trkpt lat="33.61902" lon="-117.77175">
        <ele>240.77</ele>
        <time>2026-06-06T15:41:45Z</time>
      </trkpt>
      <trkpt lat="33.61901" lon="-117.77178">
        <ele>240.86</ele>
        <time>2026-06-06T15:41:47Z</time>
      </trkpt>
      <trkpt lat="33.619" lon="-117.77181">
        <ele>241.17</ele>
        <time>2026-06-06T15:41:49Z</time>
      </trkpt>
      <trkpt lat="33.61899" lon="-117.77186">
        <ele>241.89</ele>
        <time>2026-06-06T15:41:52Z</time>
      </trkpt>
      <trkpt lat="33.61899" lon="-117.77189">
        <ele>241.83</ele>
        <time>2026-06-06T15:41:54Z</time>
      </trkpt>
      <trkpt lat="33.61898" lon="-117.77192">
        <ele>241.95</ele>
        <time>2026-06-06T15:41:56Z</time>
      </trkpt>
      <trkpt lat="33.61896" lon="-117.77196">
        <ele>241.38</ele>
        <time>2026-06-06T15:41:59Z</time>
      </trkpt>
      <trkpt lat="33.61895" lon="-117.772">
        <ele>241.39</ele>
        <time>2026-06-06T15:42:02Z</time>
      </trkpt>
      <trkpt lat="33.61893" lon="-117.77204">
        <ele>241.39</ele>
        <time>2026-06-06T15:42:05Z</time>
      </trkpt>
      <trkpt lat="33.6189" lon="-117.77208">
        <ele>240.9</ele>
        <time>2026-06-06T15:42:08Z</time>
      </trkpt>
      <trkpt lat="33.61889" lon="-117.7721">
        <ele>240.98</ele>
        <time>2026-06-06T15:42:10Z</time>
      </trkpt>
      <trkpt lat="33.61886" lon="-117.77213">
        <ele>240.69</ele>
        <time>2026-06-06T15:42:13Z</time>
      </trkpt>
      <trkpt lat="33.61883" lon="-117.77214">
        <ele>240.51</ele>
        <time>2026-06-06T15:42:16Z</time>
      </trkpt>
      <trkpt lat="33.61881" lon="-117.77217">
        <ele>240.89</ele>
        <time>2026-06-06T15:42:19Z</time>
      </trkpt>
      <trkpt lat="33.61879" lon="-117.7722">
        <ele>241.32</ele>
        <time>2026-06-06T15:42:22Z</time>
      </trkpt>
      <trkpt lat="33.61877" lon="-117.77223">
        <ele>241.26</ele>
        <time>2026-06-06T15:42:25Z</time>
      </trkpt>
      <trkpt lat="33.61875" lon="-117.77227">
        <ele>241.27</ele>
        <time>2026-06-06T15:42:28Z</time>
      </trkpt>
      <trkpt lat="33.61874" lon="-117.7723">
        <ele>241.53</ele>
        <time>2026-06-06T15:42:31Z</time>
      </trkpt>
      <trkpt lat="33.61872" lon="-117.77234">
        <ele>241.62</ele>
        <time>2026-06-06T15:42:34Z</time>
      </trkpt>
      <trkpt lat="33.6187" lon="-117.77237">
        <ele>241.52</ele>
        <time>2026-06-06T15:42:37Z</time>
      </trkpt>
      <trkpt lat="33.61869" lon="-117.7724">
        <ele>241.62</ele>
        <time>2026-06-06T15:42:40Z</time>
      </trkpt>
      <trkpt lat="33.61868" lon="-117.77243">
        <ele>241.43</ele>
        <time>2026-06-06T15:42:43Z</time>
      </trkpt>
      <trkpt lat="33.61867" lon="-117.77247">
        <ele>241.03</ele>
        <time>2026-06-06T15:42:46Z</time>
      </trkpt>
      <trkpt lat="33.61869" lon="-117.7725">
        <ele>241.56</ele>
        <time>2026-06-06T15:42:49Z</time>
      </trkpt>
      <trkpt lat="33.61871" lon="-117.77253">
        <ele>241.42</ele>
        <time>2026-06-06T15:42:51Z</time>
      </trkpt>
      <trkpt lat="33.61873" lon="-117.77256">
        <ele>240.99</ele>
        <time>2026-06-06T15:42:54Z</time>
      </trkpt>
      <trkpt lat="33.61876" lon="-117.7726">
        <ele>240.55</ele>
        <time>2026-06-06T15:42:57Z</time>
      </trkpt>
      <trkpt lat="33.61877" lon="-117.77264">
        <ele>240.43</ele>
        <time>2026-06-06T15:43:00Z</time>
      </trkpt>
      <trkpt lat="33.61879" lon="-117.77268">
        <ele>240.8</ele>
        <time>2026-06-06T15:43:03Z</time>
      </trkpt>
      <trkpt lat="33.61881" lon="-117.77272">
        <ele>240.72</ele>
        <time>2026-06-06T15:43:06Z</time>
      </trkpt>
      <trkpt lat="33.61882" lon="-117.77275">
        <ele>240.77</ele>
        <time>2026-06-06T15:43:08Z</time>
      </trkpt>
      <trkpt lat="33.61883" lon="-117.77279">
        <ele>241.23</ele>
        <time>2026-06-06T15:43:11Z</time>
      </trkpt>
      <trkpt lat="33.61884" lon="-117.77283">
        <ele>242.1</ele>
        <time>2026-06-06T15:43:14Z</time>
      </trkpt>
      <trkpt lat="33.61885" lon="-117.77286">
        <ele>242.92</ele>
        <time>2026-06-06T15:43:17Z</time>
      </trkpt>
      <trkpt lat="33.61887" lon="-117.77289">
        <ele>243.76</ele>
        <time>2026-06-06T15:43:20Z</time>
      </trkpt>
      <trkpt lat="33.61888" lon="-117.77293">
        <ele>244.39</ele>
        <time>2026-06-06T15:43:23Z</time>
      </trkpt>
      <trkpt lat="33.61889" lon="-117.77296">
        <ele>244.97</ele>
        <time>2026-06-06T15:43:26Z</time>
      </trkpt>
      <trkpt lat="33.6189" lon="-117.77299">
        <ele>245.29</ele>
        <time>2026-06-06T15:43:29Z</time>
      </trkpt>
      <trkpt lat="33.61891" lon="-117.77302">
        <ele>245.62</ele>
        <time>2026-06-06T15:43:32Z</time>
      </trkpt>
      <trkpt lat="33.61892" lon="-117.77307">
        <ele>245.74</ele>
        <time>2026-06-06T15:43:36Z</time>
      </trkpt>
      <trkpt lat="33.6189" lon="-117.7731">
        <ele>245.4</ele>
        <time>2026-06-06T15:43:39Z</time>
      </trkpt>
      <trkpt lat="33.61889" lon="-117.77313">
        <ele>245.18</ele>
        <time>2026-06-06T15:43:42Z</time>
      </trkpt>
      <trkpt lat="33.61889" lon="-117.77316">
        <ele>244.98</ele>
        <time>2026-06-06T15:43:45Z</time>
      </trkpt>
      <trkpt lat="33.61889" lon="-117.77319">
        <ele>244.98</ele>
        <time>2026-06-06T15:43:48Z</time>
      </trkpt>
      <trkpt lat="33.61889" lon="-117.77323">
        <ele>244.99</ele>
        <time>2026-06-06T15:43:51Z</time>
      </trkpt>
      <trkpt lat="33.6189" lon="-117.77327">
        <ele>244.6</ele>
        <time>2026-06-06T15:43:54Z</time>
      </trkpt>
      <trkpt lat="33.61891" lon="-117.77332">
        <ele>244.11</ele>
        <time>2026-06-06T15:43:57Z</time>
      </trkpt>
      <trkpt lat="33.61892" lon="-117.77336">
        <ele>244.0</ele>
        <time>2026-06-06T15:43:59Z</time>
      </trkpt>
      <trkpt lat="33.61892" lon="-117.77339">
        <ele>244.0</ele>
        <time>2026-06-06T15:44:01Z</time>
      </trkpt>
      <trkpt lat="33.61893" lon="-117.77344">
        <ele>244.07</ele>
        <time>2026-06-06T15:44:04Z</time>
      </trkpt>
      <trkpt lat="33.61894" lon="-117.77347">
        <ele>244.26</ele>
        <time>2026-06-06T15:44:06Z</time>
      </trkpt>
      <trkpt lat="33.61894" lon="-117.7735">
        <ele>244.44</ele>
        <time>2026-06-06T15:44:08Z</time>
      </trkpt>
      <trkpt lat="33.61895" lon="-117.77354">
        <ele>244.81</ele>
        <time>2026-06-06T15:44:10Z</time>
      </trkpt>
      <trkpt lat="33.61896" lon="-117.77358">
        <ele>245.28</ele>
        <time>2026-06-06T15:44:13Z</time>
      </trkpt>
      <trkpt lat="33.61896" lon="-117.77363">
        <ele>245.79</ele>
        <time>2026-06-06T15:44:16Z</time>
      </trkpt>
      <trkpt lat="33.61896" lon="-117.77368">
        <ele>246.45</ele>
        <time>2026-06-06T15:44:19Z</time>
      </trkpt>
      <trkpt lat="33.61895" lon="-117.77371">
        <ele>246.77</ele>
        <time>2026-06-06T15:44:22Z</time>
      </trkpt>
      <trkpt lat="33.61893" lon="-117.77373">
        <ele>246.85</ele>
        <time>2026-06-06T15:44:25Z</time>
      </trkpt>
      <trkpt lat="33.6189" lon="-117.77375">
        <ele>246.68</ele>
        <time>2026-06-06T15:44:28Z</time>
      </trkpt>
      <trkpt lat="33.61888" lon="-117.77379">
        <ele>246.82</ele>
        <time>2026-06-06T15:44:31Z</time>
      </trkpt>
      <trkpt lat="33.61886" lon="-117.77382">
        <ele>247.38</ele>
        <time>2026-06-06T15:44:34Z</time>
      </trkpt>
      <trkpt lat="33.61883" lon="-117.77385">
        <ele>247.74</ele>
        <time>2026-06-06T15:44:37Z</time>
      </trkpt>
      <trkpt lat="33.6188" lon="-117.77388">
        <ele>247.88</ele>
        <time>2026-06-06T15:44:40Z</time>
      </trkpt>
      <trkpt lat="33.61877" lon="-117.7739">
        <ele>248.36</ele>
        <time>2026-06-06T15:44:43Z</time>
      </trkpt>
      <trkpt lat="33.61874" lon="-117.77393">
        <ele>249.33</ele>
        <time>2026-06-06T15:44:46Z</time>
      </trkpt>
      <trkpt lat="33.61871" lon="-117.77395">
        <ele>249.98</ele>
        <time>2026-06-06T15:44:49Z</time>
      </trkpt>
      <trkpt lat="33.61868" lon="-117.77396">
        <ele>249.79</ele>
        <time>2026-06-06T15:44:51Z</time>
      </trkpt>
      <trkpt lat="33.61865" lon="-117.77397">
        <ele>249.47</ele>
        <time>2026-06-06T15:44:53Z</time>
      </trkpt>
      <trkpt lat="33.61862" lon="-117.77397">
        <ele>248.82</ele>
        <time>2026-06-06T15:44:55Z</time>
      </trkpt>
      <trkpt lat="33.61859" lon="-117.77397">
        <ele>248.6</ele>
        <time>2026-06-06T15:44:57Z</time>
      </trkpt>
      <trkpt lat="33.61855" lon="-117.77398">
        <ele>248.94</ele>
        <time>2026-06-06T15:45:00Z</time>
      </trkpt>
      <trkpt lat="33.61851" lon="-117.77399">
        <ele>248.91</ele>
        <time>2026-06-06T15:45:03Z</time>
      </trkpt>
      <trkpt lat="33.61848" lon="-117.774">
        <ele>248.15</ele>
        <time>2026-06-06T15:45:06Z</time>
      </trkpt>
      <trkpt lat="33.61845" lon="-117.77402">
        <ele>247.61</ele>
        <time>2026-06-06T15:45:09Z</time>
      </trkpt>
      <trkpt lat="33.61842" lon="-117.77404">
        <ele>247.01</ele>
        <time>2026-06-06T15:45:12Z</time>
      </trkpt>
      <trkpt lat="33.6184" lon="-117.77406">
        <ele>246.58</ele>
        <time>2026-06-06T15:45:15Z</time>
      </trkpt>
      <trkpt lat="33.61837" lon="-117.77409">
        <ele>245.52</ele>
        <time>2026-06-06T15:45:18Z</time>
      </trkpt>
      <trkpt lat="33.61837" lon="-117.77414">
        <ele>245.3</ele>
        <time>2026-06-06T15:45:21Z</time>
      </trkpt>
      <trkpt lat="33.61837" lon="-117.77418">
        <ele>245.48</ele>
        <time>2026-06-06T15:45:23Z</time>
      </trkpt>
      <trkpt lat="33.61837" lon="-117.77421">
        <ele>246.12</ele>
        <time>2026-06-06T15:45:25Z</time>
      </trkpt>
      <trkpt lat="33.61837" lon="-117.77425">
        <ele>246.99</ele>
        <time>2026-06-06T15:45:27Z</time>
      </trkpt>
      <trkpt lat="33.61836" lon="-117.77429">
        <ele>247.72</ele>
        <time>2026-06-06T15:45:30Z</time>
      </trkpt>
      <trkpt lat="33.61833" lon="-117.77433">
        <ele>247.48</ele>
        <time>2026-06-06T15:45:33Z</time>
      </trkpt>
      <trkpt lat="33.61831" lon="-117.77435">
        <ele>247.7</ele>
        <time>2026-06-06T15:45:35Z</time>
      </trkpt>
      <trkpt lat="33.61829" lon="-117.77437">
        <ele>248.33</ele>
        <time>2026-06-06T15:45:37Z</time>
      </trkpt>
      <trkpt lat="33.61826" lon="-117.77439">
        <ele>248.62</ele>
        <time>2026-06-06T15:45:39Z</time>
      </trkpt>
      <trkpt lat="33.61824" lon="-117.7744">
        <ele>248.54</ele>
        <time>2026-06-06T15:45:41Z</time>
      </trkpt>
      <trkpt lat="33.6182" lon="-117.77442">
        <ele>248.33</ele>
        <time>2026-06-06T15:45:44Z</time>
      </trkpt>
      <trkpt lat="33.61817" lon="-117.77442">
        <ele>247.68</ele>
        <time>2026-06-06T15:45:47Z</time>
      </trkpt>
      <trkpt lat="33.61813" lon="-117.77443">
        <ele>247.7</ele>
        <time>2026-06-06T15:45:50Z</time>
      </trkpt>
      <trkpt lat="33.61809" lon="-117.77444">
        <ele>248.45</ele>
        <time>2026-06-06T15:45:53Z</time>
      </trkpt>
      <trkpt lat="33.61806" lon="-117.77446">
        <ele>249.63</ele>
        <time>2026-06-06T15:45:56Z</time>
      </trkpt>
      <trkpt lat="33.61803" lon="-117.77449">
        <ele>250.97</ele>
        <time>2026-06-06T15:45:59Z</time>
      </trkpt>
      <trkpt lat="33.618" lon="-117.7745">
        <ele>251.28</ele>
        <time>2026-06-06T15:46:02Z</time>
      </trkpt>
      <trkpt lat="33.61797" lon="-117.77451">
        <ele>251.45</ele>
        <time>2026-06-06T15:46:05Z</time>
      </trkpt>
      <trkpt lat="33.61794" lon="-117.77452">
        <ele>251.38</ele>
        <time>2026-06-06T15:46:09Z</time>
      </trkpt>
      <trkpt lat="33.61791" lon="-117.77453">
        <ele>251.28</ele>
        <time>2026-06-06T15:46:13Z</time>
      </trkpt>
      <trkpt lat="33.61788" lon="-117.77455">
        <ele>251.24</ele>
        <time>2026-06-06T15:46:16Z</time>
      </trkpt>
      <trkpt lat="33.61786" lon="-117.77456">
        <ele>250.91</ele>
        <time>2026-06-06T15:46:19Z</time>
      </trkpt>
      <trkpt lat="33.61782" lon="-117.77457">
        <ele>249.72</ele>
        <time>2026-06-06T15:46:23Z</time>
      </trkpt>
      <trkpt lat="33.61779" lon="-117.77459">
        <ele>248.97</ele>
        <time>2026-06-06T15:46:27Z</time>
      </trkpt>
      <trkpt lat="33.61777" lon="-117.7746">
        <ele>248.34</ele>
        <time>2026-06-06T15:46:30Z</time>
      </trkpt>
      <trkpt lat="33.61774" lon="-117.77463">
        <ele>247.37</ele>
        <time>2026-06-06T15:46:34Z</time>
      </trkpt>
      <trkpt lat="33.61775" lon="-117.77466">
        <ele>248.0</ele>
        <time>2026-06-06T15:46:40Z</time>
      </trkpt>
      <trkpt lat="33.61773" lon="-117.77468">
        <ele>247.5</ele>
        <time>2026-06-06T15:46:44Z</time>
      </trkpt>
      <trkpt lat="33.6177" lon="-117.77469">
        <ele>246.74</ele>
        <time>2026-06-06T15:46:47Z</time>
      </trkpt>
      <trkpt lat="33.61767" lon="-117.77471">
        <ele>246.39</ele>
        <time>2026-06-06T15:46:50Z</time>
      </trkpt>
      <trkpt lat="33.61763" lon="-117.77473">
        <ele>245.79</ele>
        <time>2026-06-06T15:46:53Z</time>
      </trkpt>
      <trkpt lat="33.61759" lon="-117.77475">
        <ele>245.25</ele>
        <time>2026-06-06T15:46:56Z</time>
      </trkpt>
      <trkpt lat="33.61756" lon="-117.77477">
        <ele>244.99</ele>
        <time>2026-06-06T15:46:59Z</time>
      </trkpt>
      <trkpt lat="33.61752" lon="-117.77479">
        <ele>244.74</ele>
        <time>2026-06-06T15:47:02Z</time>
      </trkpt>
      <trkpt lat="33.61749" lon="-117.77481">
        <ele>244.78</ele>
        <time>2026-06-06T15:47:05Z</time>
      </trkpt>
      <trkpt lat="33.61745" lon="-117.77483">
        <ele>244.38</ele>
        <time>2026-06-06T15:47:08Z</time>
      </trkpt>
      <trkpt lat="33.61742" lon="-117.77486">
        <ele>244.07</ele>
        <time>2026-06-06T15:47:11Z</time>
      </trkpt>
      <trkpt lat="33.61739" lon="-117.77488">
        <ele>243.65</ele>
        <time>2026-06-06T15:47:14Z</time>
      </trkpt>
      <trkpt lat="33.61736" lon="-117.7749">
        <ele>243.37</ele>
        <time>2026-06-06T15:47:17Z</time>
      </trkpt>
      <trkpt lat="33.61733" lon="-117.77492">
        <ele>243.14</ele>
        <time>2026-06-06T15:47:20Z</time>
      </trkpt>
      <trkpt lat="33.61729" lon="-117.77494">
        <ele>242.65</ele>
        <time>2026-06-06T15:47:23Z</time>
      </trkpt>
      <trkpt lat="33.61726" lon="-117.77496">
        <ele>242.49</ele>
        <time>2026-06-06T15:47:26Z</time>
      </trkpt>
      <trkpt lat="33.61723" lon="-117.77498">
        <ele>242.6</ele>
        <time>2026-06-06T15:47:29Z</time>
      </trkpt>
      <trkpt lat="33.6172" lon="-117.775">
        <ele>243.24</ele>
        <time>2026-06-06T15:47:32Z</time>
      </trkpt>
      <trkpt lat="33.61716" lon="-117.77503">
        <ele>243.67</ele>
        <time>2026-06-06T15:47:35Z</time>
      </trkpt>
      <trkpt lat="33.61713" lon="-117.77505">
        <ele>244.0</ele>
        <time>2026-06-06T15:47:38Z</time>
      </trkpt>
      <trkpt lat="33.6171" lon="-117.77507">
        <ele>243.92</ele>
        <time>2026-06-06T15:47:41Z</time>
      </trkpt>
      <trkpt lat="33.61706" lon="-117.77509">
        <ele>243.98</ele>
        <time>2026-06-06T15:47:44Z</time>
      </trkpt>
      <trkpt lat="33.61703" lon="-117.77511">
        <ele>244.08</ele>
        <time>2026-06-06T15:47:47Z</time>
      </trkpt>
      <trkpt lat="33.617" lon="-117.77513">
        <ele>244.4</ele>
        <time>2026-06-06T15:47:50Z</time>
      </trkpt>
      <trkpt lat="33.61697" lon="-117.77514">
        <ele>244.72</ele>
        <time>2026-06-06T15:47:53Z</time>
      </trkpt>
      <trkpt lat="33.61694" lon="-117.77516">
        <ele>245.02</ele>
        <time>2026-06-06T15:47:56Z</time>
      </trkpt>
      <trkpt lat="33.61691" lon="-117.77518">
        <ele>245.33</ele>
        <time>2026-06-06T15:47:59Z</time>
      </trkpt>
      <trkpt lat="33.61689" lon="-117.77519">
        <ele>245.54</ele>
        <time>2026-06-06T15:48:02Z</time>
      </trkpt>
      <trkpt lat="33.61686" lon="-117.77521">
        <ele>245.64</ele>
        <time>2026-06-06T15:48:05Z</time>
      </trkpt>
      <trkpt lat="33.61683" lon="-117.77523">
        <ele>245.39</ele>
        <time>2026-06-06T15:48:08Z</time>
      </trkpt>
      <trkpt lat="33.6168" lon="-117.77524">
        <ele>245.18</ele>
        <time>2026-06-06T15:48:11Z</time>
      </trkpt>
      <trkpt lat="33.61677" lon="-117.77526">
        <ele>245.02</ele>
        <time>2026-06-06T15:48:14Z</time>
      </trkpt>
      <trkpt lat="33.61674" lon="-117.77528">
        <ele>245.0</ele>
        <time>2026-06-06T15:48:17Z</time>
      </trkpt>
      <trkpt lat="33.61672" lon="-117.77529">
        <ele>245.0</ele>
        <time>2026-06-06T15:48:20Z</time>
      </trkpt>
      <trkpt lat="33.61669" lon="-117.77531">
        <ele>245.0</ele>
        <time>2026-06-06T15:48:23Z</time>
      </trkpt>
      <trkpt lat="33.61666" lon="-117.77533">
        <ele>245.01</ele>
        <time>2026-06-06T15:48:26Z</time>
      </trkpt>
      <trkpt lat="33.61664" lon="-117.77531">
        <ele>244.91</ele>
        <time>2026-06-06T15:48:35Z</time>
      </trkpt>
      <trkpt lat="33.6166" lon="-117.77531">
        <ele>244.78</ele>
        <time>2026-06-06T15:48:38Z</time>
      </trkpt>
      <trkpt lat="33.61656" lon="-117.77531">
        <ele>244.8</ele>
        <time>2026-06-06T15:48:41Z</time>
      </trkpt>
      <trkpt lat="33.61652" lon="-117.7753">
        <ele>244.92</ele>
        <time>2026-06-06T15:48:44Z</time>
      </trkpt>
      <trkpt lat="33.61649" lon="-117.77528">
        <ele>244.93</ele>
        <time>2026-06-06T15:48:47Z</time>
      </trkpt>
      <trkpt lat="33.61647" lon="-117.77526">
        <ele>244.72</ele>
        <time>2026-06-06T15:48:49Z</time>
      </trkpt>
      <trkpt lat="33.61645" lon="-117.77523">
        <ele>244.48</ele>
        <time>2026-06-06T15:48:51Z</time>
      </trkpt>
      <trkpt lat="33.61642" lon="-117.77521">
        <ele>245.1</ele>
        <time>2026-06-06T15:48:53Z</time>
      </trkpt>
      <trkpt lat="33.6164" lon="-117.77519">
        <ele>245.58</ele>
        <time>2026-06-06T15:48:55Z</time>
      </trkpt>
      <trkpt lat="33.61638" lon="-117.77517">
        <ele>245.26</ele>
        <time>2026-06-06T15:48:57Z</time>
      </trkpt>
      <trkpt lat="33.61635" lon="-117.77514">
        <ele>243.83</ele>
        <time>2026-06-06T15:49:00Z</time>
      </trkpt>
      <trkpt lat="33.61632" lon="-117.77512">
        <ele>242.96</ele>
        <time>2026-06-06T15:49:03Z</time>
      </trkpt>
      <trkpt lat="33.6163" lon="-117.77509">
        <ele>241.91</ele>
        <time>2026-06-06T15:49:06Z</time>
      </trkpt>
      <trkpt lat="33.61627" lon="-117.77508">
        <ele>241.35</ele>
        <time>2026-06-06T15:49:09Z</time>
      </trkpt>
      <trkpt lat="33.61624" lon="-117.77506">
        <ele>240.55</ele>
        <time>2026-06-06T15:49:12Z</time>
      </trkpt>
      <trkpt lat="33.61622" lon="-117.77505">
        <ele>240.18</ele>
        <time>2026-06-06T15:49:15Z</time>
      </trkpt>
      <trkpt lat="33.61619" lon="-117.77504">
        <ele>239.8</ele>
        <time>2026-06-06T15:49:18Z</time>
      </trkpt>
      <trkpt lat="33.61616" lon="-117.77507">
        <ele>240.16</ele>
        <time>2026-06-06T15:49:21Z</time>
      </trkpt>
      <trkpt lat="33.61613" lon="-117.77509">
        <ele>240.17</ele>
        <time>2026-06-06T15:49:24Z</time>
      </trkpt>
      <trkpt lat="33.6161" lon="-117.7751">
        <ele>239.91</ele>
        <time>2026-06-06T15:49:27Z</time>
      </trkpt>
      <trkpt lat="33.61607" lon="-117.77511">
        <ele>239.73</ele>
        <time>2026-06-06T15:49:29Z</time>
      </trkpt>
      <trkpt lat="33.61603" lon="-117.77511">
        <ele>239.65</ele>
        <time>2026-06-06T15:49:31Z</time>
      </trkpt>
      <trkpt lat="33.61599" lon="-117.7751">
        <ele>240.1</ele>
        <time>2026-06-06T15:49:33Z</time>
      </trkpt>
      <trkpt lat="33.61596" lon="-117.7751">
        <ele>240.37</ele>
        <time>2026-06-06T15:49:35Z</time>
      </trkpt>
      <trkpt lat="33.61593" lon="-117.7751">
        <ele>240.64</ele>
        <time>2026-06-06T15:49:37Z</time>
      </trkpt>
      <trkpt lat="33.61589" lon="-117.77509">
        <ele>241.04</ele>
        <time>2026-06-06T15:49:40Z</time>
      </trkpt>
      <trkpt lat="33.61586" lon="-117.77506">
        <ele>241.6</ele>
        <time>2026-06-06T15:49:43Z</time>
      </trkpt>
      <trkpt lat="33.61583" lon="-117.77503">
        <ele>242.36</ele>
        <time>2026-06-06T15:49:46Z</time>
      </trkpt>
      <trkpt lat="33.61581" lon="-117.77501">
        <ele>242.98</ele>
        <time>2026-06-06T15:49:49Z</time>
      </trkpt>
      <trkpt lat="33.61578" lon="-117.77499">
        <ele>243.64</ele>
        <time>2026-06-06T15:49:52Z</time>
      </trkpt>
      <trkpt lat="33.61576" lon="-117.77497">
        <ele>244.05</ele>
        <time>2026-06-06T15:49:55Z</time>
      </trkpt>
      <trkpt lat="33.61574" lon="-117.77495">
        <ele>244.54</ele>
        <time>2026-06-06T15:49:58Z</time>
      </trkpt>
      <trkpt lat="33.61571" lon="-117.77493">
        <ele>244.84</ele>
        <time>2026-06-06T15:50:01Z</time>
      </trkpt>
      <trkpt lat="33.61569" lon="-117.77491">
        <ele>245.47</ele>
        <time>2026-06-06T15:50:04Z</time>
      </trkpt>
      <trkpt lat="33.61566" lon="-117.77489">
        <ele>246.06</ele>
        <time>2026-06-06T15:50:08Z</time>
      </trkpt>
      <trkpt lat="33.61564" lon="-117.77487">
        <ele>246.3</ele>
        <time>2026-06-06T15:50:11Z</time>
      </trkpt>
      <trkpt lat="33.61561" lon="-117.77485">
        <ele>246.31</ele>
        <time>2026-06-06T15:50:14Z</time>
      </trkpt>
      <trkpt lat="33.61559" lon="-117.77482">
        <ele>246.87</ele>
        <time>2026-06-06T15:50:17Z</time>
      </trkpt>
      <trkpt lat="33.61556" lon="-117.7748">
        <ele>247.15</ele>
        <time>2026-06-06T15:50:20Z</time>
      </trkpt>
      <trkpt lat="33.61554" lon="-117.77478">
        <ele>247.1</ele>
        <time>2026-06-06T15:50:23Z</time>
      </trkpt>
      <trkpt lat="33.61551" lon="-117.77476">
        <ele>246.9</ele>
        <time>2026-06-06T15:50:26Z</time>
      </trkpt>
      <trkpt lat="33.61548" lon="-117.77473">
        <ele>247.03</ele>
        <time>2026-06-06T15:50:29Z</time>
      </trkpt>
      <trkpt lat="33.61545" lon="-117.77471">
        <ele>246.6</ele>
        <time>2026-06-06T15:50:32Z</time>
      </trkpt>
      <trkpt lat="33.61542" lon="-117.77469">
        <ele>245.77</ele>
        <time>2026-06-06T15:50:35Z</time>
      </trkpt>
      <trkpt lat="33.61539" lon="-117.77466">
        <ele>245.17</ele>
        <time>2026-06-06T15:50:38Z</time>
      </trkpt>
      <trkpt lat="33.61536" lon="-117.77464">
        <ele>244.64</ele>
        <time>2026-06-06T15:50:41Z</time>
      </trkpt>
      <trkpt lat="33.61533" lon="-117.77462">
        <ele>244.38</ele>
        <time>2026-06-06T15:50:44Z</time>
      </trkpt>
      <trkpt lat="33.6153" lon="-117.7746">
        <ele>244.36</ele>
        <time>2026-06-06T15:50:47Z</time>
      </trkpt>
      <trkpt lat="33.61527" lon="-117.77458">
        <ele>244.36</ele>
        <time>2026-06-06T15:50:50Z</time>
      </trkpt>
      <trkpt lat="33.61524" lon="-117.77456">
        <ele>244.03</ele>
        <time>2026-06-06T15:50:53Z</time>
      </trkpt>
      <trkpt lat="33.61522" lon="-117.77454">
        <ele>244.03</ele>
        <time>2026-06-06T15:50:56Z</time>
      </trkpt>
      <trkpt lat="33.61519" lon="-117.77452">
        <ele>243.87</ele>
        <time>2026-06-06T15:50:59Z</time>
      </trkpt>
      <trkpt lat="33.61515" lon="-117.7745">
        <ele>244.22</ele>
        <time>2026-06-06T15:51:02Z</time>
      </trkpt>
      <trkpt lat="33.61512" lon="-117.77449">
        <ele>244.33</ele>
        <time>2026-06-06T15:51:05Z</time>
      </trkpt>
      <trkpt lat="33.61509" lon="-117.77449">
        <ele>243.96</ele>
        <time>2026-06-06T15:51:08Z</time>
      </trkpt>
      <trkpt lat="33.61506" lon="-117.7745">
        <ele>242.83</ele>
        <time>2026-06-06T15:51:11Z</time>
      </trkpt>
      <trkpt lat="33.61503" lon="-117.77449">
        <ele>242.33</ele>
        <time>2026-06-06T15:51:14Z</time>
      </trkpt>
      <trkpt lat="33.615" lon="-117.77448">
        <ele>241.62</ele>
        <time>2026-06-06T15:51:17Z</time>
      </trkpt>
      <trkpt lat="33.61497" lon="-117.77446">
        <ele>240.75</ele>
        <time>2026-06-06T15:51:20Z</time>
      </trkpt>
      <trkpt lat="33.61494" lon="-117.77444">
        <ele>240.25</ele>
        <time>2026-06-06T15:51:23Z</time>
      </trkpt>
      <trkpt lat="33.61491" lon="-117.77442">
        <ele>240.14</ele>
        <time>2026-06-06T15:51:26Z</time>
      </trkpt>
      <trkpt lat="33.61488" lon="-117.7744">
        <ele>240.33</ele>
        <time>2026-06-06T15:51:29Z</time>
      </trkpt>
      <trkpt lat="33.61485" lon="-117.77439">
        <ele>240.11</ele>
        <time>2026-06-06T15:51:32Z</time>
      </trkpt>
      <trkpt lat="33.61482" lon="-117.77438">
        <ele>239.9</ele>
        <time>2026-06-06T15:51:35Z</time>
      </trkpt>
      <trkpt lat="33.61479" lon="-117.77437">
        <ele>239.52</ele>
        <time>2026-06-06T15:51:38Z</time>
      </trkpt>
      <trkpt lat="33.61476" lon="-117.77436">
        <ele>238.98</ele>
        <time>2026-06-06T15:51:41Z</time>
      </trkpt>
      <trkpt lat="33.61472" lon="-117.77436">
        <ele>237.75</ele>
        <time>2026-06-06T15:51:44Z</time>
      </trkpt>
      <trkpt lat="33.61469" lon="-117.77436">
        <ele>236.81</ele>
        <time>2026-06-06T15:51:47Z</time>
      </trkpt>
      <trkpt lat="33.61466" lon="-117.77436">
        <ele>235.87</ele>
        <time>2026-06-06T15:51:50Z</time>
      </trkpt>
      <trkpt lat="33.61463" lon="-117.77436">
        <ele>234.92</ele>
        <time>2026-06-06T15:51:53Z</time>
      </trkpt>
      <trkpt lat="33.6146" lon="-117.77436">
        <ele>234.88</ele>
        <time>2026-06-06T15:51:56Z</time>
      </trkpt>
      <trkpt lat="33.61457" lon="-117.77436">
        <ele>234.86</ele>
        <time>2026-06-06T15:51:59Z</time>
      </trkpt>
      <trkpt lat="33.61454" lon="-117.77435">
        <ele>234.98</ele>
        <time>2026-06-06T15:52:02Z</time>
      </trkpt>
      <trkpt lat="33.61451" lon="-117.77435">
        <ele>234.69</ele>
        <time>2026-06-06T15:52:05Z</time>
      </trkpt>
      <trkpt lat="33.61447" lon="-117.77435">
        <ele>234.27</ele>
        <time>2026-06-06T15:52:08Z</time>
      </trkpt>
      <trkpt lat="33.61443" lon="-117.77434">
        <ele>233.84</ele>
        <time>2026-06-06T15:52:11Z</time>
      </trkpt>
      <trkpt lat="33.61439" lon="-117.77434">
        <ele>233.41</ele>
        <time>2026-06-06T15:52:13Z</time>
      </trkpt>
      <trkpt lat="33.61435" lon="-117.77433">
        <ele>232.98</ele>
        <time>2026-06-06T15:52:15Z</time>
      </trkpt>
      <trkpt lat="33.61431" lon="-117.77433">
        <ele>232.65</ele>
        <time>2026-06-06T15:52:17Z</time>
      </trkpt>
      <trkpt lat="33.61428" lon="-117.77432">
        <ele>232.49</ele>
        <time>2026-06-06T15:52:19Z</time>
      </trkpt>
      <trkpt lat="33.61425" lon="-117.77432">
        <ele>232.51</ele>
        <time>2026-06-06T15:52:21Z</time>
      </trkpt>
      <trkpt lat="33.61422" lon="-117.77431">
        <ele>233.11</ele>
        <time>2026-06-06T15:52:23Z</time>
      </trkpt>
      <trkpt lat="33.6142" lon="-117.77431">
        <ele>233.44</ele>
        <time>2026-06-06T15:52:25Z</time>
      </trkpt>
      <trkpt lat="33.61416" lon="-117.7743">
        <ele>234.07</ele>
        <time>2026-06-06T15:52:28Z</time>
      </trkpt>
      <trkpt lat="33.61413" lon="-117.77429">
        <ele>234.4</ele>
        <time>2026-06-06T15:52:31Z</time>
      </trkpt>
      <trkpt lat="33.6141" lon="-117.77429">
        <ele>234.72</ele>
        <time>2026-06-06T15:52:34Z</time>
      </trkpt>
      <trkpt lat="33.61407" lon="-117.77428">
        <ele>235.09</ele>
        <time>2026-06-06T15:52:37Z</time>
      </trkpt>
      <trkpt lat="33.61404" lon="-117.77428">
        <ele>235.74</ele>
        <time>2026-06-06T15:52:40Z</time>
      </trkpt>
      <trkpt lat="33.61401" lon="-117.77427">
        <ele>236.38</ele>
        <time>2026-06-06T15:52:43Z</time>
      </trkpt>
      <trkpt lat="33.61398" lon="-117.77427">
        <ele>237.03</ele>
        <time>2026-06-06T15:52:46Z</time>
      </trkpt>
      <trkpt lat="33.61395" lon="-117.77426">
        <ele>237.68</ele>
        <time>2026-06-06T15:52:49Z</time>
      </trkpt>
      <trkpt lat="33.61392" lon="-117.77425">
        <ele>238.33</ele>
        <time>2026-06-06T15:52:52Z</time>
      </trkpt>
      <trkpt lat="33.61389" lon="-117.77425">
        <ele>238.98</ele>
        <time>2026-06-06T15:52:55Z</time>
      </trkpt>
      <trkpt lat="33.61386" lon="-117.77424">
        <ele>239.31</ele>
        <time>2026-06-06T15:52:58Z</time>
      </trkpt>
      <trkpt lat="33.61383" lon="-117.77423">
        <ele>239.64</ele>
        <time>2026-06-06T15:53:04Z</time>
      </trkpt>
      <trkpt lat="33.6138" lon="-117.77423">
        <ele>239.96</ele>
        <time>2026-06-06T15:53:08Z</time>
      </trkpt>
      <trkpt lat="33.61377" lon="-117.77422">
        <ele>240.57</ele>
        <time>2026-06-06T15:53:11Z</time>
      </trkpt>
      <trkpt lat="33.61374" lon="-117.77422">
        <ele>241.22</ele>
        <time>2026-06-06T15:53:14Z</time>
      </trkpt>
      <trkpt lat="33.61371" lon="-117.77421">
        <ele>241.86</ele>
        <time>2026-06-06T15:53:17Z</time>
      </trkpt>
      <trkpt lat="33.61368" lon="-117.77421">
        <ele>242.26</ele>
        <time>2026-06-06T15:53:20Z</time>
      </trkpt>
      <trkpt lat="33.61365" lon="-117.77421">
        <ele>242.58</ele>
        <time>2026-06-06T15:53:23Z</time>
      </trkpt>
      <trkpt lat="33.61361" lon="-117.7742">
        <ele>243.01</ele>
        <time>2026-06-06T15:53:26Z</time>
      </trkpt>
      <trkpt lat="33.61358" lon="-117.7742">
        <ele>243.34</ele>
        <time>2026-06-06T15:53:29Z</time>
      </trkpt>
      <trkpt lat="33.61355" lon="-117.7742">
        <ele>243.66</ele>
        <time>2026-06-06T15:53:32Z</time>
      </trkpt>
      <trkpt lat="33.61352" lon="-117.77419">
        <ele>243.98</ele>
        <time>2026-06-06T15:53:35Z</time>
      </trkpt>
      <trkpt lat="33.61349" lon="-117.77419">
        <ele>244.39</ele>
        <time>2026-06-06T15:53:38Z</time>
      </trkpt>
      <trkpt lat="33.61345" lon="-117.77418">
        <ele>244.85</ele>
        <time>2026-06-06T15:53:41Z</time>
      </trkpt>
      <trkpt lat="33.61342" lon="-117.77417">
        <ele>245.16</ele>
        <time>2026-06-06T15:53:44Z</time>
      </trkpt>
      <trkpt lat="33.61339" lon="-117.77417">
        <ele>245.81</ele>
        <time>2026-06-06T15:53:47Z</time>
      </trkpt>
      <trkpt lat="33.61336" lon="-117.77416">
        <ele>246.37</ele>
        <time>2026-06-06T15:53:50Z</time>
      </trkpt>
      <trkpt lat="33.61333" lon="-117.77416">
        <ele>246.97</ele>
        <time>2026-06-06T15:53:53Z</time>
      </trkpt>
      <trkpt lat="33.6133" lon="-117.77415">
        <ele>247.24</ele>
        <time>2026-06-06T15:53:56Z</time>
      </trkpt>
      <trkpt lat="33.61327" lon="-117.77415">
        <ele>247.63</ele>
        <time>2026-06-06T15:53:59Z</time>
      </trkpt>
      <trkpt lat="33.61324" lon="-117.77413">
        <ele>247.99</ele>
        <time>2026-06-06T15:54:02Z</time>
      </trkpt>
      <trkpt lat="33.61321" lon="-117.7741">
        <ele>247.81</ele>
        <time>2026-06-06T15:54:05Z</time>
      </trkpt>
      <trkpt lat="33.61318" lon="-117.77408">
        <ele>247.92</ele>
        <time>2026-06-06T15:54:08Z</time>
      </trkpt>
      <trkpt lat="33.61316" lon="-117.77405">
        <ele>247.9</ele>
        <time>2026-06-06T15:54:11Z</time>
      </trkpt>
      <trkpt lat="33.61313" lon="-117.77403">
        <ele>247.79</ele>
        <time>2026-06-06T15:54:14Z</time>
      </trkpt>
      <trkpt lat="33.6131" lon="-117.77401">
        <ele>247.68</ele>
        <time>2026-06-06T15:54:17Z</time>
      </trkpt>
      <trkpt lat="33.61307" lon="-117.77398">
        <ele>248.01</ele>
        <time>2026-06-06T15:54:20Z</time>
      </trkpt>
      <trkpt lat="33.61304" lon="-117.77395">
        <ele>248.23</ele>
        <time>2026-06-06T15:54:23Z</time>
      </trkpt>
      <trkpt lat="33.61302" lon="-117.77391">
        <ele>248.68</ele>
        <time>2026-06-06T15:54:26Z</time>
      </trkpt>
      <trkpt lat="33.61299" lon="-117.77388">
        <ele>249.0</ele>
        <time>2026-06-06T15:54:29Z</time>
      </trkpt>
      <trkpt lat="33.61297" lon="-117.77386">
        <ele>249.0</ele>
        <time>2026-06-06T15:54:31Z</time>
      </trkpt>
      <trkpt lat="33.61294" lon="-117.77383">
        <ele>248.75</ele>
        <time>2026-06-06T15:54:34Z</time>
      </trkpt>
      <trkpt lat="33.61292" lon="-117.77382">
        <ele>248.54</ele>
        <time>2026-06-06T15:54:37Z</time>
      </trkpt>
      <trkpt lat="33.61289" lon="-117.7738">
        <ele>248.21</ele>
        <time>2026-06-06T15:54:40Z</time>
      </trkpt>
      <trkpt lat="33.61287" lon="-117.77378">
        <ele>247.64</ele>
        <time>2026-06-06T15:54:43Z</time>
      </trkpt>
      <trkpt lat="33.61284" lon="-117.77376">
        <ele>246.89</ele>
        <time>2026-06-06T15:54:47Z</time>
      </trkpt>
      <trkpt lat="33.6128" lon="-117.77375">
        <ele>246.24</ele>
        <time>2026-06-06T15:54:51Z</time>
      </trkpt>
      <trkpt lat="33.61277" lon="-117.77375">
        <ele>245.92</ele>
        <time>2026-06-06T15:54:54Z</time>
      </trkpt>
      <trkpt lat="33.61275" lon="-117.77375">
        <ele>245.7</ele>
        <time>2026-06-06T15:54:57Z</time>
      </trkpt>
      <trkpt lat="33.61272" lon="-117.77374">
        <ele>245.16</ele>
        <time>2026-06-06T15:55:00Z</time>
      </trkpt>
      <trkpt lat="33.61269" lon="-117.77373">
        <ele>244.62</ele>
        <time>2026-06-06T15:55:04Z</time>
      </trkpt>
      <trkpt lat="33.61266" lon="-117.77372">
        <ele>244.13</ele>
        <time>2026-06-06T15:55:09Z</time>
      </trkpt>
      <trkpt lat="33.61263" lon="-117.77371">
        <ele>243.58</ele>
        <time>2026-06-06T15:55:12Z</time>
      </trkpt>
      <trkpt lat="33.6126" lon="-117.7737">
        <ele>243.0</ele>
        <time>2026-06-06T15:55:15Z</time>
      </trkpt>
      <trkpt lat="33.61256" lon="-117.7737">
        <ele>243.26</ele>
        <time>2026-06-06T15:55:18Z</time>
      </trkpt>
      <trkpt lat="33.61253" lon="-117.77369">
        <ele>243.28</ele>
        <time>2026-06-06T15:55:20Z</time>
      </trkpt>
      <trkpt lat="33.6125" lon="-117.77369">
        <ele>243.56</ele>
        <time>2026-06-06T15:55:22Z</time>
      </trkpt>
      <trkpt lat="33.61247" lon="-117.77368">
        <ele>243.07</ele>
        <time>2026-06-06T15:55:24Z</time>
      </trkpt>
      <trkpt lat="33.61245" lon="-117.77367">
        <ele>242.76</ele>
        <time>2026-06-06T15:55:26Z</time>
      </trkpt>
      <trkpt lat="33.61242" lon="-117.77367">
        <ele>242.67</ele>
        <time>2026-06-06T15:55:28Z</time>
      </trkpt>
      <trkpt lat="33.61239" lon="-117.77366">
        <ele>242.43</ele>
        <time>2026-06-06T15:55:30Z</time>
      </trkpt>
      <trkpt lat="33.61236" lon="-117.77365">
        <ele>242.2</ele>
        <time>2026-06-06T15:55:33Z</time>
      </trkpt>
      <trkpt lat="33.61232" lon="-117.77364">
        <ele>242.02</ele>
        <time>2026-06-06T15:55:36Z</time>
      </trkpt>
      <trkpt lat="33.61228" lon="-117.77362">
        <ele>241.59</ele>
        <time>2026-06-06T15:55:39Z</time>
      </trkpt>
      <trkpt lat="33.61225" lon="-117.77361">
        <ele>241.3</ele>
        <time>2026-06-06T15:55:42Z</time>
      </trkpt>
      <trkpt lat="33.61221" lon="-117.7736">
        <ele>240.88</ele>
        <time>2026-06-06T15:55:45Z</time>
      </trkpt>
      <trkpt lat="33.61218" lon="-117.77359">
        <ele>240.65</ele>
        <time>2026-06-06T15:55:48Z</time>
      </trkpt>
      <trkpt lat="33.61214" lon="-117.77357">
        <ele>240.51</ele>
        <time>2026-06-06T15:55:51Z</time>
      </trkpt>
      <trkpt lat="33.6121" lon="-117.77356">
        <ele>240.55</ele>
        <time>2026-06-06T15:55:54Z</time>
      </trkpt>
      <trkpt lat="33.61207" lon="-117.77355">
        <ele>240.66</ele>
        <time>2026-06-06T15:55:57Z</time>
      </trkpt>
      <trkpt lat="33.61204" lon="-117.77355">
        <ele>240.66</ele>
        <time>2026-06-06T15:56:00Z</time>
      </trkpt>
      <trkpt lat="33.612" lon="-117.77354">
        <ele>240.55</ele>
        <time>2026-06-06T15:56:03Z</time>
      </trkpt>
      <trkpt lat="33.61197" lon="-117.77353">
        <ele>240.33</ele>
        <time>2026-06-06T15:56:06Z</time>
      </trkpt>
      <trkpt lat="33.61193" lon="-117.77353">
        <ele>240.12</ele>
        <time>2026-06-06T15:56:09Z</time>
      </trkpt>
      <trkpt lat="33.6119" lon="-117.77355">
        <ele>240.34</ele>
        <time>2026-06-06T15:56:12Z</time>
      </trkpt>
      <trkpt lat="33.61187" lon="-117.77357">
        <ele>240.56</ele>
        <time>2026-06-06T15:56:14Z</time>
      </trkpt>
      <trkpt lat="33.61183" lon="-117.77358">
        <ele>240.82</ele>
        <time>2026-06-06T15:56:17Z</time>
      </trkpt>
      <trkpt lat="33.6118" lon="-117.7736">
        <ele>241.37</ele>
        <time>2026-06-06T15:56:20Z</time>
      </trkpt>
      <trkpt lat="33.61176" lon="-117.77361">
        <ele>241.97</ele>
        <time>2026-06-06T15:56:23Z</time>
      </trkpt>
      <trkpt lat="33.61172" lon="-117.77361">
        <ele>241.97</ele>
        <time>2026-06-06T15:56:26Z</time>
      </trkpt>
      <trkpt lat="33.61168" lon="-117.77362">
        <ele>242.26</ele>
        <time>2026-06-06T15:56:29Z</time>
      </trkpt>
      <trkpt lat="33.61165" lon="-117.77362">
        <ele>242.27</ele>
        <time>2026-06-06T15:56:32Z</time>
      </trkpt>
      <trkpt lat="33.61161" lon="-117.77362">
        <ele>242.23</ele>
        <time>2026-06-06T15:56:35Z</time>
      </trkpt>
      <trkpt lat="33.61157" lon="-117.77363">
        <ele>242.4</ele>
        <time>2026-06-06T15:56:38Z</time>
      </trkpt>
      <trkpt lat="33.61154" lon="-117.77363">
        <ele>242.33</ele>
        <time>2026-06-06T15:56:41Z</time>
      </trkpt>
      <trkpt lat="33.6115" lon="-117.77364">
        <ele>242.37</ele>
        <time>2026-06-06T15:56:44Z</time>
      </trkpt>
      <trkpt lat="33.61147" lon="-117.77364">
        <ele>242.4</ele>
        <time>2026-06-06T15:56:47Z</time>
      </trkpt>
      <trkpt lat="33.61143" lon="-117.77364">
        <ele>242.69</ele>
        <time>2026-06-06T15:56:50Z</time>
      </trkpt>
      <trkpt lat="33.6114" lon="-117.77365">
        <ele>242.93</ele>
        <time>2026-06-06T15:56:53Z</time>
      </trkpt>
      <trkpt lat="33.61136" lon="-117.77365">
        <ele>243.31</ele>
        <time>2026-06-06T15:56:56Z</time>
      </trkpt>
      <trkpt lat="33.61133" lon="-117.77366">
        <ele>243.64</ele>
        <time>2026-06-06T15:56:59Z</time>
      </trkpt>
      <trkpt lat="33.61129" lon="-117.77366">
        <ele>244.04</ele>
        <time>2026-06-06T15:57:02Z</time>
      </trkpt>
      <trkpt lat="33.61126" lon="-117.77367">
        <ele>244.25</ele>
        <time>2026-06-06T15:57:05Z</time>
      </trkpt>
      <trkpt lat="33.61122" lon="-117.77367">
        <ele>244.52</ele>
        <time>2026-06-06T15:57:08Z</time>
      </trkpt>
      <trkpt lat="33.61119" lon="-117.77368">
        <ele>244.85</ele>
        <time>2026-06-06T15:57:11Z</time>
      </trkpt>
      <trkpt lat="33.61115" lon="-117.77368">
        <ele>245.18</ele>
        <time>2026-06-06T15:57:14Z</time>
      </trkpt>
      <trkpt lat="33.61112" lon="-117.77369">
        <ele>245.62</ele>
        <time>2026-06-06T15:57:17Z</time>
      </trkpt>
      <trkpt lat="33.61108" lon="-117.77369">
        <ele>246.04</ele>
        <time>2026-06-06T15:57:20Z</time>
      </trkpt>
      <trkpt lat="33.61105" lon="-117.77369">
        <ele>246.36</ele>
        <time>2026-06-06T15:57:23Z</time>
      </trkpt>
      <trkpt lat="33.61102" lon="-117.77368">
        <ele>246.47</ele>
        <time>2026-06-06T15:57:26Z</time>
      </trkpt>
      <trkpt lat="33.61099" lon="-117.77368">
        <ele>247.03</ele>
        <time>2026-06-06T15:57:29Z</time>
      </trkpt>
      <trkpt lat="33.61096" lon="-117.77368">
        <ele>247.59</ele>
        <time>2026-06-06T15:57:32Z</time>
      </trkpt>
      <trkpt lat="33.61093" lon="-117.77368">
        <ele>248.16</ele>
        <time>2026-06-06T15:57:35Z</time>
      </trkpt>
      <trkpt lat="33.6109" lon="-117.77367">
        <ele>248.29</ele>
        <time>2026-06-06T15:57:38Z</time>
      </trkpt>
      <trkpt lat="33.61087" lon="-117.77366">
        <ele>248.47</ele>
        <time>2026-06-06T15:57:41Z</time>
      </trkpt>
      <trkpt lat="33.61084" lon="-117.77365">
        <ele>248.73</ele>
        <time>2026-06-06T15:57:44Z</time>
      </trkpt>
      <trkpt lat="33.61081" lon="-117.77365">
        <ele>249.2</ele>
        <time>2026-06-06T15:57:47Z</time>
      </trkpt>
      <trkpt lat="33.61077" lon="-117.77364">
        <ele>249.52</ele>
        <time>2026-06-06T15:57:50Z</time>
      </trkpt>
      <trkpt lat="33.61074" lon="-117.77363">
        <ele>249.62</ele>
        <time>2026-06-06T15:57:53Z</time>
      </trkpt>
      <trkpt lat="33.61071" lon="-117.77363">
        <ele>250.01</ele>
        <time>2026-06-06T15:57:56Z</time>
      </trkpt>
      <trkpt lat="33.61068" lon="-117.77362">
        <ele>250.01</ele>
        <time>2026-06-06T15:57:59Z</time>
      </trkpt>
      <trkpt lat="33.61064" lon="-117.77361">
        <ele>250.05</ele>
        <time>2026-06-06T15:58:02Z</time>
      </trkpt>
      <trkpt lat="33.61061" lon="-117.7736">
        <ele>250.1</ele>
        <time>2026-06-06T15:58:05Z</time>
      </trkpt>
      <trkpt lat="33.61058" lon="-117.77359">
        <ele>250.22</ele>
        <time>2026-06-06T15:58:08Z</time>
      </trkpt>
      <trkpt lat="33.61054" lon="-117.77358">
        <ele>250.38</ele>
        <time>2026-06-06T15:58:11Z</time>
      </trkpt>
      <trkpt lat="33.61051" lon="-117.77358">
        <ele>250.49</ele>
        <time>2026-06-06T15:58:14Z</time>
      </trkpt>
      <trkpt lat="33.61048" lon="-117.77357">
        <ele>250.47</ele>
        <time>2026-06-06T15:58:17Z</time>
      </trkpt>
      <trkpt lat="33.61044" lon="-117.77357">
        <ele>250.06</ele>
        <time>2026-06-06T15:58:20Z</time>
      </trkpt>
      <trkpt lat="33.61041" lon="-117.77357">
        <ele>249.41</ele>
        <time>2026-06-06T15:58:23Z</time>
      </trkpt>
      <trkpt lat="33.61038" lon="-117.77357">
        <ele>248.76</ele>
        <time>2026-06-06T15:58:26Z</time>
      </trkpt>
      <trkpt lat="33.61036" lon="-117.77359">
        <ele>248.35</ele>
        <time>2026-06-06T15:58:29Z</time>
      </trkpt>
      <trkpt lat="33.61035" lon="-117.77363">
        <ele>248.16</ele>
        <time>2026-06-06T15:58:31Z</time>
      </trkpt>
      <trkpt lat="33.61036" lon="-117.77367">
        <ele>248.62</ele>
        <time>2026-06-06T15:58:33Z</time>
      </trkpt>
      <trkpt lat="33.61035" lon="-117.77372">
        <ele>248.65</ele>
        <time>2026-06-06T15:58:36Z</time>
      </trkpt>
      <trkpt lat="33.61033" lon="-117.77376">
        <ele>248.64</ele>
        <time>2026-06-06T15:58:39Z</time>
      </trkpt>
      <trkpt lat="33.61031" lon="-117.77379">
        <ele>248.3</ele>
        <time>2026-06-06T15:58:42Z</time>
      </trkpt>
      <trkpt lat="33.6103" lon="-117.77382">
        <ele>248.47</ele>
        <time>2026-06-06T15:58:44Z</time>
      </trkpt>
      <trkpt lat="33.61028" lon="-117.77386">
        <ele>248.47</ele>
        <time>2026-06-06T15:58:47Z</time>
      </trkpt>
      <trkpt lat="33.61026" lon="-117.7739">
        <ele>248.69</ele>
        <time>2026-06-06T15:58:50Z</time>
      </trkpt>
      <trkpt lat="33.61024" lon="-117.77393">
        <ele>248.27</ele>
        <time>2026-06-06T15:58:53Z</time>
      </trkpt>
      <trkpt lat="33.61023" lon="-117.77397">
        <ele>247.94</ele>
        <time>2026-06-06T15:58:56Z</time>
      </trkpt>
      <trkpt lat="33.61021" lon="-117.774">
        <ele>247.27</ele>
        <time>2026-06-06T15:58:59Z</time>
      </trkpt>
      <trkpt lat="33.61019" lon="-117.77404">
        <ele>246.84</ele>
        <time>2026-06-06T15:59:02Z</time>
      </trkpt>
      <trkpt lat="33.61017" lon="-117.77408">
        <ele>246.57</ele>
        <time>2026-06-06T15:59:05Z</time>
      </trkpt>
      <trkpt lat="33.61016" lon="-117.77412">
        <ele>246.68</ele>
        <time>2026-06-06T15:59:08Z</time>
      </trkpt>
      <trkpt lat="33.61014" lon="-117.77415">
        <ele>246.36</ele>
        <time>2026-06-06T15:59:11Z</time>
      </trkpt>
      <trkpt lat="33.61013" lon="-117.77419">
        <ele>246.31</ele>
        <time>2026-06-06T15:59:14Z</time>
      </trkpt>
      <trkpt lat="33.61011" lon="-117.77423">
        <ele>245.69</ele>
        <time>2026-06-06T15:59:17Z</time>
      </trkpt>
      <trkpt lat="33.6101" lon="-117.77426">
        <ele>245.32</ele>
        <time>2026-06-06T15:59:20Z</time>
      </trkpt>
      <trkpt lat="33.61008" lon="-117.7743">
        <ele>244.65</ele>
        <time>2026-06-06T15:59:23Z</time>
      </trkpt>
      <trkpt lat="33.61007" lon="-117.77434">
        <ele>244.48</ele>
        <time>2026-06-06T15:59:26Z</time>
      </trkpt>
      <trkpt lat="33.61006" lon="-117.77438">
        <ele>244.19</ele>
        <time>2026-06-06T15:59:29Z</time>
      </trkpt>
      <trkpt lat="33.61004" lon="-117.77442">
        <ele>243.45</ele>
        <time>2026-06-06T15:59:32Z</time>
      </trkpt>
      <trkpt lat="33.61003" lon="-117.77445">
        <ele>242.97</ele>
        <time>2026-06-06T15:59:35Z</time>
      </trkpt>
      <trkpt lat="33.61002" lon="-117.77449">
        <ele>242.65</ele>
        <time>2026-06-06T15:59:38Z</time>
      </trkpt>
      <trkpt lat="33.61001" lon="-117.77453">
        <ele>242.32</ele>
        <time>2026-06-06T15:59:41Z</time>
      </trkpt>
      <trkpt lat="33.61" lon="-117.77457">
        <ele>242.36</ele>
        <time>2026-06-06T15:59:44Z</time>
      </trkpt>
      <trkpt lat="33.60999" lon="-117.77461">
        <ele>242.55</ele>
        <time>2026-06-06T15:59:47Z</time>
      </trkpt>
      <trkpt lat="33.60998" lon="-117.77465">
        <ele>242.66</ele>
        <time>2026-06-06T15:59:50Z</time>
      </trkpt>
      <trkpt lat="33.60997" lon="-117.77469">
        <ele>242.77</ele>
        <time>2026-06-06T15:59:53Z</time>
      </trkpt>
      <trkpt lat="33.60995" lon="-117.77473">
        <ele>242.96</ele>
        <time>2026-06-06T15:59:56Z</time>
      </trkpt>
      <trkpt lat="33.60993" lon="-117.77475">
        <ele>242.93</ele>
        <time>2026-06-06T15:59:58Z</time>
      </trkpt>
      <trkpt lat="33.6099" lon="-117.77477">
        <ele>243.0</ele>
        <time>2026-06-06T16:00:00Z</time>
      </trkpt>
      <trkpt lat="33.60988" lon="-117.7748">
        <ele>243.2</ele>
        <time>2026-06-06T16:00:02Z</time>
      </trkpt>
      <trkpt lat="33.60986" lon="-117.77482">
        <ele>243.54</ele>
        <time>2026-06-06T16:00:04Z</time>
      </trkpt>
      <trkpt lat="33.60983" lon="-117.77484">
        <ele>243.88</ele>
        <time>2026-06-06T16:00:07Z</time>
      </trkpt>
      <trkpt lat="33.60979" lon="-117.77485">
        <ele>243.73</ele>
        <time>2026-06-06T16:00:10Z</time>
      </trkpt>
      <trkpt lat="33.60976" lon="-117.77486">
        <ele>243.41</ele>
        <time>2026-06-06T16:00:13Z</time>
      </trkpt>
      <trkpt lat="33.60973" lon="-117.77487">
        <ele>243.08</ele>
        <time>2026-06-06T16:00:16Z</time>
      </trkpt>
      <trkpt lat="33.6097" lon="-117.77488">
        <ele>242.93</ele>
        <time>2026-06-06T16:00:19Z</time>
      </trkpt>
      <trkpt lat="33.60967" lon="-117.7749">
        <ele>242.95</ele>
        <time>2026-06-06T16:00:22Z</time>
      </trkpt>
      <trkpt lat="33.60964" lon="-117.77491">
        <ele>243.0</ele>
        <time>2026-06-06T16:00:25Z</time>
      </trkpt>
      <trkpt lat="33.60961" lon="-117.77493">
        <ele>242.79</ele>
        <time>2026-06-06T16:00:28Z</time>
      </trkpt>
      <trkpt lat="33.60959" lon="-117.77494">
        <ele>242.57</ele>
        <time>2026-06-06T16:00:31Z</time>
      </trkpt>
      <trkpt lat="33.60956" lon="-117.77496">
        <ele>242.25</ele>
        <time>2026-06-06T16:00:34Z</time>
      </trkpt>
      <trkpt lat="33.60953" lon="-117.77497">
        <ele>241.92</ele>
        <time>2026-06-06T16:00:37Z</time>
      </trkpt>
      <trkpt lat="33.6095" lon="-117.77498">
        <ele>241.6</ele>
        <time>2026-06-06T16:00:40Z</time>
      </trkpt>
      <trkpt lat="33.60947" lon="-117.775">
        <ele>241.28</ele>
        <time>2026-06-06T16:00:43Z</time>
      </trkpt>
      <trkpt lat="33.60944" lon="-117.77502">
        <ele>240.7</ele>
        <time>2026-06-06T16:00:46Z</time>
      </trkpt>
      <trkpt lat="33.60942" lon="-117.77503">
        <ele>240.23</ele>
        <time>2026-06-06T16:00:49Z</time>
      </trkpt>
      <trkpt lat="33.60939" lon="-117.77505">
        <ele>239.6</ele>
        <time>2026-06-06T16:00:52Z</time>
      </trkpt>
      <trkpt lat="33.60936" lon="-117.77507">
        <ele>239.11</ele>
        <time>2026-06-06T16:00:55Z</time>
      </trkpt>
      <trkpt lat="33.60933" lon="-117.77509">
        <ele>238.51</ele>
        <time>2026-06-06T16:00:58Z</time>
      </trkpt>
      <trkpt lat="33.60931" lon="-117.77511">
        <ele>238.28</ele>
        <time>2026-06-06T16:01:01Z</time>
      </trkpt>
      <trkpt lat="33.60928" lon="-117.77513">
        <ele>237.85</ele>
        <time>2026-06-06T16:01:04Z</time>
      </trkpt>
      <trkpt lat="33.60925" lon="-117.77515">
        <ele>237.58</ele>
        <time>2026-06-06T16:01:07Z</time>
      </trkpt>
      <trkpt lat="33.60922" lon="-117.77517">
        <ele>237.77</ele>
        <time>2026-06-06T16:01:10Z</time>
      </trkpt>
      <trkpt lat="33.6092" lon="-117.77519">
        <ele>238.02</ele>
        <time>2026-06-06T16:01:13Z</time>
      </trkpt>
      <trkpt lat="33.60916" lon="-117.77521">
        <ele>237.95</ele>
        <time>2026-06-06T16:01:16Z</time>
      </trkpt>
      <trkpt lat="33.60913" lon="-117.77522">
        <ele>237.75</ele>
        <time>2026-06-06T16:01:18Z</time>
      </trkpt>
      <trkpt lat="33.6091" lon="-117.77523">
        <ele>237.63</ele>
        <time>2026-06-06T16:01:20Z</time>
      </trkpt>
      <trkpt lat="33.60908" lon="-117.77524">
        <ele>237.62</ele>
        <time>2026-06-06T16:01:22Z</time>
      </trkpt>
      <trkpt lat="33.60905" lon="-117.77525">
        <ele>237.52</ele>
        <time>2026-06-06T16:01:24Z</time>
      </trkpt>
      <trkpt lat="33.60902" lon="-117.77524">
        <ele>237.25</ele>
        <time>2026-06-06T16:01:26Z</time>
      </trkpt>
      <trkpt lat="33.60899" lon="-117.77523">
        <ele>237.04</ele>
        <time>2026-06-06T16:01:28Z</time>
      </trkpt>
      <trkpt lat="33.60895" lon="-117.77523">
        <ele>236.48</ele>
        <time>2026-06-06T16:01:31Z</time>
      </trkpt>
      <trkpt lat="33.60892" lon="-117.77523">
        <ele>235.99</ele>
        <time>2026-06-06T16:01:34Z</time>
      </trkpt>
      <trkpt lat="33.60888" lon="-117.77522">
        <ele>235.28</ele>
        <time>2026-06-06T16:01:37Z</time>
      </trkpt>
      <trkpt lat="33.60884" lon="-117.77521">
        <ele>234.74</ele>
        <time>2026-06-06T16:01:40Z</time>
      </trkpt>
      <trkpt lat="33.6088" lon="-117.7752">
        <ele>234.2</ele>
        <time>2026-06-06T16:01:43Z</time>
      </trkpt>
      <trkpt lat="33.60876" lon="-117.7752">
        <ele>233.77</ele>
        <time>2026-06-06T16:01:46Z</time>
      </trkpt>
      <trkpt lat="33.60873" lon="-117.77519">
        <ele>233.34</ele>
        <time>2026-06-06T16:01:49Z</time>
      </trkpt>
      <trkpt lat="33.6087" lon="-117.77517">
        <ele>233.16</ele>
        <time>2026-06-06T16:01:53Z</time>
      </trkpt>
      <trkpt lat="33.60867" lon="-117.77516">
        <ele>233.17</ele>
        <time>2026-06-06T16:01:57Z</time>
      </trkpt>
      <trkpt lat="33.60864" lon="-117.77515">
        <ele>233.12</ele>
        <time>2026-06-06T16:02:00Z</time>
      </trkpt>
      <trkpt lat="33.60861" lon="-117.77514">
        <ele>232.99</ele>
        <time>2026-06-06T16:02:03Z</time>
      </trkpt>
      <trkpt lat="33.60857" lon="-117.77513">
        <ele>232.56</ele>
        <time>2026-06-06T16:02:06Z</time>
      </trkpt>
      <trkpt lat="33.60854" lon="-117.77513">
        <ele>232.23</ele>
        <time>2026-06-06T16:02:09Z</time>
      </trkpt>
      <trkpt lat="33.6085" lon="-117.77512">
        <ele>231.8</ele>
        <time>2026-06-06T16:02:12Z</time>
      </trkpt>
      <trkpt lat="33.60847" lon="-117.77512">
        <ele>231.48</ele>
        <time>2026-06-06T16:02:15Z</time>
      </trkpt>
      <trkpt lat="33.60844" lon="-117.77511">
        <ele>231.15</ele>
        <time>2026-06-06T16:02:18Z</time>
      </trkpt>
      <trkpt lat="33.6084" lon="-117.77511">
        <ele>230.72</ele>
        <time>2026-06-06T16:02:21Z</time>
      </trkpt>
      <trkpt lat="33.60837" lon="-117.7751">
        <ele>230.4</ele>
        <time>2026-06-06T16:02:24Z</time>
      </trkpt>
      <trkpt lat="33.60833" lon="-117.7751">
        <ele>229.96</ele>
        <time>2026-06-06T16:02:27Z</time>
      </trkpt>
      <trkpt lat="33.6083" lon="-117.77509">
        <ele>229.64</ele>
        <time>2026-06-06T16:02:30Z</time>
      </trkpt>
      <trkpt lat="33.60826" lon="-117.77509">
        <ele>229.21</ele>
        <time>2026-06-06T16:02:33Z</time>
      </trkpt>
      <trkpt lat="33.60823" lon="-117.77509">
        <ele>229.0</ele>
        <time>2026-06-06T16:02:36Z</time>
      </trkpt>
      <trkpt lat="33.6082" lon="-117.77509">
        <ele>228.99</ele>
        <time>2026-06-06T16:02:39Z</time>
      </trkpt>
      <trkpt lat="33.60816" lon="-117.77509">
        <ele>228.98</ele>
        <time>2026-06-06T16:02:42Z</time>
      </trkpt>
      <trkpt lat="33.60813" lon="-117.77509">
        <ele>228.78</ele>
        <time>2026-06-06T16:02:45Z</time>
      </trkpt>
      <trkpt lat="33.60809" lon="-117.77509">
        <ele>228.34</ele>
        <time>2026-06-06T16:02:48Z</time>
      </trkpt>
      <trkpt lat="33.60806" lon="-117.77509">
        <ele>228.02</ele>
        <time>2026-06-06T16:02:51Z</time>
      </trkpt>
      <trkpt lat="33.60802" lon="-117.77509">
        <ele>227.59</ele>
        <time>2026-06-06T16:02:54Z</time>
      </trkpt>
      <trkpt lat="33.60798" lon="-117.77511">
        <ele>227.18</ele>
        <time>2026-06-06T16:02:57Z</time>
      </trkpt>
      <trkpt lat="33.60796" lon="-117.77512">
        <ele>226.97</ele>
        <time>2026-06-06T16:02:59Z</time>
      </trkpt>
      <trkpt lat="33.60793" lon="-117.77513">
        <ele>226.64</ele>
        <time>2026-06-06T16:03:01Z</time>
      </trkpt>
      <trkpt lat="33.60789" lon="-117.77512">
        <ele>226.21</ele>
        <time>2026-06-06T16:03:03Z</time>
      </trkpt>
      <trkpt lat="33.60787" lon="-117.77511">
        <ele>226.0</ele>
        <time>2026-06-06T16:03:05Z</time>
      </trkpt>
      <trkpt lat="33.60784" lon="-117.77511">
        <ele>225.73</ele>
        <time>2026-06-06T16:03:07Z</time>
      </trkpt>
      <trkpt lat="33.6078" lon="-117.7751">
        <ele>225.3</ele>
        <time>2026-06-06T16:03:10Z</time>
      </trkpt>
      <trkpt lat="33.60777" lon="-117.7751">
        <ele>225.08</ele>
        <time>2026-06-06T16:03:13Z</time>
      </trkpt>
      <trkpt lat="33.60773" lon="-117.7751">
        <ele>225.08</ele>
        <time>2026-06-06T16:03:16Z</time>
      </trkpt>
      <trkpt lat="33.6077" lon="-117.77509">
        <ele>224.98</ele>
        <time>2026-06-06T16:03:19Z</time>
      </trkpt>
      <trkpt lat="33.60766" lon="-117.77509">
        <ele>225.24</ele>
        <time>2026-06-06T16:03:22Z</time>
      </trkpt>
      <trkpt lat="33.60763" lon="-117.77507">
        <ele>225.35</ele>
        <time>2026-06-06T16:03:25Z</time>
      </trkpt>
      <trkpt lat="33.60759" lon="-117.77506">
        <ele>225.67</ele>
        <time>2026-06-06T16:03:28Z</time>
      </trkpt>
      <trkpt lat="33.60756" lon="-117.77504">
        <ele>225.58</ele>
        <time>2026-06-06T16:03:31Z</time>
      </trkpt>
      <trkpt lat="33.60753" lon="-117.77502">
        <ele>225.36</ele>
        <time>2026-06-06T16:03:34Z</time>
      </trkpt>
      <trkpt lat="33.60749" lon="-117.77501">
        <ele>225.32</ele>
        <time>2026-06-06T16:03:37Z</time>
      </trkpt>
      <trkpt lat="33.60745" lon="-117.775">
        <ele>225.54</ele>
        <time>2026-06-06T16:03:40Z</time>
      </trkpt>
      <trkpt lat="33.60742" lon="-117.77498">
        <ele>225.68</ele>
        <time>2026-06-06T16:03:43Z</time>
      </trkpt>
      <trkpt lat="33.60738" lon="-117.77496">
        <ele>225.86</ele>
        <time>2026-06-06T16:03:46Z</time>
      </trkpt>
      <trkpt lat="33.60735" lon="-117.77495">
        <ele>226.08</ele>
        <time>2026-06-06T16:03:49Z</time>
      </trkpt>
      <trkpt lat="33.60731" lon="-117.77494">
        <ele>226.37</ele>
        <time>2026-06-06T16:03:52Z</time>
      </trkpt>
      <trkpt lat="33.60728" lon="-117.77493">
        <ele>226.34</ele>
        <time>2026-06-06T16:03:55Z</time>
      </trkpt>
      <trkpt lat="33.60724" lon="-117.77491">
        <ele>226.05</ele>
        <time>2026-06-06T16:03:58Z</time>
      </trkpt>
      <trkpt lat="33.60721" lon="-117.7749">
        <ele>225.92</ele>
        <time>2026-06-06T16:04:01Z</time>
      </trkpt>
      <trkpt lat="33.60717" lon="-117.77489">
        <ele>225.81</ele>
        <time>2026-06-06T16:04:04Z</time>
      </trkpt>
      <trkpt lat="33.60714" lon="-117.77488">
        <ele>225.7</ele>
        <time>2026-06-06T16:04:07Z</time>
      </trkpt>
      <trkpt lat="33.6071" lon="-117.77487">
        <ele>225.28</ele>
        <time>2026-06-06T16:04:10Z</time>
      </trkpt>
      <trkpt lat="33.60707" lon="-117.77486">
        <ele>224.84</ele>
        <time>2026-06-06T16:04:13Z</time>
      </trkpt>
      <trkpt lat="33.60703" lon="-117.77486">
        <ele>224.41</ele>
        <time>2026-06-06T16:04:16Z</time>
      </trkpt>
      <trkpt lat="33.607" lon="-117.77486">
        <ele>224.08</ele>
        <time>2026-06-06T16:04:19Z</time>
      </trkpt>
      <trkpt lat="33.60696" lon="-117.77487">
        <ele>223.92</ele>
        <time>2026-06-06T16:04:22Z</time>
      </trkpt>
      <trkpt lat="33.60694" lon="-117.77489">
        <ele>224.38</ele>
        <time>2026-06-06T16:04:24Z</time>
      </trkpt>
      <trkpt lat="33.60692" lon="-117.77491">
        <ele>224.79</ele>
        <time>2026-06-06T16:04:26Z</time>
      </trkpt>
      <trkpt lat="33.60689" lon="-117.77493">
        <ele>224.9</ele>
        <time>2026-06-06T16:04:28Z</time>
      </trkpt>
      <trkpt lat="33.60686" lon="-117.77496">
        <ele>225.22</ele>
        <time>2026-06-06T16:04:31Z</time>
      </trkpt>
      <trkpt lat="33.60683" lon="-117.77497">
        <ele>225.12</ele>
        <time>2026-06-06T16:04:34Z</time>
      </trkpt>
      <trkpt lat="33.60679" lon="-117.77498">
        <ele>224.9</ele>
        <time>2026-06-06T16:04:37Z</time>
      </trkpt>
      <trkpt lat="33.60675" lon="-117.77498">
        <ele>224.52</ele>
        <time>2026-06-06T16:04:40Z</time>
      </trkpt>
      <trkpt lat="33.60672" lon="-117.77498">
        <ele>224.38</ele>
        <time>2026-06-06T16:04:43Z</time>
      </trkpt>
      <trkpt lat="33.60668" lon="-117.77499">
        <ele>224.6</ele>
        <time>2026-06-06T16:04:46Z</time>
      </trkpt>
      <trkpt lat="33.60665" lon="-117.775">
        <ele>224.64</ele>
        <time>2026-06-06T16:04:49Z</time>
      </trkpt>
      <trkpt lat="33.60661" lon="-117.77502">
        <ele>224.56</ele>
        <time>2026-06-06T16:04:52Z</time>
      </trkpt>
      <trkpt lat="33.60658" lon="-117.77504">
        <ele>224.83</ele>
        <time>2026-06-06T16:04:55Z</time>
      </trkpt>
      <trkpt lat="33.60654" lon="-117.77505">
        <ele>224.79</ele>
        <time>2026-06-06T16:04:58Z</time>
      </trkpt>
      <trkpt lat="33.60651" lon="-117.77507">
        <ele>225.33</ele>
        <time>2026-06-06T16:05:01Z</time>
      </trkpt>
      <trkpt lat="33.60647" lon="-117.77508">
        <ele>225.44</ele>
        <time>2026-06-06T16:05:04Z</time>
      </trkpt>
      <trkpt lat="33.60644" lon="-117.77509">
        <ele>225.88</ele>
        <time>2026-06-06T16:05:07Z</time>
      </trkpt>
      <trkpt lat="33.6064" lon="-117.7751">
        <ele>226.34</ele>
        <time>2026-06-06T16:05:10Z</time>
      </trkpt>
      <trkpt lat="33.60637" lon="-117.77511">
        <ele>226.55</ele>
        <time>2026-06-06T16:05:13Z</time>
      </trkpt>
      <trkpt lat="33.60634" lon="-117.77512">
        <ele>226.66</ele>
        <time>2026-06-06T16:05:16Z</time>
      </trkpt>
      <trkpt lat="33.6063" lon="-117.77513">
        <ele>226.66</ele>
        <time>2026-06-06T16:05:19Z</time>
      </trkpt>
      <trkpt lat="33.60628" lon="-117.77515">
        <ele>227.52</ele>
        <time>2026-06-06T16:05:23Z</time>
      </trkpt>
      <trkpt lat="33.60626" lon="-117.77518">
        <ele>229.12</ele>
        <time>2026-06-06T16:05:31Z</time>
      </trkpt>
      <trkpt lat="33.60624" lon="-117.7752">
        <ele>230.28</ele>
        <time>2026-06-06T16:05:35Z</time>
      </trkpt>
      <trkpt lat="33.60621" lon="-117.77521">
        <ele>230.79</ele>
        <time>2026-06-06T16:05:39Z</time>
      </trkpt>
      <trkpt lat="33.60618" lon="-117.77523">
        <ele>231.06</ele>
        <time>2026-06-06T16:05:42Z</time>
      </trkpt>
      <trkpt lat="33.60616" lon="-117.77525">
        <ele>231.49</ele>
        <time>2026-06-06T16:05:45Z</time>
      </trkpt>
      <trkpt lat="33.60613" lon="-117.77526">
        <ele>231.48</ele>
        <time>2026-06-06T16:05:48Z</time>
      </trkpt>
      <trkpt lat="33.60611" lon="-117.77528">
        <ele>232.1</ele>
        <time>2026-06-06T16:05:51Z</time>
      </trkpt>
      <trkpt lat="33.60608" lon="-117.77529">
        <ele>231.99</ele>
        <time>2026-06-06T16:05:54Z</time>
      </trkpt>
      <trkpt lat="33.60606" lon="-117.77531">
        <ele>232.64</ele>
        <time>2026-06-06T16:05:57Z</time>
      </trkpt>
      <trkpt lat="33.60603" lon="-117.77533">
        <ele>233.07</ele>
        <time>2026-06-06T16:06:00Z</time>
      </trkpt>
      <trkpt lat="33.60601" lon="-117.77534">
        <ele>233.24</ele>
        <time>2026-06-06T16:06:03Z</time>
      </trkpt>
      <trkpt lat="33.60598" lon="-117.77536">
        <ele>233.98</ele>
        <time>2026-06-06T16:06:07Z</time>
      </trkpt>
      <trkpt lat="33.60595" lon="-117.77538">
        <ele>234.76</ele>
        <time>2026-06-06T16:06:10Z</time>
      </trkpt>
      <trkpt lat="33.60592" lon="-117.7754">
        <ele>235.24</ele>
        <time>2026-06-06T16:06:14Z</time>
      </trkpt>
      <trkpt lat="33.6059" lon="-117.77542">
        <ele>236.01</ele>
        <time>2026-06-06T16:06:17Z</time>
      </trkpt>
      <trkpt lat="33.60587" lon="-117.77544">
        <ele>236.86</ele>
        <time>2026-06-06T16:06:21Z</time>
      </trkpt>
      <trkpt lat="33.60584" lon="-117.77546">
        <ele>237.84</ele>
        <time>2026-06-06T16:06:24Z</time>
      </trkpt>
      <trkpt lat="33.60582" lon="-117.77547">
        <ele>238.26</ele>
        <time>2026-06-06T16:06:27Z</time>
      </trkpt>
      <trkpt lat="33.6058" lon="-117.77549">
        <ele>238.63</ele>
        <time>2026-06-06T16:06:30Z</time>
      </trkpt>
      <trkpt lat="33.60577" lon="-117.77552">
        <ele>238.65</ele>
        <time>2026-06-06T16:06:33Z</time>
      </trkpt>
      <trkpt lat="33.60576" lon="-117.77555">
        <ele>238.44</ele>
        <time>2026-06-06T16:06:35Z</time>
      </trkpt>
      <trkpt lat="33.60574" lon="-117.77558">
        <ele>237.73</ele>
        <time>2026-06-06T16:06:37Z</time>
      </trkpt>
      <trkpt lat="33.60572" lon="-117.77562">
        <ele>236.99</ele>
        <time>2026-06-06T16:06:40Z</time>
      </trkpt>
      <trkpt lat="33.6057" lon="-117.77566">
        <ele>236.18</ele>
        <time>2026-06-06T16:06:43Z</time>
      </trkpt>
      <trkpt lat="33.60568" lon="-117.7757">
        <ele>236.06</ele>
        <time>2026-06-06T16:06:46Z</time>
      </trkpt>
      <trkpt lat="33.60567" lon="-117.77573">
        <ele>236.15</ele>
        <time>2026-06-06T16:06:48Z</time>
      </trkpt>
      <trkpt lat="33.60566" lon="-117.77576">
        <ele>236.15</ele>
        <time>2026-06-06T16:06:50Z</time>
      </trkpt>
      <trkpt lat="33.60565" lon="-117.77579">
        <ele>236.03</ele>
        <time>2026-06-06T16:06:52Z</time>
      </trkpt>
      <trkpt lat="33.60563" lon="-117.77583">
        <ele>235.8</ele>
        <time>2026-06-06T16:06:55Z</time>
      </trkpt>
      <trkpt lat="33.60561" lon="-117.77587">
        <ele>235.98</ele>
        <time>2026-06-06T16:06:58Z</time>
      </trkpt>
      <trkpt lat="33.60559" lon="-117.77589">
        <ele>235.98</ele>
        <time>2026-06-06T16:07:01Z</time>
      </trkpt>
      <trkpt lat="33.60556" lon="-117.77591">
        <ele>235.88</ele>
        <time>2026-06-06T16:07:04Z</time>
      </trkpt>
      <trkpt lat="33.60553" lon="-117.77592">
        <ele>235.66</ele>
        <time>2026-06-06T16:07:08Z</time>
      </trkpt>
      <trkpt lat="33.60549" lon="-117.77592">
        <ele>235.23</ele>
        <time>2026-06-06T16:07:11Z</time>
      </trkpt>
      <trkpt lat="33.60546" lon="-117.77592">
        <ele>234.93</ele>
        <time>2026-06-06T16:07:13Z</time>
      </trkpt>
      <trkpt lat="33.60543" lon="-117.77593">
        <ele>234.98</ele>
        <time>2026-06-06T16:07:15Z</time>
      </trkpt>
      <trkpt lat="33.60539" lon="-117.77594">
        <ele>234.88</ele>
        <time>2026-06-06T16:07:18Z</time>
      </trkpt>
      <trkpt lat="33.60535" lon="-117.77594">
        <ele>234.88</ele>
        <time>2026-06-06T16:07:21Z</time>
      </trkpt>
      <trkpt lat="33.60532" lon="-117.77595">
        <ele>234.88</ele>
        <time>2026-06-06T16:07:24Z</time>
      </trkpt>
      <trkpt lat="33.60528" lon="-117.77595">
        <ele>234.99</ele>
        <time>2026-06-06T16:07:27Z</time>
      </trkpt>
      <trkpt lat="33.60524" lon="-117.77595">
        <ele>235.0</ele>
        <time>2026-06-06T16:07:30Z</time>
      </trkpt>
      <trkpt lat="33.60521" lon="-117.77595">
        <ele>235.0</ele>
        <time>2026-06-06T16:07:33Z</time>
      </trkpt>
      <trkpt lat="33.60517" lon="-117.77595">
        <ele>235.21</ele>
        <time>2026-06-06T16:07:36Z</time>
      </trkpt>
      <trkpt lat="33.60514" lon="-117.77594">
        <ele>235.56</ele>
        <time>2026-06-06T16:07:38Z</time>
      </trkpt>
      <trkpt lat="33.60511" lon="-117.77593">
        <ele>235.85</ele>
        <time>2026-06-06T16:07:40Z</time>
      </trkpt>
      <trkpt lat="33.60509" lon="-117.77592">
        <ele>235.9</ele>
        <time>2026-06-06T16:07:42Z</time>
      </trkpt>
      <trkpt lat="33.60505" lon="-117.77591">
        <ele>236.12</ele>
        <time>2026-06-06T16:07:45Z</time>
      </trkpt>
      <trkpt lat="33.60502" lon="-117.7759">
        <ele>236.22</ele>
        <time>2026-06-06T16:07:48Z</time>
      </trkpt>
      <trkpt lat="33.60499" lon="-117.77588">
        <ele>236.17</ele>
        <time>2026-06-06T16:07:52Z</time>
      </trkpt>
      <trkpt lat="33.60496" lon="-117.77587">
        <ele>236.4</ele>
        <time>2026-06-06T16:07:55Z</time>
      </trkpt>
      <trkpt lat="33.60492" lon="-117.77586">
        <ele>236.69</ele>
        <time>2026-06-06T16:07:58Z</time>
      </trkpt>
      <trkpt lat="33.60489" lon="-117.77585">
        <ele>236.61</ele>
        <time>2026-06-06T16:08:01Z</time>
      </trkpt>
      <trkpt lat="33.60486" lon="-117.77584">
        <ele>236.29</ele>
        <time>2026-06-06T16:08:04Z</time>
      </trkpt>
      <trkpt lat="33.60482" lon="-117.77583">
        <ele>235.89</ele>
        <time>2026-06-06T16:08:07Z</time>
      </trkpt>
      <trkpt lat="33.60478" lon="-117.77581">
        <ele>235.24</ele>
        <time>2026-06-06T16:08:10Z</time>
      </trkpt>
      <trkpt lat="33.60475" lon="-117.77581">
        <ele>235.24</ele>
        <time>2026-06-06T16:08:12Z</time>
      </trkpt>
      <trkpt lat="33.60471" lon="-117.7758">
        <ele>234.61</ele>
        <time>2026-06-06T16:08:15Z</time>
      </trkpt>
      <trkpt lat="33.60468" lon="-117.77579">
        <ele>233.47</ele>
        <time>2026-06-06T16:08:18Z</time>
      </trkpt>
      <trkpt lat="33.60465" lon="-117.77579">
        <ele>232.67</ele>
        <time>2026-06-06T16:08:21Z</time>
      </trkpt>
      <trkpt lat="33.60462" lon="-117.77579">
        <ele>232.13</ele>
        <time>2026-06-06T16:08:24Z</time>
      </trkpt>
      <trkpt lat="33.60459" lon="-117.77579">
        <ele>232.13</ele>
        <time>2026-06-06T16:08:27Z</time>
      </trkpt>
      <trkpt lat="33.60456" lon="-117.7758">
        <ele>232.56</ele>
        <time>2026-06-06T16:08:30Z</time>
      </trkpt>
      <trkpt lat="33.60452" lon="-117.77583">
        <ele>233.67</ele>
        <time>2026-06-06T16:08:33Z</time>
      </trkpt>
      <trkpt lat="33.60449" lon="-117.77585">
        <ele>233.76</ele>
        <time>2026-06-06T16:08:36Z</time>
      </trkpt>
      <trkpt lat="33.60446" lon="-117.77585">
        <ele>233.38</ele>
        <time>2026-06-06T16:08:39Z</time>
      </trkpt>
      <trkpt lat="33.60443" lon="-117.77584">
        <ele>233.06</ele>
        <time>2026-06-06T16:08:42Z</time>
      </trkpt>
      <trkpt lat="33.60439" lon="-117.77583">
        <ele>232.88</ele>
        <time>2026-06-06T16:08:45Z</time>
      </trkpt>
      <trkpt lat="33.60436" lon="-117.77582">
        <ele>232.56</ele>
        <time>2026-06-06T16:08:48Z</time>
      </trkpt>
      <trkpt lat="33.60432" lon="-117.77581">
        <ele>232.59</ele>
        <time>2026-06-06T16:08:51Z</time>
      </trkpt>
      <trkpt lat="33.60428" lon="-117.7758">
        <ele>232.7</ele>
        <time>2026-06-06T16:08:54Z</time>
      </trkpt>
      <trkpt lat="33.60425" lon="-117.77579">
        <ele>232.54</ele>
        <time>2026-06-06T16:08:57Z</time>
      </trkpt>
      <trkpt lat="33.60421" lon="-117.77578">
        <ele>232.13</ele>
        <time>2026-06-06T16:09:00Z</time>
      </trkpt>
      <trkpt lat="33.60418" lon="-117.77578">
        <ele>232.04</ele>
        <time>2026-06-06T16:09:03Z</time>
      </trkpt>
      <trkpt lat="33.60414" lon="-117.77578">
        <ele>231.88</ele>
        <time>2026-06-06T16:09:06Z</time>
      </trkpt>
      <trkpt lat="33.60411" lon="-117.77579">
        <ele>231.67</ele>
        <time>2026-06-06T16:09:09Z</time>
      </trkpt>
      <trkpt lat="33.60407" lon="-117.7758">
        <ele>231.4</ele>
        <time>2026-06-06T16:09:12Z</time>
      </trkpt>
      <trkpt lat="33.60404" lon="-117.77582">
        <ele>231.51</ele>
        <time>2026-06-06T16:09:15Z</time>
      </trkpt>
      <trkpt lat="33.604" lon="-117.77583">
        <ele>231.84</ele>
        <time>2026-06-06T16:09:18Z</time>
      </trkpt>
      <trkpt lat="33.60397" lon="-117.77585">
        <ele>231.74</ele>
        <time>2026-06-06T16:09:21Z</time>
      </trkpt>
      <trkpt lat="33.60394" lon="-117.77587">
        <ele>231.48</ele>
        <time>2026-06-06T16:09:24Z</time>
      </trkpt>
      <trkpt lat="33.60391" lon="-117.77588">
        <ele>231.37</ele>
        <time>2026-06-06T16:09:27Z</time>
      </trkpt>
      <trkpt lat="33.60387" lon="-117.7759">
        <ele>230.99</ele>
        <time>2026-06-06T16:09:30Z</time>
      </trkpt>
      <trkpt lat="33.60384" lon="-117.77592">
        <ele>230.69</ele>
        <time>2026-06-06T16:09:33Z</time>
      </trkpt>
      <trkpt lat="33.60381" lon="-117.77593">
        <ele>230.73</ele>
        <time>2026-06-06T16:09:36Z</time>
      </trkpt>
      <trkpt lat="33.60378" lon="-117.77595">
        <ele>230.04</ele>
        <time>2026-06-06T16:09:39Z</time>
      </trkpt>
      <trkpt lat="33.60375" lon="-117.77597">
        <ele>229.07</ele>
        <time>2026-06-06T16:09:42Z</time>
      </trkpt>
      <trkpt lat="33.60372" lon="-117.77598">
        <ele>228.42</ele>
        <time>2026-06-06T16:09:45Z</time>
      </trkpt>
      <trkpt lat="33.60368" lon="-117.776">
        <ele>227.6</ele>
        <time>2026-06-06T16:09:48Z</time>
      </trkpt>
      <trkpt lat="33.60365" lon="-117.77601">
        <ele>227.28</ele>
        <time>2026-06-06T16:09:51Z</time>
      </trkpt>
      <trkpt lat="33.60362" lon="-117.77602">
        <ele>226.98</ele>
        <time>2026-06-06T16:09:54Z</time>
      </trkpt>
      <trkpt lat="33.60359" lon="-117.77604">
        <ele>226.72</ele>
        <time>2026-06-06T16:09:57Z</time>
      </trkpt>
      <trkpt lat="33.60356" lon="-117.77605">
        <ele>226.47</ele>
        <time>2026-06-06T16:10:00Z</time>
      </trkpt>
      <trkpt lat="33.60353" lon="-117.77606">
        <ele>226.16</ele>
        <time>2026-06-06T16:10:03Z</time>
      </trkpt>
      <trkpt lat="33.60351" lon="-117.77609">
        <ele>225.29</ele>
        <time>2026-06-06T16:10:10Z</time>
      </trkpt>
      <trkpt lat="33.60348" lon="-117.77608">
        <ele>224.98</ele>
        <time>2026-06-06T16:10:14Z</time>
      </trkpt>
      <trkpt lat="33.60345" lon="-117.77608">
        <ele>224.44</ele>
        <time>2026-06-06T16:10:17Z</time>
      </trkpt>
      <trkpt lat="33.60341" lon="-117.77608">
        <ele>223.78</ele>
        <time>2026-06-06T16:10:20Z</time>
      </trkpt>
      <trkpt lat="33.60338" lon="-117.77609">
        <ele>223.07</ele>
        <time>2026-06-06T16:10:23Z</time>
      </trkpt>
      <trkpt lat="33.60335" lon="-117.7761">
        <ele>222.44</ele>
        <time>2026-06-06T16:10:26Z</time>
      </trkpt>
      <trkpt lat="33.60331" lon="-117.77611">
        <ele>222.02</ele>
        <time>2026-06-06T16:10:29Z</time>
      </trkpt>
      <trkpt lat="33.60327" lon="-117.77613">
        <ele>222.0</ele>
        <time>2026-06-06T16:10:32Z</time>
      </trkpt>
      <trkpt lat="33.60324" lon="-117.77614">
        <ele>221.99</ele>
        <time>2026-06-06T16:10:35Z</time>
      </trkpt>
      <trkpt lat="33.6032" lon="-117.77616">
        <ele>221.56</ele>
        <time>2026-06-06T16:10:38Z</time>
      </trkpt>
      <trkpt lat="33.60317" lon="-117.77617">
        <ele>221.24</ele>
        <time>2026-06-06T16:10:41Z</time>
      </trkpt>
      <trkpt lat="33.60313" lon="-117.77618">
        <ele>221.0</ele>
        <time>2026-06-06T16:10:44Z</time>
      </trkpt>
      <trkpt lat="33.6031" lon="-117.77619">
        <ele>221.0</ele>
        <time>2026-06-06T16:10:47Z</time>
      </trkpt>
      <trkpt lat="33.60307" lon="-117.77617">
        <ele>221.0</ele>
        <time>2026-06-06T16:10:50Z</time>
      </trkpt>
      <trkpt lat="33.60305" lon="-117.77614">
        <ele>221.08</ele>
        <time>2026-06-06T16:10:52Z</time>
      </trkpt>
      <trkpt lat="33.60303" lon="-117.7761">
        <ele>221.28</ele>
        <time>2026-06-06T16:10:54Z</time>
      </trkpt>
      <trkpt lat="33.60301" lon="-117.77606">
        <ele>221.49</ele>
        <time>2026-06-06T16:10:56Z</time>
      </trkpt>
      <trkpt lat="33.603" lon="-117.77603">
        <ele>221.6</ele>
        <time>2026-06-06T16:10:58Z</time>
      </trkpt>
      <trkpt lat="33.60302" lon="-117.776">
        <ele>221.14</ele>
        <time>2026-06-06T16:11:00Z</time>
      </trkpt>
      <trkpt lat="33.60303" lon="-117.77597">
        <ele>220.52</ele>
        <time>2026-06-06T16:11:02Z</time>
      </trkpt>
      <trkpt lat="33.60303" lon="-117.77593">
        <ele>219.89</ele>
        <time>2026-06-06T16:11:05Z</time>
      </trkpt>
      <trkpt lat="33.60304" lon="-117.77588">
        <ele>218.68</ele>
        <time>2026-06-06T16:11:08Z</time>
      </trkpt>
      <trkpt lat="33.60303" lon="-117.77584">
        <ele>218.48</ele>
        <time>2026-06-06T16:11:11Z</time>
      </trkpt>
      <trkpt lat="33.60302" lon="-117.7758">
        <ele>217.92</ele>
        <time>2026-06-06T16:11:14Z</time>
      </trkpt>
      <trkpt lat="33.60302" lon="-117.77577">
        <ele>217.03</ele>
        <time>2026-06-06T16:11:31Z</time>
      </trkpt>
      <trkpt lat="33.60301" lon="-117.77573">
        <ele>216.07</ele>
        <time>2026-06-06T16:11:35Z</time>
      </trkpt>
      <trkpt lat="33.60301" lon="-117.7757">
        <ele>214.95</ele>
        <time>2026-06-06T16:11:39Z</time>
      </trkpt>
      <trkpt lat="33.60299" lon="-117.77566">
        <ele>213.53</ele>
        <time>2026-06-06T16:11:43Z</time>
      </trkpt>
      <trkpt lat="33.60296" lon="-117.77564">
        <ele>212.94</ele>
        <time>2026-06-06T16:11:46Z</time>
      </trkpt>
      <trkpt lat="33.60293" lon="-117.77563">
        <ele>213.82</ele>
        <time>2026-06-06T16:11:49Z</time>
      </trkpt>
      <trkpt lat="33.60291" lon="-117.77561">
        <ele>213.76</ele>
        <time>2026-06-06T16:11:53Z</time>
      </trkpt>
      <trkpt lat="33.6029" lon="-117.77557">
        <ele>212.31</ele>
        <time>2026-06-06T16:11:59Z</time>
      </trkpt>
      <trkpt lat="33.6029" lon="-117.77554">
        <ele>211.06</ele>
        <time>2026-06-06T16:12:04Z</time>
      </trkpt>
      <trkpt lat="33.60289" lon="-117.77551">
        <ele>209.92</ele>
        <time>2026-06-06T16:12:08Z</time>
      </trkpt>
      <trkpt lat="33.60288" lon="-117.77548">
        <ele>208.72</ele>
        <time>2026-06-06T16:12:13Z</time>
      </trkpt>
      <trkpt lat="33.60286" lon="-117.77545">
        <ele>208.4</ele>
        <time>2026-06-06T16:12:18Z</time>
      </trkpt>
      <trkpt lat="33.60284" lon="-117.77543">
        <ele>208.96</ele>
        <time>2026-06-06T16:12:23Z</time>
      </trkpt>
      <trkpt lat="33.60282" lon="-117.7754">
        <ele>209.07</ele>
        <time>2026-06-06T16:12:28Z</time>
      </trkpt>
      <trkpt lat="33.60281" lon="-117.77536">
        <ele>208.2</ele>
        <time>2026-06-06T16:12:33Z</time>
      </trkpt>
      <trkpt lat="33.6028" lon="-117.77533">
        <ele>207.02</ele>
        <time>2026-06-06T16:12:37Z</time>
      </trkpt>
      <trkpt lat="33.60279" lon="-117.7753">
        <ele>205.83</ele>
        <time>2026-06-06T16:12:41Z</time>
      </trkpt>
      <trkpt lat="33.60279" lon="-117.77526">
        <ele>204.48</ele>
        <time>2026-06-06T16:12:47Z</time>
      </trkpt>
      <trkpt lat="33.60278" lon="-117.7753">
        <ele>205.94</ele>
        <time>2026-06-06T16:12:55Z</time>
      </trkpt>
      <trkpt lat="33.60279" lon="-117.77525">
        <ele>204.27</ele>
        <time>2026-06-06T16:15:19Z</time>
      </trkpt>
      <trkpt lat="33.60274" lon="-117.77525">
        <ele>205.09</ele>
        <time>2026-06-06T16:19:27Z</time>
      </trkpt>
      <trkpt lat="33.6027" lon="-117.77524">
        <ele>205.52</ele>
        <time>2026-06-06T16:19:31Z</time>
      </trkpt>
      <trkpt lat="33.60269" lon="-117.77518">
        <ele>203.79</ele>
        <time>2026-06-06T16:19:36Z</time>
      </trkpt>
      <trkpt lat="33.60269" lon="-117.77511">
        <ele>201.6</ele>
        <time>2026-06-06T16:19:38Z</time>
      </trkpt>
      <trkpt lat="33.60269" lon="-117.77507">
        <ele>200.77</ele>
        <time>2026-06-06T16:19:40Z</time>
      </trkpt>
      <trkpt lat="33.60269" lon="-117.77504">
        <ele>200.4</ele>
        <time>2026-06-06T16:19:43Z</time>
      </trkpt>
      <trkpt lat="33.60266" lon="-117.77505">
        <ele>200.71</ele>
        <time>2026-06-06T16:19:51Z</time>
      </trkpt>
      <trkpt lat="33.60263" lon="-117.77503">
        <ele>200.31</ele>
        <time>2026-06-06T16:19:56Z</time>
      </trkpt>
      <trkpt lat="33.60261" lon="-117.77501">
        <ele>199.56</ele>
        <time>2026-06-06T16:20:00Z</time>
      </trkpt>
      <trkpt lat="33.6026" lon="-117.77497">
        <ele>198.43</ele>
        <time>2026-06-06T16:20:04Z</time>
      </trkpt>
      <trkpt lat="33.60259" lon="-117.77493">
        <ele>197.52</ele>
        <time>2026-06-06T16:20:08Z</time>
      </trkpt>
      <trkpt lat="33.60257" lon="-117.7749">
        <ele>197.12</ele>
        <time>2026-06-06T16:20:12Z</time>
      </trkpt>
      <trkpt lat="33.60254" lon="-117.77488">
        <ele>196.94</ele>
        <time>2026-06-06T16:20:16Z</time>
      </trkpt>
      <trkpt lat="33.60252" lon="-117.77486">
        <ele>196.47</ele>
        <time>2026-06-06T16:20:20Z</time>
      </trkpt>
      <trkpt lat="33.6025" lon="-117.77483">
        <ele>195.49</ele>
        <time>2026-06-06T16:20:24Z</time>
      </trkpt>
      <trkpt lat="33.60249" lon="-117.7748">
        <ele>194.81</ele>
        <time>2026-06-06T16:20:28Z</time>
      </trkpt>
      <trkpt lat="33.60247" lon="-117.77477">
        <ele>194.2</ele>
        <time>2026-06-06T16:20:32Z</time>
      </trkpt>
      <trkpt lat="33.60245" lon="-117.77474">
        <ele>193.32</ele>
        <time>2026-06-06T16:20:36Z</time>
      </trkpt>
      <trkpt lat="33.60243" lon="-117.77472">
        <ele>192.48</ele>
        <time>2026-06-06T16:20:41Z</time>
      </trkpt>
      <trkpt lat="33.6024" lon="-117.77471">
        <ele>192.05</ele>
        <time>2026-06-06T16:20:46Z</time>
      </trkpt>
      <trkpt lat="33.60237" lon="-117.77469">
        <ele>191.98</ele>
        <time>2026-06-06T16:20:50Z</time>
      </trkpt>
      <trkpt lat="33.60234" lon="-117.77467">
        <ele>191.5</ele>
        <time>2026-06-06T16:20:53Z</time>
      </trkpt>
      <trkpt lat="33.60231" lon="-117.77466">
        <ele>191.04</ele>
        <time>2026-06-06T16:20:55Z</time>
      </trkpt>
      <trkpt lat="33.60229" lon="-117.77463">
        <ele>190.28</ele>
        <time>2026-06-06T16:20:58Z</time>
      </trkpt>
      <trkpt lat="33.60227" lon="-117.7746">
        <ele>190.02</ele>
        <time>2026-06-06T16:21:02Z</time>
      </trkpt>
      <trkpt lat="33.60226" lon="-117.77456">
        <ele>189.26</ele>
        <time>2026-06-06T16:21:05Z</time>
      </trkpt>
      <trkpt lat="33.60224" lon="-117.77454">
        <ele>188.46</ele>
        <time>2026-06-06T16:21:08Z</time>
      </trkpt>
      <trkpt lat="33.60222" lon="-117.77452">
        <ele>188.02</ele>
        <time>2026-06-06T16:21:11Z</time>
      </trkpt>
      <trkpt lat="33.60219" lon="-117.77451">
        <ele>188.25</ele>
        <time>2026-06-06T16:21:15Z</time>
      </trkpt>
      <trkpt lat="33.60216" lon="-117.77449">
        <ele>188.33</ele>
        <time>2026-06-06T16:21:19Z</time>
      </trkpt>
      <trkpt lat="33.60213" lon="-117.77447">
        <ele>188.27</ele>
        <time>2026-06-06T16:21:22Z</time>
      </trkpt>
      <trkpt lat="33.6021" lon="-117.77445">
        <ele>187.76</ele>
        <time>2026-06-06T16:21:25Z</time>
      </trkpt>
      <trkpt lat="33.60208" lon="-117.77443">
        <ele>187.24</ele>
        <time>2026-06-06T16:21:27Z</time>
      </trkpt>
      <trkpt lat="33.60204" lon="-117.77441">
        <ele>186.65</ele>
        <time>2026-06-06T16:21:30Z</time>
      </trkpt>
      <trkpt lat="33.60201" lon="-117.7744">
        <ele>186.52</ele>
        <time>2026-06-06T16:21:33Z</time>
      </trkpt>
      <trkpt lat="33.60198" lon="-117.77439">
        <ele>186.41</ele>
        <time>2026-06-06T16:21:36Z</time>
      </trkpt>
      <trkpt lat="33.60195" lon="-117.77438">
        <ele>186.3</ele>
        <time>2026-06-06T16:21:39Z</time>
      </trkpt>
      <trkpt lat="33.60191" lon="-117.77438">
        <ele>186.19</ele>
        <time>2026-06-06T16:21:42Z</time>
      </trkpt>
      <trkpt lat="33.60188" lon="-117.77438">
        <ele>186.09</ele>
        <time>2026-06-06T16:21:45Z</time>
      </trkpt>
      <trkpt lat="33.60185" lon="-117.77437">
        <ele>185.98</ele>
        <time>2026-06-06T16:21:48Z</time>
      </trkpt>
      <trkpt lat="33.60181" lon="-117.77437">
        <ele>185.64</ele>
        <time>2026-06-06T16:21:51Z</time>
      </trkpt>
      <trkpt lat="33.60178" lon="-117.77437">
        <ele>185.38</ele>
        <time>2026-06-06T16:21:54Z</time>
      </trkpt>
      <trkpt lat="33.60174" lon="-117.77436">
        <ele>184.88</ele>
        <time>2026-06-06T16:21:57Z</time>
      </trkpt>
      <trkpt lat="33.60171" lon="-117.77436">
        <ele>184.56</ele>
        <time>2026-06-06T16:22:00Z</time>
      </trkpt>
      <trkpt lat="33.60167" lon="-117.77435">
        <ele>184.02</ele>
        <time>2026-06-06T16:22:03Z</time>
      </trkpt>
      <trkpt lat="33.60163" lon="-117.77435">
        <ele>183.97</ele>
        <time>2026-06-06T16:22:06Z</time>
      </trkpt>
      <trkpt lat="33.6016" lon="-117.77435">
        <ele>183.97</ele>
        <time>2026-06-06T16:22:09Z</time>
      </trkpt>
      <trkpt lat="33.60156" lon="-117.77434">
        <ele>183.76</ele>
        <time>2026-06-06T16:22:12Z</time>
      </trkpt>
      <trkpt lat="33.60152" lon="-117.77434">
        <ele>183.82</ele>
        <time>2026-06-06T16:22:15Z</time>
      </trkpt>
      <trkpt lat="33.60149" lon="-117.77434">
        <ele>183.86</ele>
        <time>2026-06-06T16:22:18Z</time>
      </trkpt>
      <trkpt lat="33.60151" lon="-117.77433">
        <ele>183.69</ele>
        <time>2026-06-06T16:22:33Z</time>
      </trkpt>
      <trkpt lat="33.60152" lon="-117.77436">
        <ele>184.09</ele>
        <time>2026-06-06T16:22:38Z</time>
      </trkpt>
      <trkpt lat="33.60149" lon="-117.77438">
        <ele>184.3</ele>
        <time>2026-06-06T16:22:44Z</time>
      </trkpt>
      <trkpt lat="33.60146" lon="-117.77439">
        <ele>184.41</ele>
        <time>2026-06-06T16:22:49Z</time>
      </trkpt>
      <trkpt lat="33.60143" lon="-117.77439">
        <ele>184.41</ele>
        <time>2026-06-06T16:22:52Z</time>
      </trkpt>
      <trkpt lat="33.6014" lon="-117.77438">
        <ele>184.3</ele>
        <time>2026-06-06T16:22:54Z</time>
      </trkpt>
      <trkpt lat="33.60137" lon="-117.77435">
        <ele>183.76</ele>
        <time>2026-06-06T16:22:56Z</time>
      </trkpt>
      <trkpt lat="33.60136" lon="-117.77432">
        <ele>183.11</ele>
        <time>2026-06-06T16:22:58Z</time>
      </trkpt>
      <trkpt lat="33.60134" lon="-117.77429">
        <ele>182.49</ele>
        <time>2026-06-06T16:23:01Z</time>
      </trkpt>
      <trkpt lat="33.60131" lon="-117.77428">
        <ele>182.26</ele>
        <time>2026-06-06T16:23:05Z</time>
      </trkpt>
      <trkpt lat="33.60128" lon="-117.7743">
        <ele>182.26</ele>
        <time>2026-06-06T16:23:09Z</time>
      </trkpt>
      <trkpt lat="33.60125" lon="-117.77432">
        <ele>182.16</ele>
        <time>2026-06-06T16:23:12Z</time>
      </trkpt>
      <trkpt lat="33.60122" lon="-117.77432">
        <ele>181.83</ele>
        <time>2026-06-06T16:23:15Z</time>
      </trkpt>
      <trkpt lat="33.6012" lon="-117.7743">
        <ele>181.38</ele>
        <time>2026-06-06T16:23:17Z</time>
      </trkpt>
      <trkpt lat="33.60118" lon="-117.77426">
        <ele>180.75</ele>
        <time>2026-06-06T16:23:20Z</time>
      </trkpt>
      <trkpt lat="33.60118" lon="-117.77421">
        <ele>180.74</ele>
        <time>2026-06-06T16:23:23Z</time>
      </trkpt>
      <trkpt lat="33.60118" lon="-117.77418">
        <ele>180.74</ele>
        <time>2026-06-06T16:23:25Z</time>
      </trkpt>
      <trkpt lat="33.6012" lon="-117.77414">
        <ele>180.67</ele>
        <time>2026-06-06T16:23:28Z</time>
      </trkpt>
      <trkpt lat="33.60123" lon="-117.77411">
        <ele>180.39</ele>
        <time>2026-06-06T16:23:31Z</time>
      </trkpt>
      <trkpt lat="33.60126" lon="-117.77408">
        <ele>180.06</ele>
        <time>2026-06-06T16:23:34Z</time>
      </trkpt>
      <trkpt lat="33.60128" lon="-117.77405">
        <ele>179.74</ele>
        <time>2026-06-06T16:23:37Z</time>
      </trkpt>
      <trkpt lat="33.6013" lon="-117.77402">
        <ele>179.42</ele>
        <time>2026-06-06T16:23:40Z</time>
      </trkpt>
      <trkpt lat="33.6013" lon="-117.77399">
        <ele>179.09</ele>
        <time>2026-06-06T16:23:43Z</time>
      </trkpt>
      <trkpt lat="33.6013" lon="-117.77395">
        <ele>178.66</ele>
        <time>2026-06-06T16:23:46Z</time>
      </trkpt>
      <trkpt lat="33.60129" lon="-117.77392">
        <ele>178.34</ele>
        <time>2026-06-06T16:23:49Z</time>
      </trkpt>
      <trkpt lat="33.60126" lon="-117.77388">
        <ele>177.96</ele>
        <time>2026-06-06T16:23:52Z</time>
      </trkpt>
      <trkpt lat="33.60124" lon="-117.77385">
        <ele>177.74</ele>
        <time>2026-06-06T16:23:55Z</time>
      </trkpt>
      <trkpt lat="33.60124" lon="-117.77382">
        <ele>177.55</ele>
        <time>2026-06-06T16:23:58Z</time>
      </trkpt>
      <trkpt lat="33.60126" lon="-117.77379">
        <ele>177.45</ele>
        <time>2026-06-06T16:24:01Z</time>
      </trkpt>
      <trkpt lat="33.60129" lon="-117.77377">
        <ele>177.34</ele>
        <time>2026-06-06T16:24:04Z</time>
      </trkpt>
      <trkpt lat="33.60129" lon="-117.77374">
        <ele>176.67</ele>
        <time>2026-06-06T16:24:08Z</time>
      </trkpt>
      <trkpt lat="33.60126" lon="-117.77371">
        <ele>175.38</ele>
        <time>2026-06-06T16:24:12Z</time>
      </trkpt>
      <trkpt lat="33.60124" lon="-117.77369">
        <ele>174.58</ele>
        <time>2026-06-06T16:24:15Z</time>
      </trkpt>
      <trkpt lat="33.60124" lon="-117.77366">
        <ele>174.13</ele>
        <time>2026-06-06T16:24:18Z</time>
      </trkpt>
      <trkpt lat="33.60127" lon="-117.77363">
        <ele>174.07</ele>
        <time>2026-06-06T16:24:21Z</time>
      </trkpt>
      <trkpt lat="33.60131" lon="-117.77361">
        <ele>174.12</ele>
        <time>2026-06-06T16:24:24Z</time>
      </trkpt>
      <trkpt lat="33.60134" lon="-117.77362">
        <ele>174.66</ele>
        <time>2026-06-06T16:24:27Z</time>
      </trkpt>
      <trkpt lat="33.60137" lon="-117.77363">
        <ele>175.2</ele>
        <time>2026-06-06T16:24:29Z</time>
      </trkpt>
      <trkpt lat="33.60141" lon="-117.77362">
        <ele>175.17</ele>
        <time>2026-06-06T16:24:32Z</time>
      </trkpt>
      <trkpt lat="33.60143" lon="-117.77361">
        <ele>174.98</ele>
        <time>2026-06-06T16:24:35Z</time>
      </trkpt>
      <trkpt lat="33.60143" lon="-117.77357">
        <ele>174.11</ele>
        <time>2026-06-06T16:24:38Z</time>
      </trkpt>
      <trkpt lat="33.60142" lon="-117.77354">
        <ele>173.46</ele>
        <time>2026-06-06T16:24:42Z</time>
      </trkpt>
      <trkpt lat="33.60142" lon="-117.7735">
        <ele>172.67</ele>
        <time>2026-06-06T16:24:46Z</time>
      </trkpt>
      <trkpt lat="33.60143" lon="-117.77347">
        <ele>172.18</ele>
        <time>2026-06-06T16:24:49Z</time>
      </trkpt>
      <trkpt lat="33.60145" lon="-117.77344">
        <ele>171.86</ele>
        <time>2026-06-06T16:24:53Z</time>
      </trkpt>
      <trkpt lat="33.60147" lon="-117.7734">
        <ele>171.32</ele>
        <time>2026-06-06T16:25:33Z</time>
      </trkpt>
      <trkpt lat="33.60147" lon="-117.77336">
        <ele>170.45</ele>
        <time>2026-06-06T16:25:36Z</time>
      </trkpt>
      <trkpt lat="33.60148" lon="-117.77332">
        <ele>169.98</ele>
        <time>2026-06-06T16:25:39Z</time>
      </trkpt>
      <trkpt lat="33.60148" lon="-117.77329">
        <ele>169.98</ele>
        <time>2026-06-06T16:25:43Z</time>
      </trkpt>
      <trkpt lat="33.60146" lon="-117.77327">
        <ele>169.61</ele>
        <time>2026-06-06T16:25:47Z</time>
      </trkpt>
      <trkpt lat="33.60142" lon="-117.77326">
        <ele>168.81</ele>
        <time>2026-06-06T16:25:50Z</time>
      </trkpt>
      <trkpt lat="33.60139" lon="-117.77326">
        <ele>168.23</ele>
        <time>2026-06-06T16:25:52Z</time>
      </trkpt>
      <trkpt lat="33.60136" lon="-117.77324">
        <ele>167.68</ele>
        <time>2026-06-06T16:25:56Z</time>
      </trkpt>
      <trkpt lat="33.60136" lon="-117.77321">
        <ele>167.48</ele>
        <time>2026-06-06T16:26:00Z</time>
      </trkpt>
      <trkpt lat="33.60139" lon="-117.77318">
        <ele>168.02</ele>
        <time>2026-06-06T16:26:03Z</time>
      </trkpt>
      <trkpt lat="33.60141" lon="-117.77312">
        <ele>168.09</ele>
        <time>2026-06-06T16:26:06Z</time>
      </trkpt>
      <trkpt lat="33.60141" lon="-117.77307">
        <ele>167.84</ele>
        <time>2026-06-06T16:26:08Z</time>
      </trkpt>
      <trkpt lat="33.60142" lon="-117.77303">
        <ele>166.93</ele>
        <time>2026-06-06T16:26:10Z</time>
      </trkpt>
      <trkpt lat="33.60144" lon="-117.77302">
        <ele>166.51</ele>
        <time>2026-06-06T16:26:15Z</time>
      </trkpt>
      <trkpt lat="33.60146" lon="-117.77299">
        <ele>165.65</ele>
        <time>2026-06-06T16:26:24Z</time>
      </trkpt>
      <trkpt lat="33.60146" lon="-117.77296">
        <ele>164.92</ele>
        <time>2026-06-06T16:26:28Z</time>
      </trkpt>
      <trkpt lat="33.60146" lon="-117.77292">
        <ele>163.86</ele>
        <time>2026-06-06T16:26:34Z</time>
      </trkpt>
      <trkpt lat="33.60143" lon="-117.7729">
        <ele>162.88</ele>
        <time>2026-06-06T16:26:39Z</time>
      </trkpt>
      <trkpt lat="33.6014" lon="-117.77292">
        <ele>163.26</ele>
        <time>2026-06-06T16:26:44Z</time>
      </trkpt>
      <trkpt lat="33.60137" lon="-117.77292">
        <ele>162.83</ele>
        <time>2026-06-06T16:26:48Z</time>
      </trkpt>
      <trkpt lat="33.60138" lon="-117.77288">
        <ele>161.31</ele>
        <time>2026-06-06T16:26:53Z</time>
      </trkpt>
      <trkpt lat="33.6014" lon="-117.77287">
        <ele>161.22</ele>
        <time>2026-06-06T16:26:56Z</time>
      </trkpt>
      <trkpt lat="33.60142" lon="-117.77284">
        <ele>160.36</ele>
        <time>2026-06-06T16:27:02Z</time>
      </trkpt>
      <trkpt lat="33.60142" lon="-117.77281">
        <ele>159.06</ele>
        <time>2026-06-06T16:27:11Z</time>
      </trkpt>
      <trkpt lat="33.60143" lon="-117.77278">
        <ele>157.98</ele>
        <time>2026-06-06T16:27:19Z</time>
      </trkpt>
      <trkpt lat="33.60145" lon="-117.77275">
        <ele>157.72</ele>
        <time>2026-06-06T16:27:24Z</time>
      </trkpt>
      <trkpt lat="33.60148" lon="-117.77272">
        <ele>157.72</ele>
        <time>2026-06-06T16:27:29Z</time>
      </trkpt>
      <trkpt lat="33.6015" lon="-117.77271">
        <ele>157.59</ele>
        <time>2026-06-06T16:27:33Z</time>
      </trkpt>
      <trkpt lat="33.60153" lon="-117.77268">
        <ele>156.83</ele>
        <time>2026-06-06T16:27:39Z</time>
      </trkpt>
      <trkpt lat="33.60155" lon="-117.77266">
        <ele>156.18</ele>
        <time>2026-06-06T16:27:45Z</time>
      </trkpt>
      <trkpt lat="33.60153" lon="-117.77264">
        <ele>155.54</ele>
        <time>2026-06-06T16:27:49Z</time>
      </trkpt>
      <trkpt lat="33.60149" lon="-117.77263">
        <ele>155.21</ele>
        <time>2026-06-06T16:27:52Z</time>
      </trkpt>
      <trkpt lat="33.60146" lon="-117.77263">
        <ele>154.75</ele>
        <time>2026-06-06T16:27:55Z</time>
      </trkpt>
      <trkpt lat="33.60144" lon="-117.77265">
        <ele>154.96</ele>
        <time>2026-06-06T16:27:57Z</time>
      </trkpt>
      <trkpt lat="33.60143" lon="-117.77269">
        <ele>155.99</ele>
        <time>2026-06-06T16:27:59Z</time>
      </trkpt>
      <trkpt lat="33.60141" lon="-117.77272">
        <ele>156.21</ele>
        <time>2026-06-06T16:28:02Z</time>
      </trkpt>
      <trkpt lat="33.60138" lon="-117.77273">
        <ele>155.82</ele>
        <time>2026-06-06T16:28:05Z</time>
      </trkpt>
      <trkpt lat="33.60135" lon="-117.77274">
        <ele>155.59</ele>
        <time>2026-06-06T16:28:08Z</time>
      </trkpt>
      <trkpt lat="33.60133" lon="-117.77276">
        <ele>155.86</ele>
        <time>2026-06-06T16:28:11Z</time>
      </trkpt>
      <trkpt lat="33.60129" lon="-117.77277">
        <ele>155.61</ele>
        <time>2026-06-06T16:28:15Z</time>
      </trkpt>
      <trkpt lat="33.60126" lon="-117.77278">
        <ele>155.3</ele>
        <time>2026-06-06T16:28:19Z</time>
      </trkpt>
      <trkpt lat="33.60123" lon="-117.77278">
        <ele>154.65</ele>
        <time>2026-06-06T16:28:23Z</time>
      </trkpt>
      <trkpt lat="33.60123" lon="-117.77274">
        <ele>153.34</ele>
        <time>2026-06-06T16:28:28Z</time>
      </trkpt>
      <trkpt lat="33.60124" lon="-117.77271">
        <ele>152.59</ele>
        <time>2026-06-06T16:28:31Z</time>
      </trkpt>
      <trkpt lat="33.60125" lon="-117.77268">
        <ele>151.8</ele>
        <time>2026-06-06T16:28:34Z</time>
      </trkpt>
      <trkpt lat="33.60128" lon="-117.77265">
        <ele>151.19</ele>
        <time>2026-06-06T16:28:37Z</time>
      </trkpt>
      <trkpt lat="33.60131" lon="-117.77263">
        <ele>151.0</ele>
        <time>2026-06-06T16:28:40Z</time>
      </trkpt>
      <trkpt lat="33.60133" lon="-117.77261">
        <ele>150.78</ele>
        <time>2026-06-06T16:28:42Z</time>
      </trkpt>
      <trkpt lat="33.60136" lon="-117.77259">
        <ele>150.96</ele>
        <time>2026-06-06T16:28:45Z</time>
      </trkpt>
      <trkpt lat="33.60139" lon="-117.77257">
        <ele>151.05</ele>
        <time>2026-06-06T16:28:48Z</time>
      </trkpt>
      <trkpt lat="33.60141" lon="-117.77255">
        <ele>150.62</ele>
        <time>2026-06-06T16:28:51Z</time>
      </trkpt>
      <trkpt lat="33.60144" lon="-117.77252">
        <ele>149.97</ele>
        <time>2026-06-06T16:28:55Z</time>
      </trkpt>
      <trkpt lat="33.60146" lon="-117.7725">
        <ele>149.54</ele>
        <time>2026-06-06T16:28:59Z</time>
      </trkpt>
      <trkpt lat="33.60149" lon="-117.77248">
        <ele>149.23</ele>
        <time>2026-06-06T16:29:02Z</time>
      </trkpt>
      <trkpt lat="33.60151" lon="-117.77247">
        <ele>149.01</ele>
        <time>2026-06-06T16:29:05Z</time>
      </trkpt>
      <trkpt lat="33.60154" lon="-117.77247">
        <ele>149.34</ele>
        <time>2026-06-06T16:29:08Z</time>
      </trkpt>
      <trkpt lat="33.60157" lon="-117.77247">
        <ele>149.66</ele>
        <time>2026-06-06T16:29:11Z</time>
      </trkpt>
      <trkpt lat="33.6016" lon="-117.77247">
        <ele>149.42</ele>
        <time>2026-06-06T16:29:14Z</time>
      </trkpt>
      <trkpt lat="33.60163" lon="-117.77247">
        <ele>149.1</ele>
        <time>2026-06-06T16:29:17Z</time>
      </trkpt>
      <trkpt lat="33.60166" lon="-117.77249">
        <ele>149.64</ele>
        <time>2026-06-06T16:29:20Z</time>
      </trkpt>
      <trkpt lat="33.60169" lon="-117.77252">
        <ele>149.84</ele>
        <time>2026-06-06T16:29:23Z</time>
      </trkpt>
      <trkpt lat="33.60171" lon="-117.77255">
        <ele>149.96</ele>
        <time>2026-06-06T16:29:25Z</time>
      </trkpt>
      <trkpt lat="33.60172" lon="-117.77258">
        <ele>150.37</ele>
        <time>2026-06-06T16:29:27Z</time>
      </trkpt>
      <trkpt lat="33.60174" lon="-117.77255">
        <ele>148.82</ele>
        <time>2026-06-06T16:29:35Z</time>
      </trkpt>
      <trkpt lat="33.60173" lon="-117.77252">
        <ele>148.45</ele>
        <time>2026-06-06T16:29:38Z</time>
      </trkpt>
      <trkpt lat="33.60171" lon="-117.77249">
        <ele>148.21</ele>
        <time>2026-06-06T16:29:41Z</time>
      </trkpt>
      <trkpt lat="33.6017" lon="-117.77246">
        <ele>147.35</ele>
        <time>2026-06-06T16:29:44Z</time>
      </trkpt>
      <trkpt lat="33.60168" lon="-117.77243">
        <ele>146.65</ele>
        <time>2026-06-06T16:29:48Z</time>
      </trkpt>
      <trkpt lat="33.60166" lon="-117.77241">
        <ele>146.18</ele>
        <time>2026-06-06T16:29:51Z</time>
      </trkpt>
      <trkpt lat="33.60162" lon="-117.77239">
        <ele>145.85</ele>
        <time>2026-06-06T16:29:54Z</time>
      </trkpt>
      <trkpt lat="33.60159" lon="-117.77237">
        <ele>145.55</ele>
        <time>2026-06-06T16:29:57Z</time>
      </trkpt>
      <trkpt lat="33.60156" lon="-117.77235">
        <ele>144.99</ele>
        <time>2026-06-06T16:30:00Z</time>
      </trkpt>
      <trkpt lat="33.60153" lon="-117.77233">
        <ele>144.02</ele>
        <time>2026-06-06T16:30:04Z</time>
      </trkpt>
      <trkpt lat="33.6015" lon="-117.77233">
        <ele>143.69</ele>
        <time>2026-06-06T16:30:08Z</time>
      </trkpt>
      <trkpt lat="33.60146" lon="-117.77233">
        <ele>143.26</ele>
        <time>2026-06-06T16:30:12Z</time>
      </trkpt>
      <trkpt lat="33.60143" lon="-117.77234">
        <ele>143.26</ele>
        <time>2026-06-06T16:30:15Z</time>
      </trkpt>
      <trkpt lat="33.6014" lon="-117.77235">
        <ele>143.26</ele>
        <time>2026-06-06T16:30:18Z</time>
      </trkpt>
      <trkpt lat="33.60137" lon="-117.77236">
        <ele>143.16</ele>
        <time>2026-06-06T16:30:21Z</time>
      </trkpt>
      <trkpt lat="33.60134" lon="-117.77239">
        <ele>143.48</ele>
        <time>2026-06-06T16:30:24Z</time>
      </trkpt>
      <trkpt lat="33.60131" lon="-117.77241">
        <ele>143.38</ele>
        <time>2026-06-06T16:30:27Z</time>
      </trkpt>
      <trkpt lat="33.60128" lon="-117.77243">
        <ele>143.38</ele>
        <time>2026-06-06T16:30:30Z</time>
      </trkpt>
      <trkpt lat="33.60125" lon="-117.77245">
        <ele>143.38</ele>
        <time>2026-06-06T16:30:33Z</time>
      </trkpt>
      <trkpt lat="33.60122" lon="-117.77245">
        <ele>142.73</ele>
        <time>2026-06-06T16:30:36Z</time>
      </trkpt>
      <trkpt lat="33.60119" lon="-117.77243">
        <ele>141.55</ele>
        <time>2026-06-06T16:30:39Z</time>
      </trkpt>
      <trkpt lat="33.60117" lon="-117.7724">
        <ele>140.51</ele>
        <time>2026-06-06T16:30:42Z</time>
      </trkpt>
      <trkpt lat="33.60114" lon="-117.77239">
        <ele>140.07</ele>
        <time>2026-06-06T16:30:46Z</time>
      </trkpt>
      <trkpt lat="33.60111" lon="-117.77238">
        <ele>139.69</ele>
        <time>2026-06-06T16:30:50Z</time>
      </trkpt>
      <trkpt lat="33.60108" lon="-117.77237">
        <ele>139.12</ele>
        <time>2026-06-06T16:30:57Z</time>
      </trkpt>
      <trkpt lat="33.60106" lon="-117.77236">
        <ele>138.65</ele>
        <time>2026-06-06T16:31:01Z</time>
      </trkpt>
      <trkpt lat="33.60103" lon="-117.77235">
        <ele>137.96</ele>
        <time>2026-06-06T16:31:32Z</time>
      </trkpt>
      <trkpt lat="33.60099" lon="-117.77236">
        <ele>137.67</ele>
        <time>2026-06-06T16:31:39Z</time>
      </trkpt>
      <trkpt lat="33.60095" lon="-117.77237">
        <ele>137.45</ele>
        <time>2026-06-06T16:31:43Z</time>
      </trkpt>
      <trkpt lat="33.60092" lon="-117.77237">
        <ele>137.19</ele>
        <time>2026-06-06T16:31:45Z</time>
      </trkpt>
      <trkpt lat="33.60088" lon="-117.77237">
        <ele>137.19</ele>
        <time>2026-06-06T16:31:47Z</time>
      </trkpt>
      <trkpt lat="33.60086" lon="-117.77239">
        <ele>137.62</ele>
        <time>2026-06-06T16:31:49Z</time>
      </trkpt>
      <trkpt lat="33.60084" lon="-117.77244">
        <ele>138.35</ele>
        <time>2026-06-06T16:31:51Z</time>
      </trkpt>
      <trkpt lat="33.60082" lon="-117.77249">
        <ele>138.62</ele>
        <time>2026-06-06T16:31:53Z</time>
      </trkpt>
      <trkpt lat="33.60081" lon="-117.77252">
        <ele>138.71</ele>
        <time>2026-06-06T16:31:55Z</time>
      </trkpt>
      <trkpt lat="33.60078" lon="-117.77254">
        <ele>138.28</ele>
        <time>2026-06-06T16:31:58Z</time>
      </trkpt>
      <trkpt lat="33.60076" lon="-117.77255">
        <ele>137.96</ele>
        <time>2026-06-06T16:32:01Z</time>
      </trkpt>
      <trkpt lat="33.60074" lon="-117.77257">
        <ele>137.75</ele>
        <time>2026-06-06T16:32:04Z</time>
      </trkpt>
      <trkpt lat="33.60071" lon="-117.7726">
        <ele>137.83</ele>
        <time>2026-06-06T16:32:08Z</time>
      </trkpt>
      <trkpt lat="33.60069" lon="-117.77262">
        <ele>138.04</ele>
        <time>2026-06-06T16:32:12Z</time>
      </trkpt>
      <trkpt lat="33.60067" lon="-117.77264">
        <ele>138.26</ele>
        <time>2026-06-06T16:32:15Z</time>
      </trkpt>
      <trkpt lat="33.60064" lon="-117.77265">
        <ele>138.1</ele>
        <time>2026-06-06T16:32:19Z</time>
      </trkpt>
      <trkpt lat="33.60061" lon="-117.77263">
        <ele>137.23</ele>
        <time>2026-06-06T16:32:23Z</time>
      </trkpt>
      <trkpt lat="33.60059" lon="-117.77261">
        <ele>136.63</ele>
        <time>2026-06-06T16:32:26Z</time>
      </trkpt>
      <trkpt lat="33.60059" lon="-117.77257">
        <ele>136.13</ele>
        <time>2026-06-06T16:32:30Z</time>
      </trkpt>
      <trkpt lat="33.6006" lon="-117.77254">
        <ele>135.91</ele>
        <time>2026-06-06T16:32:33Z</time>
      </trkpt>
      <trkpt lat="33.60062" lon="-117.7725">
        <ele>135.7</ele>
        <time>2026-06-06T16:32:36Z</time>
      </trkpt>
      <trkpt lat="33.60063" lon="-117.77247">
        <ele>135.48</ele>
        <time>2026-06-06T16:32:38Z</time>
      </trkpt>
      <trkpt lat="33.60064" lon="-117.77243">
        <ele>135.16</ele>
        <time>2026-06-06T16:32:40Z</time>
      </trkpt>
      <trkpt lat="33.60065" lon="-117.77239">
        <ele>134.66</ele>
        <time>2026-06-06T16:32:42Z</time>
      </trkpt>
      <trkpt lat="33.60066" lon="-117.77236">
        <ele>134.23</ele>
        <time>2026-06-06T16:32:44Z</time>
      </trkpt>
      <trkpt lat="33.60067" lon="-117.77233">
        <ele>133.8</ele>
        <time>2026-06-06T16:32:46Z</time>
      </trkpt>
      <trkpt lat="33.60069" lon="-117.77229">
        <ele>133.76</ele>
        <time>2026-06-06T16:32:49Z</time>
      </trkpt>
      <trkpt lat="33.6007" lon="-117.77225">
        <ele>133.81</ele>
        <time>2026-06-06T16:32:52Z</time>
      </trkpt>
      <trkpt lat="33.60072" lon="-117.7722">
        <ele>134.14</ele>
        <time>2026-06-06T16:32:55Z</time>
      </trkpt>
      <trkpt lat="33.60074" lon="-117.77216">
        <ele>134.31</ele>
        <time>2026-06-06T16:32:58Z</time>
      </trkpt>
      <trkpt lat="33.60076" lon="-117.77213">
        <ele>134.0</ele>
        <time>2026-06-06T16:33:01Z</time>
      </trkpt>
      <trkpt lat="33.60078" lon="-117.7721">
        <ele>133.68</ele>
        <time>2026-06-06T16:33:04Z</time>
      </trkpt>
      <trkpt lat="33.6008" lon="-117.77206">
        <ele>133.25</ele>
        <time>2026-06-06T16:33:07Z</time>
      </trkpt>
      <trkpt lat="33.60082" lon="-117.77202">
        <ele>133.0</ele>
        <time>2026-06-06T16:33:10Z</time>
      </trkpt>
      <trkpt lat="33.60083" lon="-117.77198">
        <ele>133.0</ele>
        <time>2026-06-06T16:33:13Z</time>
      </trkpt>
      <trkpt lat="33.60085" lon="-117.77195">
        <ele>133.01</ele>
        <time>2026-06-06T16:33:16Z</time>
      </trkpt>
      <trkpt lat="33.60087" lon="-117.77191">
        <ele>133.0</ele>
        <time>2026-06-06T16:33:19Z</time>
      </trkpt>
      <trkpt lat="33.60089" lon="-117.77187">
        <ele>133.0</ele>
        <time>2026-06-06T16:33:22Z</time>
      </trkpt>
      <trkpt lat="33.6009" lon="-117.77183">
        <ele>132.83</ele>
        <time>2026-06-06T16:33:25Z</time>
      </trkpt>
      <trkpt lat="33.60092" lon="-117.7718">
        <ele>132.48</ele>
        <time>2026-06-06T16:33:28Z</time>
      </trkpt>
      <trkpt lat="33.60094" lon="-117.77176">
        <ele>132.01</ele>
        <time>2026-06-06T16:33:31Z</time>
      </trkpt>
      <trkpt lat="33.60095" lon="-117.77172">
        <ele>131.89</ele>
        <time>2026-06-06T16:33:34Z</time>
      </trkpt>
      <trkpt lat="33.60097" lon="-117.77168">
        <ele>131.59</ele>
        <time>2026-06-06T16:33:37Z</time>
      </trkpt>
      <trkpt lat="33.60099" lon="-117.77165">
        <ele>131.25</ele>
        <time>2026-06-06T16:33:40Z</time>
      </trkpt>
      <trkpt lat="33.60101" lon="-117.77161">
        <ele>131.04</ele>
        <time>2026-06-06T16:33:43Z</time>
      </trkpt>
      <trkpt lat="33.60102" lon="-117.77158">
        <ele>130.99</ele>
        <time>2026-06-06T16:33:46Z</time>
      </trkpt>
      <trkpt lat="33.60104" lon="-117.77154">
        <ele>130.49</ele>
        <time>2026-06-06T16:33:49Z</time>
      </trkpt>
      <trkpt lat="33.60106" lon="-117.77151">
        <ele>130.17</ele>
        <time>2026-06-06T16:33:52Z</time>
      </trkpt>
      <trkpt lat="33.60108" lon="-117.77149">
        <ele>130.03</ele>
        <time>2026-06-06T16:33:55Z</time>
      </trkpt>
      <trkpt lat="33.6011" lon="-117.77151">
        <ele>130.04</ele>
        <time>2026-06-06T16:34:00Z</time>
      </trkpt>
      <trkpt lat="33.60108" lon="-117.77152">
        <ele>130.14</ele>
        <time>2026-06-06T16:34:16Z</time>
      </trkpt>
      <trkpt lat="33.60108" lon="-117.77148">
        <ele>130.0</ele>
        <time>2026-06-06T16:34:25Z</time>
      </trkpt>
      <trkpt lat="33.6011" lon="-117.77144">
        <ele>130.0</ele>
        <time>2026-06-06T16:34:28Z</time>
      </trkpt>
      <trkpt lat="33.60111" lon="-117.7714">
        <ele>130.0</ele>
        <time>2026-06-06T16:34:31Z</time>
      </trkpt>
      <trkpt lat="33.60113" lon="-117.77136">
        <ele>129.55</ele>
        <time>2026-06-06T16:34:34Z</time>
      </trkpt>
      <trkpt lat="33.60114" lon="-117.77133">
        <ele>129.25</ele>
        <time>2026-06-06T16:34:37Z</time>
      </trkpt>
      <trkpt lat="33.60116" lon="-117.77129">
        <ele>128.96</ele>
        <time>2026-06-06T16:34:40Z</time>
      </trkpt>
      <trkpt lat="33.60117" lon="-117.77125">
        <ele>128.68</ele>
        <time>2026-06-06T16:34:43Z</time>
      </trkpt>
      <trkpt lat="33.60118" lon="-117.7712">
        <ele>128.25</ele>
        <time>2026-06-06T16:34:46Z</time>
      </trkpt>
      <trkpt lat="33.60119" lon="-117.77116">
        <ele>128.08</ele>
        <time>2026-06-06T16:34:49Z</time>
      </trkpt>
      <trkpt lat="33.60119" lon="-117.77111">
        <ele>128.0</ele>
        <time>2026-06-06T16:34:52Z</time>
      </trkpt>
      <trkpt lat="33.6012" lon="-117.77107">
        <ele>128.0</ele>
        <time>2026-06-06T16:34:55Z</time>
      </trkpt>
      <trkpt lat="33.60121" lon="-117.77102">
        <ele>128.0</ele>
        <time>2026-06-06T16:34:58Z</time>
      </trkpt>
      <trkpt lat="33.60121" lon="-117.77098">
        <ele>127.58</ele>
        <time>2026-06-06T16:35:01Z</time>
      </trkpt>
      <trkpt lat="33.60122" lon="-117.77093">
        <ele>127.04</ele>
        <time>2026-06-06T16:35:04Z</time>
      </trkpt>
      <trkpt lat="33.60122" lon="-117.77089">
        <ele>127.0</ele>
        <time>2026-06-06T16:35:07Z</time>
      </trkpt>
      <trkpt lat="33.6012" lon="-117.77085">
        <ele>127.01</ele>
        <time>2026-06-06T16:35:10Z</time>
      </trkpt>
      <trkpt lat="33.6012" lon="-117.77081">
        <ele>127.0</ele>
        <time>2026-06-06T16:35:13Z</time>
      </trkpt>
      <trkpt lat="33.60119" lon="-117.77077">
        <ele>127.0</ele>
        <time>2026-06-06T16:35:16Z</time>
      </trkpt>
      <trkpt lat="33.60119" lon="-117.77072">
        <ele>126.78</ele>
        <time>2026-06-06T16:35:19Z</time>
      </trkpt>
      <trkpt lat="33.60119" lon="-117.77068">
        <ele>126.34</ele>
        <time>2026-06-06T16:35:22Z</time>
      </trkpt>
      <trkpt lat="33.60118" lon="-117.77064">
        <ele>125.93</ele>
        <time>2026-06-06T16:35:25Z</time>
      </trkpt>
      <trkpt lat="33.60118" lon="-117.7706">
        <ele>125.61</ele>
        <time>2026-06-06T16:35:28Z</time>
      </trkpt>
      <trkpt lat="33.60117" lon="-117.77056">
        <ele>125.39</ele>
        <time>2026-06-06T16:35:31Z</time>
      </trkpt>
      <trkpt lat="33.60116" lon="-117.77051">
        <ele>125.24</ele>
        <time>2026-06-06T16:35:34Z</time>
      </trkpt>
      <trkpt lat="33.60114" lon="-117.77047">
        <ele>125.05</ele>
        <time>2026-06-06T16:35:37Z</time>
      </trkpt>
      <trkpt lat="33.60113" lon="-117.77043">
        <ele>124.72</ele>
        <time>2026-06-06T16:35:40Z</time>
      </trkpt>
      <trkpt lat="33.60113" lon="-117.77039">
        <ele>124.37</ele>
        <time>2026-06-06T16:35:43Z</time>
      </trkpt>
      <trkpt lat="33.60112" lon="-117.77035">
        <ele>123.9</ele>
        <time>2026-06-06T16:35:46Z</time>
      </trkpt>
      <trkpt lat="33.60111" lon="-117.77032">
        <ele>123.46</ele>
        <time>2026-06-06T16:35:49Z</time>
      </trkpt>
      <trkpt lat="33.6011" lon="-117.77028">
        <ele>123.02</ele>
        <time>2026-06-06T16:35:52Z</time>
      </trkpt>
      <trkpt lat="33.60109" lon="-117.77024">
        <ele>122.69</ele>
        <time>2026-06-06T16:35:55Z</time>
      </trkpt>
      <trkpt lat="33.60109" lon="-117.7702">
        <ele>122.35</ele>
        <time>2026-06-06T16:35:58Z</time>
      </trkpt>
      <trkpt lat="33.60108" lon="-117.77016">
        <ele>122.61</ele>
        <time>2026-06-06T16:36:01Z</time>
      </trkpt>
      <trkpt lat="33.60107" lon="-117.77013">
        <ele>123.04</ele>
        <time>2026-06-06T16:36:04Z</time>
      </trkpt>
      <trkpt lat="33.60105" lon="-117.77009">
        <ele>123.66</ele>
        <time>2026-06-06T16:36:07Z</time>
      </trkpt>
      <trkpt lat="33.60104" lon="-117.77005">
        <ele>123.77</ele>
        <time>2026-06-06T16:36:10Z</time>
      </trkpt>
      <trkpt lat="33.60103" lon="-117.77">
        <ele>123.88</ele>
        <time>2026-06-06T16:36:13Z</time>
      </trkpt>
      <trkpt lat="33.60102" lon="-117.76996">
        <ele>123.98</ele>
        <time>2026-06-06T16:36:16Z</time>
      </trkpt>
      <trkpt lat="33.60101" lon="-117.76992">
        <ele>124.26</ele>
        <time>2026-06-06T16:36:19Z</time>
      </trkpt>
      <trkpt lat="33.601" lon="-117.76989">
        <ele>124.75</ele>
        <time>2026-06-06T16:36:22Z</time>
      </trkpt>
      <trkpt lat="33.60099" lon="-117.76985">
        <ele>125.35</ele>
        <time>2026-06-06T16:36:25Z</time>
      </trkpt>
      <trkpt lat="33.60098" lon="-117.76981">
        <ele>125.86</ele>
        <time>2026-06-06T16:36:28Z</time>
      </trkpt>
      <trkpt lat="33.60097" lon="-117.76978">
        <ele>126.23</ele>
        <time>2026-06-06T16:36:31Z</time>
      </trkpt>
      <trkpt lat="33.60094" lon="-117.76975">
        <ele>126.8</ele>
        <time>2026-06-06T16:36:38Z</time>
      </trkpt>
      <trkpt lat="33.60093" lon="-117.76972">
        <ele>126.96</ele>
        <time>2026-06-06T16:36:42Z</time>
      </trkpt>
      <trkpt lat="33.6009" lon="-117.76968">
        <ele>127.28</ele>
        <time>2026-06-06T16:36:45Z</time>
      </trkpt>
      <trkpt lat="33.60088" lon="-117.76966">
        <ele>127.5</ele>
        <time>2026-06-06T16:36:47Z</time>
      </trkpt>
      <trkpt lat="33.60086" lon="-117.76963">
        <ele>127.71</ele>
        <time>2026-06-06T16:36:50Z</time>
      </trkpt>
      <trkpt lat="33.60084" lon="-117.7696">
        <ele>127.61</ele>
        <time>2026-06-06T16:36:53Z</time>
      </trkpt>
      <trkpt lat="33.60082" lon="-117.76957">
        <ele>127.5</ele>
        <time>2026-06-06T16:36:56Z</time>
      </trkpt>
      <trkpt lat="33.6008" lon="-117.76954">
        <ele>127.39</ele>
        <time>2026-06-06T16:36:59Z</time>
      </trkpt>
      <trkpt lat="33.60079" lon="-117.76951">
        <ele>127.47</ele>
        <time>2026-06-06T16:37:02Z</time>
      </trkpt>
      <trkpt lat="33.60078" lon="-117.76947">
        <ele>127.58</ele>
        <time>2026-06-06T16:37:05Z</time>
      </trkpt>
      <trkpt lat="33.60078" lon="-117.76943">
        <ele>127.64</ele>
        <time>2026-06-06T16:37:08Z</time>
      </trkpt>
      <trkpt lat="33.60077" lon="-117.76938">
        <ele>127.9</ele>
        <time>2026-06-06T16:37:11Z</time>
      </trkpt>
      <trkpt lat="33.60077" lon="-117.76934">
        <ele>128.0</ele>
        <time>2026-06-06T16:37:14Z</time>
      </trkpt>
      <trkpt lat="33.60076" lon="-117.7693">
        <ele>128.0</ele>
        <time>2026-06-06T16:37:17Z</time>
      </trkpt>
      <trkpt lat="33.60076" lon="-117.76927">
        <ele>128.0</ele>
        <time>2026-06-06T16:37:20Z</time>
      </trkpt>
      <trkpt lat="33.60076" lon="-117.76923">
        <ele>127.68</ele>
        <time>2026-06-06T16:37:23Z</time>
      </trkpt>
      <trkpt lat="33.60077" lon="-117.76919">
        <ele>127.25</ele>
        <time>2026-06-06T16:37:27Z</time>
      </trkpt>
      <trkpt lat="33.60077" lon="-117.76915">
        <ele>126.76</ele>
        <time>2026-06-06T16:37:31Z</time>
      </trkpt>
      <trkpt lat="33.60077" lon="-117.76912">
        <ele>126.34</ele>
        <time>2026-06-06T16:37:34Z</time>
      </trkpt>
      <trkpt lat="33.60078" lon="-117.76908">
        <ele>125.67</ele>
        <time>2026-06-06T16:37:37Z</time>
      </trkpt>
      <trkpt lat="33.60078" lon="-117.76905">
        <ele>125.06</ele>
        <time>2026-06-06T16:37:40Z</time>
      </trkpt>
      <trkpt lat="33.60079" lon="-117.76901">
        <ele>124.08</ele>
        <time>2026-06-06T16:37:43Z</time>
      </trkpt>
      <trkpt lat="33.60079" lon="-117.76898">
        <ele>123.44</ele>
        <time>2026-06-06T16:37:46Z</time>
      </trkpt>
      <trkpt lat="33.60079" lon="-117.76894">
        <ele>122.81</ele>
        <time>2026-06-06T16:37:49Z</time>
      </trkpt>
      <trkpt lat="33.60079" lon="-117.76891">
        <ele>122.33</ele>
        <time>2026-06-06T16:37:52Z</time>
      </trkpt>
      <trkpt lat="33.60079" lon="-117.76888">
        <ele>121.85</ele>
        <time>2026-06-06T16:37:55Z</time>
      </trkpt>
      <trkpt lat="33.60079" lon="-117.76884">
        <ele>121.19</ele>
        <time>2026-06-06T16:37:58Z</time>
      </trkpt>
      <trkpt lat="33.60079" lon="-117.76881">
        <ele>120.69</ele>
        <time>2026-06-06T16:38:01Z</time>
      </trkpt>
      <trkpt lat="33.60079" lon="-117.76878">
        <ele>120.39</ele>
        <time>2026-06-06T16:38:04Z</time>
      </trkpt>
      <trkpt lat="33.60079" lon="-117.76874">
        <ele>120.18</ele>
        <time>2026-06-06T16:38:07Z</time>
      </trkpt>
      <trkpt lat="33.6008" lon="-117.7687">
        <ele>119.96</ele>
        <time>2026-06-06T16:38:10Z</time>
      </trkpt>
      <trkpt lat="33.6008" lon="-117.76867">
        <ele>119.64</ele>
        <time>2026-06-06T16:38:13Z</time>
      </trkpt>
      <trkpt lat="33.6008" lon="-117.76862">
        <ele>119.1</ele>
        <time>2026-06-06T16:38:16Z</time>
      </trkpt>
      <trkpt lat="33.6008" lon="-117.76859">
        <ele>119.0</ele>
        <time>2026-06-06T16:38:18Z</time>
      </trkpt>
      <trkpt lat="33.6008" lon="-117.76854">
        <ele>119.0</ele>
        <time>2026-06-06T16:38:21Z</time>
      </trkpt>
      <trkpt lat="33.6008" lon="-117.7685">
        <ele>118.87</ele>
        <time>2026-06-06T16:38:24Z</time>
      </trkpt>
      <trkpt lat="33.6008" lon="-117.76845">
        <ele>118.53</ele>
        <time>2026-06-06T16:38:27Z</time>
      </trkpt>
      <trkpt lat="33.60078" lon="-117.7684">
        <ele>118.41</ele>
        <time>2026-06-06T16:39:48Z</time>
      </trkpt>
      <trkpt lat="33.60078" lon="-117.76836">
        <ele>118.17</ele>
        <time>2026-06-06T16:39:51Z</time>
      </trkpt>
      <trkpt lat="33.60078" lon="-117.7683">
        <ele>118.0</ele>
        <time>2026-06-06T16:39:55Z</time>
      </trkpt>
      <trkpt lat="33.60078" lon="-117.76826">
        <ele>118.0</ele>
        <time>2026-06-06T16:39:58Z</time>
      </trkpt>
      <trkpt lat="33.60078" lon="-117.76822">
        <ele>118.0</ele>
        <time>2026-06-06T16:40:01Z</time>
      </trkpt>
      <trkpt lat="33.60078" lon="-117.76819">
        <ele>118.0</ele>
        <time>2026-06-06T16:40:04Z</time>
      </trkpt>
      <trkpt lat="33.60078" lon="-117.76815">
        <ele>118.0</ele>
        <time>2026-06-06T16:40:07Z</time>
      </trkpt>
      <trkpt lat="33.60078" lon="-117.76811">
        <ele>117.83</ele>
        <time>2026-06-06T16:40:10Z</time>
      </trkpt>
      <trkpt lat="33.60078" lon="-117.76807">
        <ele>117.64</ele>
        <time>2026-06-06T16:40:13Z</time>
      </trkpt>
      <trkpt lat="33.60077" lon="-117.76803">
        <ele>117.5</ele>
        <time>2026-06-06T16:40:16Z</time>
      </trkpt>
      <trkpt lat="33.60075" lon="-117.76799">
        <ele>117.26</ele>
        <time>2026-06-06T16:40:19Z</time>
      </trkpt>
      <trkpt lat="33.60073" lon="-117.76795">
        <ele>117.0</ele>
        <time>2026-06-06T16:40:22Z</time>
      </trkpt>
      <trkpt lat="33.60072" lon="-117.76792">
        <ele>117.0</ele>
        <time>2026-06-06T16:40:25Z</time>
      </trkpt>
      <trkpt lat="33.6007" lon="-117.76788">
        <ele>117.0</ele>
        <time>2026-06-06T16:40:28Z</time>
      </trkpt>
      <trkpt lat="33.60068" lon="-117.76785">
        <ele>117.0</ele>
        <time>2026-06-06T16:40:31Z</time>
      </trkpt>
      <trkpt lat="33.60065" lon="-117.76781">
        <ele>117.0</ele>
        <time>2026-06-06T16:40:34Z</time>
      </trkpt>
      <trkpt lat="33.60063" lon="-117.76778">
        <ele>117.0</ele>
        <time>2026-06-06T16:40:37Z</time>
      </trkpt>
      <trkpt lat="33.6006" lon="-117.76774">
        <ele>117.0</ele>
        <time>2026-06-06T16:40:40Z</time>
      </trkpt>
      <trkpt lat="33.60058" lon="-117.76771">
        <ele>117.0</ele>
        <time>2026-06-06T16:40:43Z</time>
      </trkpt>
      <trkpt lat="33.60055" lon="-117.76767">
        <ele>116.94</ele>
        <time>2026-06-06T16:40:46Z</time>
      </trkpt>
      <trkpt lat="33.60053" lon="-117.76763">
        <ele>116.72</ele>
        <time>2026-06-06T16:40:49Z</time>
      </trkpt>
      <trkpt lat="33.60051" lon="-117.7676">
        <ele>116.51</ele>
        <time>2026-06-06T16:40:52Z</time>
      </trkpt>
      <trkpt lat="33.60048" lon="-117.76756">
        <ele>116.18</ele>
        <time>2026-06-06T16:40:55Z</time>
      </trkpt>
      <trkpt lat="33.60046" lon="-117.76753">
        <ele>116.0</ele>
        <time>2026-06-06T16:40:58Z</time>
      </trkpt>
      <trkpt lat="33.60044" lon="-117.76749">
        <ele>116.0</ele>
        <time>2026-06-06T16:41:01Z</time>
      </trkpt>
      <trkpt lat="33.60041" lon="-117.76746">
        <ele>116.0</ele>
        <time>2026-06-06T16:41:04Z</time>
      </trkpt>
      <trkpt lat="33.60039" lon="-117.76744">
        <ele>116.0</ele>
        <time>2026-06-06T16:41:07Z</time>
      </trkpt>
      <trkpt lat="33.60037" lon="-117.76741">
        <ele>116.0</ele>
        <time>2026-06-06T16:41:10Z</time>
      </trkpt>
      <trkpt lat="33.60034" lon="-117.76737">
        <ele>115.67</ele>
        <time>2026-06-06T16:41:13Z</time>
      </trkpt>
      <trkpt lat="33.60032" lon="-117.76734">
        <ele>115.46</ele>
        <time>2026-06-06T16:41:16Z</time>
      </trkpt>
      <trkpt lat="33.6003" lon="-117.76731">
        <ele>115.24</ele>
        <time>2026-06-06T16:41:19Z</time>
      </trkpt>
      <trkpt lat="33.60028" lon="-117.76727">
        <ele>115.02</ele>
        <time>2026-06-06T16:41:22Z</time>
      </trkpt>
      <trkpt lat="33.60026" lon="-117.76724">
        <ele>115.0</ele>
        <time>2026-06-06T16:41:25Z</time>
      </trkpt>
      <trkpt lat="33.60024" lon="-117.7672">
        <ele>115.0</ele>
        <time>2026-06-06T16:41:28Z</time>
      </trkpt>
      <trkpt lat="33.60022" lon="-117.76717">
        <ele>115.0</ele>
        <time>2026-06-06T16:41:31Z</time>
      </trkpt>
      <trkpt lat="33.6002" lon="-117.76714">
        <ele>115.0</ele>
        <time>2026-06-06T16:41:34Z</time>
      </trkpt>
      <trkpt lat="33.60018" lon="-117.76711">
        <ele>114.94</ele>
        <time>2026-06-06T16:41:37Z</time>
      </trkpt>
      <trkpt lat="33.60016" lon="-117.76707">
        <ele>114.73</ele>
        <time>2026-06-06T16:41:40Z</time>
      </trkpt>
      <trkpt lat="33.60014" lon="-117.76704">
        <ele>114.51</ele>
        <time>2026-06-06T16:41:43Z</time>
      </trkpt>
      <trkpt lat="33.60011" lon="-117.76701">
        <ele>114.13</ele>
        <time>2026-06-06T16:41:46Z</time>
      </trkpt>
      <trkpt lat="33.60009" lon="-117.76698">
        <ele>114.0</ele>
        <time>2026-06-06T16:41:49Z</time>
      </trkpt>
      <trkpt lat="33.60007" lon="-117.76695">
        <ele>114.0</ele>
        <time>2026-06-06T16:41:52Z</time>
      </trkpt>
      <trkpt lat="33.60005" lon="-117.76692">
        <ele>114.0</ele>
        <time>2026-06-06T16:41:55Z</time>
      </trkpt>
      <trkpt lat="33.60003" lon="-117.76689">
        <ele>114.0</ele>
        <time>2026-06-06T16:41:58Z</time>
      </trkpt>
      <trkpt lat="33.6" lon="-117.76685">
        <ele>114.0</ele>
        <time>2026-06-06T16:42:01Z</time>
      </trkpt>
      <trkpt lat="33.59998" lon="-117.76682">
        <ele>114.0</ele>
        <time>2026-06-06T16:42:04Z</time>
      </trkpt>
      <trkpt lat="33.59996" lon="-117.76679">
        <ele>114.0</ele>
        <time>2026-06-06T16:42:07Z</time>
      </trkpt>
      <trkpt lat="33.59994" lon="-117.76676">
        <ele>114.0</ele>
        <time>2026-06-06T16:42:10Z</time>
      </trkpt>
      <trkpt lat="33.59991" lon="-117.76672">
        <ele>113.56</ele>
        <time>2026-06-06T16:42:13Z</time>
      </trkpt>
      <trkpt lat="33.59989" lon="-117.76669">
        <ele>113.2</ele>
        <time>2026-06-06T16:42:16Z</time>
      </trkpt>
      <trkpt lat="33.59987" lon="-117.76666">
        <ele>113.0</ele>
        <time>2026-06-06T16:42:19Z</time>
      </trkpt>
      <trkpt lat="33.59984" lon="-117.76662">
        <ele>113.0</ele>
        <time>2026-06-06T16:42:22Z</time>
      </trkpt>
      <trkpt lat="33.59982" lon="-117.76659">
        <ele>113.0</ele>
        <time>2026-06-06T16:42:25Z</time>
      </trkpt>
      <trkpt lat="33.5998" lon="-117.76656">
        <ele>113.0</ele>
        <time>2026-06-06T16:42:28Z</time>
      </trkpt>
      <trkpt lat="33.59978" lon="-117.76653">
        <ele>113.0</ele>
        <time>2026-06-06T16:42:31Z</time>
      </trkpt>
      <trkpt lat="33.59975" lon="-117.76649">
        <ele>113.0</ele>
        <time>2026-06-06T16:42:34Z</time>
      </trkpt>
      <trkpt lat="33.59973" lon="-117.76646">
        <ele>112.77</ele>
        <time>2026-06-06T16:42:37Z</time>
      </trkpt>
      <trkpt lat="33.59971" lon="-117.76643">
        <ele>112.39</ele>
        <time>2026-06-06T16:42:40Z</time>
      </trkpt>
      <trkpt lat="33.59969" lon="-117.76639">
        <ele>112.01</ele>
        <time>2026-06-06T16:42:43Z</time>
      </trkpt>
      <trkpt lat="33.59967" lon="-117.76636">
        <ele>112.0</ele>
        <time>2026-06-06T16:42:46Z</time>
      </trkpt>
      <trkpt lat="33.59965" lon="-117.76632">
        <ele>112.0</ele>
        <time>2026-06-06T16:42:49Z</time>
      </trkpt>
      <trkpt lat="33.59965" lon="-117.76628">
        <ele>112.0</ele>
        <time>2026-06-06T16:42:52Z</time>
      </trkpt>
      <trkpt lat="33.59964" lon="-117.76624">
        <ele>112.0</ele>
        <time>2026-06-06T16:42:55Z</time>
      </trkpt>
      <trkpt lat="33.59962" lon="-117.7662">
        <ele>112.0</ele>
        <time>2026-06-06T16:42:58Z</time>
      </trkpt>
      <trkpt lat="33.5996" lon="-117.76616">
        <ele>112.0</ele>
        <time>2026-06-06T16:43:01Z</time>
      </trkpt>
      <trkpt lat="33.59958" lon="-117.76613">
        <ele>112.0</ele>
        <time>2026-06-06T16:43:04Z</time>
      </trkpt>
      <trkpt lat="33.59957" lon="-117.76609">
        <ele>112.0</ele>
        <time>2026-06-06T16:43:07Z</time>
      </trkpt>
      <trkpt lat="33.59955" lon="-117.76606">
        <ele>112.0</ele>
        <time>2026-06-06T16:43:10Z</time>
      </trkpt>
      <trkpt lat="33.59953" lon="-117.76602">
        <ele>111.92</ele>
        <time>2026-06-06T16:43:13Z</time>
      </trkpt>
      <trkpt lat="33.59951" lon="-117.76598">
        <ele>111.41</ele>
        <time>2026-06-06T16:43:16Z</time>
      </trkpt>
      <trkpt lat="33.59949" lon="-117.76595">
        <ele>111.13</ele>
        <time>2026-06-06T16:43:19Z</time>
      </trkpt>
      <trkpt lat="33.59947" lon="-117.76591">
        <ele>111.05</ele>
        <time>2026-06-06T16:43:22Z</time>
      </trkpt>
      <trkpt lat="33.59946" lon="-117.76588">
        <ele>111.08</ele>
        <time>2026-06-06T16:43:25Z</time>
      </trkpt>
      <trkpt lat="33.59944" lon="-117.76584">
        <ele>111.0</ele>
        <time>2026-06-06T16:43:28Z</time>
      </trkpt>
      <trkpt lat="33.59943" lon="-117.7658">
        <ele>110.64</ele>
        <time>2026-06-06T16:43:31Z</time>
      </trkpt>
      <trkpt lat="33.59942" lon="-117.76576">
        <ele>110.21</ele>
        <time>2026-06-06T16:43:34Z</time>
      </trkpt>
      <trkpt lat="33.5994" lon="-117.76572">
        <ele>110.12</ele>
        <time>2026-06-06T16:43:37Z</time>
      </trkpt>
      <trkpt lat="33.59939" lon="-117.76569">
        <ele>110.23</ele>
        <time>2026-06-06T16:43:40Z</time>
      </trkpt>
      <trkpt lat="33.59937" lon="-117.76565">
        <ele>110.19</ele>
        <time>2026-06-06T16:43:43Z</time>
      </trkpt>
      <trkpt lat="33.59934" lon="-117.76563">
        <ele>110.0</ele>
        <time>2026-06-06T16:43:46Z</time>
      </trkpt>
      <trkpt lat="33.59931" lon="-117.76561">
        <ele>110.0</ele>
        <time>2026-06-06T16:43:49Z</time>
      </trkpt>
      <trkpt lat="33.59928" lon="-117.76558">
        <ele>110.0</ele>
        <time>2026-06-06T16:43:52Z</time>
      </trkpt>
      <trkpt lat="33.59926" lon="-117.76555">
        <ele>110.0</ele>
        <time>2026-06-06T16:44:07Z</time>
      </trkpt>
      <trkpt lat="33.59924" lon="-117.76551">
        <ele>109.9</ele>
        <time>2026-06-06T16:44:10Z</time>
      </trkpt>
      <trkpt lat="33.59922" lon="-117.76548">
        <ele>109.65</ele>
        <time>2026-06-06T16:44:13Z</time>
      </trkpt>
      <trkpt lat="33.5992" lon="-117.76544">
        <ele>109.27</ele>
        <time>2026-06-06T16:44:16Z</time>
      </trkpt>
      <trkpt lat="33.59917" lon="-117.76541">
        <ele>109.02</ele>
        <time>2026-06-06T16:44:19Z</time>
      </trkpt>
      <trkpt lat="33.59915" lon="-117.76538">
        <ele>109.0</ele>
        <time>2026-06-06T16:44:22Z</time>
      </trkpt>
      <trkpt lat="33.59913" lon="-117.76534">
        <ele>109.0</ele>
        <time>2026-06-06T16:44:25Z</time>
      </trkpt>
      <trkpt lat="33.59911" lon="-117.76531">
        <ele>109.0</ele>
        <time>2026-06-06T16:44:28Z</time>
      </trkpt>
      <trkpt lat="33.59909" lon="-117.76527">
        <ele>109.0</ele>
        <time>2026-06-06T16:44:31Z</time>
      </trkpt>
      <trkpt lat="33.59907" lon="-117.76523">
        <ele>108.96</ele>
        <time>2026-06-06T16:44:34Z</time>
      </trkpt>
      <trkpt lat="33.59905" lon="-117.76519">
        <ele>108.74</ele>
        <time>2026-06-06T16:44:37Z</time>
      </trkpt>
      <trkpt lat="33.59903" lon="-117.76516">
        <ele>108.52</ele>
        <time>2026-06-06T16:44:40Z</time>
      </trkpt>
      <trkpt lat="33.59901" lon="-117.76512">
        <ele>108.31</ele>
        <time>2026-06-06T16:44:43Z</time>
      </trkpt>
      <trkpt lat="33.599" lon="-117.76508">
        <ele>108.17</ele>
        <time>2026-06-06T16:44:46Z</time>
      </trkpt>
      <trkpt lat="33.59898" lon="-117.76504">
        <ele>108.0</ele>
        <time>2026-06-06T16:44:49Z</time>
      </trkpt>
      <trkpt lat="33.59896" lon="-117.765">
        <ele>108.0</ele>
        <time>2026-06-06T16:44:52Z</time>
      </trkpt>
      <trkpt lat="33.59895" lon="-117.76496">
        <ele>108.0</ele>
        <time>2026-06-06T16:44:55Z</time>
      </trkpt>
      <trkpt lat="33.59893" lon="-117.76492">
        <ele>108.0</ele>
        <time>2026-06-06T16:44:58Z</time>
      </trkpt>
      <trkpt lat="33.59892" lon="-117.76489">
        <ele>108.0</ele>
        <time>2026-06-06T16:45:01Z</time>
      </trkpt>
      <trkpt lat="33.5989" lon="-117.76485">
        <ele>108.0</ele>
        <time>2026-06-06T16:45:04Z</time>
      </trkpt>
      <trkpt lat="33.59889" lon="-117.76481">
        <ele>107.95</ele>
        <time>2026-06-06T16:45:07Z</time>
      </trkpt>
      <trkpt lat="33.59887" lon="-117.76477">
        <ele>107.41</ele>
        <time>2026-06-06T16:45:10Z</time>
      </trkpt>
      <trkpt lat="33.59886" lon="-117.76473">
        <ele>107.06</ele>
        <time>2026-06-06T16:45:13Z</time>
      </trkpt>
      <trkpt lat="33.59884" lon="-117.76469">
        <ele>107.0</ele>
        <time>2026-06-06T16:45:16Z</time>
      </trkpt>
      <trkpt lat="33.59883" lon="-117.76466">
        <ele>107.0</ele>
        <time>2026-06-06T16:45:19Z</time>
      </trkpt>
      <trkpt lat="33.59883" lon="-117.76462">
        <ele>106.92</ele>
        <time>2026-06-06T16:45:22Z</time>
      </trkpt>
      <trkpt lat="33.59885" lon="-117.76458">
        <ele>106.38</ele>
        <time>2026-06-06T16:45:25Z</time>
      </trkpt>
      <trkpt lat="33.59885" lon="-117.76455">
        <ele>106.0</ele>
        <time>2026-06-06T16:45:28Z</time>
      </trkpt>
      <trkpt lat="33.59886" lon="-117.76451">
        <ele>105.93</ele>
        <time>2026-06-06T16:45:33Z</time>
      </trkpt>
      <trkpt lat="33.59889" lon="-117.76449">
        <ele>105.99</ele>
        <time>2026-06-06T16:45:37Z</time>
      </trkpt>
      <trkpt lat="33.59891" lon="-117.76446">
        <ele>105.91</ele>
        <time>2026-06-06T16:45:41Z</time>
      </trkpt>
      <trkpt lat="33.59893" lon="-117.76443">
        <ele>105.22</ele>
        <time>2026-06-06T16:45:44Z</time>
      </trkpt>
      <trkpt lat="33.59894" lon="-117.76439">
        <ele>104.79</ele>
        <time>2026-06-06T16:45:47Z</time>
      </trkpt>
      <trkpt lat="33.59895" lon="-117.76435">
        <ele>104.34</ele>
        <time>2026-06-06T16:45:50Z</time>
      </trkpt>
      <trkpt lat="33.59896" lon="-117.76431">
        <ele>103.61</ele>
        <time>2026-06-06T16:45:53Z</time>
      </trkpt>
      <trkpt lat="33.59898" lon="-117.76428">
        <ele>103.03</ele>
        <time>2026-06-06T16:45:56Z</time>
      </trkpt>
      <trkpt lat="33.599" lon="-117.76425">
        <ele>103.4</ele>
        <time>2026-06-06T16:46:00Z</time>
      </trkpt>
      <trkpt lat="33.59901" lon="-117.76421">
        <ele>103.62</ele>
        <time>2026-06-06T16:46:03Z</time>
      </trkpt>
      <trkpt lat="33.59903" lon="-117.76418">
        <ele>104.05</ele>
        <time>2026-06-06T16:46:06Z</time>
      </trkpt>
      <trkpt lat="33.59904" lon="-117.76415">
        <ele>104.46</ele>
        <time>2026-06-06T16:46:09Z</time>
      </trkpt>
      <trkpt lat="33.59905" lon="-117.76411">
        <ele>104.96</ele>
        <time>2026-06-06T16:46:12Z</time>
      </trkpt>
      <trkpt lat="33.59905" lon="-117.76408">
        <ele>105.21</ele>
        <time>2026-06-06T16:46:15Z</time>
      </trkpt>
      <trkpt lat="33.59905" lon="-117.76404">
        <ele>105.8</ele>
        <time>2026-06-06T16:46:18Z</time>
      </trkpt>
      <trkpt lat="33.59906" lon="-117.76401">
        <ele>106.33</ele>
        <time>2026-06-06T16:46:21Z</time>
      </trkpt>
      <trkpt lat="33.59907" lon="-117.76397">
        <ele>106.84</ele>
        <time>2026-06-06T16:46:24Z</time>
      </trkpt>
      <trkpt lat="33.59908" lon="-117.76393">
        <ele>106.51</ele>
        <time>2026-06-06T16:46:27Z</time>
      </trkpt>
      <trkpt lat="33.59909" lon="-117.7639">
        <ele>106.29</ele>
        <time>2026-06-06T16:46:30Z</time>
      </trkpt>
      <trkpt lat="33.59911" lon="-117.76386">
        <ele>106.27</ele>
        <time>2026-06-06T16:46:33Z</time>
      </trkpt>
      <trkpt lat="33.59914" lon="-117.76385">
        <ele>106.41</ele>
        <time>2026-06-06T16:46:38Z</time>
      </trkpt>
      <trkpt lat="33.59917" lon="-117.76385">
        <ele>106.6</ele>
        <time>2026-06-06T16:46:54Z</time>
      </trkpt>
      <trkpt lat="33.5992" lon="-117.76385">
        <ele>106.79</ele>
        <time>2026-06-06T16:46:58Z</time>
      </trkpt>
      <trkpt lat="33.59923" lon="-117.76386">
        <ele>107.16</ele>
        <time>2026-06-06T16:47:02Z</time>
      </trkpt>
      <trkpt lat="33.59925" lon="-117.76389">
        <ele>107.91</ele>
        <time>2026-06-06T16:47:06Z</time>
      </trkpt>
      <trkpt lat="33.59927" lon="-117.76393">
        <ele>108.5</ele>
        <time>2026-06-06T16:47:09Z</time>
      </trkpt>
      <trkpt lat="33.59928" lon="-117.76396">
        <ele>108.94</ele>
        <time>2026-06-06T16:47:12Z</time>
      </trkpt>
      <trkpt lat="33.5993" lon="-117.76399">
        <ele>109.53</ele>
        <time>2026-06-06T16:47:15Z</time>
      </trkpt>
      <trkpt lat="33.59932" lon="-117.76402">
        <ele>110.07</ele>
        <time>2026-06-06T16:47:19Z</time>
      </trkpt>
      <trkpt lat="33.59934" lon="-117.76404">
        <ele>110.5</ele>
        <time>2026-06-06T16:47:23Z</time>
      </trkpt>
      <trkpt lat="33.59936" lon="-117.76407">
        <ele>111.13</ele>
        <time>2026-06-06T16:47:27Z</time>
      </trkpt>
      <trkpt lat="33.59938" lon="-117.76411">
        <ele>111.61</ele>
        <time>2026-06-06T16:47:31Z</time>
      </trkpt>
      <trkpt lat="33.5994" lon="-117.76414">
        <ele>112.04</ele>
        <time>2026-06-06T16:47:35Z</time>
      </trkpt>
      <trkpt lat="33.59942" lon="-117.76417">
        <ele>112.46</ele>
        <time>2026-06-06T16:47:39Z</time>
      </trkpt>
      <trkpt lat="33.59944" lon="-117.76421">
        <ele>112.88</ele>
        <time>2026-06-06T16:47:43Z</time>
      </trkpt>
      <trkpt lat="33.59945" lon="-117.76423">
        <ele>113.08</ele>
        <time>2026-06-06T16:47:47Z</time>
      </trkpt>
      <trkpt lat="33.59948" lon="-117.76427">
        <ele>113.31</ele>
        <time>2026-06-06T16:48:34Z</time>
      </trkpt>
      <trkpt lat="33.59951" lon="-117.7643">
        <ele>113.58</ele>
        <time>2026-06-06T16:48:36Z</time>
      </trkpt>
      <trkpt lat="33.59955" lon="-117.76434">
        <ele>114.26</ele>
        <time>2026-06-06T16:48:38Z</time>
      </trkpt>
      <trkpt lat="33.59958" lon="-117.76438">
        <ele>114.93</ele>
        <time>2026-06-06T16:48:40Z</time>
      </trkpt>
      <trkpt lat="33.59961" lon="-117.76441">
        <ele>115.58</ele>
        <time>2026-06-06T16:48:43Z</time>
      </trkpt>
      <trkpt lat="33.59963" lon="-117.76444">
        <ele>116.0</ele>
        <time>2026-06-06T16:48:46Z</time>
      </trkpt>
      <trkpt lat="33.59965" lon="-117.76446">
        <ele>116.39</ele>
        <time>2026-06-06T16:48:49Z</time>
      </trkpt>
      <trkpt lat="33.59967" lon="-117.76448">
        <ele>116.82</ele>
        <time>2026-06-06T16:48:52Z</time>
      </trkpt>
      <trkpt lat="33.59969" lon="-117.7645">
        <ele>117.25</ele>
        <time>2026-06-06T16:48:55Z</time>
      </trkpt>
      <trkpt lat="33.59971" lon="-117.76452">
        <ele>117.68</ele>
        <time>2026-06-06T16:48:58Z</time>
      </trkpt>
      <trkpt lat="33.59974" lon="-117.76454">
        <ele>118.03</ele>
        <time>2026-06-06T16:49:01Z</time>
      </trkpt>
      <trkpt lat="33.59975" lon="-117.76457">
        <ele>118.36</ele>
        <time>2026-06-06T16:49:04Z</time>
      </trkpt>
      <trkpt lat="33.59975" lon="-117.7646">
        <ele>118.68</ele>
        <time>2026-06-06T16:49:08Z</time>
      </trkpt>
      <trkpt lat="33.59976" lon="-117.76464">
        <ele>119.09</ele>
        <time>2026-06-06T16:49:12Z</time>
      </trkpt>
      <trkpt lat="33.59978" lon="-117.76467">
        <ele>119.54</ele>
        <time>2026-06-06T16:49:15Z</time>
      </trkpt>
      <trkpt lat="33.5998" lon="-117.76469">
        <ele>120.1</ele>
        <time>2026-06-06T16:49:18Z</time>
      </trkpt>
      <trkpt lat="33.59982" lon="-117.76473">
        <ele>121.08</ele>
        <time>2026-06-06T16:49:22Z</time>
      </trkpt>
      <trkpt lat="33.59983" lon="-117.76477">
        <ele>121.52</ele>
        <time>2026-06-06T16:49:26Z</time>
      </trkpt>
      <trkpt lat="33.59984" lon="-117.7648">
        <ele>121.84</ele>
        <time>2026-06-06T16:49:29Z</time>
      </trkpt>
      <trkpt lat="33.59985" lon="-117.76483">
        <ele>121.96</ele>
        <time>2026-06-06T16:49:32Z</time>
      </trkpt>
      <trkpt lat="33.59987" lon="-117.76485">
        <ele>122.07</ele>
        <time>2026-06-06T16:49:35Z</time>
      </trkpt>
      <trkpt lat="33.59988" lon="-117.76488">
        <ele>122.29</ele>
        <time>2026-06-06T16:49:38Z</time>
      </trkpt>
      <trkpt lat="33.5999" lon="-117.76491">
        <ele>122.81</ele>
        <time>2026-06-06T16:49:41Z</time>
      </trkpt>
      <trkpt lat="33.59994" lon="-117.76491">
        <ele>122.99</ele>
        <time>2026-06-06T16:49:44Z</time>
      </trkpt>
      <trkpt lat="33.59997" lon="-117.7649">
        <ele>122.92</ele>
        <time>2026-06-06T16:49:47Z</time>
      </trkpt>
      <trkpt lat="33.6" lon="-117.76488">
        <ele>122.7</ele>
        <time>2026-06-06T16:49:50Z</time>
      </trkpt>
      <trkpt lat="33.60003" lon="-117.76487">
        <ele>122.47</ele>
        <time>2026-06-06T16:49:53Z</time>
      </trkpt>
      <trkpt lat="33.60006" lon="-117.76486">
        <ele>122.16</ele>
        <time>2026-06-06T16:49:56Z</time>
      </trkpt>
      <trkpt lat="33.60009" lon="-117.76485">
        <ele>121.78</ele>
        <time>2026-06-06T16:49:59Z</time>
      </trkpt>
      <trkpt lat="33.60013" lon="-117.76485">
        <ele>122.16</ele>
        <time>2026-06-06T16:50:02Z</time>
      </trkpt>
      <trkpt lat="33.60016" lon="-117.76484">
        <ele>122.27</ele>
        <time>2026-06-06T16:50:05Z</time>
      </trkpt>
      <trkpt lat="33.6002" lon="-117.76483">
        <ele>122.49</ele>
        <time>2026-06-06T16:50:08Z</time>
      </trkpt>
      <trkpt lat="33.60024" lon="-117.76482">
        <ele>122.7</ele>
        <time>2026-06-06T16:50:11Z</time>
      </trkpt>
      <trkpt lat="33.60027" lon="-117.76481">
        <ele>122.86</ele>
        <time>2026-06-06T16:50:14Z</time>
      </trkpt>
      <trkpt lat="33.60031" lon="-117.7648">
        <ele>123.19</ele>
        <time>2026-06-06T16:50:17Z</time>
      </trkpt>
      <trkpt lat="33.60034" lon="-117.76479">
        <ele>123.4</ele>
        <time>2026-06-06T16:50:20Z</time>
      </trkpt>
      <trkpt lat="33.60037" lon="-117.76478">
        <ele>123.62</ele>
        <time>2026-06-06T16:50:23Z</time>
      </trkpt>
      <trkpt lat="33.6004" lon="-117.76476">
        <ele>123.86</ele>
        <time>2026-06-06T16:50:26Z</time>
      </trkpt>
      <trkpt lat="33.60043" lon="-117.76475">
        <ele>124.14</ele>
        <time>2026-06-06T16:50:29Z</time>
      </trkpt>
      <trkpt lat="33.60046" lon="-117.76474">
        <ele>124.35</ele>
        <time>2026-06-06T16:50:32Z</time>
      </trkpt>
      <trkpt lat="33.60049" lon="-117.76473">
        <ele>124.44</ele>
        <time>2026-06-06T16:50:35Z</time>
      </trkpt>
      <trkpt lat="33.60052" lon="-117.76474">
        <ele>124.88</ele>
        <time>2026-06-06T16:50:38Z</time>
      </trkpt>
      <trkpt lat="33.60052" lon="-117.76478">
        <ele>125.48</ele>
        <time>2026-06-06T16:50:41Z</time>
      </trkpt>
      <trkpt lat="33.6005" lon="-117.7648">
        <ele>125.74</ele>
        <time>2026-06-06T16:50:43Z</time>
      </trkpt>
      <trkpt lat="33.60046" lon="-117.76483">
        <ele>126.26</ele>
        <time>2026-06-06T16:50:46Z</time>
      </trkpt>
      <trkpt lat="33.60043" lon="-117.76485">
        <ele>126.05</ele>
        <time>2026-06-06T16:50:49Z</time>
      </trkpt>
      <trkpt lat="33.6004" lon="-117.76487">
        <ele>125.83</ele>
        <time>2026-06-06T16:50:52Z</time>
      </trkpt>
      <trkpt lat="33.60038" lon="-117.76489">
        <ele>125.83</ele>
        <time>2026-06-06T16:50:55Z</time>
      </trkpt>
      <trkpt lat="33.60036" lon="-117.76492">
        <ele>126.16</ele>
        <time>2026-06-06T16:50:58Z</time>
      </trkpt>
      <trkpt lat="33.60034" lon="-117.76495">
        <ele>126.59</ele>
        <time>2026-06-06T16:51:01Z</time>
      </trkpt>
      <trkpt lat="33.60031" lon="-117.76497">
        <ele>126.7</ele>
        <time>2026-06-06T16:51:04Z</time>
      </trkpt>
      <trkpt lat="33.60029" lon="-117.765">
        <ele>127.13</ele>
        <time>2026-06-06T16:51:07Z</time>
      </trkpt>
      <trkpt lat="33.60027" lon="-117.76502">
        <ele>127.35</ele>
        <time>2026-06-06T16:51:10Z</time>
      </trkpt>
      <trkpt lat="33.60024" lon="-117.76505">
        <ele>127.67</ele>
        <time>2026-06-06T16:51:13Z</time>
      </trkpt>
      <trkpt lat="33.60022" lon="-117.76507">
        <ele>127.89</ele>
        <time>2026-06-06T16:51:16Z</time>
      </trkpt>
      <trkpt lat="33.60023" lon="-117.76511">
        <ele>128.86</ele>
        <time>2026-06-06T16:51:20Z</time>
      </trkpt>
      <trkpt lat="33.60025" lon="-117.76514">
        <ele>129.72</ele>
        <time>2026-06-06T16:51:24Z</time>
      </trkpt>
      <trkpt lat="33.60027" lon="-117.76515">
        <ele>130.16</ele>
        <time>2026-06-06T16:51:27Z</time>
      </trkpt>
      <trkpt lat="33.6003" lon="-117.76515">
        <ele>130.48</ele>
        <time>2026-06-06T16:51:31Z</time>
      </trkpt>
      <trkpt lat="33.60034" lon="-117.76516">
        <ele>131.13</ele>
        <time>2026-06-06T16:51:35Z</time>
      </trkpt>
      <trkpt lat="33.60037" lon="-117.76516">
        <ele>131.45</ele>
        <time>2026-06-06T16:51:39Z</time>
      </trkpt>
      <trkpt lat="33.6004" lon="-117.76516">
        <ele>132.1</ele>
        <time>2026-06-06T16:51:43Z</time>
      </trkpt>
      <trkpt lat="33.60043" lon="-117.76517">
        <ele>132.96</ele>
        <time>2026-06-06T16:51:47Z</time>
      </trkpt>
      <trkpt lat="33.60045" lon="-117.76519">
        <ele>133.83</ele>
        <time>2026-06-06T16:51:51Z</time>
      </trkpt>
      <trkpt lat="33.60048" lon="-117.76522">
        <ele>134.87</ele>
        <time>2026-06-06T16:51:55Z</time>
      </trkpt>
      <trkpt lat="33.6005" lon="-117.76525">
        <ele>135.52</ele>
        <time>2026-06-06T16:51:59Z</time>
      </trkpt>
      <trkpt lat="33.60052" lon="-117.76527">
        <ele>135.88</ele>
        <time>2026-06-06T16:52:03Z</time>
      </trkpt>
      <trkpt lat="33.60055" lon="-117.76529">
        <ele>136.13</ele>
        <time>2026-06-06T16:52:07Z</time>
      </trkpt>
      <trkpt lat="33.60055" lon="-117.76533">
        <ele>136.56</ele>
        <time>2026-06-06T16:52:12Z</time>
      </trkpt>
      <trkpt lat="33.60053" lon="-117.76536">
        <ele>136.89</ele>
        <time>2026-06-06T16:52:16Z</time>
      </trkpt>
      <trkpt lat="33.60052" lon="-117.76539">
        <ele>137.42</ele>
        <time>2026-06-06T16:52:20Z</time>
      </trkpt>
      <trkpt lat="33.60051" lon="-117.76542">
        <ele>138.07</ele>
        <time>2026-06-06T16:52:24Z</time>
      </trkpt>
      <trkpt lat="33.60051" lon="-117.76546">
        <ele>138.94</ele>
        <time>2026-06-06T16:52:28Z</time>
      </trkpt>
      <trkpt lat="33.60052" lon="-117.76549">
        <ele>139.36</ele>
        <time>2026-06-06T16:52:32Z</time>
      </trkpt>
      <trkpt lat="33.60052" lon="-117.76552">
        <ele>139.76</ele>
        <time>2026-06-06T16:52:36Z</time>
      </trkpt>
      <trkpt lat="33.60053" lon="-117.76556">
        <ele>140.48</ele>
        <time>2026-06-06T16:52:40Z</time>
      </trkpt>
      <trkpt lat="33.60054" lon="-117.76559">
        <ele>140.97</ele>
        <time>2026-06-06T16:52:44Z</time>
      </trkpt>
      <trkpt lat="33.60055" lon="-117.76563">
        <ele>141.64</ele>
        <time>2026-06-06T16:52:48Z</time>
      </trkpt>
      <trkpt lat="33.60056" lon="-117.76566">
        <ele>142.13</ele>
        <time>2026-06-06T16:52:52Z</time>
      </trkpt>
      <trkpt lat="33.60058" lon="-117.7657">
        <ele>142.71</ele>
        <time>2026-06-06T16:52:56Z</time>
      </trkpt>
      <trkpt lat="33.6006" lon="-117.76572">
        <ele>143.15</ele>
        <time>2026-06-06T16:52:59Z</time>
      </trkpt>
      <trkpt lat="33.60063" lon="-117.76575">
        <ele>143.96</ele>
        <time>2026-06-06T16:53:02Z</time>
      </trkpt>
      <trkpt lat="33.60064" lon="-117.76577">
        <ele>144.49</ele>
        <time>2026-06-06T16:53:05Z</time>
      </trkpt>
      <trkpt lat="33.60066" lon="-117.76581">
        <ele>145.5</ele>
        <time>2026-06-06T16:53:09Z</time>
      </trkpt>
      <trkpt lat="33.60068" lon="-117.76584">
        <ele>146.05</ele>
        <time>2026-06-06T16:53:13Z</time>
      </trkpt>
      <trkpt lat="33.60069" lon="-117.76587">
        <ele>146.36</ele>
        <time>2026-06-06T16:53:17Z</time>
      </trkpt>
      <trkpt lat="33.6007" lon="-117.7659">
        <ele>146.81</ele>
        <time>2026-06-06T16:53:21Z</time>
      </trkpt>
      <trkpt lat="33.60072" lon="-117.76593">
        <ele>147.55</ele>
        <time>2026-06-06T16:53:25Z</time>
      </trkpt>
      <trkpt lat="33.60074" lon="-117.76596">
        <ele>147.98</ele>
        <time>2026-06-06T16:53:29Z</time>
      </trkpt>
      <trkpt lat="33.60077" lon="-117.76596">
        <ele>147.52</ele>
        <time>2026-06-06T16:53:34Z</time>
      </trkpt>
      <trkpt lat="33.6008" lon="-117.76598">
        <ele>147.58</ele>
        <time>2026-06-06T16:53:40Z</time>
      </trkpt>
      <trkpt lat="33.60083" lon="-117.76598">
        <ele>147.36</ele>
        <time>2026-06-06T16:53:50Z</time>
      </trkpt>
      <trkpt lat="33.60086" lon="-117.76599">
        <ele>147.57</ele>
        <time>2026-06-06T16:54:46Z</time>
      </trkpt>
      <trkpt lat="33.6009" lon="-117.766">
        <ele>147.62</ele>
        <time>2026-06-06T16:54:52Z</time>
      </trkpt>
      <trkpt lat="33.60093" lon="-117.76601">
        <ele>147.68</ele>
        <time>2026-06-06T16:54:54Z</time>
      </trkpt>
      <trkpt lat="33.60097" lon="-117.76601">
        <ele>147.25</ele>
        <time>2026-06-06T16:54:56Z</time>
      </trkpt>
      <trkpt lat="33.601" lon="-117.76601">
        <ele>146.92</ele>
        <time>2026-06-06T16:54:58Z</time>
      </trkpt>
      <trkpt lat="33.60103" lon="-117.76602">
        <ele>147.0</ele>
        <time>2026-06-06T16:55:01Z</time>
      </trkpt>
      <trkpt lat="33.60107" lon="-117.76604">
        <ele>147.13</ele>
        <time>2026-06-06T16:55:04Z</time>
      </trkpt>
      <trkpt lat="33.60109" lon="-117.76606">
        <ele>147.35</ele>
        <time>2026-06-06T16:55:06Z</time>
      </trkpt>
      <trkpt lat="33.60112" lon="-117.76609">
        <ele>147.75</ele>
        <time>2026-06-06T16:55:09Z</time>
      </trkpt>
      <trkpt lat="33.60115" lon="-117.7661">
        <ele>147.83</ele>
        <time>2026-06-06T16:55:12Z</time>
      </trkpt>
      <trkpt lat="33.60119" lon="-117.7661">
        <ele>147.78</ele>
        <time>2026-06-06T16:55:15Z</time>
      </trkpt>
      <trkpt lat="33.60122" lon="-117.76611">
        <ele>148.15</ele>
        <time>2026-06-06T16:55:18Z</time>
      </trkpt>
      <trkpt lat="33.60125" lon="-117.76612">
        <ele>148.36</ele>
        <time>2026-06-06T16:55:21Z</time>
      </trkpt>
      <trkpt lat="33.60128" lon="-117.76613">
        <ele>148.58</ele>
        <time>2026-06-06T16:55:24Z</time>
      </trkpt>
      <trkpt lat="33.60131" lon="-117.76614">
        <ele>148.78</ele>
        <time>2026-06-06T16:55:27Z</time>
      </trkpt>
      <trkpt lat="33.60134" lon="-117.76615">
        <ele>148.98</ele>
        <time>2026-06-06T16:55:30Z</time>
      </trkpt>
      <trkpt lat="33.60137" lon="-117.76615">
        <ele>149.25</ele>
        <time>2026-06-06T16:55:33Z</time>
      </trkpt>
      <trkpt lat="33.6014" lon="-117.76616">
        <ele>149.65</ele>
        <time>2026-06-06T16:55:36Z</time>
      </trkpt>
      <trkpt lat="33.60143" lon="-117.76616">
        <ele>149.97</ele>
        <time>2026-06-06T16:55:39Z</time>
      </trkpt>
      <trkpt lat="33.60146" lon="-117.76617">
        <ele>150.4</ele>
        <time>2026-06-06T16:55:42Z</time>
      </trkpt>
      <trkpt lat="33.60149" lon="-117.76618">
        <ele>150.84</ele>
        <time>2026-06-06T16:55:45Z</time>
      </trkpt>
      <trkpt lat="33.60151" lon="-117.7662">
        <ele>151.27</ele>
        <time>2026-06-06T16:55:50Z</time>
      </trkpt>
      <trkpt lat="33.60155" lon="-117.76621">
        <ele>151.74</ele>
        <time>2026-06-06T16:55:54Z</time>
      </trkpt>
      <trkpt lat="33.60158" lon="-117.76621">
        <ele>152.12</ele>
        <time>2026-06-06T16:55:58Z</time>
      </trkpt>
      <trkpt lat="33.60161" lon="-117.76622">
        <ele>152.71</ele>
        <time>2026-06-06T16:56:02Z</time>
      </trkpt>
      <trkpt lat="33.60165" lon="-117.76623">
        <ele>153.41</ele>
        <time>2026-06-06T16:56:06Z</time>
      </trkpt>
      <trkpt lat="33.60168" lon="-117.76622">
        <ele>153.8</ele>
        <time>2026-06-06T16:56:10Z</time>
      </trkpt>
      <trkpt lat="33.60171" lon="-117.7662">
        <ele>153.96</ele>
        <time>2026-06-06T16:56:13Z</time>
      </trkpt>
      <trkpt lat="33.60174" lon="-117.76618">
        <ele>153.89</ele>
        <time>2026-06-06T16:56:16Z</time>
      </trkpt>
      <trkpt lat="33.60177" lon="-117.76616">
        <ele>154.05</ele>
        <time>2026-06-06T16:56:30Z</time>
      </trkpt>
      <trkpt lat="33.6018" lon="-117.76616">
        <ele>154.21</ele>
        <time>2026-06-06T16:56:34Z</time>
      </trkpt>
      <trkpt lat="33.60183" lon="-117.76614">
        <ele>154.53</ele>
        <time>2026-06-06T16:56:38Z</time>
      </trkpt>
      <trkpt lat="33.60186" lon="-117.76612">
        <ele>154.98</ele>
        <time>2026-06-06T16:56:42Z</time>
      </trkpt>
      <trkpt lat="33.60189" lon="-117.7661">
        <ele>155.22</ele>
        <time>2026-06-06T16:56:46Z</time>
      </trkpt>
      <trkpt lat="33.60191" lon="-117.76608">
        <ele>155.17</ele>
        <time>2026-06-06T16:56:49Z</time>
      </trkpt>
      <trkpt lat="33.60194" lon="-117.76607">
        <ele>155.49</ele>
        <time>2026-06-06T16:56:53Z</time>
      </trkpt>
      <trkpt lat="33.60197" lon="-117.76606">
        <ele>156.03</ele>
        <time>2026-06-06T16:56:56Z</time>
      </trkpt>
      <trkpt lat="33.60201" lon="-117.76606">
        <ele>156.94</ele>
        <time>2026-06-06T16:56:59Z</time>
      </trkpt>
      <trkpt lat="33.60204" lon="-117.76606">
        <ele>157.62</ele>
        <time>2026-06-06T16:57:02Z</time>
      </trkpt>
      <trkpt lat="33.60207" lon="-117.76608">
        <ele>158.05</ele>
        <time>2026-06-06T16:57:06Z</time>
      </trkpt>
      <trkpt lat="33.6021" lon="-117.7661">
        <ele>158.48</ele>
        <time>2026-06-06T16:57:09Z</time>
      </trkpt>
      <trkpt lat="33.60213" lon="-117.76612">
        <ele>158.81</ele>
        <time>2026-06-06T16:57:12Z</time>
      </trkpt>
      <trkpt lat="33.60216" lon="-117.76614">
        <ele>158.48</ele>
        <time>2026-06-06T16:57:15Z</time>
      </trkpt>
      <trkpt lat="33.60219" lon="-117.76615">
        <ele>158.43</ele>
        <time>2026-06-06T16:57:18Z</time>
      </trkpt>
      <trkpt lat="33.60222" lon="-117.76616">
        <ele>158.46</ele>
        <time>2026-06-06T16:57:21Z</time>
      </trkpt>
      <trkpt lat="33.60224" lon="-117.76618">
        <ele>158.21</ele>
        <time>2026-06-06T16:57:24Z</time>
      </trkpt>
      <trkpt lat="33.60224" lon="-117.76622">
        <ele>158.0</ele>
        <time>2026-06-06T16:57:27Z</time>
      </trkpt>
      <trkpt lat="33.60222" lon="-117.76627">
        <ele>157.94</ele>
        <time>2026-06-06T16:57:30Z</time>
      </trkpt>
      <trkpt lat="33.60222" lon="-117.76631">
        <ele>157.78</ele>
        <time>2026-06-06T16:57:33Z</time>
      </trkpt>
      <trkpt lat="33.60222" lon="-117.76634">
        <ele>157.46</ele>
        <time>2026-06-06T16:57:36Z</time>
      </trkpt>
      <trkpt lat="33.60223" lon="-117.76637">
        <ele>157.34</ele>
        <time>2026-06-06T16:57:39Z</time>
      </trkpt>
      <trkpt lat="33.60224" lon="-117.7664">
        <ele>157.17</ele>
        <time>2026-06-06T16:57:42Z</time>
      </trkpt>
      <trkpt lat="33.60226" lon="-117.76643">
        <ele>157.11</ele>
        <time>2026-06-06T16:57:45Z</time>
      </trkpt>
      <trkpt lat="33.60228" lon="-117.76646">
        <ele>157.19</ele>
        <time>2026-06-06T16:57:48Z</time>
      </trkpt>
      <trkpt lat="33.60231" lon="-117.76648">
        <ele>157.86</ele>
        <time>2026-06-06T16:57:51Z</time>
      </trkpt>
      <trkpt lat="33.60233" lon="-117.7665">
        <ele>158.03</ele>
        <time>2026-06-06T16:57:54Z</time>
      </trkpt>
      <trkpt lat="33.60236" lon="-117.76652">
        <ele>158.48</ele>
        <time>2026-06-06T16:57:57Z</time>
      </trkpt>
      <trkpt lat="33.60238" lon="-117.76654">
        <ele>158.96</ele>
        <time>2026-06-06T16:58:00Z</time>
      </trkpt>
      <trkpt lat="33.60241" lon="-117.76656">
        <ele>159.82</ele>
        <time>2026-06-06T16:58:03Z</time>
      </trkpt>
      <trkpt lat="33.60243" lon="-117.76658">
        <ele>159.79</ele>
        <time>2026-06-06T16:58:06Z</time>
      </trkpt>
      <trkpt lat="33.60245" lon="-117.7666">
        <ele>159.8</ele>
        <time>2026-06-06T16:58:09Z</time>
      </trkpt>
      <trkpt lat="33.60247" lon="-117.76662">
        <ele>159.99</ele>
        <time>2026-06-06T16:58:12Z</time>
      </trkpt>
      <trkpt lat="33.60249" lon="-117.76665">
        <ele>160.57</ele>
        <time>2026-06-06T16:58:15Z</time>
      </trkpt>
      <trkpt lat="33.60251" lon="-117.76667">
        <ele>160.79</ele>
        <time>2026-06-06T16:58:18Z</time>
      </trkpt>
      <trkpt lat="33.60253" lon="-117.7667">
        <ele>160.47</ele>
        <time>2026-06-06T16:58:21Z</time>
      </trkpt>
      <trkpt lat="33.60255" lon="-117.76672">
        <ele>160.23</ele>
        <time>2026-06-06T16:58:24Z</time>
      </trkpt>
      <trkpt lat="33.60258" lon="-117.76675">
        <ele>160.05</ele>
        <time>2026-06-06T16:58:27Z</time>
      </trkpt>
      <trkpt lat="33.6026" lon="-117.76679">
        <ele>160.2</ele>
        <time>2026-06-06T16:58:30Z</time>
      </trkpt>
      <trkpt lat="33.60262" lon="-117.76683">
        <ele>160.4</ele>
        <time>2026-06-06T16:58:33Z</time>
      </trkpt>
      <trkpt lat="33.60265" lon="-117.76686">
        <ele>160.35</ele>
        <time>2026-06-06T16:58:36Z</time>
      </trkpt>
      <trkpt lat="33.60267" lon="-117.76689">
        <ele>160.1</ele>
        <time>2026-06-06T16:58:39Z</time>
      </trkpt>
      <trkpt lat="33.60271" lon="-117.76692">
        <ele>159.93</ele>
        <time>2026-06-06T16:58:42Z</time>
      </trkpt>
      <trkpt lat="33.60274" lon="-117.76693">
        <ele>159.91</ele>
        <time>2026-06-06T16:58:44Z</time>
      </trkpt>
      <trkpt lat="33.60277" lon="-117.76695">
        <ele>160.05</ele>
        <time>2026-06-06T16:58:46Z</time>
      </trkpt>
      <trkpt lat="33.6028" lon="-117.76697">
        <ele>160.28</ele>
        <time>2026-06-06T16:58:49Z</time>
      </trkpt>
      <trkpt lat="33.60283" lon="-117.76698">
        <ele>160.38</ele>
        <time>2026-06-06T16:58:52Z</time>
      </trkpt>
      <trkpt lat="33.60286" lon="-117.76701">
        <ele>160.71</ele>
        <time>2026-06-06T16:58:55Z</time>
      </trkpt>
      <trkpt lat="33.60288" lon="-117.76703">
        <ele>160.92</ele>
        <time>2026-06-06T16:58:58Z</time>
      </trkpt>
      <trkpt lat="33.6029" lon="-117.76706">
        <ele>161.08</ele>
        <time>2026-06-06T16:59:01Z</time>
      </trkpt>
      <trkpt lat="33.60292" lon="-117.76709">
        <ele>161.31</ele>
        <time>2026-06-06T16:59:04Z</time>
      </trkpt>
      <trkpt lat="33.60295" lon="-117.76711">
        <ele>161.68</ele>
        <time>2026-06-06T16:59:07Z</time>
      </trkpt>
      <trkpt lat="33.60297" lon="-117.76713">
        <ele>162.0</ele>
        <time>2026-06-06T16:59:10Z</time>
      </trkpt>
      <trkpt lat="33.60299" lon="-117.76715">
        <ele>162.06</ele>
        <time>2026-06-06T16:59:13Z</time>
      </trkpt>
      <trkpt lat="33.60302" lon="-117.76717">
        <ele>162.27</ele>
        <time>2026-06-06T16:59:16Z</time>
      </trkpt>
      <trkpt lat="33.60304" lon="-117.76719">
        <ele>162.54</ele>
        <time>2026-06-06T16:59:19Z</time>
      </trkpt>
      <trkpt lat="33.60306" lon="-117.76721">
        <ele>162.87</ele>
        <time>2026-06-06T16:59:22Z</time>
      </trkpt>
      <trkpt lat="33.60308" lon="-117.76723">
        <ele>163.02</ele>
        <time>2026-06-06T16:59:25Z</time>
      </trkpt>
      <trkpt lat="33.6031" lon="-117.76725">
        <ele>163.14</ele>
        <time>2026-06-06T16:59:28Z</time>
      </trkpt>
      <trkpt lat="33.60311" lon="-117.76729">
        <ele>163.43</ele>
        <time>2026-06-06T16:59:33Z</time>
      </trkpt>
      <trkpt lat="33.60313" lon="-117.76732">
        <ele>163.84</ele>
        <time>2026-06-06T16:59:37Z</time>
      </trkpt>
      <trkpt lat="33.60314" lon="-117.76736">
        <ele>164.31</ele>
        <time>2026-06-06T16:59:41Z</time>
      </trkpt>
      <trkpt lat="33.60315" lon="-117.76739">
        <ele>164.83</ele>
        <time>2026-06-06T16:59:45Z</time>
      </trkpt>
      <trkpt lat="33.60317" lon="-117.76742">
        <ele>165.27</ele>
        <time>2026-06-06T16:59:49Z</time>
      </trkpt>
      <trkpt lat="33.60319" lon="-117.76745">
        <ele>165.66</ele>
        <time>2026-06-06T16:59:53Z</time>
      </trkpt>
      <trkpt lat="33.60321" lon="-117.76748">
        <ele>166.19</ele>
        <time>2026-06-06T16:59:57Z</time>
      </trkpt>
      <trkpt lat="33.60323" lon="-117.76751">
        <ele>166.77</ele>
        <time>2026-06-06T17:00:01Z</time>
      </trkpt>
      <trkpt lat="33.60325" lon="-117.76754">
        <ele>167.04</ele>
        <time>2026-06-06T17:00:05Z</time>
      </trkpt>
      <trkpt lat="33.60327" lon="-117.76756">
        <ele>167.2</ele>
        <time>2026-06-06T17:00:10Z</time>
      </trkpt>
      <trkpt lat="33.6033" lon="-117.76758">
        <ele>167.55</ele>
        <time>2026-06-06T17:00:14Z</time>
      </trkpt>
      <trkpt lat="33.60332" lon="-117.76761">
        <ele>167.83</ele>
        <time>2026-06-06T17:00:18Z</time>
      </trkpt>
      <trkpt lat="33.60333" lon="-117.76764">
        <ele>167.95</ele>
        <time>2026-06-06T17:00:21Z</time>
      </trkpt>
      <trkpt lat="33.60335" lon="-117.76767">
        <ele>167.97</ele>
        <time>2026-06-06T17:00:24Z</time>
      </trkpt>
      <trkpt lat="33.60337" lon="-117.7677">
        <ele>167.9</ele>
        <time>2026-06-06T17:00:27Z</time>
      </trkpt>
      <trkpt lat="33.60339" lon="-117.76773">
        <ele>167.81</ele>
        <time>2026-06-06T17:00:30Z</time>
      </trkpt>
      <trkpt lat="33.60341" lon="-117.76775">
        <ele>167.88</ele>
        <time>2026-06-06T17:00:33Z</time>
      </trkpt>
      <trkpt lat="33.60343" lon="-117.76778">
        <ele>168.0</ele>
        <time>2026-06-06T17:00:36Z</time>
      </trkpt>
      <trkpt lat="33.60345" lon="-117.7678">
        <ele>168.06</ele>
        <time>2026-06-06T17:00:39Z</time>
      </trkpt>
      <trkpt lat="33.60348" lon="-117.76782">
        <ele>168.27</ele>
        <time>2026-06-06T17:00:41Z</time>
      </trkpt>
      <trkpt lat="33.60352" lon="-117.76784">
        <ele>168.67</ele>
        <time>2026-06-06T17:00:43Z</time>
      </trkpt>
      <trkpt lat="33.60355" lon="-117.76785">
        <ele>168.78</ele>
        <time>2026-06-06T17:00:45Z</time>
      </trkpt>
      <trkpt lat="33.60357" lon="-117.76788">
        <ele>168.91</ele>
        <time>2026-06-06T17:00:48Z</time>
      </trkpt>
      <trkpt lat="33.60359" lon="-117.7679">
        <ele>168.85</ele>
        <time>2026-06-06T17:00:51Z</time>
      </trkpt>
      <trkpt lat="33.60362" lon="-117.76791">
        <ele>169.04</ele>
        <time>2026-06-06T17:01:19Z</time>
      </trkpt>
      <trkpt lat="33.60365" lon="-117.76792">
        <ele>169.23</ele>
        <time>2026-06-06T17:01:22Z</time>
      </trkpt>
      <trkpt lat="33.60368" lon="-117.76793">
        <ele>169.48</ele>
        <time>2026-06-06T17:01:25Z</time>
      </trkpt>
      <trkpt lat="33.60371" lon="-117.76794">
        <ele>169.74</ele>
        <time>2026-06-06T17:01:28Z</time>
      </trkpt>
      <trkpt lat="33.60374" lon="-117.76796">
        <ele>169.96</ele>
        <time>2026-06-06T17:01:31Z</time>
      </trkpt>
      <trkpt lat="33.60376" lon="-117.76797">
        <ele>170.02</ele>
        <time>2026-06-06T17:01:34Z</time>
      </trkpt>
      <trkpt lat="33.60379" lon="-117.76799">
        <ele>170.25</ele>
        <time>2026-06-06T17:01:37Z</time>
      </trkpt>
      <trkpt lat="33.60381" lon="-117.76801">
        <ele>170.66</ele>
        <time>2026-06-06T17:01:41Z</time>
      </trkpt>
      <trkpt lat="33.60384" lon="-117.76803">
        <ele>171.2</ele>
        <time>2026-06-06T17:01:45Z</time>
      </trkpt>
      <trkpt lat="33.60387" lon="-117.76803">
        <ele>171.52</ele>
        <time>2026-06-06T17:01:49Z</time>
      </trkpt>
      <trkpt lat="33.60389" lon="-117.76801">
        <ele>171.52</ele>
        <time>2026-06-06T17:01:52Z</time>
      </trkpt>
      <trkpt lat="33.60391" lon="-117.76799">
        <ele>171.43</ele>
        <time>2026-06-06T17:01:55Z</time>
      </trkpt>
      <trkpt lat="33.60394" lon="-117.76798">
        <ele>171.39</ele>
        <time>2026-06-06T17:01:58Z</time>
      </trkpt>
      <trkpt lat="33.60397" lon="-117.76797">
        <ele>171.21</ele>
        <time>2026-06-06T17:02:02Z</time>
      </trkpt>
      <trkpt lat="33.60401" lon="-117.76797">
        <ele>171.82</ele>
        <time>2026-06-06T17:02:06Z</time>
      </trkpt>
      <trkpt lat="33.60404" lon="-117.76797">
        <ele>172.44</ele>
        <time>2026-06-06T17:02:10Z</time>
      </trkpt>
      <trkpt lat="33.60407" lon="-117.76795">
        <ele>172.63</ele>
        <time>2026-06-06T17:02:14Z</time>
      </trkpt>
      <trkpt lat="33.6041" lon="-117.76793">
        <ele>173.03</ele>
        <time>2026-06-06T17:02:18Z</time>
      </trkpt>
      <trkpt lat="33.60413" lon="-117.76791">
        <ele>173.32</ele>
        <time>2026-06-06T17:02:22Z</time>
      </trkpt>
      <trkpt lat="33.60416" lon="-117.7679">
        <ele>173.79</ele>
        <time>2026-06-06T17:02:26Z</time>
      </trkpt>
      <trkpt lat="33.60419" lon="-117.76789">
        <ele>174.39</ele>
        <time>2026-06-06T17:02:30Z</time>
      </trkpt>
      <trkpt lat="33.60422" lon="-117.76787">
        <ele>174.72</ele>
        <time>2026-06-06T17:02:34Z</time>
      </trkpt>
      <trkpt lat="33.60424" lon="-117.76789">
        <ele>176.01</ele>
        <time>2026-06-06T17:02:39Z</time>
      </trkpt>
      <trkpt lat="33.60423" lon="-117.76793">
        <ele>176.98</ele>
        <time>2026-06-06T17:02:42Z</time>
      </trkpt>
      <trkpt lat="33.6042" lon="-117.76795">
        <ele>176.66</ele>
        <time>2026-06-06T17:02:46Z</time>
      </trkpt>
      <trkpt lat="33.60418" lon="-117.76798">
        <ele>176.83</ele>
        <time>2026-06-06T17:02:50Z</time>
      </trkpt>
      <trkpt lat="33.60417" lon="-117.76802">
        <ele>177.36</ele>
        <time>2026-06-06T17:02:54Z</time>
      </trkpt>
      <trkpt lat="33.60416" lon="-117.76805">
        <ele>177.66</ele>
        <time>2026-06-06T17:02:58Z</time>
      </trkpt>
      <trkpt lat="33.60415" lon="-117.76809">
        <ele>177.9</ele>
        <time>2026-06-06T17:03:02Z</time>
      </trkpt>
      <trkpt lat="33.60414" lon="-117.76812">
        <ele>178.03</ele>
        <time>2026-06-06T17:03:05Z</time>
      </trkpt>
      <trkpt lat="33.60413" lon="-117.76815">
        <ele>178.24</ele>
        <time>2026-06-06T17:03:08Z</time>
      </trkpt>
      <trkpt lat="33.60412" lon="-117.76818">
        <ele>178.51</ele>
        <time>2026-06-06T17:03:11Z</time>
      </trkpt>
      <trkpt lat="33.60411" lon="-117.76821">
        <ele>178.7</ele>
        <time>2026-06-06T17:03:14Z</time>
      </trkpt>
      <trkpt lat="33.6041" lon="-117.76825">
        <ele>178.94</ele>
        <time>2026-06-06T17:03:18Z</time>
      </trkpt>
      <trkpt lat="33.6041" lon="-117.76829">
        <ele>179.37</ele>
        <time>2026-06-06T17:03:22Z</time>
      </trkpt>
      <trkpt lat="33.60414" lon="-117.7683">
        <ele>180.78</ele>
        <time>2026-06-06T17:03:25Z</time>
      </trkpt>
      <trkpt lat="33.60417" lon="-117.76828">
        <ele>181.53</ele>
        <time>2026-06-06T17:03:28Z</time>
      </trkpt>
      <trkpt lat="33.60419" lon="-117.76825">
        <ele>181.86</ele>
        <time>2026-06-06T17:03:32Z</time>
      </trkpt>
      <trkpt lat="33.60422" lon="-117.76822">
        <ele>182.41</ele>
        <time>2026-06-06T17:03:36Z</time>
      </trkpt>
      <trkpt lat="33.60424" lon="-117.76819">
        <ele>182.71</ele>
        <time>2026-06-06T17:03:40Z</time>
      </trkpt>
      <trkpt lat="33.60426" lon="-117.76817">
        <ele>183.26</ele>
        <time>2026-06-06T17:03:44Z</time>
      </trkpt>
      <trkpt lat="33.60428" lon="-117.76814">
        <ele>183.56</ele>
        <time>2026-06-06T17:03:47Z</time>
      </trkpt>
      <trkpt lat="33.6043" lon="-117.76811">
        <ele>183.73</ele>
        <time>2026-06-06T17:03:50Z</time>
      </trkpt>
      <trkpt lat="33.60432" lon="-117.76808">
        <ele>183.75</ele>
        <time>2026-06-06T17:03:53Z</time>
      </trkpt>
      <trkpt lat="33.60434" lon="-117.76805">
        <ele>183.56</ele>
        <time>2026-06-06T17:03:57Z</time>
      </trkpt>
      <trkpt lat="33.60437" lon="-117.76803">
        <ele>183.62</ele>
        <time>2026-06-06T17:04:01Z</time>
      </trkpt>
      <trkpt lat="33.6044" lon="-117.76802">
        <ele>184.09</ele>
        <time>2026-06-06T17:04:05Z</time>
      </trkpt>
      <trkpt lat="33.60443" lon="-117.76801">
        <ele>184.63</ele>
        <time>2026-06-06T17:04:09Z</time>
      </trkpt>
      <trkpt lat="33.60446" lon="-117.768">
        <ele>185.24</ele>
        <time>2026-06-06T17:04:13Z</time>
      </trkpt>
      <trkpt lat="33.60449" lon="-117.768">
        <ele>186.08</ele>
        <time>2026-06-06T17:04:17Z</time>
      </trkpt>
      <trkpt lat="33.60451" lon="-117.76799">
        <ele>186.5</ele>
        <time>2026-06-06T17:04:21Z</time>
      </trkpt>
      <trkpt lat="33.60454" lon="-117.76797">
        <ele>187.14</ele>
        <time>2026-06-06T17:04:25Z</time>
      </trkpt>
      <trkpt lat="33.60457" lon="-117.76796">
        <ele>187.63</ele>
        <time>2026-06-06T17:04:29Z</time>
      </trkpt>
      <trkpt lat="33.6046" lon="-117.76797">
        <ele>188.44</ele>
        <time>2026-06-06T17:04:33Z</time>
      </trkpt>
      <trkpt lat="33.6046" lon="-117.76801">
        <ele>188.87</ele>
        <time>2026-06-06T17:04:35Z</time>
      </trkpt>
      <trkpt lat="33.6046" lon="-117.76804">
        <ele>189.19</ele>
        <time>2026-06-06T17:04:37Z</time>
      </trkpt>
      <trkpt lat="33.60459" lon="-117.76809">
        <ele>189.52</ele>
        <time>2026-06-06T17:04:40Z</time>
      </trkpt>
      <trkpt lat="33.60461" lon="-117.76811">
        <ele>190.16</ele>
        <time>2026-06-06T17:04:46Z</time>
      </trkpt>
      <trkpt lat="33.60464" lon="-117.76809">
        <ele>190.64</ele>
        <time>2026-06-06T17:04:49Z</time>
      </trkpt>
      <trkpt lat="33.60466" lon="-117.76806">
        <ele>190.72</ele>
        <time>2026-06-06T17:04:52Z</time>
      </trkpt>
      <trkpt lat="33.60469" lon="-117.76803">
        <ele>190.85</ele>
        <time>2026-06-06T17:04:55Z</time>
      </trkpt>
      <trkpt lat="33.60471" lon="-117.76801">
        <ele>190.82</ele>
        <time>2026-06-06T17:04:58Z</time>
      </trkpt>
      <trkpt lat="33.60473" lon="-117.76798">
        <ele>190.55</ele>
        <time>2026-06-06T17:05:02Z</time>
      </trkpt>
      <trkpt lat="33.60476" lon="-117.76796">
        <ele>190.69</ele>
        <time>2026-06-06T17:05:06Z</time>
      </trkpt>
      <trkpt lat="33.60478" lon="-117.76793">
        <ele>189.82</ele>
        <time>2026-06-06T17:05:10Z</time>
      </trkpt>
      <trkpt lat="33.6048" lon="-117.76791">
        <ele>189.39</ele>
        <time>2026-06-06T17:05:14Z</time>
      </trkpt>
      <trkpt lat="33.60481" lon="-117.76788">
        <ele>188.31</ele>
        <time>2026-06-06T17:05:18Z</time>
      </trkpt>
      <trkpt lat="33.60483" lon="-117.76784">
        <ele>187.67</ele>
        <time>2026-06-06T17:05:22Z</time>
      </trkpt>
      <trkpt lat="33.60485" lon="-117.76782">
        <ele>187.89</ele>
        <time>2026-06-06T17:05:25Z</time>
      </trkpt>
      <trkpt lat="33.60487" lon="-117.76778">
        <ele>187.46</ele>
        <time>2026-06-06T17:05:28Z</time>
      </trkpt>
      <trkpt lat="33.60489" lon="-117.76774">
        <ele>187.43</ele>
        <time>2026-06-06T17:05:31Z</time>
      </trkpt>
      <trkpt lat="33.60491" lon="-117.76771">
        <ele>187.59</ele>
        <time>2026-06-06T17:05:34Z</time>
      </trkpt>
      <trkpt lat="33.60494" lon="-117.7677">
        <ele>188.02</ele>
        <time>2026-06-06T17:05:38Z</time>
      </trkpt>
      <trkpt lat="33.60497" lon="-117.76773">
        <ele>189.32</ele>
        <time>2026-06-06T17:05:41Z</time>
      </trkpt>
      <trkpt lat="33.605" lon="-117.76775">
        <ele>190.4</ele>
        <time>2026-06-06T17:05:44Z</time>
      </trkpt>
      <trkpt lat="33.60503" lon="-117.76776">
        <ele>190.23</ele>
        <time>2026-06-06T17:05:47Z</time>
      </trkpt>
      <trkpt lat="33.60505" lon="-117.76778">
        <ele>190.52</ele>
        <time>2026-06-06T17:05:50Z</time>
      </trkpt>
      <trkpt lat="33.60508" lon="-117.76779">
        <ele>190.51</ele>
        <time>2026-06-06T17:05:53Z</time>
      </trkpt>
      <trkpt lat="33.6051" lon="-117.76781">
        <ele>190.8</ele>
        <time>2026-06-06T17:05:56Z</time>
      </trkpt>
      <trkpt lat="33.60513" lon="-117.76782">
        <ele>190.16</ele>
        <time>2026-06-06T17:05:59Z</time>
      </trkpt>
      <trkpt lat="33.60516" lon="-117.76784">
        <ele>189.83</ele>
        <time>2026-06-06T17:06:02Z</time>
      </trkpt>
      <trkpt lat="33.60518" lon="-117.76785">
        <ele>189.51</ele>
        <time>2026-06-06T17:06:05Z</time>
      </trkpt>
      <trkpt lat="33.60521" lon="-117.76787">
        <ele>189.45</ele>
        <time>2026-06-06T17:06:08Z</time>
      </trkpt>
      <trkpt lat="33.60523" lon="-117.76788">
        <ele>189.4</ele>
        <time>2026-06-06T17:06:11Z</time>
      </trkpt>
      <trkpt lat="33.60526" lon="-117.7679">
        <ele>189.41</ele>
        <time>2026-06-06T17:06:14Z</time>
      </trkpt>
      <trkpt lat="33.60529" lon="-117.76792">
        <ele>189.54</ele>
        <time>2026-06-06T17:06:17Z</time>
      </trkpt>
      <trkpt lat="33.60533" lon="-117.76793">
        <ele>189.57</ele>
        <time>2026-06-06T17:06:20Z</time>
      </trkpt>
      <trkpt lat="33.60535" lon="-117.76792">
        <ele>189.19</ele>
        <time>2026-06-06T17:06:22Z</time>
      </trkpt>
      <trkpt lat="33.60538" lon="-117.76792">
        <ele>189.18</ele>
        <time>2026-06-06T17:06:24Z</time>
      </trkpt>
      <trkpt lat="33.60542" lon="-117.76791">
        <ele>189.39</ele>
        <time>2026-06-06T17:06:27Z</time>
      </trkpt>
      <trkpt lat="33.60545" lon="-117.7679">
        <ele>189.5</ele>
        <time>2026-06-06T17:06:30Z</time>
      </trkpt>
      <trkpt lat="33.60547" lon="-117.76789">
        <ele>189.44</ele>
        <time>2026-06-06T17:06:33Z</time>
      </trkpt>
      <trkpt lat="33.60551" lon="-117.76787">
        <ele>188.99</ele>
        <time>2026-06-06T17:06:37Z</time>
      </trkpt>
      <trkpt lat="33.60554" lon="-117.76787">
        <ele>188.99</ele>
        <time>2026-06-06T17:06:41Z</time>
      </trkpt>
      <trkpt lat="33.60557" lon="-117.76786">
        <ele>188.79</ele>
        <time>2026-06-06T17:06:44Z</time>
      </trkpt>
      <trkpt lat="33.6056" lon="-117.76786">
        <ele>188.83</ele>
        <time>2026-06-06T17:06:47Z</time>
      </trkpt>
      <trkpt lat="33.60563" lon="-117.76785">
        <ele>188.74</ele>
        <time>2026-06-06T17:06:50Z</time>
      </trkpt>
      <trkpt lat="33.60565" lon="-117.76782">
        <ele>188.45</ele>
        <time>2026-06-06T17:06:53Z</time>
      </trkpt>
      <trkpt lat="33.60566" lon="-117.7678">
        <ele>188.17</ele>
        <time>2026-06-06T17:06:56Z</time>
      </trkpt>
      <trkpt lat="33.60569" lon="-117.76778">
        <ele>187.59</ele>
        <time>2026-06-06T17:06:59Z</time>
      </trkpt>
      <trkpt lat="33.60573" lon="-117.76776">
        <ele>186.54</ele>
        <time>2026-06-06T17:07:02Z</time>
      </trkpt>
      <trkpt lat="33.60576" lon="-117.76776">
        <ele>186.63</ele>
        <time>2026-06-06T17:07:05Z</time>
      </trkpt>
      <trkpt lat="33.60579" lon="-117.76777">
        <ele>187.28</ele>
        <time>2026-06-06T17:07:08Z</time>
      </trkpt>
      <trkpt lat="33.60583" lon="-117.76777">
        <ele>187.71</ele>
        <time>2026-06-06T17:07:11Z</time>
      </trkpt>
      <trkpt lat="33.60586" lon="-117.76776">
        <ele>187.42</ele>
        <time>2026-06-06T17:07:14Z</time>
      </trkpt>
      <trkpt lat="33.6059" lon="-117.76776">
        <ele>187.42</ele>
        <time>2026-06-06T17:07:17Z</time>
      </trkpt>
      <trkpt lat="33.60593" lon="-117.76775">
        <ele>187.19</ele>
        <time>2026-06-06T17:07:20Z</time>
      </trkpt>
      <trkpt lat="33.60596" lon="-117.76775">
        <ele>187.84</ele>
        <time>2026-06-06T17:07:23Z</time>
      </trkpt>
      <trkpt lat="33.60598" lon="-117.76775">
        <ele>188.27</ele>
        <time>2026-06-06T17:07:26Z</time>
      </trkpt>
      <trkpt lat="33.60601" lon="-117.76775">
        <ele>188.92</ele>
        <time>2026-06-06T17:07:29Z</time>
      </trkpt>
      <trkpt lat="33.60604" lon="-117.76775">
        <ele>189.17</ele>
        <time>2026-06-06T17:07:32Z</time>
      </trkpt>
      <trkpt lat="33.60607" lon="-117.76775">
        <ele>189.27</ele>
        <time>2026-06-06T17:07:35Z</time>
      </trkpt>
      <trkpt lat="33.6061" lon="-117.76775">
        <ele>189.36</ele>
        <time>2026-06-06T17:07:38Z</time>
      </trkpt>
      <trkpt lat="33.60612" lon="-117.76776">
        <ele>189.71</ele>
        <time>2026-06-06T17:07:41Z</time>
      </trkpt>
      <trkpt lat="33.60615" lon="-117.76775">
        <ele>189.82</ele>
        <time>2026-06-06T17:07:44Z</time>
      </trkpt>
      <trkpt lat="33.60618" lon="-117.76774">
        <ele>189.93</ele>
        <time>2026-06-06T17:07:47Z</time>
      </trkpt>
      <trkpt lat="33.6062" lon="-117.76772">
        <ele>189.71</ele>
        <time>2026-06-06T17:07:50Z</time>
      </trkpt>
      <trkpt lat="33.60623" lon="-117.7677">
        <ele>189.93</ele>
        <time>2026-06-06T17:07:54Z</time>
      </trkpt>
      <trkpt lat="33.60623" lon="-117.76767">
        <ele>189.12</ele>
        <time>2026-06-06T17:07:58Z</time>
      </trkpt>
      <trkpt lat="33.60626" lon="-117.76764">
        <ele>189.05</ele>
        <time>2026-06-06T17:08:02Z</time>
      </trkpt>
      <trkpt lat="33.60629" lon="-117.76762">
        <ele>189.41</ele>
        <time>2026-06-06T17:08:05Z</time>
      </trkpt>
      <trkpt lat="33.60631" lon="-117.76759">
        <ele>189.27</ele>
        <time>2026-06-06T17:08:09Z</time>
      </trkpt>
      <trkpt lat="33.60633" lon="-117.76756">
        <ele>189.5</ele>
        <time>2026-06-06T17:08:13Z</time>
      </trkpt>
      <trkpt lat="33.60635" lon="-117.76752">
        <ele>189.83</ele>
        <time>2026-06-06T17:08:16Z</time>
      </trkpt>
      <trkpt lat="33.60636" lon="-117.76748">
        <ele>190.06</ele>
        <time>2026-06-06T17:08:19Z</time>
      </trkpt>
      <trkpt lat="33.60637" lon="-117.76745">
        <ele>190.39</ele>
        <time>2026-06-06T17:08:22Z</time>
      </trkpt>
      <trkpt lat="33.60639" lon="-117.76742">
        <ele>191.01</ele>
        <time>2026-06-06T17:08:26Z</time>
      </trkpt>
      <trkpt lat="33.60641" lon="-117.76739">
        <ele>191.0</ele>
        <time>2026-06-06T17:08:30Z</time>
      </trkpt>
      <trkpt lat="33.60643" lon="-117.76737">
        <ele>190.86</ele>
        <time>2026-06-06T17:08:35Z</time>
      </trkpt>
      <trkpt lat="33.60643" lon="-117.76734">
        <ele>190.39</ele>
        <time>2026-06-06T17:08:40Z</time>
      </trkpt>
      <trkpt lat="33.6064" lon="-117.76731">
        <ele>189.88</ele>
        <time>2026-06-06T17:08:44Z</time>
      </trkpt>
      <trkpt lat="33.60638" lon="-117.7673">
        <ele>189.5</ele>
        <time>2026-06-06T17:08:47Z</time>
      </trkpt>
      <trkpt lat="33.60634" lon="-117.76731">
        <ele>188.87</ele>
        <time>2026-06-06T17:08:51Z</time>
      </trkpt>
      <trkpt lat="33.60631" lon="-117.76733">
        <ele>188.32</ele>
        <time>2026-06-06T17:08:55Z</time>
      </trkpt>
      <trkpt lat="33.60629" lon="-117.76735">
        <ele>187.8</ele>
        <time>2026-06-06T17:08:58Z</time>
      </trkpt>
      <trkpt lat="33.60627" lon="-117.76738">
        <ele>187.15</ele>
        <time>2026-06-06T17:09:02Z</time>
      </trkpt>
      <trkpt lat="33.60625" lon="-117.76741">
        <ele>186.51</ele>
        <time>2026-06-06T17:09:05Z</time>
      </trkpt>
      <trkpt lat="33.60624" lon="-117.76744">
        <ele>186.39</ele>
        <time>2026-06-06T17:09:08Z</time>
      </trkpt>
      <trkpt lat="33.60622" lon="-117.76747">
        <ele>186.09</ele>
        <time>2026-06-06T17:09:11Z</time>
      </trkpt>
      <trkpt lat="33.60621" lon="-117.7675">
        <ele>186.14</ele>
        <time>2026-06-06T17:09:14Z</time>
      </trkpt>
      <trkpt lat="33.60619" lon="-117.76754">
        <ele>185.77</ele>
        <time>2026-06-06T17:09:18Z</time>
      </trkpt>
      <trkpt lat="33.60617" lon="-117.76756">
        <ele>185.51</ele>
        <time>2026-06-06T17:09:22Z</time>
      </trkpt>
      <trkpt lat="33.60614" lon="-117.76755">
        <ele>185.0</ele>
        <time>2026-06-06T17:09:27Z</time>
      </trkpt>
      <trkpt lat="33.60612" lon="-117.76752">
        <ele>184.39</ele>
        <time>2026-06-06T17:09:31Z</time>
      </trkpt>
      <trkpt lat="33.60614" lon="-117.76749">
        <ele>184.44</ele>
        <time>2026-06-06T17:09:34Z</time>
      </trkpt>
      <trkpt lat="33.60615" lon="-117.76745">
        <ele>183.99</ele>
        <time>2026-06-06T17:09:36Z</time>
      </trkpt>
      <trkpt lat="33.60616" lon="-117.76742">
        <ele>183.78</ele>
        <time>2026-06-06T17:09:38Z</time>
      </trkpt>
      <trkpt lat="33.60616" lon="-117.76738">
        <ele>183.58</ele>
        <time>2026-06-06T17:09:40Z</time>
      </trkpt>
      <trkpt lat="33.60617" lon="-117.76734">
        <ele>183.91</ele>
        <time>2026-06-06T17:09:43Z</time>
      </trkpt>
      <trkpt lat="33.60618" lon="-117.7673">
        <ele>184.11</ele>
        <time>2026-06-06T17:09:46Z</time>
      </trkpt>
      <trkpt lat="33.6062" lon="-117.76727">
        <ele>184.42</ele>
        <time>2026-06-06T17:09:49Z</time>
      </trkpt>
      <trkpt lat="33.60622" lon="-117.76724">
        <ele>184.72</ele>
        <time>2026-06-06T17:09:53Z</time>
      </trkpt>
      <trkpt lat="33.60624" lon="-117.76721">
        <ele>184.99</ele>
        <time>2026-06-06T17:09:57Z</time>
      </trkpt>
      <trkpt lat="33.60626" lon="-117.76718">
        <ele>185.09</ele>
        <time>2026-06-06T17:10:01Z</time>
      </trkpt>
      <trkpt lat="33.60629" lon="-117.76715">
        <ele>185.29</ele>
        <time>2026-06-06T17:10:05Z</time>
      </trkpt>
      <trkpt lat="33.60631" lon="-117.76712">
        <ele>184.85</ele>
        <time>2026-06-06T17:10:08Z</time>
      </trkpt>
      <trkpt lat="33.60633" lon="-117.7671">
        <ele>184.52</ele>
        <time>2026-06-06T17:10:12Z</time>
      </trkpt>
      <trkpt lat="33.60636" lon="-117.76707">
        <ele>184.2</ele>
        <time>2026-06-06T17:10:16Z</time>
      </trkpt>
      <trkpt lat="33.60637" lon="-117.76704">
        <ele>183.66</ele>
        <time>2026-06-06T17:10:24Z</time>
      </trkpt>
      <trkpt lat="33.60637" lon="-117.76701">
        <ele>183.01</ele>
        <time>2026-06-06T17:10:28Z</time>
      </trkpt>
      <trkpt lat="33.60637" lon="-117.76697">
        <ele>182.14</ele>
        <time>2026-06-06T17:10:32Z</time>
      </trkpt>
      <trkpt lat="33.60637" lon="-117.76694">
        <ele>181.58</ele>
        <time>2026-06-06T17:10:35Z</time>
      </trkpt>
      <trkpt lat="33.60638" lon="-117.7669">
        <ele>181.76</ele>
        <time>2026-06-06T17:10:38Z</time>
      </trkpt>
      <trkpt lat="33.6064" lon="-117.76687">
        <ele>182.12</ele>
        <time>2026-06-06T17:10:41Z</time>
      </trkpt>
      <trkpt lat="33.60642" lon="-117.76684">
        <ele>182.29</ele>
        <time>2026-06-06T17:10:44Z</time>
      </trkpt>
      <trkpt lat="33.60643" lon="-117.76681">
        <ele>182.39</ele>
        <time>2026-06-06T17:10:49Z</time>
      </trkpt>
      <trkpt lat="33.60644" lon="-117.76678">
        <ele>182.63</ele>
        <time>2026-06-06T17:10:53Z</time>
      </trkpt>
      <trkpt lat="33.60645" lon="-117.76675">
        <ele>182.98</ele>
        <time>2026-06-06T17:10:56Z</time>
      </trkpt>
      <trkpt lat="33.60644" lon="-117.7667">
        <ele>182.66</ele>
        <time>2026-06-06T17:10:59Z</time>
      </trkpt>
      <trkpt lat="33.60643" lon="-117.76666">
        <ele>182.33</ele>
        <time>2026-06-06T17:11:02Z</time>
      </trkpt>
      <trkpt lat="33.60642" lon="-117.76662">
        <ele>182.01</ele>
        <time>2026-06-06T17:11:05Z</time>
      </trkpt>
      <trkpt lat="33.60642" lon="-117.76658">
        <ele>182.01</ele>
        <time>2026-06-06T17:11:08Z</time>
      </trkpt>
      <trkpt lat="33.60643" lon="-117.76653">
        <ele>182.6</ele>
        <time>2026-06-06T17:11:11Z</time>
      </trkpt>
      <trkpt lat="33.60644" lon="-117.76649">
        <ele>183.06</ele>
        <time>2026-06-06T17:11:14Z</time>
      </trkpt>
      <trkpt lat="33.60646" lon="-117.76646">
        <ele>183.3</ele>
        <time>2026-06-06T17:11:17Z</time>
      </trkpt>
      <trkpt lat="33.60649" lon="-117.76644">
        <ele>183.59</ele>
        <time>2026-06-06T17:11:19Z</time>
      </trkpt>
      <trkpt lat="33.60651" lon="-117.76642">
        <ele>183.54</ele>
        <time>2026-06-06T17:11:21Z</time>
      </trkpt>
      <trkpt lat="33.60653" lon="-117.76639">
        <ele>183.53</ele>
        <time>2026-06-06T17:11:24Z</time>
      </trkpt>
      <trkpt lat="33.60651" lon="-117.76636">
        <ele>182.9</ele>
        <time>2026-06-06T17:11:29Z</time>
      </trkpt>
      <trkpt lat="33.60649" lon="-117.76634">
        <ele>182.52</ele>
        <time>2026-06-06T17:11:34Z</time>
      </trkpt>
      <trkpt lat="33.60645" lon="-117.76633">
        <ele>181.68</ele>
        <time>2026-06-06T17:11:39Z</time>
      </trkpt>
      <trkpt lat="33.60642" lon="-117.76632">
        <ele>180.93</ele>
        <time>2026-06-06T17:11:43Z</time>
      </trkpt>
      <trkpt lat="33.60639" lon="-117.76632">
        <ele>180.28</ele>
        <time>2026-06-06T17:11:46Z</time>
      </trkpt>
      <trkpt lat="33.60636" lon="-117.76634">
        <ele>179.85</ele>
        <time>2026-06-06T17:11:50Z</time>
      </trkpt>
      <trkpt lat="33.60634" lon="-117.76635">
        <ele>179.52</ele>
        <time>2026-06-06T17:11:53Z</time>
      </trkpt>
      <trkpt lat="33.60631" lon="-117.76634">
        <ele>178.77</ele>
        <time>2026-06-06T17:11:58Z</time>
      </trkpt>
      <trkpt lat="33.60632" lon="-117.76631">
        <ele>178.66</ele>
        <time>2026-06-06T17:12:01Z</time>
      </trkpt>
      <trkpt lat="33.60632" lon="-117.76627">
        <ele>178.23</ele>
        <time>2026-06-06T17:12:04Z</time>
      </trkpt>
      <trkpt lat="33.60632" lon="-117.76623">
        <ele>177.8</ele>
        <time>2026-06-06T17:12:07Z</time>
      </trkpt>
      <trkpt lat="33.60632" lon="-117.76619">
        <ele>177.36</ele>
        <time>2026-06-06T17:12:10Z</time>
      </trkpt>
      <trkpt lat="33.60632" lon="-117.76615">
        <ele>176.93</ele>
        <time>2026-06-06T17:12:13Z</time>
      </trkpt>
      <trkpt lat="33.60631" lon="-117.76612">
        <ele>176.39</ele>
        <time>2026-06-06T17:12:17Z</time>
      </trkpt>
      <trkpt lat="33.60629" lon="-117.76609">
        <ele>175.58</ele>
        <time>2026-06-06T17:12:20Z</time>
      </trkpt>
      <trkpt lat="33.60628" lon="-117.76606">
        <ele>175.02</ele>
        <time>2026-06-06T17:12:23Z</time>
      </trkpt>
      <trkpt lat="33.60626" lon="-117.76603">
        <ele>174.29</ele>
        <time>2026-06-06T17:12:26Z</time>
      </trkpt>
      <trkpt lat="33.60626" lon="-117.76599">
        <ele>173.91</ele>
        <time>2026-06-06T17:12:30Z</time>
      </trkpt>
      <trkpt lat="33.60628" lon="-117.76596">
        <ele>174.02</ele>
        <time>2026-06-06T17:12:33Z</time>
      </trkpt>
      <trkpt lat="33.6063" lon="-117.76594">
        <ele>174.16</ele>
        <time>2026-06-06T17:12:36Z</time>
      </trkpt>
      <trkpt lat="33.60634" lon="-117.76593">
        <ele>174.06</ele>
        <time>2026-06-06T17:12:39Z</time>
      </trkpt>
      <trkpt lat="33.60638" lon="-117.76593">
        <ele>174.08</ele>
        <time>2026-06-06T17:12:41Z</time>
      </trkpt>
      <trkpt lat="33.60642" lon="-117.76594">
        <ele>174.02</ele>
        <time>2026-06-06T17:12:43Z</time>
      </trkpt>
      <trkpt lat="33.60645" lon="-117.76594">
        <ele>173.74</ele>
        <time>2026-06-06T17:12:45Z</time>
      </trkpt>
      <trkpt lat="33.60648" lon="-117.76594">
        <ele>173.47</ele>
        <time>2026-06-06T17:12:48Z</time>
      </trkpt>
      <trkpt lat="33.60651" lon="-117.76593">
        <ele>172.82</ele>
        <time>2026-06-06T17:12:52Z</time>
      </trkpt>
      <trkpt lat="33.60652" lon="-117.76589">
        <ele>171.81</ele>
        <time>2026-06-06T17:12:56Z</time>
      </trkpt>
      <trkpt lat="33.60649" lon="-117.76586">
        <ele>171.48</ele>
        <time>2026-06-06T17:13:00Z</time>
      </trkpt>
      <trkpt lat="33.60646" lon="-117.76584">
        <ele>171.16</ele>
        <time>2026-06-06T17:13:03Z</time>
      </trkpt>
      <trkpt lat="33.60643" lon="-117.76583">
        <ele>170.93</ele>
        <time>2026-06-06T17:13:05Z</time>
      </trkpt>
      <trkpt lat="33.6064" lon="-117.76582">
        <ele>170.71</ele>
        <time>2026-06-06T17:13:07Z</time>
      </trkpt>
      <trkpt lat="33.60636" lon="-117.76581">
        <ele>170.5</ele>
        <time>2026-06-06T17:13:09Z</time>
      </trkpt>
      <trkpt lat="33.60633" lon="-117.7658">
        <ele>170.28</ele>
        <time>2026-06-06T17:13:11Z</time>
      </trkpt>
      <trkpt lat="33.6063" lon="-117.76579">
        <ele>170.06</ele>
        <time>2026-06-06T17:13:14Z</time>
      </trkpt>
      <trkpt lat="33.60626" lon="-117.76579">
        <ele>169.67</ele>
        <time>2026-06-06T17:13:17Z</time>
      </trkpt>
      <trkpt lat="33.60623" lon="-117.76579">
        <ele>169.35</ele>
        <time>2026-06-06T17:13:20Z</time>
      </trkpt>
      <trkpt lat="33.6062" lon="-117.76581">
        <ele>169.46</ele>
        <time>2026-06-06T17:13:25Z</time>
      </trkpt>
      <trkpt lat="33.60618" lon="-117.76583">
        <ele>169.67</ele>
        <time>2026-06-06T17:13:40Z</time>
      </trkpt>
      <trkpt lat="33.60614" lon="-117.76584">
        <ele>169.41</ele>
        <time>2026-06-06T17:13:43Z</time>
      </trkpt>
      <trkpt lat="33.60612" lon="-117.76581">
        <ele>168.59</ele>
        <time>2026-06-06T17:13:47Z</time>
      </trkpt>
      <trkpt lat="33.60613" lon="-117.76578">
        <ele>168.05</ele>
        <time>2026-06-06T17:13:49Z</time>
      </trkpt>
      <trkpt lat="33.60616" lon="-117.76576">
        <ele>167.94</ele>
        <time>2026-06-06T17:13:51Z</time>
      </trkpt>
      <trkpt lat="33.60619" lon="-117.76574">
        <ele>167.84</ele>
        <time>2026-06-06T17:13:54Z</time>
      </trkpt>
      <trkpt lat="33.60622" lon="-117.76572">
        <ele>167.69</ele>
        <time>2026-06-06T17:13:57Z</time>
      </trkpt>
      <trkpt lat="33.60625" lon="-117.7657">
        <ele>167.4</ele>
        <time>2026-06-06T17:14:00Z</time>
      </trkpt>
      <trkpt lat="33.60627" lon="-117.76568">
        <ele>166.93</ele>
        <time>2026-06-06T17:14:03Z</time>
      </trkpt>
      <trkpt lat="33.6063" lon="-117.76566">
        <ele>166.42</ele>
        <time>2026-06-06T17:14:06Z</time>
      </trkpt>
      <trkpt lat="33.60633" lon="-117.76565">
        <ele>166.42</ele>
        <time>2026-06-06T17:14:09Z</time>
      </trkpt>
      <trkpt lat="33.60635" lon="-117.76563">
        <ele>166.07</ele>
        <time>2026-06-06T17:14:12Z</time>
      </trkpt>
      <trkpt lat="33.60638" lon="-117.76562">
        <ele>166.02</ele>
        <time>2026-06-06T17:14:15Z</time>
      </trkpt>
      <trkpt lat="33.60641" lon="-117.7656">
        <ele>165.56</ele>
        <time>2026-06-06T17:14:18Z</time>
      </trkpt>
      <trkpt lat="33.60644" lon="-117.76559">
        <ele>165.46</ele>
        <time>2026-06-06T17:14:21Z</time>
      </trkpt>
      <trkpt lat="33.60647" lon="-117.76557">
        <ele>165.21</ele>
        <time>2026-06-06T17:14:24Z</time>
      </trkpt>
      <trkpt lat="33.6065" lon="-117.76556">
        <ele>164.9</ele>
        <time>2026-06-06T17:14:27Z</time>
      </trkpt>
      <trkpt lat="33.60653" lon="-117.76555">
        <ele>164.33</ele>
        <time>2026-06-06T17:14:30Z</time>
      </trkpt>
      <trkpt lat="33.60656" lon="-117.76554">
        <ele>163.79</ele>
        <time>2026-06-06T17:14:33Z</time>
      </trkpt>
      <trkpt lat="33.60658" lon="-117.76553">
        <ele>163.38</ele>
        <time>2026-06-06T17:14:36Z</time>
      </trkpt>
      <trkpt lat="33.60655" lon="-117.76551">
        <ele>163.15</ele>
        <time>2026-06-06T17:14:40Z</time>
      </trkpt>
      <trkpt lat="33.60651" lon="-117.7655">
        <ele>163.08</ele>
        <time>2026-06-06T17:14:42Z</time>
      </trkpt>
      <trkpt lat="33.60649" lon="-117.76549">
        <ele>162.85</ele>
        <time>2026-06-06T17:14:44Z</time>
      </trkpt>
      <trkpt lat="33.60645" lon="-117.76548">
        <ele>162.49</ele>
        <time>2026-06-06T17:14:47Z</time>
      </trkpt>
      <trkpt lat="33.60641" lon="-117.76548">
        <ele>162.41</ele>
        <time>2026-06-06T17:14:50Z</time>
      </trkpt>
      <trkpt lat="33.60638" lon="-117.76549">
        <ele>162.58</ele>
        <time>2026-06-06T17:14:53Z</time>
      </trkpt>
      <trkpt lat="33.60635" lon="-117.76548">
        <ele>162.37</ele>
        <time>2026-06-06T17:14:57Z</time>
      </trkpt>
      <trkpt lat="33.60632" lon="-117.76546">
        <ele>161.94</ele>
        <time>2026-06-06T17:15:01Z</time>
      </trkpt>
      <trkpt lat="33.6063" lon="-117.76546">
        <ele>161.94</ele>
        <time>2026-06-06T17:15:04Z</time>
      </trkpt>
      <trkpt lat="33.60626" lon="-117.76546">
        <ele>161.94</ele>
        <time>2026-06-06T17:15:07Z</time>
      </trkpt>
      <trkpt lat="33.60623" lon="-117.76545">
        <ele>161.72</ele>
        <time>2026-06-06T17:15:10Z</time>
      </trkpt>
      <trkpt lat="33.6062" lon="-117.76546">
        <ele>161.9</ele>
        <time>2026-06-06T17:15:13Z</time>
      </trkpt>
      <trkpt lat="33.60617" lon="-117.76546">
        <ele>161.57</ele>
        <time>2026-06-06T17:15:16Z</time>
      </trkpt>
      <trkpt lat="33.60614" lon="-117.76547">
        <ele>161.44</ele>
        <time>2026-06-06T17:15:19Z</time>
      </trkpt>
      <trkpt lat="33.6061" lon="-117.76548">
        <ele>161.25</ele>
        <time>2026-06-06T17:15:22Z</time>
      </trkpt>
      <trkpt lat="33.60608" lon="-117.76546">
        <ele>160.6</ele>
        <time>2026-06-06T17:15:26Z</time>
      </trkpt>
      <trkpt lat="33.60609" lon="-117.76542">
        <ele>159.84</ele>
        <time>2026-06-06T17:15:29Z</time>
      </trkpt>
      <trkpt lat="33.60611" lon="-117.76538">
        <ele>159.2</ele>
        <time>2026-06-06T17:15:32Z</time>
      </trkpt>
      <trkpt lat="33.60614" lon="-117.76535">
        <ele>158.87</ele>
        <time>2026-06-06T17:15:35Z</time>
      </trkpt>
      <trkpt lat="33.60616" lon="-117.76532">
        <ele>158.44</ele>
        <time>2026-06-06T17:15:38Z</time>
      </trkpt>
      <trkpt lat="33.60619" lon="-117.76529">
        <ele>158.12</ele>
        <time>2026-06-06T17:15:41Z</time>
      </trkpt>
      <trkpt lat="33.60622" lon="-117.76527">
        <ele>157.76</ele>
        <time>2026-06-06T17:15:44Z</time>
      </trkpt>
      <trkpt lat="33.60625" lon="-117.76524">
        <ele>156.98</ele>
        <time>2026-06-06T17:15:47Z</time>
      </trkpt>
      <trkpt lat="33.60628" lon="-117.76523">
        <ele>156.88</ele>
        <time>2026-06-06T17:15:50Z</time>
      </trkpt>
      <trkpt lat="33.60631" lon="-117.76522">
        <ele>156.75</ele>
        <time>2026-06-06T17:15:52Z</time>
      </trkpt>
      <trkpt lat="33.60635" lon="-117.7652">
        <ele>156.32</ele>
        <time>2026-06-06T17:15:55Z</time>
      </trkpt>
      <trkpt lat="33.60638" lon="-117.7652">
        <ele>156.32</ele>
        <time>2026-06-06T17:15:58Z</time>
      </trkpt>
      <trkpt lat="33.60641" lon="-117.7652">
        <ele>156.32</ele>
        <time>2026-06-06T17:16:01Z</time>
      </trkpt>
      <trkpt lat="33.60644" lon="-117.76519">
        <ele>156.1</ele>
        <time>2026-06-06T17:16:05Z</time>
      </trkpt>
      <trkpt lat="33.60647" lon="-117.76518">
        <ele>155.89</ele>
        <time>2026-06-06T17:16:08Z</time>
      </trkpt>
      <trkpt lat="33.6065" lon="-117.76517">
        <ele>155.47</ele>
        <time>2026-06-06T17:16:11Z</time>
      </trkpt>
      <trkpt lat="33.60653" lon="-117.76517">
        <ele>155.15</ele>
        <time>2026-06-06T17:16:15Z</time>
      </trkpt>
      <trkpt lat="33.60656" lon="-117.76515">
        <ele>154.39</ele>
        <time>2026-06-06T17:16:20Z</time>
      </trkpt>
      <trkpt lat="33.60654" lon="-117.76511">
        <ele>153.74</ele>
        <time>2026-06-06T17:16:25Z</time>
      </trkpt>
      <trkpt lat="33.60652" lon="-117.76508">
        <ele>153.39</ele>
        <time>2026-06-06T17:16:27Z</time>
      </trkpt>
      <trkpt lat="33.60649" lon="-117.76506">
        <ele>153.52</ele>
        <time>2026-06-06T17:16:30Z</time>
      </trkpt>
      <trkpt lat="33.60648" lon="-117.76502">
        <ele>153.22</ele>
        <time>2026-06-06T17:16:33Z</time>
      </trkpt>
      <trkpt lat="33.60647" lon="-117.76499">
        <ele>152.8</ele>
        <time>2026-06-06T17:16:36Z</time>
      </trkpt>
      <trkpt lat="33.60646" lon="-117.76495">
        <ele>152.05</ele>
        <time>2026-06-06T17:16:39Z</time>
      </trkpt>
      <trkpt lat="33.60644" lon="-117.76492">
        <ele>151.66</ele>
        <time>2026-06-06T17:16:42Z</time>
      </trkpt>
      <trkpt lat="33.60642" lon="-117.76489">
        <ele>151.35</ele>
        <time>2026-06-06T17:16:45Z</time>
      </trkpt>
      <trkpt lat="33.6064" lon="-117.76488">
        <ele>151.32</ele>
        <time>2026-06-06T17:16:48Z</time>
      </trkpt>
      <trkpt lat="33.60637" lon="-117.76486">
        <ele>150.88</ele>
        <time>2026-06-06T17:16:51Z</time>
      </trkpt>
      <trkpt lat="33.60635" lon="-117.76484">
        <ele>150.43</ele>
        <time>2026-06-06T17:16:54Z</time>
      </trkpt>
      <trkpt lat="33.60634" lon="-117.76481">
        <ele>149.92</ele>
        <time>2026-06-06T17:16:57Z</time>
      </trkpt>
      <trkpt lat="33.60633" lon="-117.76478">
        <ele>149.38</ele>
        <time>2026-06-06T17:17:00Z</time>
      </trkpt>
      <trkpt lat="33.60631" lon="-117.76475">
        <ele>148.7</ele>
        <time>2026-06-06T17:17:03Z</time>
      </trkpt>
      <trkpt lat="33.60631" lon="-117.76471">
        <ele>148.02</ele>
        <time>2026-06-06T17:17:06Z</time>
      </trkpt>
      <trkpt lat="33.6063" lon="-117.76468">
        <ele>147.58</ele>
        <time>2026-06-06T17:17:09Z</time>
      </trkpt>
      <trkpt lat="33.6063" lon="-117.76465">
        <ele>147.26</ele>
        <time>2026-06-06T17:17:12Z</time>
      </trkpt>
      <trkpt lat="33.60631" lon="-117.76462">
        <ele>147.04</ele>
        <time>2026-06-06T17:17:15Z</time>
      </trkpt>
      <trkpt lat="33.60633" lon="-117.76459">
        <ele>146.94</ele>
        <time>2026-06-06T17:17:17Z</time>
      </trkpt>
      <trkpt lat="33.60635" lon="-117.76457">
        <ele>146.94</ele>
        <time>2026-06-06T17:17:19Z</time>
      </trkpt>
      <trkpt lat="33.60637" lon="-117.76454">
        <ele>146.83</ele>
        <time>2026-06-06T17:17:22Z</time>
      </trkpt>
      <trkpt lat="33.60637" lon="-117.7645">
        <ele>146.4</ele>
        <time>2026-06-06T17:17:26Z</time>
      </trkpt>
      <trkpt lat="33.60636" lon="-117.76447">
        <ele>145.96</ele>
        <time>2026-06-06T17:17:29Z</time>
      </trkpt>
      <trkpt lat="33.60635" lon="-117.76443">
        <ele>145.51</ele>
        <time>2026-06-06T17:17:32Z</time>
      </trkpt>
      <trkpt lat="33.60637" lon="-117.7644">
        <ele>145.7</ele>
        <time>2026-06-06T17:17:35Z</time>
      </trkpt>
      <trkpt lat="33.60639" lon="-117.76437">
        <ele>145.99</ele>
        <time>2026-06-06T17:17:38Z</time>
      </trkpt>
      <trkpt lat="33.6064" lon="-117.76433">
        <ele>145.64</ele>
        <time>2026-06-06T17:17:41Z</time>
      </trkpt>
      <trkpt lat="33.60641" lon="-117.7643">
        <ele>145.21</ele>
        <time>2026-06-06T17:17:44Z</time>
      </trkpt>
      <trkpt lat="33.60641" lon="-117.76426">
        <ele>144.78</ele>
        <time>2026-06-06T17:17:46Z</time>
      </trkpt>
      <trkpt lat="33.60641" lon="-117.76423">
        <ele>144.77</ele>
        <time>2026-06-06T17:17:48Z</time>
      </trkpt>
      <trkpt lat="33.6064" lon="-117.76418">
        <ele>144.88</ele>
        <time>2026-06-06T17:17:51Z</time>
      </trkpt>
      <trkpt lat="33.60639" lon="-117.76415">
        <ele>144.99</ele>
        <time>2026-06-06T17:17:53Z</time>
      </trkpt>
      <trkpt lat="33.60638" lon="-117.76411">
        <ele>144.96</ele>
        <time>2026-06-06T17:17:56Z</time>
      </trkpt>
      <trkpt lat="33.60637" lon="-117.76406">
        <ele>145.0</ele>
        <time>2026-06-06T17:17:59Z</time>
      </trkpt>
      <trkpt lat="33.60636" lon="-117.76402">
        <ele>145.0</ele>
        <time>2026-06-06T17:18:02Z</time>
      </trkpt>
      <trkpt lat="33.60635" lon="-117.76398">
        <ele>145.0</ele>
        <time>2026-06-06T17:18:05Z</time>
      </trkpt>
      <trkpt lat="33.60634" lon="-117.76394">
        <ele>145.0</ele>
        <time>2026-06-06T17:18:08Z</time>
      </trkpt>
      <trkpt lat="33.60632" lon="-117.76391">
        <ele>145.0</ele>
        <time>2026-06-06T17:18:11Z</time>
      </trkpt>
      <trkpt lat="33.60629" lon="-117.76389">
        <ele>144.86</ele>
        <time>2026-06-06T17:18:14Z</time>
      </trkpt>
      <trkpt lat="33.60626" lon="-117.76387">
        <ele>144.3</ele>
        <time>2026-06-06T17:18:17Z</time>
      </trkpt>
      <trkpt lat="33.60626" lon="-117.76383">
        <ele>144.47</ele>
        <time>2026-06-06T17:18:20Z</time>
      </trkpt>
      <trkpt lat="33.60625" lon="-117.76379">
        <ele>144.47</ele>
        <time>2026-06-06T17:18:23Z</time>
      </trkpt>
      <trkpt lat="33.60624" lon="-117.76376">
        <ele>144.24</ele>
        <time>2026-06-06T17:18:26Z</time>
      </trkpt>
      <trkpt lat="33.60622" lon="-117.76373">
        <ele>144.05</ele>
        <time>2026-06-06T17:18:29Z</time>
      </trkpt>
      <trkpt lat="33.60619" lon="-117.76371">
        <ele>143.57</ele>
        <time>2026-06-06T17:18:32Z</time>
      </trkpt>
      <trkpt lat="33.60617" lon="-117.76369">
        <ele>142.87</ele>
        <time>2026-06-06T17:18:35Z</time>
      </trkpt>
      <trkpt lat="33.60615" lon="-117.76366">
        <ele>142.34</ele>
        <time>2026-06-06T17:18:38Z</time>
      </trkpt>
      <trkpt lat="33.60616" lon="-117.76362">
        <ele>142.53</ele>
        <time>2026-06-06T17:18:41Z</time>
      </trkpt>
      <trkpt lat="33.60617" lon="-117.76359">
        <ele>142.55</ele>
        <time>2026-06-06T17:18:43Z</time>
      </trkpt>
      <trkpt lat="33.60619" lon="-117.76355">
        <ele>142.75</ele>
        <time>2026-06-06T17:18:46Z</time>
      </trkpt>
      <trkpt lat="33.60619" lon="-117.76351">
        <ele>142.63</ele>
        <time>2026-06-06T17:18:49Z</time>
      </trkpt>
      <trkpt lat="33.60619" lon="-117.76347">
        <ele>142.26</ele>
        <time>2026-06-06T17:18:52Z</time>
      </trkpt>
      <trkpt lat="33.60619" lon="-117.76343">
        <ele>141.89</ele>
        <time>2026-06-06T17:18:55Z</time>
      </trkpt>
      <trkpt lat="33.6062" lon="-117.76339">
        <ele>141.94</ele>
        <time>2026-06-06T17:18:58Z</time>
      </trkpt>
      <trkpt lat="33.60621" lon="-117.76336">
        <ele>141.95</ele>
        <time>2026-06-06T17:19:01Z</time>
      </trkpt>
      <trkpt lat="33.60625" lon="-117.76335">
        <ele>141.59</ele>
        <time>2026-06-06T17:19:04Z</time>
      </trkpt>
      <trkpt lat="33.60627" lon="-117.76337">
        <ele>141.57</ele>
        <time>2026-06-06T17:19:06Z</time>
      </trkpt>
      <trkpt lat="33.6063" lon="-117.76339">
        <ele>141.57</ele>
        <time>2026-06-06T17:19:09Z</time>
      </trkpt>
      <trkpt lat="33.60632" lon="-117.76341">
        <ele>141.57</ele>
        <time>2026-06-06T17:19:12Z</time>
      </trkpt>
      <trkpt lat="33.60635" lon="-117.76343">
        <ele>141.46</ele>
        <time>2026-06-06T17:19:15Z</time>
      </trkpt>
      <trkpt lat="33.60638" lon="-117.76345">
        <ele>141.36</ele>
        <time>2026-06-06T17:19:18Z</time>
      </trkpt>
      <trkpt lat="33.60641" lon="-117.76345">
        <ele>140.8</ele>
        <time>2026-06-06T17:19:22Z</time>
      </trkpt>
      <trkpt lat="33.60644" lon="-117.76344">
        <ele>140.05</ele>
        <time>2026-06-06T17:19:26Z</time>
      </trkpt>
      <trkpt lat="33.60645" lon="-117.76341">
        <ele>139.51</ele>
        <time>2026-06-06T17:19:29Z</time>
      </trkpt>
      <trkpt lat="33.60644" lon="-117.76338">
        <ele>139.4</ele>
        <time>2026-06-06T17:19:31Z</time>
      </trkpt>
      <trkpt lat="33.60643" lon="-117.76335">
        <ele>139.29</ele>
        <time>2026-06-06T17:19:33Z</time>
      </trkpt>
      <trkpt lat="33.60641" lon="-117.76331">
        <ele>139.29</ele>
        <time>2026-06-06T17:19:36Z</time>
      </trkpt>
      <trkpt lat="33.6064" lon="-117.76327">
        <ele>139.08</ele>
        <time>2026-06-06T17:19:39Z</time>
      </trkpt>
      <trkpt lat="33.60639" lon="-117.76324">
        <ele>138.97</ele>
        <time>2026-06-06T17:19:42Z</time>
      </trkpt>
      <trkpt lat="33.60638" lon="-117.7632">
        <ele>138.75</ele>
        <time>2026-06-06T17:19:45Z</time>
      </trkpt>
      <trkpt lat="33.60638" lon="-117.76316">
        <ele>138.32</ele>
        <time>2026-06-06T17:19:48Z</time>
      </trkpt>
      <trkpt lat="33.60638" lon="-117.76313">
        <ele>137.98</ele>
        <time>2026-06-06T17:19:51Z</time>
      </trkpt>
      <trkpt lat="33.60637" lon="-117.76309">
        <ele>137.65</ele>
        <time>2026-06-06T17:19:54Z</time>
      </trkpt>
      <trkpt lat="33.60637" lon="-117.76306">
        <ele>137.26</ele>
        <time>2026-06-06T17:19:57Z</time>
      </trkpt>
      <trkpt lat="33.60636" lon="-117.76302">
        <ele>136.93</ele>
        <time>2026-06-06T17:20:01Z</time>
      </trkpt>
      <trkpt lat="33.60636" lon="-117.76298">
        <ele>136.5</ele>
        <time>2026-06-06T17:20:05Z</time>
      </trkpt>
      <trkpt lat="33.60639" lon="-117.76298">
        <ele>136.16</ele>
        <time>2026-06-06T17:20:08Z</time>
      </trkpt>
      <trkpt lat="33.60642" lon="-117.763">
        <ele>135.73</ele>
        <time>2026-06-06T17:20:10Z</time>
      </trkpt>
      <trkpt lat="33.60645" lon="-117.76302">
        <ele>135.3</ele>
        <time>2026-06-06T17:20:12Z</time>
      </trkpt>
      <trkpt lat="33.60647" lon="-117.76305">
        <ele>135.19</ele>
        <time>2026-06-06T17:20:15Z</time>
      </trkpt>
      <trkpt lat="33.60649" lon="-117.76308">
        <ele>135.08</ele>
        <time>2026-06-06T17:20:18Z</time>
      </trkpt>
      <trkpt lat="33.60651" lon="-117.76311">
        <ele>134.97</ele>
        <time>2026-06-06T17:20:21Z</time>
      </trkpt>
      <trkpt lat="33.60653" lon="-117.76314">
        <ele>134.86</ele>
        <time>2026-06-06T17:20:24Z</time>
      </trkpt>
      <trkpt lat="33.60655" lon="-117.76317">
        <ele>134.58</ele>
        <time>2026-06-06T17:20:27Z</time>
      </trkpt>
      <trkpt lat="33.60656" lon="-117.7632">
        <ele>134.39</ele>
        <time>2026-06-06T17:20:30Z</time>
      </trkpt>
      <trkpt lat="33.60658" lon="-117.76324">
        <ele>133.87</ele>
        <time>2026-06-06T17:20:33Z</time>
      </trkpt>
      <trkpt lat="33.6066" lon="-117.76327">
        <ele>133.98</ele>
        <time>2026-06-06T17:20:36Z</time>
      </trkpt>
      <trkpt lat="33.60662" lon="-117.7633">
        <ele>133.97</ele>
        <time>2026-06-06T17:20:39Z</time>
      </trkpt>
      <trkpt lat="33.60664" lon="-117.76334">
        <ele>133.94</ele>
        <time>2026-06-06T17:20:42Z</time>
      </trkpt>
      <trkpt lat="33.60665" lon="-117.76337">
        <ele>133.94</ele>
        <time>2026-06-06T17:20:44Z</time>
      </trkpt>
      <trkpt lat="33.60667" lon="-117.7634">
        <ele>133.65</ele>
        <time>2026-06-06T17:20:47Z</time>
      </trkpt>
      <trkpt lat="33.6067" lon="-117.76341">
        <ele>133.11</ele>
        <time>2026-06-06T17:20:52Z</time>
      </trkpt>
      <trkpt lat="33.60673" lon="-117.7634">
        <ele>132.35</ele>
        <time>2026-06-06T17:20:56Z</time>
      </trkpt>
      <trkpt lat="33.60674" lon="-117.76337">
        <ele>131.81</ele>
        <time>2026-06-06T17:20:59Z</time>
      </trkpt>
      <trkpt lat="33.60675" lon="-117.76334">
        <ele>131.27</ele>
        <time>2026-06-06T17:21:02Z</time>
      </trkpt>
      <trkpt lat="33.60674" lon="-117.7633">
        <ele>131.06</ele>
        <time>2026-06-06T17:21:05Z</time>
      </trkpt>
      <trkpt lat="33.60674" lon="-117.76326">
        <ele>130.62</ele>
        <time>2026-06-06T17:21:08Z</time>
      </trkpt>
      <trkpt lat="33.60674" lon="-117.76323">
        <ele>130.3</ele>
        <time>2026-06-06T17:21:11Z</time>
      </trkpt>
      <trkpt lat="33.60674" lon="-117.76319">
        <ele>129.87</ele>
        <time>2026-06-06T17:21:14Z</time>
      </trkpt>
      <trkpt lat="33.60674" lon="-117.76315">
        <ele>129.44</ele>
        <time>2026-06-06T17:21:17Z</time>
      </trkpt>
      <trkpt lat="33.60674" lon="-117.76312">
        <ele>129.18</ele>
        <time>2026-06-06T17:21:20Z</time>
      </trkpt>
      <trkpt lat="33.60677" lon="-117.76311">
        <ele>128.4</ele>
        <time>2026-06-06T17:21:24Z</time>
      </trkpt>
      <trkpt lat="33.6068" lon="-117.76314">
        <ele>128.07</ele>
        <time>2026-06-06T17:21:26Z</time>
      </trkpt>
      <trkpt lat="33.60682" lon="-117.76316">
        <ele>127.82</ele>
        <time>2026-06-06T17:21:28Z</time>
      </trkpt>
      <trkpt lat="33.60685" lon="-117.76319">
        <ele>127.49</ele>
        <time>2026-06-06T17:21:32Z</time>
      </trkpt>
      <trkpt lat="33.60688" lon="-117.76321">
        <ele>127.06</ele>
        <time>2026-06-06T17:21:35Z</time>
      </trkpt>
      <trkpt lat="33.60692" lon="-117.76324">
        <ele>126.52</ele>
        <time>2026-06-06T17:21:38Z</time>
      </trkpt>
      <trkpt lat="33.60695" lon="-117.76327">
        <ele>126.2</ele>
        <time>2026-06-06T17:21:41Z</time>
      </trkpt>
      <trkpt lat="33.60698" lon="-117.7633">
        <ele>125.87</ele>
        <time>2026-06-06T17:21:44Z</time>
      </trkpt>
      <trkpt lat="33.607" lon="-117.76334">
        <ele>125.92</ele>
        <time>2026-06-06T17:21:47Z</time>
      </trkpt>
      <trkpt lat="33.60701" lon="-117.76337">
        <ele>126.26</ele>
        <time>2026-06-06T17:21:49Z</time>
      </trkpt>
      <trkpt lat="33.60703" lon="-117.76341">
        <ele>126.75</ele>
        <time>2026-06-06T17:21:52Z</time>
      </trkpt>
      <trkpt lat="33.60705" lon="-117.76345">
        <ele>126.98</ele>
        <time>2026-06-06T17:21:55Z</time>
      </trkpt>
      <trkpt lat="33.60708" lon="-117.76345">
        <ele>126.33</ele>
        <time>2026-06-06T17:21:58Z</time>
      </trkpt>
      <trkpt lat="33.60711" lon="-117.76345">
        <ele>125.68</ele>
        <time>2026-06-06T17:22:01Z</time>
      </trkpt>
      <trkpt lat="33.60713" lon="-117.76345">
        <ele>125.26</ele>
        <time>2026-06-06T17:22:04Z</time>
      </trkpt>
      <trkpt lat="33.60716" lon="-117.76345">
        <ele>124.93</ele>
        <time>2026-06-06T17:22:07Z</time>
      </trkpt>
      <trkpt lat="33.6072" lon="-117.76347">
        <ele>124.72</ele>
        <time>2026-06-06T17:22:10Z</time>
      </trkpt>
      <trkpt lat="33.60723" lon="-117.76349">
        <ele>124.69</ele>
        <time>2026-06-06T17:22:13Z</time>
      </trkpt>
      <trkpt lat="33.60726" lon="-117.76351">
        <ele>124.91</ele>
        <time>2026-06-06T17:22:16Z</time>
      </trkpt>
      <trkpt lat="33.60729" lon="-117.76354">
        <ele>125.23</ele>
        <time>2026-06-06T17:22:19Z</time>
      </trkpt>
      <trkpt lat="33.60732" lon="-117.76356">
        <ele>125.5</ele>
        <time>2026-06-06T17:22:22Z</time>
      </trkpt>
      <trkpt lat="33.60735" lon="-117.76357">
        <ele>125.94</ele>
        <time>2026-06-06T17:22:25Z</time>
      </trkpt>
      <trkpt lat="33.60738" lon="-117.76358">
        <ele>126.37</ele>
        <time>2026-06-06T17:22:28Z</time>
      </trkpt>
      <trkpt lat="33.6074" lon="-117.76359">
        <ele>126.69</ele>
        <time>2026-06-06T17:22:31Z</time>
      </trkpt>
      <trkpt lat="33.60743" lon="-117.7636">
        <ele>126.39</ele>
        <time>2026-06-06T17:22:34Z</time>
      </trkpt>
      <trkpt lat="33.60746" lon="-117.76361">
        <ele>125.85</ele>
        <time>2026-06-06T17:22:37Z</time>
      </trkpt>
      <trkpt lat="33.60749" lon="-117.76359">
        <ele>124.99</ele>
        <time>2026-06-06T17:22:40Z</time>
      </trkpt>
      <trkpt lat="33.60751" lon="-117.76358">
        <ele>124.66</ele>
        <time>2026-06-06T17:22:43Z</time>
      </trkpt>
      <trkpt lat="33.60754" lon="-117.76356">
        <ele>124.45</ele>
        <time>2026-06-06T17:22:46Z</time>
      </trkpt>
      <trkpt lat="33.60756" lon="-117.76354">
        <ele>124.23</ele>
        <time>2026-06-06T17:22:49Z</time>
      </trkpt>
      <trkpt lat="33.60758" lon="-117.76351">
        <ele>123.83</ele>
        <time>2026-06-06T17:22:52Z</time>
      </trkpt>
      <trkpt lat="33.6076" lon="-117.76348">
        <ele>123.2</ele>
        <time>2026-06-06T17:22:55Z</time>
      </trkpt>
      <trkpt lat="33.60761" lon="-117.76345">
        <ele>122.66</ele>
        <time>2026-06-06T17:22:58Z</time>
      </trkpt>
      <trkpt lat="33.60763" lon="-117.76342">
        <ele>122.38</ele>
        <time>2026-06-06T17:23:01Z</time>
      </trkpt>
      <trkpt lat="33.60765" lon="-117.76339">
        <ele>122.38</ele>
        <time>2026-06-06T17:23:04Z</time>
      </trkpt>
      <trkpt lat="33.60767" lon="-117.76335">
        <ele>122.15</ele>
        <time>2026-06-06T17:23:07Z</time>
      </trkpt>
      <trkpt lat="33.60769" lon="-117.76331">
        <ele>122.0</ele>
        <time>2026-06-06T17:23:10Z</time>
      </trkpt>
      <trkpt lat="33.60771" lon="-117.76329">
        <ele>122.0</ele>
        <time>2026-06-06T17:23:13Z</time>
      </trkpt>
      <trkpt lat="33.60773" lon="-117.76326">
        <ele>122.0</ele>
        <time>2026-06-06T17:23:16Z</time>
      </trkpt>
      <trkpt lat="33.60774" lon="-117.76323">
        <ele>122.0</ele>
        <time>2026-06-06T17:23:19Z</time>
      </trkpt>
      <trkpt lat="33.60777" lon="-117.7632">
        <ele>122.0</ele>
        <time>2026-06-06T17:23:23Z</time>
      </trkpt>
      <trkpt lat="33.60779" lon="-117.76319">
        <ele>122.0</ele>
        <time>2026-06-06T17:23:27Z</time>
      </trkpt>
      <trkpt lat="33.6078" lon="-117.76317">
        <ele>122.0</ele>
        <time>2026-06-06T17:23:52Z</time>
      </trkpt>
    </trkseg>
  </trk>
</gpx>
