<?xml version="1.0"?>
<gpx xmlns="http://www.topografix.com/GPX/1/1" xmlns:xsi="http://www.w3.org/2001/XMLSchema-instance" version="1.1" creator="AllTrails.com" xsi:schemaLocation="http://www.topografix.com/GPX/1/1 http://www.topografix.com/GPX/1/1/gpx.xsd">
  <metadata>
    <name><![CDATA[NIX-Camarillo-Trail-Loop]]></name>
    <desc><![CDATA[]]></desc>
    <link href="http://www.alltrails.com">
      <text>AllTrails, LLC</text>
    </link>
    <bounds minlat="33.59886" minlon="-117.77615" maxlat="33.61908" maxlon="-117.76297"/>
  </metadata>
  <trk>
    <name><![CDATA[NIX-Camarillo-Trail-Loop]]></name>
    <src>AllTrails</src>
    <trkseg>
      <trkpt lat="33.60802" lon="-117.76353">
        <ele>124.51</ele>
        <time>2026-05-10T15:16:13Z</time>
      </trkpt>
      <trkpt lat="33.60805" lon="-117.76355">
        <ele>124.4</ele>
        <time>2026-05-10T15:16:18Z</time>
      </trkpt>
      <trkpt lat="33.60807" lon="-117.76358">
        <ele>124.66</ele>
        <time>2026-05-10T15:16:22Z</time>
      </trkpt>
      <trkpt lat="33.60808" lon="-117.76362">
        <ele>125.07</ele>
        <time>2026-05-10T15:16:27Z</time>
      </trkpt>
      <trkpt lat="33.60808" lon="-117.76366">
        <ele>125.39</ele>
        <time>2026-05-10T15:16:31Z</time>
      </trkpt>
      <trkpt lat="33.60806" lon="-117.76371">
        <ele>125.89</ele>
        <time>2026-05-10T15:16:35Z</time>
      </trkpt>
      <trkpt lat="33.60804" lon="-117.76376">
        <ele>125.66</ele>
        <time>2026-05-10T15:16:38Z</time>
      </trkpt>
      <trkpt lat="33.60802" lon="-117.7638">
        <ele>125.81</ele>
        <time>2026-05-10T15:16:40Z</time>
      </trkpt>
      <trkpt lat="33.60801" lon="-117.76383">
        <ele>126.35</ele>
        <time>2026-05-10T15:16:42Z</time>
      </trkpt>
      <trkpt lat="33.608" lon="-117.76387">
        <ele>127.0</ele>
        <time>2026-05-10T15:16:45Z</time>
      </trkpt>
      <trkpt lat="33.60799" lon="-117.7639">
        <ele>127.42</ele>
        <time>2026-05-10T15:16:48Z</time>
      </trkpt>
      <trkpt lat="33.60798" lon="-117.76394">
        <ele>127.63</ele>
        <time>2026-05-10T15:16:51Z</time>
      </trkpt>
      <trkpt lat="33.60797" lon="-117.76397">
        <ele>127.85</ele>
        <time>2026-05-10T15:16:54Z</time>
      </trkpt>
      <trkpt lat="33.60795" lon="-117.76401">
        <ele>127.88</ele>
        <time>2026-05-10T15:16:57Z</time>
      </trkpt>
      <trkpt lat="33.60794" lon="-117.76405">
        <ele>127.69</ele>
        <time>2026-05-10T15:17:00Z</time>
      </trkpt>
      <trkpt lat="33.60792" lon="-117.76408">
        <ele>127.93</ele>
        <time>2026-05-10T15:17:03Z</time>
      </trkpt>
      <trkpt lat="33.60791" lon="-117.76412">
        <ele>128.14</ele>
        <time>2026-05-10T15:17:06Z</time>
      </trkpt>
      <trkpt lat="33.60791" lon="-117.76415">
        <ele>128.14</ele>
        <time>2026-05-10T15:17:09Z</time>
      </trkpt>
      <trkpt lat="33.60793" lon="-117.76417">
        <ele>127.71</ele>
        <time>2026-05-10T15:17:12Z</time>
      </trkpt>
      <trkpt lat="33.60795" lon="-117.76419">
        <ele>127.28</ele>
        <time>2026-05-10T15:17:17Z</time>
      </trkpt>
      <trkpt lat="33.60801" lon="-117.7642">
        <ele>127.0</ele>
        <time>2026-05-10T15:20:25Z</time>
      </trkpt>
      <trkpt lat="33.60808" lon="-117.76425">
        <ele>127.0</ele>
        <time>2026-05-10T15:20:28Z</time>
      </trkpt>
      <trkpt lat="33.60811" lon="-117.7643">
        <ele>127.18</ele>
        <time>2026-05-10T15:20:31Z</time>
      </trkpt>
      <trkpt lat="33.60813" lon="-117.76436">
        <ele>127.35</ele>
        <time>2026-05-10T15:20:35Z</time>
      </trkpt>
      <trkpt lat="33.60816" lon="-117.7644">
        <ele>128.03</ele>
        <time>2026-05-10T15:20:40Z</time>
      </trkpt>
      <trkpt lat="33.6082" lon="-117.7644">
        <ele>128.02</ele>
        <time>2026-05-10T15:20:45Z</time>
      </trkpt>
      <trkpt lat="33.60823" lon="-117.76441">
        <ele>128.03</ele>
        <time>2026-05-10T15:20:49Z</time>
      </trkpt>
      <trkpt lat="33.60826" lon="-117.76444">
        <ele>128.0</ele>
        <time>2026-05-10T15:20:53Z</time>
      </trkpt>
      <trkpt lat="33.60828" lon="-117.76446">
        <ele>128.26</ele>
        <time>2026-05-10T15:20:56Z</time>
      </trkpt>
      <trkpt lat="33.6083" lon="-117.76449">
        <ele>128.67</ele>
        <time>2026-05-10T15:20:59Z</time>
      </trkpt>
      <trkpt lat="33.60832" lon="-117.76451">
        <ele>128.81</ele>
        <time>2026-05-10T15:21:02Z</time>
      </trkpt>
      <trkpt lat="33.60833" lon="-117.76453">
        <ele>128.96</ele>
        <time>2026-05-10T15:21:05Z</time>
      </trkpt>
      <trkpt lat="33.60835" lon="-117.76457">
        <ele>129.58</ele>
        <time>2026-05-10T15:21:09Z</time>
      </trkpt>
      <trkpt lat="33.60836" lon="-117.7646">
        <ele>129.97</ele>
        <time>2026-05-10T15:21:13Z</time>
      </trkpt>
      <trkpt lat="33.60839" lon="-117.76463">
        <ele>129.78</ele>
        <time>2026-05-10T15:21:17Z</time>
      </trkpt>
      <trkpt lat="33.6084" lon="-117.76465">
        <ele>129.78</ele>
        <time>2026-05-10T15:21:20Z</time>
      </trkpt>
      <trkpt lat="33.60841" lon="-117.76469">
        <ele>130.0</ele>
        <time>2026-05-10T15:21:23Z</time>
      </trkpt>
      <trkpt lat="33.60842" lon="-117.76474">
        <ele>130.32</ele>
        <time>2026-05-10T15:21:26Z</time>
      </trkpt>
      <trkpt lat="33.60844" lon="-117.76477">
        <ele>130.44</ele>
        <time>2026-05-10T15:21:29Z</time>
      </trkpt>
      <trkpt lat="33.60845" lon="-117.76481">
        <ele>130.7</ele>
        <time>2026-05-10T15:21:33Z</time>
      </trkpt>
      <trkpt lat="33.60844" lon="-117.76484">
        <ele>131.12</ele>
        <time>2026-05-10T15:21:36Z</time>
      </trkpt>
      <trkpt lat="33.60844" lon="-117.76488">
        <ele>131.55</ele>
        <time>2026-05-10T15:21:39Z</time>
      </trkpt>
      <trkpt lat="33.60844" lon="-117.76492">
        <ele>131.85</ele>
        <time>2026-05-10T15:21:42Z</time>
      </trkpt>
      <trkpt lat="33.60845" lon="-117.76496">
        <ele>131.74</ele>
        <time>2026-05-10T15:21:45Z</time>
      </trkpt>
      <trkpt lat="33.60846" lon="-117.765">
        <ele>131.63</ele>
        <time>2026-05-10T15:21:48Z</time>
      </trkpt>
      <trkpt lat="33.60848" lon="-117.76503">
        <ele>131.61</ele>
        <time>2026-05-10T15:21:51Z</time>
      </trkpt>
      <trkpt lat="33.6085" lon="-117.76505">
        <ele>131.63</ele>
        <time>2026-05-10T15:21:53Z</time>
      </trkpt>
      <trkpt lat="33.60854" lon="-117.76507">
        <ele>131.76</ele>
        <time>2026-05-10T15:21:56Z</time>
      </trkpt>
      <trkpt lat="33.60857" lon="-117.76507">
        <ele>131.76</ele>
        <time>2026-05-10T15:21:59Z</time>
      </trkpt>
      <trkpt lat="33.60859" lon="-117.76504">
        <ele>131.43</ele>
        <time>2026-05-10T15:22:01Z</time>
      </trkpt>
      <trkpt lat="33.60861" lon="-117.76501">
        <ele>131.11</ele>
        <time>2026-05-10T15:22:03Z</time>
      </trkpt>
      <trkpt lat="33.60863" lon="-117.76498">
        <ele>131.03</ele>
        <time>2026-05-10T15:22:05Z</time>
      </trkpt>
      <trkpt lat="33.60865" lon="-117.76495">
        <ele>131.11</ele>
        <time>2026-05-10T15:22:07Z</time>
      </trkpt>
      <trkpt lat="33.60867" lon="-117.76493">
        <ele>131.36</ele>
        <time>2026-05-10T15:22:09Z</time>
      </trkpt>
      <trkpt lat="33.60869" lon="-117.76489">
        <ele>131.54</ele>
        <time>2026-05-10T15:22:12Z</time>
      </trkpt>
      <trkpt lat="33.60871" lon="-117.76485">
        <ele>131.52</ele>
        <time>2026-05-10T15:22:15Z</time>
      </trkpt>
      <trkpt lat="33.60873" lon="-117.76482">
        <ele>131.62</ele>
        <time>2026-05-10T15:22:18Z</time>
      </trkpt>
      <trkpt lat="33.60874" lon="-117.76478">
        <ele>131.78</ele>
        <time>2026-05-10T15:22:21Z</time>
      </trkpt>
      <trkpt lat="33.60874" lon="-117.76475">
        <ele>131.78</ele>
        <time>2026-05-10T15:22:25Z</time>
      </trkpt>
      <trkpt lat="33.60874" lon="-117.76479">
        <ele>131.78</ele>
        <time>2026-05-10T15:22:29Z</time>
      </trkpt>
      <trkpt lat="33.60874" lon="-117.76482">
        <ele>131.84</ele>
        <time>2026-05-10T15:22:31Z</time>
      </trkpt>
      <trkpt lat="33.60876" lon="-117.76485">
        <ele>132.6</ele>
        <time>2026-05-10T15:22:34Z</time>
      </trkpt>
      <trkpt lat="33.60879" lon="-117.76484">
        <ele>133.14</ele>
        <time>2026-05-10T15:22:36Z</time>
      </trkpt>
      <trkpt lat="33.60883" lon="-117.76485">
        <ele>132.74</ele>
        <time>2026-05-10T15:22:39Z</time>
      </trkpt>
      <trkpt lat="33.60885" lon="-117.76487">
        <ele>132.32</ele>
        <time>2026-05-10T15:22:42Z</time>
      </trkpt>
      <trkpt lat="33.60887" lon="-117.7649">
        <ele>131.66</ele>
        <time>2026-05-10T15:22:45Z</time>
      </trkpt>
      <trkpt lat="33.60889" lon="-117.76492">
        <ele>130.99</ele>
        <time>2026-05-10T15:22:48Z</time>
      </trkpt>
      <trkpt lat="33.60892" lon="-117.76495">
        <ele>130.82</ele>
        <time>2026-05-10T15:22:51Z</time>
      </trkpt>
      <trkpt lat="33.60894" lon="-117.76498">
        <ele>130.88</ele>
        <time>2026-05-10T15:22:54Z</time>
      </trkpt>
      <trkpt lat="33.60896" lon="-117.76501">
        <ele>131.11</ele>
        <time>2026-05-10T15:22:57Z</time>
      </trkpt>
      <trkpt lat="33.60898" lon="-117.76504">
        <ele>131.43</ele>
        <time>2026-05-10T15:23:00Z</time>
      </trkpt>
      <trkpt lat="33.609" lon="-117.76507">
        <ele>131.71</ele>
        <time>2026-05-10T15:23:03Z</time>
      </trkpt>
      <trkpt lat="33.60902" lon="-117.7651">
        <ele>132.16</ele>
        <time>2026-05-10T15:23:06Z</time>
      </trkpt>
      <trkpt lat="33.60903" lon="-117.76513">
        <ele>132.81</ele>
        <time>2026-05-10T15:23:09Z</time>
      </trkpt>
      <trkpt lat="33.60905" lon="-117.76517">
        <ele>133.67</ele>
        <time>2026-05-10T15:23:13Z</time>
      </trkpt>
      <trkpt lat="33.60907" lon="-117.7652">
        <ele>134.48</ele>
        <time>2026-05-10T15:23:17Z</time>
      </trkpt>
      <trkpt lat="33.60906" lon="-117.76523">
        <ele>135.45</ele>
        <time>2026-05-10T15:23:23Z</time>
      </trkpt>
      <trkpt lat="33.60906" lon="-117.76527">
        <ele>136.75</ele>
        <time>2026-05-10T15:23:29Z</time>
      </trkpt>
      <trkpt lat="33.60907" lon="-117.7653">
        <ele>137.47</ele>
        <time>2026-05-10T15:23:34Z</time>
      </trkpt>
      <trkpt lat="33.60907" lon="-117.76534">
        <ele>138.31</ele>
        <time>2026-05-10T15:23:38Z</time>
      </trkpt>
      <trkpt lat="33.60907" lon="-117.76537">
        <ele>138.95</ele>
        <time>2026-05-10T15:23:42Z</time>
      </trkpt>
      <trkpt lat="33.60907" lon="-117.7654">
        <ele>139.58</ele>
        <time>2026-05-10T15:23:47Z</time>
      </trkpt>
      <trkpt lat="33.60908" lon="-117.76544">
        <ele>140.38</ele>
        <time>2026-05-10T15:23:52Z</time>
      </trkpt>
      <trkpt lat="33.60908" lon="-117.76547">
        <ele>140.95</ele>
        <time>2026-05-10T15:23:56Z</time>
      </trkpt>
      <trkpt lat="33.60908" lon="-117.7655">
        <ele>141.3</ele>
        <time>2026-05-10T15:23:59Z</time>
      </trkpt>
      <trkpt lat="33.60908" lon="-117.76554">
        <ele>141.76</ele>
        <time>2026-05-10T15:24:02Z</time>
      </trkpt>
      <trkpt lat="33.60907" lon="-117.76558">
        <ele>142.18</ele>
        <time>2026-05-10T15:24:05Z</time>
      </trkpt>
      <trkpt lat="33.60907" lon="-117.76561">
        <ele>142.5</ele>
        <time>2026-05-10T15:24:08Z</time>
      </trkpt>
      <trkpt lat="33.60907" lon="-117.76565">
        <ele>142.93</ele>
        <time>2026-05-10T15:24:11Z</time>
      </trkpt>
      <trkpt lat="33.60908" lon="-117.76568">
        <ele>143.24</ele>
        <time>2026-05-10T15:24:14Z</time>
      </trkpt>
      <trkpt lat="33.60908" lon="-117.76571">
        <ele>143.58</ele>
        <time>2026-05-10T15:24:17Z</time>
      </trkpt>
      <trkpt lat="33.60909" lon="-117.76574">
        <ele>143.82</ele>
        <time>2026-05-10T15:24:20Z</time>
      </trkpt>
      <trkpt lat="33.6091" lon="-117.76578">
        <ele>144.14</ele>
        <time>2026-05-10T15:24:23Z</time>
      </trkpt>
      <trkpt lat="33.60911" lon="-117.76581">
        <ele>144.36</ele>
        <time>2026-05-10T15:24:26Z</time>
      </trkpt>
      <trkpt lat="33.60912" lon="-117.76585">
        <ele>144.68</ele>
        <time>2026-05-10T15:24:30Z</time>
      </trkpt>
      <trkpt lat="33.60913" lon="-117.76588">
        <ele>144.9</ele>
        <time>2026-05-10T15:24:33Z</time>
      </trkpt>
      <trkpt lat="33.60914" lon="-117.76591">
        <ele>145.12</ele>
        <time>2026-05-10T15:24:36Z</time>
      </trkpt>
      <trkpt lat="33.60914" lon="-117.76594">
        <ele>145.55</ele>
        <time>2026-05-10T15:24:39Z</time>
      </trkpt>
      <trkpt lat="33.60915" lon="-117.76598">
        <ele>146.24</ele>
        <time>2026-05-10T15:24:42Z</time>
      </trkpt>
      <trkpt lat="33.60916" lon="-117.76601">
        <ele>146.82</ele>
        <time>2026-05-10T15:24:45Z</time>
      </trkpt>
      <trkpt lat="33.60917" lon="-117.76604">
        <ele>147.16</ele>
        <time>2026-05-10T15:24:48Z</time>
      </trkpt>
      <trkpt lat="33.60917" lon="-117.76607">
        <ele>147.48</ele>
        <time>2026-05-10T15:24:51Z</time>
      </trkpt>
      <trkpt lat="33.60918" lon="-117.76611">
        <ele>147.7</ele>
        <time>2026-05-10T15:24:55Z</time>
      </trkpt>
      <trkpt lat="33.60919" lon="-117.76615">
        <ele>148.02</ele>
        <time>2026-05-10T15:24:59Z</time>
      </trkpt>
      <trkpt lat="33.60919" lon="-117.76618">
        <ele>148.43</ele>
        <time>2026-05-10T15:25:03Z</time>
      </trkpt>
      <trkpt lat="33.6092" lon="-117.76622">
        <ele>148.99</ele>
        <time>2026-05-10T15:25:08Z</time>
      </trkpt>
      <trkpt lat="33.6092" lon="-117.76625">
        <ele>149.64</ele>
        <time>2026-05-10T15:25:12Z</time>
      </trkpt>
      <trkpt lat="33.60921" lon="-117.76628">
        <ele>150.18</ele>
        <time>2026-05-10T15:25:16Z</time>
      </trkpt>
      <trkpt lat="33.60922" lon="-117.76632">
        <ele>150.72</ele>
        <time>2026-05-10T15:25:20Z</time>
      </trkpt>
      <trkpt lat="33.60923" lon="-117.76635">
        <ele>151.11</ele>
        <time>2026-05-10T15:25:24Z</time>
      </trkpt>
      <trkpt lat="33.60923" lon="-117.76639">
        <ele>151.68</ele>
        <time>2026-05-10T15:25:28Z</time>
      </trkpt>
      <trkpt lat="33.60924" lon="-117.76642">
        <ele>151.79</ele>
        <time>2026-05-10T15:25:31Z</time>
      </trkpt>
      <trkpt lat="33.60924" lon="-117.76646">
        <ele>151.79</ele>
        <time>2026-05-10T15:25:34Z</time>
      </trkpt>
      <trkpt lat="33.60924" lon="-117.7665">
        <ele>151.95</ele>
        <time>2026-05-10T15:25:37Z</time>
      </trkpt>
      <trkpt lat="33.60925" lon="-117.76654">
        <ele>152.47</ele>
        <time>2026-05-10T15:25:40Z</time>
      </trkpt>
      <trkpt lat="33.60925" lon="-117.76658">
        <ele>152.81</ele>
        <time>2026-05-10T15:25:43Z</time>
      </trkpt>
      <trkpt lat="33.60925" lon="-117.76661">
        <ele>152.84</ele>
        <time>2026-05-10T15:25:46Z</time>
      </trkpt>
      <trkpt lat="33.60925" lon="-117.76665">
        <ele>152.88</ele>
        <time>2026-05-10T15:25:49Z</time>
      </trkpt>
      <trkpt lat="33.60925" lon="-117.76669">
        <ele>153.13</ele>
        <time>2026-05-10T15:25:52Z</time>
      </trkpt>
      <trkpt lat="33.60925" lon="-117.76672">
        <ele>153.42</ele>
        <time>2026-05-10T15:25:55Z</time>
      </trkpt>
      <trkpt lat="33.60926" lon="-117.76676">
        <ele>154.0</ele>
        <time>2026-05-10T15:25:58Z</time>
      </trkpt>
      <trkpt lat="33.60926" lon="-117.76679">
        <ele>154.33</ele>
        <time>2026-05-10T15:26:01Z</time>
      </trkpt>
      <trkpt lat="33.60926" lon="-117.76683">
        <ele>154.76</ele>
        <time>2026-05-10T15:26:05Z</time>
      </trkpt>
      <trkpt lat="33.60927" lon="-117.76686">
        <ele>155.1</ele>
        <time>2026-05-10T15:26:10Z</time>
      </trkpt>
      <trkpt lat="33.60928" lon="-117.7669">
        <ele>155.64</ele>
        <time>2026-05-10T15:26:14Z</time>
      </trkpt>
      <trkpt lat="33.6093" lon="-117.76693">
        <ele>156.22</ele>
        <time>2026-05-10T15:26:18Z</time>
      </trkpt>
      <trkpt lat="33.60931" lon="-117.76696">
        <ele>156.88</ele>
        <time>2026-05-10T15:26:22Z</time>
      </trkpt>
      <trkpt lat="33.60933" lon="-117.76699">
        <ele>157.75</ele>
        <time>2026-05-10T15:26:27Z</time>
      </trkpt>
      <trkpt lat="33.60934" lon="-117.76703">
        <ele>158.72</ele>
        <time>2026-05-10T15:26:32Z</time>
      </trkpt>
      <trkpt lat="33.60935" lon="-117.76706">
        <ele>159.47</ele>
        <time>2026-05-10T15:26:37Z</time>
      </trkpt>
      <trkpt lat="33.60936" lon="-117.76709">
        <ele>160.23</ele>
        <time>2026-05-10T15:26:42Z</time>
      </trkpt>
      <trkpt lat="33.60938" lon="-117.76711">
        <ele>160.88</ele>
        <time>2026-05-10T15:26:50Z</time>
      </trkpt>
      <trkpt lat="33.60941" lon="-117.76714">
        <ele>161.81</ele>
        <time>2026-05-10T15:26:57Z</time>
      </trkpt>
      <trkpt lat="33.60942" lon="-117.76717">
        <ele>162.49</ele>
        <time>2026-05-10T15:27:02Z</time>
      </trkpt>
      <trkpt lat="33.60943" lon="-117.7672">
        <ele>163.25</ele>
        <time>2026-05-10T15:27:07Z</time>
      </trkpt>
      <trkpt lat="33.60945" lon="-117.76722">
        <ele>164.01</ele>
        <time>2026-05-10T15:27:14Z</time>
      </trkpt>
      <trkpt lat="33.60947" lon="-117.76725">
        <ele>165.09</ele>
        <time>2026-05-10T15:27:20Z</time>
      </trkpt>
      <trkpt lat="33.60948" lon="-117.76728">
        <ele>166.02</ele>
        <time>2026-05-10T15:27:26Z</time>
      </trkpt>
      <trkpt lat="33.60949" lon="-117.76732">
        <ele>167.06</ele>
        <time>2026-05-10T15:27:30Z</time>
      </trkpt>
      <trkpt lat="33.6095" lon="-117.76735">
        <ele>167.38</ele>
        <time>2026-05-10T15:27:35Z</time>
      </trkpt>
      <trkpt lat="33.6095" lon="-117.76739">
        <ele>167.81</ele>
        <time>2026-05-10T15:28:10Z</time>
      </trkpt>
      <trkpt lat="33.6095" lon="-117.76742">
        <ele>168.14</ele>
        <time>2026-05-10T15:28:12Z</time>
      </trkpt>
      <trkpt lat="33.6095" lon="-117.76746">
        <ele>168.57</ele>
        <time>2026-05-10T15:28:14Z</time>
      </trkpt>
      <trkpt lat="33.60951" lon="-117.76749">
        <ele>168.89</ele>
        <time>2026-05-10T15:28:17Z</time>
      </trkpt>
      <trkpt lat="33.60951" lon="-117.76753">
        <ele>169.42</ele>
        <time>2026-05-10T15:28:20Z</time>
      </trkpt>
      <trkpt lat="33.60952" lon="-117.76756">
        <ele>169.77</ele>
        <time>2026-05-10T15:28:24Z</time>
      </trkpt>
      <trkpt lat="33.60952" lon="-117.7676">
        <ele>170.26</ele>
        <time>2026-05-10T15:28:28Z</time>
      </trkpt>
      <trkpt lat="33.60951" lon="-117.76763">
        <ele>170.7</ele>
        <time>2026-05-10T15:28:32Z</time>
      </trkpt>
      <trkpt lat="33.60951" lon="-117.76767">
        <ele>171.13</ele>
        <time>2026-05-10T15:28:36Z</time>
      </trkpt>
      <trkpt lat="33.6095" lon="-117.76771">
        <ele>171.94</ele>
        <time>2026-05-10T15:28:40Z</time>
      </trkpt>
      <trkpt lat="33.60948" lon="-117.76774">
        <ele>172.8</ele>
        <time>2026-05-10T15:28:43Z</time>
      </trkpt>
      <trkpt lat="33.60948" lon="-117.76778">
        <ele>173.66</ele>
        <time>2026-05-10T15:28:47Z</time>
      </trkpt>
      <trkpt lat="33.60949" lon="-117.76782">
        <ele>174.42</ele>
        <time>2026-05-10T15:28:51Z</time>
      </trkpt>
      <trkpt lat="33.60949" lon="-117.76785">
        <ele>175.07</ele>
        <time>2026-05-10T15:28:55Z</time>
      </trkpt>
      <trkpt lat="33.60949" lon="-117.76789">
        <ele>175.72</ele>
        <time>2026-05-10T15:28:59Z</time>
      </trkpt>
      <trkpt lat="33.6095" lon="-117.76793">
        <ele>176.04</ele>
        <time>2026-05-10T15:29:03Z</time>
      </trkpt>
      <trkpt lat="33.60951" lon="-117.76796">
        <ele>176.26</ele>
        <time>2026-05-10T15:29:06Z</time>
      </trkpt>
      <trkpt lat="33.60953" lon="-117.76799">
        <ele>176.66</ele>
        <time>2026-05-10T15:29:09Z</time>
      </trkpt>
      <trkpt lat="33.60956" lon="-117.76802">
        <ele>176.93</ele>
        <time>2026-05-10T15:29:12Z</time>
      </trkpt>
      <trkpt lat="33.60959" lon="-117.76805">
        <ele>176.8</ele>
        <time>2026-05-10T15:29:15Z</time>
      </trkpt>
      <trkpt lat="33.60962" lon="-117.76806">
        <ele>176.3</ele>
        <time>2026-05-10T15:29:17Z</time>
      </trkpt>
      <trkpt lat="33.60965" lon="-117.76808">
        <ele>176.47</ele>
        <time>2026-05-10T15:29:20Z</time>
      </trkpt>
      <trkpt lat="33.60969" lon="-117.76808">
        <ele>176.36</ele>
        <time>2026-05-10T15:29:23Z</time>
      </trkpt>
      <trkpt lat="33.60972" lon="-117.76808">
        <ele>176.27</ele>
        <time>2026-05-10T15:29:26Z</time>
      </trkpt>
      <trkpt lat="33.60976" lon="-117.76806">
        <ele>175.66</ele>
        <time>2026-05-10T15:29:29Z</time>
      </trkpt>
      <trkpt lat="33.60979" lon="-117.76805">
        <ele>175.19</ele>
        <time>2026-05-10T15:29:31Z</time>
      </trkpt>
      <trkpt lat="33.60982" lon="-117.76804">
        <ele>174.83</ele>
        <time>2026-05-10T15:29:34Z</time>
      </trkpt>
      <trkpt lat="33.60986" lon="-117.76802">
        <ele>174.62</ele>
        <time>2026-05-10T15:29:37Z</time>
      </trkpt>
      <trkpt lat="33.60989" lon="-117.768">
        <ele>174.4</ele>
        <time>2026-05-10T15:29:40Z</time>
      </trkpt>
      <trkpt lat="33.60992" lon="-117.76798">
        <ele>174.07</ele>
        <time>2026-05-10T15:29:43Z</time>
      </trkpt>
      <trkpt lat="33.60995" lon="-117.76797">
        <ele>173.65</ele>
        <time>2026-05-10T15:29:46Z</time>
      </trkpt>
      <trkpt lat="33.60999" lon="-117.76796">
        <ele>173.07</ele>
        <time>2026-05-10T15:29:49Z</time>
      </trkpt>
      <trkpt lat="33.61002" lon="-117.76795">
        <ele>172.86</ele>
        <time>2026-05-10T15:29:52Z</time>
      </trkpt>
      <trkpt lat="33.61005" lon="-117.76794">
        <ele>172.75</ele>
        <time>2026-05-10T15:29:55Z</time>
      </trkpt>
      <trkpt lat="33.61008" lon="-117.76796">
        <ele>172.97</ele>
        <time>2026-05-10T15:29:58Z</time>
      </trkpt>
      <trkpt lat="33.61011" lon="-117.76799">
        <ele>173.1</ele>
        <time>2026-05-10T15:30:01Z</time>
      </trkpt>
      <trkpt lat="33.61014" lon="-117.76801">
        <ele>173.0</ele>
        <time>2026-05-10T15:30:04Z</time>
      </trkpt>
      <trkpt lat="33.61016" lon="-117.76804">
        <ele>173.1</ele>
        <time>2026-05-10T15:30:07Z</time>
      </trkpt>
      <trkpt lat="33.61017" lon="-117.76807">
        <ele>173.19</ele>
        <time>2026-05-10T15:30:10Z</time>
      </trkpt>
      <trkpt lat="33.61019" lon="-117.76811">
        <ele>172.9</ele>
        <time>2026-05-10T15:30:13Z</time>
      </trkpt>
      <trkpt lat="33.61021" lon="-117.76814">
        <ele>172.46</ele>
        <time>2026-05-10T15:30:16Z</time>
      </trkpt>
      <trkpt lat="33.61023" lon="-117.76818">
        <ele>172.21</ele>
        <time>2026-05-10T15:30:19Z</time>
      </trkpt>
      <trkpt lat="33.61025" lon="-117.76821">
        <ele>171.8</ele>
        <time>2026-05-10T15:30:22Z</time>
      </trkpt>
      <trkpt lat="33.61027" lon="-117.76825">
        <ele>171.54</ele>
        <time>2026-05-10T15:30:25Z</time>
      </trkpt>
      <trkpt lat="33.6103" lon="-117.76827">
        <ele>171.71</ele>
        <time>2026-05-10T15:30:28Z</time>
      </trkpt>
      <trkpt lat="33.61034" lon="-117.76828">
        <ele>171.6</ele>
        <time>2026-05-10T15:30:31Z</time>
      </trkpt>
      <trkpt lat="33.61036" lon="-117.76829">
        <ele>171.71</ele>
        <time>2026-05-10T15:30:33Z</time>
      </trkpt>
      <trkpt lat="33.6104" lon="-117.7683">
        <ele>170.76</ele>
        <time>2026-05-10T15:30:36Z</time>
      </trkpt>
      <trkpt lat="33.61042" lon="-117.76833">
        <ele>170.77</ele>
        <time>2026-05-10T15:30:39Z</time>
      </trkpt>
      <trkpt lat="33.61045" lon="-117.76836">
        <ele>169.85</ele>
        <time>2026-05-10T15:30:43Z</time>
      </trkpt>
      <trkpt lat="33.61046" lon="-117.7684">
        <ele>169.85</ele>
        <time>2026-05-10T15:30:47Z</time>
      </trkpt>
      <trkpt lat="33.61047" lon="-117.76843">
        <ele>169.87</ele>
        <time>2026-05-10T15:30:50Z</time>
      </trkpt>
      <trkpt lat="33.61049" lon="-117.76846">
        <ele>170.18</ele>
        <time>2026-05-10T15:30:54Z</time>
      </trkpt>
      <trkpt lat="33.61052" lon="-117.76846">
        <ele>169.57</ele>
        <time>2026-05-10T15:30:57Z</time>
      </trkpt>
      <trkpt lat="33.61055" lon="-117.76846">
        <ele>168.95</ele>
        <time>2026-05-10T15:30:59Z</time>
      </trkpt>
      <trkpt lat="33.61058" lon="-117.76845">
        <ele>168.76</ele>
        <time>2026-05-10T15:31:01Z</time>
      </trkpt>
      <trkpt lat="33.6106" lon="-117.76844">
        <ele>168.65</ele>
        <time>2026-05-10T15:31:03Z</time>
      </trkpt>
      <trkpt lat="33.61063" lon="-117.76844">
        <ele>169.25</ele>
        <time>2026-05-10T15:31:05Z</time>
      </trkpt>
      <trkpt lat="33.61067" lon="-117.76843">
        <ele>169.18</ele>
        <time>2026-05-10T15:31:08Z</time>
      </trkpt>
      <trkpt lat="33.6107" lon="-117.76842">
        <ele>168.69</ele>
        <time>2026-05-10T15:31:11Z</time>
      </trkpt>
      <trkpt lat="33.61074" lon="-117.76841">
        <ele>168.31</ele>
        <time>2026-05-10T15:31:14Z</time>
      </trkpt>
      <trkpt lat="33.61077" lon="-117.76841">
        <ele>168.0</ele>
        <time>2026-05-10T15:31:17Z</time>
      </trkpt>
      <trkpt lat="33.61081" lon="-117.76842">
        <ele>168.0</ele>
        <time>2026-05-10T15:31:20Z</time>
      </trkpt>
      <trkpt lat="33.61084" lon="-117.76844">
        <ele>168.3</ele>
        <time>2026-05-10T15:31:23Z</time>
      </trkpt>
      <trkpt lat="33.61088" lon="-117.76846">
        <ele>167.91</ele>
        <time>2026-05-10T15:31:26Z</time>
      </trkpt>
      <trkpt lat="33.61091" lon="-117.76849">
        <ele>167.85</ele>
        <time>2026-05-10T15:31:29Z</time>
      </trkpt>
      <trkpt lat="33.61094" lon="-117.76851">
        <ele>167.5</ele>
        <time>2026-05-10T15:31:32Z</time>
      </trkpt>
      <trkpt lat="33.61096" lon="-117.76854">
        <ele>168.02</ele>
        <time>2026-05-10T15:31:35Z</time>
      </trkpt>
      <trkpt lat="33.61098" lon="-117.76857">
        <ele>168.41</ele>
        <time>2026-05-10T15:31:38Z</time>
      </trkpt>
      <trkpt lat="33.611" lon="-117.7686">
        <ele>168.51</ele>
        <time>2026-05-10T15:31:41Z</time>
      </trkpt>
      <trkpt lat="33.61103" lon="-117.76863">
        <ele>168.35</ele>
        <time>2026-05-10T15:31:44Z</time>
      </trkpt>
      <trkpt lat="33.61105" lon="-117.76866">
        <ele>168.93</ele>
        <time>2026-05-10T15:31:47Z</time>
      </trkpt>
      <trkpt lat="33.61106" lon="-117.7687">
        <ele>170.48</ele>
        <time>2026-05-10T15:31:50Z</time>
      </trkpt>
      <trkpt lat="33.61108" lon="-117.76874">
        <ele>171.05</ele>
        <time>2026-05-10T15:31:53Z</time>
      </trkpt>
      <trkpt lat="33.6111" lon="-117.76877">
        <ele>171.42</ele>
        <time>2026-05-10T15:31:56Z</time>
      </trkpt>
      <trkpt lat="33.61112" lon="-117.76879">
        <ele>171.71</ele>
        <time>2026-05-10T15:31:59Z</time>
      </trkpt>
      <trkpt lat="33.61115" lon="-117.76879">
        <ele>171.4</ele>
        <time>2026-05-10T15:32:02Z</time>
      </trkpt>
      <trkpt lat="33.61118" lon="-117.76878">
        <ele>170.86</ele>
        <time>2026-05-10T15:32:05Z</time>
      </trkpt>
      <trkpt lat="33.61121" lon="-117.76878">
        <ele>170.57</ele>
        <time>2026-05-10T15:32:08Z</time>
      </trkpt>
      <trkpt lat="33.61124" lon="-117.76878">
        <ele>170.19</ele>
        <time>2026-05-10T15:32:10Z</time>
      </trkpt>
      <trkpt lat="33.61127" lon="-117.76879">
        <ele>170.1</ele>
        <time>2026-05-10T15:32:13Z</time>
      </trkpt>
      <trkpt lat="33.6113" lon="-117.76879">
        <ele>169.84</ele>
        <time>2026-05-10T15:32:17Z</time>
      </trkpt>
      <trkpt lat="33.61133" lon="-117.7688">
        <ele>170.51</ele>
        <time>2026-05-10T15:32:21Z</time>
      </trkpt>
      <trkpt lat="33.61136" lon="-117.7688">
        <ele>170.82</ele>
        <time>2026-05-10T15:32:24Z</time>
      </trkpt>
      <trkpt lat="33.61139" lon="-117.7688">
        <ele>171.13</ele>
        <time>2026-05-10T15:32:27Z</time>
      </trkpt>
      <trkpt lat="33.61142" lon="-117.76881">
        <ele>171.78</ele>
        <time>2026-05-10T15:32:30Z</time>
      </trkpt>
      <trkpt lat="33.61145" lon="-117.76881">
        <ele>172.1</ele>
        <time>2026-05-10T15:32:33Z</time>
      </trkpt>
      <trkpt lat="33.61147" lon="-117.76881">
        <ele>172.32</ele>
        <time>2026-05-10T15:32:36Z</time>
      </trkpt>
      <trkpt lat="33.6115" lon="-117.76882">
        <ele>172.72</ele>
        <time>2026-05-10T15:32:39Z</time>
      </trkpt>
      <trkpt lat="33.61154" lon="-117.76883">
        <ele>172.86</ele>
        <time>2026-05-10T15:32:42Z</time>
      </trkpt>
      <trkpt lat="33.61157" lon="-117.76884">
        <ele>172.96</ele>
        <time>2026-05-10T15:32:45Z</time>
      </trkpt>
      <trkpt lat="33.6116" lon="-117.76885">
        <ele>172.76</ele>
        <time>2026-05-10T15:32:48Z</time>
      </trkpt>
      <trkpt lat="33.61163" lon="-117.76885">
        <ele>172.3</ele>
        <time>2026-05-10T15:32:51Z</time>
      </trkpt>
      <trkpt lat="33.61166" lon="-117.76886">
        <ele>172.16</ele>
        <time>2026-05-10T15:32:54Z</time>
      </trkpt>
      <trkpt lat="33.61169" lon="-117.76888">
        <ele>172.46</ele>
        <time>2026-05-10T15:32:57Z</time>
      </trkpt>
      <trkpt lat="33.61172" lon="-117.76888">
        <ele>172.14</ele>
        <time>2026-05-10T15:33:00Z</time>
      </trkpt>
      <trkpt lat="33.61175" lon="-117.7689">
        <ele>172.35</ele>
        <time>2026-05-10T15:33:03Z</time>
      </trkpt>
      <trkpt lat="33.61178" lon="-117.76892">
        <ele>172.82</ele>
        <time>2026-05-10T15:33:06Z</time>
      </trkpt>
      <trkpt lat="33.61182" lon="-117.76894">
        <ele>173.4</ele>
        <time>2026-05-10T15:33:09Z</time>
      </trkpt>
      <trkpt lat="33.61185" lon="-117.76896">
        <ele>173.76</ele>
        <time>2026-05-10T15:33:12Z</time>
      </trkpt>
      <trkpt lat="33.61188" lon="-117.76898">
        <ele>174.28</ele>
        <time>2026-05-10T15:33:15Z</time>
      </trkpt>
      <trkpt lat="33.61191" lon="-117.76899">
        <ele>174.85</ele>
        <time>2026-05-10T15:33:18Z</time>
      </trkpt>
      <trkpt lat="33.61194" lon="-117.76902">
        <ele>175.8</ele>
        <time>2026-05-10T15:33:21Z</time>
      </trkpt>
      <trkpt lat="33.61196" lon="-117.76904">
        <ele>176.26</ele>
        <time>2026-05-10T15:33:25Z</time>
      </trkpt>
      <trkpt lat="33.61198" lon="-117.76906">
        <ele>176.7</ele>
        <time>2026-05-10T15:33:28Z</time>
      </trkpt>
      <trkpt lat="33.61201" lon="-117.76909">
        <ele>177.22</ele>
        <time>2026-05-10T15:33:31Z</time>
      </trkpt>
      <trkpt lat="33.61203" lon="-117.76912">
        <ele>177.53</ele>
        <time>2026-05-10T15:33:35Z</time>
      </trkpt>
      <trkpt lat="33.61205" lon="-117.76914">
        <ele>177.71</ele>
        <time>2026-05-10T15:33:38Z</time>
      </trkpt>
      <trkpt lat="33.61208" lon="-117.76916">
        <ele>177.93</ele>
        <time>2026-05-10T15:33:41Z</time>
      </trkpt>
      <trkpt lat="33.6121" lon="-117.76918">
        <ele>178.19</ele>
        <time>2026-05-10T15:33:44Z</time>
      </trkpt>
      <trkpt lat="33.61212" lon="-117.7692">
        <ele>178.4</ele>
        <time>2026-05-10T15:33:47Z</time>
      </trkpt>
      <trkpt lat="33.61215" lon="-117.76922">
        <ele>178.45</ele>
        <time>2026-05-10T15:33:50Z</time>
      </trkpt>
      <trkpt lat="33.61218" lon="-117.76924">
        <ele>178.36</ele>
        <time>2026-05-10T15:33:53Z</time>
      </trkpt>
      <trkpt lat="33.6122" lon="-117.76926">
        <ele>178.25</ele>
        <time>2026-05-10T15:33:56Z</time>
      </trkpt>
      <trkpt lat="33.61223" lon="-117.76928">
        <ele>178.21</ele>
        <time>2026-05-10T15:33:59Z</time>
      </trkpt>
      <trkpt lat="33.61226" lon="-117.76929">
        <ele>178.2</ele>
        <time>2026-05-10T15:34:01Z</time>
      </trkpt>
      <trkpt lat="33.61229" lon="-117.7693">
        <ele>178.12</ele>
        <time>2026-05-10T15:34:03Z</time>
      </trkpt>
      <trkpt lat="33.61231" lon="-117.76931">
        <ele>178.03</ele>
        <time>2026-05-10T15:34:05Z</time>
      </trkpt>
      <trkpt lat="33.61235" lon="-117.76931">
        <ele>178.0</ele>
        <time>2026-05-10T15:34:08Z</time>
      </trkpt>
      <trkpt lat="33.61238" lon="-117.76931">
        <ele>178.0</ele>
        <time>2026-05-10T15:34:11Z</time>
      </trkpt>
      <trkpt lat="33.61241" lon="-117.76931">
        <ele>177.96</ele>
        <time>2026-05-10T15:34:15Z</time>
      </trkpt>
      <trkpt lat="33.61244" lon="-117.76932">
        <ele>177.42</ele>
        <time>2026-05-10T15:34:19Z</time>
      </trkpt>
      <trkpt lat="33.61246" lon="-117.76933">
        <ele>177.0</ele>
        <time>2026-05-10T15:34:23Z</time>
      </trkpt>
      <trkpt lat="33.61249" lon="-117.76935">
        <ele>176.23</ele>
        <time>2026-05-10T15:34:27Z</time>
      </trkpt>
      <trkpt lat="33.61252" lon="-117.76936">
        <ele>175.55</ele>
        <time>2026-05-10T15:34:31Z</time>
      </trkpt>
      <trkpt lat="33.61255" lon="-117.76939">
        <ele>174.7</ele>
        <time>2026-05-10T15:34:35Z</time>
      </trkpt>
      <trkpt lat="33.61258" lon="-117.76941">
        <ele>173.73</ele>
        <time>2026-05-10T15:34:39Z</time>
      </trkpt>
      <trkpt lat="33.61261" lon="-117.76943">
        <ele>172.91</ele>
        <time>2026-05-10T15:34:42Z</time>
      </trkpt>
      <trkpt lat="33.61263" lon="-117.76945">
        <ele>172.62</ele>
        <time>2026-05-10T15:34:45Z</time>
      </trkpt>
      <trkpt lat="33.61266" lon="-117.76946">
        <ele>172.39</ele>
        <time>2026-05-10T15:34:48Z</time>
      </trkpt>
      <trkpt lat="33.6127" lon="-117.76947">
        <ele>172.55</ele>
        <time>2026-05-10T15:34:51Z</time>
      </trkpt>
      <trkpt lat="33.61274" lon="-117.76947">
        <ele>173.3</ele>
        <time>2026-05-10T15:34:54Z</time>
      </trkpt>
      <trkpt lat="33.61277" lon="-117.76946">
        <ele>173.85</ele>
        <time>2026-05-10T15:34:56Z</time>
      </trkpt>
      <trkpt lat="33.61281" lon="-117.76947">
        <ele>174.1</ele>
        <time>2026-05-10T15:34:59Z</time>
      </trkpt>
      <trkpt lat="33.61284" lon="-117.76948">
        <ele>174.26</ele>
        <time>2026-05-10T15:35:02Z</time>
      </trkpt>
      <trkpt lat="33.61286" lon="-117.7695">
        <ele>174.53</ele>
        <time>2026-05-10T15:35:05Z</time>
      </trkpt>
      <trkpt lat="33.61288" lon="-117.76952">
        <ele>174.84</ele>
        <time>2026-05-10T15:35:08Z</time>
      </trkpt>
      <trkpt lat="33.61291" lon="-117.76952">
        <ele>174.89</ele>
        <time>2026-05-10T15:35:11Z</time>
      </trkpt>
      <trkpt lat="33.61294" lon="-117.7695">
        <ele>174.9</ele>
        <time>2026-05-10T15:35:14Z</time>
      </trkpt>
      <trkpt lat="33.61297" lon="-117.7695">
        <ele>174.97</ele>
        <time>2026-05-10T15:35:17Z</time>
      </trkpt>
      <trkpt lat="33.61301" lon="-117.76951">
        <ele>174.85</ele>
        <time>2026-05-10T15:35:20Z</time>
      </trkpt>
      <trkpt lat="33.61304" lon="-117.76953">
        <ele>174.94</ele>
        <time>2026-05-10T15:35:23Z</time>
      </trkpt>
      <trkpt lat="33.61307" lon="-117.76954">
        <ele>175.03</ele>
        <time>2026-05-10T15:35:26Z</time>
      </trkpt>
      <trkpt lat="33.6131" lon="-117.76956">
        <ele>175.13</ele>
        <time>2026-05-10T15:35:29Z</time>
      </trkpt>
      <trkpt lat="33.61313" lon="-117.76957">
        <ele>175.07</ele>
        <time>2026-05-10T15:35:32Z</time>
      </trkpt>
      <trkpt lat="33.61317" lon="-117.76958">
        <ele>175.0</ele>
        <time>2026-05-10T15:35:35Z</time>
      </trkpt>
      <trkpt lat="33.6132" lon="-117.76958">
        <ele>175.0</ele>
        <time>2026-05-10T15:35:38Z</time>
      </trkpt>
      <trkpt lat="33.61323" lon="-117.76959">
        <ele>175.0</ele>
        <time>2026-05-10T15:35:41Z</time>
      </trkpt>
      <trkpt lat="33.61327" lon="-117.7696">
        <ele>174.9</ele>
        <time>2026-05-10T15:35:44Z</time>
      </trkpt>
      <trkpt lat="33.6133" lon="-117.7696">
        <ele>174.8</ele>
        <time>2026-05-10T15:35:46Z</time>
      </trkpt>
      <trkpt lat="33.61333" lon="-117.7696">
        <ele>174.69</ele>
        <time>2026-05-10T15:35:48Z</time>
      </trkpt>
      <trkpt lat="33.61336" lon="-117.76961">
        <ele>174.5</ele>
        <time>2026-05-10T15:35:50Z</time>
      </trkpt>
      <trkpt lat="33.61339" lon="-117.76963">
        <ele>174.39</ele>
        <time>2026-05-10T15:35:53Z</time>
      </trkpt>
      <trkpt lat="33.61341" lon="-117.76965">
        <ele>174.39</ele>
        <time>2026-05-10T15:35:56Z</time>
      </trkpt>
      <trkpt lat="33.61343" lon="-117.76967">
        <ele>174.39</ele>
        <time>2026-05-10T15:35:58Z</time>
      </trkpt>
      <trkpt lat="33.61346" lon="-117.76969">
        <ele>174.28</ele>
        <time>2026-05-10T15:36:00Z</time>
      </trkpt>
      <trkpt lat="33.61349" lon="-117.76971">
        <ele>174.18</ele>
        <time>2026-05-10T15:36:03Z</time>
      </trkpt>
      <trkpt lat="33.61353" lon="-117.76973">
        <ele>174.24</ele>
        <time>2026-05-10T15:36:06Z</time>
      </trkpt>
      <trkpt lat="33.61356" lon="-117.76976">
        <ele>175.04</ele>
        <time>2026-05-10T15:36:09Z</time>
      </trkpt>
      <trkpt lat="33.61358" lon="-117.76978">
        <ele>175.46</ele>
        <time>2026-05-10T15:36:12Z</time>
      </trkpt>
      <trkpt lat="33.61362" lon="-117.76979">
        <ele>175.32</ele>
        <time>2026-05-10T15:36:15Z</time>
      </trkpt>
      <trkpt lat="33.61365" lon="-117.7698">
        <ele>174.97</ele>
        <time>2026-05-10T15:36:18Z</time>
      </trkpt>
      <trkpt lat="33.61368" lon="-117.76981">
        <ele>174.49</ele>
        <time>2026-05-10T15:36:21Z</time>
      </trkpt>
      <trkpt lat="33.61371" lon="-117.76982">
        <ele>174.04</ele>
        <time>2026-05-10T15:36:24Z</time>
      </trkpt>
      <trkpt lat="33.61373" lon="-117.76984">
        <ele>174.26</ele>
        <time>2026-05-10T15:36:26Z</time>
      </trkpt>
      <trkpt lat="33.61375" lon="-117.76987">
        <ele>174.69</ele>
        <time>2026-05-10T15:36:28Z</time>
      </trkpt>
      <trkpt lat="33.61377" lon="-117.7699">
        <ele>175.12</ele>
        <time>2026-05-10T15:36:30Z</time>
      </trkpt>
      <trkpt lat="33.61379" lon="-117.76992">
        <ele>175.47</ele>
        <time>2026-05-10T15:36:32Z</time>
      </trkpt>
      <trkpt lat="33.61382" lon="-117.76995">
        <ele>176.01</ele>
        <time>2026-05-10T15:36:35Z</time>
      </trkpt>
      <trkpt lat="33.61383" lon="-117.76998">
        <ele>176.7</ele>
        <time>2026-05-10T15:36:40Z</time>
      </trkpt>
      <trkpt lat="33.61385" lon="-117.77001">
        <ele>177.06</ele>
        <time>2026-05-10T15:36:44Z</time>
      </trkpt>
      <trkpt lat="33.61387" lon="-117.77003">
        <ele>177.06</ele>
        <time>2026-05-10T15:36:47Z</time>
      </trkpt>
      <trkpt lat="33.61389" lon="-117.77006">
        <ele>177.28</ele>
        <time>2026-05-10T15:36:50Z</time>
      </trkpt>
      <trkpt lat="33.61391" lon="-117.77009">
        <ele>177.49</ele>
        <time>2026-05-10T15:36:53Z</time>
      </trkpt>
      <trkpt lat="33.61393" lon="-117.77012">
        <ele>177.7</ele>
        <time>2026-05-10T15:36:56Z</time>
      </trkpt>
      <trkpt lat="33.61396" lon="-117.77015">
        <ele>177.7</ele>
        <time>2026-05-10T15:36:59Z</time>
      </trkpt>
      <trkpt lat="33.61398" lon="-117.77017">
        <ele>177.7</ele>
        <time>2026-05-10T15:37:02Z</time>
      </trkpt>
      <trkpt lat="33.614" lon="-117.7702">
        <ele>178.12</ele>
        <time>2026-05-10T15:37:05Z</time>
      </trkpt>
      <trkpt lat="33.61403" lon="-117.77022">
        <ele>178.23</ele>
        <time>2026-05-10T15:37:08Z</time>
      </trkpt>
      <trkpt lat="33.61405" lon="-117.77024">
        <ele>178.44</ele>
        <time>2026-05-10T15:37:11Z</time>
      </trkpt>
      <trkpt lat="33.61408" lon="-117.77025">
        <ele>178.44</ele>
        <time>2026-05-10T15:37:15Z</time>
      </trkpt>
      <trkpt lat="33.61412" lon="-117.77025">
        <ele>178.75</ele>
        <time>2026-05-10T15:37:19Z</time>
      </trkpt>
      <trkpt lat="33.61415" lon="-117.77025">
        <ele>178.97</ele>
        <time>2026-05-10T15:37:23Z</time>
      </trkpt>
      <trkpt lat="33.61418" lon="-117.77026">
        <ele>179.34</ele>
        <time>2026-05-10T15:37:26Z</time>
      </trkpt>
      <trkpt lat="33.61422" lon="-117.77026">
        <ele>179.07</ele>
        <time>2026-05-10T15:37:29Z</time>
      </trkpt>
      <trkpt lat="33.61426" lon="-117.77027">
        <ele>178.92</ele>
        <time>2026-05-10T15:37:32Z</time>
      </trkpt>
      <trkpt lat="33.61428" lon="-117.77027">
        <ele>179.1</ele>
        <time>2026-05-10T15:37:34Z</time>
      </trkpt>
      <trkpt lat="33.61432" lon="-117.77028">
        <ele>179.69</ele>
        <time>2026-05-10T15:37:37Z</time>
      </trkpt>
      <trkpt lat="33.61434" lon="-117.77031">
        <ele>180.26</ele>
        <time>2026-05-10T15:37:40Z</time>
      </trkpt>
      <trkpt lat="33.61435" lon="-117.77035">
        <ele>180.78</ele>
        <time>2026-05-10T15:37:43Z</time>
      </trkpt>
      <trkpt lat="33.61435" lon="-117.77039">
        <ele>181.21</ele>
        <time>2026-05-10T15:37:46Z</time>
      </trkpt>
      <trkpt lat="33.61436" lon="-117.77042">
        <ele>181.36</ele>
        <time>2026-05-10T15:37:48Z</time>
      </trkpt>
      <trkpt lat="33.61437" lon="-117.77046">
        <ele>181.58</ele>
        <time>2026-05-10T15:37:51Z</time>
      </trkpt>
      <trkpt lat="33.61438" lon="-117.7705">
        <ele>181.51</ele>
        <time>2026-05-10T15:37:54Z</time>
      </trkpt>
      <trkpt lat="33.61439" lon="-117.77054">
        <ele>181.52</ele>
        <time>2026-05-10T15:37:57Z</time>
      </trkpt>
      <trkpt lat="33.61441" lon="-117.77058">
        <ele>181.47</ele>
        <time>2026-05-10T15:38:00Z</time>
      </trkpt>
      <trkpt lat="33.61442" lon="-117.77061">
        <ele>181.42</ele>
        <time>2026-05-10T15:38:03Z</time>
      </trkpt>
      <trkpt lat="33.61444" lon="-117.77065">
        <ele>181.12</ele>
        <time>2026-05-10T15:38:06Z</time>
      </trkpt>
      <trkpt lat="33.61445" lon="-117.77068">
        <ele>181.16</ele>
        <time>2026-05-10T15:38:09Z</time>
      </trkpt>
      <trkpt lat="33.61446" lon="-117.77072">
        <ele>181.27</ele>
        <time>2026-05-10T15:38:12Z</time>
      </trkpt>
      <trkpt lat="33.61448" lon="-117.77076">
        <ele>180.88</ele>
        <time>2026-05-10T15:38:15Z</time>
      </trkpt>
      <trkpt lat="33.61449" lon="-117.7708">
        <ele>180.83</ele>
        <time>2026-05-10T15:38:17Z</time>
      </trkpt>
      <trkpt lat="33.61449" lon="-117.77083">
        <ele>180.98</ele>
        <time>2026-05-10T15:38:19Z</time>
      </trkpt>
      <trkpt lat="33.6145" lon="-117.77086">
        <ele>180.83</ele>
        <time>2026-05-10T15:38:21Z</time>
      </trkpt>
      <trkpt lat="33.61451" lon="-117.77089">
        <ele>180.57</ele>
        <time>2026-05-10T15:38:23Z</time>
      </trkpt>
      <trkpt lat="33.61452" lon="-117.77094">
        <ele>180.64</ele>
        <time>2026-05-10T15:38:26Z</time>
      </trkpt>
      <trkpt lat="33.61454" lon="-117.77098">
        <ele>181.77</ele>
        <time>2026-05-10T15:38:29Z</time>
      </trkpt>
      <trkpt lat="33.61456" lon="-117.771">
        <ele>182.45</ele>
        <time>2026-05-10T15:38:31Z</time>
      </trkpt>
      <trkpt lat="33.61458" lon="-117.77102">
        <ele>183.04</ele>
        <time>2026-05-10T15:38:33Z</time>
      </trkpt>
      <trkpt lat="33.6146" lon="-117.77105">
        <ele>183.79</ele>
        <time>2026-05-10T15:38:36Z</time>
      </trkpt>
      <trkpt lat="33.61462" lon="-117.77107">
        <ele>184.17</ele>
        <time>2026-05-10T15:38:40Z</time>
      </trkpt>
      <trkpt lat="33.61464" lon="-117.77109">
        <ele>184.15</ele>
        <time>2026-05-10T15:38:45Z</time>
      </trkpt>
      <trkpt lat="33.61466" lon="-117.77113">
        <ele>183.96</ele>
        <time>2026-05-10T15:38:49Z</time>
      </trkpt>
      <trkpt lat="33.6147" lon="-117.77114">
        <ele>182.51</ele>
        <time>2026-05-10T15:38:52Z</time>
      </trkpt>
      <trkpt lat="33.61473" lon="-117.77113">
        <ele>181.52</ele>
        <time>2026-05-10T15:38:54Z</time>
      </trkpt>
      <trkpt lat="33.61476" lon="-117.77113">
        <ele>181.97</ele>
        <time>2026-05-10T15:38:56Z</time>
      </trkpt>
      <trkpt lat="33.61479" lon="-117.77112">
        <ele>182.45</ele>
        <time>2026-05-10T15:38:59Z</time>
      </trkpt>
      <trkpt lat="33.61482" lon="-117.77111">
        <ele>183.04</ele>
        <time>2026-05-10T15:39:03Z</time>
      </trkpt>
      <trkpt lat="33.61485" lon="-117.77111">
        <ele>183.35</ele>
        <time>2026-05-10T15:39:07Z</time>
      </trkpt>
      <trkpt lat="33.61488" lon="-117.77111">
        <ele>183.67</ele>
        <time>2026-05-10T15:39:10Z</time>
      </trkpt>
      <trkpt lat="33.61491" lon="-117.77111">
        <ele>183.95</ele>
        <time>2026-05-10T15:39:13Z</time>
      </trkpt>
      <trkpt lat="33.61494" lon="-117.7711">
        <ele>183.69</ele>
        <time>2026-05-10T15:39:16Z</time>
      </trkpt>
      <trkpt lat="33.61497" lon="-117.77109">
        <ele>183.7</ele>
        <time>2026-05-10T15:39:19Z</time>
      </trkpt>
      <trkpt lat="33.615" lon="-117.77108">
        <ele>184.0</ele>
        <time>2026-05-10T15:39:22Z</time>
      </trkpt>
      <trkpt lat="33.61503" lon="-117.77107">
        <ele>184.97</ele>
        <time>2026-05-10T15:39:25Z</time>
      </trkpt>
      <trkpt lat="33.61506" lon="-117.77106">
        <ele>185.94</ele>
        <time>2026-05-10T15:39:29Z</time>
      </trkpt>
      <trkpt lat="33.61509" lon="-117.77106">
        <ele>186.92</ele>
        <time>2026-05-10T15:39:33Z</time>
      </trkpt>
      <trkpt lat="33.61512" lon="-117.77106">
        <ele>187.46</ele>
        <time>2026-05-10T15:39:37Z</time>
      </trkpt>
      <trkpt lat="33.61515" lon="-117.77105">
        <ele>188.03</ele>
        <time>2026-05-10T15:39:41Z</time>
      </trkpt>
      <trkpt lat="33.61518" lon="-117.77104">
        <ele>188.67</ele>
        <time>2026-05-10T15:39:46Z</time>
      </trkpt>
      <trkpt lat="33.61521" lon="-117.77104">
        <ele>189.04</ele>
        <time>2026-05-10T15:39:50Z</time>
      </trkpt>
      <trkpt lat="33.61523" lon="-117.77105">
        <ele>189.14</ele>
        <time>2026-05-10T15:39:53Z</time>
      </trkpt>
      <trkpt lat="33.61526" lon="-117.77107">
        <ele>189.25</ele>
        <time>2026-05-10T15:39:56Z</time>
      </trkpt>
      <trkpt lat="33.61529" lon="-117.77108">
        <ele>189.47</ele>
        <time>2026-05-10T15:39:59Z</time>
      </trkpt>
      <trkpt lat="33.61531" lon="-117.77109">
        <ele>189.58</ele>
        <time>2026-05-10T15:40:02Z</time>
      </trkpt>
      <trkpt lat="33.61534" lon="-117.7711">
        <ele>189.79</ele>
        <time>2026-05-10T15:40:05Z</time>
      </trkpt>
      <trkpt lat="33.61537" lon="-117.77111">
        <ele>190.01</ele>
        <time>2026-05-10T15:40:08Z</time>
      </trkpt>
      <trkpt lat="33.6154" lon="-117.77113">
        <ele>190.19</ele>
        <time>2026-05-10T15:40:11Z</time>
      </trkpt>
      <trkpt lat="33.61543" lon="-117.77115">
        <ele>190.1</ele>
        <time>2026-05-10T15:40:14Z</time>
      </trkpt>
      <trkpt lat="33.61545" lon="-117.77118">
        <ele>189.58</ele>
        <time>2026-05-10T15:40:17Z</time>
      </trkpt>
      <trkpt lat="33.61547" lon="-117.77121">
        <ele>188.87</ele>
        <time>2026-05-10T15:40:19Z</time>
      </trkpt>
      <trkpt lat="33.61548" lon="-117.77124">
        <ele>188.57</ele>
        <time>2026-05-10T15:40:21Z</time>
      </trkpt>
      <trkpt lat="33.6155" lon="-117.77126">
        <ele>188.48</ele>
        <time>2026-05-10T15:40:23Z</time>
      </trkpt>
      <trkpt lat="33.61552" lon="-117.77129">
        <ele>188.6</ele>
        <time>2026-05-10T15:40:25Z</time>
      </trkpt>
      <trkpt lat="33.61554" lon="-117.77132">
        <ele>188.96</ele>
        <time>2026-05-10T15:40:27Z</time>
      </trkpt>
      <trkpt lat="33.61555" lon="-117.77134">
        <ele>189.33</ele>
        <time>2026-05-10T15:40:29Z</time>
      </trkpt>
      <trkpt lat="33.61557" lon="-117.77138">
        <ele>190.23</ele>
        <time>2026-05-10T15:40:32Z</time>
      </trkpt>
      <trkpt lat="33.61557" lon="-117.77141">
        <ele>190.73</ele>
        <time>2026-05-10T15:40:35Z</time>
      </trkpt>
      <trkpt lat="33.61557" lon="-117.77144">
        <ele>191.33</ele>
        <time>2026-05-10T15:40:39Z</time>
      </trkpt>
      <trkpt lat="33.61557" lon="-117.77148">
        <ele>192.13</ele>
        <time>2026-05-10T15:40:43Z</time>
      </trkpt>
      <trkpt lat="33.61555" lon="-117.77151">
        <ele>191.84</ele>
        <time>2026-05-10T15:40:46Z</time>
      </trkpt>
      <trkpt lat="33.61559" lon="-117.77152">
        <ele>192.37</ele>
        <time>2026-05-10T15:40:51Z</time>
      </trkpt>
      <trkpt lat="33.61562" lon="-117.77149">
        <ele>192.7</ele>
        <time>2026-05-10T15:40:53Z</time>
      </trkpt>
      <trkpt lat="33.61564" lon="-117.77147">
        <ele>192.78</ele>
        <time>2026-05-10T15:40:55Z</time>
      </trkpt>
      <trkpt lat="33.61566" lon="-117.77144">
        <ele>192.74</ele>
        <time>2026-05-10T15:40:57Z</time>
      </trkpt>
      <trkpt lat="33.61568" lon="-117.77141">
        <ele>192.84</ele>
        <time>2026-05-10T15:41:00Z</time>
      </trkpt>
      <trkpt lat="33.61571" lon="-117.77138">
        <ele>193.27</ele>
        <time>2026-05-10T15:41:03Z</time>
      </trkpt>
      <trkpt lat="33.61573" lon="-117.77137">
        <ele>193.59</ele>
        <time>2026-05-10T15:41:06Z</time>
      </trkpt>
      <trkpt lat="33.61576" lon="-117.77138">
        <ele>194.11</ele>
        <time>2026-05-10T15:41:09Z</time>
      </trkpt>
      <trkpt lat="33.61579" lon="-117.77141">
        <ele>194.53</ele>
        <time>2026-05-10T15:41:12Z</time>
      </trkpt>
      <trkpt lat="33.61581" lon="-117.77142">
        <ele>194.75</ele>
        <time>2026-05-10T15:41:15Z</time>
      </trkpt>
      <trkpt lat="33.61584" lon="-117.77143">
        <ele>195.1</ele>
        <time>2026-05-10T15:41:18Z</time>
      </trkpt>
      <trkpt lat="33.61586" lon="-117.77142">
        <ele>195.38</ele>
        <time>2026-05-10T15:41:22Z</time>
      </trkpt>
      <trkpt lat="33.6159" lon="-117.77143">
        <ele>196.04</ele>
        <time>2026-05-10T15:43:01Z</time>
      </trkpt>
      <trkpt lat="33.61593" lon="-117.77144">
        <ele>196.64</ele>
        <time>2026-05-10T15:43:03Z</time>
      </trkpt>
      <trkpt lat="33.61597" lon="-117.77144">
        <ele>197.5</ele>
        <time>2026-05-10T15:43:06Z</time>
      </trkpt>
      <trkpt lat="33.61599" lon="-117.77145">
        <ele>198.04</ele>
        <time>2026-05-10T15:43:09Z</time>
      </trkpt>
      <trkpt lat="33.61602" lon="-117.77148">
        <ele>199.0</ele>
        <time>2026-05-10T15:43:12Z</time>
      </trkpt>
      <trkpt lat="33.61604" lon="-117.7715">
        <ele>199.28</ele>
        <time>2026-05-10T15:43:15Z</time>
      </trkpt>
      <trkpt lat="33.61607" lon="-117.77152">
        <ele>199.79</ele>
        <time>2026-05-10T15:43:19Z</time>
      </trkpt>
      <trkpt lat="33.6161" lon="-117.77153">
        <ele>200.34</ele>
        <time>2026-05-10T15:43:23Z</time>
      </trkpt>
      <trkpt lat="33.61613" lon="-117.77154">
        <ele>201.12</ele>
        <time>2026-05-10T15:43:27Z</time>
      </trkpt>
      <trkpt lat="33.61615" lon="-117.77155">
        <ele>201.69</ele>
        <time>2026-05-10T15:43:31Z</time>
      </trkpt>
      <trkpt lat="33.61618" lon="-117.77155">
        <ele>202.42</ele>
        <time>2026-05-10T15:43:35Z</time>
      </trkpt>
      <trkpt lat="33.61621" lon="-117.77154">
        <ele>203.18</ele>
        <time>2026-05-10T15:43:39Z</time>
      </trkpt>
      <trkpt lat="33.61624" lon="-117.77153">
        <ele>203.99</ele>
        <time>2026-05-10T15:43:43Z</time>
      </trkpt>
      <trkpt lat="33.61627" lon="-117.77152">
        <ele>204.73</ele>
        <time>2026-05-10T15:43:47Z</time>
      </trkpt>
      <trkpt lat="33.6163" lon="-117.7715">
        <ele>205.31</ele>
        <time>2026-05-10T15:43:51Z</time>
      </trkpt>
      <trkpt lat="33.61633" lon="-117.77149">
        <ele>206.15</ele>
        <time>2026-05-10T15:43:55Z</time>
      </trkpt>
      <trkpt lat="33.61636" lon="-117.77147">
        <ele>206.98</ele>
        <time>2026-05-10T15:43:59Z</time>
      </trkpt>
      <trkpt lat="33.61639" lon="-117.77146">
        <ele>207.79</ele>
        <time>2026-05-10T15:44:03Z</time>
      </trkpt>
      <trkpt lat="33.61642" lon="-117.77145">
        <ele>208.33</ele>
        <time>2026-05-10T15:44:07Z</time>
      </trkpt>
      <trkpt lat="33.61644" lon="-117.77143">
        <ele>208.55</ele>
        <time>2026-05-10T15:44:13Z</time>
      </trkpt>
      <trkpt lat="33.61647" lon="-117.77143">
        <ele>209.2</ele>
        <time>2026-05-10T15:44:43Z</time>
      </trkpt>
      <trkpt lat="33.6165" lon="-117.77142">
        <ele>209.74</ele>
        <time>2026-05-10T15:44:49Z</time>
      </trkpt>
      <trkpt lat="33.61653" lon="-117.77141">
        <ele>210.28</ele>
        <time>2026-05-10T15:44:52Z</time>
      </trkpt>
      <trkpt lat="33.61656" lon="-117.7714">
        <ele>210.82</ele>
        <time>2026-05-10T15:44:56Z</time>
      </trkpt>
      <trkpt lat="33.61659" lon="-117.77138">
        <ele>211.26</ele>
        <time>2026-05-10T15:45:00Z</time>
      </trkpt>
      <trkpt lat="33.61662" lon="-117.77136">
        <ele>211.83</ele>
        <time>2026-05-10T15:45:04Z</time>
      </trkpt>
      <trkpt lat="33.61665" lon="-117.77135">
        <ele>212.56</ele>
        <time>2026-05-10T15:45:08Z</time>
      </trkpt>
      <trkpt lat="33.61667" lon="-117.77134">
        <ele>213.07</ele>
        <time>2026-05-10T15:45:12Z</time>
      </trkpt>
      <trkpt lat="33.6167" lon="-117.77132">
        <ele>213.72</ele>
        <time>2026-05-10T15:45:16Z</time>
      </trkpt>
      <trkpt lat="33.61673" lon="-117.77131">
        <ele>214.37</ele>
        <time>2026-05-10T15:45:21Z</time>
      </trkpt>
      <trkpt lat="33.61676" lon="-117.7713">
        <ele>215.02</ele>
        <time>2026-05-10T15:45:26Z</time>
      </trkpt>
      <trkpt lat="33.61679" lon="-117.77129">
        <ele>215.91</ele>
        <time>2026-05-10T15:45:31Z</time>
      </trkpt>
      <trkpt lat="33.61682" lon="-117.77128">
        <ele>216.68</ele>
        <time>2026-05-10T15:45:37Z</time>
      </trkpt>
      <trkpt lat="33.61685" lon="-117.77127">
        <ele>217.38</ele>
        <time>2026-05-10T15:45:43Z</time>
      </trkpt>
      <trkpt lat="33.61688" lon="-117.77127">
        <ele>218.04</ele>
        <time>2026-05-10T15:45:49Z</time>
      </trkpt>
      <trkpt lat="33.61691" lon="-117.77127">
        <ele>218.69</ele>
        <time>2026-05-10T15:45:55Z</time>
      </trkpt>
      <trkpt lat="33.61693" lon="-117.77128">
        <ele>219.34</ele>
        <time>2026-05-10T15:46:03Z</time>
      </trkpt>
      <trkpt lat="33.61696" lon="-117.77128">
        <ele>219.98</ele>
        <time>2026-05-10T15:46:09Z</time>
      </trkpt>
      <trkpt lat="33.61699" lon="-117.77127">
        <ele>220.42</ele>
        <time>2026-05-10T15:46:14Z</time>
      </trkpt>
      <trkpt lat="33.61702" lon="-117.77127">
        <ele>221.06</ele>
        <time>2026-05-10T15:46:20Z</time>
      </trkpt>
      <trkpt lat="33.61705" lon="-117.77127">
        <ele>221.89</ele>
        <time>2026-05-10T15:47:01Z</time>
      </trkpt>
      <trkpt lat="33.61708" lon="-117.77127">
        <ele>222.96</ele>
        <time>2026-05-10T15:47:07Z</time>
      </trkpt>
      <trkpt lat="33.61711" lon="-117.77127">
        <ele>224.02</ele>
        <time>2026-05-10T15:47:09Z</time>
      </trkpt>
      <trkpt lat="33.61714" lon="-117.77127">
        <ele>224.94</ele>
        <time>2026-05-10T15:47:11Z</time>
      </trkpt>
      <trkpt lat="33.61717" lon="-117.77127">
        <ele>225.59</ele>
        <time>2026-05-10T15:47:14Z</time>
      </trkpt>
      <trkpt lat="33.6172" lon="-117.77126">
        <ele>226.13</ele>
        <time>2026-05-10T15:47:18Z</time>
      </trkpt>
      <trkpt lat="33.61723" lon="-117.77124">
        <ele>226.48</ele>
        <time>2026-05-10T15:47:21Z</time>
      </trkpt>
      <trkpt lat="33.61725" lon="-117.77122">
        <ele>226.48</ele>
        <time>2026-05-10T15:47:24Z</time>
      </trkpt>
      <trkpt lat="33.61728" lon="-117.77121">
        <ele>226.69</ele>
        <time>2026-05-10T15:47:28Z</time>
      </trkpt>
      <trkpt lat="33.61731" lon="-117.77119">
        <ele>226.5</ele>
        <time>2026-05-10T15:47:31Z</time>
      </trkpt>
      <trkpt lat="33.61734" lon="-117.77118">
        <ele>226.3</ele>
        <time>2026-05-10T15:47:34Z</time>
      </trkpt>
      <trkpt lat="33.61737" lon="-117.77117">
        <ele>226.12</ele>
        <time>2026-05-10T15:47:37Z</time>
      </trkpt>
      <trkpt lat="33.6174" lon="-117.77115">
        <ele>225.79</ele>
        <time>2026-05-10T15:47:40Z</time>
      </trkpt>
      <trkpt lat="33.61743" lon="-117.77114">
        <ele>225.96</ele>
        <time>2026-05-10T15:47:43Z</time>
      </trkpt>
      <trkpt lat="33.61746" lon="-117.77113">
        <ele>226.31</ele>
        <time>2026-05-10T15:47:46Z</time>
      </trkpt>
      <trkpt lat="33.61749" lon="-117.77111">
        <ele>226.75</ele>
        <time>2026-05-10T15:47:49Z</time>
      </trkpt>
      <trkpt lat="33.61752" lon="-117.77109">
        <ele>226.58</ele>
        <time>2026-05-10T15:47:52Z</time>
      </trkpt>
      <trkpt lat="33.61754" lon="-117.77108">
        <ele>226.57</ele>
        <time>2026-05-10T15:47:55Z</time>
      </trkpt>
      <trkpt lat="33.61757" lon="-117.77106">
        <ele>226.52</ele>
        <time>2026-05-10T15:47:58Z</time>
      </trkpt>
      <trkpt lat="33.6176" lon="-117.77103">
        <ele>226.46</ele>
        <time>2026-05-10T15:48:01Z</time>
      </trkpt>
      <trkpt lat="33.61762" lon="-117.77101">
        <ele>226.8</ele>
        <time>2026-05-10T15:48:03Z</time>
      </trkpt>
      <trkpt lat="33.61765" lon="-117.77098">
        <ele>227.44</ele>
        <time>2026-05-10T15:48:06Z</time>
      </trkpt>
      <trkpt lat="33.61768" lon="-117.77097">
        <ele>228.31</ele>
        <time>2026-05-10T15:48:09Z</time>
      </trkpt>
      <trkpt lat="33.61771" lon="-117.77096">
        <ele>228.97</ele>
        <time>2026-05-10T15:48:12Z</time>
      </trkpt>
      <trkpt lat="33.61773" lon="-117.77094">
        <ele>229.46</ele>
        <time>2026-05-10T15:48:21Z</time>
      </trkpt>
      <trkpt lat="33.61776" lon="-117.77092">
        <ele>230.31</ele>
        <time>2026-05-10T15:48:27Z</time>
      </trkpt>
      <trkpt lat="33.61779" lon="-117.7709">
        <ele>230.65</ele>
        <time>2026-05-10T15:48:32Z</time>
      </trkpt>
      <trkpt lat="33.61781" lon="-117.77088">
        <ele>230.7</ele>
        <time>2026-05-10T15:48:37Z</time>
      </trkpt>
      <trkpt lat="33.61784" lon="-117.77086">
        <ele>231.2</ele>
        <time>2026-05-10T15:48:41Z</time>
      </trkpt>
      <trkpt lat="33.61786" lon="-117.77085">
        <ele>231.7</ele>
        <time>2026-05-10T15:48:45Z</time>
      </trkpt>
      <trkpt lat="33.61789" lon="-117.77084">
        <ele>232.42</ele>
        <time>2026-05-10T15:48:49Z</time>
      </trkpt>
      <trkpt lat="33.61792" lon="-117.77083">
        <ele>233.0</ele>
        <time>2026-05-10T15:48:53Z</time>
      </trkpt>
      <trkpt lat="33.61794" lon="-117.77081">
        <ele>233.0</ele>
        <time>2026-05-10T15:48:57Z</time>
      </trkpt>
      <trkpt lat="33.61797" lon="-117.7708">
        <ele>233.51</ele>
        <time>2026-05-10T15:49:02Z</time>
      </trkpt>
      <trkpt lat="33.618" lon="-117.77079">
        <ele>234.26</ele>
        <time>2026-05-10T15:49:07Z</time>
      </trkpt>
      <trkpt lat="33.61803" lon="-117.77079">
        <ele>235.24</ele>
        <time>2026-05-10T15:49:12Z</time>
      </trkpt>
      <trkpt lat="33.61805" lon="-117.77081">
        <ele>236.32</ele>
        <time>2026-05-10T15:49:16Z</time>
      </trkpt>
      <trkpt lat="33.61808" lon="-117.7708">
        <ele>236.64</ele>
        <time>2026-05-10T15:49:21Z</time>
      </trkpt>
      <trkpt lat="33.61806" lon="-117.7708">
        <ele>236.35</ele>
        <time>2026-05-10T15:50:02Z</time>
      </trkpt>
      <trkpt lat="33.61809" lon="-117.7708">
        <ele>236.79</ele>
        <time>2026-05-10T15:50:13Z</time>
      </trkpt>
      <trkpt lat="33.61812" lon="-117.77079">
        <ele>237.09</ele>
        <time>2026-05-10T15:50:17Z</time>
      </trkpt>
      <trkpt lat="33.61815" lon="-117.77079">
        <ele>237.59</ele>
        <time>2026-05-10T15:50:22Z</time>
      </trkpt>
      <trkpt lat="33.61818" lon="-117.77079">
        <ele>238.56</ele>
        <time>2026-05-10T15:50:26Z</time>
      </trkpt>
      <trkpt lat="33.61821" lon="-117.77079">
        <ele>239.54</ele>
        <time>2026-05-10T15:50:30Z</time>
      </trkpt>
      <trkpt lat="33.61824" lon="-117.77079">
        <ele>240.51</ele>
        <time>2026-05-10T15:50:35Z</time>
      </trkpt>
      <trkpt lat="33.61826" lon="-117.77079">
        <ele>241.25</ele>
        <time>2026-05-10T15:50:40Z</time>
      </trkpt>
      <trkpt lat="33.61829" lon="-117.7708">
        <ele>242.43</ele>
        <time>2026-05-10T15:50:45Z</time>
      </trkpt>
      <trkpt lat="33.61832" lon="-117.77081">
        <ele>243.53</ele>
        <time>2026-05-10T15:50:50Z</time>
      </trkpt>
      <trkpt lat="33.61835" lon="-117.77083">
        <ele>244.37</ele>
        <time>2026-05-10T15:50:54Z</time>
      </trkpt>
      <trkpt lat="33.61838" lon="-117.77082">
        <ele>245.08</ele>
        <time>2026-05-10T15:50:59Z</time>
      </trkpt>
      <trkpt lat="33.6184" lon="-117.77082">
        <ele>245.54</ele>
        <time>2026-05-10T15:51:03Z</time>
      </trkpt>
      <trkpt lat="33.61843" lon="-117.77082">
        <ele>246.28</ele>
        <time>2026-05-10T15:51:07Z</time>
      </trkpt>
      <trkpt lat="33.61846" lon="-117.77083">
        <ele>247.15</ele>
        <time>2026-05-10T15:51:11Z</time>
      </trkpt>
      <trkpt lat="33.61849" lon="-117.77083">
        <ele>248.14</ele>
        <time>2026-05-10T15:51:15Z</time>
      </trkpt>
      <trkpt lat="33.61853" lon="-117.77083">
        <ele>249.08</ele>
        <time>2026-05-10T15:51:19Z</time>
      </trkpt>
      <trkpt lat="33.61856" lon="-117.77083">
        <ele>249.09</ele>
        <time>2026-05-10T15:51:22Z</time>
      </trkpt>
      <trkpt lat="33.61859" lon="-117.77083">
        <ele>249.1</ele>
        <time>2026-05-10T15:51:26Z</time>
      </trkpt>
      <trkpt lat="33.61862" lon="-117.77082">
        <ele>249.38</ele>
        <time>2026-05-10T15:52:28Z</time>
      </trkpt>
      <trkpt lat="33.61866" lon="-117.77084">
        <ele>248.86</ele>
        <time>2026-05-10T15:52:32Z</time>
      </trkpt>
      <trkpt lat="33.61869" lon="-117.77087">
        <ele>248.21</ele>
        <time>2026-05-10T15:52:34Z</time>
      </trkpt>
      <trkpt lat="33.61871" lon="-117.7709">
        <ele>247.45</ele>
        <time>2026-05-10T15:52:36Z</time>
      </trkpt>
      <trkpt lat="33.61874" lon="-117.77092">
        <ele>246.69</ele>
        <time>2026-05-10T15:52:38Z</time>
      </trkpt>
      <trkpt lat="33.61877" lon="-117.77094">
        <ele>245.92</ele>
        <time>2026-05-10T15:52:41Z</time>
      </trkpt>
      <trkpt lat="33.6188" lon="-117.77097">
        <ele>245.42</ele>
        <time>2026-05-10T15:52:44Z</time>
      </trkpt>
      <trkpt lat="33.61882" lon="-117.77099">
        <ele>244.91</ele>
        <time>2026-05-10T15:52:47Z</time>
      </trkpt>
      <trkpt lat="33.61886" lon="-117.77101">
        <ele>244.78</ele>
        <time>2026-05-10T15:52:50Z</time>
      </trkpt>
      <trkpt lat="33.61889" lon="-117.77104">
        <ele>244.99</ele>
        <time>2026-05-10T15:52:53Z</time>
      </trkpt>
      <trkpt lat="33.61892" lon="-117.77106">
        <ele>244.97</ele>
        <time>2026-05-10T15:52:56Z</time>
      </trkpt>
      <trkpt lat="33.61895" lon="-117.77108">
        <ele>245.22</ele>
        <time>2026-05-10T15:52:59Z</time>
      </trkpt>
      <trkpt lat="33.61897" lon="-117.7711">
        <ele>245.67</ele>
        <time>2026-05-10T15:53:02Z</time>
      </trkpt>
      <trkpt lat="33.619" lon="-117.77112">
        <ele>245.5</ele>
        <time>2026-05-10T15:53:05Z</time>
      </trkpt>
      <trkpt lat="33.61902" lon="-117.77114">
        <ele>245.19</ele>
        <time>2026-05-10T15:53:08Z</time>
      </trkpt>
      <trkpt lat="33.61904" lon="-117.77116">
        <ele>245.35</ele>
        <time>2026-05-10T15:53:12Z</time>
      </trkpt>
      <trkpt lat="33.61905" lon="-117.77119">
        <ele>245.97</ele>
        <time>2026-05-10T15:53:17Z</time>
      </trkpt>
      <trkpt lat="33.61906" lon="-117.77123">
        <ele>246.46</ele>
        <time>2026-05-10T15:53:21Z</time>
      </trkpt>
      <trkpt lat="33.61907" lon="-117.77127">
        <ele>246.8</ele>
        <time>2026-05-10T15:53:24Z</time>
      </trkpt>
      <trkpt lat="33.61907" lon="-117.77132">
        <ele>246.54</ele>
        <time>2026-05-10T15:53:27Z</time>
      </trkpt>
      <trkpt lat="33.61908" lon="-117.77136">
        <ele>246.25</ele>
        <time>2026-05-10T15:53:30Z</time>
      </trkpt>
      <trkpt lat="33.61908" lon="-117.77139">
        <ele>245.99</ele>
        <time>2026-05-10T15:53:33Z</time>
      </trkpt>
      <trkpt lat="33.61908" lon="-117.77143">
        <ele>245.58</ele>
        <time>2026-05-10T15:53:37Z</time>
      </trkpt>
      <trkpt lat="33.61908" lon="-117.77146">
        <ele>245.28</ele>
        <time>2026-05-10T15:53:42Z</time>
      </trkpt>
      <trkpt lat="33.61907" lon="-117.7715">
        <ele>244.34</ele>
        <time>2026-05-10T15:53:46Z</time>
      </trkpt>
      <trkpt lat="33.61906" lon="-117.77153">
        <ele>243.12</ele>
        <time>2026-05-10T15:53:50Z</time>
      </trkpt>
      <trkpt lat="33.61906" lon="-117.77157">
        <ele>242.32</ele>
        <time>2026-05-10T15:53:54Z</time>
      </trkpt>
      <trkpt lat="33.61905" lon="-117.77161">
        <ele>241.51</ele>
        <time>2026-05-10T15:53:57Z</time>
      </trkpt>
      <trkpt lat="33.61904" lon="-117.77165">
        <ele>240.94</ele>
        <time>2026-05-10T15:54:00Z</time>
      </trkpt>
      <trkpt lat="33.61903" lon="-117.7717">
        <ele>240.74</ele>
        <time>2026-05-10T15:54:03Z</time>
      </trkpt>
      <trkpt lat="33.61901" lon="-117.77174">
        <ele>240.47</ele>
        <time>2026-05-10T15:54:06Z</time>
      </trkpt>
      <trkpt lat="33.619" lon="-117.77179">
        <ele>240.86</ele>
        <time>2026-05-10T15:54:09Z</time>
      </trkpt>
      <trkpt lat="33.61899" lon="-117.77183">
        <ele>241.5</ele>
        <time>2026-05-10T15:54:12Z</time>
      </trkpt>
      <trkpt lat="33.61898" lon="-117.77187">
        <ele>241.94</ele>
        <time>2026-05-10T15:54:15Z</time>
      </trkpt>
      <trkpt lat="33.61897" lon="-117.77191">
        <ele>241.58</ele>
        <time>2026-05-10T15:54:18Z</time>
      </trkpt>
      <trkpt lat="33.61896" lon="-117.77195">
        <ele>241.33</ele>
        <time>2026-05-10T15:54:21Z</time>
      </trkpt>
      <trkpt lat="33.61893" lon="-117.77198">
        <ele>240.76</ele>
        <time>2026-05-10T15:54:24Z</time>
      </trkpt>
      <trkpt lat="33.61891" lon="-117.77201">
        <ele>240.78</ele>
        <time>2026-05-10T15:54:27Z</time>
      </trkpt>
      <trkpt lat="33.61889" lon="-117.77204">
        <ele>241.01</ele>
        <time>2026-05-10T15:54:30Z</time>
      </trkpt>
      <trkpt lat="33.61887" lon="-117.77207">
        <ele>240.53</ele>
        <time>2026-05-10T15:54:33Z</time>
      </trkpt>
      <trkpt lat="33.61884" lon="-117.7721">
        <ele>240.13</ele>
        <time>2026-05-10T15:54:36Z</time>
      </trkpt>
      <trkpt lat="33.61882" lon="-117.77214">
        <ele>240.42</ele>
        <time>2026-05-10T15:54:39Z</time>
      </trkpt>
      <trkpt lat="33.6188" lon="-117.77217">
        <ele>240.88</ele>
        <time>2026-05-10T15:54:42Z</time>
      </trkpt>
      <trkpt lat="33.61878" lon="-117.7722">
        <ele>240.99</ele>
        <time>2026-05-10T15:54:45Z</time>
      </trkpt>
      <trkpt lat="33.61876" lon="-117.77223">
        <ele>240.94</ele>
        <time>2026-05-10T15:54:48Z</time>
      </trkpt>
      <trkpt lat="33.61874" lon="-117.77226">
        <ele>240.83</ele>
        <time>2026-05-10T15:54:51Z</time>
      </trkpt>
      <trkpt lat="33.61872" lon="-117.77229">
        <ele>240.86</ele>
        <time>2026-05-10T15:54:54Z</time>
      </trkpt>
      <trkpt lat="33.6187" lon="-117.77232">
        <ele>240.98</ele>
        <time>2026-05-10T15:54:57Z</time>
      </trkpt>
      <trkpt lat="33.61868" lon="-117.77235">
        <ele>240.87</ele>
        <time>2026-05-10T15:55:00Z</time>
      </trkpt>
      <trkpt lat="33.61868" lon="-117.77239">
        <ele>241.3</ele>
        <time>2026-05-10T15:55:04Z</time>
      </trkpt>
      <trkpt lat="33.61868" lon="-117.77243">
        <ele>241.43</ele>
        <time>2026-05-10T15:55:08Z</time>
      </trkpt>
      <trkpt lat="33.61869" lon="-117.77246">
        <ele>241.62</ele>
        <time>2026-05-10T15:55:11Z</time>
      </trkpt>
      <trkpt lat="33.61869" lon="-117.77249">
        <ele>241.57</ele>
        <time>2026-05-10T15:55:14Z</time>
      </trkpt>
      <trkpt lat="33.6187" lon="-117.77253">
        <ele>241.22</ele>
        <time>2026-05-10T15:55:17Z</time>
      </trkpt>
      <trkpt lat="33.61871" lon="-117.77256">
        <ele>240.77</ele>
        <time>2026-05-10T15:55:20Z</time>
      </trkpt>
      <trkpt lat="33.61873" lon="-117.77259">
        <ele>240.34</ele>
        <time>2026-05-10T15:55:23Z</time>
      </trkpt>
      <trkpt lat="33.61875" lon="-117.77262">
        <ele>240.2</ele>
        <time>2026-05-10T15:55:26Z</time>
      </trkpt>
      <trkpt lat="33.61876" lon="-117.77265">
        <ele>240.12</ele>
        <time>2026-05-10T15:55:29Z</time>
      </trkpt>
      <trkpt lat="33.61878" lon="-117.77269">
        <ele>240.47</ele>
        <time>2026-05-10T15:55:32Z</time>
      </trkpt>
      <trkpt lat="33.6188" lon="-117.77272">
        <ele>240.93</ele>
        <time>2026-05-10T15:55:35Z</time>
      </trkpt>
      <trkpt lat="33.61881" lon="-117.77276">
        <ele>240.91</ele>
        <time>2026-05-10T15:55:38Z</time>
      </trkpt>
      <trkpt lat="33.61882" lon="-117.7728">
        <ele>241.36</ele>
        <time>2026-05-10T15:55:41Z</time>
      </trkpt>
      <trkpt lat="33.61884" lon="-117.77284">
        <ele>242.31</ele>
        <time>2026-05-10T15:55:44Z</time>
      </trkpt>
      <trkpt lat="33.61885" lon="-117.77287">
        <ele>243.15</ele>
        <time>2026-05-10T15:55:47Z</time>
      </trkpt>
      <trkpt lat="33.61886" lon="-117.7729">
        <ele>243.6</ele>
        <time>2026-05-10T15:55:50Z</time>
      </trkpt>
      <trkpt lat="33.61887" lon="-117.77293">
        <ele>244.1</ele>
        <time>2026-05-10T15:55:55Z</time>
      </trkpt>
      <trkpt lat="33.61888" lon="-117.77297">
        <ele>244.79</ele>
        <time>2026-05-10T15:56:03Z</time>
      </trkpt>
      <trkpt lat="33.61888" lon="-117.773">
        <ele>245.11</ele>
        <time>2026-05-10T15:56:08Z</time>
      </trkpt>
      <trkpt lat="33.61888" lon="-117.77304">
        <ele>245.54</ele>
        <time>2026-05-10T15:56:12Z</time>
      </trkpt>
      <trkpt lat="33.61889" lon="-117.77308">
        <ele>245.73</ele>
        <time>2026-05-10T15:56:16Z</time>
      </trkpt>
      <trkpt lat="33.61889" lon="-117.77312">
        <ele>245.29</ele>
        <time>2026-05-10T15:56:20Z</time>
      </trkpt>
      <trkpt lat="33.61889" lon="-117.77315">
        <ele>244.98</ele>
        <time>2026-05-10T15:56:24Z</time>
      </trkpt>
      <trkpt lat="33.6189" lon="-117.77319">
        <ele>244.81</ele>
        <time>2026-05-10T15:56:27Z</time>
      </trkpt>
      <trkpt lat="33.6189" lon="-117.77323">
        <ele>244.87</ele>
        <time>2026-05-10T15:56:30Z</time>
      </trkpt>
      <trkpt lat="33.61891" lon="-117.77326">
        <ele>244.61</ele>
        <time>2026-05-10T15:56:33Z</time>
      </trkpt>
      <trkpt lat="33.61891" lon="-117.77331">
        <ele>244.19</ele>
        <time>2026-05-10T15:56:36Z</time>
      </trkpt>
      <trkpt lat="33.61892" lon="-117.77336">
        <ele>244.0</ele>
        <time>2026-05-10T15:56:38Z</time>
      </trkpt>
      <trkpt lat="33.61892" lon="-117.7734">
        <ele>244.0</ele>
        <time>2026-05-10T15:56:40Z</time>
      </trkpt>
      <trkpt lat="33.61892" lon="-117.77344">
        <ele>244.05</ele>
        <time>2026-05-10T15:56:42Z</time>
      </trkpt>
      <trkpt lat="33.61893" lon="-117.77347">
        <ele>244.21</ele>
        <time>2026-05-10T15:56:44Z</time>
      </trkpt>
      <trkpt lat="33.61893" lon="-117.77352">
        <ele>244.45</ele>
        <time>2026-05-10T15:56:47Z</time>
      </trkpt>
      <trkpt lat="33.61894" lon="-117.77355">
        <ele>244.74</ele>
        <time>2026-05-10T15:56:51Z</time>
      </trkpt>
      <trkpt lat="33.61895" lon="-117.77359">
        <ele>245.17</ele>
        <time>2026-05-10T15:56:55Z</time>
      </trkpt>
      <trkpt lat="33.61895" lon="-117.77362">
        <ele>245.45</ele>
        <time>2026-05-10T15:56:59Z</time>
      </trkpt>
      <trkpt lat="33.61894" lon="-117.77366">
        <ele>245.87</ele>
        <time>2026-05-10T15:57:02Z</time>
      </trkpt>
      <trkpt lat="33.61892" lon="-117.77369">
        <ele>246.09</ele>
        <time>2026-05-10T15:57:05Z</time>
      </trkpt>
      <trkpt lat="33.61891" lon="-117.77372">
        <ele>246.44</ele>
        <time>2026-05-10T15:57:08Z</time>
      </trkpt>
      <trkpt lat="33.61889" lon="-117.77375">
        <ele>246.52</ele>
        <time>2026-05-10T15:57:11Z</time>
      </trkpt>
      <trkpt lat="33.61887" lon="-117.77378">
        <ele>246.55</ele>
        <time>2026-05-10T15:57:14Z</time>
      </trkpt>
      <trkpt lat="33.61885" lon="-117.7738">
        <ele>246.68</ele>
        <time>2026-05-10T15:57:17Z</time>
      </trkpt>
      <trkpt lat="33.61882" lon="-117.77383">
        <ele>247.08</ele>
        <time>2026-05-10T15:57:20Z</time>
      </trkpt>
      <trkpt lat="33.6188" lon="-117.77385">
        <ele>247.22</ele>
        <time>2026-05-10T15:57:23Z</time>
      </trkpt>
      <trkpt lat="33.61877" lon="-117.77387">
        <ele>247.42</ele>
        <time>2026-05-10T15:57:26Z</time>
      </trkpt>
      <trkpt lat="33.61874" lon="-117.77387">
        <ele>247.22</ele>
        <time>2026-05-10T15:57:29Z</time>
      </trkpt>
      <trkpt lat="33.61871" lon="-117.77389">
        <ele>248.04</ele>
        <time>2026-05-10T15:57:32Z</time>
      </trkpt>
      <trkpt lat="33.61868" lon="-117.7739">
        <ele>247.85</ele>
        <time>2026-05-10T15:57:35Z</time>
      </trkpt>
      <trkpt lat="33.61865" lon="-117.77391">
        <ele>247.52</ele>
        <time>2026-05-10T15:57:38Z</time>
      </trkpt>
      <trkpt lat="33.61862" lon="-117.77392">
        <ele>247.2</ele>
        <time>2026-05-10T15:57:41Z</time>
      </trkpt>
      <trkpt lat="33.6186" lon="-117.77393">
        <ele>247.27</ele>
        <time>2026-05-10T15:57:44Z</time>
      </trkpt>
      <trkpt lat="33.61857" lon="-117.77394">
        <ele>247.46</ele>
        <time>2026-05-10T15:57:47Z</time>
      </trkpt>
      <trkpt lat="33.61854" lon="-117.77395">
        <ele>247.72</ele>
        <time>2026-05-10T15:57:50Z</time>
      </trkpt>
      <trkpt lat="33.61851" lon="-117.77397">
        <ele>248.24</ele>
        <time>2026-05-10T15:57:53Z</time>
      </trkpt>
      <trkpt lat="33.61848" lon="-117.77398">
        <ele>247.69</ele>
        <time>2026-05-10T15:57:56Z</time>
      </trkpt>
      <trkpt lat="33.61846" lon="-117.77399">
        <ele>247.29</ele>
        <time>2026-05-10T15:57:59Z</time>
      </trkpt>
      <trkpt lat="33.61843" lon="-117.774">
        <ele>246.53</ele>
        <time>2026-05-10T15:58:02Z</time>
      </trkpt>
      <trkpt lat="33.61841" lon="-117.77402">
        <ele>246.14</ele>
        <time>2026-05-10T15:58:05Z</time>
      </trkpt>
      <trkpt lat="33.61839" lon="-117.77405">
        <ele>245.93</ele>
        <time>2026-05-10T15:58:08Z</time>
      </trkpt>
      <trkpt lat="33.61838" lon="-117.77408">
        <ele>245.98</ele>
        <time>2026-05-10T15:58:10Z</time>
      </trkpt>
      <trkpt lat="33.61838" lon="-117.77413">
        <ele>245.71</ele>
        <time>2026-05-10T15:58:13Z</time>
      </trkpt>
      <trkpt lat="33.61837" lon="-117.77416">
        <ele>245.22</ele>
        <time>2026-05-10T15:58:15Z</time>
      </trkpt>
      <trkpt lat="33.61836" lon="-117.77419">
        <ele>245.37</ele>
        <time>2026-05-10T15:58:17Z</time>
      </trkpt>
      <trkpt lat="33.61835" lon="-117.77422">
        <ele>245.69</ele>
        <time>2026-05-10T15:58:19Z</time>
      </trkpt>
      <trkpt lat="33.61834" lon="-117.77425">
        <ele>246.02</ele>
        <time>2026-05-10T15:58:21Z</time>
      </trkpt>
      <trkpt lat="33.61832" lon="-117.77428">
        <ele>246.08</ele>
        <time>2026-05-10T15:58:23Z</time>
      </trkpt>
      <trkpt lat="33.6183" lon="-117.7743">
        <ele>246.12</ele>
        <time>2026-05-10T15:58:25Z</time>
      </trkpt>
      <trkpt lat="33.61828" lon="-117.77432">
        <ele>246.34</ele>
        <time>2026-05-10T15:58:27Z</time>
      </trkpt>
      <trkpt lat="33.61826" lon="-117.77434">
        <ele>246.75</ele>
        <time>2026-05-10T15:58:29Z</time>
      </trkpt>
      <trkpt lat="33.61823" lon="-117.77435">
        <ele>246.69</ele>
        <time>2026-05-10T15:58:31Z</time>
      </trkpt>
      <trkpt lat="33.6182" lon="-117.77437">
        <ele>246.71</ele>
        <time>2026-05-10T15:58:34Z</time>
      </trkpt>
      <trkpt lat="33.61817" lon="-117.77439">
        <ele>246.71</ele>
        <time>2026-05-10T15:58:37Z</time>
      </trkpt>
      <trkpt lat="33.61814" lon="-117.7744">
        <ele>246.61</ele>
        <time>2026-05-10T15:58:40Z</time>
      </trkpt>
      <trkpt lat="33.61811" lon="-117.77442">
        <ele>247.51</ele>
        <time>2026-05-10T15:58:43Z</time>
      </trkpt>
      <trkpt lat="33.61808" lon="-117.77443">
        <ele>248.15</ele>
        <time>2026-05-10T15:58:46Z</time>
      </trkpt>
      <trkpt lat="33.61805" lon="-117.77443">
        <ele>248.45</ele>
        <time>2026-05-10T15:58:49Z</time>
      </trkpt>
      <trkpt lat="33.61802" lon="-117.77444">
        <ele>249.21</ele>
        <time>2026-05-10T15:58:52Z</time>
      </trkpt>
      <trkpt lat="33.618" lon="-117.77444">
        <ele>249.44</ele>
        <time>2026-05-10T15:58:55Z</time>
      </trkpt>
      <trkpt lat="33.61797" lon="-117.77444">
        <ele>249.78</ele>
        <time>2026-05-10T15:58:59Z</time>
      </trkpt>
      <trkpt lat="33.61795" lon="-117.77446">
        <ele>250.2</ele>
        <time>2026-05-10T15:59:05Z</time>
      </trkpt>
      <trkpt lat="33.61792" lon="-117.77447">
        <ele>250.09</ele>
        <time>2026-05-10T15:59:10Z</time>
      </trkpt>
      <trkpt lat="33.61789" lon="-117.77449">
        <ele>250.2</ele>
        <time>2026-05-10T15:59:14Z</time>
      </trkpt>
      <trkpt lat="33.61787" lon="-117.7745">
        <ele>250.19</ele>
        <time>2026-05-10T15:59:17Z</time>
      </trkpt>
      <trkpt lat="33.61785" lon="-117.77453">
        <ele>250.2</ele>
        <time>2026-05-10T15:59:20Z</time>
      </trkpt>
      <trkpt lat="33.61783" lon="-117.77456">
        <ele>249.94</ele>
        <time>2026-05-10T15:59:23Z</time>
      </trkpt>
      <trkpt lat="33.6178" lon="-117.77458">
        <ele>249.18</ele>
        <time>2026-05-10T15:59:27Z</time>
      </trkpt>
      <trkpt lat="33.61778" lon="-117.7746">
        <ele>248.75</ele>
        <time>2026-05-10T15:59:31Z</time>
      </trkpt>
      <trkpt lat="33.61776" lon="-117.77461">
        <ele>248.02</ele>
        <time>2026-05-10T15:59:35Z</time>
      </trkpt>
      <trkpt lat="33.61773" lon="-117.77463">
        <ele>246.94</ele>
        <time>2026-05-10T15:59:39Z</time>
      </trkpt>
      <trkpt lat="33.6177" lon="-117.77465">
        <ele>246.01</ele>
        <time>2026-05-10T15:59:44Z</time>
      </trkpt>
      <trkpt lat="33.61768" lon="-117.77467">
        <ele>245.73</ele>
        <time>2026-05-10T15:59:48Z</time>
      </trkpt>
      <trkpt lat="33.61766" lon="-117.7747">
        <ele>245.91</ele>
        <time>2026-05-10T15:59:52Z</time>
      </trkpt>
      <trkpt lat="33.61763" lon="-117.77471">
        <ele>245.47</ele>
        <time>2026-05-10T15:59:55Z</time>
      </trkpt>
      <trkpt lat="33.61761" lon="-117.77473">
        <ele>245.41</ele>
        <time>2026-05-10T15:59:57Z</time>
      </trkpt>
      <trkpt lat="33.61757" lon="-117.77474">
        <ele>244.75</ele>
        <time>2026-05-10T15:59:59Z</time>
      </trkpt>
      <trkpt lat="33.61754" lon="-117.77475">
        <ele>244.33</ele>
        <time>2026-05-10T16:00:01Z</time>
      </trkpt>
      <trkpt lat="33.61752" lon="-117.77476">
        <ele>244.16</ele>
        <time>2026-05-10T16:00:03Z</time>
      </trkpt>
      <trkpt lat="33.61749" lon="-117.77477">
        <ele>243.82</ele>
        <time>2026-05-10T16:00:05Z</time>
      </trkpt>
      <trkpt lat="33.61745" lon="-117.77479">
        <ele>243.63</ele>
        <time>2026-05-10T16:00:08Z</time>
      </trkpt>
      <trkpt lat="33.61742" lon="-117.77481">
        <ele>243.94</ele>
        <time>2026-05-10T16:00:11Z</time>
      </trkpt>
      <trkpt lat="33.61739" lon="-117.77483">
        <ele>243.34</ele>
        <time>2026-05-10T16:00:14Z</time>
      </trkpt>
      <trkpt lat="33.61736" lon="-117.77484">
        <ele>242.37</ele>
        <time>2026-05-10T16:00:17Z</time>
      </trkpt>
      <trkpt lat="33.61733" lon="-117.77486">
        <ele>241.88</ele>
        <time>2026-05-10T16:00:20Z</time>
      </trkpt>
      <trkpt lat="33.6173" lon="-117.77487">
        <ele>241.47</ele>
        <time>2026-05-10T16:00:23Z</time>
      </trkpt>
      <trkpt lat="33.61727" lon="-117.77489">
        <ele>241.47</ele>
        <time>2026-05-10T16:00:26Z</time>
      </trkpt>
      <trkpt lat="33.61724" lon="-117.77491">
        <ele>241.43</ele>
        <time>2026-05-10T16:00:29Z</time>
      </trkpt>
      <trkpt lat="33.61721" lon="-117.77494">
        <ele>241.75</ele>
        <time>2026-05-10T16:00:32Z</time>
      </trkpt>
      <trkpt lat="33.61719" lon="-117.77497">
        <ele>242.59</ele>
        <time>2026-05-10T16:00:35Z</time>
      </trkpt>
      <trkpt lat="33.61716" lon="-117.77499">
        <ele>243.38</ele>
        <time>2026-05-10T16:00:38Z</time>
      </trkpt>
      <trkpt lat="33.61713" lon="-117.77501">
        <ele>244.0</ele>
        <time>2026-05-10T16:00:41Z</time>
      </trkpt>
      <trkpt lat="33.6171" lon="-117.77503">
        <ele>243.78</ele>
        <time>2026-05-10T16:00:44Z</time>
      </trkpt>
      <trkpt lat="33.61707" lon="-117.77505">
        <ele>243.7</ele>
        <time>2026-05-10T16:00:47Z</time>
      </trkpt>
      <trkpt lat="33.61704" lon="-117.77507">
        <ele>243.76</ele>
        <time>2026-05-10T16:00:50Z</time>
      </trkpt>
      <trkpt lat="33.61701" lon="-117.77509">
        <ele>244.26</ele>
        <time>2026-05-10T16:00:53Z</time>
      </trkpt>
      <trkpt lat="33.61698" lon="-117.7751">
        <ele>244.62</ele>
        <time>2026-05-10T16:00:56Z</time>
      </trkpt>
      <trkpt lat="33.61695" lon="-117.77512">
        <ele>244.94</ele>
        <time>2026-05-10T16:00:59Z</time>
      </trkpt>
      <trkpt lat="33.61693" lon="-117.77513">
        <ele>244.97</ele>
        <time>2026-05-10T16:01:02Z</time>
      </trkpt>
      <trkpt lat="33.6169" lon="-117.77515">
        <ele>245.12</ele>
        <time>2026-05-10T16:01:05Z</time>
      </trkpt>
      <trkpt lat="33.61687" lon="-117.77516">
        <ele>245.37</ele>
        <time>2026-05-10T16:01:08Z</time>
      </trkpt>
      <trkpt lat="33.61685" lon="-117.77518">
        <ele>245.87</ele>
        <time>2026-05-10T16:01:11Z</time>
      </trkpt>
      <trkpt lat="33.61682" lon="-117.77519">
        <ele>245.62</ele>
        <time>2026-05-10T16:01:14Z</time>
      </trkpt>
      <trkpt lat="33.6168" lon="-117.77521">
        <ele>245.32</ele>
        <time>2026-05-10T16:01:17Z</time>
      </trkpt>
      <trkpt lat="33.61677" lon="-117.77522">
        <ele>245.07</ele>
        <time>2026-05-10T16:01:20Z</time>
      </trkpt>
      <trkpt lat="33.61674" lon="-117.77524">
        <ele>244.66</ele>
        <time>2026-05-10T16:01:23Z</time>
      </trkpt>
      <trkpt lat="33.61672" lon="-117.77526">
        <ele>244.67</ele>
        <time>2026-05-10T16:01:26Z</time>
      </trkpt>
      <trkpt lat="33.61668" lon="-117.77527">
        <ele>244.71</ele>
        <time>2026-05-10T16:01:29Z</time>
      </trkpt>
      <trkpt lat="33.61665" lon="-117.77527">
        <ele>244.48</ele>
        <time>2026-05-10T16:01:32Z</time>
      </trkpt>
      <trkpt lat="33.61662" lon="-117.77528">
        <ele>244.52</ele>
        <time>2026-05-10T16:01:35Z</time>
      </trkpt>
      <trkpt lat="33.61659" lon="-117.77528">
        <ele>244.21</ele>
        <time>2026-05-10T16:01:38Z</time>
      </trkpt>
      <trkpt lat="33.61655" lon="-117.77527">
        <ele>243.95</ele>
        <time>2026-05-10T16:01:41Z</time>
      </trkpt>
      <trkpt lat="33.61652" lon="-117.77526">
        <ele>243.93</ele>
        <time>2026-05-10T16:01:44Z</time>
      </trkpt>
      <trkpt lat="33.61649" lon="-117.77524">
        <ele>243.65</ele>
        <time>2026-05-10T16:01:47Z</time>
      </trkpt>
      <trkpt lat="33.61646" lon="-117.77522">
        <ele>243.88</ele>
        <time>2026-05-10T16:01:50Z</time>
      </trkpt>
      <trkpt lat="33.61644" lon="-117.77519">
        <ele>243.9</ele>
        <time>2026-05-10T16:01:52Z</time>
      </trkpt>
      <trkpt lat="33.61641" lon="-117.77516">
        <ele>244.0</ele>
        <time>2026-05-10T16:01:55Z</time>
      </trkpt>
      <trkpt lat="33.61638" lon="-117.77512">
        <ele>243.16</ele>
        <time>2026-05-10T16:01:58Z</time>
      </trkpt>
      <trkpt lat="33.61636" lon="-117.7751">
        <ele>242.3</ele>
        <time>2026-05-10T16:02:01Z</time>
      </trkpt>
      <trkpt lat="33.61634" lon="-117.77507">
        <ele>241.04</ele>
        <time>2026-05-10T16:02:04Z</time>
      </trkpt>
      <trkpt lat="33.61632" lon="-117.77505">
        <ele>240.38</ele>
        <time>2026-05-10T16:02:08Z</time>
      </trkpt>
      <trkpt lat="33.61629" lon="-117.77503">
        <ele>239.95</ele>
        <time>2026-05-10T16:02:11Z</time>
      </trkpt>
      <trkpt lat="33.61625" lon="-117.77502">
        <ele>239.54</ele>
        <time>2026-05-10T16:02:14Z</time>
      </trkpt>
      <trkpt lat="33.61622" lon="-117.77503">
        <ele>239.71</ele>
        <time>2026-05-10T16:02:17Z</time>
      </trkpt>
      <trkpt lat="33.61619" lon="-117.77503">
        <ele>239.6</ele>
        <time>2026-05-10T16:02:19Z</time>
      </trkpt>
      <trkpt lat="33.61616" lon="-117.77504">
        <ele>239.66</ele>
        <time>2026-05-10T16:02:22Z</time>
      </trkpt>
      <trkpt lat="33.61612" lon="-117.77504">
        <ele>239.47</ele>
        <time>2026-05-10T16:02:25Z</time>
      </trkpt>
      <trkpt lat="33.61609" lon="-117.77505">
        <ele>239.64</ele>
        <time>2026-05-10T16:02:28Z</time>
      </trkpt>
      <trkpt lat="33.61606" lon="-117.77505">
        <ele>239.79</ele>
        <time>2026-05-10T16:02:31Z</time>
      </trkpt>
      <trkpt lat="33.61602" lon="-117.77505">
        <ele>239.99</ele>
        <time>2026-05-10T16:02:34Z</time>
      </trkpt>
      <trkpt lat="33.61599" lon="-117.77506">
        <ele>240.42</ele>
        <time>2026-05-10T16:02:37Z</time>
      </trkpt>
      <trkpt lat="33.61596" lon="-117.77506">
        <ele>240.85</ele>
        <time>2026-05-10T16:02:40Z</time>
      </trkpt>
      <trkpt lat="33.61592" lon="-117.77506">
        <ele>241.37</ele>
        <time>2026-05-10T16:02:43Z</time>
      </trkpt>
      <trkpt lat="33.61589" lon="-117.77504">
        <ele>241.79</ele>
        <time>2026-05-10T16:02:46Z</time>
      </trkpt>
      <trkpt lat="33.61586" lon="-117.77502">
        <ele>242.34</ele>
        <time>2026-05-10T16:02:49Z</time>
      </trkpt>
      <trkpt lat="33.61583" lon="-117.77501">
        <ele>242.81</ele>
        <time>2026-05-10T16:02:52Z</time>
      </trkpt>
      <trkpt lat="33.6158" lon="-117.77498">
        <ele>243.44</ele>
        <time>2026-05-10T16:02:56Z</time>
      </trkpt>
      <trkpt lat="33.61577" lon="-117.77496">
        <ele>243.98</ele>
        <time>2026-05-10T16:03:00Z</time>
      </trkpt>
      <trkpt lat="33.61575" lon="-117.77493">
        <ele>244.58</ele>
        <time>2026-05-10T16:03:03Z</time>
      </trkpt>
      <trkpt lat="33.61573" lon="-117.77491">
        <ele>245.08</ele>
        <time>2026-05-10T16:03:06Z</time>
      </trkpt>
      <trkpt lat="33.61571" lon="-117.77489">
        <ele>245.52</ele>
        <time>2026-05-10T16:03:10Z</time>
      </trkpt>
      <trkpt lat="33.61568" lon="-117.77488">
        <ele>245.95</ele>
        <time>2026-05-10T16:03:15Z</time>
      </trkpt>
      <trkpt lat="33.61565" lon="-117.77486">
        <ele>246.49</ele>
        <time>2026-05-10T16:03:20Z</time>
      </trkpt>
      <trkpt lat="33.61562" lon="-117.77483">
        <ele>246.74</ele>
        <time>2026-05-10T16:03:24Z</time>
      </trkpt>
      <trkpt lat="33.6156" lon="-117.77481">
        <ele>247.03</ele>
        <time>2026-05-10T16:03:27Z</time>
      </trkpt>
      <trkpt lat="33.61558" lon="-117.7748">
        <ele>247.12</ele>
        <time>2026-05-10T16:03:30Z</time>
      </trkpt>
      <trkpt lat="33.61555" lon="-117.77477">
        <ele>247.39</ele>
        <time>2026-05-10T16:03:33Z</time>
      </trkpt>
      <trkpt lat="33.61553" lon="-117.77475">
        <ele>247.34</ele>
        <time>2026-05-10T16:03:36Z</time>
      </trkpt>
      <trkpt lat="33.6155" lon="-117.77473">
        <ele>247.27</ele>
        <time>2026-05-10T16:03:39Z</time>
      </trkpt>
      <trkpt lat="33.61548" lon="-117.77471">
        <ele>247.14</ele>
        <time>2026-05-10T16:03:42Z</time>
      </trkpt>
      <trkpt lat="33.61546" lon="-117.77469">
        <ele>246.92</ele>
        <time>2026-05-10T16:03:45Z</time>
      </trkpt>
      <trkpt lat="33.61544" lon="-117.77467">
        <ele>246.4</ele>
        <time>2026-05-10T16:03:48Z</time>
      </trkpt>
      <trkpt lat="33.61542" lon="-117.77465">
        <ele>245.97</ele>
        <time>2026-05-10T16:03:51Z</time>
      </trkpt>
      <trkpt lat="33.61539" lon="-117.77463">
        <ele>245.42</ele>
        <time>2026-05-10T16:03:54Z</time>
      </trkpt>
      <trkpt lat="33.61537" lon="-117.77462">
        <ele>245.2</ele>
        <time>2026-05-10T16:03:57Z</time>
      </trkpt>
      <trkpt lat="33.61534" lon="-117.7746">
        <ele>245.09</ele>
        <time>2026-05-10T16:04:01Z</time>
      </trkpt>
      <trkpt lat="33.61536" lon="-117.77463">
        <ele>244.77</ele>
        <time>2026-05-10T16:04:10Z</time>
      </trkpt>
      <trkpt lat="33.61534" lon="-117.7746">
        <ele>245.09</ele>
        <time>2026-05-10T16:04:28Z</time>
      </trkpt>
      <trkpt lat="33.6153" lon="-117.77458">
        <ele>244.96</ele>
        <time>2026-05-10T16:04:32Z</time>
      </trkpt>
      <trkpt lat="33.61528" lon="-117.77456">
        <ele>245.29</ele>
        <time>2026-05-10T16:04:34Z</time>
      </trkpt>
      <trkpt lat="33.61524" lon="-117.77454">
        <ele>244.68</ele>
        <time>2026-05-10T16:04:37Z</time>
      </trkpt>
      <trkpt lat="33.61521" lon="-117.77453">
        <ele>244.07</ele>
        <time>2026-05-10T16:04:40Z</time>
      </trkpt>
      <trkpt lat="33.61518" lon="-117.77451">
        <ele>244.11</ele>
        <time>2026-05-10T16:04:43Z</time>
      </trkpt>
      <trkpt lat="33.61515" lon="-117.7745">
        <ele>244.22</ele>
        <time>2026-05-10T16:04:46Z</time>
      </trkpt>
      <trkpt lat="33.61512" lon="-117.77449">
        <ele>244.33</ele>
        <time>2026-05-10T16:04:49Z</time>
      </trkpt>
      <trkpt lat="33.61509" lon="-117.77449">
        <ele>243.96</ele>
        <time>2026-05-10T16:04:52Z</time>
      </trkpt>
      <trkpt lat="33.61506" lon="-117.77448">
        <ele>243.46</ele>
        <time>2026-05-10T16:04:55Z</time>
      </trkpt>
      <trkpt lat="33.61504" lon="-117.77447">
        <ele>243.09</ele>
        <time>2026-05-10T16:04:58Z</time>
      </trkpt>
      <trkpt lat="33.615" lon="-117.77446">
        <ele>241.83</ele>
        <time>2026-05-10T16:05:02Z</time>
      </trkpt>
      <trkpt lat="33.61498" lon="-117.77444">
        <ele>241.54</ele>
        <time>2026-05-10T16:05:05Z</time>
      </trkpt>
      <trkpt lat="33.61495" lon="-117.77443">
        <ele>241.0</ele>
        <time>2026-05-10T16:05:08Z</time>
      </trkpt>
      <trkpt lat="33.61492" lon="-117.77442">
        <ele>240.46</ele>
        <time>2026-05-10T16:05:12Z</time>
      </trkpt>
      <trkpt lat="33.61489" lon="-117.7744">
        <ele>240.54</ele>
        <time>2026-05-10T16:05:16Z</time>
      </trkpt>
      <trkpt lat="33.61486" lon="-117.77438">
        <ele>240.76</ele>
        <time>2026-05-10T16:05:20Z</time>
      </trkpt>
      <trkpt lat="33.61483" lon="-117.77437">
        <ele>240.54</ele>
        <time>2026-05-10T16:05:23Z</time>
      </trkpt>
      <trkpt lat="33.6148" lon="-117.77435">
        <ele>240.48</ele>
        <time>2026-05-10T16:05:27Z</time>
      </trkpt>
      <trkpt lat="33.61477" lon="-117.77435">
        <ele>239.5</ele>
        <time>2026-05-10T16:05:30Z</time>
      </trkpt>
      <trkpt lat="33.61474" lon="-117.77436">
        <ele>238.37</ele>
        <time>2026-05-10T16:05:33Z</time>
      </trkpt>
      <trkpt lat="33.61472" lon="-117.77436">
        <ele>237.75</ele>
        <time>2026-05-10T16:05:36Z</time>
      </trkpt>
      <trkpt lat="33.61469" lon="-117.77435">
        <ele>236.91</ele>
        <time>2026-05-10T16:05:39Z</time>
      </trkpt>
      <trkpt lat="33.61465" lon="-117.77435">
        <ele>235.63</ele>
        <time>2026-05-10T16:05:42Z</time>
      </trkpt>
      <trkpt lat="33.61462" lon="-117.77435">
        <ele>234.98</ele>
        <time>2026-05-10T16:05:44Z</time>
      </trkpt>
      <trkpt lat="33.61458" lon="-117.77434">
        <ele>234.87</ele>
        <time>2026-05-10T16:05:47Z</time>
      </trkpt>
      <trkpt lat="33.61455" lon="-117.77433">
        <ele>234.76</ele>
        <time>2026-05-10T16:05:50Z</time>
      </trkpt>
      <trkpt lat="33.61452" lon="-117.77432">
        <ele>234.54</ele>
        <time>2026-05-10T16:05:53Z</time>
      </trkpt>
      <trkpt lat="33.61448" lon="-117.77431">
        <ele>234.21</ele>
        <time>2026-05-10T16:05:56Z</time>
      </trkpt>
      <trkpt lat="33.61445" lon="-117.7743">
        <ele>234.03</ele>
        <time>2026-05-10T16:05:59Z</time>
      </trkpt>
      <trkpt lat="33.61441" lon="-117.77429">
        <ele>233.63</ele>
        <time>2026-05-10T16:06:02Z</time>
      </trkpt>
      <trkpt lat="33.61438" lon="-117.77428">
        <ele>233.3</ele>
        <time>2026-05-10T16:06:05Z</time>
      </trkpt>
      <trkpt lat="33.61435" lon="-117.77427">
        <ele>233.0</ele>
        <time>2026-05-10T16:06:08Z</time>
      </trkpt>
      <trkpt lat="33.61431" lon="-117.77426">
        <ele>233.0</ele>
        <time>2026-05-10T16:06:11Z</time>
      </trkpt>
      <trkpt lat="33.61428" lon="-117.77425">
        <ele>232.88</ele>
        <time>2026-05-10T16:06:14Z</time>
      </trkpt>
      <trkpt lat="33.61424" lon="-117.77424">
        <ele>233.04</ele>
        <time>2026-05-10T16:06:17Z</time>
      </trkpt>
      <trkpt lat="33.61421" lon="-117.77424">
        <ele>233.43</ele>
        <time>2026-05-10T16:06:20Z</time>
      </trkpt>
      <trkpt lat="33.61417" lon="-117.77424">
        <ele>233.96</ele>
        <time>2026-05-10T16:06:23Z</time>
      </trkpt>
      <trkpt lat="33.61414" lon="-117.77427">
        <ele>234.29</ele>
        <time>2026-05-10T16:06:26Z</time>
      </trkpt>
      <trkpt lat="33.61411" lon="-117.77427">
        <ele>234.61</ele>
        <time>2026-05-10T16:06:29Z</time>
      </trkpt>
      <trkpt lat="33.61409" lon="-117.77425">
        <ele>234.83</ele>
        <time>2026-05-10T16:06:49Z</time>
      </trkpt>
      <trkpt lat="33.61406" lon="-117.77424">
        <ele>235.3</ele>
        <time>2026-05-10T16:06:53Z</time>
      </trkpt>
      <trkpt lat="33.61402" lon="-117.77424">
        <ele>236.17</ele>
        <time>2026-05-10T16:06:56Z</time>
      </trkpt>
      <trkpt lat="33.61399" lon="-117.77424">
        <ele>236.82</ele>
        <time>2026-05-10T16:06:59Z</time>
      </trkpt>
      <trkpt lat="33.61396" lon="-117.77424">
        <ele>237.46</ele>
        <time>2026-05-10T16:07:02Z</time>
      </trkpt>
      <trkpt lat="33.61393" lon="-117.77424">
        <ele>238.11</ele>
        <time>2026-05-10T16:07:05Z</time>
      </trkpt>
      <trkpt lat="33.6139" lon="-117.77423">
        <ele>238.76</ele>
        <time>2026-05-10T16:07:13Z</time>
      </trkpt>
      <trkpt lat="33.61387" lon="-117.77422">
        <ele>239.2</ele>
        <time>2026-05-10T16:07:17Z</time>
      </trkpt>
      <trkpt lat="33.61384" lon="-117.77422">
        <ele>239.53</ele>
        <time>2026-05-10T16:07:21Z</time>
      </trkpt>
      <trkpt lat="33.61381" lon="-117.77422">
        <ele>239.85</ele>
        <time>2026-05-10T16:07:27Z</time>
      </trkpt>
      <trkpt lat="33.61378" lon="-117.77421">
        <ele>240.35</ele>
        <time>2026-05-10T16:07:42Z</time>
      </trkpt>
      <trkpt lat="33.61375" lon="-117.77421">
        <ele>241.0</ele>
        <time>2026-05-10T16:07:47Z</time>
      </trkpt>
      <trkpt lat="33.61372" lon="-117.7742">
        <ele>241.65</ele>
        <time>2026-05-10T16:07:49Z</time>
      </trkpt>
      <trkpt lat="33.61369" lon="-117.7742">
        <ele>242.15</ele>
        <time>2026-05-10T16:07:52Z</time>
      </trkpt>
      <trkpt lat="33.61366" lon="-117.7742">
        <ele>242.47</ele>
        <time>2026-05-10T16:07:56Z</time>
      </trkpt>
      <trkpt lat="33.61362" lon="-117.7742">
        <ele>242.9</ele>
        <time>2026-05-10T16:08:00Z</time>
      </trkpt>
      <trkpt lat="33.61359" lon="-117.77419">
        <ele>243.23</ele>
        <time>2026-05-10T16:08:04Z</time>
      </trkpt>
      <trkpt lat="33.61356" lon="-117.77419">
        <ele>243.55</ele>
        <time>2026-05-10T16:08:08Z</time>
      </trkpt>
      <trkpt lat="33.61353" lon="-117.77418">
        <ele>243.88</ele>
        <time>2026-05-10T16:08:12Z</time>
      </trkpt>
      <trkpt lat="33.6135" lon="-117.77418">
        <ele>244.23</ele>
        <time>2026-05-10T16:08:16Z</time>
      </trkpt>
      <trkpt lat="33.61347" lon="-117.77417">
        <ele>244.54</ele>
        <time>2026-05-10T16:08:20Z</time>
      </trkpt>
      <trkpt lat="33.61344" lon="-117.77416">
        <ele>244.85</ele>
        <time>2026-05-10T16:08:24Z</time>
      </trkpt>
      <trkpt lat="33.61341" lon="-117.77416">
        <ele>245.33</ele>
        <time>2026-05-10T16:08:28Z</time>
      </trkpt>
      <trkpt lat="33.61338" lon="-117.77415">
        <ele>245.9</ele>
        <time>2026-05-10T16:08:32Z</time>
      </trkpt>
      <trkpt lat="33.61335" lon="-117.77413">
        <ele>246.32</ele>
        <time>2026-05-10T16:08:36Z</time>
      </trkpt>
      <trkpt lat="33.61332" lon="-117.77411">
        <ele>246.62</ele>
        <time>2026-05-10T16:08:40Z</time>
      </trkpt>
      <trkpt lat="33.61329" lon="-117.7741">
        <ele>247.08</ele>
        <time>2026-05-10T16:08:44Z</time>
      </trkpt>
      <trkpt lat="33.61325" lon="-117.77408">
        <ele>247.81</ele>
        <time>2026-05-10T16:08:48Z</time>
      </trkpt>
      <trkpt lat="33.61322" lon="-117.77407">
        <ele>247.9</ele>
        <time>2026-05-10T16:08:52Z</time>
      </trkpt>
      <trkpt lat="33.6132" lon="-117.77405">
        <ele>247.56</ele>
        <time>2026-05-10T16:08:55Z</time>
      </trkpt>
      <trkpt lat="33.61317" lon="-117.77404">
        <ele>247.74</ele>
        <time>2026-05-10T16:08:58Z</time>
      </trkpt>
      <trkpt lat="33.61314" lon="-117.77402">
        <ele>247.93</ele>
        <time>2026-05-10T16:09:01Z</time>
      </trkpt>
      <trkpt lat="33.61311" lon="-117.774">
        <ele>247.84</ele>
        <time>2026-05-10T16:09:04Z</time>
      </trkpt>
      <trkpt lat="33.61309" lon="-117.77397">
        <ele>248.08</ele>
        <time>2026-05-10T16:09:07Z</time>
      </trkpt>
      <trkpt lat="33.61307" lon="-117.77394">
        <ele>248.38</ele>
        <time>2026-05-10T16:09:10Z</time>
      </trkpt>
      <trkpt lat="33.61305" lon="-117.77391">
        <ele>248.76</ele>
        <time>2026-05-10T16:09:13Z</time>
      </trkpt>
      <trkpt lat="33.61303" lon="-117.77389">
        <ele>248.98</ele>
        <time>2026-05-10T16:09:16Z</time>
      </trkpt>
      <trkpt lat="33.61301" lon="-117.77386">
        <ele>249.0</ele>
        <time>2026-05-10T16:09:19Z</time>
      </trkpt>
      <trkpt lat="33.61299" lon="-117.77383">
        <ele>249.0</ele>
        <time>2026-05-10T16:09:22Z</time>
      </trkpt>
      <trkpt lat="33.61298" lon="-117.7738">
        <ele>249.0</ele>
        <time>2026-05-10T16:09:25Z</time>
      </trkpt>
      <trkpt lat="33.61296" lon="-117.77378">
        <ele>248.79</ele>
        <time>2026-05-10T16:09:28Z</time>
      </trkpt>
      <trkpt lat="33.61294" lon="-117.77375">
        <ele>248.13</ele>
        <time>2026-05-10T16:09:31Z</time>
      </trkpt>
      <trkpt lat="33.61291" lon="-117.77375">
        <ele>247.64</ele>
        <time>2026-05-10T16:10:54Z</time>
      </trkpt>
      <trkpt lat="33.61288" lon="-117.77375">
        <ele>247.16</ele>
        <time>2026-05-10T16:10:56Z</time>
      </trkpt>
      <trkpt lat="33.61284" lon="-117.77375">
        <ele>246.67</ele>
        <time>2026-05-10T16:10:59Z</time>
      </trkpt>
      <trkpt lat="33.61281" lon="-117.77375">
        <ele>246.35</ele>
        <time>2026-05-10T16:11:02Z</time>
      </trkpt>
      <trkpt lat="33.61278" lon="-117.77375">
        <ele>246.02</ele>
        <time>2026-05-10T16:11:05Z</time>
      </trkpt>
      <trkpt lat="33.61275" lon="-117.77375">
        <ele>245.7</ele>
        <time>2026-05-10T16:11:09Z</time>
      </trkpt>
      <trkpt lat="33.61272" lon="-117.77374">
        <ele>245.16</ele>
        <time>2026-05-10T16:11:13Z</time>
      </trkpt>
      <trkpt lat="33.61268" lon="-117.77374">
        <ele>244.75</ele>
        <time>2026-05-10T16:11:17Z</time>
      </trkpt>
      <trkpt lat="33.61266" lon="-117.77371">
        <ele>243.88</ele>
        <time>2026-05-10T16:11:20Z</time>
      </trkpt>
      <trkpt lat="33.61264" lon="-117.77368">
        <ele>242.87</ele>
        <time>2026-05-10T16:11:22Z</time>
      </trkpt>
      <trkpt lat="33.61261" lon="-117.77365">
        <ele>241.92</ele>
        <time>2026-05-10T16:11:25Z</time>
      </trkpt>
      <trkpt lat="33.61258" lon="-117.77364">
        <ele>241.67</ele>
        <time>2026-05-10T16:11:28Z</time>
      </trkpt>
      <trkpt lat="33.61255" lon="-117.77363">
        <ele>241.5</ele>
        <time>2026-05-10T16:11:31Z</time>
      </trkpt>
      <trkpt lat="33.61251" lon="-117.77361">
        <ele>240.96</ele>
        <time>2026-05-10T16:11:34Z</time>
      </trkpt>
      <trkpt lat="33.61248" lon="-117.77361">
        <ele>241.19</ele>
        <time>2026-05-10T16:11:36Z</time>
      </trkpt>
      <trkpt lat="33.61245" lon="-117.77361">
        <ele>241.52</ele>
        <time>2026-05-10T16:11:38Z</time>
      </trkpt>
      <trkpt lat="33.61241" lon="-117.7736">
        <ele>241.85</ele>
        <time>2026-05-10T16:11:41Z</time>
      </trkpt>
      <trkpt lat="33.61238" lon="-117.77359">
        <ele>241.84</ele>
        <time>2026-05-10T16:11:44Z</time>
      </trkpt>
      <trkpt lat="33.61234" lon="-117.77358">
        <ele>241.91</ele>
        <time>2026-05-10T16:11:47Z</time>
      </trkpt>
      <trkpt lat="33.61231" lon="-117.77357">
        <ele>241.95</ele>
        <time>2026-05-10T16:11:50Z</time>
      </trkpt>
      <trkpt lat="33.61228" lon="-117.77356">
        <ele>241.62</ele>
        <time>2026-05-10T16:11:53Z</time>
      </trkpt>
      <trkpt lat="33.61225" lon="-117.77355">
        <ele>241.3</ele>
        <time>2026-05-10T16:11:56Z</time>
      </trkpt>
      <trkpt lat="33.61221" lon="-117.77354">
        <ele>240.97</ele>
        <time>2026-05-10T16:11:59Z</time>
      </trkpt>
      <trkpt lat="33.61218" lon="-117.77353">
        <ele>240.94</ele>
        <time>2026-05-10T16:12:02Z</time>
      </trkpt>
      <trkpt lat="33.61215" lon="-117.77353">
        <ele>240.9</ele>
        <time>2026-05-10T16:12:05Z</time>
      </trkpt>
      <trkpt lat="33.61211" lon="-117.77352">
        <ele>240.98</ele>
        <time>2026-05-10T16:12:08Z</time>
      </trkpt>
      <trkpt lat="33.61207" lon="-117.77352">
        <ele>240.98</ele>
        <time>2026-05-10T16:12:11Z</time>
      </trkpt>
      <trkpt lat="33.61204" lon="-117.77352">
        <ele>240.98</ele>
        <time>2026-05-10T16:12:14Z</time>
      </trkpt>
      <trkpt lat="33.612" lon="-117.77352">
        <ele>240.6</ele>
        <time>2026-05-10T16:12:17Z</time>
      </trkpt>
      <trkpt lat="33.61196" lon="-117.77352">
        <ele>240.18</ele>
        <time>2026-05-10T16:12:20Z</time>
      </trkpt>
      <trkpt lat="33.61193" lon="-117.77351">
        <ele>239.89</ele>
        <time>2026-05-10T16:12:23Z</time>
      </trkpt>
      <trkpt lat="33.61189" lon="-117.77352">
        <ele>240.02</ele>
        <time>2026-05-10T16:12:26Z</time>
      </trkpt>
      <trkpt lat="33.61185" lon="-117.77352">
        <ele>240.02</ele>
        <time>2026-05-10T16:12:29Z</time>
      </trkpt>
      <trkpt lat="33.61182" lon="-117.77353">
        <ele>240.17</ele>
        <time>2026-05-10T16:12:32Z</time>
      </trkpt>
      <trkpt lat="33.61179" lon="-117.77353">
        <ele>240.21</ele>
        <time>2026-05-10T16:12:35Z</time>
      </trkpt>
      <trkpt lat="33.61176" lon="-117.77354">
        <ele>240.46</ele>
        <time>2026-05-10T16:12:39Z</time>
      </trkpt>
      <trkpt lat="33.61172" lon="-117.77355">
        <ele>240.4</ele>
        <time>2026-05-10T16:12:43Z</time>
      </trkpt>
      <trkpt lat="33.6117" lon="-117.77355">
        <ele>240.26</ele>
        <time>2026-05-10T16:12:46Z</time>
      </trkpt>
      <trkpt lat="33.61167" lon="-117.77356">
        <ele>240.36</ele>
        <time>2026-05-10T16:12:49Z</time>
      </trkpt>
      <trkpt lat="33.61164" lon="-117.77357">
        <ele>240.67</ele>
        <time>2026-05-10T16:12:52Z</time>
      </trkpt>
      <trkpt lat="33.61161" lon="-117.77357">
        <ele>240.67</ele>
        <time>2026-05-10T16:12:55Z</time>
      </trkpt>
      <trkpt lat="33.61158" lon="-117.77358">
        <ele>240.99</ele>
        <time>2026-05-10T16:12:58Z</time>
      </trkpt>
      <trkpt lat="33.61155" lon="-117.77358">
        <ele>241.08</ele>
        <time>2026-05-10T16:13:01Z</time>
      </trkpt>
      <trkpt lat="33.61152" lon="-117.77359">
        <ele>241.45</ele>
        <time>2026-05-10T16:13:04Z</time>
      </trkpt>
      <trkpt lat="33.61148" lon="-117.77359">
        <ele>241.56</ele>
        <time>2026-05-10T16:13:07Z</time>
      </trkpt>
      <trkpt lat="33.61145" lon="-117.77359">
        <ele>241.81</ele>
        <time>2026-05-10T16:13:10Z</time>
      </trkpt>
      <trkpt lat="33.61142" lon="-117.7736">
        <ele>242.34</ele>
        <time>2026-05-10T16:13:13Z</time>
      </trkpt>
      <trkpt lat="33.61139" lon="-117.7736">
        <ele>242.63</ele>
        <time>2026-05-10T16:13:16Z</time>
      </trkpt>
      <trkpt lat="33.61135" lon="-117.77361">
        <ele>243.38</ele>
        <time>2026-05-10T16:13:19Z</time>
      </trkpt>
      <trkpt lat="33.61132" lon="-117.77361">
        <ele>243.71</ele>
        <time>2026-05-10T16:13:22Z</time>
      </trkpt>
      <trkpt lat="33.61129" lon="-117.77361">
        <ele>243.96</ele>
        <time>2026-05-10T16:13:25Z</time>
      </trkpt>
      <trkpt lat="33.61126" lon="-117.77362">
        <ele>244.04</ele>
        <time>2026-05-10T16:13:28Z</time>
      </trkpt>
      <trkpt lat="33.61123" lon="-117.77362">
        <ele>244.07</ele>
        <time>2026-05-10T16:13:31Z</time>
      </trkpt>
      <trkpt lat="33.6112" lon="-117.77363">
        <ele>244.21</ele>
        <time>2026-05-10T16:13:34Z</time>
      </trkpt>
      <trkpt lat="33.61116" lon="-117.77363">
        <ele>244.3</ele>
        <time>2026-05-10T16:13:37Z</time>
      </trkpt>
      <trkpt lat="33.61113" lon="-117.77364">
        <ele>244.56</ele>
        <time>2026-05-10T16:13:40Z</time>
      </trkpt>
      <trkpt lat="33.6111" lon="-117.77364">
        <ele>244.74</ele>
        <time>2026-05-10T16:13:43Z</time>
      </trkpt>
      <trkpt lat="33.61107" lon="-117.77364">
        <ele>245.07</ele>
        <time>2026-05-10T16:13:46Z</time>
      </trkpt>
      <trkpt lat="33.61104" lon="-117.77365">
        <ele>245.61</ele>
        <time>2026-05-10T16:13:49Z</time>
      </trkpt>
      <trkpt lat="33.61101" lon="-117.77365">
        <ele>245.97</ele>
        <time>2026-05-10T16:13:52Z</time>
      </trkpt>
      <trkpt lat="33.61098" lon="-117.77365">
        <ele>246.43</ele>
        <time>2026-05-10T16:13:55Z</time>
      </trkpt>
      <trkpt lat="33.61096" lon="-117.77365">
        <ele>246.74</ele>
        <time>2026-05-10T16:13:58Z</time>
      </trkpt>
      <trkpt lat="33.61093" lon="-117.77365">
        <ele>247.2</ele>
        <time>2026-05-10T16:14:01Z</time>
      </trkpt>
      <trkpt lat="33.6109" lon="-117.77362">
        <ele>246.82</ele>
        <time>2026-05-10T16:14:04Z</time>
      </trkpt>
      <trkpt lat="33.61087" lon="-117.7736">
        <ele>246.73</ele>
        <time>2026-05-10T16:14:07Z</time>
      </trkpt>
      <trkpt lat="33.61084" lon="-117.77359">
        <ele>246.94</ele>
        <time>2026-05-10T16:14:10Z</time>
      </trkpt>
      <trkpt lat="33.61081" lon="-117.77358">
        <ele>246.91</ele>
        <time>2026-05-10T16:14:13Z</time>
      </trkpt>
      <trkpt lat="33.61078" lon="-117.77358">
        <ele>247.23</ele>
        <time>2026-05-10T16:14:16Z</time>
      </trkpt>
      <trkpt lat="33.61075" lon="-117.77358">
        <ele>247.56</ele>
        <time>2026-05-10T16:14:19Z</time>
      </trkpt>
      <trkpt lat="33.61072" lon="-117.77357">
        <ele>247.55</ele>
        <time>2026-05-10T16:14:22Z</time>
      </trkpt>
      <trkpt lat="33.61069" lon="-117.77357">
        <ele>248.02</ele>
        <time>2026-05-10T16:14:26Z</time>
      </trkpt>
      <trkpt lat="33.61066" lon="-117.77357">
        <ele>248.48</ele>
        <time>2026-05-10T16:14:30Z</time>
      </trkpt>
      <trkpt lat="33.61063" lon="-117.77356">
        <ele>248.65</ele>
        <time>2026-05-10T16:14:33Z</time>
      </trkpt>
      <trkpt lat="33.6106" lon="-117.77356">
        <ele>249.15</ele>
        <time>2026-05-10T16:14:36Z</time>
      </trkpt>
      <trkpt lat="33.61057" lon="-117.77355">
        <ele>249.42</ele>
        <time>2026-05-10T16:14:39Z</time>
      </trkpt>
      <trkpt lat="33.61054" lon="-117.77355">
        <ele>249.79</ele>
        <time>2026-05-10T16:14:42Z</time>
      </trkpt>
      <trkpt lat="33.61051" lon="-117.77354">
        <ele>249.84</ele>
        <time>2026-05-10T16:14:45Z</time>
      </trkpt>
      <trkpt lat="33.61048" lon="-117.77354">
        <ele>250.09</ele>
        <time>2026-05-10T16:14:48Z</time>
      </trkpt>
      <trkpt lat="33.61044" lon="-117.77354">
        <ele>249.74</ele>
        <time>2026-05-10T16:14:51Z</time>
      </trkpt>
      <trkpt lat="33.61041" lon="-117.77355">
        <ele>249.2</ele>
        <time>2026-05-10T16:14:54Z</time>
      </trkpt>
      <trkpt lat="33.61038" lon="-117.77357">
        <ele>248.76</ele>
        <time>2026-05-10T16:14:57Z</time>
      </trkpt>
      <trkpt lat="33.61035" lon="-117.77359">
        <ele>247.94</ele>
        <time>2026-05-10T16:15:00Z</time>
      </trkpt>
      <trkpt lat="33.61033" lon="-117.77361">
        <ele>247.25</ele>
        <time>2026-05-10T16:15:03Z</time>
      </trkpt>
      <trkpt lat="33.61031" lon="-117.77364">
        <ele>246.6</ele>
        <time>2026-05-10T16:15:07Z</time>
      </trkpt>
      <trkpt lat="33.6103" lon="-117.77368">
        <ele>246.53</ele>
        <time>2026-05-10T16:15:11Z</time>
      </trkpt>
      <trkpt lat="33.61028" lon="-117.77371">
        <ele>246.14</ele>
        <time>2026-05-10T16:15:13Z</time>
      </trkpt>
      <trkpt lat="33.61027" lon="-117.77374">
        <ele>246.17</ele>
        <time>2026-05-10T16:15:15Z</time>
      </trkpt>
      <trkpt lat="33.61025" lon="-117.77377">
        <ele>246.03</ele>
        <time>2026-05-10T16:15:17Z</time>
      </trkpt>
      <trkpt lat="33.61024" lon="-117.7738">
        <ele>246.26</ele>
        <time>2026-05-10T16:15:19Z</time>
      </trkpt>
      <trkpt lat="33.61022" lon="-117.77383">
        <ele>246.48</ele>
        <time>2026-05-10T16:15:21Z</time>
      </trkpt>
      <trkpt lat="33.6102" lon="-117.77387">
        <ele>246.91</ele>
        <time>2026-05-10T16:15:24Z</time>
      </trkpt>
      <trkpt lat="33.61018" lon="-117.77391">
        <ele>246.56</ele>
        <time>2026-05-10T16:15:27Z</time>
      </trkpt>
      <trkpt lat="33.61016" lon="-117.77394">
        <ele>245.51</ele>
        <time>2026-05-10T16:15:30Z</time>
      </trkpt>
      <trkpt lat="33.61015" lon="-117.77398">
        <ele>244.87</ele>
        <time>2026-05-10T16:15:33Z</time>
      </trkpt>
      <trkpt lat="33.61013" lon="-117.77401">
        <ele>244.52</ele>
        <time>2026-05-10T16:15:36Z</time>
      </trkpt>
      <trkpt lat="33.61012" lon="-117.77405">
        <ele>244.63</ele>
        <time>2026-05-10T16:15:39Z</time>
      </trkpt>
      <trkpt lat="33.61011" lon="-117.77408">
        <ele>244.63</ele>
        <time>2026-05-10T16:15:42Z</time>
      </trkpt>
      <trkpt lat="33.6101" lon="-117.77411">
        <ele>244.63</ele>
        <time>2026-05-10T16:15:45Z</time>
      </trkpt>
      <trkpt lat="33.61009" lon="-117.77415">
        <ele>244.71</ele>
        <time>2026-05-10T16:15:48Z</time>
      </trkpt>
      <trkpt lat="33.61008" lon="-117.77418">
        <ele>244.48</ele>
        <time>2026-05-10T16:15:51Z</time>
      </trkpt>
      <trkpt lat="33.61006" lon="-117.77422">
        <ele>243.79</ele>
        <time>2026-05-10T16:15:54Z</time>
      </trkpt>
      <trkpt lat="33.61005" lon="-117.77425">
        <ele>243.57</ele>
        <time>2026-05-10T16:15:57Z</time>
      </trkpt>
      <trkpt lat="33.61004" lon="-117.77429">
        <ele>243.48</ele>
        <time>2026-05-10T16:16:00Z</time>
      </trkpt>
      <trkpt lat="33.61002" lon="-117.77433">
        <ele>243.25</ele>
        <time>2026-05-10T16:16:03Z</time>
      </trkpt>
      <trkpt lat="33.61002" lon="-117.77436">
        <ele>243.36</ele>
        <time>2026-05-10T16:16:06Z</time>
      </trkpt>
      <trkpt lat="33.61001" lon="-117.7744">
        <ele>242.75</ele>
        <time>2026-05-10T16:16:09Z</time>
      </trkpt>
      <trkpt lat="33.61" lon="-117.77443">
        <ele>242.16</ele>
        <time>2026-05-10T16:16:12Z</time>
      </trkpt>
      <trkpt lat="33.60999" lon="-117.77447">
        <ele>241.6</ele>
        <time>2026-05-10T16:16:15Z</time>
      </trkpt>
      <trkpt lat="33.60998" lon="-117.77451">
        <ele>241.29</ele>
        <time>2026-05-10T16:16:18Z</time>
      </trkpt>
      <trkpt lat="33.60998" lon="-117.77454">
        <ele>241.39</ele>
        <time>2026-05-10T16:16:21Z</time>
      </trkpt>
      <trkpt lat="33.60997" lon="-117.77458">
        <ele>241.64</ele>
        <time>2026-05-10T16:16:24Z</time>
      </trkpt>
      <trkpt lat="33.60996" lon="-117.77462">
        <ele>241.99</ele>
        <time>2026-05-10T16:16:27Z</time>
      </trkpt>
      <trkpt lat="33.60995" lon="-117.77466">
        <ele>242.27</ele>
        <time>2026-05-10T16:16:30Z</time>
      </trkpt>
      <trkpt lat="33.60993" lon="-117.77469">
        <ele>242.47</ele>
        <time>2026-05-10T16:16:33Z</time>
      </trkpt>
      <trkpt lat="33.60991" lon="-117.77473">
        <ele>243.0</ele>
        <time>2026-05-10T16:16:36Z</time>
      </trkpt>
      <trkpt lat="33.60989" lon="-117.77475">
        <ele>242.92</ele>
        <time>2026-05-10T16:16:38Z</time>
      </trkpt>
      <trkpt lat="33.60986" lon="-117.77477">
        <ele>243.02</ele>
        <time>2026-05-10T16:16:41Z</time>
      </trkpt>
      <trkpt lat="33.60983" lon="-117.77479">
        <ele>243.39</ele>
        <time>2026-05-10T16:16:44Z</time>
      </trkpt>
      <trkpt lat="33.6098" lon="-117.77481">
        <ele>243.74</ele>
        <time>2026-05-10T16:16:47Z</time>
      </trkpt>
      <trkpt lat="33.60977" lon="-117.77483">
        <ele>243.52</ele>
        <time>2026-05-10T16:16:50Z</time>
      </trkpt>
      <trkpt lat="33.60974" lon="-117.77485">
        <ele>243.19</ele>
        <time>2026-05-10T16:16:53Z</time>
      </trkpt>
      <trkpt lat="33.6097" lon="-117.77486">
        <ele>242.88</ele>
        <time>2026-05-10T16:16:56Z</time>
      </trkpt>
      <trkpt lat="33.60967" lon="-117.77487">
        <ele>242.77</ele>
        <time>2026-05-10T16:16:59Z</time>
      </trkpt>
      <trkpt lat="33.60964" lon="-117.77488">
        <ele>242.74</ele>
        <time>2026-05-10T16:17:02Z</time>
      </trkpt>
      <trkpt lat="33.60961" lon="-117.7749">
        <ele>242.72</ele>
        <time>2026-05-10T16:17:05Z</time>
      </trkpt>
      <trkpt lat="33.60958" lon="-117.77492">
        <ele>242.46</ele>
        <time>2026-05-10T16:17:08Z</time>
      </trkpt>
      <trkpt lat="33.60955" lon="-117.77493">
        <ele>242.14</ele>
        <time>2026-05-10T16:17:11Z</time>
      </trkpt>
      <trkpt lat="33.60951" lon="-117.77494">
        <ele>241.71</ele>
        <time>2026-05-10T16:17:14Z</time>
      </trkpt>
      <trkpt lat="33.60948" lon="-117.77495">
        <ele>241.38</ele>
        <time>2026-05-10T16:17:17Z</time>
      </trkpt>
      <trkpt lat="33.60945" lon="-117.77497">
        <ele>241.06</ele>
        <time>2026-05-10T16:17:20Z</time>
      </trkpt>
      <trkpt lat="33.60942" lon="-117.77499">
        <ele>240.47</ele>
        <time>2026-05-10T16:17:23Z</time>
      </trkpt>
      <trkpt lat="33.60939" lon="-117.77502">
        <ele>239.74</ele>
        <time>2026-05-10T16:17:26Z</time>
      </trkpt>
      <trkpt lat="33.60936" lon="-117.77504">
        <ele>239.14</ele>
        <time>2026-05-10T16:17:29Z</time>
      </trkpt>
      <trkpt lat="33.60934" lon="-117.77506">
        <ele>238.65</ele>
        <time>2026-05-10T16:17:32Z</time>
      </trkpt>
      <trkpt lat="33.60932" lon="-117.77509">
        <ele>238.29</ele>
        <time>2026-05-10T16:17:36Z</time>
      </trkpt>
      <trkpt lat="33.60929" lon="-117.77511">
        <ele>237.85</ele>
        <time>2026-05-10T16:17:39Z</time>
      </trkpt>
      <trkpt lat="33.60927" lon="-117.77514">
        <ele>237.74</ele>
        <time>2026-05-10T16:17:42Z</time>
      </trkpt>
      <trkpt lat="33.60925" lon="-117.77516">
        <ele>237.7</ele>
        <time>2026-05-10T16:17:45Z</time>
      </trkpt>
      <trkpt lat="33.60922" lon="-117.77518">
        <ele>237.92</ele>
        <time>2026-05-10T16:17:48Z</time>
      </trkpt>
      <trkpt lat="33.6092" lon="-117.7752">
        <ele>238.06</ele>
        <time>2026-05-10T16:17:51Z</time>
      </trkpt>
      <trkpt lat="33.60916" lon="-117.7752">
        <ele>237.94</ele>
        <time>2026-05-10T16:17:54Z</time>
      </trkpt>
      <trkpt lat="33.60913" lon="-117.7752">
        <ele>237.67</ele>
        <time>2026-05-10T16:17:57Z</time>
      </trkpt>
      <trkpt lat="33.60909" lon="-117.7752">
        <ele>237.3</ele>
        <time>2026-05-10T16:18:00Z</time>
      </trkpt>
      <trkpt lat="33.60906" lon="-117.77521">
        <ele>237.23</ele>
        <time>2026-05-10T16:18:03Z</time>
      </trkpt>
      <trkpt lat="33.60903" lon="-117.77521">
        <ele>237.14</ele>
        <time>2026-05-10T16:18:06Z</time>
      </trkpt>
      <trkpt lat="33.609" lon="-117.77521">
        <ele>237.05</ele>
        <time>2026-05-10T16:18:09Z</time>
      </trkpt>
      <trkpt lat="33.60897" lon="-117.77521">
        <ele>236.79</ele>
        <time>2026-05-10T16:18:12Z</time>
      </trkpt>
      <trkpt lat="33.60894" lon="-117.77521">
        <ele>236.22</ele>
        <time>2026-05-10T16:18:15Z</time>
      </trkpt>
      <trkpt lat="33.60891" lon="-117.7752">
        <ele>235.58</ele>
        <time>2026-05-10T16:18:18Z</time>
      </trkpt>
      <trkpt lat="33.60888" lon="-117.77519">
        <ele>234.96</ele>
        <time>2026-05-10T16:18:21Z</time>
      </trkpt>
      <trkpt lat="33.60885" lon="-117.77518">
        <ele>234.58</ele>
        <time>2026-05-10T16:18:24Z</time>
      </trkpt>
      <trkpt lat="33.60882" lon="-117.77517">
        <ele>234.26</ele>
        <time>2026-05-10T16:18:27Z</time>
      </trkpt>
      <trkpt lat="33.60879" lon="-117.77516">
        <ele>233.95</ele>
        <time>2026-05-10T16:18:30Z</time>
      </trkpt>
      <trkpt lat="33.60876" lon="-117.77515">
        <ele>233.76</ele>
        <time>2026-05-10T16:18:33Z</time>
      </trkpt>
      <trkpt lat="33.60873" lon="-117.77515">
        <ele>233.56</ele>
        <time>2026-05-10T16:18:36Z</time>
      </trkpt>
      <trkpt lat="33.6087" lon="-117.77514">
        <ele>233.47</ele>
        <time>2026-05-10T16:18:39Z</time>
      </trkpt>
      <trkpt lat="33.60867" lon="-117.77513">
        <ele>233.38</ele>
        <time>2026-05-10T16:18:42Z</time>
      </trkpt>
      <trkpt lat="33.60864" lon="-117.77512">
        <ele>233.22</ele>
        <time>2026-05-10T16:18:45Z</time>
      </trkpt>
      <trkpt lat="33.60861" lon="-117.77511">
        <ele>232.99</ele>
        <time>2026-05-10T16:18:48Z</time>
      </trkpt>
      <trkpt lat="33.60858" lon="-117.77511">
        <ele>232.66</ele>
        <time>2026-05-10T16:18:51Z</time>
      </trkpt>
      <trkpt lat="33.60855" lon="-117.7751">
        <ele>232.34</ele>
        <time>2026-05-10T16:18:54Z</time>
      </trkpt>
      <trkpt lat="33.60853" lon="-117.7751">
        <ele>232.12</ele>
        <time>2026-05-10T16:18:57Z</time>
      </trkpt>
      <trkpt lat="33.6085" lon="-117.77509">
        <ele>231.78</ele>
        <time>2026-05-10T16:19:00Z</time>
      </trkpt>
      <trkpt lat="33.60847" lon="-117.77508">
        <ele>231.41</ele>
        <time>2026-05-10T16:19:03Z</time>
      </trkpt>
      <trkpt lat="33.60844" lon="-117.77508">
        <ele>231.13</ele>
        <time>2026-05-10T16:19:06Z</time>
      </trkpt>
      <trkpt lat="33.60841" lon="-117.77507">
        <ele>230.83</ele>
        <time>2026-05-10T16:19:09Z</time>
      </trkpt>
      <trkpt lat="33.60838" lon="-117.77507">
        <ele>230.5</ele>
        <time>2026-05-10T16:19:12Z</time>
      </trkpt>
      <trkpt lat="33.60835" lon="-117.77506">
        <ele>230.18</ele>
        <time>2026-05-10T16:19:15Z</time>
      </trkpt>
      <trkpt lat="33.60832" lon="-117.77506">
        <ele>229.86</ele>
        <time>2026-05-10T16:19:18Z</time>
      </trkpt>
      <trkpt lat="33.60829" lon="-117.77506">
        <ele>229.53</ele>
        <time>2026-05-10T16:19:21Z</time>
      </trkpt>
      <trkpt lat="33.60826" lon="-117.77507">
        <ele>229.21</ele>
        <time>2026-05-10T16:19:24Z</time>
      </trkpt>
      <trkpt lat="33.60823" lon="-117.77508">
        <ele>228.98</ele>
        <time>2026-05-10T16:19:27Z</time>
      </trkpt>
      <trkpt lat="33.6082" lon="-117.77509">
        <ele>228.99</ele>
        <time>2026-05-10T16:19:30Z</time>
      </trkpt>
      <trkpt lat="33.60817" lon="-117.77509">
        <ele>228.98</ele>
        <time>2026-05-10T16:19:33Z</time>
      </trkpt>
      <trkpt lat="33.60814" lon="-117.7751">
        <ele>228.91</ele>
        <time>2026-05-10T16:19:36Z</time>
      </trkpt>
      <trkpt lat="33.60811" lon="-117.7751">
        <ele>228.59</ele>
        <time>2026-05-10T16:19:39Z</time>
      </trkpt>
      <trkpt lat="33.60808" lon="-117.7751">
        <ele>228.26</ele>
        <time>2026-05-10T16:19:42Z</time>
      </trkpt>
      <trkpt lat="33.60805" lon="-117.7751">
        <ele>227.94</ele>
        <time>2026-05-10T16:19:45Z</time>
      </trkpt>
      <trkpt lat="33.60801" lon="-117.77509">
        <ele>227.48</ele>
        <time>2026-05-10T16:19:48Z</time>
      </trkpt>
      <trkpt lat="33.60797" lon="-117.77509">
        <ele>227.05</ele>
        <time>2026-05-10T16:19:51Z</time>
      </trkpt>
      <trkpt lat="33.60794" lon="-117.77508">
        <ele>226.62</ele>
        <time>2026-05-10T16:19:54Z</time>
      </trkpt>
      <trkpt lat="33.60791" lon="-117.77507">
        <ele>226.18</ele>
        <time>2026-05-10T16:19:57Z</time>
      </trkpt>
      <trkpt lat="33.60787" lon="-117.77507">
        <ele>225.75</ele>
        <time>2026-05-10T16:20:00Z</time>
      </trkpt>
      <trkpt lat="33.60784" lon="-117.77507">
        <ele>225.51</ele>
        <time>2026-05-10T16:20:03Z</time>
      </trkpt>
      <trkpt lat="33.6078" lon="-117.77506">
        <ele>225.16</ele>
        <time>2026-05-10T16:20:06Z</time>
      </trkpt>
      <trkpt lat="33.60777" lon="-117.77506">
        <ele>224.97</ele>
        <time>2026-05-10T16:20:09Z</time>
      </trkpt>
      <trkpt lat="33.60774" lon="-117.77505">
        <ele>224.81</ele>
        <time>2026-05-10T16:20:12Z</time>
      </trkpt>
      <trkpt lat="33.60771" lon="-117.77505">
        <ele>224.66</ele>
        <time>2026-05-10T16:20:15Z</time>
      </trkpt>
      <trkpt lat="33.60767" lon="-117.77504">
        <ele>224.6</ele>
        <time>2026-05-10T16:20:18Z</time>
      </trkpt>
      <trkpt lat="33.60764" lon="-117.77503">
        <ele>224.81</ele>
        <time>2026-05-10T16:20:21Z</time>
      </trkpt>
      <trkpt lat="33.6076" lon="-117.77503">
        <ele>225.24</ele>
        <time>2026-05-10T16:20:24Z</time>
      </trkpt>
      <trkpt lat="33.60757" lon="-117.77502">
        <ele>225.27</ele>
        <time>2026-05-10T16:20:27Z</time>
      </trkpt>
      <trkpt lat="33.60753" lon="-117.77499">
        <ele>224.93</ele>
        <time>2026-05-10T16:20:30Z</time>
      </trkpt>
      <trkpt lat="33.6075" lon="-117.77497">
        <ele>225.0</ele>
        <time>2026-05-10T16:20:33Z</time>
      </trkpt>
      <trkpt lat="33.60747" lon="-117.77495">
        <ele>225.15</ele>
        <time>2026-05-10T16:20:36Z</time>
      </trkpt>
      <trkpt lat="33.60743" lon="-117.77494">
        <ele>225.27</ele>
        <time>2026-05-10T16:20:39Z</time>
      </trkpt>
      <trkpt lat="33.6074" lon="-117.77492">
        <ele>225.22</ele>
        <time>2026-05-10T16:20:42Z</time>
      </trkpt>
      <trkpt lat="33.60736" lon="-117.77491">
        <ele>225.54</ele>
        <time>2026-05-10T16:20:45Z</time>
      </trkpt>
      <trkpt lat="33.60733" lon="-117.7749">
        <ele>225.68</ele>
        <time>2026-05-10T16:20:48Z</time>
      </trkpt>
      <trkpt lat="33.6073" lon="-117.77489">
        <ele>225.65</ele>
        <time>2026-05-10T16:20:51Z</time>
      </trkpt>
      <trkpt lat="33.60727" lon="-117.77488">
        <ele>225.55</ele>
        <time>2026-05-10T16:20:54Z</time>
      </trkpt>
      <trkpt lat="33.60724" lon="-117.77487">
        <ele>225.52</ele>
        <time>2026-05-10T16:20:57Z</time>
      </trkpt>
      <trkpt lat="33.6072" lon="-117.77486">
        <ele>225.49</ele>
        <time>2026-05-10T16:21:00Z</time>
      </trkpt>
      <trkpt lat="33.60717" lon="-117.77485">
        <ele>225.38</ele>
        <time>2026-05-10T16:21:03Z</time>
      </trkpt>
      <trkpt lat="33.60714" lon="-117.77485">
        <ele>225.38</ele>
        <time>2026-05-10T16:21:06Z</time>
      </trkpt>
      <trkpt lat="33.6071" lon="-117.77485">
        <ele>225.06</ele>
        <time>2026-05-10T16:21:09Z</time>
      </trkpt>
      <trkpt lat="33.60707" lon="-117.77486">
        <ele>224.84</ele>
        <time>2026-05-10T16:21:12Z</time>
      </trkpt>
      <trkpt lat="33.60703" lon="-117.77486">
        <ele>224.41</ele>
        <time>2026-05-10T16:21:15Z</time>
      </trkpt>
      <trkpt lat="33.607" lon="-117.77487">
        <ele>224.27</ele>
        <time>2026-05-10T16:21:18Z</time>
      </trkpt>
      <trkpt lat="33.60696" lon="-117.77488">
        <ele>224.21</ele>
        <time>2026-05-10T16:21:21Z</time>
      </trkpt>
      <trkpt lat="33.60693" lon="-117.77489">
        <ele>224.25</ele>
        <time>2026-05-10T16:21:24Z</time>
      </trkpt>
      <trkpt lat="33.60689" lon="-117.7749">
        <ele>224.12</ele>
        <time>2026-05-10T16:21:27Z</time>
      </trkpt>
      <trkpt lat="33.60686" lon="-117.77491">
        <ele>224.14</ele>
        <time>2026-05-10T16:21:30Z</time>
      </trkpt>
      <trkpt lat="33.60682" lon="-117.77492">
        <ele>223.93</ele>
        <time>2026-05-10T16:21:33Z</time>
      </trkpt>
      <trkpt lat="33.6068" lon="-117.77493">
        <ele>223.93</ele>
        <time>2026-05-10T16:21:35Z</time>
      </trkpt>
      <trkpt lat="33.60677" lon="-117.77494">
        <ele>223.82</ele>
        <time>2026-05-10T16:21:37Z</time>
      </trkpt>
      <trkpt lat="33.60673" lon="-117.77495">
        <ele>223.58</ele>
        <time>2026-05-10T16:21:40Z</time>
      </trkpt>
      <trkpt lat="33.6067" lon="-117.77496">
        <ele>223.58</ele>
        <time>2026-05-10T16:21:43Z</time>
      </trkpt>
      <trkpt lat="33.60666" lon="-117.77497">
        <ele>223.56</ele>
        <time>2026-05-10T16:21:46Z</time>
      </trkpt>
      <trkpt lat="33.60663" lon="-117.77499">
        <ele>223.78</ele>
        <time>2026-05-10T16:21:49Z</time>
      </trkpt>
      <trkpt lat="33.60659" lon="-117.775">
        <ele>223.34</ele>
        <time>2026-05-10T16:21:52Z</time>
      </trkpt>
      <trkpt lat="33.60656" lon="-117.77501">
        <ele>223.28</ele>
        <time>2026-05-10T16:21:55Z</time>
      </trkpt>
      <trkpt lat="33.60653" lon="-117.77502">
        <ele>223.39</ele>
        <time>2026-05-10T16:21:58Z</time>
      </trkpt>
      <trkpt lat="33.60649" lon="-117.77503">
        <ele>223.39</ele>
        <time>2026-05-10T16:22:01Z</time>
      </trkpt>
      <trkpt lat="33.60646" lon="-117.77505">
        <ele>224.05</ele>
        <time>2026-05-10T16:22:04Z</time>
      </trkpt>
      <trkpt lat="33.60644" lon="-117.77506">
        <ele>224.43</ele>
        <time>2026-05-10T16:22:08Z</time>
      </trkpt>
      <trkpt lat="33.60641" lon="-117.77508">
        <ele>225.35</ele>
        <time>2026-05-10T16:22:12Z</time>
      </trkpt>
      <trkpt lat="33.60638" lon="-117.77509">
        <ele>225.76</ele>
        <time>2026-05-10T16:22:16Z</time>
      </trkpt>
      <trkpt lat="33.60635" lon="-117.7751">
        <ele>225.9</ele>
        <time>2026-05-10T16:22:19Z</time>
      </trkpt>
      <trkpt lat="33.60632" lon="-117.77511">
        <ele>226.01</ele>
        <time>2026-05-10T16:22:22Z</time>
      </trkpt>
      <trkpt lat="33.60629" lon="-117.77513">
        <ele>226.6</ele>
        <time>2026-05-10T16:22:26Z</time>
      </trkpt>
      <trkpt lat="33.60626" lon="-117.77514">
        <ele>227.06</ele>
        <time>2026-05-10T16:22:30Z</time>
      </trkpt>
      <trkpt lat="33.60623" lon="-117.77516">
        <ele>228.24</ele>
        <time>2026-05-10T16:22:34Z</time>
      </trkpt>
      <trkpt lat="33.60622" lon="-117.77518">
        <ele>229.51</ele>
        <time>2026-05-10T16:23:22Z</time>
      </trkpt>
      <trkpt lat="33.60619" lon="-117.77521">
        <ele>230.55</ele>
        <time>2026-05-10T16:23:25Z</time>
      </trkpt>
      <trkpt lat="33.60616" lon="-117.77522">
        <ele>230.36</ele>
        <time>2026-05-10T16:23:28Z</time>
      </trkpt>
      <trkpt lat="33.60613" lon="-117.77523">
        <ele>230.25</ele>
        <time>2026-05-10T16:23:31Z</time>
      </trkpt>
      <trkpt lat="33.60611" lon="-117.77525">
        <ele>230.77</ele>
        <time>2026-05-10T16:23:34Z</time>
      </trkpt>
      <trkpt lat="33.60608" lon="-117.77526">
        <ele>230.5</ele>
        <time>2026-05-10T16:23:37Z</time>
      </trkpt>
      <trkpt lat="33.60605" lon="-117.77528">
        <ele>230.8</ele>
        <time>2026-05-10T16:23:41Z</time>
      </trkpt>
      <trkpt lat="33.60603" lon="-117.7753">
        <ele>231.45</ele>
        <time>2026-05-10T16:23:44Z</time>
      </trkpt>
      <trkpt lat="33.60599" lon="-117.77532">
        <ele>231.8</ele>
        <time>2026-05-10T16:23:48Z</time>
      </trkpt>
      <trkpt lat="33.60597" lon="-117.77534">
        <ele>232.66</ele>
        <time>2026-05-10T16:23:52Z</time>
      </trkpt>
      <trkpt lat="33.60594" lon="-117.77536">
        <ele>233.5</ele>
        <time>2026-05-10T16:23:56Z</time>
      </trkpt>
      <trkpt lat="33.60591" lon="-117.77538">
        <ele>234.26</ele>
        <time>2026-05-10T16:24:00Z</time>
      </trkpt>
      <trkpt lat="33.60588" lon="-117.77541">
        <ele>235.43</ele>
        <time>2026-05-10T16:24:04Z</time>
      </trkpt>
      <trkpt lat="33.60586" lon="-117.77543">
        <ele>236.32</ele>
        <time>2026-05-10T16:24:08Z</time>
      </trkpt>
      <trkpt lat="33.60583" lon="-117.77545">
        <ele>237.33</ele>
        <time>2026-05-10T16:24:12Z</time>
      </trkpt>
      <trkpt lat="33.6058" lon="-117.77547">
        <ele>238.43</ele>
        <time>2026-05-10T16:24:16Z</time>
      </trkpt>
      <trkpt lat="33.60577" lon="-117.77549">
        <ele>238.67</ele>
        <time>2026-05-10T16:24:20Z</time>
      </trkpt>
      <trkpt lat="33.60575" lon="-117.77551">
        <ele>238.54</ele>
        <time>2026-05-10T16:24:24Z</time>
      </trkpt>
      <trkpt lat="33.60572" lon="-117.77554">
        <ele>238.17</ele>
        <time>2026-05-10T16:24:28Z</time>
      </trkpt>
      <trkpt lat="33.60571" lon="-117.77558">
        <ele>237.56</ele>
        <time>2026-05-10T16:24:31Z</time>
      </trkpt>
      <trkpt lat="33.6057" lon="-117.77562">
        <ele>236.69</ele>
        <time>2026-05-10T16:24:34Z</time>
      </trkpt>
      <trkpt lat="33.60569" lon="-117.77567">
        <ele>236.03</ele>
        <time>2026-05-10T16:24:37Z</time>
      </trkpt>
      <trkpt lat="33.60568" lon="-117.77571">
        <ele>236.13</ele>
        <time>2026-05-10T16:24:40Z</time>
      </trkpt>
      <trkpt lat="33.60566" lon="-117.77574">
        <ele>236.12</ele>
        <time>2026-05-10T16:24:42Z</time>
      </trkpt>
      <trkpt lat="33.60565" lon="-117.77577">
        <ele>236.03</ele>
        <time>2026-05-10T16:24:44Z</time>
      </trkpt>
      <trkpt lat="33.60564" lon="-117.7758">
        <ele>235.88</ele>
        <time>2026-05-10T16:24:46Z</time>
      </trkpt>
      <trkpt lat="33.60562" lon="-117.77582">
        <ele>235.65</ele>
        <time>2026-05-10T16:24:48Z</time>
      </trkpt>
      <trkpt lat="33.60559" lon="-117.77586">
        <ele>235.66</ele>
        <time>2026-05-10T16:24:51Z</time>
      </trkpt>
      <trkpt lat="33.60556" lon="-117.77589">
        <ele>235.66</ele>
        <time>2026-05-10T16:24:54Z</time>
      </trkpt>
      <trkpt lat="33.60553" lon="-117.7759">
        <ele>235.44</ele>
        <time>2026-05-10T16:24:57Z</time>
      </trkpt>
      <trkpt lat="33.60549" lon="-117.77591">
        <ele>235.12</ele>
        <time>2026-05-10T16:25:00Z</time>
      </trkpt>
      <trkpt lat="33.60546" lon="-117.77592">
        <ele>234.93</ele>
        <time>2026-05-10T16:25:03Z</time>
      </trkpt>
      <trkpt lat="33.60542" lon="-117.77591">
        <ele>234.75</ele>
        <time>2026-05-10T16:25:06Z</time>
      </trkpt>
      <trkpt lat="33.60539" lon="-117.77591">
        <ele>234.69</ele>
        <time>2026-05-10T16:25:09Z</time>
      </trkpt>
      <trkpt lat="33.60535" lon="-117.77591">
        <ele>234.66</ele>
        <time>2026-05-10T16:25:12Z</time>
      </trkpt>
      <trkpt lat="33.60532" lon="-117.77591">
        <ele>234.66</ele>
        <time>2026-05-10T16:25:15Z</time>
      </trkpt>
      <trkpt lat="33.60528" lon="-117.77591">
        <ele>234.66</ele>
        <time>2026-05-10T16:25:18Z</time>
      </trkpt>
      <trkpt lat="33.60524" lon="-117.77591">
        <ele>234.66</ele>
        <time>2026-05-10T16:25:21Z</time>
      </trkpt>
      <trkpt lat="33.6052" lon="-117.77591">
        <ele>234.66</ele>
        <time>2026-05-10T16:25:24Z</time>
      </trkpt>
      <trkpt lat="33.60518" lon="-117.77591">
        <ele>234.71</ele>
        <time>2026-05-10T16:25:26Z</time>
      </trkpt>
      <trkpt lat="33.60514" lon="-117.77591">
        <ele>235.14</ele>
        <time>2026-05-10T16:25:29Z</time>
      </trkpt>
      <trkpt lat="33.6051" lon="-117.7759">
        <ele>235.36</ele>
        <time>2026-05-10T16:25:32Z</time>
      </trkpt>
      <trkpt lat="33.60507" lon="-117.7759">
        <ele>235.68</ele>
        <time>2026-05-10T16:25:35Z</time>
      </trkpt>
      <trkpt lat="33.60503" lon="-117.77589">
        <ele>235.9</ele>
        <time>2026-05-10T16:25:38Z</time>
      </trkpt>
      <trkpt lat="33.60501" lon="-117.77588">
        <ele>235.9</ele>
        <time>2026-05-10T16:25:41Z</time>
      </trkpt>
      <trkpt lat="33.60497" lon="-117.77587">
        <ele>236.24</ele>
        <time>2026-05-10T16:25:45Z</time>
      </trkpt>
      <trkpt lat="33.60493" lon="-117.77586">
        <ele>236.55</ele>
        <time>2026-05-10T16:25:49Z</time>
      </trkpt>
      <trkpt lat="33.6049" lon="-117.77586">
        <ele>236.91</ele>
        <time>2026-05-10T16:25:52Z</time>
      </trkpt>
      <trkpt lat="33.60487" lon="-117.77585">
        <ele>236.69</ele>
        <time>2026-05-10T16:25:55Z</time>
      </trkpt>
      <trkpt lat="33.60484" lon="-117.77583">
        <ele>235.87</ele>
        <time>2026-05-10T16:25:58Z</time>
      </trkpt>
      <trkpt lat="33.6048" lon="-117.77583">
        <ele>235.89</ele>
        <time>2026-05-10T16:26:01Z</time>
      </trkpt>
      <trkpt lat="33.60477" lon="-117.77581">
        <ele>235.24</ele>
        <time>2026-05-10T16:26:04Z</time>
      </trkpt>
      <trkpt lat="33.60473" lon="-117.7758">
        <ele>234.92</ele>
        <time>2026-05-10T16:26:07Z</time>
      </trkpt>
      <trkpt lat="33.6047" lon="-117.77579">
        <ele>234.0</ele>
        <time>2026-05-10T16:26:10Z</time>
      </trkpt>
      <trkpt lat="33.60466" lon="-117.77578">
        <ele>232.54</ele>
        <time>2026-05-10T16:26:13Z</time>
      </trkpt>
      <trkpt lat="33.60463" lon="-117.77578">
        <ele>231.71</ele>
        <time>2026-05-10T16:26:16Z</time>
      </trkpt>
      <trkpt lat="33.6046" lon="-117.77579">
        <ele>232.13</ele>
        <time>2026-05-10T16:26:19Z</time>
      </trkpt>
      <trkpt lat="33.60457" lon="-117.77582">
        <ele>233.42</ele>
        <time>2026-05-10T16:26:22Z</time>
      </trkpt>
      <trkpt lat="33.60453" lon="-117.77582">
        <ele>233.35</ele>
        <time>2026-05-10T16:26:25Z</time>
      </trkpt>
      <trkpt lat="33.6045" lon="-117.77582">
        <ele>233.02</ele>
        <time>2026-05-10T16:26:28Z</time>
      </trkpt>
      <trkpt lat="33.60447" lon="-117.77582">
        <ele>232.7</ele>
        <time>2026-05-10T16:26:31Z</time>
      </trkpt>
      <trkpt lat="33.60443" lon="-117.77583">
        <ele>232.86</ele>
        <time>2026-05-10T16:26:34Z</time>
      </trkpt>
      <trkpt lat="33.6044" lon="-117.77582">
        <ele>232.49</ele>
        <time>2026-05-10T16:26:37Z</time>
      </trkpt>
      <trkpt lat="33.60436" lon="-117.7758">
        <ele>231.89</ele>
        <time>2026-05-10T16:26:40Z</time>
      </trkpt>
      <trkpt lat="33.60433" lon="-117.77579">
        <ele>231.83</ele>
        <time>2026-05-10T16:26:43Z</time>
      </trkpt>
      <trkpt lat="33.60429" lon="-117.77577">
        <ele>231.62</ele>
        <time>2026-05-10T16:26:46Z</time>
      </trkpt>
      <trkpt lat="33.60426" lon="-117.77576">
        <ele>231.62</ele>
        <time>2026-05-10T16:26:49Z</time>
      </trkpt>
      <trkpt lat="33.60422" lon="-117.77576">
        <ele>231.78</ele>
        <time>2026-05-10T16:26:52Z</time>
      </trkpt>
      <trkpt lat="33.60419" lon="-117.77576">
        <ele>231.91</ele>
        <time>2026-05-10T16:26:55Z</time>
      </trkpt>
      <trkpt lat="33.60415" lon="-117.77576">
        <ele>231.96</ele>
        <time>2026-05-10T16:26:58Z</time>
      </trkpt>
      <trkpt lat="33.60412" lon="-117.77577">
        <ele>231.84</ele>
        <time>2026-05-10T16:27:01Z</time>
      </trkpt>
      <trkpt lat="33.60408" lon="-117.77579">
        <ele>231.5</ele>
        <time>2026-05-10T16:27:04Z</time>
      </trkpt>
      <trkpt lat="33.60406" lon="-117.77581">
        <ele>231.4</ele>
        <time>2026-05-10T16:27:06Z</time>
      </trkpt>
      <trkpt lat="33.60404" lon="-117.77583">
        <ele>231.4</ele>
        <time>2026-05-10T16:27:08Z</time>
      </trkpt>
      <trkpt lat="33.60401" lon="-117.77585">
        <ele>231.44</ele>
        <time>2026-05-10T16:27:11Z</time>
      </trkpt>
      <trkpt lat="33.60397" lon="-117.77587">
        <ele>231.28</ele>
        <time>2026-05-10T16:27:14Z</time>
      </trkpt>
      <trkpt lat="33.60394" lon="-117.77589">
        <ele>230.95</ele>
        <time>2026-05-10T16:27:17Z</time>
      </trkpt>
      <trkpt lat="33.6039" lon="-117.7759">
        <ele>230.81</ele>
        <time>2026-05-10T16:27:20Z</time>
      </trkpt>
      <trkpt lat="33.60387" lon="-117.77592">
        <ele>230.38</ele>
        <time>2026-05-10T16:27:23Z</time>
      </trkpt>
      <trkpt lat="33.60384" lon="-117.77592">
        <ele>230.69</ele>
        <time>2026-05-10T16:27:26Z</time>
      </trkpt>
      <trkpt lat="33.6038" lon="-117.77592">
        <ele>231.09</ele>
        <time>2026-05-10T16:27:29Z</time>
      </trkpt>
      <trkpt lat="33.60377" lon="-117.77594">
        <ele>230.26</ele>
        <time>2026-05-10T16:27:32Z</time>
      </trkpt>
      <trkpt lat="33.60374" lon="-117.77596">
        <ele>229.29</ele>
        <time>2026-05-10T16:27:35Z</time>
      </trkpt>
      <trkpt lat="33.60371" lon="-117.77597">
        <ele>228.64</ele>
        <time>2026-05-10T16:27:39Z</time>
      </trkpt>
      <trkpt lat="33.60368" lon="-117.77598">
        <ele>228.25</ele>
        <time>2026-05-10T16:27:42Z</time>
      </trkpt>
      <trkpt lat="33.60365" lon="-117.776">
        <ele>227.6</ele>
        <time>2026-05-10T16:27:45Z</time>
      </trkpt>
      <trkpt lat="33.60362" lon="-117.77601">
        <ele>227.28</ele>
        <time>2026-05-10T16:27:48Z</time>
      </trkpt>
      <trkpt lat="33.60359" lon="-117.77602">
        <ele>226.98</ele>
        <time>2026-05-10T16:27:51Z</time>
      </trkpt>
      <trkpt lat="33.60356" lon="-117.77603">
        <ele>226.81</ele>
        <time>2026-05-10T16:27:54Z</time>
      </trkpt>
      <trkpt lat="33.60353" lon="-117.77604">
        <ele>226.56</ele>
        <time>2026-05-10T16:27:57Z</time>
      </trkpt>
      <trkpt lat="33.6035" lon="-117.77605">
        <ele>226.05</ele>
        <time>2026-05-10T16:28:00Z</time>
      </trkpt>
      <trkpt lat="33.60347" lon="-117.77606">
        <ele>225.35</ele>
        <time>2026-05-10T16:28:03Z</time>
      </trkpt>
      <trkpt lat="33.60344" lon="-117.77606">
        <ele>224.88</ele>
        <time>2026-05-10T16:28:06Z</time>
      </trkpt>
      <trkpt lat="33.6034" lon="-117.77607">
        <ele>223.93</ele>
        <time>2026-05-10T16:28:09Z</time>
      </trkpt>
      <trkpt lat="33.60337" lon="-117.77607">
        <ele>223.46</ele>
        <time>2026-05-10T16:28:12Z</time>
      </trkpt>
      <trkpt lat="33.60334" lon="-117.77608">
        <ele>222.77</ele>
        <time>2026-05-10T16:28:15Z</time>
      </trkpt>
      <trkpt lat="33.60331" lon="-117.77609">
        <ele>222.34</ele>
        <time>2026-05-10T16:28:18Z</time>
      </trkpt>
      <trkpt lat="33.60328" lon="-117.77609">
        <ele>222.19</ele>
        <time>2026-05-10T16:28:21Z</time>
      </trkpt>
      <trkpt lat="33.60325" lon="-117.7761">
        <ele>222.02</ele>
        <time>2026-05-10T16:28:24Z</time>
      </trkpt>
      <trkpt lat="33.60322" lon="-117.77611">
        <ele>221.78</ele>
        <time>2026-05-10T16:28:27Z</time>
      </trkpt>
      <trkpt lat="33.60319" lon="-117.77612">
        <ele>221.45</ele>
        <time>2026-05-10T16:28:30Z</time>
      </trkpt>
      <trkpt lat="33.60316" lon="-117.77613">
        <ele>221.13</ele>
        <time>2026-05-10T16:28:33Z</time>
      </trkpt>
      <trkpt lat="33.60313" lon="-117.77614">
        <ele>221.0</ele>
        <time>2026-05-10T16:28:36Z</time>
      </trkpt>
      <trkpt lat="33.60309" lon="-117.77615">
        <ele>221.0</ele>
        <time>2026-05-10T16:28:39Z</time>
      </trkpt>
      <trkpt lat="33.60306" lon="-117.77615">
        <ele>221.0</ele>
        <time>2026-05-10T16:28:42Z</time>
      </trkpt>
      <trkpt lat="33.60304" lon="-117.77613">
        <ele>221.2</ele>
        <time>2026-05-10T16:28:44Z</time>
      </trkpt>
      <trkpt lat="33.60304" lon="-117.77606">
        <ele>221.17</ele>
        <time>2026-05-10T16:28:46Z</time>
      </trkpt>
      <trkpt lat="33.60304" lon="-117.77602">
        <ele>221.17</ele>
        <time>2026-05-10T16:28:48Z</time>
      </trkpt>
      <trkpt lat="33.60305" lon="-117.77598">
        <ele>220.28</ele>
        <time>2026-05-10T16:28:50Z</time>
      </trkpt>
      <trkpt lat="33.60305" lon="-117.77594">
        <ele>219.47</ele>
        <time>2026-05-10T16:28:53Z</time>
      </trkpt>
      <trkpt lat="33.60305" lon="-117.7759">
        <ele>218.65</ele>
        <time>2026-05-10T16:28:56Z</time>
      </trkpt>
      <trkpt lat="33.60305" lon="-117.77586">
        <ele>217.84</ele>
        <time>2026-05-10T16:28:59Z</time>
      </trkpt>
      <trkpt lat="33.60304" lon="-117.77582">
        <ele>217.5</ele>
        <time>2026-05-10T16:29:02Z</time>
      </trkpt>
      <trkpt lat="33.60302" lon="-117.77578">
        <ele>217.33</ele>
        <time>2026-05-10T16:29:05Z</time>
      </trkpt>
      <trkpt lat="33.60303" lon="-117.77575">
        <ele>216.08</ele>
        <time>2026-05-10T16:29:08Z</time>
      </trkpt>
      <trkpt lat="33.60304" lon="-117.77571">
        <ele>214.67</ele>
        <time>2026-05-10T16:29:12Z</time>
      </trkpt>
      <trkpt lat="33.60303" lon="-117.77568">
        <ele>213.97</ele>
        <time>2026-05-10T16:29:16Z</time>
      </trkpt>
      <trkpt lat="33.60303" lon="-117.77566">
        <ele>213.36</ele>
        <time>2026-05-10T16:29:20Z</time>
      </trkpt>
      <trkpt lat="33.603" lon="-117.77565">
        <ele>213.08</ele>
        <time>2026-05-10T16:29:28Z</time>
      </trkpt>
      <trkpt lat="33.60297" lon="-117.77563">
        <ele>212.59</ele>
        <time>2026-05-10T16:29:32Z</time>
      </trkpt>
      <trkpt lat="33.60293" lon="-117.77561">
        <ele>213.16</ele>
        <time>2026-05-10T16:29:35Z</time>
      </trkpt>
      <trkpt lat="33.60291" lon="-117.7756">
        <ele>213.36</ele>
        <time>2026-05-10T16:29:38Z</time>
      </trkpt>
      <trkpt lat="33.60289" lon="-117.77557">
        <ele>212.47</ele>
        <time>2026-05-10T16:29:43Z</time>
      </trkpt>
      <trkpt lat="33.60289" lon="-117.77554">
        <ele>211.15</ele>
        <time>2026-05-10T16:29:49Z</time>
      </trkpt>
      <trkpt lat="33.60289" lon="-117.77551">
        <ele>209.92</ele>
        <time>2026-05-10T16:29:53Z</time>
      </trkpt>
      <trkpt lat="33.60288" lon="-117.77548">
        <ele>208.72</ele>
        <time>2026-05-10T16:29:57Z</time>
      </trkpt>
      <trkpt lat="33.60286" lon="-117.77545">
        <ele>208.4</ele>
        <time>2026-05-10T16:30:01Z</time>
      </trkpt>
      <trkpt lat="33.60284" lon="-117.77543">
        <ele>208.96</ele>
        <time>2026-05-10T16:30:05Z</time>
      </trkpt>
      <trkpt lat="33.60282" lon="-117.7754">
        <ele>209.07</ele>
        <time>2026-05-10T16:30:09Z</time>
      </trkpt>
      <trkpt lat="33.60281" lon="-117.77537">
        <ele>208.64</ele>
        <time>2026-05-10T16:30:13Z</time>
      </trkpt>
      <trkpt lat="33.6028" lon="-117.77534">
        <ele>207.45</ele>
        <time>2026-05-10T16:30:17Z</time>
      </trkpt>
      <trkpt lat="33.6028" lon="-117.77531">
        <ele>206.15</ele>
        <time>2026-05-10T16:30:21Z</time>
      </trkpt>
      <trkpt lat="33.60279" lon="-117.77528">
        <ele>204.96</ele>
        <time>2026-05-10T16:30:25Z</time>
      </trkpt>
      <trkpt lat="33.60278" lon="-117.77525">
        <ele>204.38</ele>
        <time>2026-05-10T16:30:29Z</time>
      </trkpt>
      <trkpt lat="33.60276" lon="-117.77523">
        <ele>204.25</ele>
        <time>2026-05-10T16:30:33Z</time>
      </trkpt>
      <trkpt lat="33.60274" lon="-117.7752">
        <ele>203.79</ele>
        <time>2026-05-10T16:30:37Z</time>
      </trkpt>
      <trkpt lat="33.60273" lon="-117.77517">
        <ele>203.18</ele>
        <time>2026-05-10T16:30:41Z</time>
      </trkpt>
      <trkpt lat="33.60271" lon="-117.77514">
        <ele>202.53</ele>
        <time>2026-05-10T16:30:45Z</time>
      </trkpt>
      <trkpt lat="33.6027" lon="-117.77511">
        <ele>201.66</ele>
        <time>2026-05-10T16:30:49Z</time>
      </trkpt>
      <trkpt lat="33.60269" lon="-117.77508">
        <ele>200.89</ele>
        <time>2026-05-10T16:30:53Z</time>
      </trkpt>
      <trkpt lat="33.60268" lon="-117.77504">
        <ele>200.45</ele>
        <time>2026-05-10T16:30:58Z</time>
      </trkpt>
      <trkpt lat="33.60269" lon="-117.77508">
        <ele>200.89</ele>
        <time>2026-05-10T16:31:12Z</time>
      </trkpt>
      <trkpt lat="33.60267" lon="-117.775">
        <ele>199.84</ele>
        <time>2026-05-10T16:37:41Z</time>
      </trkpt>
      <trkpt lat="33.60267" lon="-117.77495">
        <ele>198.76</ele>
        <time>2026-05-10T16:37:43Z</time>
      </trkpt>
      <trkpt lat="33.60267" lon="-117.77489">
        <ele>197.33</ele>
        <time>2026-05-10T16:37:46Z</time>
      </trkpt>
      <trkpt lat="33.60264" lon="-117.77485">
        <ele>196.26</ele>
        <time>2026-05-10T16:37:50Z</time>
      </trkpt>
      <trkpt lat="33.6026" lon="-117.77485">
        <ele>196.36</ele>
        <time>2026-05-10T16:37:51Z</time>
      </trkpt>
      <trkpt lat="33.60257" lon="-117.77484">
        <ele>196.16</ele>
        <time>2026-05-10T16:37:52Z</time>
      </trkpt>
      <trkpt lat="33.60251" lon="-117.77484">
        <ele>195.87</ele>
        <time>2026-05-10T16:37:54Z</time>
      </trkpt>
      <trkpt lat="33.60248" lon="-117.77483">
        <ele>195.49</ele>
        <time>2026-05-10T16:37:56Z</time>
      </trkpt>
      <trkpt lat="33.60247" lon="-117.77479">
        <ele>194.56</ele>
        <time>2026-05-10T16:38:00Z</time>
      </trkpt>
      <trkpt lat="33.60247" lon="-117.77476">
        <ele>194.02</ele>
        <time>2026-05-10T16:38:03Z</time>
      </trkpt>
      <trkpt lat="33.60246" lon="-117.77473">
        <ele>193.29</ele>
        <time>2026-05-10T16:38:06Z</time>
      </trkpt>
      <trkpt lat="33.60245" lon="-117.7747">
        <ele>192.7</ele>
        <time>2026-05-10T16:38:09Z</time>
      </trkpt>
      <trkpt lat="33.60243" lon="-117.77468">
        <ele>192.27</ele>
        <time>2026-05-10T16:38:12Z</time>
      </trkpt>
      <trkpt lat="33.6024" lon="-117.77469">
        <ele>192.0</ele>
        <time>2026-05-10T16:38:16Z</time>
      </trkpt>
      <trkpt lat="33.60237" lon="-117.77471">
        <ele>192.24</ele>
        <time>2026-05-10T16:38:19Z</time>
      </trkpt>
      <trkpt lat="33.60235" lon="-117.77469">
        <ele>191.97</ele>
        <time>2026-05-10T16:38:22Z</time>
      </trkpt>
      <trkpt lat="33.60232" lon="-117.77466">
        <ele>191.04</ele>
        <time>2026-05-10T16:38:25Z</time>
      </trkpt>
      <trkpt lat="33.6023" lon="-117.77463">
        <ele>190.17</ele>
        <time>2026-05-10T16:38:28Z</time>
      </trkpt>
      <trkpt lat="33.60228" lon="-117.7746">
        <ele>190.02</ele>
        <time>2026-05-10T16:38:31Z</time>
      </trkpt>
      <trkpt lat="33.60226" lon="-117.77456">
        <ele>189.26</ele>
        <time>2026-05-10T16:38:34Z</time>
      </trkpt>
      <trkpt lat="33.60225" lon="-117.77453">
        <ele>188.55</ele>
        <time>2026-05-10T16:38:37Z</time>
      </trkpt>
      <trkpt lat="33.60223" lon="-117.77449">
        <ele>188.08</ele>
        <time>2026-05-10T16:38:40Z</time>
      </trkpt>
      <trkpt lat="33.60221" lon="-117.77447">
        <ele>188.04</ele>
        <time>2026-05-10T16:38:44Z</time>
      </trkpt>
      <trkpt lat="33.60218" lon="-117.77447">
        <ele>188.13</ele>
        <time>2026-05-10T16:38:47Z</time>
      </trkpt>
      <trkpt lat="33.60215" lon="-117.77446">
        <ele>188.13</ele>
        <time>2026-05-10T16:38:50Z</time>
      </trkpt>
      <trkpt lat="33.60211" lon="-117.77445">
        <ele>187.86</ele>
        <time>2026-05-10T16:38:53Z</time>
      </trkpt>
      <trkpt lat="33.60209" lon="-117.77442">
        <ele>187.16</ele>
        <time>2026-05-10T16:38:56Z</time>
      </trkpt>
      <trkpt lat="33.60206" lon="-117.77439">
        <ele>186.51</ele>
        <time>2026-05-10T16:38:59Z</time>
      </trkpt>
      <trkpt lat="33.60203" lon="-117.77437">
        <ele>186.2</ele>
        <time>2026-05-10T16:39:02Z</time>
      </trkpt>
      <trkpt lat="33.602" lon="-117.77437">
        <ele>186.2</ele>
        <time>2026-05-10T16:39:05Z</time>
      </trkpt>
      <trkpt lat="33.60197" lon="-117.77438">
        <ele>186.3</ele>
        <time>2026-05-10T16:39:08Z</time>
      </trkpt>
      <trkpt lat="33.60193" lon="-117.77438">
        <ele>186.26</ele>
        <time>2026-05-10T16:39:11Z</time>
      </trkpt>
      <trkpt lat="33.6019" lon="-117.77439">
        <ele>186.21</ele>
        <time>2026-05-10T16:39:14Z</time>
      </trkpt>
      <trkpt lat="33.60186" lon="-117.77438">
        <ele>186.03</ele>
        <time>2026-05-10T16:39:17Z</time>
      </trkpt>
      <trkpt lat="33.60183" lon="-117.77437">
        <ele>185.81</ele>
        <time>2026-05-10T16:39:20Z</time>
      </trkpt>
      <trkpt lat="33.60179" lon="-117.77436">
        <ele>185.39</ele>
        <time>2026-05-10T16:39:23Z</time>
      </trkpt>
      <trkpt lat="33.60176" lon="-117.77436">
        <ele>185.1</ele>
        <time>2026-05-10T16:39:26Z</time>
      </trkpt>
      <trkpt lat="33.60172" lon="-117.77435">
        <ele>184.54</ele>
        <time>2026-05-10T16:39:29Z</time>
      </trkpt>
      <trkpt lat="33.60169" lon="-117.77435">
        <ele>184.23</ele>
        <time>2026-05-10T16:39:32Z</time>
      </trkpt>
      <trkpt lat="33.60165" lon="-117.77434">
        <ele>183.85</ele>
        <time>2026-05-10T16:39:35Z</time>
      </trkpt>
      <trkpt lat="33.60162" lon="-117.77434">
        <ele>183.81</ele>
        <time>2026-05-10T16:39:38Z</time>
      </trkpt>
      <trkpt lat="33.60158" lon="-117.77434">
        <ele>183.75</ele>
        <time>2026-05-10T16:39:41Z</time>
      </trkpt>
      <trkpt lat="33.60155" lon="-117.77434">
        <ele>183.78</ele>
        <time>2026-05-10T16:39:44Z</time>
      </trkpt>
      <trkpt lat="33.60151" lon="-117.77434">
        <ele>183.83</ele>
        <time>2026-05-10T16:39:47Z</time>
      </trkpt>
      <trkpt lat="33.60148" lon="-117.77434">
        <ele>183.87</ele>
        <time>2026-05-10T16:39:50Z</time>
      </trkpt>
      <trkpt lat="33.60145" lon="-117.77434">
        <ele>183.83</ele>
        <time>2026-05-10T16:39:53Z</time>
      </trkpt>
      <trkpt lat="33.60141" lon="-117.77435">
        <ele>183.96</ele>
        <time>2026-05-10T16:39:56Z</time>
      </trkpt>
      <trkpt lat="33.60138" lon="-117.77436">
        <ele>183.98</ele>
        <time>2026-05-10T16:39:59Z</time>
      </trkpt>
      <trkpt lat="33.60135" lon="-117.77434">
        <ele>183.38</ele>
        <time>2026-05-10T16:40:02Z</time>
      </trkpt>
      <trkpt lat="33.60135" lon="-117.77431">
        <ele>182.87</ele>
        <time>2026-05-10T16:40:05Z</time>
      </trkpt>
      <trkpt lat="33.60134" lon="-117.77427">
        <ele>182.17</ele>
        <time>2026-05-10T16:40:08Z</time>
      </trkpt>
      <trkpt lat="33.60132" lon="-117.77425">
        <ele>181.9</ele>
        <time>2026-05-10T16:40:10Z</time>
      </trkpt>
      <trkpt lat="33.60128" lon="-117.77427">
        <ele>181.94</ele>
        <time>2026-05-10T16:40:13Z</time>
      </trkpt>
      <trkpt lat="33.60125" lon="-117.77429">
        <ele>181.83</ele>
        <time>2026-05-10T16:40:15Z</time>
      </trkpt>
      <trkpt lat="33.60123" lon="-117.77431">
        <ele>181.83</ele>
        <time>2026-05-10T16:40:17Z</time>
      </trkpt>
      <trkpt lat="33.60119" lon="-117.7743">
        <ele>181.23</ele>
        <time>2026-05-10T16:40:20Z</time>
      </trkpt>
      <trkpt lat="33.60117" lon="-117.77427">
        <ele>180.71</ele>
        <time>2026-05-10T16:40:23Z</time>
      </trkpt>
      <trkpt lat="33.60116" lon="-117.77424">
        <ele>180.53</ele>
        <time>2026-05-10T16:40:25Z</time>
      </trkpt>
      <trkpt lat="33.60118" lon="-117.7742">
        <ele>180.74</ele>
        <time>2026-05-10T16:40:28Z</time>
      </trkpt>
      <trkpt lat="33.60119" lon="-117.77417">
        <ele>180.85</ele>
        <time>2026-05-10T16:40:30Z</time>
      </trkpt>
      <trkpt lat="33.60121" lon="-117.77414">
        <ele>180.71</ele>
        <time>2026-05-10T16:40:32Z</time>
      </trkpt>
      <trkpt lat="33.60124" lon="-117.77411">
        <ele>180.39</ele>
        <time>2026-05-10T16:40:35Z</time>
      </trkpt>
      <trkpt lat="33.60126" lon="-117.7741">
        <ele>180.28</ele>
        <time>2026-05-10T16:40:37Z</time>
      </trkpt>
      <trkpt lat="33.60129" lon="-117.77408">
        <ele>180.06</ele>
        <time>2026-05-10T16:40:39Z</time>
      </trkpt>
      <trkpt lat="33.60131" lon="-117.77405">
        <ele>179.74</ele>
        <time>2026-05-10T16:40:42Z</time>
      </trkpt>
      <trkpt lat="33.60133" lon="-117.77402">
        <ele>179.42</ele>
        <time>2026-05-10T16:40:45Z</time>
      </trkpt>
      <trkpt lat="33.60134" lon="-117.77398">
        <ele>178.98</ele>
        <time>2026-05-10T16:40:48Z</time>
      </trkpt>
      <trkpt lat="33.60133" lon="-117.77394">
        <ele>178.55</ele>
        <time>2026-05-10T16:40:51Z</time>
      </trkpt>
      <trkpt lat="33.60132" lon="-117.77389">
        <ele>178.01</ele>
        <time>2026-05-10T16:40:54Z</time>
      </trkpt>
      <trkpt lat="33.60129" lon="-117.77386">
        <ele>177.98</ele>
        <time>2026-05-10T16:40:57Z</time>
      </trkpt>
      <trkpt lat="33.60127" lon="-117.77384">
        <ele>177.85</ele>
        <time>2026-05-10T16:40:59Z</time>
      </trkpt>
      <trkpt lat="33.60126" lon="-117.7738">
        <ele>177.62</ele>
        <time>2026-05-10T16:41:02Z</time>
      </trkpt>
      <trkpt lat="33.60129" lon="-117.77376">
        <ele>177.12</ele>
        <time>2026-05-10T16:41:05Z</time>
      </trkpt>
      <trkpt lat="33.60131" lon="-117.77374">
        <ele>176.87</ele>
        <time>2026-05-10T16:41:07Z</time>
      </trkpt>
      <trkpt lat="33.60132" lon="-117.77371">
        <ele>176.37</ele>
        <time>2026-05-10T16:41:10Z</time>
      </trkpt>
      <trkpt lat="33.60131" lon="-117.77367">
        <ele>175.42</ele>
        <time>2026-05-10T16:41:13Z</time>
      </trkpt>
      <trkpt lat="33.60128" lon="-117.77365">
        <ele>174.59</ele>
        <time>2026-05-10T16:41:15Z</time>
      </trkpt>
      <trkpt lat="33.60126" lon="-117.77364">
        <ele>174.11</ele>
        <time>2026-05-10T16:41:17Z</time>
      </trkpt>
      <trkpt lat="33.60125" lon="-117.77361">
        <ele>173.48</ele>
        <time>2026-05-10T16:41:20Z</time>
      </trkpt>
      <trkpt lat="33.60127" lon="-117.7736">
        <ele>173.48</ele>
        <time>2026-05-10T16:41:22Z</time>
      </trkpt>
      <trkpt lat="33.6013" lon="-117.77359">
        <ele>173.58</ele>
        <time>2026-05-10T16:41:24Z</time>
      </trkpt>
      <trkpt lat="33.60133" lon="-117.7736">
        <ele>174.12</ele>
        <time>2026-05-10T16:41:26Z</time>
      </trkpt>
      <trkpt lat="33.60136" lon="-117.77362">
        <ele>174.88</ele>
        <time>2026-05-10T16:41:28Z</time>
      </trkpt>
      <trkpt lat="33.60138" lon="-117.77364">
        <ele>175.53</ele>
        <time>2026-05-10T16:41:30Z</time>
      </trkpt>
      <trkpt lat="33.60142" lon="-117.77364">
        <ele>175.52</ele>
        <time>2026-05-10T16:41:33Z</time>
      </trkpt>
      <trkpt lat="33.60145" lon="-117.77363">
        <ele>175.27</ele>
        <time>2026-05-10T16:41:36Z</time>
      </trkpt>
      <trkpt lat="33.60147" lon="-117.77359">
        <ele>174.54</ele>
        <time>2026-05-10T16:41:39Z</time>
      </trkpt>
      <trkpt lat="33.60147" lon="-117.77356">
        <ele>173.9</ele>
        <time>2026-05-10T16:41:41Z</time>
      </trkpt>
      <trkpt lat="33.60145" lon="-117.77353">
        <ele>173.25</ele>
        <time>2026-05-10T16:41:43Z</time>
      </trkpt>
      <trkpt lat="33.60144" lon="-117.7735">
        <ele>172.71</ele>
        <time>2026-05-10T16:41:45Z</time>
      </trkpt>
      <trkpt lat="33.60144" lon="-117.77345">
        <ele>171.93</ele>
        <time>2026-05-10T16:41:48Z</time>
      </trkpt>
      <trkpt lat="33.60147" lon="-117.77343">
        <ele>171.93</ele>
        <time>2026-05-10T16:41:51Z</time>
      </trkpt>
      <trkpt lat="33.60149" lon="-117.7734">
        <ele>171.47</ele>
        <time>2026-05-10T16:41:54Z</time>
      </trkpt>
      <trkpt lat="33.60152" lon="-117.77337">
        <ele>171.04</ele>
        <time>2026-05-10T16:41:57Z</time>
      </trkpt>
      <trkpt lat="33.60153" lon="-117.77334">
        <ele>170.63</ele>
        <time>2026-05-10T16:42:00Z</time>
      </trkpt>
      <trkpt lat="33.60152" lon="-117.7733">
        <ele>170.42</ele>
        <time>2026-05-10T16:42:03Z</time>
      </trkpt>
      <trkpt lat="33.60151" lon="-117.77327">
        <ele>170.31</ele>
        <time>2026-05-10T16:42:06Z</time>
      </trkpt>
      <trkpt lat="33.6015" lon="-117.77323">
        <ele>170.11</ele>
        <time>2026-05-10T16:42:09Z</time>
      </trkpt>
      <trkpt lat="33.60147" lon="-117.77324">
        <ele>169.74</ele>
        <time>2026-05-10T16:42:11Z</time>
      </trkpt>
      <trkpt lat="33.60143" lon="-117.77327">
        <ele>169.06</ele>
        <time>2026-05-10T16:42:13Z</time>
      </trkpt>
      <trkpt lat="33.60139" lon="-117.77327">
        <ele>168.34</ele>
        <time>2026-05-10T16:42:15Z</time>
      </trkpt>
      <trkpt lat="33.60137" lon="-117.77324">
        <ele>167.79</ele>
        <time>2026-05-10T16:42:18Z</time>
      </trkpt>
      <trkpt lat="33.60137" lon="-117.77319">
        <ele>167.57</ele>
        <time>2026-05-10T16:42:21Z</time>
      </trkpt>
      <trkpt lat="33.60139" lon="-117.77316">
        <ele>168.01</ele>
        <time>2026-05-10T16:42:23Z</time>
      </trkpt>
      <trkpt lat="33.60141" lon="-117.77313">
        <ele>168.14</ele>
        <time>2026-05-10T16:42:25Z</time>
      </trkpt>
      <trkpt lat="33.60143" lon="-117.77311">
        <ele>168.08</ele>
        <time>2026-05-10T16:42:27Z</time>
      </trkpt>
      <trkpt lat="33.60144" lon="-117.77307">
        <ele>167.62</ele>
        <time>2026-05-10T16:42:30Z</time>
      </trkpt>
      <trkpt lat="33.60145" lon="-117.77304">
        <ele>166.95</ele>
        <time>2026-05-10T16:42:33Z</time>
      </trkpt>
      <trkpt lat="33.60146" lon="-117.77301">
        <ele>166.13</ele>
        <time>2026-05-10T16:42:36Z</time>
      </trkpt>
      <trkpt lat="33.60147" lon="-117.77297">
        <ele>165.16</ele>
        <time>2026-05-10T16:42:40Z</time>
      </trkpt>
      <trkpt lat="33.60146" lon="-117.77294">
        <ele>164.39</ele>
        <time>2026-05-10T16:42:47Z</time>
      </trkpt>
      <trkpt lat="33.60146" lon="-117.77295">
        <ele>164.66</ele>
        <time>2026-05-10T16:42:50Z</time>
      </trkpt>
      <trkpt lat="33.60147" lon="-117.77294">
        <ele>164.44</ele>
        <time>2026-05-10T16:43:00Z</time>
      </trkpt>
      <trkpt lat="33.60147" lon="-117.77291">
        <ele>163.71</ele>
        <time>2026-05-10T16:43:11Z</time>
      </trkpt>
      <trkpt lat="33.60143" lon="-117.7729">
        <ele>162.88</ele>
        <time>2026-05-10T16:43:15Z</time>
      </trkpt>
      <trkpt lat="33.6014" lon="-117.7729">
        <ele>162.44</ele>
        <time>2026-05-10T16:43:17Z</time>
      </trkpt>
      <trkpt lat="33.60137" lon="-117.7729">
        <ele>162.01</ele>
        <time>2026-05-10T16:43:20Z</time>
      </trkpt>
      <trkpt lat="33.60139" lon="-117.77288">
        <ele>161.44</ele>
        <time>2026-05-10T16:43:24Z</time>
      </trkpt>
      <trkpt lat="33.60142" lon="-117.77287">
        <ele>161.66</ele>
        <time>2026-05-10T16:43:27Z</time>
      </trkpt>
      <trkpt lat="33.60144" lon="-117.77285">
        <ele>161.22</ele>
        <time>2026-05-10T16:43:37Z</time>
      </trkpt>
      <trkpt lat="33.60142" lon="-117.77283">
        <ele>159.93</ele>
        <time>2026-05-10T16:43:46Z</time>
      </trkpt>
      <trkpt lat="33.60143" lon="-117.7728">
        <ele>158.85</ele>
        <time>2026-05-10T16:43:58Z</time>
      </trkpt>
      <trkpt lat="33.60147" lon="-117.77278">
        <ele>158.85</ele>
        <time>2026-05-10T16:44:03Z</time>
      </trkpt>
      <trkpt lat="33.60149" lon="-117.77276">
        <ele>158.69</ele>
        <time>2026-05-10T16:44:06Z</time>
      </trkpt>
      <trkpt lat="33.60151" lon="-117.77273">
        <ele>158.12</ele>
        <time>2026-05-10T16:44:08Z</time>
      </trkpt>
      <trkpt lat="33.60153" lon="-117.7727">
        <ele>157.4</ele>
        <time>2026-05-10T16:44:12Z</time>
      </trkpt>
      <trkpt lat="33.60155" lon="-117.77268">
        <ele>156.83</ele>
        <time>2026-05-10T16:44:18Z</time>
      </trkpt>
      <trkpt lat="33.60155" lon="-117.77265">
        <ele>155.86</ele>
        <time>2026-05-10T16:44:25Z</time>
      </trkpt>
      <trkpt lat="33.60152" lon="-117.77262">
        <ele>154.89</ele>
        <time>2026-05-10T16:44:29Z</time>
      </trkpt>
      <trkpt lat="33.60149" lon="-117.77263">
        <ele>155.21</ele>
        <time>2026-05-10T16:44:32Z</time>
      </trkpt>
      <trkpt lat="33.60146" lon="-117.77265">
        <ele>155.4</ele>
        <time>2026-05-10T16:44:34Z</time>
      </trkpt>
      <trkpt lat="33.60143" lon="-117.77267">
        <ele>155.4</ele>
        <time>2026-05-10T16:44:37Z</time>
      </trkpt>
      <trkpt lat="33.6014" lon="-117.7727">
        <ele>155.56</ele>
        <time>2026-05-10T16:44:40Z</time>
      </trkpt>
      <trkpt lat="33.60137" lon="-117.77271">
        <ele>155.18</ele>
        <time>2026-05-10T16:44:43Z</time>
      </trkpt>
      <trkpt lat="33.60133" lon="-117.77273">
        <ele>155.0</ele>
        <time>2026-05-10T16:44:46Z</time>
      </trkpt>
      <trkpt lat="33.60131" lon="-117.77275">
        <ele>155.29</ele>
        <time>2026-05-10T16:44:49Z</time>
      </trkpt>
      <trkpt lat="33.60128" lon="-117.77277">
        <ele>155.4</ele>
        <time>2026-05-10T16:44:53Z</time>
      </trkpt>
      <trkpt lat="33.60126" lon="-117.77276">
        <ele>154.64</ele>
        <time>2026-05-10T16:44:59Z</time>
      </trkpt>
      <trkpt lat="33.60124" lon="-117.77273">
        <ele>153.24</ele>
        <time>2026-05-10T16:45:07Z</time>
      </trkpt>
      <trkpt lat="33.60125" lon="-117.7727">
        <ele>152.48</ele>
        <time>2026-05-10T16:45:13Z</time>
      </trkpt>
      <trkpt lat="33.60128" lon="-117.77267">
        <ele>152.02</ele>
        <time>2026-05-10T16:45:16Z</time>
      </trkpt>
      <trkpt lat="33.60131" lon="-117.77265">
        <ele>151.83</ele>
        <time>2026-05-10T16:45:19Z</time>
      </trkpt>
      <trkpt lat="33.60134" lon="-117.77263">
        <ele>151.84</ele>
        <time>2026-05-10T16:45:22Z</time>
      </trkpt>
      <trkpt lat="33.60137" lon="-117.77261">
        <ele>151.99</ele>
        <time>2026-05-10T16:45:25Z</time>
      </trkpt>
      <trkpt lat="33.6014" lon="-117.77259">
        <ele>152.13</ele>
        <time>2026-05-10T16:45:29Z</time>
      </trkpt>
      <trkpt lat="33.60143" lon="-117.77257">
        <ele>151.91</ele>
        <time>2026-05-10T16:45:33Z</time>
      </trkpt>
      <trkpt lat="33.60144" lon="-117.77254">
        <ele>150.83</ele>
        <time>2026-05-10T16:45:37Z</time>
      </trkpt>
      <trkpt lat="33.60147" lon="-117.77252">
        <ele>150.62</ele>
        <time>2026-05-10T16:45:40Z</time>
      </trkpt>
      <trkpt lat="33.60151" lon="-117.7725">
        <ele>150.31</ele>
        <time>2026-05-10T16:45:43Z</time>
      </trkpt>
      <trkpt lat="33.60154" lon="-117.77249">
        <ele>150.2</ele>
        <time>2026-05-10T16:45:46Z</time>
      </trkpt>
      <trkpt lat="33.60158" lon="-117.77249">
        <ele>150.5</ele>
        <time>2026-05-10T16:45:49Z</time>
      </trkpt>
      <trkpt lat="33.60161" lon="-117.77249">
        <ele>150.18</ele>
        <time>2026-05-10T16:45:51Z</time>
      </trkpt>
      <trkpt lat="33.60164" lon="-117.77249">
        <ele>149.86</ele>
        <time>2026-05-10T16:45:54Z</time>
      </trkpt>
      <trkpt lat="33.60168" lon="-117.7725">
        <ele>149.57</ele>
        <time>2026-05-10T16:45:57Z</time>
      </trkpt>
      <trkpt lat="33.6017" lon="-117.77251">
        <ele>149.21</ele>
        <time>2026-05-10T16:46:00Z</time>
      </trkpt>
      <trkpt lat="33.60173" lon="-117.77253">
        <ele>148.7</ele>
        <time>2026-05-10T16:46:03Z</time>
      </trkpt>
      <trkpt lat="33.60175" lon="-117.77256">
        <ele>148.66</ele>
        <time>2026-05-10T16:46:05Z</time>
      </trkpt>
      <trkpt lat="33.60175" lon="-117.7726">
        <ele>149.64</ele>
        <time>2026-05-10T16:46:07Z</time>
      </trkpt>
      <trkpt lat="33.60174" lon="-117.77263">
        <ele>151.04</ele>
        <time>2026-05-10T16:46:09Z</time>
      </trkpt>
      <trkpt lat="33.60176" lon="-117.77262">
        <ele>149.86</ele>
        <time>2026-05-10T16:46:14Z</time>
      </trkpt>
      <trkpt lat="33.60176" lon="-117.77258">
        <ele>148.7</ele>
        <time>2026-05-10T16:46:16Z</time>
      </trkpt>
      <trkpt lat="33.60175" lon="-117.77255">
        <ele>148.43</ele>
        <time>2026-05-10T16:46:18Z</time>
      </trkpt>
      <trkpt lat="33.60173" lon="-117.77251">
        <ele>148.2</ele>
        <time>2026-05-10T16:46:21Z</time>
      </trkpt>
      <trkpt lat="33.60172" lon="-117.77247">
        <ele>147.16</ele>
        <time>2026-05-10T16:46:24Z</time>
      </trkpt>
      <trkpt lat="33.6017" lon="-117.77245">
        <ele>146.95</ele>
        <time>2026-05-10T16:46:27Z</time>
      </trkpt>
      <trkpt lat="33.60168" lon="-117.77242">
        <ele>146.24</ele>
        <time>2026-05-10T16:46:30Z</time>
      </trkpt>
      <trkpt lat="33.60166" lon="-117.77239">
        <ele>145.33</ele>
        <time>2026-05-10T16:46:33Z</time>
      </trkpt>
      <trkpt lat="33.60162" lon="-117.77236">
        <ele>144.71</ele>
        <time>2026-05-10T16:46:36Z</time>
      </trkpt>
      <trkpt lat="33.6016" lon="-117.77234">
        <ele>144.33</ele>
        <time>2026-05-10T16:46:38Z</time>
      </trkpt>
      <trkpt lat="33.60157" lon="-117.77233">
        <ele>144.45</ele>
        <time>2026-05-10T16:46:40Z</time>
      </trkpt>
      <trkpt lat="33.60155" lon="-117.7723">
        <ele>143.26</ele>
        <time>2026-05-10T16:46:43Z</time>
      </trkpt>
      <trkpt lat="33.60152" lon="-117.77228">
        <ele>142.29</ele>
        <time>2026-05-10T16:46:46Z</time>
      </trkpt>
      <trkpt lat="33.60149" lon="-117.77229">
        <ele>142.29</ele>
        <time>2026-05-10T16:46:49Z</time>
      </trkpt>
      <trkpt lat="33.60146" lon="-117.7723">
        <ele>142.29</ele>
        <time>2026-05-10T16:46:52Z</time>
      </trkpt>
      <trkpt lat="33.60143" lon="-117.77232">
        <ele>142.61</ele>
        <time>2026-05-10T16:46:55Z</time>
      </trkpt>
      <trkpt lat="33.6014" lon="-117.77233">
        <ele>142.61</ele>
        <time>2026-05-10T16:46:58Z</time>
      </trkpt>
      <trkpt lat="33.60137" lon="-117.77235">
        <ele>142.86</ele>
        <time>2026-05-10T16:47:01Z</time>
      </trkpt>
      <trkpt lat="33.60134" lon="-117.77237">
        <ele>142.95</ele>
        <time>2026-05-10T16:47:04Z</time>
      </trkpt>
      <trkpt lat="33.60132" lon="-117.77239">
        <ele>143.09</ele>
        <time>2026-05-10T16:47:07Z</time>
      </trkpt>
      <trkpt lat="33.60129" lon="-117.7724">
        <ele>142.7</ele>
        <time>2026-05-10T16:47:10Z</time>
      </trkpt>
      <trkpt lat="33.60126" lon="-117.77241">
        <ele>142.3</ele>
        <time>2026-05-10T16:47:14Z</time>
      </trkpt>
      <trkpt lat="33.60124" lon="-117.77238">
        <ele>141.19</ele>
        <time>2026-05-10T16:47:18Z</time>
      </trkpt>
      <trkpt lat="33.60121" lon="-117.77237">
        <ele>140.33</ele>
        <time>2026-05-10T16:47:22Z</time>
      </trkpt>
      <trkpt lat="33.60118" lon="-117.77236">
        <ele>139.85</ele>
        <time>2026-05-10T16:47:25Z</time>
      </trkpt>
      <trkpt lat="33.60115" lon="-117.77235">
        <ele>139.54</ele>
        <time>2026-05-10T16:47:28Z</time>
      </trkpt>
      <trkpt lat="33.60112" lon="-117.77235">
        <ele>139.42</ele>
        <time>2026-05-10T16:47:31Z</time>
      </trkpt>
      <trkpt lat="33.60108" lon="-117.77234">
        <ele>138.69</ele>
        <time>2026-05-10T16:47:35Z</time>
      </trkpt>
      <trkpt lat="33.60105" lon="-117.77234">
        <ele>138.13</ele>
        <time>2026-05-10T16:47:38Z</time>
      </trkpt>
      <trkpt lat="33.60102" lon="-117.77234">
        <ele>137.57</ele>
        <time>2026-05-10T16:47:41Z</time>
      </trkpt>
      <trkpt lat="33.60099" lon="-117.77234">
        <ele>137.24</ele>
        <time>2026-05-10T16:47:44Z</time>
      </trkpt>
      <trkpt lat="33.60097" lon="-117.77235">
        <ele>137.24</ele>
        <time>2026-05-10T16:47:46Z</time>
      </trkpt>
      <trkpt lat="33.60094" lon="-117.77237">
        <ele>137.34</ele>
        <time>2026-05-10T16:47:48Z</time>
      </trkpt>
      <trkpt lat="33.60091" lon="-117.77238">
        <ele>137.41</ele>
        <time>2026-05-10T16:47:50Z</time>
      </trkpt>
      <trkpt lat="33.60088" lon="-117.7724">
        <ele>137.84</ele>
        <time>2026-05-10T16:47:53Z</time>
      </trkpt>
      <trkpt lat="33.60084" lon="-117.77242">
        <ele>138.14</ele>
        <time>2026-05-10T16:47:56Z</time>
      </trkpt>
      <trkpt lat="33.60082" lon="-117.77245">
        <ele>138.25</ele>
        <time>2026-05-10T16:47:59Z</time>
      </trkpt>
      <trkpt lat="33.60081" lon="-117.77248">
        <ele>138.33</ele>
        <time>2026-05-10T16:48:01Z</time>
      </trkpt>
      <trkpt lat="33.60079" lon="-117.77251">
        <ele>138.17</ele>
        <time>2026-05-10T16:48:04Z</time>
      </trkpt>
      <trkpt lat="33.60076" lon="-117.77251">
        <ele>137.52</ele>
        <time>2026-05-10T16:48:07Z</time>
      </trkpt>
      <trkpt lat="33.60073" lon="-117.77252">
        <ele>137.1</ele>
        <time>2026-05-10T16:48:10Z</time>
      </trkpt>
      <trkpt lat="33.60071" lon="-117.77256">
        <ele>137.32</ele>
        <time>2026-05-10T16:48:13Z</time>
      </trkpt>
      <trkpt lat="33.60069" lon="-117.7726">
        <ele>137.61</ele>
        <time>2026-05-10T16:48:16Z</time>
      </trkpt>
      <trkpt lat="33.60066" lon="-117.77262">
        <ele>137.72</ele>
        <time>2026-05-10T16:48:20Z</time>
      </trkpt>
      <trkpt lat="33.60064" lon="-117.77264">
        <ele>137.89</ele>
        <time>2026-05-10T16:48:27Z</time>
      </trkpt>
      <trkpt lat="33.60062" lon="-117.77261">
        <ele>137.01</ele>
        <time>2026-05-10T16:48:31Z</time>
      </trkpt>
      <trkpt lat="33.60061" lon="-117.77258">
        <ele>136.45</ele>
        <time>2026-05-10T16:48:34Z</time>
      </trkpt>
      <trkpt lat="33.6006" lon="-117.77255">
        <ele>136.02</ele>
        <time>2026-05-10T16:48:38Z</time>
      </trkpt>
      <trkpt lat="33.60061" lon="-117.77252">
        <ele>135.8</ele>
        <time>2026-05-10T16:48:41Z</time>
      </trkpt>
      <trkpt lat="33.60063" lon="-117.77249">
        <ele>135.7</ele>
        <time>2026-05-10T16:48:44Z</time>
      </trkpt>
      <trkpt lat="33.60065" lon="-117.77246">
        <ele>135.6</ele>
        <time>2026-05-10T16:48:46Z</time>
      </trkpt>
      <trkpt lat="33.60066" lon="-117.77243">
        <ele>135.47</ele>
        <time>2026-05-10T16:48:48Z</time>
      </trkpt>
      <trkpt lat="33.60067" lon="-117.7724">
        <ele>135.31</ele>
        <time>2026-05-10T16:48:50Z</time>
      </trkpt>
      <trkpt lat="33.60069" lon="-117.77236">
        <ele>134.88</ele>
        <time>2026-05-10T16:48:53Z</time>
      </trkpt>
      <trkpt lat="33.60071" lon="-117.77232">
        <ele>134.45</ele>
        <time>2026-05-10T16:48:56Z</time>
      </trkpt>
      <trkpt lat="33.60072" lon="-117.77228">
        <ele>134.47</ele>
        <time>2026-05-10T16:48:59Z</time>
      </trkpt>
      <trkpt lat="33.60074" lon="-117.77224">
        <ele>134.98</ele>
        <time>2026-05-10T16:49:02Z</time>
      </trkpt>
      <trkpt lat="33.60077" lon="-117.7722">
        <ele>134.76</ele>
        <time>2026-05-10T16:49:05Z</time>
      </trkpt>
      <trkpt lat="33.60079" lon="-117.77216">
        <ele>134.33</ele>
        <time>2026-05-10T16:49:08Z</time>
      </trkpt>
      <trkpt lat="33.60081" lon="-117.77213">
        <ele>134.0</ele>
        <time>2026-05-10T16:49:11Z</time>
      </trkpt>
      <trkpt lat="33.60083" lon="-117.77209">
        <ele>133.57</ele>
        <time>2026-05-10T16:49:14Z</time>
      </trkpt>
      <trkpt lat="33.60085" lon="-117.77205">
        <ele>133.29</ele>
        <time>2026-05-10T16:49:17Z</time>
      </trkpt>
      <trkpt lat="33.60087" lon="-117.77201">
        <ele>133.28</ele>
        <time>2026-05-10T16:49:20Z</time>
      </trkpt>
      <trkpt lat="33.60089" lon="-117.77198">
        <ele>133.24</ele>
        <time>2026-05-10T16:49:23Z</time>
      </trkpt>
      <trkpt lat="33.6009" lon="-117.77194">
        <ele>133.0</ele>
        <time>2026-05-10T16:49:26Z</time>
      </trkpt>
      <trkpt lat="33.60091" lon="-117.7719">
        <ele>133.0</ele>
        <time>2026-05-10T16:49:29Z</time>
      </trkpt>
      <trkpt lat="33.60092" lon="-117.77186">
        <ele>133.0</ele>
        <time>2026-05-10T16:49:32Z</time>
      </trkpt>
      <trkpt lat="33.60093" lon="-117.77183">
        <ele>132.73</ele>
        <time>2026-05-10T16:49:35Z</time>
      </trkpt>
      <trkpt lat="33.60095" lon="-117.77179">
        <ele>132.25</ele>
        <time>2026-05-10T16:49:38Z</time>
      </trkpt>
      <trkpt lat="33.60097" lon="-117.77175">
        <ele>131.95</ele>
        <time>2026-05-10T16:49:41Z</time>
      </trkpt>
      <trkpt lat="33.60099" lon="-117.77172">
        <ele>131.71</ele>
        <time>2026-05-10T16:49:44Z</time>
      </trkpt>
      <trkpt lat="33.60101" lon="-117.77168">
        <ele>131.22</ele>
        <time>2026-05-10T16:49:47Z</time>
      </trkpt>
      <trkpt lat="33.60102" lon="-117.77165">
        <ele>131.0</ele>
        <time>2026-05-10T16:49:50Z</time>
      </trkpt>
      <trkpt lat="33.60104" lon="-117.77161">
        <ele>130.86</ele>
        <time>2026-05-10T16:49:53Z</time>
      </trkpt>
      <trkpt lat="33.60106" lon="-117.77157">
        <ele>130.53</ele>
        <time>2026-05-10T16:49:56Z</time>
      </trkpt>
      <trkpt lat="33.60108" lon="-117.77154">
        <ele>130.21</ele>
        <time>2026-05-10T16:49:59Z</time>
      </trkpt>
      <trkpt lat="33.60109" lon="-117.7715">
        <ele>130.05</ele>
        <time>2026-05-10T16:50:02Z</time>
      </trkpt>
      <trkpt lat="33.60111" lon="-117.77147">
        <ele>130.0</ele>
        <time>2026-05-10T16:50:05Z</time>
      </trkpt>
      <trkpt lat="33.60113" lon="-117.77143">
        <ele>129.89</ele>
        <time>2026-05-10T16:50:08Z</time>
      </trkpt>
      <trkpt lat="33.60115" lon="-117.7714">
        <ele>129.63</ele>
        <time>2026-05-10T16:50:11Z</time>
      </trkpt>
      <trkpt lat="33.60116" lon="-117.77136">
        <ele>129.32</ele>
        <time>2026-05-10T16:50:14Z</time>
      </trkpt>
      <trkpt lat="33.60118" lon="-117.77132">
        <ele>129.07</ele>
        <time>2026-05-10T16:50:17Z</time>
      </trkpt>
      <trkpt lat="33.60119" lon="-117.77129">
        <ele>128.94</ele>
        <time>2026-05-10T16:50:20Z</time>
      </trkpt>
      <trkpt lat="33.60121" lon="-117.77125">
        <ele>128.5</ele>
        <time>2026-05-10T16:50:23Z</time>
      </trkpt>
      <trkpt lat="33.60122" lon="-117.77122">
        <ele>128.18</ele>
        <time>2026-05-10T16:50:26Z</time>
      </trkpt>
      <trkpt lat="33.60122" lon="-117.77118">
        <ele>128.0</ele>
        <time>2026-05-10T16:50:29Z</time>
      </trkpt>
      <trkpt lat="33.60121" lon="-117.77114">
        <ele>128.0</ele>
        <time>2026-05-10T16:50:32Z</time>
      </trkpt>
      <trkpt lat="33.60122" lon="-117.7711">
        <ele>128.0</ele>
        <time>2026-05-10T16:50:35Z</time>
      </trkpt>
      <trkpt lat="33.60123" lon="-117.77106">
        <ele>128.0</ele>
        <time>2026-05-10T16:50:38Z</time>
      </trkpt>
      <trkpt lat="33.60123" lon="-117.77102">
        <ele>128.0</ele>
        <time>2026-05-10T16:50:40Z</time>
      </trkpt>
      <trkpt lat="33.60123" lon="-117.77099">
        <ele>127.69</ele>
        <time>2026-05-10T16:50:42Z</time>
      </trkpt>
      <trkpt lat="33.60123" lon="-117.77094">
        <ele>127.15</ele>
        <time>2026-05-10T16:50:45Z</time>
      </trkpt>
      <trkpt lat="33.60123" lon="-117.7709">
        <ele>127.0</ele>
        <time>2026-05-10T16:50:48Z</time>
      </trkpt>
      <trkpt lat="33.60123" lon="-117.77086">
        <ele>127.0</ele>
        <time>2026-05-10T16:50:51Z</time>
      </trkpt>
      <trkpt lat="33.60123" lon="-117.77081">
        <ele>127.0</ele>
        <time>2026-05-10T16:50:54Z</time>
      </trkpt>
      <trkpt lat="33.60124" lon="-117.77077">
        <ele>127.0</ele>
        <time>2026-05-10T16:50:57Z</time>
      </trkpt>
      <trkpt lat="33.60124" lon="-117.77072">
        <ele>126.78</ele>
        <time>2026-05-10T16:51:00Z</time>
      </trkpt>
      <trkpt lat="33.60124" lon="-117.77068">
        <ele>126.34</ele>
        <time>2026-05-10T16:51:03Z</time>
      </trkpt>
      <trkpt lat="33.60123" lon="-117.77064">
        <ele>125.94</ele>
        <time>2026-05-10T16:51:06Z</time>
      </trkpt>
      <trkpt lat="33.60123" lon="-117.77059">
        <ele>125.55</ele>
        <time>2026-05-10T16:51:09Z</time>
      </trkpt>
      <trkpt lat="33.60122" lon="-117.77055">
        <ele>125.17</ele>
        <time>2026-05-10T16:51:12Z</time>
      </trkpt>
      <trkpt lat="33.60121" lon="-117.77051">
        <ele>125.03</ele>
        <time>2026-05-10T16:51:15Z</time>
      </trkpt>
      <trkpt lat="33.60119" lon="-117.77047">
        <ele>125.01</ele>
        <time>2026-05-10T16:51:18Z</time>
      </trkpt>
      <trkpt lat="33.60119" lon="-117.77043">
        <ele>124.95</ele>
        <time>2026-05-10T16:51:21Z</time>
      </trkpt>
      <trkpt lat="33.60118" lon="-117.77039">
        <ele>124.8</ele>
        <time>2026-05-10T16:51:24Z</time>
      </trkpt>
      <trkpt lat="33.60118" lon="-117.77035">
        <ele>124.69</ele>
        <time>2026-05-10T16:51:27Z</time>
      </trkpt>
      <trkpt lat="33.60117" lon="-117.77031">
        <ele>124.4</ele>
        <time>2026-05-10T16:51:30Z</time>
      </trkpt>
      <trkpt lat="33.60116" lon="-117.77028">
        <ele>124.07</ele>
        <time>2026-05-10T16:51:34Z</time>
      </trkpt>
      <trkpt lat="33.60114" lon="-117.7703">
        <ele>123.79</ele>
        <time>2026-05-10T16:51:44Z</time>
      </trkpt>
      <trkpt lat="33.60112" lon="-117.77028">
        <ele>123.21</ele>
        <time>2026-05-10T16:51:53Z</time>
      </trkpt>
      <trkpt lat="33.6011" lon="-117.77024">
        <ele>122.64</ele>
        <time>2026-05-10T16:51:58Z</time>
      </trkpt>
      <trkpt lat="33.60109" lon="-117.77021">
        <ele>122.43</ele>
        <time>2026-05-10T16:52:02Z</time>
      </trkpt>
      <trkpt lat="33.60108" lon="-117.77017">
        <ele>122.5</ele>
        <time>2026-05-10T16:52:07Z</time>
      </trkpt>
      <trkpt lat="33.60107" lon="-117.77014">
        <ele>122.93</ele>
        <time>2026-05-10T16:52:15Z</time>
      </trkpt>
      <trkpt lat="33.60107" lon="-117.77007">
        <ele>123.44</ele>
        <time>2026-05-10T17:05:10Z</time>
      </trkpt>
      <trkpt lat="33.60107" lon="-117.76999">
        <ele>123.44</ele>
        <time>2026-05-10T17:05:13Z</time>
      </trkpt>
      <trkpt lat="33.60107" lon="-117.76994">
        <ele>123.44</ele>
        <time>2026-05-10T17:05:17Z</time>
      </trkpt>
      <trkpt lat="33.60107" lon="-117.76988">
        <ele>123.74</ele>
        <time>2026-05-10T17:05:21Z</time>
      </trkpt>
      <trkpt lat="33.60104" lon="-117.76984">
        <ele>124.5</ele>
        <time>2026-05-10T17:05:25Z</time>
      </trkpt>
      <trkpt lat="33.60101" lon="-117.7698">
        <ele>125.33</ele>
        <time>2026-05-10T17:05:28Z</time>
      </trkpt>
      <trkpt lat="33.60099" lon="-117.76977">
        <ele>125.95</ele>
        <time>2026-05-10T17:05:31Z</time>
      </trkpt>
      <trkpt lat="33.60097" lon="-117.76973">
        <ele>126.48</ele>
        <time>2026-05-10T17:05:35Z</time>
      </trkpt>
      <trkpt lat="33.60095" lon="-117.7697">
        <ele>126.74</ele>
        <time>2026-05-10T17:05:38Z</time>
      </trkpt>
      <trkpt lat="33.60094" lon="-117.76967">
        <ele>126.85</ele>
        <time>2026-05-10T17:05:41Z</time>
      </trkpt>
      <trkpt lat="33.60092" lon="-117.76964">
        <ele>127.06</ele>
        <time>2026-05-10T17:05:44Z</time>
      </trkpt>
      <trkpt lat="33.6009" lon="-117.76961">
        <ele>127.07</ele>
        <time>2026-05-10T17:05:47Z</time>
      </trkpt>
      <trkpt lat="33.60088" lon="-117.76958">
        <ele>126.96</ele>
        <time>2026-05-10T17:05:50Z</time>
      </trkpt>
      <trkpt lat="33.60086" lon="-117.76955">
        <ele>126.85</ele>
        <time>2026-05-10T17:05:53Z</time>
      </trkpt>
      <trkpt lat="33.60085" lon="-117.76951">
        <ele>126.82</ele>
        <time>2026-05-10T17:05:56Z</time>
      </trkpt>
      <trkpt lat="33.60083" lon="-117.76948">
        <ele>127.04</ele>
        <time>2026-05-10T17:05:59Z</time>
      </trkpt>
      <trkpt lat="33.60081" lon="-117.76945">
        <ele>127.25</ele>
        <time>2026-05-10T17:06:02Z</time>
      </trkpt>
      <trkpt lat="33.60079" lon="-117.76942">
        <ele>127.61</ele>
        <time>2026-05-10T17:06:05Z</time>
      </trkpt>
      <trkpt lat="33.60078" lon="-117.76938">
        <ele>127.87</ele>
        <time>2026-05-10T17:06:08Z</time>
      </trkpt>
      <trkpt lat="33.60077" lon="-117.76935">
        <ele>128.0</ele>
        <time>2026-05-10T17:06:11Z</time>
      </trkpt>
      <trkpt lat="33.60076" lon="-117.76931">
        <ele>128.0</ele>
        <time>2026-05-10T17:06:14Z</time>
      </trkpt>
      <trkpt lat="33.60076" lon="-117.76927">
        <ele>128.0</ele>
        <time>2026-05-10T17:06:17Z</time>
      </trkpt>
      <trkpt lat="33.60078" lon="-117.76924">
        <ele>127.79</ele>
        <time>2026-05-10T17:06:19Z</time>
      </trkpt>
      <trkpt lat="33.6008" lon="-117.7692">
        <ele>127.36</ele>
        <time>2026-05-10T17:06:22Z</time>
      </trkpt>
      <trkpt lat="33.60081" lon="-117.76917">
        <ele>127.04</ele>
        <time>2026-05-10T17:06:25Z</time>
      </trkpt>
      <trkpt lat="33.60081" lon="-117.76912">
        <ele>126.12</ele>
        <time>2026-05-10T17:06:28Z</time>
      </trkpt>
      <trkpt lat="33.60082" lon="-117.76908">
        <ele>125.26</ele>
        <time>2026-05-10T17:06:30Z</time>
      </trkpt>
      <trkpt lat="33.60082" lon="-117.76904">
        <ele>124.41</ele>
        <time>2026-05-10T17:06:32Z</time>
      </trkpt>
      <trkpt lat="33.60082" lon="-117.769">
        <ele>123.54</ele>
        <time>2026-05-10T17:06:35Z</time>
      </trkpt>
      <trkpt lat="33.60082" lon="-117.76896">
        <ele>122.88</ele>
        <time>2026-05-10T17:06:38Z</time>
      </trkpt>
      <trkpt lat="33.60082" lon="-117.76892">
        <ele>122.38</ele>
        <time>2026-05-10T17:06:41Z</time>
      </trkpt>
      <trkpt lat="33.60082" lon="-117.76889">
        <ele>122.01</ele>
        <time>2026-05-10T17:06:44Z</time>
      </trkpt>
      <trkpt lat="33.60082" lon="-117.76885">
        <ele>121.22</ele>
        <time>2026-05-10T17:06:47Z</time>
      </trkpt>
      <trkpt lat="33.60082" lon="-117.76881">
        <ele>120.42</ele>
        <time>2026-05-10T17:06:50Z</time>
      </trkpt>
      <trkpt lat="33.60082" lon="-117.76878">
        <ele>120.12</ele>
        <time>2026-05-10T17:06:53Z</time>
      </trkpt>
      <trkpt lat="33.60083" lon="-117.76874">
        <ele>120.01</ele>
        <time>2026-05-10T17:06:56Z</time>
      </trkpt>
      <trkpt lat="33.60082" lon="-117.7687">
        <ele>119.96</ele>
        <time>2026-05-10T17:06:59Z</time>
      </trkpt>
      <trkpt lat="33.60082" lon="-117.76866">
        <ele>119.53</ele>
        <time>2026-05-10T17:07:02Z</time>
      </trkpt>
      <trkpt lat="33.60082" lon="-117.76861">
        <ele>119.0</ele>
        <time>2026-05-10T17:07:05Z</time>
      </trkpt>
      <trkpt lat="33.60082" lon="-117.76857">
        <ele>119.0</ele>
        <time>2026-05-10T17:07:08Z</time>
      </trkpt>
      <trkpt lat="33.60082" lon="-117.76853">
        <ele>119.0</ele>
        <time>2026-05-10T17:07:11Z</time>
      </trkpt>
      <trkpt lat="33.60082" lon="-117.76849">
        <ele>118.74</ele>
        <time>2026-05-10T17:07:14Z</time>
      </trkpt>
      <trkpt lat="33.60082" lon="-117.76845">
        <ele>118.37</ele>
        <time>2026-05-10T17:07:17Z</time>
      </trkpt>
      <trkpt lat="33.60081" lon="-117.7684">
        <ele>118.18</ele>
        <time>2026-05-10T17:07:20Z</time>
      </trkpt>
      <trkpt lat="33.60081" lon="-117.76836">
        <ele>118.07</ele>
        <time>2026-05-10T17:07:23Z</time>
      </trkpt>
      <trkpt lat="33.60081" lon="-117.76832">
        <ele>118.0</ele>
        <time>2026-05-10T17:07:26Z</time>
      </trkpt>
      <trkpt lat="33.60082" lon="-117.76827">
        <ele>118.0</ele>
        <time>2026-05-10T17:07:29Z</time>
      </trkpt>
      <trkpt lat="33.60082" lon="-117.76823">
        <ele>118.0</ele>
        <time>2026-05-10T17:07:32Z</time>
      </trkpt>
      <trkpt lat="33.60082" lon="-117.76818">
        <ele>118.0</ele>
        <time>2026-05-10T17:07:35Z</time>
      </trkpt>
      <trkpt lat="33.60082" lon="-117.76814">
        <ele>117.92</ele>
        <time>2026-05-10T17:07:38Z</time>
      </trkpt>
      <trkpt lat="33.60081" lon="-117.7681">
        <ele>117.61</ele>
        <time>2026-05-10T17:07:41Z</time>
      </trkpt>
      <trkpt lat="33.60081" lon="-117.76805">
        <ele>117.24</ele>
        <time>2026-05-10T17:07:44Z</time>
      </trkpt>
      <trkpt lat="33.60079" lon="-117.76801">
        <ele>117.24</ele>
        <time>2026-05-10T17:07:47Z</time>
      </trkpt>
      <trkpt lat="33.60078" lon="-117.76798">
        <ele>117.11</ele>
        <time>2026-05-10T17:07:49Z</time>
      </trkpt>
      <trkpt lat="33.60077" lon="-117.76795">
        <ele>116.91</ele>
        <time>2026-05-10T17:07:51Z</time>
      </trkpt>
      <trkpt lat="33.60075" lon="-117.76792">
        <ele>116.91</ele>
        <time>2026-05-10T17:07:53Z</time>
      </trkpt>
      <trkpt lat="33.60074" lon="-117.76789">
        <ele>117.0</ele>
        <time>2026-05-10T17:07:55Z</time>
      </trkpt>
      <trkpt lat="33.60072" lon="-117.76786">
        <ele>117.0</ele>
        <time>2026-05-10T17:07:57Z</time>
      </trkpt>
      <trkpt lat="33.6007" lon="-117.76782">
        <ele>117.0</ele>
        <time>2026-05-10T17:08:00Z</time>
      </trkpt>
      <trkpt lat="33.60068" lon="-117.76778">
        <ele>117.0</ele>
        <time>2026-05-10T17:08:03Z</time>
      </trkpt>
      <trkpt lat="33.60065" lon="-117.76776">
        <ele>117.0</ele>
        <time>2026-05-10T17:08:06Z</time>
      </trkpt>
      <trkpt lat="33.60063" lon="-117.76773">
        <ele>117.0</ele>
        <time>2026-05-10T17:08:09Z</time>
      </trkpt>
      <trkpt lat="33.6006" lon="-117.7677">
        <ele>117.0</ele>
        <time>2026-05-10T17:08:12Z</time>
      </trkpt>
      <trkpt lat="33.60058" lon="-117.76767">
        <ele>117.0</ele>
        <time>2026-05-10T17:08:15Z</time>
      </trkpt>
      <trkpt lat="33.60056" lon="-117.76765">
        <ele>117.0</ele>
        <time>2026-05-10T17:08:18Z</time>
      </trkpt>
      <trkpt lat="33.60053" lon="-117.76761">
        <ele>116.72</ele>
        <time>2026-05-10T17:08:21Z</time>
      </trkpt>
      <trkpt lat="33.60051" lon="-117.76758">
        <ele>116.51</ele>
        <time>2026-05-10T17:08:24Z</time>
      </trkpt>
      <trkpt lat="33.60049" lon="-117.76755">
        <ele>116.29</ele>
        <time>2026-05-10T17:08:27Z</time>
      </trkpt>
      <trkpt lat="33.60047" lon="-117.76751">
        <ele>116.08</ele>
        <time>2026-05-10T17:08:30Z</time>
      </trkpt>
      <trkpt lat="33.60045" lon="-117.76747">
        <ele>116.0</ele>
        <time>2026-05-10T17:08:33Z</time>
      </trkpt>
      <trkpt lat="33.60042" lon="-117.76744">
        <ele>116.0</ele>
        <time>2026-05-10T17:08:36Z</time>
      </trkpt>
      <trkpt lat="33.6004" lon="-117.7674">
        <ele>116.0</ele>
        <time>2026-05-10T17:08:39Z</time>
      </trkpt>
      <trkpt lat="33.60038" lon="-117.76736">
        <ele>116.0</ele>
        <time>2026-05-10T17:08:42Z</time>
      </trkpt>
      <trkpt lat="33.60036" lon="-117.76732">
        <ele>115.89</ele>
        <time>2026-05-10T17:08:45Z</time>
      </trkpt>
      <trkpt lat="33.60034" lon="-117.76729">
        <ele>115.67</ele>
        <time>2026-05-10T17:08:48Z</time>
      </trkpt>
      <trkpt lat="33.60032" lon="-117.76725">
        <ele>115.46</ele>
        <time>2026-05-10T17:08:51Z</time>
      </trkpt>
      <trkpt lat="33.60029" lon="-117.76722">
        <ele>115.13</ele>
        <time>2026-05-10T17:08:54Z</time>
      </trkpt>
      <trkpt lat="33.60027" lon="-117.76718">
        <ele>115.0</ele>
        <time>2026-05-10T17:08:57Z</time>
      </trkpt>
      <trkpt lat="33.60025" lon="-117.76715">
        <ele>115.0</ele>
        <time>2026-05-10T17:09:00Z</time>
      </trkpt>
      <trkpt lat="33.60022" lon="-117.76711">
        <ele>114.92</ele>
        <time>2026-05-10T17:09:03Z</time>
      </trkpt>
      <trkpt lat="33.6002" lon="-117.76708">
        <ele>114.91</ele>
        <time>2026-05-10T17:09:06Z</time>
      </trkpt>
      <trkpt lat="33.60018" lon="-117.76704">
        <ele>114.94</ele>
        <time>2026-05-10T17:09:09Z</time>
      </trkpt>
      <trkpt lat="33.60016" lon="-117.76701">
        <ele>114.52</ele>
        <time>2026-05-10T17:09:12Z</time>
      </trkpt>
      <trkpt lat="33.60013" lon="-117.76697">
        <ele>114.11</ele>
        <time>2026-05-10T17:09:15Z</time>
      </trkpt>
      <trkpt lat="33.60011" lon="-117.76694">
        <ele>114.0</ele>
        <time>2026-05-10T17:09:18Z</time>
      </trkpt>
      <trkpt lat="33.60009" lon="-117.7669">
        <ele>114.0</ele>
        <time>2026-05-10T17:09:21Z</time>
      </trkpt>
      <trkpt lat="33.60006" lon="-117.76687">
        <ele>114.0</ele>
        <time>2026-05-10T17:09:24Z</time>
      </trkpt>
      <trkpt lat="33.60004" lon="-117.76684">
        <ele>113.89</ele>
        <time>2026-05-10T17:09:27Z</time>
      </trkpt>
      <trkpt lat="33.60002" lon="-117.76682">
        <ele>113.85</ele>
        <time>2026-05-10T17:09:29Z</time>
      </trkpt>
      <trkpt lat="33.59999" lon="-117.76678">
        <ele>114.0</ele>
        <time>2026-05-10T17:09:32Z</time>
      </trkpt>
      <trkpt lat="33.59997" lon="-117.76675">
        <ele>113.83</ele>
        <time>2026-05-10T17:09:35Z</time>
      </trkpt>
      <trkpt lat="33.59994" lon="-117.76671">
        <ele>113.28</ele>
        <time>2026-05-10T17:09:38Z</time>
      </trkpt>
      <trkpt lat="33.59992" lon="-117.76668">
        <ele>113.03</ele>
        <time>2026-05-10T17:09:41Z</time>
      </trkpt>
      <trkpt lat="33.59989" lon="-117.76665">
        <ele>113.0</ele>
        <time>2026-05-10T17:09:44Z</time>
      </trkpt>
      <trkpt lat="33.59987" lon="-117.76661">
        <ele>113.0</ele>
        <time>2026-05-10T17:09:47Z</time>
      </trkpt>
      <trkpt lat="33.59984" lon="-117.76658">
        <ele>113.0</ele>
        <time>2026-05-10T17:09:50Z</time>
      </trkpt>
      <trkpt lat="33.59982" lon="-117.76654">
        <ele>112.98</ele>
        <time>2026-05-10T17:09:53Z</time>
      </trkpt>
      <trkpt lat="33.5998" lon="-117.76651">
        <ele>113.0</ele>
        <time>2026-05-10T17:09:56Z</time>
      </trkpt>
      <trkpt lat="33.59978" lon="-117.76647">
        <ele>112.88</ele>
        <time>2026-05-10T17:09:59Z</time>
      </trkpt>
      <trkpt lat="33.59975" lon="-117.76644">
        <ele>112.55</ele>
        <time>2026-05-10T17:10:02Z</time>
      </trkpt>
      <trkpt lat="33.59973" lon="-117.76641">
        <ele>112.23</ele>
        <time>2026-05-10T17:10:05Z</time>
      </trkpt>
      <trkpt lat="33.59971" lon="-117.76637">
        <ele>112.0</ele>
        <time>2026-05-10T17:10:08Z</time>
      </trkpt>
      <trkpt lat="33.59969" lon="-117.76633">
        <ele>112.0</ele>
        <time>2026-05-10T17:10:11Z</time>
      </trkpt>
      <trkpt lat="33.59967" lon="-117.7663">
        <ele>112.0</ele>
        <time>2026-05-10T17:10:14Z</time>
      </trkpt>
      <trkpt lat="33.59965" lon="-117.76626">
        <ele>112.0</ele>
        <time>2026-05-10T17:10:17Z</time>
      </trkpt>
      <trkpt lat="33.59963" lon="-117.76623">
        <ele>112.0</ele>
        <time>2026-05-10T17:10:20Z</time>
      </trkpt>
      <trkpt lat="33.59961" lon="-117.76619">
        <ele>112.0</ele>
        <time>2026-05-10T17:10:23Z</time>
      </trkpt>
      <trkpt lat="33.59959" lon="-117.76615">
        <ele>112.0</ele>
        <time>2026-05-10T17:10:26Z</time>
      </trkpt>
      <trkpt lat="33.59958" lon="-117.76612">
        <ele>112.0</ele>
        <time>2026-05-10T17:10:29Z</time>
      </trkpt>
      <trkpt lat="33.59956" lon="-117.76608">
        <ele>112.0</ele>
        <time>2026-05-10T17:10:32Z</time>
      </trkpt>
      <trkpt lat="33.59954" lon="-117.76604">
        <ele>112.0</ele>
        <time>2026-05-10T17:10:35Z</time>
      </trkpt>
      <trkpt lat="33.59952" lon="-117.76601">
        <ele>111.74</ele>
        <time>2026-05-10T17:10:38Z</time>
      </trkpt>
      <trkpt lat="33.5995" lon="-117.76597">
        <ele>111.29</ele>
        <time>2026-05-10T17:10:41Z</time>
      </trkpt>
      <trkpt lat="33.59949" lon="-117.76593">
        <ele>111.02</ele>
        <time>2026-05-10T17:10:44Z</time>
      </trkpt>
      <trkpt lat="33.59947" lon="-117.76589">
        <ele>111.11</ele>
        <time>2026-05-10T17:10:47Z</time>
      </trkpt>
      <trkpt lat="33.59947" lon="-117.76585">
        <ele>111.23</ele>
        <time>2026-05-10T17:10:49Z</time>
      </trkpt>
      <trkpt lat="33.59947" lon="-117.76581">
        <ele>111.02</ele>
        <time>2026-05-10T17:10:51Z</time>
      </trkpt>
      <trkpt lat="33.59947" lon="-117.76578">
        <ele>110.7</ele>
        <time>2026-05-10T17:10:53Z</time>
      </trkpt>
      <trkpt lat="33.59946" lon="-117.76575">
        <ele>110.27</ele>
        <time>2026-05-10T17:10:55Z</time>
      </trkpt>
      <trkpt lat="33.59944" lon="-117.76571">
        <ele>110.32</ele>
        <time>2026-05-10T17:10:58Z</time>
      </trkpt>
      <trkpt lat="33.59942" lon="-117.76567">
        <ele>110.56</ele>
        <time>2026-05-10T17:11:01Z</time>
      </trkpt>
      <trkpt lat="33.5994" lon="-117.76565">
        <ele>110.51</ele>
        <time>2026-05-10T17:11:04Z</time>
      </trkpt>
      <trkpt lat="33.59937" lon="-117.76562">
        <ele>110.08</ele>
        <time>2026-05-10T17:11:07Z</time>
      </trkpt>
      <trkpt lat="33.59934" lon="-117.7656">
        <ele>110.0</ele>
        <time>2026-05-10T17:11:10Z</time>
      </trkpt>
      <trkpt lat="33.59931" lon="-117.76558">
        <ele>110.0</ele>
        <time>2026-05-10T17:11:13Z</time>
      </trkpt>
      <trkpt lat="33.59929" lon="-117.76555">
        <ele>110.0</ele>
        <time>2026-05-10T17:11:16Z</time>
      </trkpt>
      <trkpt lat="33.59926" lon="-117.76552">
        <ele>110.0</ele>
        <time>2026-05-10T17:11:19Z</time>
      </trkpt>
      <trkpt lat="33.59924" lon="-117.76549">
        <ele>109.85</ele>
        <time>2026-05-10T17:11:22Z</time>
      </trkpt>
      <trkpt lat="33.59922" lon="-117.76546">
        <ele>109.56</ele>
        <time>2026-05-10T17:11:25Z</time>
      </trkpt>
      <trkpt lat="33.59919" lon="-117.76543">
        <ele>109.16</ele>
        <time>2026-05-10T17:11:28Z</time>
      </trkpt>
      <trkpt lat="33.59917" lon="-117.76539">
        <ele>109.01</ele>
        <time>2026-05-10T17:11:31Z</time>
      </trkpt>
      <trkpt lat="33.59915" lon="-117.76536">
        <ele>109.0</ele>
        <time>2026-05-10T17:11:34Z</time>
      </trkpt>
      <trkpt lat="33.59913" lon="-117.76533">
        <ele>109.0</ele>
        <time>2026-05-10T17:11:37Z</time>
      </trkpt>
      <trkpt lat="33.59912" lon="-117.76529">
        <ele>109.0</ele>
        <time>2026-05-10T17:11:40Z</time>
      </trkpt>
      <trkpt lat="33.5991" lon="-117.76525">
        <ele>109.0</ele>
        <time>2026-05-10T17:11:43Z</time>
      </trkpt>
      <trkpt lat="33.59908" lon="-117.76522">
        <ele>109.0</ele>
        <time>2026-05-10T17:11:46Z</time>
      </trkpt>
      <trkpt lat="33.59906" lon="-117.76518">
        <ele>108.85</ele>
        <time>2026-05-10T17:11:49Z</time>
      </trkpt>
      <trkpt lat="33.59904" lon="-117.76514">
        <ele>108.63</ele>
        <time>2026-05-10T17:11:52Z</time>
      </trkpt>
      <trkpt lat="33.59903" lon="-117.7651">
        <ele>108.52</ele>
        <time>2026-05-10T17:11:55Z</time>
      </trkpt>
      <trkpt lat="33.59901" lon="-117.76506">
        <ele>108.2</ele>
        <time>2026-05-10T17:11:58Z</time>
      </trkpt>
      <trkpt lat="33.599" lon="-117.76503">
        <ele>108.06</ele>
        <time>2026-05-10T17:12:01Z</time>
      </trkpt>
      <trkpt lat="33.59898" lon="-117.76499">
        <ele>108.0</ele>
        <time>2026-05-10T17:12:04Z</time>
      </trkpt>
      <trkpt lat="33.59897" lon="-117.76495">
        <ele>108.0</ele>
        <time>2026-05-10T17:12:07Z</time>
      </trkpt>
      <trkpt lat="33.59895" lon="-117.76491">
        <ele>108.0</ele>
        <time>2026-05-10T17:12:10Z</time>
      </trkpt>
      <trkpt lat="33.59895" lon="-117.76487">
        <ele>108.0</ele>
        <time>2026-05-10T17:12:13Z</time>
      </trkpt>
      <trkpt lat="33.59894" lon="-117.76483">
        <ele>108.0</ele>
        <time>2026-05-10T17:12:16Z</time>
      </trkpt>
      <trkpt lat="33.59893" lon="-117.76479">
        <ele>107.73</ele>
        <time>2026-05-10T17:12:18Z</time>
      </trkpt>
      <trkpt lat="33.59892" lon="-117.76476">
        <ele>107.41</ele>
        <time>2026-05-10T17:12:20Z</time>
      </trkpt>
      <trkpt lat="33.59891" lon="-117.76473">
        <ele>107.08</ele>
        <time>2026-05-10T17:12:22Z</time>
      </trkpt>
      <trkpt lat="33.59889" lon="-117.76469">
        <ele>107.0</ele>
        <time>2026-05-10T17:12:25Z</time>
      </trkpt>
      <trkpt lat="33.59887" lon="-117.76465">
        <ele>107.0</ele>
        <time>2026-05-10T17:12:28Z</time>
      </trkpt>
      <trkpt lat="33.59886" lon="-117.76462">
        <ele>106.86</ele>
        <time>2026-05-10T17:12:31Z</time>
      </trkpt>
      <trkpt lat="33.59886" lon="-117.76458">
        <ele>106.26</ele>
        <time>2026-05-10T17:12:34Z</time>
      </trkpt>
      <trkpt lat="33.59887" lon="-117.76455">
        <ele>105.63</ele>
        <time>2026-05-10T17:12:37Z</time>
      </trkpt>
      <trkpt lat="33.59888" lon="-117.76451">
        <ele>105.69</ele>
        <time>2026-05-10T17:12:40Z</time>
      </trkpt>
      <trkpt lat="33.5989" lon="-117.76448">
        <ele>105.94</ele>
        <time>2026-05-10T17:12:43Z</time>
      </trkpt>
      <trkpt lat="33.59892" lon="-117.76445">
        <ele>105.62</ele>
        <time>2026-05-10T17:12:46Z</time>
      </trkpt>
      <trkpt lat="33.59893" lon="-117.76442">
        <ele>105.22</ele>
        <time>2026-05-10T17:12:49Z</time>
      </trkpt>
      <trkpt lat="33.59895" lon="-117.76439">
        <ele>104.36</ele>
        <time>2026-05-10T17:12:52Z</time>
      </trkpt>
      <trkpt lat="33.59896" lon="-117.76435">
        <ele>103.91</ele>
        <time>2026-05-10T17:12:55Z</time>
      </trkpt>
      <trkpt lat="33.59898" lon="-117.76432">
        <ele>103.05</ele>
        <time>2026-05-10T17:12:58Z</time>
      </trkpt>
      <trkpt lat="33.59899" lon="-117.76429">
        <ele>103.21</ele>
        <time>2026-05-10T17:13:01Z</time>
      </trkpt>
      <trkpt lat="33.59901" lon="-117.76426">
        <ele>103.62</ele>
        <time>2026-05-10T17:13:04Z</time>
      </trkpt>
      <trkpt lat="33.59904" lon="-117.76425">
        <ele>104.26</ele>
        <time>2026-05-10T17:13:09Z</time>
      </trkpt>
      <trkpt lat="33.59906" lon="-117.76421">
        <ele>104.7</ele>
        <time>2026-05-10T17:13:13Z</time>
      </trkpt>
      <trkpt lat="33.59906" lon="-117.76416">
        <ele>104.73</ele>
        <time>2026-05-10T17:13:16Z</time>
      </trkpt>
      <trkpt lat="33.59906" lon="-117.76412">
        <ele>104.93</ele>
        <time>2026-05-10T17:13:19Z</time>
      </trkpt>
      <trkpt lat="33.59907" lon="-117.76408">
        <ele>105.04</ele>
        <time>2026-05-10T17:13:22Z</time>
      </trkpt>
      <trkpt lat="33.59908" lon="-117.76404">
        <ele>105.84</ele>
        <time>2026-05-10T17:13:26Z</time>
      </trkpt>
      <trkpt lat="33.59908" lon="-117.76401">
        <ele>106.47</ele>
        <time>2026-05-10T17:13:29Z</time>
      </trkpt>
      <trkpt lat="33.59909" lon="-117.76397">
        <ele>107.05</ele>
        <time>2026-05-10T17:13:33Z</time>
      </trkpt>
      <trkpt lat="33.5991" lon="-117.76394">
        <ele>106.83</ele>
        <time>2026-05-10T17:13:36Z</time>
      </trkpt>
      <trkpt lat="33.59911" lon="-117.7639">
        <ele>106.51</ele>
        <time>2026-05-10T17:13:39Z</time>
      </trkpt>
      <trkpt lat="33.59912" lon="-117.76387">
        <ele>106.39</ele>
        <time>2026-05-10T17:13:42Z</time>
      </trkpt>
      <trkpt lat="33.59915" lon="-117.76384">
        <ele>106.39</ele>
        <time>2026-05-10T17:13:45Z</time>
      </trkpt>
      <trkpt lat="33.59918" lon="-117.76382">
        <ele>106.29</ele>
        <time>2026-05-10T17:13:48Z</time>
      </trkpt>
      <trkpt lat="33.5992" lon="-117.76385">
        <ele>106.79</ele>
        <time>2026-05-10T17:13:51Z</time>
      </trkpt>
      <trkpt lat="33.59922" lon="-117.76387">
        <ele>107.25</ele>
        <time>2026-05-10T17:13:54Z</time>
      </trkpt>
      <trkpt lat="33.59925" lon="-117.7639">
        <ele>108.02</ele>
        <time>2026-05-10T17:13:58Z</time>
      </trkpt>
      <trkpt lat="33.59928" lon="-117.76392">
        <ele>108.41</ele>
        <time>2026-05-10T17:14:02Z</time>
      </trkpt>
      <trkpt lat="33.5993" lon="-117.76394">
        <ele>108.79</ele>
        <time>2026-05-10T17:14:06Z</time>
      </trkpt>
      <trkpt lat="33.5993" lon="-117.76398">
        <ele>109.42</ele>
        <time>2026-05-10T17:14:11Z</time>
      </trkpt>
      <trkpt lat="33.59933" lon="-117.76401">
        <ele>110.07</ele>
        <time>2026-05-10T17:14:16Z</time>
      </trkpt>
      <trkpt lat="33.59934" lon="-117.76404">
        <ele>110.5</ele>
        <time>2026-05-10T17:14:20Z</time>
      </trkpt>
      <trkpt lat="33.59936" lon="-117.76407">
        <ele>111.13</ele>
        <time>2026-05-10T17:14:24Z</time>
      </trkpt>
      <trkpt lat="33.59937" lon="-117.7641">
        <ele>111.39</ele>
        <time>2026-05-10T17:14:27Z</time>
      </trkpt>
      <trkpt lat="33.59938" lon="-117.76413">
        <ele>111.61</ele>
        <time>2026-05-10T17:14:30Z</time>
      </trkpt>
      <trkpt lat="33.5994" lon="-117.76417">
        <ele>112.02</ele>
        <time>2026-05-10T17:14:34Z</time>
      </trkpt>
      <trkpt lat="33.59942" lon="-117.7642">
        <ele>112.38</ele>
        <time>2026-05-10T17:14:38Z</time>
      </trkpt>
      <trkpt lat="33.59944" lon="-117.76422">
        <ele>112.88</ele>
        <time>2026-05-10T17:14:41Z</time>
      </trkpt>
      <trkpt lat="33.59947" lon="-117.76425">
        <ele>113.3</ele>
        <time>2026-05-10T17:14:44Z</time>
      </trkpt>
      <trkpt lat="33.59949" lon="-117.76427">
        <ele>113.43</ele>
        <time>2026-05-10T17:14:47Z</time>
      </trkpt>
      <trkpt lat="33.59951" lon="-117.7643">
        <ele>113.58</ele>
        <time>2026-05-10T17:14:50Z</time>
      </trkpt>
      <trkpt lat="33.59953" lon="-117.76432">
        <ele>113.87</ele>
        <time>2026-05-10T17:15:08Z</time>
      </trkpt>
      <trkpt lat="33.59955" lon="-117.76434">
        <ele>114.26</ele>
        <time>2026-05-10T17:15:11Z</time>
      </trkpt>
      <trkpt lat="33.59957" lon="-117.76437">
        <ele>114.71</ele>
        <time>2026-05-10T17:15:14Z</time>
      </trkpt>
      <trkpt lat="33.59959" lon="-117.7644">
        <ele>115.14</ele>
        <time>2026-05-10T17:15:17Z</time>
      </trkpt>
      <trkpt lat="33.59961" lon="-117.76442">
        <ele>115.58</ele>
        <time>2026-05-10T17:15:21Z</time>
      </trkpt>
      <trkpt lat="33.59963" lon="-117.76445">
        <ele>116.06</ele>
        <time>2026-05-10T17:15:25Z</time>
      </trkpt>
      <trkpt lat="33.59966" lon="-117.76446">
        <ele>116.5</ele>
        <time>2026-05-10T17:15:30Z</time>
      </trkpt>
      <trkpt lat="33.59968" lon="-117.76447">
        <ele>116.82</ele>
        <time>2026-05-10T17:15:37Z</time>
      </trkpt>
      <trkpt lat="33.59969" lon="-117.7645">
        <ele>117.25</ele>
        <time>2026-05-10T17:15:55Z</time>
      </trkpt>
      <trkpt lat="33.59972" lon="-117.76452">
        <ele>117.79</ele>
        <time>2026-05-10T17:16:00Z</time>
      </trkpt>
      <trkpt lat="33.59974" lon="-117.76455">
        <ele>118.14</ele>
        <time>2026-05-10T17:16:04Z</time>
      </trkpt>
      <trkpt lat="33.59975" lon="-117.76458">
        <ele>118.46</ele>
        <time>2026-05-10T17:16:06Z</time>
      </trkpt>
      <trkpt lat="33.59976" lon="-117.76462">
        <ele>118.9</ele>
        <time>2026-05-10T17:16:09Z</time>
      </trkpt>
      <trkpt lat="33.59978" lon="-117.76465">
        <ele>119.27</ele>
        <time>2026-05-10T17:16:13Z</time>
      </trkpt>
      <trkpt lat="33.59979" lon="-117.76468">
        <ele>119.8</ele>
        <time>2026-05-10T17:16:17Z</time>
      </trkpt>
      <trkpt lat="33.59981" lon="-117.76471">
        <ele>120.65</ele>
        <time>2026-05-10T17:16:21Z</time>
      </trkpt>
      <trkpt lat="33.59983" lon="-117.76474">
        <ele>121.19</ele>
        <time>2026-05-10T17:16:25Z</time>
      </trkpt>
      <trkpt lat="33.59984" lon="-117.76478">
        <ele>121.62</ele>
        <time>2026-05-10T17:16:29Z</time>
      </trkpt>
      <trkpt lat="33.59985" lon="-117.76482">
        <ele>121.99</ele>
        <time>2026-05-10T17:16:33Z</time>
      </trkpt>
      <trkpt lat="33.59986" lon="-117.76485">
        <ele>121.99</ele>
        <time>2026-05-10T17:16:37Z</time>
      </trkpt>
      <trkpt lat="33.59988" lon="-117.76489">
        <ele>122.33</ele>
        <time>2026-05-10T17:16:41Z</time>
      </trkpt>
      <trkpt lat="33.5999" lon="-117.76492">
        <ele>122.69</ele>
        <time>2026-05-10T17:16:45Z</time>
      </trkpt>
      <trkpt lat="33.59994" lon="-117.76492">
        <ele>122.96</ele>
        <time>2026-05-10T17:16:48Z</time>
      </trkpt>
      <trkpt lat="33.59997" lon="-117.76491">
        <ele>123.01</ele>
        <time>2026-05-10T17:16:50Z</time>
      </trkpt>
      <trkpt lat="33.6" lon="-117.76489">
        <ele>122.81</ele>
        <time>2026-05-10T17:16:53Z</time>
      </trkpt>
      <trkpt lat="33.60003" lon="-117.76487">
        <ele>122.47</ele>
        <time>2026-05-10T17:16:56Z</time>
      </trkpt>
      <trkpt lat="33.60006" lon="-117.76486">
        <ele>122.16</ele>
        <time>2026-05-10T17:16:59Z</time>
      </trkpt>
      <trkpt lat="33.6001" lon="-117.76486">
        <ele>122.06</ele>
        <time>2026-05-10T17:17:02Z</time>
      </trkpt>
      <trkpt lat="33.60014" lon="-117.76485">
        <ele>122.27</ele>
        <time>2026-05-10T17:17:05Z</time>
      </trkpt>
      <trkpt lat="33.60017" lon="-117.76484">
        <ele>122.38</ele>
        <time>2026-05-10T17:17:08Z</time>
      </trkpt>
      <trkpt lat="33.60021" lon="-117.76483">
        <ele>122.6</ele>
        <time>2026-05-10T17:17:11Z</time>
      </trkpt>
      <trkpt lat="33.60025" lon="-117.76482">
        <ele>122.81</ele>
        <time>2026-05-10T17:17:14Z</time>
      </trkpt>
      <trkpt lat="33.60029" lon="-117.76482">
        <ele>123.24</ele>
        <time>2026-05-10T17:17:17Z</time>
      </trkpt>
      <trkpt lat="33.60032" lon="-117.76481">
        <ele>123.4</ele>
        <time>2026-05-10T17:17:20Z</time>
      </trkpt>
      <trkpt lat="33.60035" lon="-117.76481">
        <ele>123.73</ele>
        <time>2026-05-10T17:17:23Z</time>
      </trkpt>
      <trkpt lat="33.60039" lon="-117.7648">
        <ele>124.23</ele>
        <time>2026-05-10T17:17:26Z</time>
      </trkpt>
      <trkpt lat="33.60042" lon="-117.76479">
        <ele>124.66</ele>
        <time>2026-05-10T17:17:29Z</time>
      </trkpt>
      <trkpt lat="33.60044" lon="-117.76477">
        <ele>124.66</ele>
        <time>2026-05-10T17:17:32Z</time>
      </trkpt>
      <trkpt lat="33.60047" lon="-117.76474">
        <ele>124.45</ele>
        <time>2026-05-10T17:17:37Z</time>
      </trkpt>
      <trkpt lat="33.6005" lon="-117.76473">
        <ele>124.53</ele>
        <time>2026-05-10T17:17:41Z</time>
      </trkpt>
      <trkpt lat="33.60053" lon="-117.76475">
        <ele>125.11</ele>
        <time>2026-05-10T17:17:44Z</time>
      </trkpt>
      <trkpt lat="33.60053" lon="-117.76478">
        <ele>125.52</ele>
        <time>2026-05-10T17:17:46Z</time>
      </trkpt>
      <trkpt lat="33.60051" lon="-117.76481">
        <ele>125.92</ele>
        <time>2026-05-10T17:17:48Z</time>
      </trkpt>
      <trkpt lat="33.60048" lon="-117.76483">
        <ele>126.36</ele>
        <time>2026-05-10T17:17:50Z</time>
      </trkpt>
      <trkpt lat="33.60045" lon="-117.76484">
        <ele>126.26</ele>
        <time>2026-05-10T17:17:53Z</time>
      </trkpt>
      <trkpt lat="33.60042" lon="-117.76486">
        <ele>126.05</ele>
        <time>2026-05-10T17:17:56Z</time>
      </trkpt>
      <trkpt lat="33.60039" lon="-117.76488">
        <ele>125.83</ele>
        <time>2026-05-10T17:17:59Z</time>
      </trkpt>
      <trkpt lat="33.60037" lon="-117.7649">
        <ele>125.84</ele>
        <time>2026-05-10T17:18:02Z</time>
      </trkpt>
      <trkpt lat="33.60035" lon="-117.76493">
        <ele>126.27</ele>
        <time>2026-05-10T17:18:06Z</time>
      </trkpt>
      <trkpt lat="33.60033" lon="-117.76495">
        <ele>126.48</ele>
        <time>2026-05-10T17:18:09Z</time>
      </trkpt>
      <trkpt lat="33.6003" lon="-117.76498">
        <ele>126.81</ele>
        <time>2026-05-10T17:18:12Z</time>
      </trkpt>
      <trkpt lat="33.60028" lon="-117.765">
        <ele>127.02</ele>
        <time>2026-05-10T17:18:15Z</time>
      </trkpt>
      <trkpt lat="33.60026" lon="-117.76502">
        <ele>127.24</ele>
        <time>2026-05-10T17:18:18Z</time>
      </trkpt>
      <trkpt lat="33.60024" lon="-117.76504">
        <ele>127.46</ele>
        <time>2026-05-10T17:18:21Z</time>
      </trkpt>
      <trkpt lat="33.60022" lon="-117.76507">
        <ele>127.89</ele>
        <time>2026-05-10T17:18:25Z</time>
      </trkpt>
      <trkpt lat="33.60023" lon="-117.7651">
        <ele>128.64</ele>
        <time>2026-05-10T17:18:29Z</time>
      </trkpt>
      <trkpt lat="33.60026" lon="-117.76513">
        <ele>129.62</ele>
        <time>2026-05-10T17:18:33Z</time>
      </trkpt>
      <trkpt lat="33.60028" lon="-117.76515">
        <ele>130.26</ele>
        <time>2026-05-10T17:18:36Z</time>
      </trkpt>
      <trkpt lat="33.60031" lon="-117.76516">
        <ele>130.8</ele>
        <time>2026-05-10T17:18:40Z</time>
      </trkpt>
      <trkpt lat="33.60034" lon="-117.76516">
        <ele>131.13</ele>
        <time>2026-05-10T17:18:44Z</time>
      </trkpt>
      <trkpt lat="33.60037" lon="-117.76517">
        <ele>131.67</ele>
        <time>2026-05-10T17:18:52Z</time>
      </trkpt>
      <trkpt lat="33.6004" lon="-117.76517">
        <ele>132.31</ele>
        <time>2026-05-10T17:18:57Z</time>
      </trkpt>
      <trkpt lat="33.60043" lon="-117.76518">
        <ele>133.18</ele>
        <time>2026-05-10T17:19:01Z</time>
      </trkpt>
      <trkpt lat="33.60045" lon="-117.7652">
        <ele>134.06</ele>
        <time>2026-05-10T17:19:05Z</time>
      </trkpt>
      <trkpt lat="33.60047" lon="-117.76522">
        <ele>134.8</ele>
        <time>2026-05-10T17:19:09Z</time>
      </trkpt>
      <trkpt lat="33.60049" lon="-117.76524">
        <ele>135.3</ele>
        <time>2026-05-10T17:19:15Z</time>
      </trkpt>
      <trkpt lat="33.60052" lon="-117.76524">
        <ele>135.44</ele>
        <time>2026-05-10T17:19:21Z</time>
      </trkpt>
      <trkpt lat="33.60053" lon="-117.76527">
        <ele>135.89</ele>
        <time>2026-05-10T17:20:11Z</time>
      </trkpt>
      <trkpt lat="33.60053" lon="-117.76531">
        <ele>136.35</ele>
        <time>2026-05-10T17:20:14Z</time>
      </trkpt>
      <trkpt lat="33.60053" lon="-117.76534">
        <ele>136.67</ele>
        <time>2026-05-10T17:20:16Z</time>
      </trkpt>
      <trkpt lat="33.60053" lon="-117.76538">
        <ele>137.21</ele>
        <time>2026-05-10T17:20:19Z</time>
      </trkpt>
      <trkpt lat="33.60054" lon="-117.76542">
        <ele>138.07</ele>
        <time>2026-05-10T17:20:23Z</time>
      </trkpt>
      <trkpt lat="33.60054" lon="-117.76545">
        <ele>138.72</ele>
        <time>2026-05-10T17:20:27Z</time>
      </trkpt>
      <trkpt lat="33.60054" lon="-117.76549">
        <ele>139.49</ele>
        <time>2026-05-10T17:20:31Z</time>
      </trkpt>
      <trkpt lat="33.60054" lon="-117.76553">
        <ele>140.2</ele>
        <time>2026-05-10T17:20:36Z</time>
      </trkpt>
      <trkpt lat="33.60054" lon="-117.76556">
        <ele>140.7</ele>
        <time>2026-05-10T17:20:40Z</time>
      </trkpt>
      <trkpt lat="33.60054" lon="-117.76559">
        <ele>140.97</ele>
        <time>2026-05-10T17:20:44Z</time>
      </trkpt>
      <trkpt lat="33.60055" lon="-117.76563">
        <ele>141.64</ele>
        <time>2026-05-10T17:20:48Z</time>
      </trkpt>
      <trkpt lat="33.60056" lon="-117.76566">
        <ele>142.13</ele>
        <time>2026-05-10T17:20:53Z</time>
      </trkpt>
      <trkpt lat="33.60059" lon="-117.76568">
        <ele>142.47</ele>
        <time>2026-05-10T17:20:56Z</time>
      </trkpt>
      <trkpt lat="33.60061" lon="-117.7657">
        <ele>142.89</ele>
        <time>2026-05-10T17:21:01Z</time>
      </trkpt>
      <trkpt lat="33.60063" lon="-117.76573">
        <ele>143.59</ele>
        <time>2026-05-10T17:21:06Z</time>
      </trkpt>
      <trkpt lat="33.60063" lon="-117.76577">
        <ele>144.31</ele>
        <time>2026-05-10T17:21:11Z</time>
      </trkpt>
      <trkpt lat="33.60065" lon="-117.7658">
        <ele>145.28</ele>
        <time>2026-05-10T17:21:55Z</time>
      </trkpt>
      <trkpt lat="33.60066" lon="-117.76583">
        <ele>145.93</ele>
        <time>2026-05-10T17:22:00Z</time>
      </trkpt>
      <trkpt lat="33.60066" lon="-117.76587">
        <ele>146.1</ele>
        <time>2026-05-10T17:22:03Z</time>
      </trkpt>
      <trkpt lat="33.60068" lon="-117.76591">
        <ele>146.57</ele>
        <time>2026-05-10T17:22:07Z</time>
      </trkpt>
      <trkpt lat="33.60071" lon="-117.76593">
        <ele>147.34</ele>
        <time>2026-05-10T17:22:11Z</time>
      </trkpt>
      <trkpt lat="33.60073" lon="-117.76596">
        <ele>147.77</ele>
        <time>2026-05-10T17:22:14Z</time>
      </trkpt>
      <trkpt lat="33.60076" lon="-117.76597">
        <ele>147.77</ele>
        <time>2026-05-10T17:22:17Z</time>
      </trkpt>
      <trkpt lat="33.60079" lon="-117.76599">
        <ele>147.88</ele>
        <time>2026-05-10T17:22:20Z</time>
      </trkpt>
      <trkpt lat="33.60081" lon="-117.766">
        <ele>148.15</ele>
        <time>2026-05-10T17:22:23Z</time>
      </trkpt>
      <trkpt lat="33.60084" lon="-117.76602">
        <ele>148.91</ele>
        <time>2026-05-10T17:22:27Z</time>
      </trkpt>
      <trkpt lat="33.60087" lon="-117.76604">
        <ele>148.37</ele>
        <time>2026-05-10T17:22:31Z</time>
      </trkpt>
      <trkpt lat="33.6009" lon="-117.76603">
        <ele>148.16</ele>
        <time>2026-05-10T17:22:34Z</time>
      </trkpt>
      <trkpt lat="33.60093" lon="-117.76602">
        <ele>147.94</ele>
        <time>2026-05-10T17:22:37Z</time>
      </trkpt>
      <trkpt lat="33.60096" lon="-117.76602">
        <ele>147.62</ele>
        <time>2026-05-10T17:22:40Z</time>
      </trkpt>
      <trkpt lat="33.601" lon="-117.76603">
        <ele>147.18</ele>
        <time>2026-05-10T17:22:43Z</time>
      </trkpt>
      <trkpt lat="33.60103" lon="-117.76603">
        <ele>147.02</ele>
        <time>2026-05-10T17:22:45Z</time>
      </trkpt>
      <trkpt lat="33.60106" lon="-117.76604">
        <ele>147.1</ele>
        <time>2026-05-10T17:22:47Z</time>
      </trkpt>
      <trkpt lat="33.60108" lon="-117.76606">
        <ele>147.3</ele>
        <time>2026-05-10T17:22:49Z</time>
      </trkpt>
      <trkpt lat="33.60112" lon="-117.76607">
        <ele>147.51</ele>
        <time>2026-05-10T17:22:52Z</time>
      </trkpt>
      <trkpt lat="33.60116" lon="-117.76609">
        <ele>147.65</ele>
        <time>2026-05-10T17:22:55Z</time>
      </trkpt>
      <trkpt lat="33.60119" lon="-117.7661">
        <ele>147.78</ele>
        <time>2026-05-10T17:22:58Z</time>
      </trkpt>
      <trkpt lat="33.60122" lon="-117.76611">
        <ele>148.15</ele>
        <time>2026-05-10T17:23:01Z</time>
      </trkpt>
      <trkpt lat="33.60119" lon="-117.76611">
        <ele>147.98</ele>
        <time>2026-05-10T17:23:06Z</time>
      </trkpt>
      <trkpt lat="33.60117" lon="-117.76609">
        <ele>147.63</ele>
        <time>2026-05-10T17:23:12Z</time>
      </trkpt>
      <trkpt lat="33.6012" lon="-117.7661">
        <ele>147.76</ele>
        <time>2026-05-10T17:23:34Z</time>
      </trkpt>
      <trkpt lat="33.60123" lon="-117.7661">
        <ele>147.98</ele>
        <time>2026-05-10T17:23:36Z</time>
      </trkpt>
      <trkpt lat="33.60126" lon="-117.76611">
        <ele>148.57</ele>
        <time>2026-05-10T17:23:39Z</time>
      </trkpt>
      <trkpt lat="33.60129" lon="-117.76612">
        <ele>148.83</ele>
        <time>2026-05-10T17:23:43Z</time>
      </trkpt>
      <trkpt lat="33.60132" lon="-117.76613">
        <ele>148.9</ele>
        <time>2026-05-10T17:23:47Z</time>
      </trkpt>
      <trkpt lat="33.60135" lon="-117.76613">
        <ele>149.03</ele>
        <time>2026-05-10T17:23:50Z</time>
      </trkpt>
      <trkpt lat="33.60138" lon="-117.76614">
        <ele>149.25</ele>
        <time>2026-05-10T17:23:53Z</time>
      </trkpt>
      <trkpt lat="33.60141" lon="-117.76615">
        <ele>149.65</ele>
        <time>2026-05-10T17:23:56Z</time>
      </trkpt>
      <trkpt lat="33.60143" lon="-117.76617">
        <ele>150.08</ele>
        <time>2026-05-10T17:23:59Z</time>
      </trkpt>
      <trkpt lat="33.60146" lon="-117.76619">
        <ele>150.62</ele>
        <time>2026-05-10T17:24:02Z</time>
      </trkpt>
      <trkpt lat="33.60149" lon="-117.76619">
        <ele>150.94</ele>
        <time>2026-05-10T17:24:06Z</time>
      </trkpt>
      <trkpt lat="33.60152" lon="-117.7662">
        <ele>151.38</ele>
        <time>2026-05-10T17:24:10Z</time>
      </trkpt>
      <trkpt lat="33.60155" lon="-117.7662">
        <ele>151.7</ele>
        <time>2026-05-10T17:24:14Z</time>
      </trkpt>
      <trkpt lat="33.60159" lon="-117.7662">
        <ele>152.3</ele>
        <time>2026-05-10T17:24:18Z</time>
      </trkpt>
      <trkpt lat="33.60162" lon="-117.7662">
        <ele>152.93</ele>
        <time>2026-05-10T17:24:22Z</time>
      </trkpt>
      <trkpt lat="33.60165" lon="-117.76622">
        <ele>153.5</ele>
        <time>2026-05-10T17:24:26Z</time>
      </trkpt>
      <trkpt lat="33.60168" lon="-117.76622">
        <ele>153.8</ele>
        <time>2026-05-10T17:24:29Z</time>
      </trkpt>
      <trkpt lat="33.60171" lon="-117.76621">
        <ele>153.9</ele>
        <time>2026-05-10T17:24:32Z</time>
      </trkpt>
      <trkpt lat="33.60173" lon="-117.76619">
        <ele>153.91</ele>
        <time>2026-05-10T17:24:35Z</time>
      </trkpt>
      <trkpt lat="33.60176" lon="-117.76618">
        <ele>154.0</ele>
        <time>2026-05-10T17:24:38Z</time>
      </trkpt>
      <trkpt lat="33.60179" lon="-117.76616">
        <ele>154.16</ele>
        <time>2026-05-10T17:24:41Z</time>
      </trkpt>
      <trkpt lat="33.60182" lon="-117.76615">
        <ele>154.38</ele>
        <time>2026-05-10T17:24:44Z</time>
      </trkpt>
      <trkpt lat="33.60184" lon="-117.76613">
        <ele>154.69</ele>
        <time>2026-05-10T17:24:47Z</time>
      </trkpt>
      <trkpt lat="33.60187" lon="-117.76611">
        <ele>155.17</ele>
        <time>2026-05-10T17:24:50Z</time>
      </trkpt>
      <trkpt lat="33.60189" lon="-117.76609">
        <ele>155.05</ele>
        <time>2026-05-10T17:24:53Z</time>
      </trkpt>
      <trkpt lat="33.60191" lon="-117.76607">
        <ele>155.02</ele>
        <time>2026-05-10T17:24:57Z</time>
      </trkpt>
      <trkpt lat="33.60194" lon="-117.76606">
        <ele>155.37</ele>
        <time>2026-05-10T17:25:01Z</time>
      </trkpt>
      <trkpt lat="33.60197" lon="-117.76605">
        <ele>155.98</ele>
        <time>2026-05-10T17:25:05Z</time>
      </trkpt>
      <trkpt lat="33.602" lon="-117.76607">
        <ele>156.69</ele>
        <time>2026-05-10T17:25:09Z</time>
      </trkpt>
      <trkpt lat="33.60203" lon="-117.76609">
        <ele>157.12</ele>
        <time>2026-05-10T17:25:12Z</time>
      </trkpt>
      <trkpt lat="33.60206" lon="-117.76611">
        <ele>157.51</ele>
        <time>2026-05-10T17:25:15Z</time>
      </trkpt>
      <trkpt lat="33.60208" lon="-117.76613">
        <ele>157.52</ele>
        <time>2026-05-10T17:25:18Z</time>
      </trkpt>
      <trkpt lat="33.60211" lon="-117.76614">
        <ele>157.95</ele>
        <time>2026-05-10T17:25:21Z</time>
      </trkpt>
      <trkpt lat="33.60215" lon="-117.76615">
        <ele>158.25</ele>
        <time>2026-05-10T17:25:24Z</time>
      </trkpt>
      <trkpt lat="33.60218" lon="-117.76616">
        <ele>158.23</ele>
        <time>2026-05-10T17:25:27Z</time>
      </trkpt>
      <trkpt lat="33.60221" lon="-117.76618">
        <ele>158.16</ele>
        <time>2026-05-10T17:25:30Z</time>
      </trkpt>
      <trkpt lat="33.60223" lon="-117.76621">
        <ele>158.0</ele>
        <time>2026-05-10T17:25:35Z</time>
      </trkpt>
      <trkpt lat="33.60222" lon="-117.76624">
        <ele>157.96</ele>
        <time>2026-05-10T17:25:38Z</time>
      </trkpt>
      <trkpt lat="33.60222" lon="-117.76628">
        <ele>157.94</ele>
        <time>2026-05-10T17:25:40Z</time>
      </trkpt>
      <trkpt lat="33.60222" lon="-117.76631">
        <ele>157.78</ele>
        <time>2026-05-10T17:25:42Z</time>
      </trkpt>
      <trkpt lat="33.60222" lon="-117.76635">
        <ele>157.35</ele>
        <time>2026-05-10T17:25:44Z</time>
      </trkpt>
      <trkpt lat="33.60222" lon="-117.76639">
        <ele>156.9</ele>
        <time>2026-05-10T17:25:46Z</time>
      </trkpt>
      <trkpt lat="33.60223" lon="-117.76642">
        <ele>156.52</ele>
        <time>2026-05-10T17:25:48Z</time>
      </trkpt>
      <trkpt lat="33.60225" lon="-117.76645">
        <ele>156.48</ele>
        <time>2026-05-10T17:25:50Z</time>
      </trkpt>
      <trkpt lat="33.60227" lon="-117.76647">
        <ele>156.73</ele>
        <time>2026-05-10T17:25:52Z</time>
      </trkpt>
      <trkpt lat="33.60229" lon="-117.76649">
        <ele>157.1</ele>
        <time>2026-05-10T17:25:54Z</time>
      </trkpt>
      <trkpt lat="33.60232" lon="-117.7665">
        <ele>157.88</ele>
        <time>2026-05-10T17:25:57Z</time>
      </trkpt>
      <trkpt lat="33.60236" lon="-117.7665">
        <ele>158.48</ele>
        <time>2026-05-10T17:26:00Z</time>
      </trkpt>
      <trkpt lat="33.60238" lon="-117.76651">
        <ele>158.83</ele>
        <time>2026-05-10T17:26:04Z</time>
      </trkpt>
      <trkpt lat="33.6024" lon="-117.76653">
        <ele>159.36</ele>
        <time>2026-05-10T17:26:08Z</time>
      </trkpt>
      <trkpt lat="33.60242" lon="-117.76655">
        <ele>159.57</ele>
        <time>2026-05-10T17:26:11Z</time>
      </trkpt>
      <trkpt lat="33.60245" lon="-117.76659">
        <ele>159.7</ele>
        <time>2026-05-10T17:26:15Z</time>
      </trkpt>
      <trkpt lat="33.60246" lon="-117.76662">
        <ele>160.0</ele>
        <time>2026-05-10T17:26:18Z</time>
      </trkpt>
      <trkpt lat="33.60248" lon="-117.76665">
        <ele>160.5</ele>
        <time>2026-05-10T17:26:21Z</time>
      </trkpt>
      <trkpt lat="33.6025" lon="-117.76669">
        <ele>161.0</ele>
        <time>2026-05-10T17:26:24Z</time>
      </trkpt>
      <trkpt lat="33.60252" lon="-117.76672">
        <ele>160.69</ele>
        <time>2026-05-10T17:26:27Z</time>
      </trkpt>
      <trkpt lat="33.60254" lon="-117.76675">
        <ele>160.52</ele>
        <time>2026-05-10T17:26:30Z</time>
      </trkpt>
      <trkpt lat="33.60256" lon="-117.76678">
        <ele>160.5</ele>
        <time>2026-05-10T17:26:34Z</time>
      </trkpt>
      <trkpt lat="33.60259" lon="-117.76679">
        <ele>160.35</ele>
        <time>2026-05-10T17:26:41Z</time>
      </trkpt>
      <trkpt lat="33.60261" lon="-117.76681">
        <ele>160.28</ele>
        <time>2026-05-10T17:26:47Z</time>
      </trkpt>
      <trkpt lat="33.60264" lon="-117.76683">
        <ele>160.13</ele>
        <time>2026-05-10T17:26:51Z</time>
      </trkpt>
      <trkpt lat="33.60266" lon="-117.76686">
        <ele>160.25</ele>
        <time>2026-05-10T17:26:54Z</time>
      </trkpt>
      <trkpt lat="33.6027" lon="-117.76688">
        <ele>159.89</ele>
        <time>2026-05-10T17:26:57Z</time>
      </trkpt>
      <trkpt lat="33.60273" lon="-117.76691">
        <ele>159.82</ele>
        <time>2026-05-10T17:27:00Z</time>
      </trkpt>
      <trkpt lat="33.60276" lon="-117.76694">
        <ele>159.96</ele>
        <time>2026-05-10T17:27:03Z</time>
      </trkpt>
      <trkpt lat="33.60278" lon="-117.76696">
        <ele>160.17</ele>
        <time>2026-05-10T17:27:06Z</time>
      </trkpt>
      <trkpt lat="33.60281" lon="-117.76698">
        <ele>160.38</ele>
        <time>2026-05-10T17:27:09Z</time>
      </trkpt>
      <trkpt lat="33.60283" lon="-117.76701">
        <ele>160.71</ele>
        <time>2026-05-10T17:27:12Z</time>
      </trkpt>
      <trkpt lat="33.60286" lon="-117.76705">
        <ele>161.0</ele>
        <time>2026-05-10T17:27:15Z</time>
      </trkpt>
      <trkpt lat="33.60288" lon="-117.76707">
        <ele>161.04</ele>
        <time>2026-05-10T17:27:18Z</time>
      </trkpt>
      <trkpt lat="33.6029" lon="-117.7671">
        <ele>161.22</ele>
        <time>2026-05-10T17:27:21Z</time>
      </trkpt>
      <trkpt lat="33.60292" lon="-117.76712">
        <ele>161.48</ele>
        <time>2026-05-10T17:27:24Z</time>
      </trkpt>
      <trkpt lat="33.60295" lon="-117.76713">
        <ele>161.86</ele>
        <time>2026-05-10T17:27:27Z</time>
      </trkpt>
      <trkpt lat="33.60298" lon="-117.76713">
        <ele>162.0</ele>
        <time>2026-05-10T17:27:31Z</time>
      </trkpt>
      <trkpt lat="33.60301" lon="-117.76715">
        <ele>162.11</ele>
        <time>2026-05-10T17:27:34Z</time>
      </trkpt>
      <trkpt lat="33.60303" lon="-117.76717">
        <ele>162.32</ele>
        <time>2026-05-10T17:27:37Z</time>
      </trkpt>
      <trkpt lat="33.60306" lon="-117.7672">
        <ele>162.76</ele>
        <time>2026-05-10T17:27:40Z</time>
      </trkpt>
      <trkpt lat="33.60308" lon="-117.76723">
        <ele>163.02</ele>
        <time>2026-05-10T17:27:43Z</time>
      </trkpt>
      <trkpt lat="33.60309" lon="-117.76727">
        <ele>163.19</ele>
        <time>2026-05-10T17:27:47Z</time>
      </trkpt>
      <trkpt lat="33.6031" lon="-117.76731">
        <ele>163.46</ele>
        <time>2026-05-10T17:27:51Z</time>
      </trkpt>
      <trkpt lat="33.60311" lon="-117.76734">
        <ele>163.64</ele>
        <time>2026-05-10T17:27:54Z</time>
      </trkpt>
      <trkpt lat="33.60313" lon="-117.76737">
        <ele>164.17</ele>
        <time>2026-05-10T17:27:58Z</time>
      </trkpt>
      <trkpt lat="33.60315" lon="-117.7674">
        <ele>164.94</ele>
        <time>2026-05-10T17:28:02Z</time>
      </trkpt>
      <trkpt lat="33.60316" lon="-117.76743">
        <ele>165.16</ele>
        <time>2026-05-10T17:28:06Z</time>
      </trkpt>
      <trkpt lat="33.60318" lon="-117.76746">
        <ele>165.54</ele>
        <time>2026-05-10T17:28:10Z</time>
      </trkpt>
      <trkpt lat="33.6032" lon="-117.76748">
        <ele>166.0</ele>
        <time>2026-05-10T17:28:14Z</time>
      </trkpt>
      <trkpt lat="33.60323" lon="-117.76751">
        <ele>166.77</ele>
        <time>2026-05-10T17:28:18Z</time>
      </trkpt>
      <trkpt lat="33.60325" lon="-117.76754">
        <ele>167.04</ele>
        <time>2026-05-10T17:28:22Z</time>
      </trkpt>
      <trkpt lat="33.60327" lon="-117.76756">
        <ele>167.2</ele>
        <time>2026-05-10T17:28:27Z</time>
      </trkpt>
      <trkpt lat="33.6033" lon="-117.76757">
        <ele>167.48</ele>
        <time>2026-05-10T17:28:44Z</time>
      </trkpt>
      <trkpt lat="33.60331" lon="-117.7676">
        <ele>167.73</ele>
        <time>2026-05-10T17:29:12Z</time>
      </trkpt>
      <trkpt lat="33.60332" lon="-117.76764">
        <ele>167.78</ele>
        <time>2026-05-10T17:29:16Z</time>
      </trkpt>
      <trkpt lat="33.60333" lon="-117.76768">
        <ele>167.93</ele>
        <time>2026-05-10T17:29:19Z</time>
      </trkpt>
      <trkpt lat="33.60336" lon="-117.7677">
        <ele>167.89</ele>
        <time>2026-05-10T17:29:21Z</time>
      </trkpt>
      <trkpt lat="33.60339" lon="-117.76773">
        <ele>167.81</ele>
        <time>2026-05-10T17:29:23Z</time>
      </trkpt>
      <trkpt lat="33.60341" lon="-117.76775">
        <ele>167.88</ele>
        <time>2026-05-10T17:29:25Z</time>
      </trkpt>
      <trkpt lat="33.60344" lon="-117.76777">
        <ele>167.99</ele>
        <time>2026-05-10T17:29:27Z</time>
      </trkpt>
      <trkpt lat="33.60346" lon="-117.76779">
        <ele>168.05</ele>
        <time>2026-05-10T17:29:30Z</time>
      </trkpt>
      <trkpt lat="33.60349" lon="-117.76782">
        <ele>168.32</ele>
        <time>2026-05-10T17:29:33Z</time>
      </trkpt>
      <trkpt lat="33.60351" lon="-117.76784">
        <ele>168.61</ele>
        <time>2026-05-10T17:29:36Z</time>
      </trkpt>
      <trkpt lat="33.60354" lon="-117.76787">
        <ele>169.0</ele>
        <time>2026-05-10T17:29:39Z</time>
      </trkpt>
      <trkpt lat="33.60356" lon="-117.76789">
        <ele>168.77</ele>
        <time>2026-05-10T17:29:42Z</time>
      </trkpt>
      <trkpt lat="33.60359" lon="-117.76791">
        <ele>168.8</ele>
        <time>2026-05-10T17:29:45Z</time>
      </trkpt>
      <trkpt lat="33.60362" lon="-117.76793">
        <ele>169.06</ele>
        <time>2026-05-10T17:29:49Z</time>
      </trkpt>
      <trkpt lat="33.60365" lon="-117.76795">
        <ele>169.36</ele>
        <time>2026-05-10T17:29:52Z</time>
      </trkpt>
      <trkpt lat="33.60368" lon="-117.76796">
        <ele>169.72</ele>
        <time>2026-05-10T17:29:55Z</time>
      </trkpt>
      <trkpt lat="33.6037" lon="-117.76797">
        <ele>169.88</ele>
        <time>2026-05-10T17:29:58Z</time>
      </trkpt>
      <trkpt lat="33.60373" lon="-117.76798">
        <ele>169.92</ele>
        <time>2026-05-10T17:30:01Z</time>
      </trkpt>
      <trkpt lat="33.60376" lon="-117.76799">
        <ele>170.06</ele>
        <time>2026-05-10T17:30:04Z</time>
      </trkpt>
      <trkpt lat="33.60378" lon="-117.76801">
        <ele>170.33</ele>
        <time>2026-05-10T17:30:08Z</time>
      </trkpt>
      <trkpt lat="33.60381" lon="-117.76803">
        <ele>170.87</ele>
        <time>2026-05-10T17:30:13Z</time>
      </trkpt>
      <trkpt lat="33.60384" lon="-117.76804">
        <ele>171.3</ele>
        <time>2026-05-10T17:30:17Z</time>
      </trkpt>
      <trkpt lat="33.60387" lon="-117.76803">
        <ele>171.52</ele>
        <time>2026-05-10T17:30:21Z</time>
      </trkpt>
      <trkpt lat="33.6039" lon="-117.76801">
        <ele>171.63</ele>
        <time>2026-05-10T17:30:24Z</time>
      </trkpt>
      <trkpt lat="33.60393" lon="-117.76799">
        <ele>171.55</ele>
        <time>2026-05-10T17:30:28Z</time>
      </trkpt>
      <trkpt lat="33.60396" lon="-117.76799">
        <ele>171.74</ele>
        <time>2026-05-10T17:30:31Z</time>
      </trkpt>
      <trkpt lat="33.60399" lon="-117.76798">
        <ele>171.72</ele>
        <time>2026-05-10T17:30:35Z</time>
      </trkpt>
      <trkpt lat="33.60402" lon="-117.76798">
        <ele>172.31</ele>
        <time>2026-05-10T17:30:39Z</time>
      </trkpt>
      <trkpt lat="33.60406" lon="-117.76797">
        <ele>172.86</ele>
        <time>2026-05-10T17:30:43Z</time>
      </trkpt>
      <trkpt lat="33.60408" lon="-117.76796">
        <ele>173.13</ele>
        <time>2026-05-10T17:30:46Z</time>
      </trkpt>
      <trkpt lat="33.60411" lon="-117.76795">
        <ele>173.83</ele>
        <time>2026-05-10T17:30:49Z</time>
      </trkpt>
      <trkpt lat="33.60413" lon="-117.76793">
        <ele>173.88</ele>
        <time>2026-05-10T17:30:52Z</time>
      </trkpt>
      <trkpt lat="33.60416" lon="-117.76792">
        <ele>174.43</ele>
        <time>2026-05-10T17:30:55Z</time>
      </trkpt>
      <trkpt lat="33.60418" lon="-117.7679">
        <ele>174.39</ele>
        <time>2026-05-10T17:30:58Z</time>
      </trkpt>
      <trkpt lat="33.60421" lon="-117.76789">
        <ele>175.04</ele>
        <time>2026-05-10T17:31:01Z</time>
      </trkpt>
      <trkpt lat="33.60424" lon="-117.76787">
        <ele>175.36</ele>
        <time>2026-05-10T17:31:05Z</time>
      </trkpt>
      <trkpt lat="33.60425" lon="-117.7679">
        <ele>176.66</ele>
        <time>2026-05-10T17:31:11Z</time>
      </trkpt>
      <trkpt lat="33.60423" lon="-117.76793">
        <ele>176.98</ele>
        <time>2026-05-10T17:31:14Z</time>
      </trkpt>
      <trkpt lat="33.60421" lon="-117.76795">
        <ele>176.98</ele>
        <time>2026-05-10T17:31:18Z</time>
      </trkpt>
      <trkpt lat="33.60419" lon="-117.76797">
        <ele>176.93</ele>
        <time>2026-05-10T17:31:22Z</time>
      </trkpt>
      <trkpt lat="33.60417" lon="-117.768">
        <ele>176.92</ele>
        <time>2026-05-10T17:31:27Z</time>
      </trkpt>
      <trkpt lat="33.60416" lon="-117.76804">
        <ele>177.45</ele>
        <time>2026-05-10T17:31:31Z</time>
      </trkpt>
      <trkpt lat="33.60415" lon="-117.76808">
        <ele>177.77</ele>
        <time>2026-05-10T17:31:35Z</time>
      </trkpt>
      <trkpt lat="33.60414" lon="-117.76811">
        <ele>177.89</ele>
        <time>2026-05-10T17:31:39Z</time>
      </trkpt>
      <trkpt lat="33.60413" lon="-117.76815">
        <ele>178.24</ele>
        <time>2026-05-10T17:31:42Z</time>
      </trkpt>
      <trkpt lat="33.60412" lon="-117.76819">
        <ele>178.67</ele>
        <time>2026-05-10T17:31:45Z</time>
      </trkpt>
      <trkpt lat="33.60411" lon="-117.76822">
        <ele>178.85</ele>
        <time>2026-05-10T17:31:48Z</time>
      </trkpt>
      <trkpt lat="33.6041" lon="-117.76825">
        <ele>178.94</ele>
        <time>2026-05-10T17:31:53Z</time>
      </trkpt>
      <trkpt lat="33.60413" lon="-117.76826">
        <ele>180.02</ele>
        <time>2026-05-10T17:32:43Z</time>
      </trkpt>
      <trkpt lat="33.60416" lon="-117.76826">
        <ele>180.99</ele>
        <time>2026-05-10T17:32:49Z</time>
      </trkpt>
      <trkpt lat="33.60419" lon="-117.76824">
        <ele>181.74</ele>
        <time>2026-05-10T17:32:52Z</time>
      </trkpt>
      <trkpt lat="33.60422" lon="-117.76821">
        <ele>182.26</ele>
        <time>2026-05-10T17:32:55Z</time>
      </trkpt>
      <trkpt lat="33.60424" lon="-117.76818">
        <ele>182.58</ele>
        <time>2026-05-10T17:32:59Z</time>
      </trkpt>
      <trkpt lat="33.60426" lon="-117.76816">
        <ele>183.15</ele>
        <time>2026-05-10T17:33:03Z</time>
      </trkpt>
      <trkpt lat="33.60429" lon="-117.76813">
        <ele>183.73</ele>
        <time>2026-05-10T17:33:07Z</time>
      </trkpt>
      <trkpt lat="33.60431" lon="-117.7681">
        <ele>183.84</ele>
        <time>2026-05-10T17:33:11Z</time>
      </trkpt>
      <trkpt lat="33.60433" lon="-117.76807">
        <ele>183.8</ele>
        <time>2026-05-10T17:33:15Z</time>
      </trkpt>
      <trkpt lat="33.60435" lon="-117.76805">
        <ele>183.78</ele>
        <time>2026-05-10T17:33:19Z</time>
      </trkpt>
      <trkpt lat="33.60438" lon="-117.76804">
        <ele>184.16</ele>
        <time>2026-05-10T17:33:24Z</time>
      </trkpt>
      <trkpt lat="33.60441" lon="-117.76804">
        <ele>184.86</ele>
        <time>2026-05-10T17:33:29Z</time>
      </trkpt>
      <trkpt lat="33.60444" lon="-117.76804">
        <ele>185.56</ele>
        <time>2026-05-10T17:33:34Z</time>
      </trkpt>
      <trkpt lat="33.60447" lon="-117.76804">
        <ele>186.26</ele>
        <time>2026-05-10T17:33:38Z</time>
      </trkpt>
      <trkpt lat="33.60449" lon="-117.76803">
        <ele>186.57</ele>
        <time>2026-05-10T17:33:42Z</time>
      </trkpt>
      <trkpt lat="33.60452" lon="-117.76801">
        <ele>187.05</ele>
        <time>2026-05-10T17:33:46Z</time>
      </trkpt>
      <trkpt lat="33.60454" lon="-117.76798">
        <ele>187.25</ele>
        <time>2026-05-10T17:33:49Z</time>
      </trkpt>
      <trkpt lat="33.60457" lon="-117.76796">
        <ele>187.63</ele>
        <time>2026-05-10T17:33:53Z</time>
      </trkpt>
      <trkpt lat="33.6046" lon="-117.76797">
        <ele>188.44</ele>
        <time>2026-05-10T17:33:57Z</time>
      </trkpt>
      <trkpt lat="33.60459" lon="-117.76801">
        <ele>188.65</ele>
        <time>2026-05-10T17:34:22Z</time>
      </trkpt>
      <trkpt lat="33.60459" lon="-117.76804">
        <ele>188.98</ele>
        <time>2026-05-10T17:35:08Z</time>
      </trkpt>
      <trkpt lat="33.60459" lon="-117.76808">
        <ele>189.41</ele>
        <time>2026-05-10T17:35:12Z</time>
      </trkpt>
      <trkpt lat="33.60461" lon="-117.7681">
        <ele>190.06</ele>
        <time>2026-05-10T17:35:18Z</time>
      </trkpt>
      <trkpt lat="33.60464" lon="-117.76808">
        <ele>190.52</ele>
        <time>2026-05-10T17:35:21Z</time>
      </trkpt>
      <trkpt lat="33.60467" lon="-117.76806">
        <ele>190.94</ele>
        <time>2026-05-10T17:35:24Z</time>
      </trkpt>
      <trkpt lat="33.60469" lon="-117.76803">
        <ele>190.85</ele>
        <time>2026-05-10T17:35:27Z</time>
      </trkpt>
      <trkpt lat="33.60472" lon="-117.76801">
        <ele>190.98</ele>
        <time>2026-05-10T17:35:30Z</time>
      </trkpt>
      <trkpt lat="33.60474" lon="-117.76798">
        <ele>190.79</ele>
        <time>2026-05-10T17:35:34Z</time>
      </trkpt>
      <trkpt lat="33.60476" lon="-117.76796">
        <ele>190.69</ele>
        <time>2026-05-10T17:35:37Z</time>
      </trkpt>
      <trkpt lat="33.60478" lon="-117.76793">
        <ele>189.82</ele>
        <time>2026-05-10T17:35:41Z</time>
      </trkpt>
      <trkpt lat="33.60481" lon="-117.76789">
        <ele>188.74</ele>
        <time>2026-05-10T17:35:45Z</time>
      </trkpt>
      <trkpt lat="33.60483" lon="-117.76786">
        <ele>188.32</ele>
        <time>2026-05-10T17:35:48Z</time>
      </trkpt>
      <trkpt lat="33.60484" lon="-117.76782">
        <ele>187.46</ele>
        <time>2026-05-10T17:35:50Z</time>
      </trkpt>
      <trkpt lat="33.60486" lon="-117.7678">
        <ele>187.67</ele>
        <time>2026-05-10T17:35:52Z</time>
      </trkpt>
      <trkpt lat="33.60488" lon="-117.76776">
        <ele>187.43</ele>
        <time>2026-05-10T17:35:55Z</time>
      </trkpt>
      <trkpt lat="33.6049" lon="-117.76773">
        <ele>187.65</ele>
        <time>2026-05-10T17:35:58Z</time>
      </trkpt>
      <trkpt lat="33.60492" lon="-117.76771">
        <ele>187.81</ele>
        <time>2026-05-10T17:36:01Z</time>
      </trkpt>
      <trkpt lat="33.60495" lon="-117.76769">
        <ele>188.02</ele>
        <time>2026-05-10T17:36:04Z</time>
      </trkpt>
      <trkpt lat="33.60498" lon="-117.76771">
        <ele>189.1</ele>
        <time>2026-05-10T17:36:07Z</time>
      </trkpt>
      <trkpt lat="33.605" lon="-117.76773">
        <ele>189.97</ele>
        <time>2026-05-10T17:36:09Z</time>
      </trkpt>
      <trkpt lat="33.60503" lon="-117.76775">
        <ele>189.98</ele>
        <time>2026-05-10T17:36:11Z</time>
      </trkpt>
      <trkpt lat="33.60505" lon="-117.76778">
        <ele>190.52</ele>
        <time>2026-05-10T17:36:14Z</time>
      </trkpt>
      <trkpt lat="33.60508" lon="-117.7678">
        <ele>190.82</ele>
        <time>2026-05-10T17:36:17Z</time>
      </trkpt>
      <trkpt lat="33.6051" lon="-117.76781">
        <ele>190.8</ele>
        <time>2026-05-10T17:36:20Z</time>
      </trkpt>
      <trkpt lat="33.60513" lon="-117.76783">
        <ele>190.48</ele>
        <time>2026-05-10T17:36:23Z</time>
      </trkpt>
      <trkpt lat="33.60515" lon="-117.76785">
        <ele>190.48</ele>
        <time>2026-05-10T17:36:26Z</time>
      </trkpt>
      <trkpt lat="33.60518" lon="-117.76787">
        <ele>190.16</ele>
        <time>2026-05-10T17:36:29Z</time>
      </trkpt>
      <trkpt lat="33.6052" lon="-117.76789">
        <ele>190.49</ele>
        <time>2026-05-10T17:36:32Z</time>
      </trkpt>
      <trkpt lat="33.60523" lon="-117.76791">
        <ele>190.54</ele>
        <time>2026-05-10T17:36:35Z</time>
      </trkpt>
      <trkpt lat="33.60526" lon="-117.76792">
        <ele>190.09</ele>
        <time>2026-05-10T17:36:38Z</time>
      </trkpt>
      <trkpt lat="33.60528" lon="-117.76794">
        <ele>190.24</ele>
        <time>2026-05-10T17:36:41Z</time>
      </trkpt>
      <trkpt lat="33.60532" lon="-117.76795">
        <ele>190.19</ele>
        <time>2026-05-10T17:36:44Z</time>
      </trkpt>
      <trkpt lat="33.60534" lon="-117.76795">
        <ele>190.0</ele>
        <time>2026-05-10T17:36:46Z</time>
      </trkpt>
      <trkpt lat="33.60537" lon="-117.76794">
        <ele>189.51</ele>
        <time>2026-05-10T17:36:48Z</time>
      </trkpt>
      <trkpt lat="33.60541" lon="-117.76793">
        <ele>189.72</ele>
        <time>2026-05-10T17:36:51Z</time>
      </trkpt>
      <trkpt lat="33.60544" lon="-117.76793">
        <ele>190.04</ele>
        <time>2026-05-10T17:36:54Z</time>
      </trkpt>
      <trkpt lat="33.60547" lon="-117.76792">
        <ele>190.11</ele>
        <time>2026-05-10T17:36:57Z</time>
      </trkpt>
      <trkpt lat="33.60551" lon="-117.76791">
        <ele>190.07</ele>
        <time>2026-05-10T17:37:00Z</time>
      </trkpt>
      <trkpt lat="33.60554" lon="-117.7679">
        <ele>189.91</ele>
        <time>2026-05-10T17:37:03Z</time>
      </trkpt>
      <trkpt lat="33.60558" lon="-117.7679">
        <ele>189.96</ele>
        <time>2026-05-10T17:37:06Z</time>
      </trkpt>
      <trkpt lat="33.60561" lon="-117.76789">
        <ele>189.64</ele>
        <time>2026-05-10T17:37:09Z</time>
      </trkpt>
      <trkpt lat="33.60564" lon="-117.76789">
        <ele>189.64</ele>
        <time>2026-05-10T17:37:12Z</time>
      </trkpt>
      <trkpt lat="33.60567" lon="-117.76787">
        <ele>189.23</ele>
        <time>2026-05-10T17:37:15Z</time>
      </trkpt>
      <trkpt lat="33.60568" lon="-117.76784">
        <ele>188.79</ele>
        <time>2026-05-10T17:37:18Z</time>
      </trkpt>
      <trkpt lat="33.6057" lon="-117.76781">
        <ele>188.18</ele>
        <time>2026-05-10T17:37:21Z</time>
      </trkpt>
      <trkpt lat="33.60573" lon="-117.76779">
        <ele>187.48</ele>
        <time>2026-05-10T17:37:24Z</time>
      </trkpt>
      <trkpt lat="33.60575" lon="-117.76778">
        <ele>187.17</ele>
        <time>2026-05-10T17:37:27Z</time>
      </trkpt>
      <trkpt lat="33.60578" lon="-117.76777">
        <ele>187.17</ele>
        <time>2026-05-10T17:37:30Z</time>
      </trkpt>
      <trkpt lat="33.60581" lon="-117.76777">
        <ele>187.5</ele>
        <time>2026-05-10T17:37:33Z</time>
      </trkpt>
      <trkpt lat="33.60585" lon="-117.76777">
        <ele>187.75</ele>
        <time>2026-05-10T17:37:36Z</time>
      </trkpt>
      <trkpt lat="33.60588" lon="-117.76777">
        <ele>187.75</ele>
        <time>2026-05-10T17:37:39Z</time>
      </trkpt>
      <trkpt lat="33.60591" lon="-117.76776">
        <ele>187.42</ele>
        <time>2026-05-10T17:37:42Z</time>
      </trkpt>
      <trkpt lat="33.60594" lon="-117.76776">
        <ele>187.73</ele>
        <time>2026-05-10T17:37:45Z</time>
      </trkpt>
      <trkpt lat="33.60598" lon="-117.76776">
        <ele>188.59</ele>
        <time>2026-05-10T17:37:48Z</time>
      </trkpt>
      <trkpt lat="33.60601" lon="-117.76776">
        <ele>189.24</ele>
        <time>2026-05-10T17:37:51Z</time>
      </trkpt>
      <trkpt lat="33.60604" lon="-117.76776">
        <ele>189.47</ele>
        <time>2026-05-10T17:37:55Z</time>
      </trkpt>
      <trkpt lat="33.60607" lon="-117.76776">
        <ele>189.53</ele>
        <time>2026-05-10T17:37:59Z</time>
      </trkpt>
      <trkpt lat="33.6061" lon="-117.76778">
        <ele>190.07</ele>
        <time>2026-05-10T17:38:04Z</time>
      </trkpt>
      <trkpt lat="33.60613" lon="-117.76779">
        <ele>190.63</ele>
        <time>2026-05-10T17:38:08Z</time>
      </trkpt>
      <trkpt lat="33.60616" lon="-117.76777">
        <ele>190.36</ele>
        <time>2026-05-10T17:38:11Z</time>
      </trkpt>
      <trkpt lat="33.60618" lon="-117.76775">
        <ele>190.14</ele>
        <time>2026-05-10T17:38:14Z</time>
      </trkpt>
      <trkpt lat="33.60621" lon="-117.76773">
        <ele>190.14</ele>
        <time>2026-05-10T17:38:17Z</time>
      </trkpt>
      <trkpt lat="33.60624" lon="-117.7677">
        <ele>190.17</ele>
        <time>2026-05-10T17:38:20Z</time>
      </trkpt>
      <trkpt lat="33.60626" lon="-117.76767">
        <ele>189.82</ele>
        <time>2026-05-10T17:38:23Z</time>
      </trkpt>
      <trkpt lat="33.60628" lon="-117.76763">
        <ele>189.35</ele>
        <time>2026-05-10T17:38:26Z</time>
      </trkpt>
      <trkpt lat="33.60631" lon="-117.76761">
        <ele>189.7</ele>
        <time>2026-05-10T17:38:29Z</time>
      </trkpt>
      <trkpt lat="33.60633" lon="-117.76758">
        <ele>189.64</ele>
        <time>2026-05-10T17:38:33Z</time>
      </trkpt>
      <trkpt lat="33.60634" lon="-117.76755">
        <ele>189.7</ele>
        <time>2026-05-10T17:38:36Z</time>
      </trkpt>
      <trkpt lat="33.60635" lon="-117.76752">
        <ele>189.83</ele>
        <time>2026-05-10T17:38:39Z</time>
      </trkpt>
      <trkpt lat="33.60636" lon="-117.76748">
        <ele>190.06</ele>
        <time>2026-05-10T17:38:42Z</time>
      </trkpt>
      <trkpt lat="33.60637" lon="-117.76744">
        <ele>190.39</ele>
        <time>2026-05-10T17:38:45Z</time>
      </trkpt>
      <trkpt lat="33.60639" lon="-117.76742">
        <ele>191.01</ele>
        <time>2026-05-10T17:38:48Z</time>
      </trkpt>
      <trkpt lat="33.60643" lon="-117.76741">
        <ele>191.44</ele>
        <time>2026-05-10T17:38:51Z</time>
      </trkpt>
      <trkpt lat="33.60647" lon="-117.76742">
        <ele>191.88</ele>
        <time>2026-05-10T17:38:54Z</time>
      </trkpt>
      <trkpt lat="33.6065" lon="-117.76744">
        <ele>191.47</ele>
        <time>2026-05-10T17:38:57Z</time>
      </trkpt>
      <trkpt lat="33.60647" lon="-117.76745">
        <ele>191.88</ele>
        <time>2026-05-10T17:39:04Z</time>
      </trkpt>
      <trkpt lat="33.60644" lon="-117.76744">
        <ele>191.55</ele>
        <time>2026-05-10T17:39:10Z</time>
      </trkpt>
      <trkpt lat="33.60643" lon="-117.7674">
        <ele>191.33</ele>
        <time>2026-05-10T17:39:18Z</time>
      </trkpt>
      <trkpt lat="33.60643" lon="-117.76736">
        <ele>190.7</ele>
        <time>2026-05-10T17:39:21Z</time>
      </trkpt>
      <trkpt lat="33.60642" lon="-117.76732">
        <ele>190.07</ele>
        <time>2026-05-10T17:39:24Z</time>
      </trkpt>
      <trkpt lat="33.6064" lon="-117.76729">
        <ele>189.4</ele>
        <time>2026-05-10T17:39:27Z</time>
      </trkpt>
      <trkpt lat="33.60636" lon="-117.76728">
        <ele>188.74</ele>
        <time>2026-05-10T17:39:30Z</time>
      </trkpt>
      <trkpt lat="33.60634" lon="-117.76728">
        <ele>188.39</ele>
        <time>2026-05-10T17:39:32Z</time>
      </trkpt>
      <trkpt lat="33.60632" lon="-117.76731">
        <ele>188.45</ele>
        <time>2026-05-10T17:39:40Z</time>
      </trkpt>
      <trkpt lat="33.60631" lon="-117.76734">
        <ele>188.34</ele>
        <time>2026-05-10T17:39:44Z</time>
      </trkpt>
      <trkpt lat="33.60629" lon="-117.76737">
        <ele>187.8</ele>
        <time>2026-05-10T17:39:48Z</time>
      </trkpt>
      <trkpt lat="33.60628" lon="-117.7674">
        <ele>187.47</ele>
        <time>2026-05-10T17:39:51Z</time>
      </trkpt>
      <trkpt lat="33.60626" lon="-117.76744">
        <ele>186.96</ele>
        <time>2026-05-10T17:39:54Z</time>
      </trkpt>
      <trkpt lat="33.60624" lon="-117.76747">
        <ele>186.59</ele>
        <time>2026-05-10T17:39:57Z</time>
      </trkpt>
      <trkpt lat="33.60622" lon="-117.7675">
        <ele>186.35</ele>
        <time>2026-05-10T17:40:00Z</time>
      </trkpt>
      <trkpt lat="33.60621" lon="-117.76753">
        <ele>186.16</ele>
        <time>2026-05-10T17:40:03Z</time>
      </trkpt>
      <trkpt lat="33.60619" lon="-117.76756">
        <ele>185.8</ele>
        <time>2026-05-10T17:40:07Z</time>
      </trkpt>
      <trkpt lat="33.60616" lon="-117.76756">
        <ele>185.36</ele>
        <time>2026-05-10T17:40:12Z</time>
      </trkpt>
      <trkpt lat="33.60615" lon="-117.76752">
        <ele>184.97</ele>
        <time>2026-05-10T17:40:14Z</time>
      </trkpt>
      <trkpt lat="33.60614" lon="-117.76748">
        <ele>184.26</ele>
        <time>2026-05-10T17:40:16Z</time>
      </trkpt>
      <trkpt lat="33.60613" lon="-117.76743">
        <ele>183.05</ele>
        <time>2026-05-10T17:40:19Z</time>
      </trkpt>
      <trkpt lat="33.60613" lon="-117.76739">
        <ele>182.61</ele>
        <time>2026-05-10T17:40:22Z</time>
      </trkpt>
      <trkpt lat="33.60615" lon="-117.76736">
        <ele>183.26</ele>
        <time>2026-05-10T17:40:24Z</time>
      </trkpt>
      <trkpt lat="33.60617" lon="-117.76732">
        <ele>183.91</ele>
        <time>2026-05-10T17:40:26Z</time>
      </trkpt>
      <trkpt lat="33.60618" lon="-117.76729">
        <ele>184.03</ele>
        <time>2026-05-10T17:40:28Z</time>
      </trkpt>
      <trkpt lat="33.6062" lon="-117.76726">
        <ele>184.31</ele>
        <time>2026-05-10T17:40:30Z</time>
      </trkpt>
      <trkpt lat="33.60622" lon="-117.76724">
        <ele>184.72</ele>
        <time>2026-05-10T17:40:32Z</time>
      </trkpt>
      <trkpt lat="33.60625" lon="-117.76721">
        <ele>185.3</ele>
        <time>2026-05-10T17:40:35Z</time>
      </trkpt>
      <trkpt lat="33.60627" lon="-117.76718">
        <ele>185.37</ele>
        <time>2026-05-10T17:40:38Z</time>
      </trkpt>
      <trkpt lat="33.60629" lon="-117.76715">
        <ele>185.29</ele>
        <time>2026-05-10T17:40:41Z</time>
      </trkpt>
      <trkpt lat="33.60632" lon="-117.76713">
        <ele>185.26</ele>
        <time>2026-05-10T17:40:45Z</time>
      </trkpt>
      <trkpt lat="33.60635" lon="-117.76712">
        <ele>185.33</ele>
        <time>2026-05-10T17:40:50Z</time>
      </trkpt>
      <trkpt lat="33.60637" lon="-117.7671">
        <ele>185.09</ele>
        <time>2026-05-10T17:40:54Z</time>
      </trkpt>
      <trkpt lat="33.60638" lon="-117.76707">
        <ele>184.55</ele>
        <time>2026-05-10T17:40:58Z</time>
      </trkpt>
      <trkpt lat="33.60637" lon="-117.76703">
        <ele>183.44</ele>
        <time>2026-05-10T17:41:01Z</time>
      </trkpt>
      <trkpt lat="33.60637" lon="-117.76699">
        <ele>182.58</ele>
        <time>2026-05-10T17:41:04Z</time>
      </trkpt>
      <trkpt lat="33.60637" lon="-117.76696">
        <ele>181.93</ele>
        <time>2026-05-10T17:41:07Z</time>
      </trkpt>
      <trkpt lat="33.60637" lon="-117.76692">
        <ele>181.54</ele>
        <time>2026-05-10T17:41:10Z</time>
      </trkpt>
      <trkpt lat="33.60638" lon="-117.76688">
        <ele>181.74</ele>
        <time>2026-05-10T17:41:13Z</time>
      </trkpt>
      <trkpt lat="33.6064" lon="-117.76685">
        <ele>182.1</ele>
        <time>2026-05-10T17:41:16Z</time>
      </trkpt>
      <trkpt lat="33.60642" lon="-117.76681">
        <ele>182.19</ele>
        <time>2026-05-10T17:41:19Z</time>
      </trkpt>
      <trkpt lat="33.60643" lon="-117.76677">
        <ele>182.34</ele>
        <time>2026-05-10T17:41:22Z</time>
      </trkpt>
      <trkpt lat="33.60645" lon="-117.76674">
        <ele>182.98</ele>
        <time>2026-05-10T17:41:24Z</time>
      </trkpt>
      <trkpt lat="33.60645" lon="-117.76671">
        <ele>182.98</ele>
        <time>2026-05-10T17:41:26Z</time>
      </trkpt>
      <trkpt lat="33.60645" lon="-117.76667">
        <ele>182.98</ele>
        <time>2026-05-10T17:41:28Z</time>
      </trkpt>
      <trkpt lat="33.60644" lon="-117.76664">
        <ele>182.66</ele>
        <time>2026-05-10T17:41:30Z</time>
      </trkpt>
      <trkpt lat="33.60643" lon="-117.7666">
        <ele>182.33</ele>
        <time>2026-05-10T17:41:33Z</time>
      </trkpt>
      <trkpt lat="33.60642" lon="-117.76656">
        <ele>182.11</ele>
        <time>2026-05-10T17:41:36Z</time>
      </trkpt>
      <trkpt lat="33.60642" lon="-117.76652">
        <ele>182.4</ele>
        <time>2026-05-10T17:41:39Z</time>
      </trkpt>
      <trkpt lat="33.60643" lon="-117.76648">
        <ele>182.87</ele>
        <time>2026-05-10T17:41:42Z</time>
      </trkpt>
      <trkpt lat="33.60644" lon="-117.76644">
        <ele>182.66</ele>
        <time>2026-05-10T17:41:45Z</time>
      </trkpt>
      <trkpt lat="33.60647" lon="-117.76641">
        <ele>182.98</ele>
        <time>2026-05-10T17:41:48Z</time>
      </trkpt>
      <trkpt lat="33.60651" lon="-117.7664">
        <ele>183.39</ele>
        <time>2026-05-10T17:41:50Z</time>
      </trkpt>
      <trkpt lat="33.60654" lon="-117.7664">
        <ele>183.68</ele>
        <time>2026-05-10T17:41:52Z</time>
      </trkpt>
      <trkpt lat="33.60654" lon="-117.76636">
        <ele>183.12</ele>
        <time>2026-05-10T17:41:56Z</time>
      </trkpt>
      <trkpt lat="33.60652" lon="-117.76634">
        <ele>182.67</ele>
        <time>2026-05-10T17:41:58Z</time>
      </trkpt>
      <trkpt lat="33.6065" lon="-117.76631">
        <ele>182.18</ele>
        <time>2026-05-10T17:42:01Z</time>
      </trkpt>
      <trkpt lat="33.60648" lon="-117.76628">
        <ele>181.62</ele>
        <time>2026-05-10T17:42:04Z</time>
      </trkpt>
      <trkpt lat="33.60644" lon="-117.76628">
        <ele>180.83</ele>
        <time>2026-05-10T17:42:07Z</time>
      </trkpt>
      <trkpt lat="33.60641" lon="-117.76627">
        <ele>180.11</ele>
        <time>2026-05-10T17:42:10Z</time>
      </trkpt>
      <trkpt lat="33.60639" lon="-117.76628">
        <ele>179.85</ele>
        <time>2026-05-10T17:42:13Z</time>
      </trkpt>
      <trkpt lat="33.60637" lon="-117.76631">
        <ele>179.74</ele>
        <time>2026-05-10T17:42:15Z</time>
      </trkpt>
      <trkpt lat="33.60635" lon="-117.76634">
        <ele>179.63</ele>
        <time>2026-05-10T17:42:17Z</time>
      </trkpt>
      <trkpt lat="33.60632" lon="-117.76637">
        <ele>179.31</ele>
        <time>2026-05-10T17:42:20Z</time>
      </trkpt>
      <trkpt lat="33.6063" lon="-117.76636">
        <ele>178.77</ele>
        <time>2026-05-10T17:42:24Z</time>
      </trkpt>
      <trkpt lat="33.60629" lon="-117.76632">
        <ele>178.05</ele>
        <time>2026-05-10T17:42:26Z</time>
      </trkpt>
      <trkpt lat="33.6063" lon="-117.76629">
        <ele>178.01</ele>
        <time>2026-05-10T17:42:28Z</time>
      </trkpt>
      <trkpt lat="33.6063" lon="-117.76625">
        <ele>177.58</ele>
        <time>2026-05-10T17:42:31Z</time>
      </trkpt>
      <trkpt lat="33.60631" lon="-117.76621">
        <ele>177.36</ele>
        <time>2026-05-10T17:42:34Z</time>
      </trkpt>
      <trkpt lat="33.60631" lon="-117.76618">
        <ele>177.04</ele>
        <time>2026-05-10T17:42:37Z</time>
      </trkpt>
      <trkpt lat="33.60631" lon="-117.76614">
        <ele>176.61</ele>
        <time>2026-05-10T17:42:40Z</time>
      </trkpt>
      <trkpt lat="33.60632" lon="-117.76611">
        <ele>176.5</ele>
        <time>2026-05-10T17:42:43Z</time>
      </trkpt>
      <trkpt lat="33.6063" lon="-117.76607">
        <ele>175.62</ele>
        <time>2026-05-10T17:42:46Z</time>
      </trkpt>
      <trkpt lat="33.60628" lon="-117.76604">
        <ele>174.84</ele>
        <time>2026-05-10T17:42:49Z</time>
      </trkpt>
      <trkpt lat="33.60627" lon="-117.76601">
        <ele>174.34</ele>
        <time>2026-05-10T17:42:52Z</time>
      </trkpt>
      <trkpt lat="33.60627" lon="-117.76597">
        <ele>173.91</ele>
        <time>2026-05-10T17:42:55Z</time>
      </trkpt>
      <trkpt lat="33.60629" lon="-117.76594">
        <ele>174.02</ele>
        <time>2026-05-10T17:42:58Z</time>
      </trkpt>
      <trkpt lat="33.60632" lon="-117.76591">
        <ele>173.48</ele>
        <time>2026-05-10T17:43:01Z</time>
      </trkpt>
      <trkpt lat="33.60635" lon="-117.76592">
        <ele>173.81</ele>
        <time>2026-05-10T17:43:04Z</time>
      </trkpt>
      <trkpt lat="33.60638" lon="-117.76594">
        <ele>174.29</ele>
        <time>2026-05-10T17:43:06Z</time>
      </trkpt>
      <trkpt lat="33.60641" lon="-117.76594">
        <ele>174.11</ele>
        <time>2026-05-10T17:43:08Z</time>
      </trkpt>
      <trkpt lat="33.60644" lon="-117.76594">
        <ele>173.84</ele>
        <time>2026-05-10T17:43:10Z</time>
      </trkpt>
      <trkpt lat="33.60647" lon="-117.76594">
        <ele>173.56</ele>
        <time>2026-05-10T17:43:12Z</time>
      </trkpt>
      <trkpt lat="33.60651" lon="-117.76594">
        <ele>173.15</ele>
        <time>2026-05-10T17:43:15Z</time>
      </trkpt>
      <trkpt lat="33.60653" lon="-117.76593">
        <ele>172.61</ele>
        <time>2026-05-10T17:43:18Z</time>
      </trkpt>
      <trkpt lat="33.60655" lon="-117.7659">
        <ele>171.7</ele>
        <time>2026-05-10T17:43:22Z</time>
      </trkpt>
      <trkpt lat="33.60654" lon="-117.76587">
        <ele>171.16</ele>
        <time>2026-05-10T17:43:24Z</time>
      </trkpt>
      <trkpt lat="33.60651" lon="-117.76584">
        <ele>170.84</ele>
        <time>2026-05-10T17:43:26Z</time>
      </trkpt>
      <trkpt lat="33.60647" lon="-117.76583">
        <ele>170.93</ele>
        <time>2026-05-10T17:43:28Z</time>
      </trkpt>
      <trkpt lat="33.60644" lon="-117.76581">
        <ele>170.5</ele>
        <time>2026-05-10T17:43:30Z</time>
      </trkpt>
      <trkpt lat="33.60641" lon="-117.7658">
        <ele>170.28</ele>
        <time>2026-05-10T17:43:32Z</time>
      </trkpt>
      <trkpt lat="33.60638" lon="-117.76579">
        <ele>170.06</ele>
        <time>2026-05-10T17:43:34Z</time>
      </trkpt>
      <trkpt lat="33.60635" lon="-117.76579">
        <ele>170.06</ele>
        <time>2026-05-10T17:43:36Z</time>
      </trkpt>
      <trkpt lat="33.60632" lon="-117.76578">
        <ele>169.85</ele>
        <time>2026-05-10T17:43:38Z</time>
      </trkpt>
      <trkpt lat="33.60628" lon="-117.76578">
        <ele>169.67</ele>
        <time>2026-05-10T17:43:41Z</time>
      </trkpt>
      <trkpt lat="33.60625" lon="-117.76578">
        <ele>169.35</ele>
        <time>2026-05-10T17:43:44Z</time>
      </trkpt>
      <trkpt lat="33.60621" lon="-117.76578">
        <ele>168.92</ele>
        <time>2026-05-10T17:43:47Z</time>
      </trkpt>
      <trkpt lat="33.60618" lon="-117.76578">
        <ele>168.59</ele>
        <time>2026-05-10T17:43:50Z</time>
      </trkpt>
      <trkpt lat="33.60615" lon="-117.76578">
        <ele>168.27</ele>
        <time>2026-05-10T17:43:53Z</time>
      </trkpt>
      <trkpt lat="33.60611" lon="-117.76579">
        <ele>168.04</ele>
        <time>2026-05-10T17:43:56Z</time>
      </trkpt>
      <trkpt lat="33.60611" lon="-117.76576">
        <ele>167.39</ele>
        <time>2026-05-10T17:44:01Z</time>
      </trkpt>
      <trkpt lat="33.60613" lon="-117.76574">
        <ele>167.19</ele>
        <time>2026-05-10T17:44:03Z</time>
      </trkpt>
      <trkpt lat="33.60617" lon="-117.76573">
        <ele>167.4</ele>
        <time>2026-05-10T17:44:05Z</time>
      </trkpt>
      <trkpt lat="33.6062" lon="-117.76572">
        <ele>167.51</ele>
        <time>2026-05-10T17:44:07Z</time>
      </trkpt>
      <trkpt lat="33.60623" lon="-117.76571">
        <ele>167.53</ele>
        <time>2026-05-10T17:44:09Z</time>
      </trkpt>
      <trkpt lat="33.60625" lon="-117.76571">
        <ele>167.67</ele>
        <time>2026-05-10T17:44:11Z</time>
      </trkpt>
      <trkpt lat="33.60629" lon="-117.76569">
        <ele>167.33</ele>
        <time>2026-05-10T17:44:14Z</time>
      </trkpt>
      <trkpt lat="33.60632" lon="-117.76567">
        <ele>166.9</ele>
        <time>2026-05-10T17:44:17Z</time>
      </trkpt>
      <trkpt lat="33.60636" lon="-117.76566">
        <ele>166.98</ele>
        <time>2026-05-10T17:44:20Z</time>
      </trkpt>
      <trkpt lat="33.60639" lon="-117.76565">
        <ele>167.04</ele>
        <time>2026-05-10T17:44:23Z</time>
      </trkpt>
      <trkpt lat="33.60643" lon="-117.76563">
        <ele>166.5</ele>
        <time>2026-05-10T17:44:26Z</time>
      </trkpt>
      <trkpt lat="33.60646" lon="-117.76562">
        <ele>166.32</ele>
        <time>2026-05-10T17:44:29Z</time>
      </trkpt>
      <trkpt lat="33.60649" lon="-117.76561">
        <ele>166.08</ele>
        <time>2026-05-10T17:44:32Z</time>
      </trkpt>
      <trkpt lat="33.60652" lon="-117.76559">
        <ele>165.33</ele>
        <time>2026-05-10T17:44:35Z</time>
      </trkpt>
      <trkpt lat="33.60655" lon="-117.76558">
        <ele>164.79</ele>
        <time>2026-05-10T17:44:38Z</time>
      </trkpt>
      <trkpt lat="33.60658" lon="-117.76558">
        <ele>164.45</ele>
        <time>2026-05-10T17:44:41Z</time>
      </trkpt>
      <trkpt lat="33.60661" lon="-117.76559">
        <ele>164.21</ele>
        <time>2026-05-10T17:44:44Z</time>
      </trkpt>
      <trkpt lat="33.60664" lon="-117.76558">
        <ele>163.63</ele>
        <time>2026-05-10T17:44:47Z</time>
      </trkpt>
      <trkpt lat="33.60662" lon="-117.76553">
        <ele>162.95</ele>
        <time>2026-05-10T17:44:50Z</time>
      </trkpt>
      <trkpt lat="33.60659" lon="-117.76552">
        <ele>163.06</ele>
        <time>2026-05-10T17:44:51Z</time>
      </trkpt>
      <trkpt lat="33.60655" lon="-117.7655">
        <ele>162.9</ele>
        <time>2026-05-10T17:44:53Z</time>
      </trkpt>
      <trkpt lat="33.60651" lon="-117.76548">
        <ele>162.5</ele>
        <time>2026-05-10T17:44:55Z</time>
      </trkpt>
      <trkpt lat="33.60648" lon="-117.76547">
        <ele>162.23</ele>
        <time>2026-05-10T17:44:57Z</time>
      </trkpt>
      <trkpt lat="33.60645" lon="-117.76546">
        <ele>161.94</ele>
        <time>2026-05-10T17:44:59Z</time>
      </trkpt>
      <trkpt lat="33.60642" lon="-117.76546">
        <ele>161.94</ele>
        <time>2026-05-10T17:45:01Z</time>
      </trkpt>
      <trkpt lat="33.60639" lon="-117.76546">
        <ele>161.94</ele>
        <time>2026-05-10T17:45:04Z</time>
      </trkpt>
      <trkpt lat="33.60636" lon="-117.76545">
        <ele>161.72</ele>
        <time>2026-05-10T17:45:07Z</time>
      </trkpt>
      <trkpt lat="33.60633" lon="-117.76543">
        <ele>161.29</ele>
        <time>2026-05-10T17:45:10Z</time>
      </trkpt>
      <trkpt lat="33.6063" lon="-117.76541">
        <ele>160.86</ele>
        <time>2026-05-10T17:45:13Z</time>
      </trkpt>
      <trkpt lat="33.60626" lon="-117.76541">
        <ele>160.86</ele>
        <time>2026-05-10T17:45:16Z</time>
      </trkpt>
      <trkpt lat="33.60623" lon="-117.76542">
        <ele>161.07</ele>
        <time>2026-05-10T17:45:19Z</time>
      </trkpt>
      <trkpt lat="33.6062" lon="-117.76543">
        <ele>161.25</ele>
        <time>2026-05-10T17:45:22Z</time>
      </trkpt>
      <trkpt lat="33.60616" lon="-117.76544">
        <ele>161.03</ele>
        <time>2026-05-10T17:45:25Z</time>
      </trkpt>
      <trkpt lat="33.60613" lon="-117.76545">
        <ele>160.92</ele>
        <time>2026-05-10T17:45:28Z</time>
      </trkpt>
      <trkpt lat="33.60609" lon="-117.76546">
        <ele>160.71</ele>
        <time>2026-05-10T17:45:31Z</time>
      </trkpt>
      <trkpt lat="33.60606" lon="-117.76545">
        <ele>160.17</ele>
        <time>2026-05-10T17:45:34Z</time>
      </trkpt>
      <trkpt lat="33.60606" lon="-117.76541">
        <ele>159.3</ele>
        <time>2026-05-10T17:45:37Z</time>
      </trkpt>
      <trkpt lat="33.60609" lon="-117.76538">
        <ele>158.98</ele>
        <time>2026-05-10T17:45:39Z</time>
      </trkpt>
      <trkpt lat="33.6061" lon="-117.76535">
        <ele>158.44</ele>
        <time>2026-05-10T17:45:42Z</time>
      </trkpt>
      <trkpt lat="33.60613" lon="-117.76533">
        <ele>158.33</ele>
        <time>2026-05-10T17:45:45Z</time>
      </trkpt>
      <trkpt lat="33.60616" lon="-117.76531">
        <ele>158.22</ele>
        <time>2026-05-10T17:45:48Z</time>
      </trkpt>
      <trkpt lat="33.60619" lon="-117.76529">
        <ele>158.12</ele>
        <time>2026-05-10T17:45:51Z</time>
      </trkpt>
      <trkpt lat="33.60623" lon="-117.76527">
        <ele>157.77</ele>
        <time>2026-05-10T17:45:54Z</time>
      </trkpt>
      <trkpt lat="33.60626" lon="-117.76526">
        <ele>157.54</ele>
        <time>2026-05-10T17:45:57Z</time>
      </trkpt>
      <trkpt lat="33.60629" lon="-117.76524">
        <ele>157.16</ele>
        <time>2026-05-10T17:46:00Z</time>
      </trkpt>
      <trkpt lat="33.60633" lon="-117.76522">
        <ele>156.75</ele>
        <time>2026-05-10T17:46:03Z</time>
      </trkpt>
      <trkpt lat="33.60636" lon="-117.7652">
        <ele>156.32</ele>
        <time>2026-05-10T17:46:06Z</time>
      </trkpt>
      <trkpt lat="33.60639" lon="-117.76519">
        <ele>156.1</ele>
        <time>2026-05-10T17:46:09Z</time>
      </trkpt>
      <trkpt lat="33.60643" lon="-117.76521">
        <ele>156.54</ele>
        <time>2026-05-10T17:46:12Z</time>
      </trkpt>
      <trkpt lat="33.60646" lon="-117.76521">
        <ele>156.54</ele>
        <time>2026-05-10T17:46:15Z</time>
      </trkpt>
      <trkpt lat="33.60649" lon="-117.7652">
        <ele>156.23</ele>
        <time>2026-05-10T17:46:18Z</time>
      </trkpt>
      <trkpt lat="33.60652" lon="-117.76519">
        <ele>155.69</ele>
        <time>2026-05-10T17:46:21Z</time>
      </trkpt>
      <trkpt lat="33.60655" lon="-117.76519">
        <ele>155.36</ele>
        <time>2026-05-10T17:46:24Z</time>
      </trkpt>
      <trkpt lat="33.60658" lon="-117.76518">
        <ele>154.95</ele>
        <time>2026-05-10T17:46:27Z</time>
      </trkpt>
      <trkpt lat="33.6066" lon="-117.76516">
        <ele>154.66</ele>
        <time>2026-05-10T17:46:30Z</time>
      </trkpt>
      <trkpt lat="33.60658" lon="-117.76512">
        <ele>153.61</ele>
        <time>2026-05-10T17:46:32Z</time>
      </trkpt>
      <trkpt lat="33.60655" lon="-117.76508">
        <ele>153.02</ele>
        <time>2026-05-10T17:46:34Z</time>
      </trkpt>
      <trkpt lat="33.60652" lon="-117.76506">
        <ele>153.09</ele>
        <time>2026-05-10T17:46:36Z</time>
      </trkpt>
      <trkpt lat="33.6065" lon="-117.76503">
        <ele>152.99</ele>
        <time>2026-05-10T17:46:38Z</time>
      </trkpt>
      <trkpt lat="33.60649" lon="-117.765">
        <ele>152.82</ele>
        <time>2026-05-10T17:46:40Z</time>
      </trkpt>
      <trkpt lat="33.60647" lon="-117.76496">
        <ele>152.19</ele>
        <time>2026-05-10T17:46:43Z</time>
      </trkpt>
      <trkpt lat="33.60645" lon="-117.76492">
        <ele>151.57</ele>
        <time>2026-05-10T17:46:46Z</time>
      </trkpt>
      <trkpt lat="33.60643" lon="-117.76489">
        <ele>151.26</ele>
        <time>2026-05-10T17:46:49Z</time>
      </trkpt>
      <trkpt lat="33.60641" lon="-117.76486">
        <ele>150.86</ele>
        <time>2026-05-10T17:46:52Z</time>
      </trkpt>
      <trkpt lat="33.60638" lon="-117.76484">
        <ele>150.52</ele>
        <time>2026-05-10T17:46:55Z</time>
      </trkpt>
      <trkpt lat="33.60636" lon="-117.76483">
        <ele>150.28</ele>
        <time>2026-05-10T17:46:58Z</time>
      </trkpt>
      <trkpt lat="33.60633" lon="-117.7648">
        <ele>149.74</ele>
        <time>2026-05-10T17:47:01Z</time>
      </trkpt>
      <trkpt lat="33.60632" lon="-117.76476">
        <ele>148.97</ele>
        <time>2026-05-10T17:47:04Z</time>
      </trkpt>
      <trkpt lat="33.60631" lon="-117.76473">
        <ele>148.3</ele>
        <time>2026-05-10T17:47:07Z</time>
      </trkpt>
      <trkpt lat="33.6063" lon="-117.76469">
        <ele>147.69</ele>
        <time>2026-05-10T17:47:10Z</time>
      </trkpt>
      <trkpt lat="33.60631" lon="-117.76466">
        <ele>147.48</ele>
        <time>2026-05-10T17:47:13Z</time>
      </trkpt>
      <trkpt lat="33.60633" lon="-117.76462">
        <ele>147.26</ele>
        <time>2026-05-10T17:47:16Z</time>
      </trkpt>
      <trkpt lat="33.60633" lon="-117.76459">
        <ele>146.94</ele>
        <time>2026-05-10T17:47:19Z</time>
      </trkpt>
      <trkpt lat="33.60634" lon="-117.76456">
        <ele>146.72</ele>
        <time>2026-05-10T17:47:22Z</time>
      </trkpt>
      <trkpt lat="33.60635" lon="-117.76452">
        <ele>146.4</ele>
        <time>2026-05-10T17:47:26Z</time>
      </trkpt>
      <trkpt lat="33.60636" lon="-117.76448">
        <ele>146.07</ele>
        <time>2026-05-10T17:47:30Z</time>
      </trkpt>
      <trkpt lat="33.60635" lon="-117.76444">
        <ele>145.56</ele>
        <time>2026-05-10T17:47:33Z</time>
      </trkpt>
      <trkpt lat="33.60635" lon="-117.7644">
        <ele>145.38</ele>
        <time>2026-05-10T17:47:36Z</time>
      </trkpt>
      <trkpt lat="33.60636" lon="-117.76437">
        <ele>145.44</ele>
        <time>2026-05-10T17:47:39Z</time>
      </trkpt>
      <trkpt lat="33.60639" lon="-117.76434">
        <ele>145.86</ele>
        <time>2026-05-10T17:47:42Z</time>
      </trkpt>
      <trkpt lat="33.60641" lon="-117.76431">
        <ele>145.32</ele>
        <time>2026-05-10T17:47:45Z</time>
      </trkpt>
      <trkpt lat="33.60642" lon="-117.76428">
        <ele>144.89</ele>
        <time>2026-05-10T17:47:48Z</time>
      </trkpt>
      <trkpt lat="33.60642" lon="-117.76424">
        <ele>144.66</ele>
        <time>2026-05-10T17:47:51Z</time>
      </trkpt>
      <trkpt lat="33.60641" lon="-117.76419">
        <ele>144.77</ele>
        <time>2026-05-10T17:47:54Z</time>
      </trkpt>
      <trkpt lat="33.6064" lon="-117.76414">
        <ele>144.88</ele>
        <time>2026-05-10T17:47:57Z</time>
      </trkpt>
      <trkpt lat="33.60638" lon="-117.7641">
        <ele>144.97</ele>
        <time>2026-05-10T17:48:00Z</time>
      </trkpt>
      <trkpt lat="33.60637" lon="-117.76406">
        <ele>145.0</ele>
        <time>2026-05-10T17:48:03Z</time>
      </trkpt>
      <trkpt lat="33.60636" lon="-117.76401">
        <ele>145.0</ele>
        <time>2026-05-10T17:48:06Z</time>
      </trkpt>
      <trkpt lat="33.60635" lon="-117.76397">
        <ele>145.0</ele>
        <time>2026-05-10T17:48:09Z</time>
      </trkpt>
      <trkpt lat="33.60635" lon="-117.76392">
        <ele>145.0</ele>
        <time>2026-05-10T17:48:12Z</time>
      </trkpt>
      <trkpt lat="33.60633" lon="-117.76389">
        <ele>145.0</ele>
        <time>2026-05-10T17:48:15Z</time>
      </trkpt>
      <trkpt lat="33.6063" lon="-117.76388">
        <ele>145.0</ele>
        <time>2026-05-10T17:48:17Z</time>
      </trkpt>
      <trkpt lat="33.60628" lon="-117.76384">
        <ele>144.74</ele>
        <time>2026-05-10T17:48:20Z</time>
      </trkpt>
      <trkpt lat="33.60626" lon="-117.7638">
        <ele>144.59</ele>
        <time>2026-05-10T17:48:23Z</time>
      </trkpt>
      <trkpt lat="33.60625" lon="-117.76376">
        <ele>144.3</ele>
        <time>2026-05-10T17:48:26Z</time>
      </trkpt>
      <trkpt lat="33.60623" lon="-117.76374">
        <ele>144.11</ele>
        <time>2026-05-10T17:48:29Z</time>
      </trkpt>
      <trkpt lat="33.6062" lon="-117.76372">
        <ele>143.89</ele>
        <time>2026-05-10T17:48:32Z</time>
      </trkpt>
      <trkpt lat="33.60618" lon="-117.7637">
        <ele>143.21</ele>
        <time>2026-05-10T17:48:35Z</time>
      </trkpt>
      <trkpt lat="33.60616" lon="-117.76366">
        <ele>142.56</ele>
        <time>2026-05-10T17:48:39Z</time>
      </trkpt>
      <trkpt lat="33.60617" lon="-117.76363">
        <ele>142.69</ele>
        <time>2026-05-10T17:48:42Z</time>
      </trkpt>
      <trkpt lat="33.60618" lon="-117.7636">
        <ele>142.71</ele>
        <time>2026-05-10T17:48:44Z</time>
      </trkpt>
      <trkpt lat="33.60619" lon="-117.76356">
        <ele>142.77</ele>
        <time>2026-05-10T17:48:46Z</time>
      </trkpt>
      <trkpt lat="33.6062" lon="-117.76353">
        <ele>142.92</ele>
        <time>2026-05-10T17:48:48Z</time>
      </trkpt>
      <trkpt lat="33.60621" lon="-117.7635">
        <ele>142.8</ele>
        <time>2026-05-10T17:48:50Z</time>
      </trkpt>
      <trkpt lat="33.60621" lon="-117.76345">
        <ele>142.26</ele>
        <time>2026-05-10T17:48:53Z</time>
      </trkpt>
      <trkpt lat="33.60621" lon="-117.7634">
        <ele>141.98</ele>
        <time>2026-05-10T17:48:56Z</time>
      </trkpt>
      <trkpt lat="33.60623" lon="-117.76337">
        <ele>141.83</ele>
        <time>2026-05-10T17:48:59Z</time>
      </trkpt>
      <trkpt lat="33.60626" lon="-117.76336">
        <ele>141.57</ele>
        <time>2026-05-10T17:49:01Z</time>
      </trkpt>
      <trkpt lat="33.60629" lon="-117.76338">
        <ele>141.54</ele>
        <time>2026-05-10T17:49:03Z</time>
      </trkpt>
      <trkpt lat="33.60632" lon="-117.7634">
        <ele>141.46</ele>
        <time>2026-05-10T17:49:05Z</time>
      </trkpt>
      <trkpt lat="33.60634" lon="-117.76342">
        <ele>141.46</ele>
        <time>2026-05-10T17:49:07Z</time>
      </trkpt>
      <trkpt lat="33.60637" lon="-117.76343">
        <ele>141.25</ele>
        <time>2026-05-10T17:49:09Z</time>
      </trkpt>
      <trkpt lat="33.6064" lon="-117.76345">
        <ele>141.02</ele>
        <time>2026-05-10T17:49:12Z</time>
      </trkpt>
      <trkpt lat="33.60643" lon="-117.76347">
        <ele>140.59</ele>
        <time>2026-05-10T17:49:15Z</time>
      </trkpt>
      <trkpt lat="33.60646" lon="-117.76348">
        <ele>140.05</ele>
        <time>2026-05-10T17:49:18Z</time>
      </trkpt>
      <trkpt lat="33.6065" lon="-117.76348">
        <ele>139.07</ele>
        <time>2026-05-10T17:49:21Z</time>
      </trkpt>
      <trkpt lat="33.60651" lon="-117.76345">
        <ele>138.56</ele>
        <time>2026-05-10T17:49:23Z</time>
      </trkpt>
      <trkpt lat="33.60649" lon="-117.76339">
        <ele>138.43</ele>
        <time>2026-05-10T17:49:25Z</time>
      </trkpt>
      <trkpt lat="33.60647" lon="-117.76334">
        <ele>138.32</ele>
        <time>2026-05-10T17:49:27Z</time>
      </trkpt>
      <trkpt lat="33.60645" lon="-117.76331">
        <ele>138.43</ele>
        <time>2026-05-10T17:49:29Z</time>
      </trkpt>
      <trkpt lat="33.60643" lon="-117.76328">
        <ele>138.54</ele>
        <time>2026-05-10T17:49:31Z</time>
      </trkpt>
      <trkpt lat="33.60641" lon="-117.76325">
        <ele>138.64</ele>
        <time>2026-05-10T17:49:34Z</time>
      </trkpt>
      <trkpt lat="33.60639" lon="-117.76321">
        <ele>138.64</ele>
        <time>2026-05-10T17:49:37Z</time>
      </trkpt>
      <trkpt lat="33.60639" lon="-117.76316">
        <ele>138.1</ele>
        <time>2026-05-10T17:49:40Z</time>
      </trkpt>
      <trkpt lat="33.60639" lon="-117.76312">
        <ele>137.67</ele>
        <time>2026-05-10T17:49:43Z</time>
      </trkpt>
      <trkpt lat="33.60639" lon="-117.76308">
        <ele>137.24</ele>
        <time>2026-05-10T17:49:46Z</time>
      </trkpt>
      <trkpt lat="33.60638" lon="-117.76304">
        <ele>136.93</ele>
        <time>2026-05-10T17:49:49Z</time>
      </trkpt>
      <trkpt lat="33.60637" lon="-117.763">
        <ele>136.6</ele>
        <time>2026-05-10T17:49:52Z</time>
      </trkpt>
      <trkpt lat="33.60639" lon="-117.76297">
        <ele>136.05</ele>
        <time>2026-05-10T17:49:56Z</time>
      </trkpt>
      <trkpt lat="33.60642" lon="-117.76299">
        <ele>135.62</ele>
        <time>2026-05-10T17:49:58Z</time>
      </trkpt>
      <trkpt lat="33.60645" lon="-117.76303">
        <ele>135.4</ele>
        <time>2026-05-10T17:50:00Z</time>
      </trkpt>
      <trkpt lat="33.60647" lon="-117.76306">
        <ele>135.3</ele>
        <time>2026-05-10T17:50:02Z</time>
      </trkpt>
      <trkpt lat="33.60649" lon="-117.76309">
        <ele>135.19</ele>
        <time>2026-05-10T17:50:04Z</time>
      </trkpt>
      <trkpt lat="33.6065" lon="-117.76311">
        <ele>135.19</ele>
        <time>2026-05-10T17:50:06Z</time>
      </trkpt>
      <trkpt lat="33.60653" lon="-117.76315">
        <ele>134.96</ele>
        <time>2026-05-10T17:50:09Z</time>
      </trkpt>
      <trkpt lat="33.60655" lon="-117.76319">
        <ele>134.64</ele>
        <time>2026-05-10T17:50:12Z</time>
      </trkpt>
      <trkpt lat="33.60657" lon="-117.76323">
        <ele>134.13</ele>
        <time>2026-05-10T17:50:15Z</time>
      </trkpt>
      <trkpt lat="33.60659" lon="-117.76326">
        <ele>134.04</ele>
        <time>2026-05-10T17:50:18Z</time>
      </trkpt>
      <trkpt lat="33.60661" lon="-117.7633">
        <ele>134.26</ele>
        <time>2026-05-10T17:50:21Z</time>
      </trkpt>
      <trkpt lat="33.60663" lon="-117.76333">
        <ele>134.14</ele>
        <time>2026-05-10T17:50:24Z</time>
      </trkpt>
      <trkpt lat="33.60665" lon="-117.76337">
        <ele>133.94</ele>
        <time>2026-05-10T17:50:27Z</time>
      </trkpt>
      <trkpt lat="33.60667" lon="-117.76341">
        <ele>133.76</ele>
        <time>2026-05-10T17:50:30Z</time>
      </trkpt>
      <trkpt lat="33.60669" lon="-117.76344">
        <ele>133.65</ele>
        <time>2026-05-10T17:50:33Z</time>
      </trkpt>
      <trkpt lat="33.60672" lon="-117.76347">
        <ele>133.32</ele>
        <time>2026-05-10T17:50:36Z</time>
      </trkpt>
      <trkpt lat="33.60674" lon="-117.76346">
        <ele>132.78</ele>
        <time>2026-05-10T17:50:39Z</time>
      </trkpt>
      <trkpt lat="33.60676" lon="-117.76344">
        <ele>132.14</ele>
        <time>2026-05-10T17:50:41Z</time>
      </trkpt>
      <trkpt lat="33.60678" lon="-117.7634">
        <ele>131.27</ele>
        <time>2026-05-10T17:50:43Z</time>
      </trkpt>
      <trkpt lat="33.60679" lon="-117.76336">
        <ele>130.62</ele>
        <time>2026-05-10T17:50:45Z</time>
      </trkpt>
      <trkpt lat="33.60679" lon="-117.76333">
        <ele>130.3</ele>
        <time>2026-05-10T17:50:47Z</time>
      </trkpt>
      <trkpt lat="33.60677" lon="-117.76329">
        <ele>130.3</ele>
        <time>2026-05-10T17:50:49Z</time>
      </trkpt>
      <trkpt lat="33.60676" lon="-117.76326">
        <ele>130.19</ele>
        <time>2026-05-10T17:50:51Z</time>
      </trkpt>
      <trkpt lat="33.60676" lon="-117.76322">
        <ele>129.76</ele>
        <time>2026-05-10T17:50:54Z</time>
      </trkpt>
      <trkpt lat="33.60676" lon="-117.76318">
        <ele>129.33</ele>
        <time>2026-05-10T17:50:57Z</time>
      </trkpt>
      <trkpt lat="33.60675" lon="-117.76314">
        <ele>129.12</ele>
        <time>2026-05-10T17:51:00Z</time>
      </trkpt>
      <trkpt lat="33.60676" lon="-117.76311">
        <ele>128.58</ele>
        <time>2026-05-10T17:51:03Z</time>
      </trkpt>
      <trkpt lat="33.60678" lon="-117.76312">
        <ele>128.32</ele>
        <time>2026-05-10T17:51:05Z</time>
      </trkpt>
      <trkpt lat="33.60681" lon="-117.76317">
        <ele>128.14</ele>
        <time>2026-05-10T17:51:07Z</time>
      </trkpt>
      <trkpt lat="33.60683" lon="-117.76321">
        <ele>128.14</ele>
        <time>2026-05-10T17:51:09Z</time>
      </trkpt>
      <trkpt lat="33.60686" lon="-117.76323">
        <ele>127.71</ele>
        <time>2026-05-10T17:51:11Z</time>
      </trkpt>
      <trkpt lat="33.60688" lon="-117.76325">
        <ele>127.49</ele>
        <time>2026-05-10T17:51:13Z</time>
      </trkpt>
      <trkpt lat="33.60691" lon="-117.76326">
        <ele>126.95</ele>
        <time>2026-05-10T17:51:15Z</time>
      </trkpt>
      <trkpt lat="33.60693" lon="-117.76328">
        <ele>126.74</ele>
        <time>2026-05-10T17:51:17Z</time>
      </trkpt>
      <trkpt lat="33.60695" lon="-117.76332">
        <ele>126.74</ele>
        <time>2026-05-10T17:51:19Z</time>
      </trkpt>
      <trkpt lat="33.60698" lon="-117.76335">
        <ele>126.48</ele>
        <time>2026-05-10T17:51:21Z</time>
      </trkpt>
      <trkpt lat="33.607" lon="-117.76339">
        <ele>126.78</ele>
        <time>2026-05-10T17:51:23Z</time>
      </trkpt>
      <trkpt lat="33.60703" lon="-117.76342">
        <ele>126.95</ele>
        <time>2026-05-10T17:51:25Z</time>
      </trkpt>
      <trkpt lat="33.60706" lon="-117.76346">
        <ele>126.87</ele>
        <time>2026-05-10T17:51:27Z</time>
      </trkpt>
      <trkpt lat="33.60709" lon="-117.76348">
        <ele>126.44</ele>
        <time>2026-05-10T17:51:29Z</time>
      </trkpt>
      <trkpt lat="33.60711" lon="-117.7635">
        <ele>126.22</ele>
        <time>2026-05-10T17:51:31Z</time>
      </trkpt>
      <trkpt lat="33.60713" lon="-117.76351">
        <ele>125.9</ele>
        <time>2026-05-10T17:51:33Z</time>
      </trkpt>
      <trkpt lat="33.60717" lon="-117.76352">
        <ele>125.58</ele>
        <time>2026-05-10T17:51:36Z</time>
      </trkpt>
      <trkpt lat="33.60719" lon="-117.7635">
        <ele>125.15</ele>
        <time>2026-05-10T17:51:38Z</time>
      </trkpt>
      <trkpt lat="33.60723" lon="-117.76349">
        <ele>124.69</ele>
        <time>2026-05-10T17:51:41Z</time>
      </trkpt>
      <trkpt lat="33.60726" lon="-117.76351">
        <ele>124.91</ele>
        <time>2026-05-10T17:51:44Z</time>
      </trkpt>
      <trkpt lat="33.60729" lon="-117.76354">
        <ele>125.23</ele>
        <time>2026-05-10T17:51:47Z</time>
      </trkpt>
      <trkpt lat="33.60733" lon="-117.76356">
        <ele>125.61</ele>
        <time>2026-05-10T17:51:50Z</time>
      </trkpt>
      <trkpt lat="33.60736" lon="-117.76358">
        <ele>126.15</ele>
        <time>2026-05-10T17:51:53Z</time>
      </trkpt>
      <trkpt lat="33.60739" lon="-117.76359">
        <ele>126.58</ele>
        <time>2026-05-10T17:51:56Z</time>
      </trkpt>
      <trkpt lat="33.60742" lon="-117.76361">
        <ele>126.72</ele>
        <time>2026-05-10T17:51:59Z</time>
      </trkpt>
      <trkpt lat="33.60745" lon="-117.76362">
        <ele>126.22</ele>
        <time>2026-05-10T17:52:02Z</time>
      </trkpt>
      <trkpt lat="33.60749" lon="-117.76362">
        <ele>125.4</ele>
        <time>2026-05-10T17:52:05Z</time>
      </trkpt>
      <trkpt lat="33.60752" lon="-117.76361">
        <ele>124.99</ele>
        <time>2026-05-10T17:52:08Z</time>
      </trkpt>
      <trkpt lat="33.60755" lon="-117.7636">
        <ele>124.88</ele>
        <time>2026-05-10T17:52:11Z</time>
      </trkpt>
      <trkpt lat="33.60758" lon="-117.76357">
        <ele>124.56</ele>
        <time>2026-05-10T17:52:14Z</time>
      </trkpt>
      <trkpt lat="33.60761" lon="-117.76355">
        <ele>124.4</ele>
        <time>2026-05-10T17:52:17Z</time>
      </trkpt>
      <trkpt lat="33.60763" lon="-117.76352">
        <ele>124.02</ele>
        <time>2026-05-10T17:52:20Z</time>
      </trkpt>
      <trkpt lat="33.60765" lon="-117.76349">
        <ele>123.57</ele>
        <time>2026-05-10T17:52:23Z</time>
      </trkpt>
      <trkpt lat="33.60766" lon="-117.76346">
        <ele>123.2</ele>
        <time>2026-05-10T17:52:26Z</time>
      </trkpt>
      <trkpt lat="33.60769" lon="-117.76342">
        <ele>122.94</ele>
        <time>2026-05-10T17:52:29Z</time>
      </trkpt>
      <trkpt lat="33.6077" lon="-117.76339">
        <ele>122.61</ele>
        <time>2026-05-10T17:52:32Z</time>
      </trkpt>
      <trkpt lat="33.60772" lon="-117.76336">
        <ele>122.29</ele>
        <time>2026-05-10T17:52:35Z</time>
      </trkpt>
      <trkpt lat="33.60774" lon="-117.76333">
        <ele>122.0</ele>
        <time>2026-05-10T17:52:38Z</time>
      </trkpt>
      <trkpt lat="33.60776" lon="-117.7633">
        <ele>122.0</ele>
        <time>2026-05-10T17:52:41Z</time>
      </trkpt>
      <trkpt lat="33.60779" lon="-117.76326">
        <ele>122.03</ele>
        <time>2026-05-10T17:52:44Z</time>
      </trkpt>
      <trkpt lat="33.60781" lon="-117.76323">
        <ele>122.0</ele>
        <time>2026-05-10T17:52:47Z</time>
      </trkpt>
      <trkpt lat="33.60784" lon="-117.76321">
        <ele>122.0</ele>
        <time>2026-05-10T17:52:50Z</time>
      </trkpt>
      <trkpt lat="33.60787" lon="-117.76319">
        <ele>122.0</ele>
        <time>2026-05-10T17:52:53Z</time>
      </trkpt>
      <trkpt lat="33.60785" lon="-117.76319">
        <ele>122.0</ele>
        <time>2026-05-10T17:53:06Z</time>
      </trkpt>
      <trkpt lat="33.60783" lon="-117.76323">
        <ele>122.0</ele>
        <time>2026-05-10T17:54:08Z</time>
      </trkpt>
      <trkpt lat="33.60783" lon="-117.76327">
        <ele>122.18</ele>
        <time>2026-05-10T17:54:11Z</time>
      </trkpt>
      <trkpt lat="33.60787" lon="-117.76326">
        <ele>122.21</ele>
        <time>2026-05-10T17:54:28Z</time>
      </trkpt>
    </trkseg>
  </trk>
</gpx>
