<?xml version="1.0"?>
<gpx xmlns="http://www.topografix.com/GPX/1/1" xmlns:xsi="http://www.w3.org/2001/XMLSchema-instance" version="1.1" creator="AllTrails.com" xsi:schemaLocation="http://www.topografix.com/GPX/1/1 http://www.topografix.com/GPX/1/1/gpx.xsd">
  <metadata>
    <name><![CDATA[Odey's trail]]></name>
    <desc><![CDATA[Second day after 5.5 mile hike]]></desc>
    <link href="http://www.alltrails.com">
      <text>AllTrails, LLC</text>
    </link>
    <bounds minlat="33.57429" minlon="-117.83149" maxlat="33.71506" maxlon="-115.80193"/>
  </metadata>
  <wpt lat="33.67032" lon="-117.80751">
    <name><![CDATA[Waypoint 1]]></name>
    <desc><![CDATA[]]></desc>
  </wpt>
  <wpt lat="33.71506" lon="-117.83149">
    <name><![CDATA[Waypoint 2]]></name>
    <desc><![CDATA[]]></desc>
  </wpt>
  <wpt lat="33.57429" lon="-115.80193">
    <name><![CDATA[Waypoint 3]]></name>
    <desc><![CDATA[]]></desc>
  </wpt>
  <trk>
    <name><![CDATA[Odey's trail]]></name>
    <src>AllTrails</src>
    <trkseg>
      <trkpt lat="33.57981" lon="-117.76232">
        <ele>68.0</ele>
        <time>2026-04-19T16:10:32Z</time>
      </trkpt>
      <trkpt lat="33.57986" lon="-117.7623">
        <ele>68.0</ele>
        <time>2026-04-19T16:10:38Z</time>
      </trkpt>
      <trkpt lat="33.57991" lon="-117.76229">
        <ele>68.0</ele>
        <time>2026-04-19T16:10:42Z</time>
      </trkpt>
      <trkpt lat="33.57995" lon="-117.76228">
        <ele>68.0</ele>
        <time>2026-04-19T16:10:46Z</time>
      </trkpt>
      <trkpt lat="33.58" lon="-117.76229">
        <ele>68.0</ele>
        <time>2026-04-19T16:10:50Z</time>
      </trkpt>
      <trkpt lat="33.58004" lon="-117.76231">
        <ele>68.0</ele>
        <time>2026-04-19T16:10:53Z</time>
      </trkpt>
      <trkpt lat="33.58007" lon="-117.76233">
        <ele>68.0</ele>
        <time>2026-04-19T16:10:56Z</time>
      </trkpt>
      <trkpt lat="33.58009" lon="-117.76238">
        <ele>68.0</ele>
        <time>2026-04-19T16:10:59Z</time>
      </trkpt>
      <trkpt lat="33.58009" lon="-117.76243">
        <ele>68.24</ele>
        <time>2026-04-19T16:11:01Z</time>
      </trkpt>
      <trkpt lat="33.58008" lon="-117.76247">
        <ele>68.68</ele>
        <time>2026-04-19T16:11:03Z</time>
      </trkpt>
      <trkpt lat="33.58007" lon="-117.76251">
        <ele>69.0</ele>
        <time>2026-04-19T16:11:05Z</time>
      </trkpt>
      <trkpt lat="33.58007" lon="-117.76256">
        <ele>69.0</ele>
        <time>2026-04-19T16:11:08Z</time>
      </trkpt>
      <trkpt lat="33.58007" lon="-117.7626">
        <ele>69.02</ele>
        <time>2026-04-19T16:11:11Z</time>
      </trkpt>
      <trkpt lat="33.5801" lon="-117.76261">
        <ele>69.02</ele>
        <time>2026-04-19T16:11:16Z</time>
      </trkpt>
      <trkpt lat="33.58013" lon="-117.76259">
        <ele>69.0</ele>
        <time>2026-04-19T16:11:19Z</time>
      </trkpt>
      <trkpt lat="33.58017" lon="-117.76258">
        <ele>69.0</ele>
        <time>2026-04-19T16:11:22Z</time>
      </trkpt>
      <trkpt lat="33.5802" lon="-117.76256">
        <ele>69.0</ele>
        <time>2026-04-19T16:11:24Z</time>
      </trkpt>
      <trkpt lat="33.58023" lon="-117.76255">
        <ele>69.0</ele>
        <time>2026-04-19T16:11:26Z</time>
      </trkpt>
      <trkpt lat="33.58025" lon="-117.76253">
        <ele>69.0</ele>
        <time>2026-04-19T16:11:28Z</time>
      </trkpt>
      <trkpt lat="33.58028" lon="-117.76251">
        <ele>69.02</ele>
        <time>2026-04-19T16:11:30Z</time>
      </trkpt>
      <trkpt lat="33.5803" lon="-117.76249">
        <ele>69.13</ele>
        <time>2026-04-19T16:11:32Z</time>
      </trkpt>
      <trkpt lat="33.58033" lon="-117.76245">
        <ele>69.02</ele>
        <time>2026-04-19T16:11:35Z</time>
      </trkpt>
      <trkpt lat="33.58033" lon="-117.76242">
        <ele>68.7</ele>
        <time>2026-04-19T16:11:40Z</time>
      </trkpt>
      <trkpt lat="33.58034" lon="-117.76239">
        <ele>68.8</ele>
        <time>2026-04-19T16:11:47Z</time>
      </trkpt>
      <trkpt lat="33.58037" lon="-117.76237">
        <ele>69.4</ele>
        <time>2026-04-19T16:11:51Z</time>
      </trkpt>
      <trkpt lat="33.58039" lon="-117.76235">
        <ele>70.04</ele>
        <time>2026-04-19T16:11:55Z</time>
      </trkpt>
      <trkpt lat="33.58041" lon="-117.76232">
        <ele>70.8</ele>
        <time>2026-04-19T16:12:00Z</time>
      </trkpt>
      <trkpt lat="33.58043" lon="-117.76229">
        <ele>70.75</ele>
        <time>2026-04-19T16:12:08Z</time>
      </trkpt>
      <trkpt lat="33.58043" lon="-117.76232">
        <ele>71.23</ele>
        <time>2026-04-19T16:12:15Z</time>
      </trkpt>
      <trkpt lat="33.58045" lon="-117.7623">
        <ele>71.4</ele>
        <time>2026-04-19T16:12:56Z</time>
      </trkpt>
      <trkpt lat="33.58046" lon="-117.76226">
        <ele>70.75</ele>
        <time>2026-04-19T16:13:02Z</time>
      </trkpt>
      <trkpt lat="33.58048" lon="-117.76221">
        <ele>70.24</ele>
        <time>2026-04-19T16:13:05Z</time>
      </trkpt>
      <trkpt lat="33.58051" lon="-117.76217">
        <ele>70.45</ele>
        <time>2026-04-19T16:13:07Z</time>
      </trkpt>
      <trkpt lat="33.58054" lon="-117.76213">
        <ele>70.67</ele>
        <time>2026-04-19T16:13:09Z</time>
      </trkpt>
      <trkpt lat="33.58057" lon="-117.76211">
        <ele>70.89</ele>
        <time>2026-04-19T16:13:11Z</time>
      </trkpt>
      <trkpt lat="33.5806" lon="-117.76209">
        <ele>71.1</ele>
        <time>2026-04-19T16:13:14Z</time>
      </trkpt>
      <trkpt lat="33.58064" lon="-117.76208">
        <ele>71.75</ele>
        <time>2026-04-19T16:13:17Z</time>
      </trkpt>
      <trkpt lat="33.58066" lon="-117.76206">
        <ele>71.72</ele>
        <time>2026-04-19T16:13:32Z</time>
      </trkpt>
      <trkpt lat="33.58069" lon="-117.76205">
        <ele>72.12</ele>
        <time>2026-04-19T16:13:36Z</time>
      </trkpt>
      <trkpt lat="33.58073" lon="-117.76204">
        <ele>72.8</ele>
        <time>2026-04-19T16:13:39Z</time>
      </trkpt>
      <trkpt lat="33.58076" lon="-117.76204">
        <ele>73.25</ele>
        <time>2026-04-19T16:13:42Z</time>
      </trkpt>
      <trkpt lat="33.5808" lon="-117.76203">
        <ele>73.49</ele>
        <time>2026-04-19T16:13:45Z</time>
      </trkpt>
      <trkpt lat="33.58083" lon="-117.76203">
        <ele>73.81</ele>
        <time>2026-04-19T16:13:48Z</time>
      </trkpt>
      <trkpt lat="33.58087" lon="-117.76202">
        <ele>73.63</ele>
        <time>2026-04-19T16:13:51Z</time>
      </trkpt>
      <trkpt lat="33.5809" lon="-117.76202">
        <ele>73.63</ele>
        <time>2026-04-19T16:13:54Z</time>
      </trkpt>
      <trkpt lat="33.58094" lon="-117.76201">
        <ele>73.57</ele>
        <time>2026-04-19T16:13:57Z</time>
      </trkpt>
      <trkpt lat="33.58098" lon="-117.76201">
        <ele>74.0</ele>
        <time>2026-04-19T16:14:00Z</time>
      </trkpt>
      <trkpt lat="33.58101" lon="-117.762">
        <ele>74.11</ele>
        <time>2026-04-19T16:14:03Z</time>
      </trkpt>
      <trkpt lat="33.58105" lon="-117.762">
        <ele>74.54</ele>
        <time>2026-04-19T16:14:06Z</time>
      </trkpt>
      <trkpt lat="33.58108" lon="-117.76199">
        <ele>74.65</ele>
        <time>2026-04-19T16:14:09Z</time>
      </trkpt>
      <trkpt lat="33.58112" lon="-117.76199">
        <ele>75.03</ele>
        <time>2026-04-19T16:14:12Z</time>
      </trkpt>
      <trkpt lat="33.58115" lon="-117.76199">
        <ele>75.2</ele>
        <time>2026-04-19T16:14:15Z</time>
      </trkpt>
      <trkpt lat="33.58118" lon="-117.76199">
        <ele>75.36</ele>
        <time>2026-04-19T16:14:18Z</time>
      </trkpt>
      <trkpt lat="33.58122" lon="-117.76198">
        <ele>75.45</ele>
        <time>2026-04-19T16:14:21Z</time>
      </trkpt>
      <trkpt lat="33.58125" lon="-117.76198">
        <ele>75.58</ele>
        <time>2026-04-19T16:14:24Z</time>
      </trkpt>
      <trkpt lat="33.58129" lon="-117.76198">
        <ele>75.74</ele>
        <time>2026-04-19T16:14:27Z</time>
      </trkpt>
      <trkpt lat="33.58132" lon="-117.76198">
        <ele>75.51</ele>
        <time>2026-04-19T16:14:30Z</time>
      </trkpt>
      <trkpt lat="33.58136" lon="-117.76197">
        <ele>74.86</ele>
        <time>2026-04-19T16:14:33Z</time>
      </trkpt>
      <trkpt lat="33.58139" lon="-117.76199">
        <ele>75.0</ele>
        <time>2026-04-19T16:14:36Z</time>
      </trkpt>
      <trkpt lat="33.58142" lon="-117.762">
        <ele>75.54</ele>
        <time>2026-04-19T16:14:38Z</time>
      </trkpt>
      <trkpt lat="33.58145" lon="-117.76201">
        <ele>76.08</ele>
        <time>2026-04-19T16:14:41Z</time>
      </trkpt>
      <trkpt lat="33.58149" lon="-117.76201">
        <ele>76.44</ele>
        <time>2026-04-19T16:14:44Z</time>
      </trkpt>
      <trkpt lat="33.58152" lon="-117.76201">
        <ele>76.54</ele>
        <time>2026-04-19T16:14:47Z</time>
      </trkpt>
      <trkpt lat="33.58156" lon="-117.762">
        <ele>76.54</ele>
        <time>2026-04-19T16:14:50Z</time>
      </trkpt>
      <trkpt lat="33.58159" lon="-117.762">
        <ele>76.94</ele>
        <time>2026-04-19T16:14:53Z</time>
      </trkpt>
      <trkpt lat="33.58162" lon="-117.76199">
        <ele>77.48</ele>
        <time>2026-04-19T16:14:56Z</time>
      </trkpt>
      <trkpt lat="33.58166" lon="-117.76197">
        <ele>78.13</ele>
        <time>2026-04-19T16:14:59Z</time>
      </trkpt>
      <trkpt lat="33.58169" lon="-117.76195">
        <ele>78.33</ele>
        <time>2026-04-19T16:15:02Z</time>
      </trkpt>
      <trkpt lat="33.58173" lon="-117.76194">
        <ele>78.68</ele>
        <time>2026-04-19T16:15:05Z</time>
      </trkpt>
      <trkpt lat="33.58176" lon="-117.76193">
        <ele>79.01</ele>
        <time>2026-04-19T16:15:08Z</time>
      </trkpt>
      <trkpt lat="33.58179" lon="-117.76191">
        <ele>79.54</ele>
        <time>2026-04-19T16:15:11Z</time>
      </trkpt>
      <trkpt lat="33.58182" lon="-117.7619">
        <ele>80.0</ele>
        <time>2026-04-19T16:15:14Z</time>
      </trkpt>
      <trkpt lat="33.58185" lon="-117.76188">
        <ele>80.28</ele>
        <time>2026-04-19T16:15:17Z</time>
      </trkpt>
      <trkpt lat="33.58187" lon="-117.76185">
        <ele>80.39</ele>
        <time>2026-04-19T16:15:21Z</time>
      </trkpt>
      <trkpt lat="33.58188" lon="-117.76182">
        <ele>80.61</ele>
        <time>2026-04-19T16:15:25Z</time>
      </trkpt>
      <trkpt lat="33.58191" lon="-117.76181">
        <ele>81.26</ele>
        <time>2026-04-19T16:15:28Z</time>
      </trkpt>
      <trkpt lat="33.58193" lon="-117.76179">
        <ele>81.69</ele>
        <time>2026-04-19T16:15:31Z</time>
      </trkpt>
      <trkpt lat="33.58196" lon="-117.76177">
        <ele>82.19</ele>
        <time>2026-04-19T16:15:34Z</time>
      </trkpt>
      <trkpt lat="33.58198" lon="-117.76175">
        <ele>82.05</ele>
        <time>2026-04-19T16:15:37Z</time>
      </trkpt>
      <trkpt lat="33.58201" lon="-117.76174">
        <ele>81.94</ele>
        <time>2026-04-19T16:15:40Z</time>
      </trkpt>
      <trkpt lat="33.58204" lon="-117.76172">
        <ele>81.3</ele>
        <time>2026-04-19T16:15:44Z</time>
      </trkpt>
      <trkpt lat="33.58207" lon="-117.76173">
        <ele>81.6</ele>
        <time>2026-04-19T16:15:48Z</time>
      </trkpt>
      <trkpt lat="33.5821" lon="-117.76176">
        <ele>82.32</ele>
        <time>2026-04-19T16:15:52Z</time>
      </trkpt>
      <trkpt lat="33.58211" lon="-117.76179">
        <ele>82.28</ele>
        <time>2026-04-19T16:15:57Z</time>
      </trkpt>
      <trkpt lat="33.58214" lon="-117.76181">
        <ele>81.6</ele>
        <time>2026-04-19T16:16:04Z</time>
      </trkpt>
      <trkpt lat="33.58217" lon="-117.76181">
        <ele>80.45</ele>
        <time>2026-04-19T16:16:08Z</time>
      </trkpt>
      <trkpt lat="33.5822" lon="-117.7618">
        <ele>79.39</ele>
        <time>2026-04-19T16:16:13Z</time>
      </trkpt>
      <trkpt lat="33.58223" lon="-117.76181">
        <ele>78.2</ele>
        <time>2026-04-19T16:16:20Z</time>
      </trkpt>
      <trkpt lat="33.58226" lon="-117.76181">
        <ele>77.23</ele>
        <time>2026-04-19T16:16:27Z</time>
      </trkpt>
      <trkpt lat="33.58229" lon="-117.7618">
        <ele>76.36</ele>
        <time>2026-04-19T16:16:33Z</time>
      </trkpt>
      <trkpt lat="33.58232" lon="-117.76179">
        <ele>75.48</ele>
        <time>2026-04-19T16:16:38Z</time>
      </trkpt>
      <trkpt lat="33.58235" lon="-117.76179">
        <ele>74.4</ele>
        <time>2026-04-19T16:16:42Z</time>
      </trkpt>
      <trkpt lat="33.58238" lon="-117.76178">
        <ele>73.28</ele>
        <time>2026-04-19T16:16:46Z</time>
      </trkpt>
      <trkpt lat="33.58242" lon="-117.76177">
        <ele>71.98</ele>
        <time>2026-04-19T16:16:50Z</time>
      </trkpt>
      <trkpt lat="33.58245" lon="-117.76177">
        <ele>71.66</ele>
        <time>2026-04-19T16:16:52Z</time>
      </trkpt>
      <trkpt lat="33.58249" lon="-117.76177">
        <ele>71.22</ele>
        <time>2026-04-19T16:16:54Z</time>
      </trkpt>
      <trkpt lat="33.58254" lon="-117.76177">
        <ele>71.07</ele>
        <time>2026-04-19T16:16:56Z</time>
      </trkpt>
      <trkpt lat="33.58257" lon="-117.76177">
        <ele>71.03</ele>
        <time>2026-04-19T16:16:58Z</time>
      </trkpt>
      <trkpt lat="33.58262" lon="-117.76177">
        <ele>71.0</ele>
        <time>2026-04-19T16:17:01Z</time>
      </trkpt>
      <trkpt lat="33.58265" lon="-117.76177">
        <ele>71.0</ele>
        <time>2026-04-19T16:17:03Z</time>
      </trkpt>
      <trkpt lat="33.58268" lon="-117.76177">
        <ele>71.0</ele>
        <time>2026-04-19T16:17:05Z</time>
      </trkpt>
      <trkpt lat="33.58272" lon="-117.76176">
        <ele>71.0</ele>
        <time>2026-04-19T16:17:07Z</time>
      </trkpt>
      <trkpt lat="33.58275" lon="-117.76176">
        <ele>71.0</ele>
        <time>2026-04-19T16:17:09Z</time>
      </trkpt>
      <trkpt lat="33.58278" lon="-117.76176">
        <ele>71.0</ele>
        <time>2026-04-19T16:17:11Z</time>
      </trkpt>
      <trkpt lat="33.58281" lon="-117.76176">
        <ele>71.0</ele>
        <time>2026-04-19T16:17:13Z</time>
      </trkpt>
      <trkpt lat="33.58284" lon="-117.76176">
        <ele>71.0</ele>
        <time>2026-04-19T16:17:15Z</time>
      </trkpt>
      <trkpt lat="33.58288" lon="-117.76175">
        <ele>71.0</ele>
        <time>2026-04-19T16:17:18Z</time>
      </trkpt>
      <trkpt lat="33.58292" lon="-117.76175">
        <ele>71.0</ele>
        <time>2026-04-19T16:17:21Z</time>
      </trkpt>
      <trkpt lat="33.58296" lon="-117.76175">
        <ele>71.0</ele>
        <time>2026-04-19T16:17:24Z</time>
      </trkpt>
      <trkpt lat="33.583" lon="-117.76176">
        <ele>71.4</ele>
        <time>2026-04-19T16:17:27Z</time>
      </trkpt>
      <trkpt lat="33.58304" lon="-117.76176">
        <ele>71.83</ele>
        <time>2026-04-19T16:17:30Z</time>
      </trkpt>
      <trkpt lat="33.58308" lon="-117.76176">
        <ele>72.0</ele>
        <time>2026-04-19T16:17:33Z</time>
      </trkpt>
      <trkpt lat="33.58312" lon="-117.76177">
        <ele>72.0</ele>
        <time>2026-04-19T16:17:36Z</time>
      </trkpt>
      <trkpt lat="33.58316" lon="-117.76177">
        <ele>72.0</ele>
        <time>2026-04-19T16:17:39Z</time>
      </trkpt>
      <trkpt lat="33.58319" lon="-117.76178">
        <ele>72.0</ele>
        <time>2026-04-19T16:17:42Z</time>
      </trkpt>
      <trkpt lat="33.58323" lon="-117.76178">
        <ele>72.0</ele>
        <time>2026-04-19T16:17:45Z</time>
      </trkpt>
      <trkpt lat="33.58327" lon="-117.76179">
        <ele>72.21</ele>
        <time>2026-04-19T16:17:48Z</time>
      </trkpt>
      <trkpt lat="33.5833" lon="-117.76179">
        <ele>72.43</ele>
        <time>2026-04-19T16:17:51Z</time>
      </trkpt>
      <trkpt lat="33.58334" lon="-117.7618">
        <ele>72.59</ele>
        <time>2026-04-19T16:17:54Z</time>
      </trkpt>
      <trkpt lat="33.58337" lon="-117.76184">
        <ele>72.47</ele>
        <time>2026-04-19T16:17:57Z</time>
      </trkpt>
      <trkpt lat="33.58339" lon="-117.76187">
        <ele>72.61</ele>
        <time>2026-04-19T16:17:59Z</time>
      </trkpt>
      <trkpt lat="33.58341" lon="-117.76189">
        <ele>72.83</ele>
        <time>2026-04-19T16:18:01Z</time>
      </trkpt>
      <trkpt lat="33.58344" lon="-117.76192">
        <ele>73.0</ele>
        <time>2026-04-19T16:18:04Z</time>
      </trkpt>
      <trkpt lat="33.58342" lon="-117.76195">
        <ele>72.94</ele>
        <time>2026-04-19T16:18:11Z</time>
      </trkpt>
      <trkpt lat="33.58346" lon="-117.76195">
        <ele>73.0</ele>
        <time>2026-04-19T16:18:16Z</time>
      </trkpt>
      <trkpt lat="33.58349" lon="-117.76195">
        <ele>73.0</ele>
        <time>2026-04-19T16:18:19Z</time>
      </trkpt>
      <trkpt lat="33.58353" lon="-117.76196">
        <ele>73.1</ele>
        <time>2026-04-19T16:18:22Z</time>
      </trkpt>
      <trkpt lat="33.58357" lon="-117.76197">
        <ele>73.4</ele>
        <time>2026-04-19T16:18:25Z</time>
      </trkpt>
      <trkpt lat="33.5836" lon="-117.76198">
        <ele>73.54</ele>
        <time>2026-04-19T16:18:27Z</time>
      </trkpt>
      <trkpt lat="33.58363" lon="-117.76199">
        <ele>73.51</ele>
        <time>2026-04-19T16:18:30Z</time>
      </trkpt>
      <trkpt lat="33.58366" lon="-117.762">
        <ele>73.4</ele>
        <time>2026-04-19T16:18:33Z</time>
      </trkpt>
      <trkpt lat="33.5837" lon="-117.76201">
        <ele>73.29</ele>
        <time>2026-04-19T16:18:36Z</time>
      </trkpt>
      <trkpt lat="33.58373" lon="-117.76203">
        <ele>73.34</ele>
        <time>2026-04-19T16:18:39Z</time>
      </trkpt>
      <trkpt lat="33.58376" lon="-117.76205">
        <ele>73.61</ele>
        <time>2026-04-19T16:18:42Z</time>
      </trkpt>
      <trkpt lat="33.58379" lon="-117.76207">
        <ele>73.93</ele>
        <time>2026-04-19T16:18:45Z</time>
      </trkpt>
      <trkpt lat="33.58382" lon="-117.76208">
        <ele>74.0</ele>
        <time>2026-04-19T16:18:48Z</time>
      </trkpt>
      <trkpt lat="33.58385" lon="-117.7621">
        <ele>74.0</ele>
        <time>2026-04-19T16:18:51Z</time>
      </trkpt>
      <trkpt lat="33.58388" lon="-117.76212">
        <ele>74.0</ele>
        <time>2026-04-19T16:18:54Z</time>
      </trkpt>
      <trkpt lat="33.58391" lon="-117.76214">
        <ele>74.0</ele>
        <time>2026-04-19T16:18:57Z</time>
      </trkpt>
      <trkpt lat="33.58394" lon="-117.76216">
        <ele>74.0</ele>
        <time>2026-04-19T16:19:00Z</time>
      </trkpt>
      <trkpt lat="33.58397" lon="-117.76218">
        <ele>74.0</ele>
        <time>2026-04-19T16:19:03Z</time>
      </trkpt>
      <trkpt lat="33.584" lon="-117.7622">
        <ele>74.0</ele>
        <time>2026-04-19T16:19:06Z</time>
      </trkpt>
      <trkpt lat="33.58403" lon="-117.76223">
        <ele>74.0</ele>
        <time>2026-04-19T16:19:09Z</time>
      </trkpt>
      <trkpt lat="33.58407" lon="-117.76225">
        <ele>74.0</ele>
        <time>2026-04-19T16:19:12Z</time>
      </trkpt>
      <trkpt lat="33.5841" lon="-117.76227">
        <ele>74.28</ele>
        <time>2026-04-19T16:19:15Z</time>
      </trkpt>
      <trkpt lat="33.58412" lon="-117.7623">
        <ele>74.5</ele>
        <time>2026-04-19T16:19:18Z</time>
      </trkpt>
      <trkpt lat="33.58414" lon="-117.76234">
        <ele>74.79</ele>
        <time>2026-04-19T16:19:20Z</time>
      </trkpt>
      <trkpt lat="33.58416" lon="-117.76238">
        <ele>74.98</ele>
        <time>2026-04-19T16:19:22Z</time>
      </trkpt>
      <trkpt lat="33.58418" lon="-117.76241">
        <ele>75.0</ele>
        <time>2026-04-19T16:19:24Z</time>
      </trkpt>
      <trkpt lat="33.58421" lon="-117.76245">
        <ele>75.0</ele>
        <time>2026-04-19T16:19:27Z</time>
      </trkpt>
      <trkpt lat="33.58423" lon="-117.76249">
        <ele>75.0</ele>
        <time>2026-04-19T16:19:30Z</time>
      </trkpt>
      <trkpt lat="33.58426" lon="-117.76253">
        <ele>75.0</ele>
        <time>2026-04-19T16:19:33Z</time>
      </trkpt>
      <trkpt lat="33.58428" lon="-117.76255">
        <ele>75.0</ele>
        <time>2026-04-19T16:19:36Z</time>
      </trkpt>
      <trkpt lat="33.58431" lon="-117.76258">
        <ele>75.0</ele>
        <time>2026-04-19T16:19:39Z</time>
      </trkpt>
      <trkpt lat="33.58433" lon="-117.76261">
        <ele>75.0</ele>
        <time>2026-04-19T16:19:42Z</time>
      </trkpt>
      <trkpt lat="33.58436" lon="-117.76263">
        <ele>75.09</ele>
        <time>2026-04-19T16:19:45Z</time>
      </trkpt>
      <trkpt lat="33.58438" lon="-117.76266">
        <ele>75.3</ele>
        <time>2026-04-19T16:19:48Z</time>
      </trkpt>
      <trkpt lat="33.58441" lon="-117.76269">
        <ele>75.65</ele>
        <time>2026-04-19T16:19:51Z</time>
      </trkpt>
      <trkpt lat="33.58443" lon="-117.76272">
        <ele>75.9</ele>
        <time>2026-04-19T16:19:54Z</time>
      </trkpt>
      <trkpt lat="33.58446" lon="-117.76275">
        <ele>76.0</ele>
        <time>2026-04-19T16:19:57Z</time>
      </trkpt>
      <trkpt lat="33.58448" lon="-117.76278">
        <ele>76.0</ele>
        <time>2026-04-19T16:20:00Z</time>
      </trkpt>
      <trkpt lat="33.58451" lon="-117.76281">
        <ele>76.0</ele>
        <time>2026-04-19T16:20:03Z</time>
      </trkpt>
      <trkpt lat="33.58454" lon="-117.76284">
        <ele>76.0</ele>
        <time>2026-04-19T16:20:06Z</time>
      </trkpt>
      <trkpt lat="33.58456" lon="-117.76287">
        <ele>76.0</ele>
        <time>2026-04-19T16:20:09Z</time>
      </trkpt>
      <trkpt lat="33.58459" lon="-117.7629">
        <ele>76.14</ele>
        <time>2026-04-19T16:20:12Z</time>
      </trkpt>
      <trkpt lat="33.58461" lon="-117.76292">
        <ele>76.11</ele>
        <time>2026-04-19T16:20:15Z</time>
      </trkpt>
      <trkpt lat="33.58464" lon="-117.76295">
        <ele>76.1</ele>
        <time>2026-04-19T16:20:18Z</time>
      </trkpt>
      <trkpt lat="33.58466" lon="-117.76298">
        <ele>76.45</ele>
        <time>2026-04-19T16:20:21Z</time>
      </trkpt>
      <trkpt lat="33.58469" lon="-117.763">
        <ele>76.79</ele>
        <time>2026-04-19T16:20:24Z</time>
      </trkpt>
      <trkpt lat="33.58472" lon="-117.76303">
        <ele>76.99</ele>
        <time>2026-04-19T16:20:27Z</time>
      </trkpt>
      <trkpt lat="33.58474" lon="-117.76305">
        <ele>77.0</ele>
        <time>2026-04-19T16:20:30Z</time>
      </trkpt>
      <trkpt lat="33.58477" lon="-117.76308">
        <ele>77.0</ele>
        <time>2026-04-19T16:20:33Z</time>
      </trkpt>
      <trkpt lat="33.5848" lon="-117.7631">
        <ele>77.0</ele>
        <time>2026-04-19T16:20:36Z</time>
      </trkpt>
      <trkpt lat="33.58482" lon="-117.76312">
        <ele>77.0</ele>
        <time>2026-04-19T16:20:39Z</time>
      </trkpt>
      <trkpt lat="33.58485" lon="-117.76313">
        <ele>77.0</ele>
        <time>2026-04-19T16:20:42Z</time>
      </trkpt>
      <trkpt lat="33.58488" lon="-117.76315">
        <ele>77.0</ele>
        <time>2026-04-19T16:20:45Z</time>
      </trkpt>
      <trkpt lat="33.5849" lon="-117.76317">
        <ele>77.0</ele>
        <time>2026-04-19T16:20:48Z</time>
      </trkpt>
      <trkpt lat="33.58493" lon="-117.76319">
        <ele>77.0</ele>
        <time>2026-04-19T16:20:51Z</time>
      </trkpt>
      <trkpt lat="33.58496" lon="-117.76321">
        <ele>77.0</ele>
        <time>2026-04-19T16:20:54Z</time>
      </trkpt>
      <trkpt lat="33.58498" lon="-117.76324">
        <ele>77.0</ele>
        <time>2026-04-19T16:20:57Z</time>
      </trkpt>
      <trkpt lat="33.58501" lon="-117.76327">
        <ele>77.03</ele>
        <time>2026-04-19T16:21:00Z</time>
      </trkpt>
      <trkpt lat="33.58504" lon="-117.7633">
        <ele>77.28</ele>
        <time>2026-04-19T16:21:03Z</time>
      </trkpt>
      <trkpt lat="33.58505" lon="-117.76333">
        <ele>77.52</ele>
        <time>2026-04-19T16:21:06Z</time>
      </trkpt>
      <trkpt lat="33.58505" lon="-117.76337">
        <ele>77.72</ele>
        <time>2026-04-19T16:21:10Z</time>
      </trkpt>
      <trkpt lat="33.58508" lon="-117.76339">
        <ele>77.95</ele>
        <time>2026-04-19T16:21:13Z</time>
      </trkpt>
      <trkpt lat="33.58511" lon="-117.76342">
        <ele>78.0</ele>
        <time>2026-04-19T16:21:16Z</time>
      </trkpt>
      <trkpt lat="33.58514" lon="-117.76345">
        <ele>78.0</ele>
        <time>2026-04-19T16:21:19Z</time>
      </trkpt>
      <trkpt lat="33.58517" lon="-117.76347">
        <ele>78.0</ele>
        <time>2026-04-19T16:21:22Z</time>
      </trkpt>
      <trkpt lat="33.58519" lon="-117.7635">
        <ele>78.0</ele>
        <time>2026-04-19T16:21:25Z</time>
      </trkpt>
      <trkpt lat="33.58521" lon="-117.76353">
        <ele>78.0</ele>
        <time>2026-04-19T16:21:28Z</time>
      </trkpt>
      <trkpt lat="33.58523" lon="-117.76355">
        <ele>78.0</ele>
        <time>2026-04-19T16:21:31Z</time>
      </trkpt>
      <trkpt lat="33.58525" lon="-117.76358">
        <ele>78.0</ele>
        <time>2026-04-19T16:21:34Z</time>
      </trkpt>
      <trkpt lat="33.58528" lon="-117.76361">
        <ele>78.02</ele>
        <time>2026-04-19T16:21:37Z</time>
      </trkpt>
      <trkpt lat="33.5853" lon="-117.76364">
        <ele>78.24</ele>
        <time>2026-04-19T16:21:40Z</time>
      </trkpt>
      <trkpt lat="33.58532" lon="-117.76366">
        <ele>78.46</ele>
        <time>2026-04-19T16:21:43Z</time>
      </trkpt>
      <trkpt lat="33.58534" lon="-117.76369">
        <ele>78.67</ele>
        <time>2026-04-19T16:21:46Z</time>
      </trkpt>
      <trkpt lat="33.58537" lon="-117.76372">
        <ele>79.0</ele>
        <time>2026-04-19T16:21:49Z</time>
      </trkpt>
      <trkpt lat="33.58539" lon="-117.76375">
        <ele>79.0</ele>
        <time>2026-04-19T16:21:52Z</time>
      </trkpt>
      <trkpt lat="33.58542" lon="-117.76377">
        <ele>79.0</ele>
        <time>2026-04-19T16:21:55Z</time>
      </trkpt>
      <trkpt lat="33.58544" lon="-117.7638">
        <ele>79.0</ele>
        <time>2026-04-19T16:21:58Z</time>
      </trkpt>
      <trkpt lat="33.58546" lon="-117.76383">
        <ele>79.0</ele>
        <time>2026-04-19T16:22:01Z</time>
      </trkpt>
      <trkpt lat="33.58549" lon="-117.76386">
        <ele>79.0</ele>
        <time>2026-04-19T16:22:04Z</time>
      </trkpt>
      <trkpt lat="33.58551" lon="-117.76389">
        <ele>79.0</ele>
        <time>2026-04-19T16:22:07Z</time>
      </trkpt>
      <trkpt lat="33.58553" lon="-117.76391">
        <ele>79.0</ele>
        <time>2026-04-19T16:22:10Z</time>
      </trkpt>
      <trkpt lat="33.58556" lon="-117.76394">
        <ele>79.03</ele>
        <time>2026-04-19T16:22:13Z</time>
      </trkpt>
      <trkpt lat="33.58558" lon="-117.76397">
        <ele>79.23</ele>
        <time>2026-04-19T16:22:16Z</time>
      </trkpt>
      <trkpt lat="33.5856" lon="-117.764">
        <ele>79.58</ele>
        <time>2026-04-19T16:22:19Z</time>
      </trkpt>
      <trkpt lat="33.58563" lon="-117.76403">
        <ele>79.91</ele>
        <time>2026-04-19T16:22:22Z</time>
      </trkpt>
      <trkpt lat="33.58565" lon="-117.76406">
        <ele>80.0</ele>
        <time>2026-04-19T16:22:25Z</time>
      </trkpt>
      <trkpt lat="33.58567" lon="-117.76408">
        <ele>80.0</ele>
        <time>2026-04-19T16:22:28Z</time>
      </trkpt>
      <trkpt lat="33.5857" lon="-117.76411">
        <ele>80.0</ele>
        <time>2026-04-19T16:22:31Z</time>
      </trkpt>
      <trkpt lat="33.58572" lon="-117.76414">
        <ele>80.0</ele>
        <time>2026-04-19T16:22:34Z</time>
      </trkpt>
      <trkpt lat="33.58574" lon="-117.76417">
        <ele>80.0</ele>
        <time>2026-04-19T16:22:37Z</time>
      </trkpt>
      <trkpt lat="33.58577" lon="-117.7642">
        <ele>80.0</ele>
        <time>2026-04-19T16:22:40Z</time>
      </trkpt>
      <trkpt lat="33.58579" lon="-117.76423">
        <ele>80.0</ele>
        <time>2026-04-19T16:22:43Z</time>
      </trkpt>
      <trkpt lat="33.58581" lon="-117.76425">
        <ele>80.0</ele>
        <time>2026-04-19T16:22:46Z</time>
      </trkpt>
      <trkpt lat="33.58584" lon="-117.76428">
        <ele>80.07</ele>
        <time>2026-04-19T16:22:49Z</time>
      </trkpt>
      <trkpt lat="33.58586" lon="-117.76431">
        <ele>80.29</ele>
        <time>2026-04-19T16:22:52Z</time>
      </trkpt>
      <trkpt lat="33.58589" lon="-117.76434">
        <ele>80.61</ele>
        <time>2026-04-19T16:22:55Z</time>
      </trkpt>
      <trkpt lat="33.58591" lon="-117.76437">
        <ele>80.86</ele>
        <time>2026-04-19T16:22:58Z</time>
      </trkpt>
      <trkpt lat="33.58593" lon="-117.7644">
        <ele>81.0</ele>
        <time>2026-04-19T16:23:01Z</time>
      </trkpt>
      <trkpt lat="33.58596" lon="-117.76443">
        <ele>81.0</ele>
        <time>2026-04-19T16:23:04Z</time>
      </trkpt>
      <trkpt lat="33.58598" lon="-117.76445">
        <ele>81.02</ele>
        <time>2026-04-19T16:23:07Z</time>
      </trkpt>
      <trkpt lat="33.586" lon="-117.76448">
        <ele>81.08</ele>
        <time>2026-04-19T16:23:10Z</time>
      </trkpt>
      <trkpt lat="33.58602" lon="-117.76451">
        <ele>80.99</ele>
        <time>2026-04-19T16:23:13Z</time>
      </trkpt>
      <trkpt lat="33.58605" lon="-117.76454">
        <ele>81.02</ele>
        <time>2026-04-19T16:23:16Z</time>
      </trkpt>
      <trkpt lat="33.58607" lon="-117.76457">
        <ele>81.16</ele>
        <time>2026-04-19T16:23:19Z</time>
      </trkpt>
      <trkpt lat="33.5861" lon="-117.7646">
        <ele>81.08</ele>
        <time>2026-04-19T16:23:22Z</time>
      </trkpt>
      <trkpt lat="33.58612" lon="-117.76463">
        <ele>81.1</ele>
        <time>2026-04-19T16:23:25Z</time>
      </trkpt>
      <trkpt lat="33.58615" lon="-117.76465">
        <ele>81.55</ele>
        <time>2026-04-19T16:23:28Z</time>
      </trkpt>
      <trkpt lat="33.58617" lon="-117.76468">
        <ele>81.83</ele>
        <time>2026-04-19T16:23:31Z</time>
      </trkpt>
      <trkpt lat="33.5862" lon="-117.76471">
        <ele>81.99</ele>
        <time>2026-04-19T16:23:34Z</time>
      </trkpt>
      <trkpt lat="33.58623" lon="-117.76472">
        <ele>81.99</ele>
        <time>2026-04-19T16:23:36Z</time>
      </trkpt>
      <trkpt lat="33.58627" lon="-117.76472">
        <ele>81.98</ele>
        <time>2026-04-19T16:23:38Z</time>
      </trkpt>
      <trkpt lat="33.5863" lon="-117.76472">
        <ele>81.98</ele>
        <time>2026-04-19T16:23:40Z</time>
      </trkpt>
      <trkpt lat="33.58633" lon="-117.76473">
        <ele>82.0</ele>
        <time>2026-04-19T16:23:42Z</time>
      </trkpt>
      <trkpt lat="33.58637" lon="-117.76473">
        <ele>82.0</ele>
        <time>2026-04-19T16:23:45Z</time>
      </trkpt>
      <trkpt lat="33.5864" lon="-117.76474">
        <ele>82.0</ele>
        <time>2026-04-19T16:23:48Z</time>
      </trkpt>
      <trkpt lat="33.58644" lon="-117.76475">
        <ele>82.0</ele>
        <time>2026-04-19T16:23:51Z</time>
      </trkpt>
      <trkpt lat="33.58647" lon="-117.76475">
        <ele>82.0</ele>
        <time>2026-04-19T16:23:54Z</time>
      </trkpt>
      <trkpt lat="33.58651" lon="-117.76476">
        <ele>82.0</ele>
        <time>2026-04-19T16:23:57Z</time>
      </trkpt>
      <trkpt lat="33.58655" lon="-117.76477">
        <ele>82.0</ele>
        <time>2026-04-19T16:24:00Z</time>
      </trkpt>
      <trkpt lat="33.58658" lon="-117.76478">
        <ele>81.93</ele>
        <time>2026-04-19T16:24:03Z</time>
      </trkpt>
      <trkpt lat="33.58662" lon="-117.76479">
        <ele>81.6</ele>
        <time>2026-04-19T16:24:06Z</time>
      </trkpt>
      <trkpt lat="33.58666" lon="-117.7648">
        <ele>81.55</ele>
        <time>2026-04-19T16:24:09Z</time>
      </trkpt>
      <trkpt lat="33.58669" lon="-117.7648">
        <ele>81.39</ele>
        <time>2026-04-19T16:24:12Z</time>
      </trkpt>
      <trkpt lat="33.58672" lon="-117.76481">
        <ele>81.36</ele>
        <time>2026-04-19T16:24:15Z</time>
      </trkpt>
      <trkpt lat="33.58675" lon="-117.76483">
        <ele>81.25</ele>
        <time>2026-04-19T16:24:25Z</time>
      </trkpt>
      <trkpt lat="33.58678" lon="-117.76484">
        <ele>81.11</ele>
        <time>2026-04-19T16:24:29Z</time>
      </trkpt>
      <trkpt lat="33.5868" lon="-117.76485">
        <ele>81.11</ele>
        <time>2026-04-19T16:24:32Z</time>
      </trkpt>
      <trkpt lat="33.58684" lon="-117.76486">
        <ele>81.04</ele>
        <time>2026-04-19T16:24:35Z</time>
      </trkpt>
      <trkpt lat="33.58686" lon="-117.76487">
        <ele>81.19</ele>
        <time>2026-04-19T16:24:38Z</time>
      </trkpt>
      <trkpt lat="33.58689" lon="-117.76489">
        <ele>81.62</ele>
        <time>2026-04-19T16:24:41Z</time>
      </trkpt>
      <trkpt lat="33.58692" lon="-117.76491">
        <ele>82.03</ele>
        <time>2026-04-19T16:24:44Z</time>
      </trkpt>
      <trkpt lat="33.58694" lon="-117.76494">
        <ele>82.35</ele>
        <time>2026-04-19T16:24:46Z</time>
      </trkpt>
      <trkpt lat="33.58697" lon="-117.76497">
        <ele>82.31</ele>
        <time>2026-04-19T16:24:48Z</time>
      </trkpt>
      <trkpt lat="33.58699" lon="-117.76499">
        <ele>82.35</ele>
        <time>2026-04-19T16:24:50Z</time>
      </trkpt>
      <trkpt lat="33.58702" lon="-117.76501">
        <ele>82.27</ele>
        <time>2026-04-19T16:24:53Z</time>
      </trkpt>
      <trkpt lat="33.58705" lon="-117.76502">
        <ele>82.33</ele>
        <time>2026-04-19T16:24:56Z</time>
      </trkpt>
      <trkpt lat="33.58708" lon="-117.76503">
        <ele>82.64</ele>
        <time>2026-04-19T16:24:59Z</time>
      </trkpt>
      <trkpt lat="33.58711" lon="-117.76505">
        <ele>82.9</ele>
        <time>2026-04-19T16:25:02Z</time>
      </trkpt>
      <trkpt lat="33.58714" lon="-117.76507">
        <ele>82.95</ele>
        <time>2026-04-19T16:25:05Z</time>
      </trkpt>
      <trkpt lat="33.58717" lon="-117.7651">
        <ele>83.03</ele>
        <time>2026-04-19T16:25:08Z</time>
      </trkpt>
      <trkpt lat="33.58721" lon="-117.76512">
        <ele>83.26</ele>
        <time>2026-04-19T16:25:11Z</time>
      </trkpt>
      <trkpt lat="33.58724" lon="-117.76513">
        <ele>83.1</ele>
        <time>2026-04-19T16:25:14Z</time>
      </trkpt>
      <trkpt lat="33.58728" lon="-117.76515">
        <ele>82.76</ele>
        <time>2026-04-19T16:25:17Z</time>
      </trkpt>
      <trkpt lat="33.58731" lon="-117.76517">
        <ele>82.73</ele>
        <time>2026-04-19T16:25:20Z</time>
      </trkpt>
      <trkpt lat="33.58735" lon="-117.76519">
        <ele>83.41</ele>
        <time>2026-04-19T16:25:23Z</time>
      </trkpt>
      <trkpt lat="33.58738" lon="-117.76521">
        <ele>83.78</ele>
        <time>2026-04-19T16:25:26Z</time>
      </trkpt>
      <trkpt lat="33.58741" lon="-117.76523">
        <ele>83.97</ele>
        <time>2026-04-19T16:25:29Z</time>
      </trkpt>
      <trkpt lat="33.58745" lon="-117.76524">
        <ele>83.62</ele>
        <time>2026-04-19T16:25:32Z</time>
      </trkpt>
      <trkpt lat="33.58747" lon="-117.76526">
        <ele>83.74</ele>
        <time>2026-04-19T16:25:35Z</time>
      </trkpt>
      <trkpt lat="33.5875" lon="-117.76528">
        <ele>84.02</ele>
        <time>2026-04-19T16:25:38Z</time>
      </trkpt>
      <trkpt lat="33.58753" lon="-117.76529">
        <ele>84.09</ele>
        <time>2026-04-19T16:25:41Z</time>
      </trkpt>
      <trkpt lat="33.58756" lon="-117.7653">
        <ele>84.08</ele>
        <time>2026-04-19T16:25:44Z</time>
      </trkpt>
      <trkpt lat="33.58759" lon="-117.76532">
        <ele>84.01</ele>
        <time>2026-04-19T16:25:47Z</time>
      </trkpt>
      <trkpt lat="33.58762" lon="-117.76533">
        <ele>84.0</ele>
        <time>2026-04-19T16:25:50Z</time>
      </trkpt>
      <trkpt lat="33.58765" lon="-117.76535">
        <ele>84.0</ele>
        <time>2026-04-19T16:25:53Z</time>
      </trkpt>
      <trkpt lat="33.58768" lon="-117.76536">
        <ele>84.0</ele>
        <time>2026-04-19T16:25:56Z</time>
      </trkpt>
      <trkpt lat="33.58771" lon="-117.76538">
        <ele>84.1</ele>
        <time>2026-04-19T16:25:59Z</time>
      </trkpt>
      <trkpt lat="33.58774" lon="-117.76539">
        <ele>84.21</ele>
        <time>2026-04-19T16:26:02Z</time>
      </trkpt>
      <trkpt lat="33.58777" lon="-117.76541">
        <ele>84.43</ele>
        <time>2026-04-19T16:26:05Z</time>
      </trkpt>
      <trkpt lat="33.5878" lon="-117.76543">
        <ele>84.49</ele>
        <time>2026-04-19T16:26:08Z</time>
      </trkpt>
      <trkpt lat="33.58783" lon="-117.76544">
        <ele>84.33</ele>
        <time>2026-04-19T16:26:11Z</time>
      </trkpt>
      <trkpt lat="33.58786" lon="-117.76546">
        <ele>84.11</ele>
        <time>2026-04-19T16:26:14Z</time>
      </trkpt>
      <trkpt lat="33.58789" lon="-117.76547">
        <ele>84.36</ele>
        <time>2026-04-19T16:26:17Z</time>
      </trkpt>
      <trkpt lat="33.58792" lon="-117.76548">
        <ele>84.9</ele>
        <time>2026-04-19T16:26:20Z</time>
      </trkpt>
      <trkpt lat="33.58795" lon="-117.7655">
        <ele>85.66</ele>
        <time>2026-04-19T16:26:23Z</time>
      </trkpt>
      <trkpt lat="33.58798" lon="-117.76551">
        <ele>85.83</ele>
        <time>2026-04-19T16:26:26Z</time>
      </trkpt>
      <trkpt lat="33.58802" lon="-117.76552">
        <ele>85.47</ele>
        <time>2026-04-19T16:26:29Z</time>
      </trkpt>
      <trkpt lat="33.58805" lon="-117.76553">
        <ele>85.09</ele>
        <time>2026-04-19T16:26:31Z</time>
      </trkpt>
      <trkpt lat="33.58809" lon="-117.76554">
        <ele>85.0</ele>
        <time>2026-04-19T16:26:33Z</time>
      </trkpt>
      <trkpt lat="33.58812" lon="-117.76553">
        <ele>85.0</ele>
        <time>2026-04-19T16:26:35Z</time>
      </trkpt>
      <trkpt lat="33.58814" lon="-117.76552">
        <ele>85.0</ele>
        <time>2026-04-19T16:26:37Z</time>
      </trkpt>
      <trkpt lat="33.58818" lon="-117.76552">
        <ele>85.0</ele>
        <time>2026-04-19T16:26:40Z</time>
      </trkpt>
      <trkpt lat="33.58822" lon="-117.76552">
        <ele>85.0</ele>
        <time>2026-04-19T16:26:43Z</time>
      </trkpt>
      <trkpt lat="33.58825" lon="-117.76554">
        <ele>85.05</ele>
        <time>2026-04-19T16:26:46Z</time>
      </trkpt>
      <trkpt lat="33.58829" lon="-117.76555">
        <ele>85.44</ele>
        <time>2026-04-19T16:26:49Z</time>
      </trkpt>
      <trkpt lat="33.58833" lon="-117.76557">
        <ele>85.82</ele>
        <time>2026-04-19T16:26:52Z</time>
      </trkpt>
      <trkpt lat="33.58836" lon="-117.76559">
        <ele>85.55</ele>
        <time>2026-04-19T16:26:55Z</time>
      </trkpt>
      <trkpt lat="33.58839" lon="-117.7656">
        <ele>85.5</ele>
        <time>2026-04-19T16:26:57Z</time>
      </trkpt>
      <trkpt lat="33.58842" lon="-117.76562">
        <ele>85.67</ele>
        <time>2026-04-19T16:27:00Z</time>
      </trkpt>
      <trkpt lat="33.58845" lon="-117.76564">
        <ele>85.89</ele>
        <time>2026-04-19T16:27:03Z</time>
      </trkpt>
      <trkpt lat="33.58848" lon="-117.76565">
        <ele>86.05</ele>
        <time>2026-04-19T16:27:06Z</time>
      </trkpt>
      <trkpt lat="33.5885" lon="-117.76568">
        <ele>86.76</ele>
        <time>2026-04-19T16:27:15Z</time>
      </trkpt>
      <trkpt lat="33.58854" lon="-117.76568">
        <ele>86.76</ele>
        <time>2026-04-19T16:27:19Z</time>
      </trkpt>
      <trkpt lat="33.58857" lon="-117.76568">
        <ele>86.86</ele>
        <time>2026-04-19T16:27:22Z</time>
      </trkpt>
      <trkpt lat="33.5886" lon="-117.76569">
        <ele>86.99</ele>
        <time>2026-04-19T16:27:25Z</time>
      </trkpt>
      <trkpt lat="33.58864" lon="-117.76569">
        <ele>87.14</ele>
        <time>2026-04-19T16:27:28Z</time>
      </trkpt>
      <trkpt lat="33.58867" lon="-117.76569">
        <ele>87.29</ele>
        <time>2026-04-19T16:27:31Z</time>
      </trkpt>
      <trkpt lat="33.58871" lon="-117.7657">
        <ele>87.55</ele>
        <time>2026-04-19T16:27:34Z</time>
      </trkpt>
      <trkpt lat="33.58874" lon="-117.7657">
        <ele>87.51</ele>
        <time>2026-04-19T16:27:37Z</time>
      </trkpt>
      <trkpt lat="33.58877" lon="-117.76571">
        <ele>87.43</ele>
        <time>2026-04-19T16:27:40Z</time>
      </trkpt>
      <trkpt lat="33.58881" lon="-117.76572">
        <ele>87.16</ele>
        <time>2026-04-19T16:27:43Z</time>
      </trkpt>
      <trkpt lat="33.58884" lon="-117.76572">
        <ele>87.01</ele>
        <time>2026-04-19T16:27:46Z</time>
      </trkpt>
      <trkpt lat="33.58887" lon="-117.76574">
        <ele>87.0</ele>
        <time>2026-04-19T16:27:49Z</time>
      </trkpt>
      <trkpt lat="33.58889" lon="-117.76576">
        <ele>87.41</ele>
        <time>2026-04-19T16:27:51Z</time>
      </trkpt>
      <trkpt lat="33.58891" lon="-117.76579">
        <ele>87.82</ele>
        <time>2026-04-19T16:27:53Z</time>
      </trkpt>
      <trkpt lat="33.58893" lon="-117.76581">
        <ele>87.83</ele>
        <time>2026-04-19T16:27:55Z</time>
      </trkpt>
      <trkpt lat="33.58895" lon="-117.76584">
        <ele>87.78</ele>
        <time>2026-04-19T16:27:57Z</time>
      </trkpt>
      <trkpt lat="33.58897" lon="-117.76587">
        <ele>87.44</ele>
        <time>2026-04-19T16:28:00Z</time>
      </trkpt>
      <trkpt lat="33.58899" lon="-117.7659">
        <ele>87.09</ele>
        <time>2026-04-19T16:28:02Z</time>
      </trkpt>
      <trkpt lat="33.58901" lon="-117.76594">
        <ele>87.58</ele>
        <time>2026-04-19T16:28:05Z</time>
      </trkpt>
      <trkpt lat="33.58903" lon="-117.76597">
        <ele>87.95</ele>
        <time>2026-04-19T16:28:08Z</time>
      </trkpt>
      <trkpt lat="33.58905" lon="-117.76599">
        <ele>87.77</ele>
        <time>2026-04-19T16:28:11Z</time>
      </trkpt>
      <trkpt lat="33.58907" lon="-117.76602">
        <ele>87.17</ele>
        <time>2026-04-19T16:28:14Z</time>
      </trkpt>
      <trkpt lat="33.58907" lon="-117.76605">
        <ele>87.84</ele>
        <time>2026-04-19T16:28:19Z</time>
      </trkpt>
      <trkpt lat="33.58909" lon="-117.76608">
        <ele>88.22</ele>
        <time>2026-04-19T16:28:23Z</time>
      </trkpt>
      <trkpt lat="33.58912" lon="-117.7661">
        <ele>88.01</ele>
        <time>2026-04-19T16:28:27Z</time>
      </trkpt>
      <trkpt lat="33.58915" lon="-117.76612">
        <ele>87.76</ele>
        <time>2026-04-19T16:28:31Z</time>
      </trkpt>
      <trkpt lat="33.58918" lon="-117.76615">
        <ele>88.62</ele>
        <time>2026-04-19T16:28:35Z</time>
      </trkpt>
      <trkpt lat="33.5892" lon="-117.76617">
        <ele>89.32</ele>
        <time>2026-04-19T16:28:38Z</time>
      </trkpt>
      <trkpt lat="33.58923" lon="-117.76619">
        <ele>89.83</ele>
        <time>2026-04-19T16:28:41Z</time>
      </trkpt>
      <trkpt lat="33.58926" lon="-117.76621">
        <ele>90.14</ele>
        <time>2026-04-19T16:28:44Z</time>
      </trkpt>
      <trkpt lat="33.58929" lon="-117.76623">
        <ele>90.47</ele>
        <time>2026-04-19T16:28:47Z</time>
      </trkpt>
      <trkpt lat="33.58931" lon="-117.76625">
        <ele>90.73</ele>
        <time>2026-04-19T16:28:50Z</time>
      </trkpt>
      <trkpt lat="33.58934" lon="-117.76626">
        <ele>90.69</ele>
        <time>2026-04-19T16:28:53Z</time>
      </trkpt>
      <trkpt lat="33.58937" lon="-117.76628">
        <ele>90.66</ele>
        <time>2026-04-19T16:28:56Z</time>
      </trkpt>
      <trkpt lat="33.58941" lon="-117.76629">
        <ele>90.35</ele>
        <time>2026-04-19T16:28:59Z</time>
      </trkpt>
      <trkpt lat="33.58944" lon="-117.76631">
        <ele>90.34</ele>
        <time>2026-04-19T16:29:02Z</time>
      </trkpt>
      <trkpt lat="33.58946" lon="-117.76633">
        <ele>90.54</ele>
        <time>2026-04-19T16:29:05Z</time>
      </trkpt>
      <trkpt lat="33.58949" lon="-117.76635">
        <ele>90.3</ele>
        <time>2026-04-19T16:29:08Z</time>
      </trkpt>
      <trkpt lat="33.58952" lon="-117.76636">
        <ele>89.69</ele>
        <time>2026-04-19T16:29:11Z</time>
      </trkpt>
      <trkpt lat="33.58954" lon="-117.76638">
        <ele>89.33</ele>
        <time>2026-04-19T16:29:14Z</time>
      </trkpt>
      <trkpt lat="33.58956" lon="-117.7664">
        <ele>90.65</ele>
        <time>2026-04-19T16:29:17Z</time>
      </trkpt>
      <trkpt lat="33.58958" lon="-117.76643">
        <ele>91.63</ele>
        <time>2026-04-19T16:29:20Z</time>
      </trkpt>
      <trkpt lat="33.5896" lon="-117.76645">
        <ele>92.41</ele>
        <time>2026-04-19T16:29:23Z</time>
      </trkpt>
      <trkpt lat="33.58961" lon="-117.76648">
        <ele>92.19</ele>
        <time>2026-04-19T16:29:27Z</time>
      </trkpt>
      <trkpt lat="33.58959" lon="-117.76651">
        <ele>91.38</ele>
        <time>2026-04-19T16:29:31Z</time>
      </trkpt>
      <trkpt lat="33.5896" lon="-117.76655">
        <ele>91.69</ele>
        <time>2026-04-19T16:29:35Z</time>
      </trkpt>
      <trkpt lat="33.58961" lon="-117.76658">
        <ele>91.74</ele>
        <time>2026-04-19T16:29:39Z</time>
      </trkpt>
      <trkpt lat="33.58963" lon="-117.76662">
        <ele>91.52</ele>
        <time>2026-04-19T16:29:43Z</time>
      </trkpt>
      <trkpt lat="33.58964" lon="-117.76665">
        <ele>91.63</ele>
        <time>2026-04-19T16:29:45Z</time>
      </trkpt>
      <trkpt lat="33.58964" lon="-117.76668">
        <ele>91.3</ele>
        <time>2026-04-19T16:29:47Z</time>
      </trkpt>
      <trkpt lat="33.58965" lon="-117.76672">
        <ele>91.3</ele>
        <time>2026-04-19T16:29:50Z</time>
      </trkpt>
      <trkpt lat="33.58966" lon="-117.76675">
        <ele>91.41</ele>
        <time>2026-04-19T16:29:53Z</time>
      </trkpt>
      <trkpt lat="33.58969" lon="-117.76679">
        <ele>92.51</ele>
        <time>2026-04-19T16:29:57Z</time>
      </trkpt>
      <trkpt lat="33.5897" lon="-117.76681">
        <ele>92.76</ele>
        <time>2026-04-19T16:30:00Z</time>
      </trkpt>
      <trkpt lat="33.58972" lon="-117.76684">
        <ele>93.07</ele>
        <time>2026-04-19T16:30:03Z</time>
      </trkpt>
      <trkpt lat="33.58974" lon="-117.76688">
        <ele>93.21</ele>
        <time>2026-04-19T16:30:06Z</time>
      </trkpt>
      <trkpt lat="33.58975" lon="-117.76691">
        <ele>93.08</ele>
        <time>2026-04-19T16:30:09Z</time>
      </trkpt>
      <trkpt lat="33.58976" lon="-117.76694">
        <ele>92.88</ele>
        <time>2026-04-19T16:30:12Z</time>
      </trkpt>
      <trkpt lat="33.58977" lon="-117.76697">
        <ele>93.03</ele>
        <time>2026-04-19T16:30:15Z</time>
      </trkpt>
      <trkpt lat="33.58978" lon="-117.76701">
        <ele>93.25</ele>
        <time>2026-04-19T16:30:18Z</time>
      </trkpt>
      <trkpt lat="33.58979" lon="-117.76704">
        <ele>93.48</ele>
        <time>2026-04-19T16:30:21Z</time>
      </trkpt>
      <trkpt lat="33.58979" lon="-117.76707">
        <ele>93.63</ele>
        <time>2026-04-19T16:30:24Z</time>
      </trkpt>
      <trkpt lat="33.5898" lon="-117.76711">
        <ele>94.22</ele>
        <time>2026-04-19T16:30:27Z</time>
      </trkpt>
      <trkpt lat="33.58981" lon="-117.76714">
        <ele>94.8</ele>
        <time>2026-04-19T16:30:30Z</time>
      </trkpt>
      <trkpt lat="33.58982" lon="-117.76718">
        <ele>95.14</ele>
        <time>2026-04-19T16:30:34Z</time>
      </trkpt>
      <trkpt lat="33.58984" lon="-117.76722">
        <ele>95.81</ele>
        <time>2026-04-19T16:30:38Z</time>
      </trkpt>
      <trkpt lat="33.58985" lon="-117.76725">
        <ele>95.73</ele>
        <time>2026-04-19T16:30:42Z</time>
      </trkpt>
      <trkpt lat="33.58988" lon="-117.76728">
        <ele>96.05</ele>
        <time>2026-04-19T16:30:47Z</time>
      </trkpt>
      <trkpt lat="33.58991" lon="-117.76727">
        <ele>97.11</ele>
        <time>2026-04-19T16:30:53Z</time>
      </trkpt>
      <trkpt lat="33.58993" lon="-117.76727">
        <ele>98.19</ele>
        <time>2026-04-19T16:31:01Z</time>
      </trkpt>
      <trkpt lat="33.58996" lon="-117.76729">
        <ele>99.38</ele>
        <time>2026-04-19T16:31:12Z</time>
      </trkpt>
      <trkpt lat="33.58997" lon="-117.76733">
        <ele>98.78</ele>
        <time>2026-04-19T16:31:15Z</time>
      </trkpt>
      <trkpt lat="33.58998" lon="-117.76737">
        <ele>97.66</ele>
        <time>2026-04-19T16:31:18Z</time>
      </trkpt>
      <trkpt lat="33.58999" lon="-117.76741">
        <ele>96.52</ele>
        <time>2026-04-19T16:31:21Z</time>
      </trkpt>
      <trkpt lat="33.59" lon="-117.76745">
        <ele>96.08</ele>
        <time>2026-04-19T16:31:24Z</time>
      </trkpt>
      <trkpt lat="33.59002" lon="-117.76748">
        <ele>96.44</ele>
        <time>2026-04-19T16:31:27Z</time>
      </trkpt>
      <trkpt lat="33.59004" lon="-117.76752">
        <ele>96.54</ele>
        <time>2026-04-19T16:31:30Z</time>
      </trkpt>
      <trkpt lat="33.59007" lon="-117.76754">
        <ele>97.37</ele>
        <time>2026-04-19T16:31:32Z</time>
      </trkpt>
      <trkpt lat="33.59009" lon="-117.76757">
        <ele>97.42</ele>
        <time>2026-04-19T16:31:35Z</time>
      </trkpt>
      <trkpt lat="33.5901" lon="-117.76761">
        <ele>97.21</ele>
        <time>2026-04-19T16:31:38Z</time>
      </trkpt>
      <trkpt lat="33.59011" lon="-117.76765">
        <ele>97.33</ele>
        <time>2026-04-19T16:31:41Z</time>
      </trkpt>
      <trkpt lat="33.59013" lon="-117.76768">
        <ele>97.45</ele>
        <time>2026-04-19T16:31:44Z</time>
      </trkpt>
      <trkpt lat="33.59015" lon="-117.76772">
        <ele>96.78</ele>
        <time>2026-04-19T16:31:47Z</time>
      </trkpt>
      <trkpt lat="33.59018" lon="-117.76773">
        <ele>96.55</ele>
        <time>2026-04-19T16:31:51Z</time>
      </trkpt>
      <trkpt lat="33.59022" lon="-117.76773">
        <ele>96.92</ele>
        <time>2026-04-19T16:31:55Z</time>
      </trkpt>
      <trkpt lat="33.59024" lon="-117.76772">
        <ele>97.46</ele>
        <time>2026-04-19T16:31:58Z</time>
      </trkpt>
      <trkpt lat="33.59027" lon="-117.76772">
        <ele>97.79</ele>
        <time>2026-04-19T16:32:02Z</time>
      </trkpt>
      <trkpt lat="33.5903" lon="-117.76773">
        <ele>97.79</ele>
        <time>2026-04-19T16:32:07Z</time>
      </trkpt>
      <trkpt lat="33.59033" lon="-117.76775">
        <ele>97.46</ele>
        <time>2026-04-19T16:32:12Z</time>
      </trkpt>
      <trkpt lat="33.59036" lon="-117.76776">
        <ele>97.46</ele>
        <time>2026-04-19T16:32:17Z</time>
      </trkpt>
      <trkpt lat="33.59039" lon="-117.76776">
        <ele>97.67</ele>
        <time>2026-04-19T16:32:22Z</time>
      </trkpt>
      <trkpt lat="33.59042" lon="-117.76776">
        <ele>97.8</ele>
        <time>2026-04-19T16:32:27Z</time>
      </trkpt>
      <trkpt lat="33.59045" lon="-117.76775">
        <ele>97.99</ele>
        <time>2026-04-19T16:32:31Z</time>
      </trkpt>
      <trkpt lat="33.59048" lon="-117.76774">
        <ele>98.22</ele>
        <time>2026-04-19T16:32:35Z</time>
      </trkpt>
      <trkpt lat="33.59051" lon="-117.76773">
        <ele>98.49</ele>
        <time>2026-04-19T16:32:39Z</time>
      </trkpt>
      <trkpt lat="33.59054" lon="-117.76774">
        <ele>98.99</ele>
        <time>2026-04-19T16:32:43Z</time>
      </trkpt>
      <trkpt lat="33.59058" lon="-117.76774">
        <ele>99.4</ele>
        <time>2026-04-19T16:32:47Z</time>
      </trkpt>
      <trkpt lat="33.59063" lon="-117.76774">
        <ele>99.84</ele>
        <time>2026-04-19T16:32:49Z</time>
      </trkpt>
      <trkpt lat="33.59068" lon="-117.76774">
        <ele>100.06</ele>
        <time>2026-04-19T16:32:51Z</time>
      </trkpt>
      <trkpt lat="33.59071" lon="-117.76775">
        <ele>100.27</ele>
        <time>2026-04-19T16:32:53Z</time>
      </trkpt>
      <trkpt lat="33.59074" lon="-117.76775">
        <ele>100.4</ele>
        <time>2026-04-19T16:32:56Z</time>
      </trkpt>
      <trkpt lat="33.59077" lon="-117.76776">
        <ele>100.86</ele>
        <time>2026-04-19T16:32:59Z</time>
      </trkpt>
      <trkpt lat="33.5908" lon="-117.76777">
        <ele>101.05</ele>
        <time>2026-04-19T16:33:03Z</time>
      </trkpt>
      <trkpt lat="33.59083" lon="-117.76778">
        <ele>100.98</ele>
        <time>2026-04-19T16:33:07Z</time>
      </trkpt>
      <trkpt lat="33.59085" lon="-117.7678">
        <ele>101.34</ele>
        <time>2026-04-19T16:33:10Z</time>
      </trkpt>
      <trkpt lat="33.59087" lon="-117.76784">
        <ele>101.78</ele>
        <time>2026-04-19T16:33:12Z</time>
      </trkpt>
      <trkpt lat="33.59088" lon="-117.76787">
        <ele>102.02</ele>
        <time>2026-04-19T16:33:14Z</time>
      </trkpt>
      <trkpt lat="33.5909" lon="-117.7679">
        <ele>102.65</ele>
        <time>2026-04-19T16:33:17Z</time>
      </trkpt>
      <trkpt lat="33.59091" lon="-117.76793">
        <ele>102.78</ele>
        <time>2026-04-19T16:33:22Z</time>
      </trkpt>
      <trkpt lat="33.59091" lon="-117.76797">
        <ele>102.46</ele>
        <time>2026-04-19T16:33:27Z</time>
      </trkpt>
      <trkpt lat="33.59093" lon="-117.768">
        <ele>102.78</ele>
        <time>2026-04-19T16:33:30Z</time>
      </trkpt>
      <trkpt lat="33.59095" lon="-117.76804">
        <ele>103.21</ele>
        <time>2026-04-19T16:33:33Z</time>
      </trkpt>
      <trkpt lat="33.59097" lon="-117.76807">
        <ele>103.69</ele>
        <time>2026-04-19T16:33:36Z</time>
      </trkpt>
      <trkpt lat="33.59099" lon="-117.7681">
        <ele>103.59</ele>
        <time>2026-04-19T16:33:39Z</time>
      </trkpt>
      <trkpt lat="33.59101" lon="-117.76812">
        <ele>103.17</ele>
        <time>2026-04-19T16:33:42Z</time>
      </trkpt>
      <trkpt lat="33.59103" lon="-117.76816">
        <ele>102.82</ele>
        <time>2026-04-19T16:33:45Z</time>
      </trkpt>
      <trkpt lat="33.59104" lon="-117.76819">
        <ele>103.31</ele>
        <time>2026-04-19T16:33:48Z</time>
      </trkpt>
      <trkpt lat="33.59106" lon="-117.76822">
        <ele>104.09</ele>
        <time>2026-04-19T16:33:51Z</time>
      </trkpt>
      <trkpt lat="33.59107" lon="-117.76826">
        <ele>104.39</ele>
        <time>2026-04-19T16:33:54Z</time>
      </trkpt>
      <trkpt lat="33.59108" lon="-117.76829">
        <ele>104.84</ele>
        <time>2026-04-19T16:33:57Z</time>
      </trkpt>
      <trkpt lat="33.59109" lon="-117.76832">
        <ele>105.01</ele>
        <time>2026-04-19T16:34:01Z</time>
      </trkpt>
      <trkpt lat="33.5911" lon="-117.76835">
        <ele>105.14</ele>
        <time>2026-04-19T16:34:05Z</time>
      </trkpt>
      <trkpt lat="33.59111" lon="-117.76839">
        <ele>105.6</ele>
        <time>2026-04-19T16:34:09Z</time>
      </trkpt>
      <trkpt lat="33.59112" lon="-117.76842">
        <ele>106.53</ele>
        <time>2026-04-19T16:34:14Z</time>
      </trkpt>
      <trkpt lat="33.59113" lon="-117.76846">
        <ele>107.73</ele>
        <time>2026-04-19T16:34:19Z</time>
      </trkpt>
      <trkpt lat="33.59114" lon="-117.76849">
        <ele>108.61</ele>
        <time>2026-04-19T16:34:23Z</time>
      </trkpt>
      <trkpt lat="33.59115" lon="-117.76852">
        <ele>109.24</ele>
        <time>2026-04-19T16:34:27Z</time>
      </trkpt>
      <trkpt lat="33.59116" lon="-117.76856">
        <ele>108.87</ele>
        <time>2026-04-19T16:34:31Z</time>
      </trkpt>
      <trkpt lat="33.59117" lon="-117.76859">
        <ele>108.44</ele>
        <time>2026-04-19T16:34:35Z</time>
      </trkpt>
      <trkpt lat="33.59119" lon="-117.76862">
        <ele>107.79</ele>
        <time>2026-04-19T16:34:39Z</time>
      </trkpt>
      <trkpt lat="33.5912" lon="-117.76865">
        <ele>107.14</ele>
        <time>2026-04-19T16:34:43Z</time>
      </trkpt>
      <trkpt lat="33.59122" lon="-117.76868">
        <ele>107.04</ele>
        <time>2026-04-19T16:34:47Z</time>
      </trkpt>
      <trkpt lat="33.59124" lon="-117.76871">
        <ele>107.29</ele>
        <time>2026-04-19T16:34:51Z</time>
      </trkpt>
      <trkpt lat="33.59126" lon="-117.76874">
        <ele>107.96</ele>
        <time>2026-04-19T16:34:55Z</time>
      </trkpt>
      <trkpt lat="33.59129" lon="-117.76877">
        <ele>107.66</ele>
        <time>2026-04-19T16:34:58Z</time>
      </trkpt>
      <trkpt lat="33.59132" lon="-117.76878">
        <ele>108.51</ele>
        <time>2026-04-19T16:35:00Z</time>
      </trkpt>
      <trkpt lat="33.59135" lon="-117.7688">
        <ele>109.28</ele>
        <time>2026-04-19T16:35:03Z</time>
      </trkpt>
      <trkpt lat="33.59138" lon="-117.76883">
        <ele>110.25</ele>
        <time>2026-04-19T16:35:06Z</time>
      </trkpt>
      <trkpt lat="33.5914" lon="-117.76885">
        <ele>110.93</ele>
        <time>2026-04-19T16:35:10Z</time>
      </trkpt>
      <trkpt lat="33.59142" lon="-117.76888">
        <ele>111.2</ele>
        <time>2026-04-19T16:35:14Z</time>
      </trkpt>
      <trkpt lat="33.59144" lon="-117.76891">
        <ele>111.43</ele>
        <time>2026-04-19T16:35:18Z</time>
      </trkpt>
      <trkpt lat="33.59147" lon="-117.76891">
        <ele>112.4</ele>
        <time>2026-04-19T16:35:23Z</time>
      </trkpt>
      <trkpt lat="33.59149" lon="-117.76892">
        <ele>113.03</ele>
        <time>2026-04-19T16:35:27Z</time>
      </trkpt>
      <trkpt lat="33.59152" lon="-117.76894">
        <ele>113.84</ele>
        <time>2026-04-19T16:35:31Z</time>
      </trkpt>
      <trkpt lat="33.59149" lon="-117.76895">
        <ele>112.62</ele>
        <time>2026-04-19T16:35:36Z</time>
      </trkpt>
      <trkpt lat="33.59153" lon="-117.76899">
        <ele>112.77</ele>
        <time>2026-04-19T16:36:23Z</time>
      </trkpt>
      <trkpt lat="33.59157" lon="-117.76901">
        <ele>112.99</ele>
        <time>2026-04-19T16:36:30Z</time>
      </trkpt>
      <trkpt lat="33.5916" lon="-117.76905">
        <ele>113.05</ele>
        <time>2026-04-19T16:36:37Z</time>
      </trkpt>
      <trkpt lat="33.59162" lon="-117.76908">
        <ele>112.95</ele>
        <time>2026-04-19T16:36:40Z</time>
      </trkpt>
      <trkpt lat="33.59163" lon="-117.76914">
        <ele>113.13</ele>
        <time>2026-04-19T16:36:42Z</time>
      </trkpt>
      <trkpt lat="33.59164" lon="-117.76919">
        <ele>113.06</ele>
        <time>2026-04-19T16:36:44Z</time>
      </trkpt>
      <trkpt lat="33.59165" lon="-117.76923">
        <ele>112.23</ele>
        <time>2026-04-19T16:36:46Z</time>
      </trkpt>
      <trkpt lat="33.59167" lon="-117.76927">
        <ele>111.25</ele>
        <time>2026-04-19T16:36:49Z</time>
      </trkpt>
      <trkpt lat="33.59168" lon="-117.7693">
        <ele>111.94</ele>
        <time>2026-04-19T16:36:52Z</time>
      </trkpt>
      <trkpt lat="33.5917" lon="-117.76933">
        <ele>113.24</ele>
        <time>2026-04-19T16:36:55Z</time>
      </trkpt>
      <trkpt lat="33.59172" lon="-117.76936">
        <ele>114.41</ele>
        <time>2026-04-19T16:36:59Z</time>
      </trkpt>
      <trkpt lat="33.59174" lon="-117.76939">
        <ele>115.43</ele>
        <time>2026-04-19T16:37:03Z</time>
      </trkpt>
      <trkpt lat="33.59176" lon="-117.76943">
        <ele>116.19</ele>
        <time>2026-04-19T16:37:07Z</time>
      </trkpt>
      <trkpt lat="33.59179" lon="-117.76944">
        <ele>117.42</ele>
        <time>2026-04-19T16:37:09Z</time>
      </trkpt>
      <trkpt lat="33.59181" lon="-117.76946">
        <ele>117.78</ele>
        <time>2026-04-19T16:37:11Z</time>
      </trkpt>
      <trkpt lat="33.59184" lon="-117.76949">
        <ele>118.44</ele>
        <time>2026-04-19T16:37:14Z</time>
      </trkpt>
      <trkpt lat="33.59186" lon="-117.76952">
        <ele>118.74</ele>
        <time>2026-04-19T16:37:17Z</time>
      </trkpt>
      <trkpt lat="33.59188" lon="-117.76954">
        <ele>119.13</ele>
        <time>2026-04-19T16:37:20Z</time>
      </trkpt>
      <trkpt lat="33.5919" lon="-117.76957">
        <ele>119.0</ele>
        <time>2026-04-19T16:37:23Z</time>
      </trkpt>
      <trkpt lat="33.59192" lon="-117.76959">
        <ele>118.96</ele>
        <time>2026-04-19T16:37:26Z</time>
      </trkpt>
      <trkpt lat="33.59194" lon="-117.76961">
        <ele>118.73</ele>
        <time>2026-04-19T16:37:29Z</time>
      </trkpt>
      <trkpt lat="33.59197" lon="-117.76959">
        <ele>120.5</ele>
        <time>2026-04-19T16:37:33Z</time>
      </trkpt>
      <trkpt lat="33.592" lon="-117.7696">
        <ele>120.86</ele>
        <time>2026-04-19T16:37:37Z</time>
      </trkpt>
      <trkpt lat="33.59202" lon="-117.76963">
        <ele>119.63</ele>
        <time>2026-04-19T16:37:40Z</time>
      </trkpt>
      <trkpt lat="33.59204" lon="-117.76966">
        <ele>120.1</ele>
        <time>2026-04-19T16:37:43Z</time>
      </trkpt>
      <trkpt lat="33.59206" lon="-117.76969">
        <ele>120.74</ele>
        <time>2026-04-19T16:37:46Z</time>
      </trkpt>
      <trkpt lat="33.59207" lon="-117.76972">
        <ele>121.07</ele>
        <time>2026-04-19T16:37:49Z</time>
      </trkpt>
      <trkpt lat="33.59209" lon="-117.76975">
        <ele>121.33</ele>
        <time>2026-04-19T16:37:53Z</time>
      </trkpt>
      <trkpt lat="33.59211" lon="-117.76979">
        <ele>121.9</ele>
        <time>2026-04-19T16:37:57Z</time>
      </trkpt>
      <trkpt lat="33.59213" lon="-117.76982">
        <ele>123.02</ele>
        <time>2026-04-19T16:38:01Z</time>
      </trkpt>
      <trkpt lat="33.59211" lon="-117.76984">
        <ele>121.84</ele>
        <time>2026-04-19T16:38:04Z</time>
      </trkpt>
      <trkpt lat="33.5921" lon="-117.76987">
        <ele>121.46</ele>
        <time>2026-04-19T16:38:08Z</time>
      </trkpt>
      <trkpt lat="33.59211" lon="-117.76991">
        <ele>122.2</ele>
        <time>2026-04-19T16:38:13Z</time>
      </trkpt>
      <trkpt lat="33.59211" lon="-117.76994">
        <ele>122.78</ele>
        <time>2026-04-19T16:38:17Z</time>
      </trkpt>
      <trkpt lat="33.59213" lon="-117.76997">
        <ele>124.37</ele>
        <time>2026-04-19T16:38:21Z</time>
      </trkpt>
      <trkpt lat="33.59215" lon="-117.77">
        <ele>125.66</ele>
        <time>2026-04-19T16:38:25Z</time>
      </trkpt>
      <trkpt lat="33.59216" lon="-117.77003">
        <ele>125.44</ele>
        <time>2026-04-19T16:38:29Z</time>
      </trkpt>
      <trkpt lat="33.59218" lon="-117.77006">
        <ele>125.69</ele>
        <time>2026-04-19T16:38:33Z</time>
      </trkpt>
      <trkpt lat="33.5922" lon="-117.77008">
        <ele>126.21</ele>
        <time>2026-04-19T16:38:39Z</time>
      </trkpt>
      <trkpt lat="33.59222" lon="-117.77006">
        <ele>127.26</ele>
        <time>2026-04-19T16:38:50Z</time>
      </trkpt>
      <trkpt lat="33.59219" lon="-117.77007">
        <ele>125.94</ele>
        <time>2026-04-19T16:39:28Z</time>
      </trkpt>
      <trkpt lat="33.59221" lon="-117.77009">
        <ele>126.5</ele>
        <time>2026-04-19T16:39:48Z</time>
      </trkpt>
      <trkpt lat="33.59224" lon="-117.77011">
        <ele>127.55</ele>
        <time>2026-04-19T16:39:53Z</time>
      </trkpt>
      <trkpt lat="33.59226" lon="-117.77012">
        <ele>128.33</ele>
        <time>2026-04-19T16:39:57Z</time>
      </trkpt>
      <trkpt lat="33.59229" lon="-117.77013">
        <ele>129.56</ele>
        <time>2026-04-19T16:40:01Z</time>
      </trkpt>
      <trkpt lat="33.5923" lon="-117.77017">
        <ele>128.83</ele>
        <time>2026-04-19T16:40:04Z</time>
      </trkpt>
      <trkpt lat="33.59231" lon="-117.7702">
        <ele>128.6</ele>
        <time>2026-04-19T16:40:06Z</time>
      </trkpt>
      <trkpt lat="33.59232" lon="-117.77024">
        <ele>128.71</ele>
        <time>2026-04-19T16:40:09Z</time>
      </trkpt>
      <trkpt lat="33.59234" lon="-117.77026">
        <ele>129.6</ele>
        <time>2026-04-19T16:40:13Z</time>
      </trkpt>
      <trkpt lat="33.59237" lon="-117.77029">
        <ele>130.66</ele>
        <time>2026-04-19T16:40:18Z</time>
      </trkpt>
      <trkpt lat="33.5924" lon="-117.7703">
        <ele>132.48</ele>
        <time>2026-04-19T16:40:21Z</time>
      </trkpt>
      <trkpt lat="33.59243" lon="-117.77032">
        <ele>134.02</ele>
        <time>2026-04-19T16:40:24Z</time>
      </trkpt>
      <trkpt lat="33.59246" lon="-117.77034">
        <ele>134.88</ele>
        <time>2026-04-19T16:40:28Z</time>
      </trkpt>
      <trkpt lat="33.59248" lon="-117.77037">
        <ele>134.58</ele>
        <time>2026-04-19T16:40:33Z</time>
      </trkpt>
      <trkpt lat="33.59251" lon="-117.77039">
        <ele>135.65</ele>
        <time>2026-04-19T16:40:38Z</time>
      </trkpt>
      <trkpt lat="33.59253" lon="-117.77041">
        <ele>136.79</ele>
        <time>2026-04-19T16:40:43Z</time>
      </trkpt>
      <trkpt lat="33.59255" lon="-117.77043">
        <ele>137.48</ele>
        <time>2026-04-19T16:40:48Z</time>
      </trkpt>
      <trkpt lat="33.59258" lon="-117.77045">
        <ele>138.2</ele>
        <time>2026-04-19T16:40:53Z</time>
      </trkpt>
      <trkpt lat="33.5926" lon="-117.77047">
        <ele>138.7</ele>
        <time>2026-04-19T16:40:58Z</time>
      </trkpt>
      <trkpt lat="33.59262" lon="-117.77049">
        <ele>140.32</ele>
        <time>2026-04-19T16:41:02Z</time>
      </trkpt>
      <trkpt lat="33.59263" lon="-117.77052">
        <ele>140.64</ele>
        <time>2026-04-19T16:41:06Z</time>
      </trkpt>
      <trkpt lat="33.59261" lon="-117.77056">
        <ele>139.07</ele>
        <time>2026-04-19T16:41:09Z</time>
      </trkpt>
      <trkpt lat="33.5926" lon="-117.7706">
        <ele>139.76</ele>
        <time>2026-04-19T16:41:12Z</time>
      </trkpt>
      <trkpt lat="33.59259" lon="-117.77063">
        <ele>140.2</ele>
        <time>2026-04-19T16:41:16Z</time>
      </trkpt>
      <trkpt lat="33.5926" lon="-117.77066">
        <ele>141.39</ele>
        <time>2026-04-19T16:41:21Z</time>
      </trkpt>
      <trkpt lat="33.5926" lon="-117.77069">
        <ele>141.76</ele>
        <time>2026-04-19T16:41:26Z</time>
      </trkpt>
      <trkpt lat="33.5926" lon="-117.77073">
        <ele>142.27</ele>
        <time>2026-04-19T16:41:31Z</time>
      </trkpt>
      <trkpt lat="33.59261" lon="-117.77076">
        <ele>142.69</ele>
        <time>2026-04-19T16:41:37Z</time>
      </trkpt>
      <trkpt lat="33.59262" lon="-117.77073">
        <ele>143.3</ele>
        <time>2026-04-19T16:41:44Z</time>
      </trkpt>
      <trkpt lat="33.59262" lon="-117.77077">
        <ele>143.07</ele>
        <time>2026-04-19T16:43:39Z</time>
      </trkpt>
      <trkpt lat="33.59262" lon="-117.77082">
        <ele>142.37</ele>
        <time>2026-04-19T16:43:46Z</time>
      </trkpt>
      <trkpt lat="33.59262" lon="-117.77088">
        <ele>142.84</ele>
        <time>2026-04-19T16:43:48Z</time>
      </trkpt>
      <trkpt lat="33.59262" lon="-117.77094">
        <ele>143.42</ele>
        <time>2026-04-19T16:43:50Z</time>
      </trkpt>
      <trkpt lat="33.59262" lon="-117.77097">
        <ele>143.29</ele>
        <time>2026-04-19T16:43:52Z</time>
      </trkpt>
      <trkpt lat="33.59263" lon="-117.77101">
        <ele>143.85</ele>
        <time>2026-04-19T16:43:55Z</time>
      </trkpt>
      <trkpt lat="33.59263" lon="-117.77104">
        <ele>143.92</ele>
        <time>2026-04-19T16:44:01Z</time>
      </trkpt>
      <trkpt lat="33.59263" lon="-117.77108">
        <ele>144.1</ele>
        <time>2026-04-19T16:44:07Z</time>
      </trkpt>
      <trkpt lat="33.59264" lon="-117.77111">
        <ele>145.09</ele>
        <time>2026-04-19T16:44:12Z</time>
      </trkpt>
      <trkpt lat="33.59264" lon="-117.77115">
        <ele>145.73</ele>
        <time>2026-04-19T16:44:17Z</time>
      </trkpt>
      <trkpt lat="33.59265" lon="-117.77118">
        <ele>147.17</ele>
        <time>2026-04-19T16:44:21Z</time>
      </trkpt>
      <trkpt lat="33.59265" lon="-117.77122">
        <ele>148.22</ele>
        <time>2026-04-19T16:44:26Z</time>
      </trkpt>
      <trkpt lat="33.59265" lon="-117.77126">
        <ele>149.78</ele>
        <time>2026-04-19T16:44:31Z</time>
      </trkpt>
      <trkpt lat="33.59265" lon="-117.77129">
        <ele>150.95</ele>
        <time>2026-04-19T16:44:36Z</time>
      </trkpt>
      <trkpt lat="33.59265" lon="-117.77133">
        <ele>151.98</ele>
        <time>2026-04-19T16:44:41Z</time>
      </trkpt>
      <trkpt lat="33.59265" lon="-117.77137">
        <ele>152.9</ele>
        <time>2026-04-19T16:44:46Z</time>
      </trkpt>
      <trkpt lat="33.59265" lon="-117.7714">
        <ele>153.57</ele>
        <time>2026-04-19T16:44:50Z</time>
      </trkpt>
      <trkpt lat="33.59265" lon="-117.77144">
        <ele>154.39</ele>
        <time>2026-04-19T16:44:55Z</time>
      </trkpt>
      <trkpt lat="33.59262" lon="-117.77144">
        <ele>153.02</ele>
        <time>2026-04-19T16:44:58Z</time>
      </trkpt>
      <trkpt lat="33.59258" lon="-117.77144">
        <ele>150.94</ele>
        <time>2026-04-19T16:45:01Z</time>
      </trkpt>
      <trkpt lat="33.59256" lon="-117.77144">
        <ele>149.64</ele>
        <time>2026-04-19T16:45:09Z</time>
      </trkpt>
      <trkpt lat="33.59255" lon="-117.77141">
        <ele>146.02</ele>
        <time>2026-04-19T16:45:28Z</time>
      </trkpt>
      <trkpt lat="33.59258" lon="-117.77144">
        <ele>150.94</ele>
        <time>2026-04-19T16:46:16Z</time>
      </trkpt>
      <trkpt lat="33.59259" lon="-117.7715">
        <ele>154.56</ele>
        <time>2026-04-19T16:46:20Z</time>
      </trkpt>
      <trkpt lat="33.59259" lon="-117.77156">
        <ele>156.54</ele>
        <time>2026-04-19T16:46:22Z</time>
      </trkpt>
      <trkpt lat="33.59259" lon="-117.7716">
        <ele>157.84</ele>
        <time>2026-04-19T16:46:24Z</time>
      </trkpt>
      <trkpt lat="33.5926" lon="-117.77165">
        <ele>159.31</ele>
        <time>2026-04-19T16:46:29Z</time>
      </trkpt>
      <trkpt lat="33.59261" lon="-117.77169">
        <ele>159.88</ele>
        <time>2026-04-19T16:46:34Z</time>
      </trkpt>
      <trkpt lat="33.59262" lon="-117.77173">
        <ele>160.09</ele>
        <time>2026-04-19T16:46:39Z</time>
      </trkpt>
      <trkpt lat="33.59262" lon="-117.77177">
        <ele>160.57</ele>
        <time>2026-04-19T16:46:44Z</time>
      </trkpt>
      <trkpt lat="33.59263" lon="-117.77181">
        <ele>160.85</ele>
        <time>2026-04-19T16:46:48Z</time>
      </trkpt>
      <trkpt lat="33.59264" lon="-117.77184">
        <ele>160.83</ele>
        <time>2026-04-19T16:46:52Z</time>
      </trkpt>
      <trkpt lat="33.59265" lon="-117.77188">
        <ele>161.13</ele>
        <time>2026-04-19T16:46:56Z</time>
      </trkpt>
      <trkpt lat="33.59269" lon="-117.77191">
        <ele>160.15</ele>
        <time>2026-04-19T16:46:59Z</time>
      </trkpt>
      <trkpt lat="33.59272" lon="-117.77192">
        <ele>159.72</ele>
        <time>2026-04-19T16:47:01Z</time>
      </trkpt>
      <trkpt lat="33.59275" lon="-117.77195">
        <ele>159.71</ele>
        <time>2026-04-19T16:47:04Z</time>
      </trkpt>
      <trkpt lat="33.59277" lon="-117.77198">
        <ele>159.65</ele>
        <time>2026-04-19T16:47:08Z</time>
      </trkpt>
      <trkpt lat="33.5928" lon="-117.77201">
        <ele>159.64</ele>
        <time>2026-04-19T16:47:12Z</time>
      </trkpt>
      <trkpt lat="33.59282" lon="-117.77203">
        <ele>159.89</ele>
        <time>2026-04-19T16:47:15Z</time>
      </trkpt>
      <trkpt lat="33.59285" lon="-117.77206">
        <ele>160.47</ele>
        <time>2026-04-19T16:47:19Z</time>
      </trkpt>
      <trkpt lat="33.59288" lon="-117.77209">
        <ele>160.39</ele>
        <time>2026-04-19T16:47:23Z</time>
      </trkpt>
      <trkpt lat="33.5929" lon="-117.77212">
        <ele>160.04</ele>
        <time>2026-04-19T16:47:27Z</time>
      </trkpt>
      <trkpt lat="33.59293" lon="-117.77216">
        <ele>159.96</ele>
        <time>2026-04-19T16:47:31Z</time>
      </trkpt>
      <trkpt lat="33.59295" lon="-117.77219">
        <ele>159.91</ele>
        <time>2026-04-19T16:47:35Z</time>
      </trkpt>
      <trkpt lat="33.59297" lon="-117.77223">
        <ele>160.34</ele>
        <time>2026-04-19T16:47:40Z</time>
      </trkpt>
      <trkpt lat="33.593" lon="-117.77227">
        <ele>161.88</ele>
        <time>2026-04-19T16:47:45Z</time>
      </trkpt>
      <trkpt lat="33.59302" lon="-117.7723">
        <ele>162.77</ele>
        <time>2026-04-19T16:47:49Z</time>
      </trkpt>
      <trkpt lat="33.59305" lon="-117.77232">
        <ele>162.52</ele>
        <time>2026-04-19T16:47:53Z</time>
      </trkpt>
      <trkpt lat="33.59308" lon="-117.77235">
        <ele>162.97</ele>
        <time>2026-04-19T16:47:57Z</time>
      </trkpt>
      <trkpt lat="33.59311" lon="-117.77238">
        <ele>162.69</ele>
        <time>2026-04-19T16:48:01Z</time>
      </trkpt>
      <trkpt lat="33.59314" lon="-117.77241">
        <ele>161.7</ele>
        <time>2026-04-19T16:48:05Z</time>
      </trkpt>
      <trkpt lat="33.59317" lon="-117.77244">
        <ele>162.78</ele>
        <time>2026-04-19T16:48:09Z</time>
      </trkpt>
      <trkpt lat="33.5932" lon="-117.77247">
        <ele>163.54</ele>
        <time>2026-04-19T16:48:13Z</time>
      </trkpt>
      <trkpt lat="33.59322" lon="-117.7725">
        <ele>163.9</ele>
        <time>2026-04-19T16:48:17Z</time>
      </trkpt>
      <trkpt lat="33.59325" lon="-117.77253">
        <ele>163.71</ele>
        <time>2026-04-19T16:48:21Z</time>
      </trkpt>
      <trkpt lat="33.59328" lon="-117.77256">
        <ele>163.55</ele>
        <time>2026-04-19T16:48:25Z</time>
      </trkpt>
      <trkpt lat="33.59331" lon="-117.77259">
        <ele>162.97</ele>
        <time>2026-04-19T16:48:29Z</time>
      </trkpt>
      <trkpt lat="33.59333" lon="-117.77263">
        <ele>163.76</ele>
        <time>2026-04-19T16:48:34Z</time>
      </trkpt>
      <trkpt lat="33.59336" lon="-117.77266">
        <ele>164.34</ele>
        <time>2026-04-19T16:48:39Z</time>
      </trkpt>
      <trkpt lat="33.59339" lon="-117.77268">
        <ele>164.55</ele>
        <time>2026-04-19T16:48:43Z</time>
      </trkpt>
      <trkpt lat="33.59342" lon="-117.77271">
        <ele>164.93</ele>
        <time>2026-04-19T16:48:47Z</time>
      </trkpt>
      <trkpt lat="33.59344" lon="-117.77274">
        <ele>165.32</ele>
        <time>2026-04-19T16:48:51Z</time>
      </trkpt>
      <trkpt lat="33.59347" lon="-117.77277">
        <ele>165.32</ele>
        <time>2026-04-19T16:48:55Z</time>
      </trkpt>
      <trkpt lat="33.5935" lon="-117.7728">
        <ele>165.22</ele>
        <time>2026-04-19T16:48:59Z</time>
      </trkpt>
      <trkpt lat="33.59353" lon="-117.77283">
        <ele>165.55</ele>
        <time>2026-04-19T16:49:03Z</time>
      </trkpt>
      <trkpt lat="33.59356" lon="-117.77286">
        <ele>165.87</ele>
        <time>2026-04-19T16:49:07Z</time>
      </trkpt>
      <trkpt lat="33.59358" lon="-117.77288">
        <ele>165.81</ele>
        <time>2026-04-19T16:49:10Z</time>
      </trkpt>
      <trkpt lat="33.5936" lon="-117.77291">
        <ele>165.72</ele>
        <time>2026-04-19T16:49:13Z</time>
      </trkpt>
      <trkpt lat="33.59362" lon="-117.77293">
        <ele>165.55</ele>
        <time>2026-04-19T16:49:16Z</time>
      </trkpt>
      <trkpt lat="33.59364" lon="-117.77295">
        <ele>165.55</ele>
        <time>2026-04-19T16:49:19Z</time>
      </trkpt>
      <trkpt lat="33.59366" lon="-117.77298">
        <ele>165.83</ele>
        <time>2026-04-19T16:49:22Z</time>
      </trkpt>
      <trkpt lat="33.59368" lon="-117.773">
        <ele>165.86</ele>
        <time>2026-04-19T16:49:25Z</time>
      </trkpt>
      <trkpt lat="33.5937" lon="-117.77303">
        <ele>165.82</ele>
        <time>2026-04-19T16:49:28Z</time>
      </trkpt>
      <trkpt lat="33.59372" lon="-117.77305">
        <ele>165.77</ele>
        <time>2026-04-19T16:49:31Z</time>
      </trkpt>
      <trkpt lat="33.59374" lon="-117.77308">
        <ele>166.03</ele>
        <time>2026-04-19T16:49:34Z</time>
      </trkpt>
      <trkpt lat="33.59376" lon="-117.7731">
        <ele>166.06</ele>
        <time>2026-04-19T16:49:37Z</time>
      </trkpt>
      <trkpt lat="33.59378" lon="-117.77314">
        <ele>166.25</ele>
        <time>2026-04-19T16:49:41Z</time>
      </trkpt>
      <trkpt lat="33.59376" lon="-117.77317">
        <ele>166.88</ele>
        <time>2026-04-19T16:49:45Z</time>
      </trkpt>
      <trkpt lat="33.59376" lon="-117.77321">
        <ele>167.05</ele>
        <time>2026-04-19T16:49:49Z</time>
      </trkpt>
      <trkpt lat="33.59375" lon="-117.77325">
        <ele>167.4</ele>
        <time>2026-04-19T16:49:51Z</time>
      </trkpt>
      <trkpt lat="33.59375" lon="-117.7733">
        <ele>166.86</ele>
        <time>2026-04-19T16:49:53Z</time>
      </trkpt>
      <trkpt lat="33.59375" lon="-117.77335">
        <ele>166.59</ele>
        <time>2026-04-19T16:49:55Z</time>
      </trkpt>
      <trkpt lat="33.59375" lon="-117.7734">
        <ele>166.86</ele>
        <time>2026-04-19T16:49:58Z</time>
      </trkpt>
      <trkpt lat="33.59375" lon="-117.77346">
        <ele>166.82</ele>
        <time>2026-04-19T16:50:01Z</time>
      </trkpt>
      <trkpt lat="33.59375" lon="-117.7735">
        <ele>166.6</ele>
        <time>2026-04-19T16:50:04Z</time>
      </trkpt>
      <trkpt lat="33.59375" lon="-117.77355">
        <ele>166.5</ele>
        <time>2026-04-19T16:50:08Z</time>
      </trkpt>
      <trkpt lat="33.59375" lon="-117.77358">
        <ele>166.5</ele>
        <time>2026-04-19T16:50:11Z</time>
      </trkpt>
      <trkpt lat="33.59375" lon="-117.77363">
        <ele>166.81</ele>
        <time>2026-04-19T16:50:15Z</time>
      </trkpt>
      <trkpt lat="33.59376" lon="-117.77367">
        <ele>167.28</ele>
        <time>2026-04-19T16:50:19Z</time>
      </trkpt>
      <trkpt lat="33.59377" lon="-117.77371">
        <ele>167.64</ele>
        <time>2026-04-19T16:50:22Z</time>
      </trkpt>
      <trkpt lat="33.59378" lon="-117.77375">
        <ele>167.85</ele>
        <time>2026-04-19T16:50:26Z</time>
      </trkpt>
      <trkpt lat="33.59379" lon="-117.77379">
        <ele>168.07</ele>
        <time>2026-04-19T16:50:30Z</time>
      </trkpt>
      <trkpt lat="33.5938" lon="-117.77383">
        <ele>168.26</ele>
        <time>2026-04-19T16:50:34Z</time>
      </trkpt>
      <trkpt lat="33.59382" lon="-117.77388">
        <ele>168.37</ele>
        <time>2026-04-19T16:50:38Z</time>
      </trkpt>
      <trkpt lat="33.59383" lon="-117.77392">
        <ele>168.61</ele>
        <time>2026-04-19T16:50:42Z</time>
      </trkpt>
      <trkpt lat="33.59385" lon="-117.77396">
        <ele>168.61</ele>
        <time>2026-04-19T16:50:46Z</time>
      </trkpt>
      <trkpt lat="33.59387" lon="-117.774">
        <ele>168.57</ele>
        <time>2026-04-19T16:50:50Z</time>
      </trkpt>
      <trkpt lat="33.59389" lon="-117.77404">
        <ele>168.61</ele>
        <time>2026-04-19T16:50:54Z</time>
      </trkpt>
      <trkpt lat="33.59391" lon="-117.77408">
        <ele>168.61</ele>
        <time>2026-04-19T16:50:58Z</time>
      </trkpt>
      <trkpt lat="33.59393" lon="-117.77412">
        <ele>168.61</ele>
        <time>2026-04-19T16:51:02Z</time>
      </trkpt>
      <trkpt lat="33.59395" lon="-117.77417">
        <ele>168.7</ele>
        <time>2026-04-19T16:51:06Z</time>
      </trkpt>
      <trkpt lat="33.59397" lon="-117.7742">
        <ele>168.56</ele>
        <time>2026-04-19T16:51:10Z</time>
      </trkpt>
      <trkpt lat="33.59398" lon="-117.77424">
        <ele>168.81</ele>
        <time>2026-04-19T16:51:14Z</time>
      </trkpt>
      <trkpt lat="33.59401" lon="-117.77424">
        <ele>168.48</ele>
        <time>2026-04-19T16:51:22Z</time>
      </trkpt>
      <trkpt lat="33.59403" lon="-117.77427">
        <ele>168.48</ele>
        <time>2026-04-19T16:51:26Z</time>
      </trkpt>
      <trkpt lat="33.59405" lon="-117.77431">
        <ele>168.26</ele>
        <time>2026-04-19T16:51:30Z</time>
      </trkpt>
      <trkpt lat="33.59406" lon="-117.77435">
        <ele>168.15</ele>
        <time>2026-04-19T16:51:34Z</time>
      </trkpt>
      <trkpt lat="33.59408" lon="-117.77438">
        <ele>168.48</ele>
        <time>2026-04-19T16:51:37Z</time>
      </trkpt>
      <trkpt lat="33.59409" lon="-117.77442">
        <ele>169.13</ele>
        <time>2026-04-19T16:51:40Z</time>
      </trkpt>
      <trkpt lat="33.59411" lon="-117.77446">
        <ele>169.49</ele>
        <time>2026-04-19T16:51:44Z</time>
      </trkpt>
      <trkpt lat="33.59413" lon="-117.7745">
        <ele>169.63</ele>
        <time>2026-04-19T16:51:48Z</time>
      </trkpt>
      <trkpt lat="33.59414" lon="-117.77454">
        <ele>169.95</ele>
        <time>2026-04-19T16:51:52Z</time>
      </trkpt>
      <trkpt lat="33.59416" lon="-117.77459">
        <ele>170.89</ele>
        <time>2026-04-19T16:51:56Z</time>
      </trkpt>
      <trkpt lat="33.59418" lon="-117.77463">
        <ele>171.29</ele>
        <time>2026-04-19T16:51:59Z</time>
      </trkpt>
      <trkpt lat="33.59419" lon="-117.77466">
        <ele>171.4</ele>
        <time>2026-04-19T16:52:02Z</time>
      </trkpt>
      <trkpt lat="33.59421" lon="-117.77471">
        <ele>171.4</ele>
        <time>2026-04-19T16:52:05Z</time>
      </trkpt>
      <trkpt lat="33.59422" lon="-117.77475">
        <ele>171.55</ele>
        <time>2026-04-19T16:52:08Z</time>
      </trkpt>
      <trkpt lat="33.59424" lon="-117.7748">
        <ele>171.05</ele>
        <time>2026-04-19T16:52:12Z</time>
      </trkpt>
      <trkpt lat="33.59426" lon="-117.77483">
        <ele>170.32</ele>
        <time>2026-04-19T16:52:15Z</time>
      </trkpt>
      <trkpt lat="33.59428" lon="-117.77487">
        <ele>170.83</ele>
        <time>2026-04-19T16:52:18Z</time>
      </trkpt>
      <trkpt lat="33.59431" lon="-117.77489">
        <ele>170.63</ele>
        <time>2026-04-19T16:52:20Z</time>
      </trkpt>
      <trkpt lat="33.59436" lon="-117.77492">
        <ele>169.81</ele>
        <time>2026-04-19T16:52:22Z</time>
      </trkpt>
      <trkpt lat="33.59439" lon="-117.77495">
        <ele>168.99</ele>
        <time>2026-04-19T16:52:25Z</time>
      </trkpt>
      <trkpt lat="33.59438" lon="-117.77501">
        <ele>169.23</ele>
        <time>2026-04-19T16:52:29Z</time>
      </trkpt>
      <trkpt lat="33.59436" lon="-117.77504">
        <ele>170.21</ele>
        <time>2026-04-19T16:52:32Z</time>
      </trkpt>
      <trkpt lat="33.59434" lon="-117.7751">
        <ele>171.67</ele>
        <time>2026-04-19T16:52:36Z</time>
      </trkpt>
      <trkpt lat="33.59434" lon="-117.77515">
        <ele>171.88</ele>
        <time>2026-04-19T16:52:41Z</time>
      </trkpt>
      <trkpt lat="33.59435" lon="-117.77521">
        <ele>171.43</ele>
        <time>2026-04-19T16:52:46Z</time>
      </trkpt>
      <trkpt lat="33.59436" lon="-117.77526">
        <ele>171.49</ele>
        <time>2026-04-19T16:52:51Z</time>
      </trkpt>
      <trkpt lat="33.59438" lon="-117.77532">
        <ele>172.61</ele>
        <time>2026-04-19T16:52:56Z</time>
      </trkpt>
      <trkpt lat="33.59439" lon="-117.77538">
        <ele>174.74</ele>
        <time>2026-04-19T16:53:02Z</time>
      </trkpt>
      <trkpt lat="33.5944" lon="-117.77543">
        <ele>176.14</ele>
        <time>2026-04-19T16:53:07Z</time>
      </trkpt>
      <trkpt lat="33.59442" lon="-117.77548">
        <ele>176.67</ele>
        <time>2026-04-19T16:53:13Z</time>
      </trkpt>
      <trkpt lat="33.59444" lon="-117.77542">
        <ele>173.34</ele>
        <time>2026-04-19T16:53:19Z</time>
      </trkpt>
      <trkpt lat="33.59448" lon="-117.77538">
        <ele>170.75</ele>
        <time>2026-04-19T16:54:02Z</time>
      </trkpt>
      <trkpt lat="33.59451" lon="-117.77544">
        <ele>171.74</ele>
        <time>2026-04-19T16:54:41Z</time>
      </trkpt>
      <trkpt lat="33.59453" lon="-117.7755">
        <ele>173.41</ele>
        <time>2026-04-19T16:54:50Z</time>
      </trkpt>
      <trkpt lat="33.59458" lon="-117.77555">
        <ele>173.89</ele>
        <time>2026-04-19T16:54:58Z</time>
      </trkpt>
      <trkpt lat="33.59463" lon="-117.77561">
        <ele>173.0</ele>
        <time>2026-04-19T16:55:00Z</time>
      </trkpt>
      <trkpt lat="33.59469" lon="-117.77566">
        <ele>173.13</ele>
        <time>2026-04-19T16:55:02Z</time>
      </trkpt>
      <trkpt lat="33.59473" lon="-117.7757">
        <ele>172.92</ele>
        <time>2026-04-19T16:55:04Z</time>
      </trkpt>
      <trkpt lat="33.59476" lon="-117.77572">
        <ele>172.59</ele>
        <time>2026-04-19T16:55:06Z</time>
      </trkpt>
      <trkpt lat="33.59481" lon="-117.77574">
        <ele>172.05</ele>
        <time>2026-04-19T16:55:09Z</time>
      </trkpt>
      <trkpt lat="33.59485" lon="-117.77576">
        <ele>172.13</ele>
        <time>2026-04-19T16:55:12Z</time>
      </trkpt>
      <trkpt lat="33.59488" lon="-117.77579">
        <ele>172.16</ele>
        <time>2026-04-19T16:55:15Z</time>
      </trkpt>
      <trkpt lat="33.59491" lon="-117.77582">
        <ele>171.95</ele>
        <time>2026-04-19T16:55:18Z</time>
      </trkpt>
      <trkpt lat="33.59493" lon="-117.77586">
        <ele>171.51</ele>
        <time>2026-04-19T16:55:22Z</time>
      </trkpt>
      <trkpt lat="33.59491" lon="-117.77589">
        <ele>171.94</ele>
        <time>2026-04-19T16:55:28Z</time>
      </trkpt>
      <trkpt lat="33.59488" lon="-117.7759">
        <ele>172.51</ele>
        <time>2026-04-19T16:55:31Z</time>
      </trkpt>
      <trkpt lat="33.59485" lon="-117.77598">
        <ele>174.05</ele>
        <time>2026-04-19T17:02:34Z</time>
      </trkpt>
      <trkpt lat="33.59485" lon="-117.77605">
        <ele>174.62</ele>
        <time>2026-04-19T17:02:37Z</time>
      </trkpt>
      <trkpt lat="33.59485" lon="-117.77612">
        <ele>174.66</ele>
        <time>2026-04-19T17:02:41Z</time>
      </trkpt>
      <trkpt lat="33.59484" lon="-117.77617">
        <ele>174.9</ele>
        <time>2026-04-19T17:02:45Z</time>
      </trkpt>
      <trkpt lat="33.59484" lon="-117.77622">
        <ele>174.9</ele>
        <time>2026-04-19T17:02:49Z</time>
      </trkpt>
      <trkpt lat="33.59484" lon="-117.77628">
        <ele>174.55</ele>
        <time>2026-04-19T17:02:54Z</time>
      </trkpt>
      <trkpt lat="33.59481" lon="-117.77632">
        <ele>174.85</ele>
        <time>2026-04-19T17:02:58Z</time>
      </trkpt>
      <trkpt lat="33.59477" lon="-117.77634">
        <ele>175.5</ele>
        <time>2026-04-19T17:03:00Z</time>
      </trkpt>
      <trkpt lat="33.59474" lon="-117.77637">
        <ele>175.82</ele>
        <time>2026-04-19T17:03:02Z</time>
      </trkpt>
      <trkpt lat="33.59472" lon="-117.7764">
        <ele>176.02</ele>
        <time>2026-04-19T17:03:05Z</time>
      </trkpt>
      <trkpt lat="33.59471" lon="-117.77644">
        <ele>176.06</ele>
        <time>2026-04-19T17:03:08Z</time>
      </trkpt>
      <trkpt lat="33.5947" lon="-117.77648">
        <ele>176.0</ele>
        <time>2026-04-19T17:03:11Z</time>
      </trkpt>
      <trkpt lat="33.5947" lon="-117.77652">
        <ele>176.62</ele>
        <time>2026-04-19T17:03:14Z</time>
      </trkpt>
      <trkpt lat="33.5947" lon="-117.77656">
        <ele>177.26</ele>
        <time>2026-04-19T17:03:17Z</time>
      </trkpt>
      <trkpt lat="33.5947" lon="-117.7766">
        <ele>177.97</ele>
        <time>2026-04-19T17:03:20Z</time>
      </trkpt>
      <trkpt lat="33.5947" lon="-117.77664">
        <ele>178.73</ele>
        <time>2026-04-19T17:03:23Z</time>
      </trkpt>
      <trkpt lat="33.5947" lon="-117.77667">
        <ele>179.31</ele>
        <time>2026-04-19T17:03:26Z</time>
      </trkpt>
      <trkpt lat="33.59468" lon="-117.77668">
        <ele>179.74</ele>
        <time>2026-04-19T17:03:37Z</time>
      </trkpt>
      <trkpt lat="33.59465" lon="-117.7767">
        <ele>180.5</ele>
        <time>2026-04-19T17:04:09Z</time>
      </trkpt>
      <trkpt lat="33.59464" lon="-117.77672">
        <ele>181.04</ele>
        <time>2026-04-19T17:04:16Z</time>
      </trkpt>
      <trkpt lat="33.59461" lon="-117.77674">
        <ele>182.05</ele>
        <time>2026-04-19T17:04:21Z</time>
      </trkpt>
      <trkpt lat="33.59457" lon="-117.77676">
        <ele>183.3</ele>
        <time>2026-04-19T17:04:24Z</time>
      </trkpt>
      <trkpt lat="33.59454" lon="-117.77677">
        <ele>184.17</ele>
        <time>2026-04-19T17:04:28Z</time>
      </trkpt>
      <trkpt lat="33.59451" lon="-117.77678">
        <ele>185.26</ele>
        <time>2026-04-19T17:04:32Z</time>
      </trkpt>
      <trkpt lat="33.59448" lon="-117.77679">
        <ele>186.31</ele>
        <time>2026-04-19T17:04:36Z</time>
      </trkpt>
      <trkpt lat="33.59444" lon="-117.77681">
        <ele>187.57</ele>
        <time>2026-04-19T17:04:41Z</time>
      </trkpt>
      <trkpt lat="33.59441" lon="-117.77682">
        <ele>187.78</ele>
        <time>2026-04-19T17:04:46Z</time>
      </trkpt>
      <trkpt lat="33.59438" lon="-117.77682">
        <ele>187.9</ele>
        <time>2026-04-19T17:04:50Z</time>
      </trkpt>
      <trkpt lat="33.59434" lon="-117.77683">
        <ele>188.01</ele>
        <time>2026-04-19T17:04:54Z</time>
      </trkpt>
      <trkpt lat="33.59431" lon="-117.77684">
        <ele>188.22</ele>
        <time>2026-04-19T17:04:58Z</time>
      </trkpt>
      <trkpt lat="33.59428" lon="-117.77685">
        <ele>188.71</ele>
        <time>2026-04-19T17:05:01Z</time>
      </trkpt>
      <trkpt lat="33.59425" lon="-117.77686">
        <ele>189.18</ele>
        <time>2026-04-19T17:05:04Z</time>
      </trkpt>
      <trkpt lat="33.59422" lon="-117.77687">
        <ele>189.54</ele>
        <time>2026-04-19T17:05:07Z</time>
      </trkpt>
      <trkpt lat="33.5942" lon="-117.77688">
        <ele>189.75</ele>
        <time>2026-04-19T17:05:10Z</time>
      </trkpt>
      <trkpt lat="33.59417" lon="-117.77689">
        <ele>189.98</ele>
        <time>2026-04-19T17:05:13Z</time>
      </trkpt>
      <trkpt lat="33.59414" lon="-117.77689">
        <ele>190.12</ele>
        <time>2026-04-19T17:05:16Z</time>
      </trkpt>
      <trkpt lat="33.59411" lon="-117.7769">
        <ele>190.32</ele>
        <time>2026-04-19T17:05:19Z</time>
      </trkpt>
      <trkpt lat="33.59408" lon="-117.77691">
        <ele>190.59</ele>
        <time>2026-04-19T17:05:22Z</time>
      </trkpt>
      <trkpt lat="33.59406" lon="-117.77691">
        <ele>191.2</ele>
        <time>2026-04-19T17:05:25Z</time>
      </trkpt>
      <trkpt lat="33.59403" lon="-117.77688">
        <ele>192.39</ele>
        <time>2026-04-19T17:05:28Z</time>
      </trkpt>
      <trkpt lat="33.594" lon="-117.77685">
        <ele>194.0</ele>
        <time>2026-04-19T17:05:31Z</time>
      </trkpt>
      <trkpt lat="33.59398" lon="-117.77682">
        <ele>195.07</ele>
        <time>2026-04-19T17:05:34Z</time>
      </trkpt>
      <trkpt lat="33.59399" lon="-117.77678">
        <ele>194.54</ele>
        <time>2026-04-19T17:05:38Z</time>
      </trkpt>
      <trkpt lat="33.59399" lon="-117.77674">
        <ele>194.14</ele>
        <time>2026-04-19T17:05:41Z</time>
      </trkpt>
      <trkpt lat="33.594" lon="-117.77671">
        <ele>193.04</ele>
        <time>2026-04-19T17:05:45Z</time>
      </trkpt>
      <trkpt lat="33.59401" lon="-117.77667">
        <ele>191.83</ele>
        <time>2026-04-19T17:05:49Z</time>
      </trkpt>
      <trkpt lat="33.59402" lon="-117.77664">
        <ele>191.46</ele>
        <time>2026-04-19T17:05:53Z</time>
      </trkpt>
      <trkpt lat="33.59403" lon="-117.77661">
        <ele>191.22</ele>
        <time>2026-04-19T17:05:57Z</time>
      </trkpt>
      <trkpt lat="33.59405" lon="-117.77658">
        <ele>190.73</ele>
        <time>2026-04-19T17:06:00Z</time>
      </trkpt>
      <trkpt lat="33.59406" lon="-117.77654">
        <ele>191.19</ele>
        <time>2026-04-19T17:06:03Z</time>
      </trkpt>
      <trkpt lat="33.59407" lon="-117.77651">
        <ele>191.52</ele>
        <time>2026-04-19T17:06:06Z</time>
      </trkpt>
      <trkpt lat="33.59408" lon="-117.77647">
        <ele>191.93</ele>
        <time>2026-04-19T17:06:09Z</time>
      </trkpt>
      <trkpt lat="33.5941" lon="-117.77644">
        <ele>191.61</ele>
        <time>2026-04-19T17:06:12Z</time>
      </trkpt>
      <trkpt lat="33.59411" lon="-117.77641">
        <ele>191.61</ele>
        <time>2026-04-19T17:06:15Z</time>
      </trkpt>
      <trkpt lat="33.59413" lon="-117.77637">
        <ele>191.35</ele>
        <time>2026-04-19T17:06:18Z</time>
      </trkpt>
      <trkpt lat="33.59414" lon="-117.77634">
        <ele>191.17</ele>
        <time>2026-04-19T17:06:21Z</time>
      </trkpt>
      <trkpt lat="33.59415" lon="-117.77631">
        <ele>190.85</ele>
        <time>2026-04-19T17:06:24Z</time>
      </trkpt>
      <trkpt lat="33.59416" lon="-117.77626">
        <ele>191.12</ele>
        <time>2026-04-19T17:06:27Z</time>
      </trkpt>
      <trkpt lat="33.59417" lon="-117.77622">
        <ele>191.47</ele>
        <time>2026-04-19T17:06:29Z</time>
      </trkpt>
      <trkpt lat="33.59418" lon="-117.77618">
        <ele>191.83</ele>
        <time>2026-04-19T17:06:31Z</time>
      </trkpt>
      <trkpt lat="33.59418" lon="-117.77615">
        <ele>192.52</ele>
        <time>2026-04-19T17:06:33Z</time>
      </trkpt>
      <trkpt lat="33.59418" lon="-117.7761">
        <ele>193.44</ele>
        <time>2026-04-19T17:06:36Z</time>
      </trkpt>
      <trkpt lat="33.59417" lon="-117.77607">
        <ele>193.87</ele>
        <time>2026-04-19T17:06:38Z</time>
      </trkpt>
      <trkpt lat="33.59418" lon="-117.77603">
        <ele>193.55</ele>
        <time>2026-04-19T17:06:41Z</time>
      </trkpt>
      <trkpt lat="33.59419" lon="-117.776">
        <ele>193.44</ele>
        <time>2026-04-19T17:06:44Z</time>
      </trkpt>
      <trkpt lat="33.5942" lon="-117.77596">
        <ele>193.55</ele>
        <time>2026-04-19T17:06:47Z</time>
      </trkpt>
      <trkpt lat="33.59422" lon="-117.77593">
        <ele>193.23</ele>
        <time>2026-04-19T17:06:51Z</time>
      </trkpt>
      <trkpt lat="33.59422" lon="-117.77589">
        <ele>193.66</ele>
        <time>2026-04-19T17:06:55Z</time>
      </trkpt>
      <trkpt lat="33.59421" lon="-117.77586">
        <ele>194.31</ele>
        <time>2026-04-19T17:06:59Z</time>
      </trkpt>
      <trkpt lat="33.5942" lon="-117.77582">
        <ele>194.97</ele>
        <time>2026-04-19T17:07:03Z</time>
      </trkpt>
      <trkpt lat="33.59419" lon="-117.77579">
        <ele>195.36</ele>
        <time>2026-04-19T17:07:07Z</time>
      </trkpt>
      <trkpt lat="33.59418" lon="-117.77575">
        <ele>195.7</ele>
        <time>2026-04-19T17:07:11Z</time>
      </trkpt>
      <trkpt lat="33.59417" lon="-117.77572">
        <ele>196.34</ele>
        <time>2026-04-19T17:07:15Z</time>
      </trkpt>
      <trkpt lat="33.59415" lon="-117.7757">
        <ele>197.44</ele>
        <time>2026-04-19T17:07:19Z</time>
      </trkpt>
      <trkpt lat="33.59412" lon="-117.77569">
        <ele>198.56</ele>
        <time>2026-04-19T17:07:23Z</time>
      </trkpt>
      <trkpt lat="33.59408" lon="-117.77569">
        <ele>199.81</ele>
        <time>2026-04-19T17:07:26Z</time>
      </trkpt>
      <trkpt lat="33.59405" lon="-117.77569">
        <ele>200.38</ele>
        <time>2026-04-19T17:07:30Z</time>
      </trkpt>
      <trkpt lat="33.59402" lon="-117.77568">
        <ele>200.78</ele>
        <time>2026-04-19T17:07:34Z</time>
      </trkpt>
      <trkpt lat="33.59399" lon="-117.77566">
        <ele>201.02</ele>
        <time>2026-04-19T17:07:38Z</time>
      </trkpt>
      <trkpt lat="33.59402" lon="-117.77565">
        <ele>200.6</ele>
        <time>2026-04-19T17:07:55Z</time>
      </trkpt>
      <trkpt lat="33.59397" lon="-117.77566">
        <ele>201.24</ele>
        <time>2026-04-19T17:09:00Z</time>
      </trkpt>
      <trkpt lat="33.59392" lon="-117.77566">
        <ele>201.71</ele>
        <time>2026-04-19T17:09:03Z</time>
      </trkpt>
      <trkpt lat="33.59388" lon="-117.77567">
        <ele>202.14</ele>
        <time>2026-04-19T17:09:05Z</time>
      </trkpt>
      <trkpt lat="33.59383" lon="-117.77567">
        <ele>202.94</ele>
        <time>2026-04-19T17:09:07Z</time>
      </trkpt>
      <trkpt lat="33.59379" lon="-117.77568">
        <ele>203.76</ele>
        <time>2026-04-19T17:09:11Z</time>
      </trkpt>
      <trkpt lat="33.59377" lon="-117.77572">
        <ele>204.84</ele>
        <time>2026-04-19T17:09:14Z</time>
      </trkpt>
      <trkpt lat="33.59375" lon="-117.77576">
        <ele>205.5</ele>
        <time>2026-04-19T17:09:16Z</time>
      </trkpt>
      <trkpt lat="33.59373" lon="-117.77581">
        <ele>205.72</ele>
        <time>2026-04-19T17:09:19Z</time>
      </trkpt>
      <trkpt lat="33.5937" lon="-117.77584">
        <ele>206.22</ele>
        <time>2026-04-19T17:09:23Z</time>
      </trkpt>
      <trkpt lat="33.59367" lon="-117.77585">
        <ele>207.02</ele>
        <time>2026-04-19T17:09:27Z</time>
      </trkpt>
      <trkpt lat="33.59363" lon="-117.77587">
        <ele>208.07</ele>
        <time>2026-04-19T17:09:31Z</time>
      </trkpt>
      <trkpt lat="33.5936" lon="-117.77588">
        <ele>208.62</ele>
        <time>2026-04-19T17:09:35Z</time>
      </trkpt>
      <trkpt lat="33.59357" lon="-117.77588">
        <ele>208.95</ele>
        <time>2026-04-19T17:09:38Z</time>
      </trkpt>
      <trkpt lat="33.59354" lon="-117.77589">
        <ele>209.38</ele>
        <time>2026-04-19T17:09:42Z</time>
      </trkpt>
      <trkpt lat="33.5935" lon="-117.7759">
        <ele>209.92</ele>
        <time>2026-04-19T17:09:46Z</time>
      </trkpt>
      <trkpt lat="33.59347" lon="-117.7759">
        <ele>210.24</ele>
        <time>2026-04-19T17:09:50Z</time>
      </trkpt>
      <trkpt lat="33.59344" lon="-117.77591">
        <ele>210.68</ele>
        <time>2026-04-19T17:09:54Z</time>
      </trkpt>
      <trkpt lat="33.5934" lon="-117.77591">
        <ele>211.11</ele>
        <time>2026-04-19T17:09:58Z</time>
      </trkpt>
      <trkpt lat="33.59339" lon="-117.77588">
        <ele>210.89</ele>
        <time>2026-04-19T17:10:16Z</time>
      </trkpt>
      <trkpt lat="33.59335" lon="-117.77588">
        <ele>211.32</ele>
        <time>2026-04-19T17:10:56Z</time>
      </trkpt>
      <trkpt lat="33.59333" lon="-117.77588">
        <ele>211.54</ele>
        <time>2026-04-19T17:10:59Z</time>
      </trkpt>
      <trkpt lat="33.5933" lon="-117.77588">
        <ele>211.87</ele>
        <time>2026-04-19T17:11:03Z</time>
      </trkpt>
      <trkpt lat="33.59327" lon="-117.77588">
        <ele>212.19</ele>
        <time>2026-04-19T17:11:06Z</time>
      </trkpt>
      <trkpt lat="33.59324" lon="-117.77589">
        <ele>212.84</ele>
        <time>2026-04-19T17:11:10Z</time>
      </trkpt>
      <trkpt lat="33.5932" lon="-117.7759">
        <ele>213.6</ele>
        <time>2026-04-19T17:11:14Z</time>
      </trkpt>
      <trkpt lat="33.59317" lon="-117.77591">
        <ele>214.25</ele>
        <time>2026-04-19T17:11:18Z</time>
      </trkpt>
      <trkpt lat="33.59313" lon="-117.77592">
        <ele>214.81</ele>
        <time>2026-04-19T17:11:22Z</time>
      </trkpt>
      <trkpt lat="33.59311" lon="-117.77592">
        <ele>214.81</ele>
        <time>2026-04-19T17:11:25Z</time>
      </trkpt>
      <trkpt lat="33.59308" lon="-117.77593">
        <ele>215.13</ele>
        <time>2026-04-19T17:11:28Z</time>
      </trkpt>
      <trkpt lat="33.59305" lon="-117.77594">
        <ele>215.52</ele>
        <time>2026-04-19T17:11:31Z</time>
      </trkpt>
      <trkpt lat="33.59303" lon="-117.77595">
        <ele>216.06</ele>
        <time>2026-04-19T17:11:34Z</time>
      </trkpt>
      <trkpt lat="33.593" lon="-117.77596">
        <ele>216.7</ele>
        <time>2026-04-19T17:11:37Z</time>
      </trkpt>
      <trkpt lat="33.59298" lon="-117.77596">
        <ele>216.92</ele>
        <time>2026-04-19T17:11:40Z</time>
      </trkpt>
      <trkpt lat="33.59295" lon="-117.77597">
        <ele>217.49</ele>
        <time>2026-04-19T17:11:43Z</time>
      </trkpt>
      <trkpt lat="33.59292" lon="-117.77598">
        <ele>218.02</ele>
        <time>2026-04-19T17:11:46Z</time>
      </trkpt>
      <trkpt lat="33.5929" lon="-117.77598">
        <ele>218.15</ele>
        <time>2026-04-19T17:11:49Z</time>
      </trkpt>
      <trkpt lat="33.59286" lon="-117.77599">
        <ele>218.69</ele>
        <time>2026-04-19T17:11:53Z</time>
      </trkpt>
      <trkpt lat="33.59283" lon="-117.776">
        <ele>218.85</ele>
        <time>2026-04-19T17:11:57Z</time>
      </trkpt>
      <trkpt lat="33.5928" lon="-117.77602">
        <ele>219.3</ele>
        <time>2026-04-19T17:12:01Z</time>
      </trkpt>
      <trkpt lat="33.59276" lon="-117.77603">
        <ele>220.19</ele>
        <time>2026-04-19T17:12:05Z</time>
      </trkpt>
      <trkpt lat="33.59273" lon="-117.77606">
        <ele>222.16</ele>
        <time>2026-04-19T17:12:09Z</time>
      </trkpt>
      <trkpt lat="33.59272" lon="-117.77608">
        <ele>222.91</ele>
        <time>2026-04-19T17:12:11Z</time>
      </trkpt>
      <trkpt lat="33.59269" lon="-117.7761">
        <ele>223.81</ele>
        <time>2026-04-19T17:12:14Z</time>
      </trkpt>
      <trkpt lat="33.59266" lon="-117.77611">
        <ele>224.8</ele>
        <time>2026-04-19T17:12:18Z</time>
      </trkpt>
      <trkpt lat="33.59263" lon="-117.7761">
        <ele>225.6</ele>
        <time>2026-04-19T17:12:22Z</time>
      </trkpt>
      <trkpt lat="33.59259" lon="-117.77609">
        <ele>226.6</ele>
        <time>2026-04-19T17:12:26Z</time>
      </trkpt>
      <trkpt lat="33.59256" lon="-117.77607">
        <ele>226.82</ele>
        <time>2026-04-19T17:12:29Z</time>
      </trkpt>
      <trkpt lat="33.59254" lon="-117.77606">
        <ele>227.03</ele>
        <time>2026-04-19T17:12:32Z</time>
      </trkpt>
      <trkpt lat="33.59251" lon="-117.77605">
        <ele>227.46</ele>
        <time>2026-04-19T17:12:36Z</time>
      </trkpt>
      <trkpt lat="33.59248" lon="-117.77602">
        <ele>227.25</ele>
        <time>2026-04-19T17:12:49Z</time>
      </trkpt>
      <trkpt lat="33.59245" lon="-117.77601">
        <ele>227.41</ele>
        <time>2026-04-19T17:12:57Z</time>
      </trkpt>
      <trkpt lat="33.59242" lon="-117.77599">
        <ele>227.51</ele>
        <time>2026-04-19T17:13:56Z</time>
      </trkpt>
      <trkpt lat="33.59238" lon="-117.77599">
        <ele>228.08</ele>
        <time>2026-04-19T17:13:59Z</time>
      </trkpt>
      <trkpt lat="33.59233" lon="-117.77599">
        <ele>228.79</ele>
        <time>2026-04-19T17:14:01Z</time>
      </trkpt>
      <trkpt lat="33.59228" lon="-117.77598">
        <ele>229.75</ele>
        <time>2026-04-19T17:14:04Z</time>
      </trkpt>
      <trkpt lat="33.59224" lon="-117.77598">
        <ele>230.62</ele>
        <time>2026-04-19T17:14:08Z</time>
      </trkpt>
      <trkpt lat="33.59221" lon="-117.77598">
        <ele>231.21</ele>
        <time>2026-04-19T17:14:12Z</time>
      </trkpt>
      <trkpt lat="33.59216" lon="-117.77597">
        <ele>231.99</ele>
        <time>2026-04-19T17:14:16Z</time>
      </trkpt>
      <trkpt lat="33.59213" lon="-117.77597">
        <ele>232.47</ele>
        <time>2026-04-19T17:14:20Z</time>
      </trkpt>
      <trkpt lat="33.5921" lon="-117.77597">
        <ele>232.95</ele>
        <time>2026-04-19T17:14:24Z</time>
      </trkpt>
      <trkpt lat="33.59207" lon="-117.77597">
        <ele>233.43</ele>
        <time>2026-04-19T17:14:28Z</time>
      </trkpt>
      <trkpt lat="33.59204" lon="-117.77597">
        <ele>233.9</ele>
        <time>2026-04-19T17:14:32Z</time>
      </trkpt>
      <trkpt lat="33.59201" lon="-117.77599">
        <ele>234.29</ele>
        <time>2026-04-19T17:14:36Z</time>
      </trkpt>
      <trkpt lat="33.592" lon="-117.77604">
        <ele>235.19</ele>
        <time>2026-04-19T17:14:38Z</time>
      </trkpt>
      <trkpt lat="33.59198" lon="-117.77606">
        <ele>235.55</ele>
        <time>2026-04-19T17:14:40Z</time>
      </trkpt>
      <trkpt lat="33.59196" lon="-117.77609">
        <ele>236.28</ele>
        <time>2026-04-19T17:14:43Z</time>
      </trkpt>
      <trkpt lat="33.59194" lon="-117.77611">
        <ele>236.83</ele>
        <time>2026-04-19T17:14:46Z</time>
      </trkpt>
      <trkpt lat="33.59191" lon="-117.77613">
        <ele>235.96</ele>
        <time>2026-04-19T17:14:50Z</time>
      </trkpt>
      <trkpt lat="33.59189" lon="-117.77616">
        <ele>235.55</ele>
        <time>2026-04-19T17:14:53Z</time>
      </trkpt>
      <trkpt lat="33.59187" lon="-117.77618">
        <ele>235.19</ele>
        <time>2026-04-19T17:14:56Z</time>
      </trkpt>
      <trkpt lat="33.59187" lon="-117.77622">
        <ele>235.71</ele>
        <time>2026-04-19T17:15:00Z</time>
      </trkpt>
      <trkpt lat="33.59187" lon="-117.77626">
        <ele>236.49</ele>
        <time>2026-04-19T17:15:04Z</time>
      </trkpt>
      <trkpt lat="33.59186" lon="-117.77629">
        <ele>236.96</ele>
        <time>2026-04-19T17:15:08Z</time>
      </trkpt>
      <trkpt lat="33.59185" lon="-117.77633">
        <ele>237.35</ele>
        <time>2026-04-19T17:15:12Z</time>
      </trkpt>
      <trkpt lat="33.59184" lon="-117.77636">
        <ele>237.65</ele>
        <time>2026-04-19T17:15:15Z</time>
      </trkpt>
      <trkpt lat="33.59183" lon="-117.77639">
        <ele>238.01</ele>
        <time>2026-04-19T17:15:18Z</time>
      </trkpt>
      <trkpt lat="33.59181" lon="-117.77642">
        <ele>238.49</ele>
        <time>2026-04-19T17:15:21Z</time>
      </trkpt>
      <trkpt lat="33.59179" lon="-117.77645">
        <ele>239.1</ele>
        <time>2026-04-19T17:15:24Z</time>
      </trkpt>
      <trkpt lat="33.59178" lon="-117.77647">
        <ele>239.56</ele>
        <time>2026-04-19T17:15:27Z</time>
      </trkpt>
      <trkpt lat="33.59176" lon="-117.7765">
        <ele>240.39</ele>
        <time>2026-04-19T17:15:30Z</time>
      </trkpt>
      <trkpt lat="33.59174" lon="-117.77653">
        <ele>241.05</ele>
        <time>2026-04-19T17:15:34Z</time>
      </trkpt>
      <trkpt lat="33.59171" lon="-117.77656">
        <ele>241.7</ele>
        <time>2026-04-19T17:15:38Z</time>
      </trkpt>
      <trkpt lat="33.59168" lon="-117.77656">
        <ele>241.7</ele>
        <time>2026-04-19T17:15:41Z</time>
      </trkpt>
      <trkpt lat="33.59164" lon="-117.77656">
        <ele>241.7</ele>
        <time>2026-04-19T17:15:44Z</time>
      </trkpt>
      <trkpt lat="33.59161" lon="-117.77656">
        <ele>241.7</ele>
        <time>2026-04-19T17:15:47Z</time>
      </trkpt>
      <trkpt lat="33.59158" lon="-117.77657">
        <ele>241.91</ele>
        <time>2026-04-19T17:15:50Z</time>
      </trkpt>
      <trkpt lat="33.59155" lon="-117.77657">
        <ele>241.64</ele>
        <time>2026-04-19T17:15:53Z</time>
      </trkpt>
      <trkpt lat="33.59152" lon="-117.77658">
        <ele>241.61</ele>
        <time>2026-04-19T17:15:56Z</time>
      </trkpt>
      <trkpt lat="33.59149" lon="-117.77659">
        <ele>241.61</ele>
        <time>2026-04-19T17:15:59Z</time>
      </trkpt>
      <trkpt lat="33.59146" lon="-117.7766">
        <ele>241.31</ele>
        <time>2026-04-19T17:16:02Z</time>
      </trkpt>
      <trkpt lat="33.59143" lon="-117.77661">
        <ele>240.84</ele>
        <time>2026-04-19T17:16:05Z</time>
      </trkpt>
      <trkpt lat="33.59139" lon="-117.77662">
        <ele>240.02</ele>
        <time>2026-04-19T17:16:08Z</time>
      </trkpt>
      <trkpt lat="33.59136" lon="-117.77662">
        <ele>239.37</ele>
        <time>2026-04-19T17:16:11Z</time>
      </trkpt>
      <trkpt lat="33.59133" lon="-117.77663">
        <ele>239.07</ele>
        <time>2026-04-19T17:16:14Z</time>
      </trkpt>
      <trkpt lat="33.59131" lon="-117.77664">
        <ele>239.08</ele>
        <time>2026-04-19T17:16:17Z</time>
      </trkpt>
      <trkpt lat="33.59128" lon="-117.77665">
        <ele>239.34</ele>
        <time>2026-04-19T17:16:20Z</time>
      </trkpt>
      <trkpt lat="33.59125" lon="-117.77666">
        <ele>239.78</ele>
        <time>2026-04-19T17:16:23Z</time>
      </trkpt>
      <trkpt lat="33.59122" lon="-117.77667">
        <ele>240.04</ele>
        <time>2026-04-19T17:16:26Z</time>
      </trkpt>
      <trkpt lat="33.59119" lon="-117.77669">
        <ele>240.47</ele>
        <time>2026-04-19T17:16:29Z</time>
      </trkpt>
      <trkpt lat="33.59115" lon="-117.7767">
        <ele>241.36</ele>
        <time>2026-04-19T17:16:32Z</time>
      </trkpt>
      <trkpt lat="33.59112" lon="-117.77671">
        <ele>242.22</ele>
        <time>2026-04-19T17:16:35Z</time>
      </trkpt>
      <trkpt lat="33.59108" lon="-117.77671">
        <ele>242.74</ele>
        <time>2026-04-19T17:16:38Z</time>
      </trkpt>
      <trkpt lat="33.59105" lon="-117.7767">
        <ele>242.74</ele>
        <time>2026-04-19T17:16:41Z</time>
      </trkpt>
      <trkpt lat="33.59102" lon="-117.77668">
        <ele>242.42</ele>
        <time>2026-04-19T17:16:44Z</time>
      </trkpt>
      <trkpt lat="33.59099" lon="-117.77666">
        <ele>242.67</ele>
        <time>2026-04-19T17:16:47Z</time>
      </trkpt>
      <trkpt lat="33.59096" lon="-117.77664">
        <ele>243.37</ele>
        <time>2026-04-19T17:16:50Z</time>
      </trkpt>
      <trkpt lat="33.59093" lon="-117.77663">
        <ele>243.93</ele>
        <time>2026-04-19T17:16:53Z</time>
      </trkpt>
      <trkpt lat="33.5909" lon="-117.77661">
        <ele>244.33</ele>
        <time>2026-04-19T17:16:56Z</time>
      </trkpt>
      <trkpt lat="33.59087" lon="-117.7766">
        <ele>244.51</ele>
        <time>2026-04-19T17:16:59Z</time>
      </trkpt>
      <trkpt lat="33.59085" lon="-117.77659">
        <ele>244.42</ele>
        <time>2026-04-19T17:17:02Z</time>
      </trkpt>
      <trkpt lat="33.59082" lon="-117.77659">
        <ele>244.61</ele>
        <time>2026-04-19T17:17:05Z</time>
      </trkpt>
      <trkpt lat="33.59079" lon="-117.77658">
        <ele>244.6</ele>
        <time>2026-04-19T17:17:08Z</time>
      </trkpt>
      <trkpt lat="33.59075" lon="-117.77657">
        <ele>244.86</ele>
        <time>2026-04-19T17:17:12Z</time>
      </trkpt>
      <trkpt lat="33.59072" lon="-117.77656">
        <ele>245.49</ele>
        <time>2026-04-19T17:17:15Z</time>
      </trkpt>
      <trkpt lat="33.5907" lon="-117.77655">
        <ele>245.95</ele>
        <time>2026-04-19T17:17:18Z</time>
      </trkpt>
      <trkpt lat="33.59066" lon="-117.77653">
        <ele>246.72</ele>
        <time>2026-04-19T17:17:22Z</time>
      </trkpt>
      <trkpt lat="33.59063" lon="-117.77651">
        <ele>246.87</ele>
        <time>2026-04-19T17:17:26Z</time>
      </trkpt>
      <trkpt lat="33.59059" lon="-117.7765">
        <ele>247.15</ele>
        <time>2026-04-19T17:17:30Z</time>
      </trkpt>
      <trkpt lat="33.59056" lon="-117.77648">
        <ele>246.95</ele>
        <time>2026-04-19T17:17:33Z</time>
      </trkpt>
      <trkpt lat="33.59054" lon="-117.77647">
        <ele>247.46</ele>
        <time>2026-04-19T17:17:36Z</time>
      </trkpt>
      <trkpt lat="33.59051" lon="-117.77646">
        <ele>248.25</ele>
        <time>2026-04-19T17:17:39Z</time>
      </trkpt>
      <trkpt lat="33.59049" lon="-117.77644">
        <ele>248.49</ele>
        <time>2026-04-19T17:17:44Z</time>
      </trkpt>
      <trkpt lat="33.59046" lon="-117.77641">
        <ele>248.52</ele>
        <time>2026-04-19T17:17:49Z</time>
      </trkpt>
      <trkpt lat="33.59043" lon="-117.7764">
        <ele>248.95</ele>
        <time>2026-04-19T17:17:52Z</time>
      </trkpt>
      <trkpt lat="33.59041" lon="-117.77638">
        <ele>249.09</ele>
        <time>2026-04-19T17:17:55Z</time>
      </trkpt>
      <trkpt lat="33.59038" lon="-117.77637">
        <ele>249.61</ele>
        <time>2026-04-19T17:17:58Z</time>
      </trkpt>
      <trkpt lat="33.59035" lon="-117.77635">
        <ele>250.15</ele>
        <time>2026-04-19T17:18:01Z</time>
      </trkpt>
      <trkpt lat="33.59033" lon="-117.77633">
        <ele>250.39</ele>
        <time>2026-04-19T17:18:04Z</time>
      </trkpt>
      <trkpt lat="33.59031" lon="-117.77631">
        <ele>250.55</ele>
        <time>2026-04-19T17:18:07Z</time>
      </trkpt>
      <trkpt lat="33.59029" lon="-117.77628">
        <ele>250.58</ele>
        <time>2026-04-19T17:18:09Z</time>
      </trkpt>
      <trkpt lat="33.59028" lon="-117.77624">
        <ele>250.36</ele>
        <time>2026-04-19T17:18:11Z</time>
      </trkpt>
      <trkpt lat="33.59027" lon="-117.7762">
        <ele>250.04</ele>
        <time>2026-04-19T17:18:13Z</time>
      </trkpt>
      <trkpt lat="33.59025" lon="-117.77617">
        <ele>249.94</ele>
        <time>2026-04-19T17:18:15Z</time>
      </trkpt>
      <trkpt lat="33.59024" lon="-117.77614">
        <ele>249.72</ele>
        <time>2026-04-19T17:18:18Z</time>
      </trkpt>
      <trkpt lat="33.59022" lon="-117.7761">
        <ele>249.58</ele>
        <time>2026-04-19T17:18:21Z</time>
      </trkpt>
      <trkpt lat="33.59021" lon="-117.77607">
        <ele>249.61</ele>
        <time>2026-04-19T17:18:24Z</time>
      </trkpt>
      <trkpt lat="33.59019" lon="-117.77603">
        <ele>249.9</ele>
        <time>2026-04-19T17:18:27Z</time>
      </trkpt>
      <trkpt lat="33.59019" lon="-117.77599">
        <ele>249.6</ele>
        <time>2026-04-19T17:18:30Z</time>
      </trkpt>
      <trkpt lat="33.59021" lon="-117.77596">
        <ele>249.0</ele>
        <time>2026-04-19T17:18:32Z</time>
      </trkpt>
      <trkpt lat="33.59021" lon="-117.77592">
        <ele>248.73</ele>
        <time>2026-04-19T17:18:35Z</time>
      </trkpt>
      <trkpt lat="33.59021" lon="-117.77588">
        <ele>248.73</ele>
        <time>2026-04-19T17:18:38Z</time>
      </trkpt>
      <trkpt lat="33.5902" lon="-117.77584">
        <ele>248.84</ele>
        <time>2026-04-19T17:18:41Z</time>
      </trkpt>
      <trkpt lat="33.5902" lon="-117.77579">
        <ele>248.84</ele>
        <time>2026-04-19T17:18:44Z</time>
      </trkpt>
      <trkpt lat="33.59019" lon="-117.77575">
        <ele>248.95</ele>
        <time>2026-04-19T17:18:47Z</time>
      </trkpt>
      <trkpt lat="33.59019" lon="-117.77571">
        <ele>248.63</ele>
        <time>2026-04-19T17:18:50Z</time>
      </trkpt>
      <trkpt lat="33.59022" lon="-117.7757">
        <ele>248.35</ele>
        <time>2026-04-19T17:18:53Z</time>
      </trkpt>
      <trkpt lat="33.59025" lon="-117.7757">
        <ele>248.17</ele>
        <time>2026-04-19T17:18:55Z</time>
      </trkpt>
      <trkpt lat="33.59027" lon="-117.77571">
        <ele>248.06</ele>
        <time>2026-04-19T17:18:58Z</time>
      </trkpt>
      <trkpt lat="33.59029" lon="-117.7757">
        <ele>247.93</ele>
        <time>2026-04-19T17:19:02Z</time>
      </trkpt>
      <trkpt lat="33.59031" lon="-117.77568">
        <ele>247.88</ele>
        <time>2026-04-19T17:19:05Z</time>
      </trkpt>
      <trkpt lat="33.59034" lon="-117.77567">
        <ele>247.84</ele>
        <time>2026-04-19T17:19:08Z</time>
      </trkpt>
      <trkpt lat="33.59037" lon="-117.77566">
        <ele>247.87</ele>
        <time>2026-04-19T17:19:11Z</time>
      </trkpt>
      <trkpt lat="33.5904" lon="-117.77566">
        <ele>247.87</ele>
        <time>2026-04-19T17:19:14Z</time>
      </trkpt>
      <trkpt lat="33.59043" lon="-117.77566">
        <ele>247.87</ele>
        <time>2026-04-19T17:19:17Z</time>
      </trkpt>
      <trkpt lat="33.59047" lon="-117.77566">
        <ele>247.86</ele>
        <time>2026-04-19T17:19:20Z</time>
      </trkpt>
      <trkpt lat="33.5905" lon="-117.77566">
        <ele>247.82</ele>
        <time>2026-04-19T17:19:23Z</time>
      </trkpt>
      <trkpt lat="33.59053" lon="-117.77567">
        <ele>247.59</ele>
        <time>2026-04-19T17:19:26Z</time>
      </trkpt>
      <trkpt lat="33.59057" lon="-117.77567">
        <ele>247.53</ele>
        <time>2026-04-19T17:19:29Z</time>
      </trkpt>
      <trkpt lat="33.5906" lon="-117.77567">
        <ele>247.53</ele>
        <time>2026-04-19T17:19:32Z</time>
      </trkpt>
      <trkpt lat="33.59063" lon="-117.77568">
        <ele>247.31</ele>
        <time>2026-04-19T17:19:35Z</time>
      </trkpt>
      <trkpt lat="33.59066" lon="-117.77569">
        <ele>247.04</ele>
        <time>2026-04-19T17:19:38Z</time>
      </trkpt>
      <trkpt lat="33.59069" lon="-117.77569">
        <ele>246.89</ele>
        <time>2026-04-19T17:19:41Z</time>
      </trkpt>
      <trkpt lat="33.59072" lon="-117.77569">
        <ele>246.75</ele>
        <time>2026-04-19T17:19:44Z</time>
      </trkpt>
      <trkpt lat="33.59075" lon="-117.7757">
        <ele>246.22</ele>
        <time>2026-04-19T17:19:47Z</time>
      </trkpt>
      <trkpt lat="33.59079" lon="-117.7757">
        <ele>245.79</ele>
        <time>2026-04-19T17:19:50Z</time>
      </trkpt>
      <trkpt lat="33.59082" lon="-117.7757">
        <ele>245.46</ele>
        <time>2026-04-19T17:19:53Z</time>
      </trkpt>
      <trkpt lat="33.59085" lon="-117.7757">
        <ele>245.24</ele>
        <time>2026-04-19T17:19:56Z</time>
      </trkpt>
      <trkpt lat="33.59088" lon="-117.7757">
        <ele>245.1</ele>
        <time>2026-04-19T17:19:59Z</time>
      </trkpt>
      <trkpt lat="33.59091" lon="-117.7757">
        <ele>244.96</ele>
        <time>2026-04-19T17:20:02Z</time>
      </trkpt>
      <trkpt lat="33.59094" lon="-117.77569">
        <ele>244.86</ele>
        <time>2026-04-19T17:20:05Z</time>
      </trkpt>
      <trkpt lat="33.59097" lon="-117.77569">
        <ele>244.36</ele>
        <time>2026-04-19T17:20:08Z</time>
      </trkpt>
      <trkpt lat="33.591" lon="-117.77568">
        <ele>243.99</ele>
        <time>2026-04-19T17:20:11Z</time>
      </trkpt>
      <trkpt lat="33.59103" lon="-117.77565">
        <ele>243.73</ele>
        <time>2026-04-19T17:20:14Z</time>
      </trkpt>
      <trkpt lat="33.59106" lon="-117.77562">
        <ele>243.88</ele>
        <time>2026-04-19T17:20:17Z</time>
      </trkpt>
      <trkpt lat="33.59108" lon="-117.7756">
        <ele>243.89</ele>
        <time>2026-04-19T17:20:20Z</time>
      </trkpt>
      <trkpt lat="33.59111" lon="-117.77557">
        <ele>243.72</ele>
        <time>2026-04-19T17:20:23Z</time>
      </trkpt>
      <trkpt lat="33.59112" lon="-117.77555">
        <ele>243.95</ele>
        <time>2026-04-19T17:20:26Z</time>
      </trkpt>
      <trkpt lat="33.59114" lon="-117.77552">
        <ele>244.6</ele>
        <time>2026-04-19T17:20:29Z</time>
      </trkpt>
      <trkpt lat="33.59117" lon="-117.7755">
        <ele>244.49</ele>
        <time>2026-04-19T17:20:32Z</time>
      </trkpt>
      <trkpt lat="33.5912" lon="-117.77547">
        <ele>244.82</ele>
        <time>2026-04-19T17:20:35Z</time>
      </trkpt>
      <trkpt lat="33.59123" lon="-117.77545">
        <ele>244.22</ele>
        <time>2026-04-19T17:20:38Z</time>
      </trkpt>
      <trkpt lat="33.59127" lon="-117.77543">
        <ele>243.36</ele>
        <time>2026-04-19T17:20:41Z</time>
      </trkpt>
      <trkpt lat="33.5913" lon="-117.7754">
        <ele>243.65</ele>
        <time>2026-04-19T17:20:44Z</time>
      </trkpt>
      <trkpt lat="33.59134" lon="-117.77538">
        <ele>243.69</ele>
        <time>2026-04-19T17:20:47Z</time>
      </trkpt>
      <trkpt lat="33.59137" lon="-117.77536">
        <ele>243.86</ele>
        <time>2026-04-19T17:20:50Z</time>
      </trkpt>
      <trkpt lat="33.5914" lon="-117.77534">
        <ele>243.99</ele>
        <time>2026-04-19T17:20:53Z</time>
      </trkpt>
      <trkpt lat="33.59144" lon="-117.77532">
        <ele>243.82</ele>
        <time>2026-04-19T17:20:56Z</time>
      </trkpt>
      <trkpt lat="33.59147" lon="-117.77531">
        <ele>243.55</ele>
        <time>2026-04-19T17:20:59Z</time>
      </trkpt>
      <trkpt lat="33.59151" lon="-117.7753">
        <ele>243.26</ele>
        <time>2026-04-19T17:21:02Z</time>
      </trkpt>
      <trkpt lat="33.59154" lon="-117.77531">
        <ele>242.22</ele>
        <time>2026-04-19T17:21:05Z</time>
      </trkpt>
      <trkpt lat="33.59158" lon="-117.77531">
        <ele>241.5</ele>
        <time>2026-04-19T17:21:08Z</time>
      </trkpt>
      <trkpt lat="33.59161" lon="-117.77531">
        <ele>240.97</ele>
        <time>2026-04-19T17:21:11Z</time>
      </trkpt>
      <trkpt lat="33.59164" lon="-117.77531">
        <ele>240.43</ele>
        <time>2026-04-19T17:21:14Z</time>
      </trkpt>
      <trkpt lat="33.59168" lon="-117.77531">
        <ele>239.81</ele>
        <time>2026-04-19T17:21:17Z</time>
      </trkpt>
      <trkpt lat="33.59171" lon="-117.7753">
        <ele>239.81</ele>
        <time>2026-04-19T17:21:20Z</time>
      </trkpt>
      <trkpt lat="33.59175" lon="-117.77529">
        <ele>239.7</ele>
        <time>2026-04-19T17:21:23Z</time>
      </trkpt>
      <trkpt lat="33.59178" lon="-117.77528">
        <ele>239.49</ele>
        <time>2026-04-19T17:21:26Z</time>
      </trkpt>
      <trkpt lat="33.59181" lon="-117.77528">
        <ele>238.85</ele>
        <time>2026-04-19T17:21:29Z</time>
      </trkpt>
      <trkpt lat="33.59185" lon="-117.77527">
        <ele>238.46</ele>
        <time>2026-04-19T17:21:32Z</time>
      </trkpt>
      <trkpt lat="33.59188" lon="-117.77527">
        <ele>237.79</ele>
        <time>2026-04-19T17:21:35Z</time>
      </trkpt>
      <trkpt lat="33.59191" lon="-117.77526">
        <ele>237.58</ele>
        <time>2026-04-19T17:21:38Z</time>
      </trkpt>
      <trkpt lat="33.59194" lon="-117.77525">
        <ele>237.31</ele>
        <time>2026-04-19T17:21:41Z</time>
      </trkpt>
      <trkpt lat="33.59197" lon="-117.77524">
        <ele>236.74</ele>
        <time>2026-04-19T17:21:44Z</time>
      </trkpt>
      <trkpt lat="33.592" lon="-117.77523">
        <ele>235.94</ele>
        <time>2026-04-19T17:21:47Z</time>
      </trkpt>
      <trkpt lat="33.59203" lon="-117.7752">
        <ele>235.18</ele>
        <time>2026-04-19T17:21:50Z</time>
      </trkpt>
      <trkpt lat="33.59205" lon="-117.77517">
        <ele>235.59</ele>
        <time>2026-04-19T17:21:52Z</time>
      </trkpt>
      <trkpt lat="33.59207" lon="-117.77514">
        <ele>236.39</ele>
        <time>2026-04-19T17:21:54Z</time>
      </trkpt>
      <trkpt lat="33.59209" lon="-117.77512">
        <ele>236.34</ele>
        <time>2026-04-19T17:21:56Z</time>
      </trkpt>
      <trkpt lat="33.59211" lon="-117.77509">
        <ele>236.12</ele>
        <time>2026-04-19T17:21:58Z</time>
      </trkpt>
      <trkpt lat="33.59212" lon="-117.77506">
        <ele>236.26</ele>
        <time>2026-04-19T17:22:01Z</time>
      </trkpt>
      <trkpt lat="33.59212" lon="-117.77502">
        <ele>237.17</ele>
        <time>2026-04-19T17:22:04Z</time>
      </trkpt>
      <trkpt lat="33.59214" lon="-117.77498">
        <ele>237.07</ele>
        <time>2026-04-19T17:22:07Z</time>
      </trkpt>
      <trkpt lat="33.59215" lon="-117.77494">
        <ele>237.49</ele>
        <time>2026-04-19T17:22:10Z</time>
      </trkpt>
      <trkpt lat="33.59217" lon="-117.7749">
        <ele>237.39</ele>
        <time>2026-04-19T17:22:13Z</time>
      </trkpt>
      <trkpt lat="33.59218" lon="-117.77486">
        <ele>237.52</ele>
        <time>2026-04-19T17:22:16Z</time>
      </trkpt>
      <trkpt lat="33.5922" lon="-117.77483">
        <ele>236.56</ele>
        <time>2026-04-19T17:22:19Z</time>
      </trkpt>
      <trkpt lat="33.59221" lon="-117.77479">
        <ele>236.42</ele>
        <time>2026-04-19T17:22:22Z</time>
      </trkpt>
      <trkpt lat="33.59222" lon="-117.77474">
        <ele>236.76</ele>
        <time>2026-04-19T17:22:25Z</time>
      </trkpt>
      <trkpt lat="33.59223" lon="-117.77471">
        <ele>236.98</ele>
        <time>2026-04-19T17:22:28Z</time>
      </trkpt>
      <trkpt lat="33.59224" lon="-117.77467">
        <ele>237.73</ele>
        <time>2026-04-19T17:22:31Z</time>
      </trkpt>
      <trkpt lat="33.59225" lon="-117.77463">
        <ele>238.49</ele>
        <time>2026-04-19T17:22:34Z</time>
      </trkpt>
      <trkpt lat="33.59226" lon="-117.77459">
        <ele>238.39</ele>
        <time>2026-04-19T17:22:37Z</time>
      </trkpt>
      <trkpt lat="33.59227" lon="-117.77456">
        <ele>238.17</ele>
        <time>2026-04-19T17:22:40Z</time>
      </trkpt>
      <trkpt lat="33.59229" lon="-117.77452">
        <ele>237.52</ele>
        <time>2026-04-19T17:22:43Z</time>
      </trkpt>
      <trkpt lat="33.59229" lon="-117.77449">
        <ele>237.85</ele>
        <time>2026-04-19T17:22:46Z</time>
      </trkpt>
      <trkpt lat="33.5923" lon="-117.77445">
        <ele>237.74</ele>
        <time>2026-04-19T17:22:49Z</time>
      </trkpt>
      <trkpt lat="33.59231" lon="-117.77442">
        <ele>237.27</ele>
        <time>2026-04-19T17:22:52Z</time>
      </trkpt>
      <trkpt lat="33.59231" lon="-117.77439">
        <ele>237.29</ele>
        <time>2026-04-19T17:22:55Z</time>
      </trkpt>
      <trkpt lat="33.5923" lon="-117.77435">
        <ele>237.95</ele>
        <time>2026-04-19T17:22:58Z</time>
      </trkpt>
      <trkpt lat="33.59228" lon="-117.77432">
        <ele>239.0</ele>
        <time>2026-04-19T17:23:01Z</time>
      </trkpt>
      <trkpt lat="33.59228" lon="-117.77428">
        <ele>238.67</ele>
        <time>2026-04-19T17:23:04Z</time>
      </trkpt>
      <trkpt lat="33.59227" lon="-117.77424">
        <ele>238.73</ele>
        <time>2026-04-19T17:23:07Z</time>
      </trkpt>
      <trkpt lat="33.59226" lon="-117.77421">
        <ele>238.74</ele>
        <time>2026-04-19T17:23:10Z</time>
      </trkpt>
      <trkpt lat="33.59225" lon="-117.77417">
        <ele>238.45</ele>
        <time>2026-04-19T17:23:13Z</time>
      </trkpt>
      <trkpt lat="33.59223" lon="-117.77413">
        <ele>237.68</ele>
        <time>2026-04-19T17:23:16Z</time>
      </trkpt>
      <trkpt lat="33.59221" lon="-117.77409">
        <ele>236.78</ele>
        <time>2026-04-19T17:23:19Z</time>
      </trkpt>
      <trkpt lat="33.59219" lon="-117.77405">
        <ele>236.18</ele>
        <time>2026-04-19T17:23:22Z</time>
      </trkpt>
      <trkpt lat="33.59216" lon="-117.77402">
        <ele>236.18</ele>
        <time>2026-04-19T17:23:25Z</time>
      </trkpt>
      <trkpt lat="33.59213" lon="-117.77399">
        <ele>236.18</ele>
        <time>2026-04-19T17:23:28Z</time>
      </trkpt>
      <trkpt lat="33.5921" lon="-117.77398">
        <ele>236.29</ele>
        <time>2026-04-19T17:23:31Z</time>
      </trkpt>
      <trkpt lat="33.59208" lon="-117.77397">
        <ele>236.35</ele>
        <time>2026-04-19T17:23:34Z</time>
      </trkpt>
      <trkpt lat="33.59205" lon="-117.77395">
        <ele>236.47</ele>
        <time>2026-04-19T17:23:37Z</time>
      </trkpt>
      <trkpt lat="33.59202" lon="-117.77394">
        <ele>236.94</ele>
        <time>2026-04-19T17:23:40Z</time>
      </trkpt>
      <trkpt lat="33.59199" lon="-117.77392">
        <ele>237.19</ele>
        <time>2026-04-19T17:23:43Z</time>
      </trkpt>
      <trkpt lat="33.59197" lon="-117.7739">
        <ele>237.02</ele>
        <time>2026-04-19T17:23:46Z</time>
      </trkpt>
      <trkpt lat="33.59194" lon="-117.77387">
        <ele>236.68</ele>
        <time>2026-04-19T17:23:49Z</time>
      </trkpt>
      <trkpt lat="33.59191" lon="-117.77385">
        <ele>236.75</ele>
        <time>2026-04-19T17:23:52Z</time>
      </trkpt>
      <trkpt lat="33.59188" lon="-117.77383">
        <ele>236.68</ele>
        <time>2026-04-19T17:23:55Z</time>
      </trkpt>
      <trkpt lat="33.59185" lon="-117.77381">
        <ele>236.5</ele>
        <time>2026-04-19T17:23:58Z</time>
      </trkpt>
      <trkpt lat="33.59183" lon="-117.77378">
        <ele>236.49</ele>
        <time>2026-04-19T17:24:01Z</time>
      </trkpt>
      <trkpt lat="33.5918" lon="-117.77375">
        <ele>236.9</ele>
        <time>2026-04-19T17:24:04Z</time>
      </trkpt>
      <trkpt lat="33.59178" lon="-117.77373">
        <ele>237.06</ele>
        <time>2026-04-19T17:24:07Z</time>
      </trkpt>
      <trkpt lat="33.59175" lon="-117.7737">
        <ele>237.12</ele>
        <time>2026-04-19T17:24:10Z</time>
      </trkpt>
      <trkpt lat="33.59173" lon="-117.77367">
        <ele>236.9</ele>
        <time>2026-04-19T17:24:13Z</time>
      </trkpt>
      <trkpt lat="33.5917" lon="-117.77364">
        <ele>236.9</ele>
        <time>2026-04-19T17:24:16Z</time>
      </trkpt>
      <trkpt lat="33.59168" lon="-117.77361">
        <ele>236.69</ele>
        <time>2026-04-19T17:24:19Z</time>
      </trkpt>
      <trkpt lat="33.59166" lon="-117.77358">
        <ele>236.57</ele>
        <time>2026-04-19T17:24:22Z</time>
      </trkpt>
      <trkpt lat="33.59164" lon="-117.77355">
        <ele>236.73</ele>
        <time>2026-04-19T17:24:25Z</time>
      </trkpt>
      <trkpt lat="33.59162" lon="-117.77352">
        <ele>237.04</ele>
        <time>2026-04-19T17:24:28Z</time>
      </trkpt>
      <trkpt lat="33.59159" lon="-117.77348">
        <ele>237.55</ele>
        <time>2026-04-19T17:24:31Z</time>
      </trkpt>
      <trkpt lat="33.59157" lon="-117.77345">
        <ele>237.65</ele>
        <time>2026-04-19T17:24:34Z</time>
      </trkpt>
      <trkpt lat="33.59155" lon="-117.77342">
        <ele>237.69</ele>
        <time>2026-04-19T17:24:37Z</time>
      </trkpt>
      <trkpt lat="33.59153" lon="-117.77338">
        <ele>237.91</ele>
        <time>2026-04-19T17:24:40Z</time>
      </trkpt>
      <trkpt lat="33.59151" lon="-117.77335">
        <ele>238.57</ele>
        <time>2026-04-19T17:24:43Z</time>
      </trkpt>
      <trkpt lat="33.59149" lon="-117.77331">
        <ele>239.06</ele>
        <time>2026-04-19T17:24:46Z</time>
      </trkpt>
      <trkpt lat="33.59148" lon="-117.77328">
        <ele>238.9</ele>
        <time>2026-04-19T17:24:49Z</time>
      </trkpt>
      <trkpt lat="33.59146" lon="-117.77324">
        <ele>238.68</ele>
        <time>2026-04-19T17:24:52Z</time>
      </trkpt>
      <trkpt lat="33.59146" lon="-117.77319">
        <ele>237.6</ele>
        <time>2026-04-19T17:24:55Z</time>
      </trkpt>
      <trkpt lat="33.59147" lon="-117.77314">
        <ele>236.2</ele>
        <time>2026-04-19T17:24:57Z</time>
      </trkpt>
      <trkpt lat="33.59147" lon="-117.7731">
        <ele>235.33</ele>
        <time>2026-04-19T17:24:59Z</time>
      </trkpt>
      <trkpt lat="33.59146" lon="-117.77306">
        <ele>234.79</ele>
        <time>2026-04-19T17:25:02Z</time>
      </trkpt>
      <trkpt lat="33.59144" lon="-117.77302">
        <ele>234.62</ele>
        <time>2026-04-19T17:25:05Z</time>
      </trkpt>
      <trkpt lat="33.59142" lon="-117.77299">
        <ele>234.34</ele>
        <time>2026-04-19T17:25:08Z</time>
      </trkpt>
      <trkpt lat="33.5914" lon="-117.77296">
        <ele>233.87</ele>
        <time>2026-04-19T17:25:11Z</time>
      </trkpt>
      <trkpt lat="33.59138" lon="-117.77294">
        <ele>234.31</ele>
        <time>2026-04-19T17:25:14Z</time>
      </trkpt>
      <trkpt lat="33.59136" lon="-117.77291">
        <ele>234.71</ele>
        <time>2026-04-19T17:25:17Z</time>
      </trkpt>
      <trkpt lat="33.59134" lon="-117.77288">
        <ele>234.69</ele>
        <time>2026-04-19T17:25:20Z</time>
      </trkpt>
      <trkpt lat="33.59132" lon="-117.77285">
        <ele>234.3</ele>
        <time>2026-04-19T17:25:23Z</time>
      </trkpt>
      <trkpt lat="33.5913" lon="-117.77282">
        <ele>233.87</ele>
        <time>2026-04-19T17:25:26Z</time>
      </trkpt>
      <trkpt lat="33.59128" lon="-117.77278">
        <ele>233.75</ele>
        <time>2026-04-19T17:25:29Z</time>
      </trkpt>
      <trkpt lat="33.59127" lon="-117.77275">
        <ele>233.58</ele>
        <time>2026-04-19T17:25:32Z</time>
      </trkpt>
      <trkpt lat="33.59125" lon="-117.77272">
        <ele>233.44</ele>
        <time>2026-04-19T17:25:35Z</time>
      </trkpt>
      <trkpt lat="33.59123" lon="-117.77269">
        <ele>232.88</ele>
        <time>2026-04-19T17:25:38Z</time>
      </trkpt>
      <trkpt lat="33.59121" lon="-117.77266">
        <ele>232.37</ele>
        <time>2026-04-19T17:25:41Z</time>
      </trkpt>
      <trkpt lat="33.59119" lon="-117.77263">
        <ele>232.14</ele>
        <time>2026-04-19T17:25:44Z</time>
      </trkpt>
      <trkpt lat="33.59117" lon="-117.7726">
        <ele>231.61</ele>
        <time>2026-04-19T17:25:47Z</time>
      </trkpt>
      <trkpt lat="33.59115" lon="-117.77258">
        <ele>231.06</ele>
        <time>2026-04-19T17:25:50Z</time>
      </trkpt>
      <trkpt lat="33.59112" lon="-117.77255">
        <ele>230.44</ele>
        <time>2026-04-19T17:25:53Z</time>
      </trkpt>
      <trkpt lat="33.59109" lon="-117.77253">
        <ele>229.97</ele>
        <time>2026-04-19T17:25:56Z</time>
      </trkpt>
      <trkpt lat="33.59106" lon="-117.77253">
        <ele>229.97</ele>
        <time>2026-04-19T17:25:58Z</time>
      </trkpt>
      <trkpt lat="33.59103" lon="-117.77254">
        <ele>230.3</ele>
        <time>2026-04-19T17:26:00Z</time>
      </trkpt>
      <trkpt lat="33.591" lon="-117.77254">
        <ele>229.98</ele>
        <time>2026-04-19T17:26:02Z</time>
      </trkpt>
      <trkpt lat="33.59097" lon="-117.77253">
        <ele>229.09</ele>
        <time>2026-04-19T17:26:05Z</time>
      </trkpt>
      <trkpt lat="33.59093" lon="-117.77253">
        <ele>228.37</ele>
        <time>2026-04-19T17:26:08Z</time>
      </trkpt>
      <trkpt lat="33.5909" lon="-117.77254">
        <ele>229.33</ele>
        <time>2026-04-19T17:26:11Z</time>
      </trkpt>
      <trkpt lat="33.59086" lon="-117.77255">
        <ele>230.53</ele>
        <time>2026-04-19T17:26:14Z</time>
      </trkpt>
      <trkpt lat="33.59083" lon="-117.77255">
        <ele>231.2</ele>
        <time>2026-04-19T17:26:17Z</time>
      </trkpt>
      <trkpt lat="33.5908" lon="-117.77255">
        <ele>232.25</ele>
        <time>2026-04-19T17:26:20Z</time>
      </trkpt>
      <trkpt lat="33.59076" lon="-117.77254">
        <ele>232.92</ele>
        <time>2026-04-19T17:26:23Z</time>
      </trkpt>
      <trkpt lat="33.59073" lon="-117.77253">
        <ele>233.22</ele>
        <time>2026-04-19T17:26:26Z</time>
      </trkpt>
      <trkpt lat="33.5907" lon="-117.77251">
        <ele>233.71</ele>
        <time>2026-04-19T17:26:30Z</time>
      </trkpt>
      <trkpt lat="33.59067" lon="-117.77249">
        <ele>234.78</ele>
        <time>2026-04-19T17:26:35Z</time>
      </trkpt>
      <trkpt lat="33.59064" lon="-117.77247">
        <ele>235.47</ele>
        <time>2026-04-19T17:26:40Z</time>
      </trkpt>
      <trkpt lat="33.59062" lon="-117.77245">
        <ele>235.3</ele>
        <time>2026-04-19T17:26:45Z</time>
      </trkpt>
      <trkpt lat="33.59059" lon="-117.77242">
        <ele>235.41</ele>
        <time>2026-04-19T17:26:49Z</time>
      </trkpt>
      <trkpt lat="33.59057" lon="-117.77239">
        <ele>235.37</ele>
        <time>2026-04-19T17:26:52Z</time>
      </trkpt>
      <trkpt lat="33.59056" lon="-117.77235">
        <ele>234.29</ele>
        <time>2026-04-19T17:26:54Z</time>
      </trkpt>
      <trkpt lat="33.59055" lon="-117.7723">
        <ele>232.51</ele>
        <time>2026-04-19T17:26:56Z</time>
      </trkpt>
      <trkpt lat="33.59052" lon="-117.77226">
        <ele>232.19</ele>
        <time>2026-04-19T17:26:59Z</time>
      </trkpt>
      <trkpt lat="33.5905" lon="-117.77223">
        <ele>231.97</ele>
        <time>2026-04-19T17:27:02Z</time>
      </trkpt>
      <trkpt lat="33.59049" lon="-117.77219">
        <ele>231.65</ele>
        <time>2026-04-19T17:27:05Z</time>
      </trkpt>
      <trkpt lat="33.59047" lon="-117.77216">
        <ele>232.25</ele>
        <time>2026-04-19T17:27:08Z</time>
      </trkpt>
      <trkpt lat="33.59045" lon="-117.77212">
        <ele>232.12</ele>
        <time>2026-04-19T17:27:12Z</time>
      </trkpt>
      <trkpt lat="33.59047" lon="-117.77209">
        <ele>230.37</ele>
        <time>2026-04-19T17:27:16Z</time>
      </trkpt>
      <trkpt lat="33.59048" lon="-117.77206">
        <ele>228.96</ele>
        <time>2026-04-19T17:27:20Z</time>
      </trkpt>
      <trkpt lat="33.59048" lon="-117.77202">
        <ele>228.15</ele>
        <time>2026-04-19T17:27:24Z</time>
      </trkpt>
      <trkpt lat="33.59047" lon="-117.77198">
        <ele>228.17</ele>
        <time>2026-04-19T17:27:27Z</time>
      </trkpt>
      <trkpt lat="33.59047" lon="-117.77194">
        <ele>227.84</ele>
        <time>2026-04-19T17:27:30Z</time>
      </trkpt>
      <trkpt lat="33.59046" lon="-117.7719">
        <ele>228.13</ele>
        <time>2026-04-19T17:27:33Z</time>
      </trkpt>
      <trkpt lat="33.59045" lon="-117.77187">
        <ele>228.56</ele>
        <time>2026-04-19T17:27:36Z</time>
      </trkpt>
      <trkpt lat="33.59045" lon="-117.77183">
        <ele>228.56</ele>
        <time>2026-04-19T17:27:39Z</time>
      </trkpt>
      <trkpt lat="33.59045" lon="-117.77178">
        <ele>228.56</ele>
        <time>2026-04-19T17:27:42Z</time>
      </trkpt>
      <trkpt lat="33.59045" lon="-117.77174">
        <ele>228.5</ele>
        <time>2026-04-19T17:27:45Z</time>
      </trkpt>
      <trkpt lat="33.59046" lon="-117.7717">
        <ele>228.09</ele>
        <time>2026-04-19T17:27:48Z</time>
      </trkpt>
      <trkpt lat="33.59046" lon="-117.77166">
        <ele>227.78</ele>
        <time>2026-04-19T17:27:51Z</time>
      </trkpt>
      <trkpt lat="33.59046" lon="-117.77163">
        <ele>226.49</ele>
        <time>2026-04-19T17:27:54Z</time>
      </trkpt>
      <trkpt lat="33.59045" lon="-117.77159">
        <ele>225.08</ele>
        <time>2026-04-19T17:27:57Z</time>
      </trkpt>
      <trkpt lat="33.59045" lon="-117.77155">
        <ele>224.12</ele>
        <time>2026-04-19T17:28:00Z</time>
      </trkpt>
      <trkpt lat="33.59044" lon="-117.77151">
        <ele>223.88</ele>
        <time>2026-04-19T17:28:03Z</time>
      </trkpt>
      <trkpt lat="33.59043" lon="-117.77147">
        <ele>223.34</ele>
        <time>2026-04-19T17:28:06Z</time>
      </trkpt>
      <trkpt lat="33.5904" lon="-117.77145">
        <ele>223.34</ele>
        <time>2026-04-19T17:28:08Z</time>
      </trkpt>
      <trkpt lat="33.59037" lon="-117.77143">
        <ele>223.34</ele>
        <time>2026-04-19T17:28:10Z</time>
      </trkpt>
      <trkpt lat="33.59035" lon="-117.7714">
        <ele>223.02</ele>
        <time>2026-04-19T17:28:12Z</time>
      </trkpt>
      <trkpt lat="33.59033" lon="-117.77137">
        <ele>222.93</ele>
        <time>2026-04-19T17:28:15Z</time>
      </trkpt>
      <trkpt lat="33.59031" lon="-117.77133">
        <ele>222.49</ele>
        <time>2026-04-19T17:28:18Z</time>
      </trkpt>
      <trkpt lat="33.59029" lon="-117.7713">
        <ele>221.98</ele>
        <time>2026-04-19T17:28:21Z</time>
      </trkpt>
      <trkpt lat="33.59027" lon="-117.77126">
        <ele>221.55</ele>
        <time>2026-04-19T17:28:24Z</time>
      </trkpt>
      <trkpt lat="33.59025" lon="-117.77123">
        <ele>221.77</ele>
        <time>2026-04-19T17:28:27Z</time>
      </trkpt>
      <trkpt lat="33.59023" lon="-117.7712">
        <ele>221.92</ele>
        <time>2026-04-19T17:28:30Z</time>
      </trkpt>
      <trkpt lat="33.5902" lon="-117.77117">
        <ele>221.71</ele>
        <time>2026-04-19T17:28:33Z</time>
      </trkpt>
      <trkpt lat="33.59018" lon="-117.77113">
        <ele>220.27</ele>
        <time>2026-04-19T17:28:36Z</time>
      </trkpt>
      <trkpt lat="33.59016" lon="-117.7711">
        <ele>220.11</ele>
        <time>2026-04-19T17:28:39Z</time>
      </trkpt>
      <trkpt lat="33.59014" lon="-117.77107">
        <ele>220.13</ele>
        <time>2026-04-19T17:28:42Z</time>
      </trkpt>
      <trkpt lat="33.59011" lon="-117.77104">
        <ele>219.8</ele>
        <time>2026-04-19T17:28:45Z</time>
      </trkpt>
      <trkpt lat="33.59009" lon="-117.77101">
        <ele>218.95</ele>
        <time>2026-04-19T17:28:48Z</time>
      </trkpt>
      <trkpt lat="33.59007" lon="-117.77098">
        <ele>219.18</ele>
        <time>2026-04-19T17:28:51Z</time>
      </trkpt>
      <trkpt lat="33.59005" lon="-117.77095">
        <ele>219.14</ele>
        <time>2026-04-19T17:28:54Z</time>
      </trkpt>
      <trkpt lat="33.59003" lon="-117.77092">
        <ele>218.82</ele>
        <time>2026-04-19T17:28:57Z</time>
      </trkpt>
      <trkpt lat="33.59" lon="-117.77088">
        <ele>218.51</ele>
        <time>2026-04-19T17:29:01Z</time>
      </trkpt>
      <trkpt lat="33.58998" lon="-117.77084">
        <ele>218.08</ele>
        <time>2026-04-19T17:29:05Z</time>
      </trkpt>
      <trkpt lat="33.58995" lon="-117.7708">
        <ele>217.69</ele>
        <time>2026-04-19T17:29:09Z</time>
      </trkpt>
      <trkpt lat="33.58993" lon="-117.77076">
        <ele>216.45</ele>
        <time>2026-04-19T17:29:13Z</time>
      </trkpt>
      <trkpt lat="33.5899" lon="-117.77073">
        <ele>216.1</ele>
        <time>2026-04-19T17:29:17Z</time>
      </trkpt>
      <trkpt lat="33.58988" lon="-117.77069">
        <ele>215.85</ele>
        <time>2026-04-19T17:29:21Z</time>
      </trkpt>
      <trkpt lat="33.58985" lon="-117.77065">
        <ele>215.06</ele>
        <time>2026-04-19T17:29:25Z</time>
      </trkpt>
      <trkpt lat="33.58983" lon="-117.77062">
        <ele>214.65</ele>
        <time>2026-04-19T17:29:28Z</time>
      </trkpt>
      <trkpt lat="33.58982" lon="-117.77059">
        <ele>214.34</ele>
        <time>2026-04-19T17:29:31Z</time>
      </trkpt>
      <trkpt lat="33.5898" lon="-117.77056">
        <ele>214.07</ele>
        <time>2026-04-19T17:29:34Z</time>
      </trkpt>
      <trkpt lat="33.58976" lon="-117.77057">
        <ele>214.43</ele>
        <time>2026-04-19T17:29:39Z</time>
      </trkpt>
      <trkpt lat="33.58974" lon="-117.77057">
        <ele>214.53</ele>
        <time>2026-04-19T17:29:43Z</time>
      </trkpt>
      <trkpt lat="33.5897" lon="-117.77056">
        <ele>214.19</ele>
        <time>2026-04-19T17:29:47Z</time>
      </trkpt>
      <trkpt lat="33.58967" lon="-117.77055">
        <ele>213.88</ele>
        <time>2026-04-19T17:29:49Z</time>
      </trkpt>
      <trkpt lat="33.58964" lon="-117.77055">
        <ele>213.88</ele>
        <time>2026-04-19T17:29:51Z</time>
      </trkpt>
      <trkpt lat="33.58961" lon="-117.77055">
        <ele>213.88</ele>
        <time>2026-04-19T17:29:53Z</time>
      </trkpt>
      <trkpt lat="33.58957" lon="-117.77054">
        <ele>213.66</ele>
        <time>2026-04-19T17:29:56Z</time>
      </trkpt>
      <trkpt lat="33.58954" lon="-117.77053">
        <ele>213.45</ele>
        <time>2026-04-19T17:29:59Z</time>
      </trkpt>
      <trkpt lat="33.58951" lon="-117.77052">
        <ele>213.23</ele>
        <time>2026-04-19T17:30:02Z</time>
      </trkpt>
      <trkpt lat="33.58948" lon="-117.77051">
        <ele>213.02</ele>
        <time>2026-04-19T17:30:05Z</time>
      </trkpt>
      <trkpt lat="33.58944" lon="-117.77051">
        <ele>213.11</ele>
        <time>2026-04-19T17:30:08Z</time>
      </trkpt>
      <trkpt lat="33.58941" lon="-117.77049">
        <ele>213.02</ele>
        <time>2026-04-19T17:30:11Z</time>
      </trkpt>
      <trkpt lat="33.58938" lon="-117.77048">
        <ele>212.88</ele>
        <time>2026-04-19T17:30:14Z</time>
      </trkpt>
      <trkpt lat="33.58935" lon="-117.77046">
        <ele>211.99</ele>
        <time>2026-04-19T17:30:17Z</time>
      </trkpt>
      <trkpt lat="33.58932" lon="-117.77045">
        <ele>212.66</ele>
        <time>2026-04-19T17:30:20Z</time>
      </trkpt>
      <trkpt lat="33.58929" lon="-117.77043">
        <ele>212.82</ele>
        <time>2026-04-19T17:30:24Z</time>
      </trkpt>
      <trkpt lat="33.58926" lon="-117.77041">
        <ele>212.7</ele>
        <time>2026-04-19T17:30:28Z</time>
      </trkpt>
      <trkpt lat="33.58924" lon="-117.7704">
        <ele>212.55</ele>
        <time>2026-04-19T17:30:31Z</time>
      </trkpt>
      <trkpt lat="33.58921" lon="-117.77038">
        <ele>212.0</ele>
        <time>2026-04-19T17:30:34Z</time>
      </trkpt>
      <trkpt lat="33.58918" lon="-117.77036">
        <ele>211.52</ele>
        <time>2026-04-19T17:30:37Z</time>
      </trkpt>
      <trkpt lat="33.58916" lon="-117.77035">
        <ele>211.51</ele>
        <time>2026-04-19T17:30:40Z</time>
      </trkpt>
      <trkpt lat="33.58913" lon="-117.77033">
        <ele>211.36</ele>
        <time>2026-04-19T17:30:43Z</time>
      </trkpt>
      <trkpt lat="33.58911" lon="-117.77032">
        <ele>211.21</ele>
        <time>2026-04-19T17:30:46Z</time>
      </trkpt>
      <trkpt lat="33.58908" lon="-117.7703">
        <ele>210.39</ele>
        <time>2026-04-19T17:30:49Z</time>
      </trkpt>
      <trkpt lat="33.58905" lon="-117.77028">
        <ele>209.66</ele>
        <time>2026-04-19T17:30:52Z</time>
      </trkpt>
      <trkpt lat="33.58903" lon="-117.77026">
        <ele>209.28</ele>
        <time>2026-04-19T17:30:55Z</time>
      </trkpt>
      <trkpt lat="33.589" lon="-117.77025">
        <ele>209.46</ele>
        <time>2026-04-19T17:30:58Z</time>
      </trkpt>
      <trkpt lat="33.58898" lon="-117.77023">
        <ele>208.95</ele>
        <time>2026-04-19T17:31:01Z</time>
      </trkpt>
      <trkpt lat="33.58895" lon="-117.77021">
        <ele>208.25</ele>
        <time>2026-04-19T17:31:04Z</time>
      </trkpt>
      <trkpt lat="33.58892" lon="-117.7702">
        <ele>207.85</ele>
        <time>2026-04-19T17:31:07Z</time>
      </trkpt>
      <trkpt lat="33.58889" lon="-117.77018">
        <ele>206.83</ele>
        <time>2026-04-19T17:31:10Z</time>
      </trkpt>
      <trkpt lat="33.58887" lon="-117.77017">
        <ele>206.92</ele>
        <time>2026-04-19T17:31:13Z</time>
      </trkpt>
      <trkpt lat="33.58884" lon="-117.77015">
        <ele>206.92</ele>
        <time>2026-04-19T17:31:16Z</time>
      </trkpt>
      <trkpt lat="33.58881" lon="-117.77014">
        <ele>207.24</ele>
        <time>2026-04-19T17:31:19Z</time>
      </trkpt>
      <trkpt lat="33.58878" lon="-117.77012">
        <ele>207.04</ele>
        <time>2026-04-19T17:31:22Z</time>
      </trkpt>
      <trkpt lat="33.58876" lon="-117.7701">
        <ele>206.33</ele>
        <time>2026-04-19T17:31:25Z</time>
      </trkpt>
      <trkpt lat="33.58873" lon="-117.77009">
        <ele>205.91</ele>
        <time>2026-04-19T17:31:28Z</time>
      </trkpt>
      <trkpt lat="33.5887" lon="-117.77007">
        <ele>205.38</ele>
        <time>2026-04-19T17:31:31Z</time>
      </trkpt>
      <trkpt lat="33.58867" lon="-117.77006">
        <ele>205.91</ele>
        <time>2026-04-19T17:31:34Z</time>
      </trkpt>
      <trkpt lat="33.58864" lon="-117.77004">
        <ele>205.97</ele>
        <time>2026-04-19T17:31:37Z</time>
      </trkpt>
      <trkpt lat="33.58862" lon="-117.77002">
        <ele>205.65</ele>
        <time>2026-04-19T17:31:40Z</time>
      </trkpt>
      <trkpt lat="33.58859" lon="-117.77001">
        <ele>205.86</ele>
        <time>2026-04-19T17:31:43Z</time>
      </trkpt>
      <trkpt lat="33.58859" lon="-117.76997">
        <ele>204.48</ele>
        <time>2026-04-19T17:31:50Z</time>
      </trkpt>
      <trkpt lat="33.58859" lon="-117.77001">
        <ele>205.86</ele>
        <time>2026-04-19T17:32:03Z</time>
      </trkpt>
      <trkpt lat="33.58857" lon="-117.76997">
        <ele>204.92</ele>
        <time>2026-04-19T17:33:04Z</time>
      </trkpt>
      <trkpt lat="33.58853" lon="-117.76994">
        <ele>204.81</ele>
        <time>2026-04-19T17:33:07Z</time>
      </trkpt>
      <trkpt lat="33.58848" lon="-117.76989">
        <ele>204.61</ele>
        <time>2026-04-19T17:33:09Z</time>
      </trkpt>
      <trkpt lat="33.58845" lon="-117.76986">
        <ele>204.31</ele>
        <time>2026-04-19T17:33:10Z</time>
      </trkpt>
      <trkpt lat="33.58841" lon="-117.76983">
        <ele>204.49</ele>
        <time>2026-04-19T17:33:12Z</time>
      </trkpt>
      <trkpt lat="33.58839" lon="-117.7698">
        <ele>204.88</ele>
        <time>2026-04-19T17:33:14Z</time>
      </trkpt>
      <trkpt lat="33.58836" lon="-117.76977">
        <ele>206.22</ele>
        <time>2026-04-19T17:33:17Z</time>
      </trkpt>
      <trkpt lat="33.58834" lon="-117.76973">
        <ele>206.79</ele>
        <time>2026-04-19T17:33:21Z</time>
      </trkpt>
      <trkpt lat="33.58833" lon="-117.76969">
        <ele>206.86</ele>
        <time>2026-04-19T17:33:25Z</time>
      </trkpt>
      <trkpt lat="33.58833" lon="-117.76966">
        <ele>206.56</ele>
        <time>2026-04-19T17:33:28Z</time>
      </trkpt>
      <trkpt lat="33.58834" lon="-117.76962">
        <ele>205.79</ele>
        <time>2026-04-19T17:33:31Z</time>
      </trkpt>
      <trkpt lat="33.58835" lon="-117.76959">
        <ele>205.48</ele>
        <time>2026-04-19T17:33:34Z</time>
      </trkpt>
      <trkpt lat="33.58836" lon="-117.76955">
        <ele>204.96</ele>
        <time>2026-04-19T17:33:37Z</time>
      </trkpt>
      <trkpt lat="33.58836" lon="-117.76951">
        <ele>205.4</ele>
        <time>2026-04-19T17:33:40Z</time>
      </trkpt>
      <trkpt lat="33.58837" lon="-117.76946">
        <ele>205.23</ele>
        <time>2026-04-19T17:33:43Z</time>
      </trkpt>
      <trkpt lat="33.58836" lon="-117.76942">
        <ele>206.3</ele>
        <time>2026-04-19T17:33:46Z</time>
      </trkpt>
      <trkpt lat="33.58837" lon="-117.76937">
        <ele>205.27</ele>
        <time>2026-04-19T17:33:49Z</time>
      </trkpt>
      <trkpt lat="33.58837" lon="-117.76933">
        <ele>204.99</ele>
        <time>2026-04-19T17:33:52Z</time>
      </trkpt>
      <trkpt lat="33.58839" lon="-117.76928">
        <ele>202.94</ele>
        <time>2026-04-19T17:33:55Z</time>
      </trkpt>
      <trkpt lat="33.5884" lon="-117.76924">
        <ele>201.69</ele>
        <time>2026-04-19T17:33:58Z</time>
      </trkpt>
      <trkpt lat="33.5884" lon="-117.76919">
        <ele>201.0</ele>
        <time>2026-04-19T17:34:01Z</time>
      </trkpt>
      <trkpt lat="33.58841" lon="-117.76915">
        <ele>199.85</ele>
        <time>2026-04-19T17:34:04Z</time>
      </trkpt>
      <trkpt lat="33.58842" lon="-117.76911">
        <ele>198.77</ele>
        <time>2026-04-19T17:34:07Z</time>
      </trkpt>
      <trkpt lat="33.58843" lon="-117.76907">
        <ele>197.82</ele>
        <time>2026-04-19T17:34:10Z</time>
      </trkpt>
      <trkpt lat="33.58843" lon="-117.76903">
        <ele>198.26</ele>
        <time>2026-04-19T17:34:13Z</time>
      </trkpt>
      <trkpt lat="33.58843" lon="-117.769">
        <ele>198.58</ele>
        <time>2026-04-19T17:34:16Z</time>
      </trkpt>
      <trkpt lat="33.58843" lon="-117.76896">
        <ele>199.48</ele>
        <time>2026-04-19T17:34:19Z</time>
      </trkpt>
      <trkpt lat="33.58843" lon="-117.76892">
        <ele>200.77</ele>
        <time>2026-04-19T17:34:22Z</time>
      </trkpt>
      <trkpt lat="33.58843" lon="-117.76888">
        <ele>201.96</ele>
        <time>2026-04-19T17:34:25Z</time>
      </trkpt>
      <trkpt lat="33.58844" lon="-117.76885">
        <ele>201.95</ele>
        <time>2026-04-19T17:34:28Z</time>
      </trkpt>
      <trkpt lat="33.58845" lon="-117.76881">
        <ele>201.96</ele>
        <time>2026-04-19T17:34:31Z</time>
      </trkpt>
      <trkpt lat="33.58846" lon="-117.76878">
        <ele>201.36</ele>
        <time>2026-04-19T17:34:34Z</time>
      </trkpt>
      <trkpt lat="33.58846" lon="-117.76874">
        <ele>201.2</ele>
        <time>2026-04-19T17:34:37Z</time>
      </trkpt>
      <trkpt lat="33.58847" lon="-117.7687">
        <ele>200.17</ele>
        <time>2026-04-19T17:34:40Z</time>
      </trkpt>
      <trkpt lat="33.58848" lon="-117.76867">
        <ele>199.18</ele>
        <time>2026-04-19T17:34:43Z</time>
      </trkpt>
      <trkpt lat="33.58849" lon="-117.76863">
        <ele>198.22</ele>
        <time>2026-04-19T17:34:46Z</time>
      </trkpt>
      <trkpt lat="33.5885" lon="-117.7686">
        <ele>197.38</ele>
        <time>2026-04-19T17:34:49Z</time>
      </trkpt>
      <trkpt lat="33.5885" lon="-117.76856">
        <ele>197.29</ele>
        <time>2026-04-19T17:34:52Z</time>
      </trkpt>
      <trkpt lat="33.58851" lon="-117.76852">
        <ele>196.55</ele>
        <time>2026-04-19T17:34:55Z</time>
      </trkpt>
      <trkpt lat="33.58852" lon="-117.76848">
        <ele>195.51</ele>
        <time>2026-04-19T17:34:58Z</time>
      </trkpt>
      <trkpt lat="33.58852" lon="-117.76844">
        <ele>195.09</ele>
        <time>2026-04-19T17:35:01Z</time>
      </trkpt>
      <trkpt lat="33.58853" lon="-117.7684">
        <ele>194.01</ele>
        <time>2026-04-19T17:35:04Z</time>
      </trkpt>
      <trkpt lat="33.58853" lon="-117.76836">
        <ele>193.26</ele>
        <time>2026-04-19T17:35:07Z</time>
      </trkpt>
      <trkpt lat="33.5885" lon="-117.76832">
        <ele>193.68</ele>
        <time>2026-04-19T17:35:10Z</time>
      </trkpt>
      <trkpt lat="33.58848" lon="-117.76829">
        <ele>193.89</ele>
        <time>2026-04-19T17:35:12Z</time>
      </trkpt>
      <trkpt lat="33.58847" lon="-117.76826">
        <ele>193.44</ele>
        <time>2026-04-19T17:35:14Z</time>
      </trkpt>
      <trkpt lat="33.58845" lon="-117.76822">
        <ele>192.1</ele>
        <time>2026-04-19T17:35:17Z</time>
      </trkpt>
      <trkpt lat="33.58843" lon="-117.7682">
        <ele>191.24</ele>
        <time>2026-04-19T17:35:19Z</time>
      </trkpt>
      <trkpt lat="33.5884" lon="-117.76817">
        <ele>190.09</ele>
        <time>2026-04-19T17:35:22Z</time>
      </trkpt>
      <trkpt lat="33.58837" lon="-117.76816">
        <ele>189.96</ele>
        <time>2026-04-19T17:35:25Z</time>
      </trkpt>
      <trkpt lat="33.58833" lon="-117.76816">
        <ele>190.26</ele>
        <time>2026-04-19T17:35:28Z</time>
      </trkpt>
      <trkpt lat="33.5883" lon="-117.76814">
        <ele>189.59</ele>
        <time>2026-04-19T17:35:31Z</time>
      </trkpt>
      <trkpt lat="33.58827" lon="-117.76813">
        <ele>189.15</ele>
        <time>2026-04-19T17:35:34Z</time>
      </trkpt>
      <trkpt lat="33.58824" lon="-117.76812">
        <ele>188.79</ele>
        <time>2026-04-19T17:35:37Z</time>
      </trkpt>
      <trkpt lat="33.58821" lon="-117.76812">
        <ele>188.88</ele>
        <time>2026-04-19T17:35:40Z</time>
      </trkpt>
      <trkpt lat="33.58817" lon="-117.76812">
        <ele>189.02</ele>
        <time>2026-04-19T17:35:43Z</time>
      </trkpt>
      <trkpt lat="33.58814" lon="-117.76812">
        <ele>189.18</ele>
        <time>2026-04-19T17:35:46Z</time>
      </trkpt>
      <trkpt lat="33.5881" lon="-117.76811">
        <ele>189.28</ele>
        <time>2026-04-19T17:35:49Z</time>
      </trkpt>
      <trkpt lat="33.58807" lon="-117.76811">
        <ele>189.61</ele>
        <time>2026-04-19T17:35:52Z</time>
      </trkpt>
      <trkpt lat="33.58804" lon="-117.7681">
        <ele>189.7</ele>
        <time>2026-04-19T17:35:55Z</time>
      </trkpt>
      <trkpt lat="33.588" lon="-117.76809">
        <ele>190.09</ele>
        <time>2026-04-19T17:35:58Z</time>
      </trkpt>
      <trkpt lat="33.58797" lon="-117.76807">
        <ele>190.17</ele>
        <time>2026-04-19T17:36:01Z</time>
      </trkpt>
      <trkpt lat="33.58795" lon="-117.76806">
        <ele>190.24</ele>
        <time>2026-04-19T17:36:04Z</time>
      </trkpt>
      <trkpt lat="33.58792" lon="-117.76803">
        <ele>189.91</ele>
        <time>2026-04-19T17:36:07Z</time>
      </trkpt>
      <trkpt lat="33.58792" lon="-117.768">
        <ele>189.26</ele>
        <time>2026-04-19T17:36:09Z</time>
      </trkpt>
      <trkpt lat="33.58792" lon="-117.76795">
        <ele>188.26</ele>
        <time>2026-04-19T17:36:11Z</time>
      </trkpt>
      <trkpt lat="33.58792" lon="-117.76792">
        <ele>187.78</ele>
        <time>2026-04-19T17:36:13Z</time>
      </trkpt>
      <trkpt lat="33.5879" lon="-117.76787">
        <ele>186.99</ele>
        <time>2026-04-19T17:36:16Z</time>
      </trkpt>
      <trkpt lat="33.58789" lon="-117.76784">
        <ele>186.02</ele>
        <time>2026-04-19T17:36:19Z</time>
      </trkpt>
      <trkpt lat="33.58787" lon="-117.76781">
        <ele>185.04</ele>
        <time>2026-04-19T17:36:22Z</time>
      </trkpt>
      <trkpt lat="33.58784" lon="-117.76779">
        <ele>184.07</ele>
        <time>2026-04-19T17:36:25Z</time>
      </trkpt>
      <trkpt lat="33.58781" lon="-117.76779">
        <ele>183.74</ele>
        <time>2026-04-19T17:36:28Z</time>
      </trkpt>
      <trkpt lat="33.58779" lon="-117.76781">
        <ele>184.18</ele>
        <time>2026-04-19T17:36:30Z</time>
      </trkpt>
      <trkpt lat="33.58777" lon="-117.76783">
        <ele>184.27</ele>
        <time>2026-04-19T17:36:32Z</time>
      </trkpt>
      <trkpt lat="33.58775" lon="-117.76785">
        <ele>183.84</ele>
        <time>2026-04-19T17:36:34Z</time>
      </trkpt>
      <trkpt lat="33.58772" lon="-117.76788">
        <ele>183.14</ele>
        <time>2026-04-19T17:36:37Z</time>
      </trkpt>
      <trkpt lat="33.5877" lon="-117.76791">
        <ele>183.24</ele>
        <time>2026-04-19T17:36:40Z</time>
      </trkpt>
      <trkpt lat="33.58767" lon="-117.76793">
        <ele>183.08</ele>
        <time>2026-04-19T17:36:43Z</time>
      </trkpt>
      <trkpt lat="33.58764" lon="-117.76796">
        <ele>183.41</ele>
        <time>2026-04-19T17:36:46Z</time>
      </trkpt>
      <trkpt lat="33.58761" lon="-117.76799">
        <ele>183.09</ele>
        <time>2026-04-19T17:36:49Z</time>
      </trkpt>
      <trkpt lat="33.58758" lon="-117.76802">
        <ele>182.96</ele>
        <time>2026-04-19T17:36:52Z</time>
      </trkpt>
      <trkpt lat="33.58756" lon="-117.76805">
        <ele>183.18</ele>
        <time>2026-04-19T17:36:55Z</time>
      </trkpt>
      <trkpt lat="33.58753" lon="-117.76807">
        <ele>183.38</ele>
        <time>2026-04-19T17:36:58Z</time>
      </trkpt>
      <trkpt lat="33.5875" lon="-117.76807">
        <ele>182.78</ele>
        <time>2026-04-19T17:37:00Z</time>
      </trkpt>
      <trkpt lat="33.58746" lon="-117.76806">
        <ele>182.67</ele>
        <time>2026-04-19T17:37:02Z</time>
      </trkpt>
      <trkpt lat="33.58743" lon="-117.76804">
        <ele>182.42</ele>
        <time>2026-04-19T17:37:04Z</time>
      </trkpt>
      <trkpt lat="33.5874" lon="-117.76802">
        <ele>182.33</ele>
        <time>2026-04-19T17:37:06Z</time>
      </trkpt>
      <trkpt lat="33.58737" lon="-117.76801">
        <ele>182.43</ele>
        <time>2026-04-19T17:37:08Z</time>
      </trkpt>
      <trkpt lat="33.58734" lon="-117.768">
        <ele>182.38</ele>
        <time>2026-04-19T17:37:10Z</time>
      </trkpt>
      <trkpt lat="33.58731" lon="-117.76798">
        <ele>181.89</ele>
        <time>2026-04-19T17:37:13Z</time>
      </trkpt>
      <trkpt lat="33.58728" lon="-117.76797">
        <ele>182.43</ele>
        <time>2026-04-19T17:37:16Z</time>
      </trkpt>
      <trkpt lat="33.58725" lon="-117.76796">
        <ele>182.98</ele>
        <time>2026-04-19T17:37:19Z</time>
      </trkpt>
      <trkpt lat="33.58722" lon="-117.76794">
        <ele>183.1</ele>
        <time>2026-04-19T17:37:22Z</time>
      </trkpt>
      <trkpt lat="33.5872" lon="-117.76791">
        <ele>182.67</ele>
        <time>2026-04-19T17:37:25Z</time>
      </trkpt>
      <trkpt lat="33.58717" lon="-117.76788">
        <ele>182.67</ele>
        <time>2026-04-19T17:37:29Z</time>
      </trkpt>
      <trkpt lat="33.58715" lon="-117.76785">
        <ele>182.39</ele>
        <time>2026-04-19T17:37:32Z</time>
      </trkpt>
      <trkpt lat="33.58714" lon="-117.76782">
        <ele>181.56</ele>
        <time>2026-04-19T17:37:35Z</time>
      </trkpt>
      <trkpt lat="33.58711" lon="-117.76779">
        <ele>180.92</ele>
        <time>2026-04-19T17:37:38Z</time>
      </trkpt>
      <trkpt lat="33.58709" lon="-117.76776">
        <ele>180.12</ele>
        <time>2026-04-19T17:37:41Z</time>
      </trkpt>
      <trkpt lat="33.58707" lon="-117.76773">
        <ele>179.08</ele>
        <time>2026-04-19T17:37:44Z</time>
      </trkpt>
      <trkpt lat="33.58705" lon="-117.7677">
        <ele>177.76</ele>
        <time>2026-04-19T17:37:47Z</time>
      </trkpt>
      <trkpt lat="33.58703" lon="-117.76768">
        <ele>176.7</ele>
        <time>2026-04-19T17:37:50Z</time>
      </trkpt>
      <trkpt lat="33.587" lon="-117.76766">
        <ele>175.51</ele>
        <time>2026-04-19T17:37:53Z</time>
      </trkpt>
      <trkpt lat="33.58698" lon="-117.76764">
        <ele>174.43</ele>
        <time>2026-04-19T17:37:56Z</time>
      </trkpt>
      <trkpt lat="33.58695" lon="-117.76763">
        <ele>173.68</ele>
        <time>2026-04-19T17:37:59Z</time>
      </trkpt>
      <trkpt lat="33.58692" lon="-117.76761">
        <ele>173.23</ele>
        <time>2026-04-19T17:38:02Z</time>
      </trkpt>
      <trkpt lat="33.5869" lon="-117.7676">
        <ele>173.24</ele>
        <time>2026-04-19T17:38:05Z</time>
      </trkpt>
      <trkpt lat="33.58687" lon="-117.76759">
        <ele>173.5</ele>
        <time>2026-04-19T17:38:08Z</time>
      </trkpt>
      <trkpt lat="33.58685" lon="-117.7676">
        <ele>174.26</ele>
        <time>2026-04-19T17:38:11Z</time>
      </trkpt>
      <trkpt lat="33.58681" lon="-117.7676">
        <ele>174.73</ele>
        <time>2026-04-19T17:38:15Z</time>
      </trkpt>
      <trkpt lat="33.58679" lon="-117.7676">
        <ele>174.96</ele>
        <time>2026-04-19T17:38:18Z</time>
      </trkpt>
      <trkpt lat="33.58676" lon="-117.76758">
        <ele>174.72</ele>
        <time>2026-04-19T17:38:21Z</time>
      </trkpt>
      <trkpt lat="33.58674" lon="-117.76755">
        <ele>174.72</ele>
        <time>2026-04-19T17:38:24Z</time>
      </trkpt>
      <trkpt lat="33.58671" lon="-117.76752">
        <ele>174.73</ele>
        <time>2026-04-19T17:38:27Z</time>
      </trkpt>
      <trkpt lat="33.58669" lon="-117.76749">
        <ele>174.17</ele>
        <time>2026-04-19T17:38:29Z</time>
      </trkpt>
      <trkpt lat="33.58668" lon="-117.76746">
        <ele>173.42</ele>
        <time>2026-04-19T17:38:31Z</time>
      </trkpt>
      <trkpt lat="33.58666" lon="-117.76743">
        <ele>172.75</ele>
        <time>2026-04-19T17:38:33Z</time>
      </trkpt>
      <trkpt lat="33.58663" lon="-117.7674">
        <ele>171.74</ele>
        <time>2026-04-19T17:38:36Z</time>
      </trkpt>
      <trkpt lat="33.58661" lon="-117.76738">
        <ele>171.18</ele>
        <time>2026-04-19T17:38:38Z</time>
      </trkpt>
      <trkpt lat="33.5866" lon="-117.76735">
        <ele>170.41</ele>
        <time>2026-04-19T17:38:40Z</time>
      </trkpt>
      <trkpt lat="33.58657" lon="-117.76732">
        <ele>170.12</ele>
        <time>2026-04-19T17:38:43Z</time>
      </trkpt>
      <trkpt lat="33.58654" lon="-117.7673">
        <ele>169.42</ele>
        <time>2026-04-19T17:38:46Z</time>
      </trkpt>
      <trkpt lat="33.58651" lon="-117.76728">
        <ele>168.76</ele>
        <time>2026-04-19T17:38:49Z</time>
      </trkpt>
      <trkpt lat="33.58648" lon="-117.76727">
        <ele>168.56</ele>
        <time>2026-04-19T17:38:52Z</time>
      </trkpt>
      <trkpt lat="33.58645" lon="-117.76726">
        <ele>168.43</ele>
        <time>2026-04-19T17:38:55Z</time>
      </trkpt>
      <trkpt lat="33.58642" lon="-117.76727">
        <ele>168.87</ele>
        <time>2026-04-19T17:38:58Z</time>
      </trkpt>
      <trkpt lat="33.58639" lon="-117.76726">
        <ele>168.81</ele>
        <time>2026-04-19T17:39:01Z</time>
      </trkpt>
      <trkpt lat="33.58635" lon="-117.76725">
        <ele>168.6</ele>
        <time>2026-04-19T17:39:03Z</time>
      </trkpt>
      <trkpt lat="33.58632" lon="-117.76725">
        <ele>168.6</ele>
        <time>2026-04-19T17:39:05Z</time>
      </trkpt>
      <trkpt lat="33.58628" lon="-117.76724">
        <ele>168.42</ele>
        <time>2026-04-19T17:39:08Z</time>
      </trkpt>
      <trkpt lat="33.58625" lon="-117.76723">
        <ele>168.21</ele>
        <time>2026-04-19T17:39:11Z</time>
      </trkpt>
      <trkpt lat="33.58622" lon="-117.76722">
        <ele>167.93</ele>
        <time>2026-04-19T17:39:14Z</time>
      </trkpt>
      <trkpt lat="33.58618" lon="-117.76721">
        <ele>167.67</ele>
        <time>2026-04-19T17:39:17Z</time>
      </trkpt>
      <trkpt lat="33.58615" lon="-117.76721">
        <ele>167.76</ele>
        <time>2026-04-19T17:39:20Z</time>
      </trkpt>
      <trkpt lat="33.58612" lon="-117.7672">
        <ele>167.71</ele>
        <time>2026-04-19T17:39:23Z</time>
      </trkpt>
      <trkpt lat="33.58609" lon="-117.7672">
        <ele>167.88</ele>
        <time>2026-04-19T17:39:26Z</time>
      </trkpt>
      <trkpt lat="33.58607" lon="-117.76719">
        <ele>167.79</ele>
        <time>2026-04-19T17:39:29Z</time>
      </trkpt>
      <trkpt lat="33.58603" lon="-117.76717">
        <ele>167.32</ele>
        <time>2026-04-19T17:39:33Z</time>
      </trkpt>
      <trkpt lat="33.58601" lon="-117.76716">
        <ele>167.14</ele>
        <time>2026-04-19T17:39:36Z</time>
      </trkpt>
      <trkpt lat="33.58599" lon="-117.76715">
        <ele>167.21</ele>
        <time>2026-04-19T17:39:39Z</time>
      </trkpt>
      <trkpt lat="33.58596" lon="-117.76711">
        <ele>166.92</ele>
        <time>2026-04-19T17:39:42Z</time>
      </trkpt>
      <trkpt lat="33.58595" lon="-117.76708">
        <ele>166.55</ele>
        <time>2026-04-19T17:39:44Z</time>
      </trkpt>
      <trkpt lat="33.58593" lon="-117.76704">
        <ele>166.02</ele>
        <time>2026-04-19T17:39:47Z</time>
      </trkpt>
      <trkpt lat="33.58593" lon="-117.767">
        <ele>165.56</ele>
        <time>2026-04-19T17:39:50Z</time>
      </trkpt>
      <trkpt lat="33.58592" lon="-117.76697">
        <ele>165.4</ele>
        <time>2026-04-19T17:39:53Z</time>
      </trkpt>
      <trkpt lat="33.58591" lon="-117.76694">
        <ele>165.26</ele>
        <time>2026-04-19T17:39:56Z</time>
      </trkpt>
      <trkpt lat="33.5859" lon="-117.76691">
        <ele>164.92</ele>
        <time>2026-04-19T17:39:59Z</time>
      </trkpt>
      <trkpt lat="33.5859" lon="-117.76688">
        <ele>164.36</ele>
        <time>2026-04-19T17:40:02Z</time>
      </trkpt>
      <trkpt lat="33.58589" lon="-117.76684">
        <ele>164.16</ele>
        <time>2026-04-19T17:40:05Z</time>
      </trkpt>
      <trkpt lat="33.58588" lon="-117.7668">
        <ele>164.49</ele>
        <time>2026-04-19T17:40:08Z</time>
      </trkpt>
      <trkpt lat="33.58588" lon="-117.76677">
        <ele>164.49</ele>
        <time>2026-04-19T17:40:11Z</time>
      </trkpt>
      <trkpt lat="33.58587" lon="-117.76673">
        <ele>164.5</ele>
        <time>2026-04-19T17:40:14Z</time>
      </trkpt>
      <trkpt lat="33.58587" lon="-117.76669">
        <ele>164.06</ele>
        <time>2026-04-19T17:40:17Z</time>
      </trkpt>
      <trkpt lat="33.58586" lon="-117.76666">
        <ele>164.06</ele>
        <time>2026-04-19T17:40:20Z</time>
      </trkpt>
      <trkpt lat="33.58586" lon="-117.76662">
        <ele>163.63</ele>
        <time>2026-04-19T17:40:23Z</time>
      </trkpt>
      <trkpt lat="33.58585" lon="-117.76659">
        <ele>163.63</ele>
        <time>2026-04-19T17:40:26Z</time>
      </trkpt>
      <trkpt lat="33.58584" lon="-117.76655">
        <ele>163.28</ele>
        <time>2026-04-19T17:40:29Z</time>
      </trkpt>
      <trkpt lat="33.58584" lon="-117.76652">
        <ele>162.66</ele>
        <time>2026-04-19T17:40:32Z</time>
      </trkpt>
      <trkpt lat="33.58583" lon="-117.76648">
        <ele>162.15</ele>
        <time>2026-04-19T17:40:35Z</time>
      </trkpt>
      <trkpt lat="33.58583" lon="-117.76644">
        <ele>161.28</ele>
        <time>2026-04-19T17:40:38Z</time>
      </trkpt>
      <trkpt lat="33.58582" lon="-117.7664">
        <ele>160.96</ele>
        <time>2026-04-19T17:40:41Z</time>
      </trkpt>
      <trkpt lat="33.58582" lon="-117.76637">
        <ele>160.31</ele>
        <time>2026-04-19T17:40:44Z</time>
      </trkpt>
      <trkpt lat="33.58581" lon="-117.76633">
        <ele>159.99</ele>
        <time>2026-04-19T17:40:47Z</time>
      </trkpt>
      <trkpt lat="33.5858" lon="-117.76629">
        <ele>159.68</ele>
        <time>2026-04-19T17:40:50Z</time>
      </trkpt>
      <trkpt lat="33.58579" lon="-117.76625">
        <ele>159.17</ele>
        <time>2026-04-19T17:40:53Z</time>
      </trkpt>
      <trkpt lat="33.58578" lon="-117.76621">
        <ele>158.2</ele>
        <time>2026-04-19T17:40:56Z</time>
      </trkpt>
      <trkpt lat="33.58576" lon="-117.76619">
        <ele>157.64</ele>
        <time>2026-04-19T17:40:58Z</time>
      </trkpt>
      <trkpt lat="33.58574" lon="-117.76616">
        <ele>157.06</ele>
        <time>2026-04-19T17:41:00Z</time>
      </trkpt>
      <trkpt lat="33.58571" lon="-117.76613">
        <ele>156.54</ele>
        <time>2026-04-19T17:41:02Z</time>
      </trkpt>
      <trkpt lat="33.58569" lon="-117.76611">
        <ele>155.94</ele>
        <time>2026-04-19T17:41:04Z</time>
      </trkpt>
      <trkpt lat="33.58567" lon="-117.76609">
        <ele>154.98</ele>
        <time>2026-04-19T17:41:06Z</time>
      </trkpt>
      <trkpt lat="33.58564" lon="-117.76608">
        <ele>154.69</ele>
        <time>2026-04-19T17:41:09Z</time>
      </trkpt>
      <trkpt lat="33.58561" lon="-117.76608">
        <ele>154.79</ele>
        <time>2026-04-19T17:41:13Z</time>
      </trkpt>
      <trkpt lat="33.58558" lon="-117.76607">
        <ele>154.55</ele>
        <time>2026-04-19T17:41:16Z</time>
      </trkpt>
      <trkpt lat="33.58555" lon="-117.76606">
        <ele>154.4</ele>
        <time>2026-04-19T17:41:19Z</time>
      </trkpt>
      <trkpt lat="33.58553" lon="-117.76605">
        <ele>154.3</ele>
        <time>2026-04-19T17:41:22Z</time>
      </trkpt>
      <trkpt lat="33.5855" lon="-117.76604">
        <ele>154.3</ele>
        <time>2026-04-19T17:41:25Z</time>
      </trkpt>
      <trkpt lat="33.58547" lon="-117.76603">
        <ele>154.3</ele>
        <time>2026-04-19T17:41:29Z</time>
      </trkpt>
      <trkpt lat="33.58544" lon="-117.76602">
        <ele>154.54</ele>
        <time>2026-04-19T17:41:32Z</time>
      </trkpt>
      <trkpt lat="33.58542" lon="-117.76601">
        <ele>154.55</ele>
        <time>2026-04-19T17:41:35Z</time>
      </trkpt>
      <trkpt lat="33.58539" lon="-117.76599">
        <ele>154.52</ele>
        <time>2026-04-19T17:41:38Z</time>
      </trkpt>
      <trkpt lat="33.58536" lon="-117.76598">
        <ele>154.85</ele>
        <time>2026-04-19T17:41:41Z</time>
      </trkpt>
      <trkpt lat="33.58534" lon="-117.76595">
        <ele>154.27</ele>
        <time>2026-04-19T17:41:44Z</time>
      </trkpt>
      <trkpt lat="33.58532" lon="-117.76592">
        <ele>153.99</ele>
        <time>2026-04-19T17:41:46Z</time>
      </trkpt>
      <trkpt lat="33.5853" lon="-117.76588">
        <ele>153.9</ele>
        <time>2026-04-19T17:41:48Z</time>
      </trkpt>
      <trkpt lat="33.58528" lon="-117.76584">
        <ele>154.0</ele>
        <time>2026-04-19T17:41:50Z</time>
      </trkpt>
      <trkpt lat="33.58527" lon="-117.76581">
        <ele>153.24</ele>
        <time>2026-04-19T17:41:52Z</time>
      </trkpt>
      <trkpt lat="33.58525" lon="-117.76578">
        <ele>152.27</ele>
        <time>2026-04-19T17:41:54Z</time>
      </trkpt>
      <trkpt lat="33.58523" lon="-117.76574">
        <ele>150.98</ele>
        <time>2026-04-19T17:41:57Z</time>
      </trkpt>
      <trkpt lat="33.58521" lon="-117.76571">
        <ele>150.0</ele>
        <time>2026-04-19T17:42:00Z</time>
      </trkpt>
      <trkpt lat="33.58519" lon="-117.76568">
        <ele>149.03</ele>
        <time>2026-04-19T17:42:03Z</time>
      </trkpt>
      <trkpt lat="33.58517" lon="-117.76567">
        <ele>148.79</ele>
        <time>2026-04-19T17:42:06Z</time>
      </trkpt>
      <trkpt lat="33.58514" lon="-117.76568">
        <ele>149.18</ele>
        <time>2026-04-19T17:42:10Z</time>
      </trkpt>
      <trkpt lat="33.5851" lon="-117.76568">
        <ele>149.32</ele>
        <time>2026-04-19T17:42:14Z</time>
      </trkpt>
      <trkpt lat="33.58507" lon="-117.76568">
        <ele>149.18</ele>
        <time>2026-04-19T17:42:18Z</time>
      </trkpt>
      <trkpt lat="33.58504" lon="-117.76569">
        <ele>149.14</ele>
        <time>2026-04-19T17:42:21Z</time>
      </trkpt>
      <trkpt lat="33.58501" lon="-117.76568">
        <ele>148.76</ele>
        <time>2026-04-19T17:42:24Z</time>
      </trkpt>
      <trkpt lat="33.58498" lon="-117.76567">
        <ele>148.26</ele>
        <time>2026-04-19T17:42:27Z</time>
      </trkpt>
      <trkpt lat="33.58496" lon="-117.76565">
        <ele>147.61</ele>
        <time>2026-04-19T17:42:30Z</time>
      </trkpt>
      <trkpt lat="33.58493" lon="-117.76564">
        <ele>147.09</ele>
        <time>2026-04-19T17:42:33Z</time>
      </trkpt>
      <trkpt lat="33.5849" lon="-117.76562">
        <ele>146.62</ele>
        <time>2026-04-19T17:42:36Z</time>
      </trkpt>
      <trkpt lat="33.58488" lon="-117.76561">
        <ele>146.29</ele>
        <time>2026-04-19T17:42:39Z</time>
      </trkpt>
      <trkpt lat="33.58486" lon="-117.76557">
        <ele>145.64</ele>
        <time>2026-04-19T17:42:42Z</time>
      </trkpt>
      <trkpt lat="33.58483" lon="-117.76554">
        <ele>144.94</ele>
        <time>2026-04-19T17:42:45Z</time>
      </trkpt>
      <trkpt lat="33.58481" lon="-117.76551">
        <ele>144.43</ele>
        <time>2026-04-19T17:42:48Z</time>
      </trkpt>
      <trkpt lat="33.58478" lon="-117.76549">
        <ele>143.65</ele>
        <time>2026-04-19T17:42:51Z</time>
      </trkpt>
      <trkpt lat="33.58476" lon="-117.76547">
        <ele>142.94</ele>
        <time>2026-04-19T17:42:54Z</time>
      </trkpt>
      <trkpt lat="33.58474" lon="-117.76545">
        <ele>142.36</ele>
        <time>2026-04-19T17:42:57Z</time>
      </trkpt>
      <trkpt lat="33.58471" lon="-117.76542">
        <ele>141.87</ele>
        <time>2026-04-19T17:43:00Z</time>
      </trkpt>
      <trkpt lat="33.58469" lon="-117.7654">
        <ele>141.65</ele>
        <time>2026-04-19T17:43:03Z</time>
      </trkpt>
      <trkpt lat="33.58467" lon="-117.76539">
        <ele>141.44</ele>
        <time>2026-04-19T17:43:06Z</time>
      </trkpt>
      <trkpt lat="33.58463" lon="-117.76537">
        <ele>141.0</ele>
        <time>2026-04-19T17:43:10Z</time>
      </trkpt>
      <trkpt lat="33.5846" lon="-117.76538">
        <ele>140.65</ele>
        <time>2026-04-19T17:43:14Z</time>
      </trkpt>
      <trkpt lat="33.58457" lon="-117.76541">
        <ele>140.08</ele>
        <time>2026-04-19T17:43:17Z</time>
      </trkpt>
      <trkpt lat="33.58455" lon="-117.76542">
        <ele>139.68</ele>
        <time>2026-04-19T17:43:20Z</time>
      </trkpt>
      <trkpt lat="33.58452" lon="-117.76543">
        <ele>138.99</ele>
        <time>2026-04-19T17:43:24Z</time>
      </trkpt>
      <trkpt lat="33.58448" lon="-117.76542">
        <ele>138.23</ele>
        <time>2026-04-19T17:43:28Z</time>
      </trkpt>
      <trkpt lat="33.58445" lon="-117.76541">
        <ele>137.69</ele>
        <time>2026-04-19T17:43:32Z</time>
      </trkpt>
      <trkpt lat="33.58442" lon="-117.76541">
        <ele>136.93</ele>
        <time>2026-04-19T17:43:36Z</time>
      </trkpt>
      <trkpt lat="33.58438" lon="-117.76542">
        <ele>135.7</ele>
        <time>2026-04-19T17:43:40Z</time>
      </trkpt>
      <trkpt lat="33.58435" lon="-117.76542">
        <ele>134.89</ele>
        <time>2026-04-19T17:43:44Z</time>
      </trkpt>
      <trkpt lat="33.58432" lon="-117.76542">
        <ele>134.26</ele>
        <time>2026-04-19T17:43:48Z</time>
      </trkpt>
      <trkpt lat="33.58429" lon="-117.76542">
        <ele>133.64</ele>
        <time>2026-04-19T17:43:52Z</time>
      </trkpt>
      <trkpt lat="33.58426" lon="-117.76541">
        <ele>133.02</ele>
        <time>2026-04-19T17:43:57Z</time>
      </trkpt>
      <trkpt lat="33.58423" lon="-117.76541">
        <ele>132.37</ele>
        <time>2026-04-19T17:44:01Z</time>
      </trkpt>
      <trkpt lat="33.5842" lon="-117.76541">
        <ele>131.72</ele>
        <time>2026-04-19T17:44:04Z</time>
      </trkpt>
      <trkpt lat="33.58418" lon="-117.76541">
        <ele>131.29</ele>
        <time>2026-04-19T17:44:07Z</time>
      </trkpt>
      <trkpt lat="33.58415" lon="-117.7654">
        <ele>130.52</ele>
        <time>2026-04-19T17:44:10Z</time>
      </trkpt>
      <trkpt lat="33.58412" lon="-117.76538">
        <ele>129.54</ele>
        <time>2026-04-19T17:44:13Z</time>
      </trkpt>
      <trkpt lat="33.5841" lon="-117.76536">
        <ele>128.92</ele>
        <time>2026-04-19T17:44:16Z</time>
      </trkpt>
      <trkpt lat="33.58407" lon="-117.76535">
        <ele>128.13</ele>
        <time>2026-04-19T17:44:19Z</time>
      </trkpt>
      <trkpt lat="33.58404" lon="-117.76533">
        <ele>127.7</ele>
        <time>2026-04-19T17:44:23Z</time>
      </trkpt>
      <trkpt lat="33.58401" lon="-117.76532">
        <ele>127.16</ele>
        <time>2026-04-19T17:44:27Z</time>
      </trkpt>
      <trkpt lat="33.58397" lon="-117.76531">
        <ele>126.45</ele>
        <time>2026-04-19T17:44:31Z</time>
      </trkpt>
      <trkpt lat="33.58395" lon="-117.76531">
        <ele>126.09</ele>
        <time>2026-04-19T17:44:34Z</time>
      </trkpt>
      <trkpt lat="33.58392" lon="-117.7653">
        <ele>125.59</ele>
        <time>2026-04-19T17:44:37Z</time>
      </trkpt>
      <trkpt lat="33.58389" lon="-117.7653">
        <ele>125.02</ele>
        <time>2026-04-19T17:44:40Z</time>
      </trkpt>
      <trkpt lat="33.58386" lon="-117.76529">
        <ele>124.15</ele>
        <time>2026-04-19T17:44:44Z</time>
      </trkpt>
      <trkpt lat="33.58383" lon="-117.76528">
        <ele>123.12</ele>
        <time>2026-04-19T17:44:48Z</time>
      </trkpt>
      <trkpt lat="33.5838" lon="-117.76527">
        <ele>122.2</ele>
        <time>2026-04-19T17:44:52Z</time>
      </trkpt>
      <trkpt lat="33.58377" lon="-117.76526">
        <ele>121.85</ele>
        <time>2026-04-19T17:44:56Z</time>
      </trkpt>
      <trkpt lat="33.58374" lon="-117.76525">
        <ele>121.51</ele>
        <time>2026-04-19T17:45:00Z</time>
      </trkpt>
      <trkpt lat="33.58371" lon="-117.76525">
        <ele>121.09</ele>
        <time>2026-04-19T17:45:04Z</time>
      </trkpt>
      <trkpt lat="33.58373" lon="-117.76523">
        <ele>121.43</ele>
        <time>2026-04-19T17:45:19Z</time>
      </trkpt>
      <trkpt lat="33.58371" lon="-117.76521">
        <ele>121.12</ele>
        <time>2026-04-19T17:45:39Z</time>
      </trkpt>
      <trkpt lat="33.58367" lon="-117.76521">
        <ele>120.64</ele>
        <time>2026-04-19T17:45:42Z</time>
      </trkpt>
      <trkpt lat="33.58363" lon="-117.7652">
        <ele>120.2</ele>
        <time>2026-04-19T17:45:45Z</time>
      </trkpt>
      <trkpt lat="33.5836" lon="-117.7652">
        <ele>119.68</ele>
        <time>2026-04-19T17:45:48Z</time>
      </trkpt>
      <trkpt lat="33.58357" lon="-117.76519">
        <ele>118.71</ele>
        <time>2026-04-19T17:45:52Z</time>
      </trkpt>
      <trkpt lat="33.58354" lon="-117.76519">
        <ele>117.78</ele>
        <time>2026-04-19T17:45:55Z</time>
      </trkpt>
      <trkpt lat="33.58351" lon="-117.76518">
        <ele>116.96</ele>
        <time>2026-04-19T17:45:58Z</time>
      </trkpt>
      <trkpt lat="33.58348" lon="-117.76517">
        <ele>116.75</ele>
        <time>2026-04-19T17:46:02Z</time>
      </trkpt>
      <trkpt lat="33.58345" lon="-117.76515">
        <ele>116.64</ele>
        <time>2026-04-19T17:46:06Z</time>
      </trkpt>
      <trkpt lat="33.58343" lon="-117.76512">
        <ele>116.75</ele>
        <time>2026-04-19T17:46:09Z</time>
      </trkpt>
      <trkpt lat="33.58341" lon="-117.76511">
        <ele>116.47</ele>
        <time>2026-04-19T17:46:12Z</time>
      </trkpt>
      <trkpt lat="33.58338" lon="-117.7651">
        <ele>115.93</ele>
        <time>2026-04-19T17:46:15Z</time>
      </trkpt>
      <trkpt lat="33.58335" lon="-117.76509">
        <ele>115.36</ele>
        <time>2026-04-19T17:46:19Z</time>
      </trkpt>
      <trkpt lat="33.58332" lon="-117.76508">
        <ele>114.73</ele>
        <time>2026-04-19T17:46:23Z</time>
      </trkpt>
      <trkpt lat="33.58328" lon="-117.76508">
        <ele>113.93</ele>
        <time>2026-04-19T17:46:27Z</time>
      </trkpt>
      <trkpt lat="33.58326" lon="-117.76507">
        <ele>113.61</ele>
        <time>2026-04-19T17:46:30Z</time>
      </trkpt>
      <trkpt lat="33.58323" lon="-117.76506">
        <ele>113.04</ele>
        <time>2026-04-19T17:46:33Z</time>
      </trkpt>
      <trkpt lat="33.5832" lon="-117.76506">
        <ele>112.19</ele>
        <time>2026-04-19T17:46:36Z</time>
      </trkpt>
      <trkpt lat="33.58317" lon="-117.76506">
        <ele>111.33</ele>
        <time>2026-04-19T17:46:39Z</time>
      </trkpt>
      <trkpt lat="33.58315" lon="-117.76506">
        <ele>110.76</ele>
        <time>2026-04-19T17:46:42Z</time>
      </trkpt>
      <trkpt lat="33.58312" lon="-117.76507">
        <ele>110.11</ele>
        <time>2026-04-19T17:46:45Z</time>
      </trkpt>
      <trkpt lat="33.58309" lon="-117.76508">
        <ele>109.56</ele>
        <time>2026-04-19T17:46:48Z</time>
      </trkpt>
      <trkpt lat="33.58306" lon="-117.76508">
        <ele>109.19</ele>
        <time>2026-04-19T17:46:51Z</time>
      </trkpt>
      <trkpt lat="33.58303" lon="-117.76508">
        <ele>108.97</ele>
        <time>2026-04-19T17:46:53Z</time>
      </trkpt>
      <trkpt lat="33.58299" lon="-117.76507">
        <ele>109.05</ele>
        <time>2026-04-19T17:46:56Z</time>
      </trkpt>
      <trkpt lat="33.58296" lon="-117.76507">
        <ele>108.9</ele>
        <time>2026-04-19T17:46:59Z</time>
      </trkpt>
      <trkpt lat="33.58292" lon="-117.76506">
        <ele>108.32</ele>
        <time>2026-04-19T17:47:02Z</time>
      </trkpt>
      <trkpt lat="33.58289" lon="-117.76506">
        <ele>107.55</ele>
        <time>2026-04-19T17:47:04Z</time>
      </trkpt>
      <trkpt lat="33.58286" lon="-117.76506">
        <ele>106.71</ele>
        <time>2026-04-19T17:47:06Z</time>
      </trkpt>
      <trkpt lat="33.58282" lon="-117.76505">
        <ele>105.54</ele>
        <time>2026-04-19T17:47:09Z</time>
      </trkpt>
      <trkpt lat="33.58279" lon="-117.76504">
        <ele>104.49</ele>
        <time>2026-04-19T17:47:12Z</time>
      </trkpt>
      <trkpt lat="33.58275" lon="-117.76503">
        <ele>103.41</ele>
        <time>2026-04-19T17:47:15Z</time>
      </trkpt>
      <trkpt lat="33.58273" lon="-117.765">
        <ele>103.48</ele>
        <time>2026-04-19T17:47:17Z</time>
      </trkpt>
      <trkpt lat="33.58271" lon="-117.76498">
        <ele>103.54</ele>
        <time>2026-04-19T17:47:19Z</time>
      </trkpt>
      <trkpt lat="33.58268" lon="-117.76495">
        <ele>103.48</ele>
        <time>2026-04-19T17:47:22Z</time>
      </trkpt>
      <trkpt lat="33.58266" lon="-117.76492">
        <ele>103.59</ele>
        <time>2026-04-19T17:47:25Z</time>
      </trkpt>
      <trkpt lat="33.58263" lon="-117.76489">
        <ele>103.22</ele>
        <time>2026-04-19T17:47:28Z</time>
      </trkpt>
      <trkpt lat="33.5826" lon="-117.76487">
        <ele>102.68</ele>
        <time>2026-04-19T17:47:31Z</time>
      </trkpt>
      <trkpt lat="33.58258" lon="-117.76487">
        <ele>102.08</ele>
        <time>2026-04-19T17:47:34Z</time>
      </trkpt>
      <trkpt lat="33.58255" lon="-117.76488">
        <ele>101.05</ele>
        <time>2026-04-19T17:47:37Z</time>
      </trkpt>
      <trkpt lat="33.58252" lon="-117.76489">
        <ele>100.17</ele>
        <time>2026-04-19T17:47:40Z</time>
      </trkpt>
      <trkpt lat="33.58249" lon="-117.7649">
        <ele>99.54</ele>
        <time>2026-04-19T17:47:43Z</time>
      </trkpt>
      <trkpt lat="33.58246" lon="-117.76491">
        <ele>99.18</ele>
        <time>2026-04-19T17:47:46Z</time>
      </trkpt>
      <trkpt lat="33.58243" lon="-117.76493">
        <ele>98.92</ele>
        <time>2026-04-19T17:47:49Z</time>
      </trkpt>
      <trkpt lat="33.5824" lon="-117.76496">
        <ele>99.01</ele>
        <time>2026-04-19T17:47:52Z</time>
      </trkpt>
      <trkpt lat="33.58237" lon="-117.76499">
        <ele>99.02</ele>
        <time>2026-04-19T17:47:55Z</time>
      </trkpt>
      <trkpt lat="33.58235" lon="-117.76501">
        <ele>98.65</ele>
        <time>2026-04-19T17:47:58Z</time>
      </trkpt>
      <trkpt lat="33.58233" lon="-117.76504">
        <ele>97.9</ele>
        <time>2026-04-19T17:48:01Z</time>
      </trkpt>
      <trkpt lat="33.5823" lon="-117.76507">
        <ele>96.8</ele>
        <time>2026-04-19T17:48:05Z</time>
      </trkpt>
      <trkpt lat="33.58228" lon="-117.76508">
        <ele>96.06</ele>
        <time>2026-04-19T17:48:08Z</time>
      </trkpt>
      <trkpt lat="33.58225" lon="-117.76509">
        <ele>94.95</ele>
        <time>2026-04-19T17:48:11Z</time>
      </trkpt>
      <trkpt lat="33.58222" lon="-117.76508">
        <ele>94.14</ele>
        <time>2026-04-19T17:48:14Z</time>
      </trkpt>
      <trkpt lat="33.58219" lon="-117.76506">
        <ele>93.11</ele>
        <time>2026-04-19T17:48:17Z</time>
      </trkpt>
      <trkpt lat="33.58216" lon="-117.76505">
        <ele>92.12</ele>
        <time>2026-04-19T17:48:21Z</time>
      </trkpt>
      <trkpt lat="33.58213" lon="-117.76502">
        <ele>92.72</ele>
        <time>2026-04-19T17:48:25Z</time>
      </trkpt>
      <trkpt lat="33.58211" lon="-117.76499">
        <ele>93.49</ele>
        <time>2026-04-19T17:48:29Z</time>
      </trkpt>
      <trkpt lat="33.58208" lon="-117.76497">
        <ele>92.89</ele>
        <time>2026-04-19T17:48:33Z</time>
      </trkpt>
      <trkpt lat="33.58205" lon="-117.76495">
        <ele>92.42</ele>
        <time>2026-04-19T17:48:37Z</time>
      </trkpt>
      <trkpt lat="33.58202" lon="-117.76493">
        <ele>91.82</ele>
        <time>2026-04-19T17:48:41Z</time>
      </trkpt>
      <trkpt lat="33.582" lon="-117.76492">
        <ele>91.18</ele>
        <time>2026-04-19T17:48:45Z</time>
      </trkpt>
      <trkpt lat="33.58197" lon="-117.7649">
        <ele>90.12</ele>
        <time>2026-04-19T17:48:49Z</time>
      </trkpt>
      <trkpt lat="33.58193" lon="-117.76489">
        <ele>89.03</ele>
        <time>2026-04-19T17:48:53Z</time>
      </trkpt>
      <trkpt lat="33.5819" lon="-117.76488">
        <ele>88.82</ele>
        <time>2026-04-19T17:48:57Z</time>
      </trkpt>
      <trkpt lat="33.58187" lon="-117.76487">
        <ele>88.6</ele>
        <time>2026-04-19T17:49:00Z</time>
      </trkpt>
      <trkpt lat="33.58184" lon="-117.76487">
        <ele>88.15</ele>
        <time>2026-04-19T17:49:02Z</time>
      </trkpt>
      <trkpt lat="33.58181" lon="-117.76486">
        <ele>87.61</ele>
        <time>2026-04-19T17:49:04Z</time>
      </trkpt>
      <trkpt lat="33.58179" lon="-117.76485">
        <ele>87.28</ele>
        <time>2026-04-19T17:49:06Z</time>
      </trkpt>
      <trkpt lat="33.58175" lon="-117.76484">
        <ele>86.5</ele>
        <time>2026-04-19T17:49:09Z</time>
      </trkpt>
      <trkpt lat="33.58172" lon="-117.76483">
        <ele>85.92</ele>
        <time>2026-04-19T17:49:12Z</time>
      </trkpt>
      <trkpt lat="33.58169" lon="-117.76481">
        <ele>85.46</ele>
        <time>2026-04-19T17:49:15Z</time>
      </trkpt>
      <trkpt lat="33.58166" lon="-117.7648">
        <ele>84.74</ele>
        <time>2026-04-19T17:49:18Z</time>
      </trkpt>
      <trkpt lat="33.58164" lon="-117.76478">
        <ele>84.06</ele>
        <time>2026-04-19T17:49:21Z</time>
      </trkpt>
      <trkpt lat="33.58162" lon="-117.76475">
        <ele>83.69</ele>
        <time>2026-04-19T17:49:23Z</time>
      </trkpt>
      <trkpt lat="33.5816" lon="-117.76471">
        <ele>83.26</ele>
        <time>2026-04-19T17:49:26Z</time>
      </trkpt>
      <trkpt lat="33.58157" lon="-117.76469">
        <ele>82.23</ele>
        <time>2026-04-19T17:49:30Z</time>
      </trkpt>
      <trkpt lat="33.58154" lon="-117.76468">
        <ele>81.52</ele>
        <time>2026-04-19T17:49:34Z</time>
      </trkpt>
      <trkpt lat="33.58151" lon="-117.76466">
        <ele>80.74</ele>
        <time>2026-04-19T17:49:38Z</time>
      </trkpt>
      <trkpt lat="33.58147" lon="-117.76467">
        <ele>80.33</ele>
        <time>2026-04-19T17:49:42Z</time>
      </trkpt>
      <trkpt lat="33.58145" lon="-117.76469">
        <ele>80.21</ele>
        <time>2026-04-19T17:49:45Z</time>
      </trkpt>
      <trkpt lat="33.58142" lon="-117.7647">
        <ele>79.75</ele>
        <time>2026-04-19T17:49:48Z</time>
      </trkpt>
      <trkpt lat="33.58139" lon="-117.76471">
        <ele>79.15</ele>
        <time>2026-04-19T17:49:52Z</time>
      </trkpt>
      <trkpt lat="33.58135" lon="-117.76471">
        <ele>78.35</ele>
        <time>2026-04-19T17:49:56Z</time>
      </trkpt>
      <trkpt lat="33.58132" lon="-117.76471">
        <ele>77.74</ele>
        <time>2026-04-19T17:50:00Z</time>
      </trkpt>
      <trkpt lat="33.58129" lon="-117.76471">
        <ele>77.26</ele>
        <time>2026-04-19T17:50:03Z</time>
      </trkpt>
      <trkpt lat="33.58127" lon="-117.76471">
        <ele>77.26</ele>
        <time>2026-04-19T17:50:07Z</time>
      </trkpt>
      <trkpt lat="33.5813" lon="-117.76472">
        <ele>77.13</ele>
        <time>2026-04-19T17:50:14Z</time>
      </trkpt>
      <trkpt lat="33.58125" lon="-117.76472">
        <ele>77.05</ele>
        <time>2026-04-19T17:50:48Z</time>
      </trkpt>
      <trkpt lat="33.58121" lon="-117.76472">
        <ele>77.05</ele>
        <time>2026-04-19T17:50:53Z</time>
      </trkpt>
      <trkpt lat="33.58115" lon="-117.76472">
        <ele>77.02</ele>
        <time>2026-04-19T17:50:56Z</time>
      </trkpt>
      <trkpt lat="33.5811" lon="-117.76472">
        <ele>77.12</ele>
        <time>2026-04-19T17:50:58Z</time>
      </trkpt>
      <trkpt lat="33.58105" lon="-117.76472">
        <ele>77.64</ele>
        <time>2026-04-19T17:51:00Z</time>
      </trkpt>
      <trkpt lat="33.58101" lon="-117.76471">
        <ele>78.11</ele>
        <time>2026-04-19T17:51:02Z</time>
      </trkpt>
      <trkpt lat="33.58097" lon="-117.76471">
        <ele>79.23</ele>
        <time>2026-04-19T17:51:05Z</time>
      </trkpt>
      <trkpt lat="33.58094" lon="-117.76467">
        <ele>78.55</ele>
        <time>2026-04-19T17:51:08Z</time>
      </trkpt>
      <trkpt lat="33.58092" lon="-117.76464">
        <ele>77.59</ele>
        <time>2026-04-19T17:51:10Z</time>
      </trkpt>
      <trkpt lat="33.5809" lon="-117.76461">
        <ele>77.23</ele>
        <time>2026-04-19T17:51:13Z</time>
      </trkpt>
      <trkpt lat="33.58087" lon="-117.76458">
        <ele>77.02</ele>
        <time>2026-04-19T17:51:16Z</time>
      </trkpt>
      <trkpt lat="33.58083" lon="-117.76455">
        <ele>76.5</ele>
        <time>2026-04-19T17:51:19Z</time>
      </trkpt>
      <trkpt lat="33.5808" lon="-117.76452">
        <ele>76.59</ele>
        <time>2026-04-19T17:51:22Z</time>
      </trkpt>
      <trkpt lat="33.58077" lon="-117.76451">
        <ele>76.97</ele>
        <time>2026-04-19T17:51:25Z</time>
      </trkpt>
      <trkpt lat="33.58074" lon="-117.76449">
        <ele>76.99</ele>
        <time>2026-04-19T17:51:28Z</time>
      </trkpt>
      <trkpt lat="33.58071" lon="-117.76446">
        <ele>76.39</ele>
        <time>2026-04-19T17:51:31Z</time>
      </trkpt>
      <trkpt lat="33.58068" lon="-117.76444">
        <ele>75.98</ele>
        <time>2026-04-19T17:51:34Z</time>
      </trkpt>
      <trkpt lat="33.58065" lon="-117.76441">
        <ele>75.99</ele>
        <time>2026-04-19T17:51:37Z</time>
      </trkpt>
      <trkpt lat="33.58062" lon="-117.76439">
        <ele>75.95</ele>
        <time>2026-04-19T17:51:40Z</time>
      </trkpt>
      <trkpt lat="33.58059" lon="-117.76437">
        <ele>75.62</ele>
        <time>2026-04-19T17:51:43Z</time>
      </trkpt>
      <trkpt lat="33.58056" lon="-117.76435">
        <ele>75.05</ele>
        <time>2026-04-19T17:51:46Z</time>
      </trkpt>
      <trkpt lat="33.58053" lon="-117.76433">
        <ele>75.84</ele>
        <time>2026-04-19T17:51:49Z</time>
      </trkpt>
      <trkpt lat="33.5805" lon="-117.7643">
        <ele>76.06</ele>
        <time>2026-04-19T17:51:52Z</time>
      </trkpt>
      <trkpt lat="33.58046" lon="-117.76428">
        <ele>75.97</ele>
        <time>2026-04-19T17:51:55Z</time>
      </trkpt>
      <trkpt lat="33.58043" lon="-117.76426">
        <ele>75.75</ele>
        <time>2026-04-19T17:51:58Z</time>
      </trkpt>
      <trkpt lat="33.58041" lon="-117.76423">
        <ele>75.65</ele>
        <time>2026-04-19T17:52:02Z</time>
      </trkpt>
      <trkpt lat="33.58042" lon="-117.76419">
        <ele>74.83</ele>
        <time>2026-04-19T17:52:06Z</time>
      </trkpt>
      <trkpt lat="33.58042" lon="-117.76415">
        <ele>74.38</ele>
        <time>2026-04-19T17:52:10Z</time>
      </trkpt>
      <trkpt lat="33.58041" lon="-117.76411">
        <ele>74.22</ele>
        <time>2026-04-19T17:52:13Z</time>
      </trkpt>
      <trkpt lat="33.5804" lon="-117.76408">
        <ele>74.04</ele>
        <time>2026-04-19T17:52:16Z</time>
      </trkpt>
      <trkpt lat="33.58039" lon="-117.76404">
        <ele>74.0</ele>
        <time>2026-04-19T17:52:19Z</time>
      </trkpt>
      <trkpt lat="33.58038" lon="-117.76401">
        <ele>74.0</ele>
        <time>2026-04-19T17:52:21Z</time>
      </trkpt>
      <trkpt lat="33.58037" lon="-117.76396">
        <ele>73.77</ele>
        <time>2026-04-19T17:52:23Z</time>
      </trkpt>
      <trkpt lat="33.58037" lon="-117.76391">
        <ele>73.23</ele>
        <time>2026-04-19T17:52:25Z</time>
      </trkpt>
      <trkpt lat="33.58036" lon="-117.76387">
        <ele>73.0</ele>
        <time>2026-04-19T17:52:27Z</time>
      </trkpt>
      <trkpt lat="33.58035" lon="-117.76383">
        <ele>73.0</ele>
        <time>2026-04-19T17:52:30Z</time>
      </trkpt>
      <trkpt lat="33.58032" lon="-117.76381">
        <ele>73.0</ele>
        <time>2026-04-19T17:52:36Z</time>
      </trkpt>
      <trkpt lat="33.5803" lon="-117.76379">
        <ele>73.0</ele>
        <time>2026-04-19T17:52:40Z</time>
      </trkpt>
      <trkpt lat="33.58027" lon="-117.76376">
        <ele>72.97</ele>
        <time>2026-04-19T17:52:44Z</time>
      </trkpt>
      <trkpt lat="33.58024" lon="-117.76374">
        <ele>72.75</ele>
        <time>2026-04-19T17:52:47Z</time>
      </trkpt>
      <trkpt lat="33.58022" lon="-117.76372">
        <ele>72.49</ele>
        <time>2026-04-19T17:52:50Z</time>
      </trkpt>
      <trkpt lat="33.58019" lon="-117.7637">
        <ele>72.05</ele>
        <time>2026-04-19T17:52:52Z</time>
      </trkpt>
      <trkpt lat="33.58015" lon="-117.76369">
        <ele>72.32</ele>
        <time>2026-04-19T17:52:54Z</time>
      </trkpt>
      <trkpt lat="33.58013" lon="-117.76367">
        <ele>72.38</ele>
        <time>2026-04-19T17:52:56Z</time>
      </trkpt>
      <trkpt lat="33.58009" lon="-117.76365">
        <ele>72.42</ele>
        <time>2026-04-19T17:52:59Z</time>
      </trkpt>
      <trkpt lat="33.58006" lon="-117.76362">
        <ele>72.1</ele>
        <time>2026-04-19T17:53:02Z</time>
      </trkpt>
      <trkpt lat="33.58004" lon="-117.7636">
        <ele>72.05</ele>
        <time>2026-04-19T17:53:05Z</time>
      </trkpt>
      <trkpt lat="33.58001" lon="-117.76358">
        <ele>72.04</ele>
        <time>2026-04-19T17:53:08Z</time>
      </trkpt>
      <trkpt lat="33.57998" lon="-117.76355">
        <ele>72.0</ele>
        <time>2026-04-19T17:53:11Z</time>
      </trkpt>
      <trkpt lat="33.57996" lon="-117.76353">
        <ele>72.0</ele>
        <time>2026-04-19T17:53:14Z</time>
      </trkpt>
      <trkpt lat="33.57993" lon="-117.7635">
        <ele>72.0</ele>
        <time>2026-04-19T17:53:17Z</time>
      </trkpt>
      <trkpt lat="33.5799" lon="-117.76348">
        <ele>72.0</ele>
        <time>2026-04-19T17:53:20Z</time>
      </trkpt>
      <trkpt lat="33.57988" lon="-117.76345">
        <ele>72.0</ele>
        <time>2026-04-19T17:53:23Z</time>
      </trkpt>
      <trkpt lat="33.57988" lon="-117.76342">
        <ele>71.94</ele>
        <time>2026-04-19T17:53:26Z</time>
      </trkpt>
      <trkpt lat="33.57989" lon="-117.76339">
        <ele>71.61</ele>
        <time>2026-04-19T17:53:29Z</time>
      </trkpt>
      <trkpt lat="33.5799" lon="-117.76335">
        <ele>71.18</ele>
        <time>2026-04-19T17:53:32Z</time>
      </trkpt>
      <trkpt lat="33.57991" lon="-117.76332">
        <ele>71.0</ele>
        <time>2026-04-19T17:53:34Z</time>
      </trkpt>
      <trkpt lat="33.57991" lon="-117.76327">
        <ele>71.0</ele>
        <time>2026-04-19T17:53:36Z</time>
      </trkpt>
      <trkpt lat="33.57991" lon="-117.76322">
        <ele>71.0</ele>
        <time>2026-04-19T17:53:38Z</time>
      </trkpt>
      <trkpt lat="33.57991" lon="-117.76318">
        <ele>71.0</ele>
        <time>2026-04-19T17:53:40Z</time>
      </trkpt>
      <trkpt lat="33.5799" lon="-117.76313">
        <ele>70.8</ele>
        <time>2026-04-19T17:53:43Z</time>
      </trkpt>
      <trkpt lat="33.5799" lon="-117.76309">
        <ele>70.37</ele>
        <time>2026-04-19T17:53:46Z</time>
      </trkpt>
      <trkpt lat="33.5799" lon="-117.76306">
        <ele>70.05</ele>
        <time>2026-04-19T17:53:49Z</time>
      </trkpt>
      <trkpt lat="33.5799" lon="-117.76302">
        <ele>70.0</ele>
        <time>2026-04-19T17:53:52Z</time>
      </trkpt>
      <trkpt lat="33.5799" lon="-117.76298">
        <ele>70.0</ele>
        <time>2026-04-19T17:53:55Z</time>
      </trkpt>
      <trkpt lat="33.5799" lon="-117.76294">
        <ele>70.0</ele>
        <time>2026-04-19T17:53:58Z</time>
      </trkpt>
      <trkpt lat="33.5799" lon="-117.7629">
        <ele>70.0</ele>
        <time>2026-04-19T17:54:01Z</time>
      </trkpt>
      <trkpt lat="33.57991" lon="-117.76286">
        <ele>70.0</ele>
        <time>2026-04-19T17:54:04Z</time>
      </trkpt>
      <trkpt lat="33.57992" lon="-117.76282">
        <ele>70.0</ele>
        <time>2026-04-19T17:54:07Z</time>
      </trkpt>
      <trkpt lat="33.57993" lon="-117.76278">
        <ele>70.0</ele>
        <time>2026-04-19T17:54:10Z</time>
      </trkpt>
      <trkpt lat="33.57993" lon="-117.76274">
        <ele>70.0</ele>
        <time>2026-04-19T17:54:13Z</time>
      </trkpt>
      <trkpt lat="33.57994" lon="-117.7627">
        <ele>70.0</ele>
        <time>2026-04-19T17:54:16Z</time>
      </trkpt>
      <trkpt lat="33.57995" lon="-117.76266">
        <ele>69.73</ele>
        <time>2026-04-19T17:54:19Z</time>
      </trkpt>
      <trkpt lat="33.57997" lon="-117.76262">
        <ele>69.3</ele>
        <time>2026-04-19T17:54:22Z</time>
      </trkpt>
      <trkpt lat="33.57999" lon="-117.76259">
        <ele>69.0</ele>
        <time>2026-04-19T17:54:25Z</time>
      </trkpt>
      <trkpt lat="33.58002" lon="-117.76256">
        <ele>69.0</ele>
        <time>2026-04-19T17:54:27Z</time>
      </trkpt>
      <trkpt lat="33.58006" lon="-117.76254">
        <ele>69.0</ele>
        <time>2026-04-19T17:54:29Z</time>
      </trkpt>
      <trkpt lat="33.58008" lon="-117.76252">
        <ele>69.0</ele>
        <time>2026-04-19T17:54:31Z</time>
      </trkpt>
      <trkpt lat="33.58009" lon="-117.76248">
        <ele>68.78</ele>
        <time>2026-04-19T17:54:34Z</time>
      </trkpt>
      <trkpt lat="33.58009" lon="-117.76244">
        <ele>68.35</ele>
        <time>2026-04-19T17:54:37Z</time>
      </trkpt>
      <trkpt lat="33.58009" lon="-117.76241">
        <ele>68.03</ele>
        <time>2026-04-19T17:54:40Z</time>
      </trkpt>
      <trkpt lat="33.58009" lon="-117.76237">
        <ele>68.0</ele>
        <time>2026-04-19T17:54:44Z</time>
      </trkpt>
      <trkpt lat="33.58006" lon="-117.76236">
        <ele>68.0</ele>
        <time>2026-04-19T17:55:06Z</time>
      </trkpt>
      <trkpt lat="33.58003" lon="-117.76235">
        <ele>68.0</ele>
        <time>2026-04-19T17:55:09Z</time>
      </trkpt>
      <trkpt lat="33.58" lon="-117.76235">
        <ele>68.0</ele>
        <time>2026-04-19T17:55:12Z</time>
      </trkpt>
      <trkpt lat="33.57997" lon="-117.76234">
        <ele>68.0</ele>
        <time>2026-04-19T17:55:17Z</time>
      </trkpt>
      <trkpt lat="33.57994" lon="-117.76233">
        <ele>68.0</ele>
        <time>2026-04-19T17:55:22Z</time>
      </trkpt>
      <trkpt lat="33.57991" lon="-117.76233">
        <ele>68.0</ele>
        <time>2026-04-19T17:55:26Z</time>
      </trkpt>
      <trkpt lat="33.57988" lon="-117.76233">
        <ele>68.0</ele>
        <time>2026-04-19T17:55:29Z</time>
      </trkpt>
      <trkpt lat="33.57985" lon="-117.76233">
        <ele>68.0</ele>
        <time>2026-04-19T17:55:32Z</time>
      </trkpt>
      <trkpt lat="33.57982" lon="-117.76234">
        <ele>68.0</ele>
        <time>2026-04-19T17:55:35Z</time>
      </trkpt>
      <trkpt lat="33.57979" lon="-117.76234">
        <ele>68.0</ele>
        <time>2026-04-19T17:55:38Z</time>
      </trkpt>
      <trkpt lat="33.57976" lon="-117.76234">
        <ele>68.0</ele>
        <time>2026-04-19T17:55:41Z</time>
      </trkpt>
      <trkpt lat="33.57973" lon="-117.76235">
        <ele>68.0</ele>
        <time>2026-04-19T17:55:44Z</time>
      </trkpt>
      <trkpt lat="33.5797" lon="-117.76235">
        <ele>68.0</ele>
        <time>2026-04-19T17:55:47Z</time>
      </trkpt>
      <trkpt lat="33.57967" lon="-117.76236">
        <ele>68.0</ele>
        <time>2026-04-19T17:55:50Z</time>
      </trkpt>
      <trkpt lat="33.57964" lon="-117.76236">
        <ele>68.0</ele>
        <time>2026-04-19T17:55:53Z</time>
      </trkpt>
      <trkpt lat="33.57963" lon="-117.76241">
        <ele>68.03</ele>
        <time>2026-04-19T17:57:26Z</time>
      </trkpt>
    </trkseg>
  </trk>
</gpx>
