<?xml version="1.0"?>
<gpx xmlns="http://www.topografix.com/GPX/1/1" xmlns:xsi="http://www.w3.org/2001/XMLSchema-instance" version="1.1" creator="AllTrails.com" xsi:schemaLocation="http://www.topografix.com/GPX/1/1 http://www.topografix.com/GPX/1/1/gpx.xsd">
  <metadata>
    <name><![CDATA[NIX-Camarillo-Trail-Loop]]></name>
    <desc><![CDATA[]]></desc>
    <link href="http://www.alltrails.com">
      <text>AllTrails, LLC</text>
    </link>
    <bounds minlat="33.59881" minlon="-117.77617" maxlat="33.61909" maxlon="-117.76298"/>
  </metadata>
  <trk>
    <name><![CDATA[NIX-Camarillo-Trail-Loop]]></name>
    <src>AllTrails</src>
    <trkseg>
      <trkpt lat="33.60807" lon="-117.76362">
        <ele>125.08</ele>
        <time>2026-05-12T15:26:09Z</time>
      </trkpt>
      <trkpt lat="33.60806" lon="-117.76367">
        <ele>125.61</ele>
        <time>2026-05-12T15:26:13Z</time>
      </trkpt>
      <trkpt lat="33.60805" lon="-117.76372">
        <ele>125.89</ele>
        <time>2026-05-12T15:26:17Z</time>
      </trkpt>
      <trkpt lat="33.60804" lon="-117.76376">
        <ele>125.66</ele>
        <time>2026-05-12T15:26:20Z</time>
      </trkpt>
      <trkpt lat="33.60803" lon="-117.76381">
        <ele>125.7</ele>
        <time>2026-05-12T15:26:23Z</time>
      </trkpt>
      <trkpt lat="33.60802" lon="-117.76385">
        <ele>126.35</ele>
        <time>2026-05-12T15:26:26Z</time>
      </trkpt>
      <trkpt lat="33.60801" lon="-117.76389">
        <ele>126.98</ele>
        <time>2026-05-12T15:26:29Z</time>
      </trkpt>
      <trkpt lat="33.60799" lon="-117.76393">
        <ele>127.42</ele>
        <time>2026-05-12T15:26:32Z</time>
      </trkpt>
      <trkpt lat="33.60798" lon="-117.76396">
        <ele>127.63</ele>
        <time>2026-05-12T15:26:35Z</time>
      </trkpt>
      <trkpt lat="33.60796" lon="-117.764">
        <ele>127.84</ele>
        <time>2026-05-12T15:26:38Z</time>
      </trkpt>
      <trkpt lat="33.60795" lon="-117.76405">
        <ele>127.5</ele>
        <time>2026-05-12T15:26:41Z</time>
      </trkpt>
      <trkpt lat="33.60793" lon="-117.76409">
        <ele>127.71</ele>
        <time>2026-05-12T15:26:44Z</time>
      </trkpt>
      <trkpt lat="33.60792" lon="-117.76413">
        <ele>127.93</ele>
        <time>2026-05-12T15:26:47Z</time>
      </trkpt>
      <trkpt lat="33.60793" lon="-117.76416">
        <ele>127.71</ele>
        <time>2026-05-12T15:26:50Z</time>
      </trkpt>
      <trkpt lat="33.60796" lon="-117.76415">
        <ele>127.06</ele>
        <time>2026-05-12T15:26:53Z</time>
      </trkpt>
      <trkpt lat="33.60799" lon="-117.76414">
        <ele>127.0</ele>
        <time>2026-05-12T15:26:55Z</time>
      </trkpt>
      <trkpt lat="33.60802" lon="-117.76415">
        <ele>127.0</ele>
        <time>2026-05-12T15:27:00Z</time>
      </trkpt>
      <trkpt lat="33.60798" lon="-117.76417">
        <ele>127.0</ele>
        <time>2026-05-12T15:27:07Z</time>
      </trkpt>
      <trkpt lat="33.60795" lon="-117.76421">
        <ele>127.28</ele>
        <time>2026-05-12T15:27:17Z</time>
      </trkpt>
      <trkpt lat="33.60798" lon="-117.76425">
        <ele>127.0</ele>
        <time>2026-05-12T15:27:25Z</time>
      </trkpt>
      <trkpt lat="33.60798" lon="-117.76415">
        <ele>127.0</ele>
        <time>2026-05-12T15:28:08Z</time>
      </trkpt>
      <trkpt lat="33.60799" lon="-117.76407">
        <ele>127.02</ele>
        <time>2026-05-12T15:28:13Z</time>
      </trkpt>
      <trkpt lat="33.60801" lon="-117.76415">
        <ele>127.0</ele>
        <time>2026-05-12T15:29:01Z</time>
      </trkpt>
      <trkpt lat="33.60806" lon="-117.76419">
        <ele>127.0</ele>
        <time>2026-05-12T15:29:25Z</time>
      </trkpt>
      <trkpt lat="33.6081" lon="-117.76426">
        <ele>127.0</ele>
        <time>2026-05-12T15:29:49Z</time>
      </trkpt>
      <trkpt lat="33.60812" lon="-117.76433">
        <ele>127.23</ele>
        <time>2026-05-12T15:29:52Z</time>
      </trkpt>
      <trkpt lat="33.60815" lon="-117.76438">
        <ele>127.62</ele>
        <time>2026-05-12T15:29:55Z</time>
      </trkpt>
      <trkpt lat="33.60818" lon="-117.76442">
        <ele>128.31</ele>
        <time>2026-05-12T15:30:00Z</time>
      </trkpt>
      <trkpt lat="33.60822" lon="-117.76444">
        <ele>128.2</ele>
        <time>2026-05-12T15:30:04Z</time>
      </trkpt>
      <trkpt lat="33.60825" lon="-117.76446">
        <ele>128.32</ele>
        <time>2026-05-12T15:30:07Z</time>
      </trkpt>
      <trkpt lat="33.60827" lon="-117.76449">
        <ele>128.83</ele>
        <time>2026-05-12T15:30:10Z</time>
      </trkpt>
      <trkpt lat="33.6083" lon="-117.76452">
        <ele>129.11</ele>
        <time>2026-05-12T15:30:13Z</time>
      </trkpt>
      <trkpt lat="33.60832" lon="-117.76455">
        <ele>129.42</ele>
        <time>2026-05-12T15:30:16Z</time>
      </trkpt>
      <trkpt lat="33.60835" lon="-117.76457">
        <ele>129.58</ele>
        <time>2026-05-12T15:30:19Z</time>
      </trkpt>
      <trkpt lat="33.60837" lon="-117.7646">
        <ele>129.82</ele>
        <time>2026-05-12T15:30:22Z</time>
      </trkpt>
      <trkpt lat="33.60839" lon="-117.76463">
        <ele>129.78</ele>
        <time>2026-05-12T15:30:25Z</time>
      </trkpt>
      <trkpt lat="33.60841" lon="-117.76467">
        <ele>129.78</ele>
        <time>2026-05-12T15:30:28Z</time>
      </trkpt>
      <trkpt lat="33.60842" lon="-117.76471">
        <ele>130.0</ele>
        <time>2026-05-12T15:30:30Z</time>
      </trkpt>
      <trkpt lat="33.60844" lon="-117.76474">
        <ele>130.16</ele>
        <time>2026-05-12T15:30:32Z</time>
      </trkpt>
      <trkpt lat="33.60845" lon="-117.76478">
        <ele>130.46</ele>
        <time>2026-05-12T15:30:34Z</time>
      </trkpt>
      <trkpt lat="33.60847" lon="-117.76481">
        <ele>130.5</ele>
        <time>2026-05-12T15:30:36Z</time>
      </trkpt>
      <trkpt lat="33.60848" lon="-117.76484">
        <ele>130.69</ele>
        <time>2026-05-12T15:30:38Z</time>
      </trkpt>
      <trkpt lat="33.60848" lon="-117.76489">
        <ele>131.23</ele>
        <time>2026-05-12T15:30:41Z</time>
      </trkpt>
      <trkpt lat="33.60847" lon="-117.76492">
        <ele>131.52</ele>
        <time>2026-05-12T15:30:43Z</time>
      </trkpt>
      <trkpt lat="33.60846" lon="-117.76497">
        <ele>131.63</ele>
        <time>2026-05-12T15:30:46Z</time>
      </trkpt>
      <trkpt lat="33.60847" lon="-117.76502">
        <ele>131.63</ele>
        <time>2026-05-12T15:30:49Z</time>
      </trkpt>
      <trkpt lat="33.60847" lon="-117.76506">
        <ele>131.83</ele>
        <time>2026-05-12T15:30:52Z</time>
      </trkpt>
      <trkpt lat="33.60849" lon="-117.7651">
        <ele>132.02</ele>
        <time>2026-05-12T15:30:55Z</time>
      </trkpt>
      <trkpt lat="33.60851" lon="-117.76514">
        <ele>132.05</ele>
        <time>2026-05-12T15:30:58Z</time>
      </trkpt>
      <trkpt lat="33.60854" lon="-117.76515">
        <ele>132.0</ele>
        <time>2026-05-12T15:31:00Z</time>
      </trkpt>
      <trkpt lat="33.60858" lon="-117.76511">
        <ele>132.0</ele>
        <time>2026-05-12T15:31:02Z</time>
      </trkpt>
      <trkpt lat="33.6086" lon="-117.76508">
        <ele>131.86</ele>
        <time>2026-05-12T15:31:03Z</time>
      </trkpt>
      <trkpt lat="33.60862" lon="-117.76503">
        <ele>131.36</ele>
        <time>2026-05-12T15:31:05Z</time>
      </trkpt>
      <trkpt lat="33.60864" lon="-117.76499">
        <ele>131.24</ele>
        <time>2026-05-12T15:31:07Z</time>
      </trkpt>
      <trkpt lat="33.60864" lon="-117.76495">
        <ele>130.94</ele>
        <time>2026-05-12T15:31:09Z</time>
      </trkpt>
      <trkpt lat="33.60865" lon="-117.76492">
        <ele>130.92</ele>
        <time>2026-05-12T15:31:11Z</time>
      </trkpt>
      <trkpt lat="33.60866" lon="-117.76489">
        <ele>130.96</ele>
        <time>2026-05-12T15:31:13Z</time>
      </trkpt>
      <trkpt lat="33.60867" lon="-117.76485">
        <ele>130.88</ele>
        <time>2026-05-12T15:31:15Z</time>
      </trkpt>
      <trkpt lat="33.60868" lon="-117.76481">
        <ele>130.73</ele>
        <time>2026-05-12T15:31:18Z</time>
      </trkpt>
      <trkpt lat="33.6087" lon="-117.76477">
        <ele>130.94</ele>
        <time>2026-05-12T15:31:21Z</time>
      </trkpt>
      <trkpt lat="33.6087" lon="-117.76472">
        <ele>130.94</ele>
        <time>2026-05-12T15:31:24Z</time>
      </trkpt>
      <trkpt lat="33.60873" lon="-117.76474">
        <ele>131.57</ele>
        <time>2026-05-12T15:31:29Z</time>
      </trkpt>
      <trkpt lat="33.60874" lon="-117.7648">
        <ele>131.78</ele>
        <time>2026-05-12T15:31:31Z</time>
      </trkpt>
      <trkpt lat="33.60875" lon="-117.76485">
        <ele>132.38</ele>
        <time>2026-05-12T15:31:33Z</time>
      </trkpt>
      <trkpt lat="33.60877" lon="-117.76487">
        <ele>133.03</ele>
        <time>2026-05-12T15:31:35Z</time>
      </trkpt>
      <trkpt lat="33.6088" lon="-117.76485">
        <ele>133.31</ele>
        <time>2026-05-12T15:31:38Z</time>
      </trkpt>
      <trkpt lat="33.60884" lon="-117.76486">
        <ele>132.56</ele>
        <time>2026-05-12T15:31:41Z</time>
      </trkpt>
      <trkpt lat="33.60886" lon="-117.76488">
        <ele>132.05</ele>
        <time>2026-05-12T15:31:44Z</time>
      </trkpt>
      <trkpt lat="33.60888" lon="-117.76491">
        <ele>131.29</ele>
        <time>2026-05-12T15:31:47Z</time>
      </trkpt>
      <trkpt lat="33.60891" lon="-117.76494">
        <ele>130.85</ele>
        <time>2026-05-12T15:31:50Z</time>
      </trkpt>
      <trkpt lat="33.60894" lon="-117.76497">
        <ele>130.82</ele>
        <time>2026-05-12T15:31:53Z</time>
      </trkpt>
      <trkpt lat="33.60897" lon="-117.765">
        <ele>131.0</ele>
        <time>2026-05-12T15:31:56Z</time>
      </trkpt>
      <trkpt lat="33.60899" lon="-117.76504">
        <ele>131.38</ele>
        <time>2026-05-12T15:31:59Z</time>
      </trkpt>
      <trkpt lat="33.60902" lon="-117.76507">
        <ele>131.65</ele>
        <time>2026-05-12T15:32:02Z</time>
      </trkpt>
      <trkpt lat="33.60904" lon="-117.7651">
        <ele>132.16</ele>
        <time>2026-05-12T15:32:05Z</time>
      </trkpt>
      <trkpt lat="33.60905" lon="-117.76514">
        <ele>133.02</ele>
        <time>2026-05-12T15:32:08Z</time>
      </trkpt>
      <trkpt lat="33.60904" lon="-117.76518">
        <ele>133.89</ele>
        <time>2026-05-12T15:32:11Z</time>
      </trkpt>
      <trkpt lat="33.60905" lon="-117.76521">
        <ele>134.8</ele>
        <time>2026-05-12T15:32:14Z</time>
      </trkpt>
      <trkpt lat="33.60905" lon="-117.76524">
        <ele>135.78</ele>
        <time>2026-05-12T15:32:17Z</time>
      </trkpt>
      <trkpt lat="33.60906" lon="-117.76528">
        <ele>137.04</ele>
        <time>2026-05-12T15:32:21Z</time>
      </trkpt>
      <trkpt lat="33.60906" lon="-117.76531">
        <ele>137.64</ele>
        <time>2026-05-12T15:32:25Z</time>
      </trkpt>
      <trkpt lat="33.60907" lon="-117.76534">
        <ele>138.31</ele>
        <time>2026-05-12T15:32:29Z</time>
      </trkpt>
      <trkpt lat="33.60907" lon="-117.76538">
        <ele>139.16</ele>
        <time>2026-05-12T15:32:33Z</time>
      </trkpt>
      <trkpt lat="33.60908" lon="-117.76541">
        <ele>139.73</ele>
        <time>2026-05-12T15:32:37Z</time>
      </trkpt>
      <trkpt lat="33.60908" lon="-117.76545">
        <ele>140.59</ele>
        <time>2026-05-12T15:32:41Z</time>
      </trkpt>
      <trkpt lat="33.60908" lon="-117.76548">
        <ele>141.07</ele>
        <time>2026-05-12T15:32:45Z</time>
      </trkpt>
      <trkpt lat="33.60908" lon="-117.76552">
        <ele>141.53</ele>
        <time>2026-05-12T15:32:49Z</time>
      </trkpt>
      <trkpt lat="33.60908" lon="-117.76556">
        <ele>141.98</ele>
        <time>2026-05-12T15:32:53Z</time>
      </trkpt>
      <trkpt lat="33.60908" lon="-117.7656">
        <ele>142.39</ele>
        <time>2026-05-12T15:32:57Z</time>
      </trkpt>
      <trkpt lat="33.60908" lon="-117.76564">
        <ele>142.79</ele>
        <time>2026-05-12T15:33:01Z</time>
      </trkpt>
      <trkpt lat="33.60908" lon="-117.76568">
        <ele>143.24</ele>
        <time>2026-05-12T15:33:05Z</time>
      </trkpt>
      <trkpt lat="33.60908" lon="-117.76572">
        <ele>143.7</ele>
        <time>2026-05-12T15:33:08Z</time>
      </trkpt>
      <trkpt lat="33.60908" lon="-117.76575">
        <ele>144.04</ele>
        <time>2026-05-12T15:33:10Z</time>
      </trkpt>
      <trkpt lat="33.60909" lon="-117.76579">
        <ele>144.36</ele>
        <time>2026-05-12T15:33:13Z</time>
      </trkpt>
      <trkpt lat="33.60909" lon="-117.76583">
        <ele>144.79</ele>
        <time>2026-05-12T15:33:16Z</time>
      </trkpt>
      <trkpt lat="33.6091" lon="-117.76586">
        <ele>145.01</ele>
        <time>2026-05-12T15:33:19Z</time>
      </trkpt>
      <trkpt lat="33.6091" lon="-117.7659">
        <ele>145.44</ele>
        <time>2026-05-12T15:33:22Z</time>
      </trkpt>
      <trkpt lat="33.60912" lon="-117.76593">
        <ele>145.57</ele>
        <time>2026-05-12T15:33:25Z</time>
      </trkpt>
      <trkpt lat="33.60914" lon="-117.76597">
        <ele>146.1</ele>
        <time>2026-05-12T15:33:28Z</time>
      </trkpt>
      <trkpt lat="33.60916" lon="-117.766">
        <ele>146.61</ele>
        <time>2026-05-12T15:33:31Z</time>
      </trkpt>
      <trkpt lat="33.60917" lon="-117.76603">
        <ele>147.05</ele>
        <time>2026-05-12T15:33:34Z</time>
      </trkpt>
      <trkpt lat="33.60917" lon="-117.76607">
        <ele>147.48</ele>
        <time>2026-05-12T15:33:37Z</time>
      </trkpt>
      <trkpt lat="33.60918" lon="-117.7661">
        <ele>147.59</ele>
        <time>2026-05-12T15:33:40Z</time>
      </trkpt>
      <trkpt lat="33.60919" lon="-117.76614">
        <ele>147.89</ele>
        <time>2026-05-12T15:33:43Z</time>
      </trkpt>
      <trkpt lat="33.60919" lon="-117.76617">
        <ele>148.29</ele>
        <time>2026-05-12T15:33:46Z</time>
      </trkpt>
      <trkpt lat="33.60919" lon="-117.7662">
        <ele>148.7</ele>
        <time>2026-05-12T15:33:49Z</time>
      </trkpt>
      <trkpt lat="33.6092" lon="-117.76624">
        <ele>149.42</ele>
        <time>2026-05-12T15:33:52Z</time>
      </trkpt>
      <trkpt lat="33.6092" lon="-117.76627">
        <ele>150.07</ele>
        <time>2026-05-12T15:33:55Z</time>
      </trkpt>
      <trkpt lat="33.60921" lon="-117.7663">
        <ele>150.57</ele>
        <time>2026-05-12T15:33:58Z</time>
      </trkpt>
      <trkpt lat="33.60922" lon="-117.76633">
        <ele>150.84</ele>
        <time>2026-05-12T15:34:01Z</time>
      </trkpt>
      <trkpt lat="33.60923" lon="-117.76637">
        <ele>151.4</ele>
        <time>2026-05-12T15:34:05Z</time>
      </trkpt>
      <trkpt lat="33.60923" lon="-117.76641">
        <ele>151.68</ele>
        <time>2026-05-12T15:34:09Z</time>
      </trkpt>
      <trkpt lat="33.60924" lon="-117.76646">
        <ele>151.79</ele>
        <time>2026-05-12T15:34:13Z</time>
      </trkpt>
      <trkpt lat="33.60924" lon="-117.7665">
        <ele>151.95</ele>
        <time>2026-05-12T15:34:17Z</time>
      </trkpt>
      <trkpt lat="33.60925" lon="-117.76653">
        <ele>152.37</ele>
        <time>2026-05-12T15:34:20Z</time>
      </trkpt>
      <trkpt lat="33.60925" lon="-117.76657">
        <ele>152.76</ele>
        <time>2026-05-12T15:34:23Z</time>
      </trkpt>
      <trkpt lat="33.60925" lon="-117.7666">
        <ele>152.83</ele>
        <time>2026-05-12T15:34:26Z</time>
      </trkpt>
      <trkpt lat="33.60925" lon="-117.76663">
        <ele>152.86</ele>
        <time>2026-05-12T15:34:29Z</time>
      </trkpt>
      <trkpt lat="33.60926" lon="-117.76667">
        <ele>153.02</ele>
        <time>2026-05-12T15:34:32Z</time>
      </trkpt>
      <trkpt lat="33.60926" lon="-117.7667">
        <ele>153.35</ele>
        <time>2026-05-12T15:34:35Z</time>
      </trkpt>
      <trkpt lat="33.60926" lon="-117.76674">
        <ele>153.78</ele>
        <time>2026-05-12T15:34:38Z</time>
      </trkpt>
      <trkpt lat="33.60926" lon="-117.76677">
        <ele>154.11</ele>
        <time>2026-05-12T15:34:41Z</time>
      </trkpt>
      <trkpt lat="33.60927" lon="-117.76681">
        <ele>154.5</ele>
        <time>2026-05-12T15:34:44Z</time>
      </trkpt>
      <trkpt lat="33.60927" lon="-117.76684">
        <ele>154.86</ele>
        <time>2026-05-12T15:34:47Z</time>
      </trkpt>
      <trkpt lat="33.60928" lon="-117.76688">
        <ele>155.37</ele>
        <time>2026-05-12T15:34:51Z</time>
      </trkpt>
      <trkpt lat="33.60929" lon="-117.76691">
        <ele>155.84</ele>
        <time>2026-05-12T15:34:57Z</time>
      </trkpt>
      <trkpt lat="33.60929" lon="-117.76695">
        <ele>156.45</ele>
        <time>2026-05-12T15:35:02Z</time>
      </trkpt>
      <trkpt lat="33.6093" lon="-117.76699">
        <ele>157.42</ele>
        <time>2026-05-12T15:35:06Z</time>
      </trkpt>
      <trkpt lat="33.60932" lon="-117.76701">
        <ele>158.07</ele>
        <time>2026-05-12T15:35:09Z</time>
      </trkpt>
      <trkpt lat="33.60934" lon="-117.76704">
        <ele>158.93</ele>
        <time>2026-05-12T15:35:12Z</time>
      </trkpt>
      <trkpt lat="33.60935" lon="-117.76707">
        <ele>159.68</ele>
        <time>2026-05-12T15:35:16Z</time>
      </trkpt>
      <trkpt lat="33.60937" lon="-117.7671">
        <ele>160.56</ele>
        <time>2026-05-12T15:35:20Z</time>
      </trkpt>
      <trkpt lat="33.60939" lon="-117.76713">
        <ele>161.42</ele>
        <time>2026-05-12T15:35:24Z</time>
      </trkpt>
      <trkpt lat="33.60941" lon="-117.76716">
        <ele>162.16</ele>
        <time>2026-05-12T15:35:28Z</time>
      </trkpt>
      <trkpt lat="33.60942" lon="-117.76719">
        <ele>162.87</ele>
        <time>2026-05-12T15:35:32Z</time>
      </trkpt>
      <trkpt lat="33.60944" lon="-117.76721">
        <ele>163.65</ele>
        <time>2026-05-12T15:35:36Z</time>
      </trkpt>
      <trkpt lat="33.60945" lon="-117.76724">
        <ele>164.62</ele>
        <time>2026-05-12T15:35:40Z</time>
      </trkpt>
      <trkpt lat="33.60946" lon="-117.76727">
        <ele>165.63</ele>
        <time>2026-05-12T15:35:44Z</time>
      </trkpt>
      <trkpt lat="33.60948" lon="-117.7673">
        <ele>166.58</ele>
        <time>2026-05-12T15:35:48Z</time>
      </trkpt>
      <trkpt lat="33.60949" lon="-117.76733">
        <ele>167.16</ele>
        <time>2026-05-12T15:35:52Z</time>
      </trkpt>
      <trkpt lat="33.60951" lon="-117.76736">
        <ele>167.49</ele>
        <time>2026-05-12T15:35:56Z</time>
      </trkpt>
      <trkpt lat="33.60952" lon="-117.7674">
        <ele>167.92</ele>
        <time>2026-05-12T15:35:59Z</time>
      </trkpt>
      <trkpt lat="33.60953" lon="-117.76744">
        <ele>168.35</ele>
        <time>2026-05-12T15:36:02Z</time>
      </trkpt>
      <trkpt lat="33.60954" lon="-117.76748">
        <ele>168.78</ele>
        <time>2026-05-12T15:36:05Z</time>
      </trkpt>
      <trkpt lat="33.60954" lon="-117.76751">
        <ele>169.11</ele>
        <time>2026-05-12T15:36:08Z</time>
      </trkpt>
      <trkpt lat="33.60953" lon="-117.76754">
        <ele>169.46</ele>
        <time>2026-05-12T15:36:11Z</time>
      </trkpt>
      <trkpt lat="33.60953" lon="-117.76758">
        <ele>169.93</ele>
        <time>2026-05-12T15:36:15Z</time>
      </trkpt>
      <trkpt lat="33.60952" lon="-117.76762">
        <ele>170.48</ele>
        <time>2026-05-12T15:36:19Z</time>
      </trkpt>
      <trkpt lat="33.60951" lon="-117.76765">
        <ele>170.91</ele>
        <time>2026-05-12T15:36:22Z</time>
      </trkpt>
      <trkpt lat="33.60951" lon="-117.76768">
        <ele>171.24</ele>
        <time>2026-05-12T15:36:25Z</time>
      </trkpt>
      <trkpt lat="33.6095" lon="-117.76772">
        <ele>172.15</ele>
        <time>2026-05-12T15:36:29Z</time>
      </trkpt>
      <trkpt lat="33.6095" lon="-117.76776">
        <ele>173.02</ele>
        <time>2026-05-12T15:36:32Z</time>
      </trkpt>
      <trkpt lat="33.60949" lon="-117.76779">
        <ele>173.77</ele>
        <time>2026-05-12T15:36:35Z</time>
      </trkpt>
      <trkpt lat="33.60949" lon="-117.76783">
        <ele>174.64</ele>
        <time>2026-05-12T15:36:39Z</time>
      </trkpt>
      <trkpt lat="33.60949" lon="-117.76787">
        <ele>175.5</ele>
        <time>2026-05-12T15:36:43Z</time>
      </trkpt>
      <trkpt lat="33.60949" lon="-117.7679">
        <ele>175.83</ele>
        <time>2026-05-12T15:36:47Z</time>
      </trkpt>
      <trkpt lat="33.60951" lon="-117.76793">
        <ele>175.94</ele>
        <time>2026-05-12T15:36:50Z</time>
      </trkpt>
      <trkpt lat="33.60953" lon="-117.76797">
        <ele>176.23</ele>
        <time>2026-05-12T15:36:53Z</time>
      </trkpt>
      <trkpt lat="33.60955" lon="-117.768">
        <ele>176.69</ele>
        <time>2026-05-12T15:36:56Z</time>
      </trkpt>
      <trkpt lat="33.60957" lon="-117.76803">
        <ele>176.93</ele>
        <time>2026-05-12T15:36:59Z</time>
      </trkpt>
      <trkpt lat="33.60959" lon="-117.76806">
        <ele>176.93</ele>
        <time>2026-05-12T15:37:02Z</time>
      </trkpt>
      <trkpt lat="33.60961" lon="-117.76808">
        <ele>176.9</ele>
        <time>2026-05-12T15:37:05Z</time>
      </trkpt>
      <trkpt lat="33.60964" lon="-117.76809">
        <ele>176.7</ele>
        <time>2026-05-12T15:37:08Z</time>
      </trkpt>
      <trkpt lat="33.60967" lon="-117.76809">
        <ele>176.58</ele>
        <time>2026-05-12T15:37:12Z</time>
      </trkpt>
      <trkpt lat="33.6097" lon="-117.76809">
        <ele>176.46</ele>
        <time>2026-05-12T15:37:15Z</time>
      </trkpt>
      <trkpt lat="33.60973" lon="-117.76807">
        <ele>176.09</ele>
        <time>2026-05-12T15:37:18Z</time>
      </trkpt>
      <trkpt lat="33.60976" lon="-117.76804">
        <ele>175.32</ele>
        <time>2026-05-12T15:37:21Z</time>
      </trkpt>
      <trkpt lat="33.60979" lon="-117.76802">
        <ele>174.78</ele>
        <time>2026-05-12T15:37:24Z</time>
      </trkpt>
      <trkpt lat="33.60982" lon="-117.768">
        <ele>174.4</ele>
        <time>2026-05-12T15:37:27Z</time>
      </trkpt>
      <trkpt lat="33.60985" lon="-117.76799">
        <ele>174.29</ele>
        <time>2026-05-12T15:37:30Z</time>
      </trkpt>
      <trkpt lat="33.60988" lon="-117.76797">
        <ele>174.08</ele>
        <time>2026-05-12T15:37:33Z</time>
      </trkpt>
      <trkpt lat="33.60991" lon="-117.76796">
        <ele>173.91</ele>
        <time>2026-05-12T15:37:36Z</time>
      </trkpt>
      <trkpt lat="33.60994" lon="-117.76795">
        <ele>173.42</ele>
        <time>2026-05-12T15:37:39Z</time>
      </trkpt>
      <trkpt lat="33.60998" lon="-117.76795">
        <ele>173.05</ele>
        <time>2026-05-12T15:37:42Z</time>
      </trkpt>
      <trkpt lat="33.61002" lon="-117.76795">
        <ele>172.86</ele>
        <time>2026-05-12T15:37:45Z</time>
      </trkpt>
      <trkpt lat="33.61005" lon="-117.76797">
        <ele>173.11</ele>
        <time>2026-05-12T15:37:47Z</time>
      </trkpt>
      <trkpt lat="33.61009" lon="-117.76799">
        <ele>173.3</ele>
        <time>2026-05-12T15:37:49Z</time>
      </trkpt>
      <trkpt lat="33.61012" lon="-117.76801">
        <ele>173.21</ele>
        <time>2026-05-12T15:37:51Z</time>
      </trkpt>
      <trkpt lat="33.61014" lon="-117.76803">
        <ele>173.21</ele>
        <time>2026-05-12T15:37:53Z</time>
      </trkpt>
      <trkpt lat="33.61016" lon="-117.76806">
        <ele>173.29</ele>
        <time>2026-05-12T15:37:55Z</time>
      </trkpt>
      <trkpt lat="33.61019" lon="-117.76809">
        <ele>172.9</ele>
        <time>2026-05-12T15:37:58Z</time>
      </trkpt>
      <trkpt lat="33.6102" lon="-117.76813">
        <ele>172.68</ele>
        <time>2026-05-12T15:38:01Z</time>
      </trkpt>
      <trkpt lat="33.61021" lon="-117.76818">
        <ele>172.72</ele>
        <time>2026-05-12T15:38:04Z</time>
      </trkpt>
      <trkpt lat="33.61023" lon="-117.76821">
        <ele>172.38</ele>
        <time>2026-05-12T15:38:07Z</time>
      </trkpt>
      <trkpt lat="33.61026" lon="-117.76824">
        <ele>171.57</ele>
        <time>2026-05-12T15:38:10Z</time>
      </trkpt>
      <trkpt lat="33.61029" lon="-117.76826">
        <ele>171.49</ele>
        <time>2026-05-12T15:38:13Z</time>
      </trkpt>
      <trkpt lat="33.61032" lon="-117.76829">
        <ele>172.14</ele>
        <time>2026-05-12T15:38:16Z</time>
      </trkpt>
      <trkpt lat="33.61035" lon="-117.7683">
        <ele>172.14</ele>
        <time>2026-05-12T15:38:19Z</time>
      </trkpt>
      <trkpt lat="33.61039" lon="-117.76831">
        <ele>171.45</ele>
        <time>2026-05-12T15:38:22Z</time>
      </trkpt>
      <trkpt lat="33.61042" lon="-117.76832">
        <ele>170.5</ele>
        <time>2026-05-12T15:38:25Z</time>
      </trkpt>
      <trkpt lat="33.61045" lon="-117.76834">
        <ele>169.63</ele>
        <time>2026-05-12T15:38:28Z</time>
      </trkpt>
      <trkpt lat="33.61047" lon="-117.76837">
        <ele>169.08</ele>
        <time>2026-05-12T15:38:30Z</time>
      </trkpt>
      <trkpt lat="33.61048" lon="-117.76841">
        <ele>169.21</ele>
        <time>2026-05-12T15:38:32Z</time>
      </trkpt>
      <trkpt lat="33.6105" lon="-117.76844">
        <ele>169.29</ele>
        <time>2026-05-12T15:38:34Z</time>
      </trkpt>
      <trkpt lat="33.61052" lon="-117.76846">
        <ele>169.57</ele>
        <time>2026-05-12T15:38:36Z</time>
      </trkpt>
      <trkpt lat="33.61055" lon="-117.76849">
        <ele>170.52</ele>
        <time>2026-05-12T15:38:39Z</time>
      </trkpt>
      <trkpt lat="33.61058" lon="-117.76849">
        <ele>170.81</ele>
        <time>2026-05-12T15:38:43Z</time>
      </trkpt>
      <trkpt lat="33.61061" lon="-117.76846">
        <ele>169.8</ele>
        <time>2026-05-12T15:38:46Z</time>
      </trkpt>
      <trkpt lat="33.61064" lon="-117.76843">
        <ele>169.0</ele>
        <time>2026-05-12T15:38:49Z</time>
      </trkpt>
      <trkpt lat="33.61067" lon="-117.76842">
        <ele>168.65</ele>
        <time>2026-05-12T15:38:52Z</time>
      </trkpt>
      <trkpt lat="33.61069" lon="-117.7684">
        <ele>167.57</ele>
        <time>2026-05-12T15:38:55Z</time>
      </trkpt>
      <trkpt lat="33.61073" lon="-117.76839">
        <ele>167.36</ele>
        <time>2026-05-12T15:38:59Z</time>
      </trkpt>
      <trkpt lat="33.61077" lon="-117.76839">
        <ele>167.13</ele>
        <time>2026-05-12T15:39:03Z</time>
      </trkpt>
      <trkpt lat="33.6108" lon="-117.76841">
        <ele>167.67</ele>
        <time>2026-05-12T15:39:06Z</time>
      </trkpt>
      <trkpt lat="33.61083" lon="-117.76844">
        <ele>168.5</ele>
        <time>2026-05-12T15:39:09Z</time>
      </trkpt>
      <trkpt lat="33.61086" lon="-117.76847">
        <ele>168.71</ele>
        <time>2026-05-12T15:39:12Z</time>
      </trkpt>
      <trkpt lat="33.61089" lon="-117.76851">
        <ele>168.94</ele>
        <time>2026-05-12T15:39:15Z</time>
      </trkpt>
      <trkpt lat="33.61091" lon="-117.76853">
        <ele>168.99</ele>
        <time>2026-05-12T15:39:17Z</time>
      </trkpt>
      <trkpt lat="33.61093" lon="-117.76856">
        <ele>169.66</ele>
        <time>2026-05-12T15:39:20Z</time>
      </trkpt>
      <trkpt lat="33.61096" lon="-117.76859">
        <ele>169.78</ele>
        <time>2026-05-12T15:39:23Z</time>
      </trkpt>
      <trkpt lat="33.61099" lon="-117.76863">
        <ele>169.99</ele>
        <time>2026-05-12T15:39:26Z</time>
      </trkpt>
      <trkpt lat="33.61102" lon="-117.76866">
        <ele>170.06</ele>
        <time>2026-05-12T15:39:29Z</time>
      </trkpt>
      <trkpt lat="33.61104" lon="-117.76868">
        <ele>170.22</ele>
        <time>2026-05-12T15:39:31Z</time>
      </trkpt>
      <trkpt lat="33.61107" lon="-117.76871">
        <ele>170.51</ele>
        <time>2026-05-12T15:39:34Z</time>
      </trkpt>
      <trkpt lat="33.6111" lon="-117.76873">
        <ele>170.18</ele>
        <time>2026-05-12T15:39:37Z</time>
      </trkpt>
      <trkpt lat="33.61112" lon="-117.76875">
        <ele>170.45</ele>
        <time>2026-05-12T15:39:44Z</time>
      </trkpt>
      <trkpt lat="33.61115" lon="-117.76875">
        <ele>170.29</ele>
        <time>2026-05-12T15:39:50Z</time>
      </trkpt>
      <trkpt lat="33.61118" lon="-117.76875">
        <ele>170.13</ele>
        <time>2026-05-12T15:39:53Z</time>
      </trkpt>
      <trkpt lat="33.61121" lon="-117.76876">
        <ele>170.12</ele>
        <time>2026-05-12T15:39:57Z</time>
      </trkpt>
      <trkpt lat="33.61125" lon="-117.76877">
        <ele>169.79</ele>
        <time>2026-05-12T15:40:00Z</time>
      </trkpt>
      <trkpt lat="33.61128" lon="-117.76878">
        <ele>169.68</ele>
        <time>2026-05-12T15:40:03Z</time>
      </trkpt>
      <trkpt lat="33.61131" lon="-117.76878">
        <ele>169.62</ele>
        <time>2026-05-12T15:40:06Z</time>
      </trkpt>
      <trkpt lat="33.61134" lon="-117.76879">
        <ele>170.27</ele>
        <time>2026-05-12T15:40:09Z</time>
      </trkpt>
      <trkpt lat="33.61138" lon="-117.76879">
        <ele>170.7</ele>
        <time>2026-05-12T15:40:12Z</time>
      </trkpt>
      <trkpt lat="33.61141" lon="-117.7688">
        <ele>171.35</ele>
        <time>2026-05-12T15:40:15Z</time>
      </trkpt>
      <trkpt lat="33.61144" lon="-117.76881">
        <ele>172.0</ele>
        <time>2026-05-12T15:40:18Z</time>
      </trkpt>
      <trkpt lat="33.61147" lon="-117.76881">
        <ele>172.32</ele>
        <time>2026-05-12T15:40:21Z</time>
      </trkpt>
      <trkpt lat="33.61151" lon="-117.76882">
        <ele>172.69</ele>
        <time>2026-05-12T15:40:24Z</time>
      </trkpt>
      <trkpt lat="33.61154" lon="-117.76884">
        <ele>173.12</ele>
        <time>2026-05-12T15:40:27Z</time>
      </trkpt>
      <trkpt lat="33.61157" lon="-117.76885">
        <ele>173.19</ele>
        <time>2026-05-12T15:40:30Z</time>
      </trkpt>
      <trkpt lat="33.61161" lon="-117.76886">
        <ele>172.87</ele>
        <time>2026-05-12T15:40:33Z</time>
      </trkpt>
      <trkpt lat="33.61164" lon="-117.76887">
        <ele>172.73</ele>
        <time>2026-05-12T15:40:36Z</time>
      </trkpt>
      <trkpt lat="33.61168" lon="-117.76888">
        <ele>172.57</ele>
        <time>2026-05-12T15:40:39Z</time>
      </trkpt>
      <trkpt lat="33.61171" lon="-117.76889">
        <ele>172.56</ele>
        <time>2026-05-12T15:40:42Z</time>
      </trkpt>
      <trkpt lat="33.61175" lon="-117.7689">
        <ele>172.35</ele>
        <time>2026-05-12T15:40:45Z</time>
      </trkpt>
      <trkpt lat="33.61178" lon="-117.76891">
        <ele>172.63</ele>
        <time>2026-05-12T15:40:48Z</time>
      </trkpt>
      <trkpt lat="33.61182" lon="-117.76893">
        <ele>173.25</ele>
        <time>2026-05-12T15:40:51Z</time>
      </trkpt>
      <trkpt lat="33.61185" lon="-117.76894">
        <ele>173.54</ele>
        <time>2026-05-12T15:40:54Z</time>
      </trkpt>
      <trkpt lat="33.61188" lon="-117.76895">
        <ele>173.86</ele>
        <time>2026-05-12T15:40:57Z</time>
      </trkpt>
      <trkpt lat="33.61192" lon="-117.76898">
        <ele>174.71</ele>
        <time>2026-05-12T15:41:00Z</time>
      </trkpt>
      <trkpt lat="33.61194" lon="-117.76901">
        <ele>175.58</ele>
        <time>2026-05-12T15:41:02Z</time>
      </trkpt>
      <trkpt lat="33.61196" lon="-117.76904">
        <ele>176.26</ele>
        <time>2026-05-12T15:41:04Z</time>
      </trkpt>
      <trkpt lat="33.61198" lon="-117.76906">
        <ele>176.7</ele>
        <time>2026-05-12T15:41:06Z</time>
      </trkpt>
      <trkpt lat="33.61201" lon="-117.76909">
        <ele>177.22</ele>
        <time>2026-05-12T15:41:09Z</time>
      </trkpt>
      <trkpt lat="33.61204" lon="-117.76911">
        <ele>177.39</ele>
        <time>2026-05-12T15:41:12Z</time>
      </trkpt>
      <trkpt lat="33.61207" lon="-117.76914">
        <ele>177.71</ele>
        <time>2026-05-12T15:41:15Z</time>
      </trkpt>
      <trkpt lat="33.6121" lon="-117.76916">
        <ele>177.93</ele>
        <time>2026-05-12T15:41:18Z</time>
      </trkpt>
      <trkpt lat="33.61212" lon="-117.76918">
        <ele>178.16</ele>
        <time>2026-05-12T15:41:21Z</time>
      </trkpt>
      <trkpt lat="33.61215" lon="-117.76921">
        <ele>178.37</ele>
        <time>2026-05-12T15:41:25Z</time>
      </trkpt>
      <trkpt lat="33.61217" lon="-117.76923">
        <ele>178.39</ele>
        <time>2026-05-12T15:41:28Z</time>
      </trkpt>
      <trkpt lat="33.6122" lon="-117.76925">
        <ele>178.22</ele>
        <time>2026-05-12T15:41:31Z</time>
      </trkpt>
      <trkpt lat="33.61223" lon="-117.76928">
        <ele>178.21</ele>
        <time>2026-05-12T15:41:34Z</time>
      </trkpt>
      <trkpt lat="33.61226" lon="-117.7693">
        <ele>178.26</ele>
        <time>2026-05-12T15:41:37Z</time>
      </trkpt>
      <trkpt lat="33.6123" lon="-117.76931">
        <ele>178.09</ele>
        <time>2026-05-12T15:41:40Z</time>
      </trkpt>
      <trkpt lat="33.61233" lon="-117.76932">
        <ele>178.0</ele>
        <time>2026-05-12T15:41:42Z</time>
      </trkpt>
      <trkpt lat="33.61236" lon="-117.76931">
        <ele>178.0</ele>
        <time>2026-05-12T15:41:44Z</time>
      </trkpt>
      <trkpt lat="33.61239" lon="-117.7693">
        <ele>178.0</ele>
        <time>2026-05-12T15:41:46Z</time>
      </trkpt>
      <trkpt lat="33.61243" lon="-117.7693">
        <ele>177.65</ele>
        <time>2026-05-12T15:41:49Z</time>
      </trkpt>
      <trkpt lat="33.61247" lon="-117.7693">
        <ele>177.03</ele>
        <time>2026-05-12T15:41:52Z</time>
      </trkpt>
      <trkpt lat="33.6125" lon="-117.76932">
        <ele>176.34</ele>
        <time>2026-05-12T15:41:55Z</time>
      </trkpt>
      <trkpt lat="33.61253" lon="-117.76933">
        <ele>175.59</ele>
        <time>2026-05-12T15:41:58Z</time>
      </trkpt>
      <trkpt lat="33.61252" lon="-117.76936">
        <ele>175.55</ele>
        <time>2026-05-12T15:42:07Z</time>
      </trkpt>
      <trkpt lat="33.61253" lon="-117.76939">
        <ele>175.22</ele>
        <time>2026-05-12T15:42:14Z</time>
      </trkpt>
      <trkpt lat="33.61256" lon="-117.76941">
        <ele>174.3</ele>
        <time>2026-05-12T15:42:19Z</time>
      </trkpt>
      <trkpt lat="33.6126" lon="-117.76942">
        <ele>173.14</ele>
        <time>2026-05-12T15:42:22Z</time>
      </trkpt>
      <trkpt lat="33.61263" lon="-117.76943">
        <ele>172.63</ele>
        <time>2026-05-12T15:42:24Z</time>
      </trkpt>
      <trkpt lat="33.61266" lon="-117.76945">
        <ele>172.32</ele>
        <time>2026-05-12T15:42:27Z</time>
      </trkpt>
      <trkpt lat="33.61269" lon="-117.76946">
        <ele>172.26</ele>
        <time>2026-05-12T15:42:30Z</time>
      </trkpt>
      <trkpt lat="33.61273" lon="-117.76947">
        <ele>173.11</ele>
        <time>2026-05-12T15:42:33Z</time>
      </trkpt>
      <trkpt lat="33.61277" lon="-117.76947">
        <ele>173.86</ele>
        <time>2026-05-12T15:42:36Z</time>
      </trkpt>
      <trkpt lat="33.61279" lon="-117.76948">
        <ele>174.05</ele>
        <time>2026-05-12T15:42:38Z</time>
      </trkpt>
      <trkpt lat="33.61282" lon="-117.76949">
        <ele>174.22</ele>
        <time>2026-05-12T15:42:41Z</time>
      </trkpt>
      <trkpt lat="33.61286" lon="-117.76951">
        <ele>174.63</ele>
        <time>2026-05-12T15:42:44Z</time>
      </trkpt>
      <trkpt lat="33.61288" lon="-117.76952">
        <ele>174.84</ele>
        <time>2026-05-12T15:42:47Z</time>
      </trkpt>
      <trkpt lat="33.61291" lon="-117.76951">
        <ele>174.83</ele>
        <time>2026-05-12T15:42:51Z</time>
      </trkpt>
      <trkpt lat="33.61293" lon="-117.76949">
        <ele>174.82</ele>
        <time>2026-05-12T15:42:54Z</time>
      </trkpt>
      <trkpt lat="33.61296" lon="-117.7695">
        <ele>174.99</ele>
        <time>2026-05-12T15:42:57Z</time>
      </trkpt>
      <trkpt lat="33.613" lon="-117.76952">
        <ele>174.93</ele>
        <time>2026-05-12T15:43:00Z</time>
      </trkpt>
      <trkpt lat="33.61303" lon="-117.76953">
        <ele>174.94</ele>
        <time>2026-05-12T15:43:03Z</time>
      </trkpt>
      <trkpt lat="33.61306" lon="-117.76955">
        <ele>175.13</ele>
        <time>2026-05-12T15:43:06Z</time>
      </trkpt>
      <trkpt lat="33.6131" lon="-117.76957">
        <ele>175.19</ele>
        <time>2026-05-12T15:43:09Z</time>
      </trkpt>
      <trkpt lat="33.61313" lon="-117.76958">
        <ele>175.09</ele>
        <time>2026-05-12T15:43:12Z</time>
      </trkpt>
      <trkpt lat="33.61316" lon="-117.76958">
        <ele>175.0</ele>
        <time>2026-05-12T15:43:14Z</time>
      </trkpt>
      <trkpt lat="33.61319" lon="-117.76959">
        <ele>175.0</ele>
        <time>2026-05-12T15:43:16Z</time>
      </trkpt>
      <trkpt lat="33.61322" lon="-117.76959">
        <ele>175.0</ele>
        <time>2026-05-12T15:43:18Z</time>
      </trkpt>
      <trkpt lat="33.61326" lon="-117.76959">
        <ele>174.91</ele>
        <time>2026-05-12T15:43:20Z</time>
      </trkpt>
      <trkpt lat="33.61328" lon="-117.76959">
        <ele>174.82</ele>
        <time>2026-05-12T15:43:22Z</time>
      </trkpt>
      <trkpt lat="33.61331" lon="-117.7696">
        <ele>174.76</ele>
        <time>2026-05-12T15:43:24Z</time>
      </trkpt>
      <trkpt lat="33.61334" lon="-117.7696">
        <ele>174.61</ele>
        <time>2026-05-12T15:43:26Z</time>
      </trkpt>
      <trkpt lat="33.61338" lon="-117.76961">
        <ele>174.28</ele>
        <time>2026-05-12T15:43:29Z</time>
      </trkpt>
      <trkpt lat="33.61341" lon="-117.76964">
        <ele>174.28</ele>
        <time>2026-05-12T15:43:32Z</time>
      </trkpt>
      <trkpt lat="33.61343" lon="-117.76967">
        <ele>174.39</ele>
        <time>2026-05-12T15:43:34Z</time>
      </trkpt>
      <trkpt lat="33.61344" lon="-117.7697">
        <ele>174.61</ele>
        <time>2026-05-12T15:43:36Z</time>
      </trkpt>
      <trkpt lat="33.61345" lon="-117.76974">
        <ele>175.17</ele>
        <time>2026-05-12T15:43:38Z</time>
      </trkpt>
      <trkpt lat="33.61347" lon="-117.76977">
        <ele>175.8</ele>
        <time>2026-05-12T15:43:41Z</time>
      </trkpt>
      <trkpt lat="33.6135" lon="-117.76977">
        <ele>175.64</ele>
        <time>2026-05-12T15:43:44Z</time>
      </trkpt>
      <trkpt lat="33.61354" lon="-117.76977">
        <ele>175.43</ele>
        <time>2026-05-12T15:43:47Z</time>
      </trkpt>
      <trkpt lat="33.61357" lon="-117.76978">
        <ele>175.53</ele>
        <time>2026-05-12T15:43:50Z</time>
      </trkpt>
      <trkpt lat="33.6136" lon="-117.76978">
        <ele>175.32</ele>
        <time>2026-05-12T15:43:53Z</time>
      </trkpt>
      <trkpt lat="33.61363" lon="-117.76978">
        <ele>174.99</ele>
        <time>2026-05-12T15:43:56Z</time>
      </trkpt>
      <trkpt lat="33.61366" lon="-117.76978">
        <ele>174.59</ele>
        <time>2026-05-12T15:43:59Z</time>
      </trkpt>
      <trkpt lat="33.6137" lon="-117.76979">
        <ele>174.06</ele>
        <time>2026-05-12T15:44:02Z</time>
      </trkpt>
      <trkpt lat="33.61373" lon="-117.76982">
        <ele>173.83</ele>
        <time>2026-05-12T15:44:05Z</time>
      </trkpt>
      <trkpt lat="33.61376" lon="-117.76985">
        <ele>174.15</ele>
        <time>2026-05-12T15:44:08Z</time>
      </trkpt>
      <trkpt lat="33.61378" lon="-117.76988">
        <ele>174.58</ele>
        <time>2026-05-12T15:44:10Z</time>
      </trkpt>
      <trkpt lat="33.6138" lon="-117.76991">
        <ele>175.04</ele>
        <time>2026-05-12T15:44:12Z</time>
      </trkpt>
      <trkpt lat="33.61381" lon="-117.76995">
        <ele>176.16</ele>
        <time>2026-05-12T15:44:15Z</time>
      </trkpt>
      <trkpt lat="33.61381" lon="-117.76999">
        <ele>177.4</ele>
        <time>2026-05-12T15:44:18Z</time>
      </trkpt>
      <trkpt lat="33.61382" lon="-117.77002">
        <ele>177.92</ele>
        <time>2026-05-12T15:44:22Z</time>
      </trkpt>
      <trkpt lat="33.61385" lon="-117.77003">
        <ele>177.49</ele>
        <time>2026-05-12T15:44:26Z</time>
      </trkpt>
      <trkpt lat="33.61389" lon="-117.77004">
        <ele>176.85</ele>
        <time>2026-05-12T15:44:29Z</time>
      </trkpt>
      <trkpt lat="33.61392" lon="-117.77006">
        <ele>176.74</ele>
        <time>2026-05-12T15:44:32Z</time>
      </trkpt>
      <trkpt lat="33.61395" lon="-117.77009">
        <ele>176.64</ele>
        <time>2026-05-12T15:44:35Z</time>
      </trkpt>
      <trkpt lat="33.61398" lon="-117.77011">
        <ele>176.41</ele>
        <time>2026-05-12T15:44:38Z</time>
      </trkpt>
      <trkpt lat="33.614" lon="-117.77015">
        <ele>177.12</ele>
        <time>2026-05-12T15:44:41Z</time>
      </trkpt>
      <trkpt lat="33.61402" lon="-117.77017">
        <ele>177.32</ele>
        <time>2026-05-12T15:44:44Z</time>
      </trkpt>
      <trkpt lat="33.61404" lon="-117.7702">
        <ele>177.69</ele>
        <time>2026-05-12T15:44:47Z</time>
      </trkpt>
      <trkpt lat="33.61406" lon="-117.77023">
        <ele>178.12</ele>
        <time>2026-05-12T15:44:50Z</time>
      </trkpt>
      <trkpt lat="33.61408" lon="-117.77025">
        <ele>178.44</ele>
        <time>2026-05-12T15:44:54Z</time>
      </trkpt>
      <trkpt lat="33.61411" lon="-117.77024">
        <ele>178.41</ele>
        <time>2026-05-12T15:44:58Z</time>
      </trkpt>
      <trkpt lat="33.61414" lon="-117.77024">
        <ele>178.61</ele>
        <time>2026-05-12T15:45:02Z</time>
      </trkpt>
      <trkpt lat="33.61417" lon="-117.77024">
        <ele>178.77</ele>
        <time>2026-05-12T15:45:06Z</time>
      </trkpt>
      <trkpt lat="33.6142" lon="-117.77025">
        <ele>178.96</ele>
        <time>2026-05-12T15:45:09Z</time>
      </trkpt>
      <trkpt lat="33.61424" lon="-117.77026">
        <ele>178.94</ele>
        <time>2026-05-12T15:45:12Z</time>
      </trkpt>
      <trkpt lat="33.61427" lon="-117.77026">
        <ele>178.88</ele>
        <time>2026-05-12T15:45:14Z</time>
      </trkpt>
      <trkpt lat="33.61431" lon="-117.77028">
        <ele>179.58</ele>
        <time>2026-05-12T15:45:17Z</time>
      </trkpt>
      <trkpt lat="33.61434" lon="-117.7703">
        <ele>180.14</ele>
        <time>2026-05-12T15:45:20Z</time>
      </trkpt>
      <trkpt lat="33.61435" lon="-117.77033">
        <ele>180.56</ele>
        <time>2026-05-12T15:45:23Z</time>
      </trkpt>
      <trkpt lat="33.61436" lon="-117.77036">
        <ele>180.7</ele>
        <time>2026-05-12T15:45:25Z</time>
      </trkpt>
      <trkpt lat="33.61436" lon="-117.7704">
        <ele>181.14</ele>
        <time>2026-05-12T15:45:27Z</time>
      </trkpt>
      <trkpt lat="33.61437" lon="-117.77044">
        <ele>181.36</ele>
        <time>2026-05-12T15:45:30Z</time>
      </trkpt>
      <trkpt lat="33.61439" lon="-117.77048">
        <ele>181.25</ele>
        <time>2026-05-12T15:45:33Z</time>
      </trkpt>
      <trkpt lat="33.61441" lon="-117.77052">
        <ele>181.13</ele>
        <time>2026-05-12T15:45:36Z</time>
      </trkpt>
      <trkpt lat="33.61442" lon="-117.77055">
        <ele>181.22</ele>
        <time>2026-05-12T15:45:39Z</time>
      </trkpt>
      <trkpt lat="33.61443" lon="-117.77059">
        <ele>181.21</ele>
        <time>2026-05-12T15:45:42Z</time>
      </trkpt>
      <trkpt lat="33.61444" lon="-117.77063">
        <ele>181.09</ele>
        <time>2026-05-12T15:45:45Z</time>
      </trkpt>
      <trkpt lat="33.61446" lon="-117.77067">
        <ele>180.73</ele>
        <time>2026-05-12T15:45:48Z</time>
      </trkpt>
      <trkpt lat="33.61447" lon="-117.7707">
        <ele>180.73</ele>
        <time>2026-05-12T15:45:51Z</time>
      </trkpt>
      <trkpt lat="33.61448" lon="-117.77074">
        <ele>180.84</ele>
        <time>2026-05-12T15:45:54Z</time>
      </trkpt>
      <trkpt lat="33.61449" lon="-117.77078">
        <ele>180.73</ele>
        <time>2026-05-12T15:45:57Z</time>
      </trkpt>
      <trkpt lat="33.6145" lon="-117.77082">
        <ele>180.88</ele>
        <time>2026-05-12T15:46:00Z</time>
      </trkpt>
      <trkpt lat="33.61452" lon="-117.77086">
        <ele>180.76</ele>
        <time>2026-05-12T15:46:03Z</time>
      </trkpt>
      <trkpt lat="33.61452" lon="-117.77089">
        <ele>180.5</ele>
        <time>2026-05-12T15:46:05Z</time>
      </trkpt>
      <trkpt lat="33.61453" lon="-117.77092">
        <ele>180.14</ele>
        <time>2026-05-12T15:46:07Z</time>
      </trkpt>
      <trkpt lat="33.61453" lon="-117.77095">
        <ele>180.86</ele>
        <time>2026-05-12T15:46:09Z</time>
      </trkpt>
      <trkpt lat="33.61454" lon="-117.771">
        <ele>182.41</ele>
        <time>2026-05-12T15:46:12Z</time>
      </trkpt>
      <trkpt lat="33.61455" lon="-117.77104">
        <ele>183.66</ele>
        <time>2026-05-12T15:46:15Z</time>
      </trkpt>
      <trkpt lat="33.61457" lon="-117.77108">
        <ele>184.76</ele>
        <time>2026-05-12T15:46:19Z</time>
      </trkpt>
      <trkpt lat="33.61459" lon="-117.77105">
        <ele>183.83</ele>
        <time>2026-05-12T15:46:24Z</time>
      </trkpt>
      <trkpt lat="33.61462" lon="-117.77107">
        <ele>184.17</ele>
        <time>2026-05-12T15:46:30Z</time>
      </trkpt>
      <trkpt lat="33.61465" lon="-117.7711">
        <ele>183.93</ele>
        <time>2026-05-12T15:46:35Z</time>
      </trkpt>
      <trkpt lat="33.61468" lon="-117.77111">
        <ele>182.81</ele>
        <time>2026-05-12T15:46:39Z</time>
      </trkpt>
      <trkpt lat="33.61471" lon="-117.77111">
        <ele>181.52</ele>
        <time>2026-05-12T15:46:41Z</time>
      </trkpt>
      <trkpt lat="33.61474" lon="-117.77111">
        <ele>181.38</ele>
        <time>2026-05-12T15:46:43Z</time>
      </trkpt>
      <trkpt lat="33.61478" lon="-117.77111">
        <ele>182.24</ele>
        <time>2026-05-12T15:46:45Z</time>
      </trkpt>
      <trkpt lat="33.61482" lon="-117.77112">
        <ele>182.95</ele>
        <time>2026-05-12T15:46:48Z</time>
      </trkpt>
      <trkpt lat="33.61486" lon="-117.77112">
        <ele>183.35</ele>
        <time>2026-05-12T15:46:51Z</time>
      </trkpt>
      <trkpt lat="33.61489" lon="-117.77112">
        <ele>183.64</ele>
        <time>2026-05-12T15:46:54Z</time>
      </trkpt>
      <trkpt lat="33.61492" lon="-117.77112">
        <ele>183.81</ele>
        <time>2026-05-12T15:46:58Z</time>
      </trkpt>
      <trkpt lat="33.61495" lon="-117.77111">
        <ele>183.97</ele>
        <time>2026-05-12T15:47:01Z</time>
      </trkpt>
      <trkpt lat="33.61498" lon="-117.77108">
        <ele>183.71</ele>
        <time>2026-05-12T15:47:04Z</time>
      </trkpt>
      <trkpt lat="33.61501" lon="-117.77105">
        <ele>184.32</ele>
        <time>2026-05-12T15:47:07Z</time>
      </trkpt>
      <trkpt lat="33.61504" lon="-117.77104">
        <ele>185.3</ele>
        <time>2026-05-12T15:47:11Z</time>
      </trkpt>
      <trkpt lat="33.61507" lon="-117.77105">
        <ele>186.27</ele>
        <time>2026-05-12T15:47:15Z</time>
      </trkpt>
      <trkpt lat="33.6151" lon="-117.77107">
        <ele>187.12</ele>
        <time>2026-05-12T15:47:19Z</time>
      </trkpt>
      <trkpt lat="33.61513" lon="-117.77106">
        <ele>187.63</ele>
        <time>2026-05-12T15:47:23Z</time>
      </trkpt>
      <trkpt lat="33.61517" lon="-117.77105">
        <ele>188.39</ele>
        <time>2026-05-12T15:47:27Z</time>
      </trkpt>
      <trkpt lat="33.6152" lon="-117.77104">
        <ele>188.93</ele>
        <time>2026-05-12T15:47:31Z</time>
      </trkpt>
      <trkpt lat="33.61523" lon="-117.77104">
        <ele>189.25</ele>
        <time>2026-05-12T15:47:35Z</time>
      </trkpt>
      <trkpt lat="33.61526" lon="-117.77105">
        <ele>189.47</ele>
        <time>2026-05-12T15:47:39Z</time>
      </trkpt>
      <trkpt lat="33.61529" lon="-117.77105">
        <ele>189.79</ele>
        <time>2026-05-12T15:47:42Z</time>
      </trkpt>
      <trkpt lat="33.61532" lon="-117.77106">
        <ele>190.01</ele>
        <time>2026-05-12T15:47:45Z</time>
      </trkpt>
      <trkpt lat="33.61535" lon="-117.77107">
        <ele>190.22</ele>
        <time>2026-05-12T15:47:48Z</time>
      </trkpt>
      <trkpt lat="33.61538" lon="-117.77108">
        <ele>190.44</ele>
        <time>2026-05-12T15:47:51Z</time>
      </trkpt>
      <trkpt lat="33.61541" lon="-117.77112">
        <ele>190.35</ele>
        <time>2026-05-12T15:47:54Z</time>
      </trkpt>
      <trkpt lat="33.61543" lon="-117.77115">
        <ele>190.1</ele>
        <time>2026-05-12T15:47:56Z</time>
      </trkpt>
      <trkpt lat="33.61544" lon="-117.77119">
        <ele>189.47</ele>
        <time>2026-05-12T15:47:58Z</time>
      </trkpt>
      <trkpt lat="33.61547" lon="-117.77122">
        <ele>188.77</ele>
        <time>2026-05-12T15:48:01Z</time>
      </trkpt>
      <trkpt lat="33.61549" lon="-117.77126">
        <ele>188.46</ele>
        <time>2026-05-12T15:48:04Z</time>
      </trkpt>
      <trkpt lat="33.61552" lon="-117.77129">
        <ele>188.6</ele>
        <time>2026-05-12T15:48:07Z</time>
      </trkpt>
      <trkpt lat="33.61554" lon="-117.77132">
        <ele>188.96</ele>
        <time>2026-05-12T15:48:10Z</time>
      </trkpt>
      <trkpt lat="33.61555" lon="-117.77135">
        <ele>189.42</ele>
        <time>2026-05-12T15:48:17Z</time>
      </trkpt>
      <trkpt lat="33.61557" lon="-117.77138">
        <ele>190.23</ele>
        <time>2026-05-12T15:48:20Z</time>
      </trkpt>
      <trkpt lat="33.61557" lon="-117.77143">
        <ele>191.13</ele>
        <time>2026-05-12T15:48:24Z</time>
      </trkpt>
      <trkpt lat="33.61557" lon="-117.77147">
        <ele>191.93</ele>
        <time>2026-05-12T15:48:27Z</time>
      </trkpt>
      <trkpt lat="33.61557" lon="-117.77151">
        <ele>192.16</ele>
        <time>2026-05-12T15:48:31Z</time>
      </trkpt>
      <trkpt lat="33.61561" lon="-117.77149">
        <ele>192.59</ele>
        <time>2026-05-12T15:48:53Z</time>
      </trkpt>
      <trkpt lat="33.61563" lon="-117.77146">
        <ele>192.53</ele>
        <time>2026-05-12T15:48:55Z</time>
      </trkpt>
      <trkpt lat="33.61565" lon="-117.77143">
        <ele>192.48</ele>
        <time>2026-05-12T15:48:58Z</time>
      </trkpt>
      <trkpt lat="33.61568" lon="-117.7714">
        <ele>192.77</ele>
        <time>2026-05-12T15:49:01Z</time>
      </trkpt>
      <trkpt lat="33.6157" lon="-117.77137">
        <ele>193.01</ele>
        <time>2026-05-12T15:49:04Z</time>
      </trkpt>
      <trkpt lat="33.61573" lon="-117.77136">
        <ele>193.49</ele>
        <time>2026-05-12T15:49:07Z</time>
      </trkpt>
      <trkpt lat="33.61576" lon="-117.7714">
        <ele>194.21</ele>
        <time>2026-05-12T15:49:10Z</time>
      </trkpt>
      <trkpt lat="33.61579" lon="-117.77142">
        <ele>194.53</ele>
        <time>2026-05-12T15:49:12Z</time>
      </trkpt>
      <trkpt lat="33.61582" lon="-117.77145">
        <ele>194.86</ele>
        <time>2026-05-12T15:49:15Z</time>
      </trkpt>
      <trkpt lat="33.61585" lon="-117.77145">
        <ele>195.3</ele>
        <time>2026-05-12T15:49:18Z</time>
      </trkpt>
      <trkpt lat="33.61588" lon="-117.77146">
        <ele>195.89</ele>
        <time>2026-05-12T15:49:21Z</time>
      </trkpt>
      <trkpt lat="33.6159" lon="-117.77147">
        <ele>196.35</ele>
        <time>2026-05-12T15:49:24Z</time>
      </trkpt>
      <trkpt lat="33.61593" lon="-117.77149">
        <ele>197.09</ele>
        <time>2026-05-12T15:49:27Z</time>
      </trkpt>
      <trkpt lat="33.61596" lon="-117.77151">
        <ele>197.74</ele>
        <time>2026-05-12T15:49:31Z</time>
      </trkpt>
      <trkpt lat="33.61599" lon="-117.77152">
        <ele>198.38</ele>
        <time>2026-05-12T15:49:35Z</time>
      </trkpt>
      <trkpt lat="33.61602" lon="-117.77153">
        <ele>199.02</ele>
        <time>2026-05-12T15:49:39Z</time>
      </trkpt>
      <trkpt lat="33.61605" lon="-117.77154">
        <ele>199.55</ele>
        <time>2026-05-12T15:49:43Z</time>
      </trkpt>
      <trkpt lat="33.61608" lon="-117.77155">
        <ele>200.16</ele>
        <time>2026-05-12T15:49:47Z</time>
      </trkpt>
      <trkpt lat="33.61611" lon="-117.77156">
        <ele>200.83</ele>
        <time>2026-05-12T15:49:51Z</time>
      </trkpt>
      <trkpt lat="33.61614" lon="-117.77157">
        <ele>201.59</ele>
        <time>2026-05-12T15:49:55Z</time>
      </trkpt>
      <trkpt lat="33.61617" lon="-117.77158">
        <ele>202.27</ele>
        <time>2026-05-12T15:49:59Z</time>
      </trkpt>
      <trkpt lat="33.6162" lon="-117.77159">
        <ele>202.92</ele>
        <time>2026-05-12T15:50:03Z</time>
      </trkpt>
      <trkpt lat="33.61622" lon="-117.77156">
        <ele>203.5</ele>
        <time>2026-05-12T15:50:08Z</time>
      </trkpt>
      <trkpt lat="33.61625" lon="-117.77154">
        <ele>204.32</ele>
        <time>2026-05-12T15:50:12Z</time>
      </trkpt>
      <trkpt lat="33.61627" lon="-117.77152">
        <ele>204.73</ele>
        <time>2026-05-12T15:50:16Z</time>
      </trkpt>
      <trkpt lat="33.6163" lon="-117.77151">
        <ele>205.42</ele>
        <time>2026-05-12T15:50:20Z</time>
      </trkpt>
      <trkpt lat="33.61633" lon="-117.7715">
        <ele>206.22</ele>
        <time>2026-05-12T15:50:24Z</time>
      </trkpt>
      <trkpt lat="33.61636" lon="-117.77149">
        <ele>207.09</ele>
        <time>2026-05-12T15:50:28Z</time>
      </trkpt>
      <trkpt lat="33.61639" lon="-117.77147">
        <ele>207.9</ele>
        <time>2026-05-12T15:50:32Z</time>
      </trkpt>
      <trkpt lat="33.61642" lon="-117.77146">
        <ele>208.44</ele>
        <time>2026-05-12T15:50:36Z</time>
      </trkpt>
      <trkpt lat="33.61645" lon="-117.77145">
        <ele>208.98</ele>
        <time>2026-05-12T15:50:40Z</time>
      </trkpt>
      <trkpt lat="33.61648" lon="-117.77144">
        <ele>209.52</ele>
        <time>2026-05-12T15:50:44Z</time>
      </trkpt>
      <trkpt lat="33.6165" lon="-117.77143">
        <ele>209.84</ele>
        <time>2026-05-12T15:50:48Z</time>
      </trkpt>
      <trkpt lat="33.61653" lon="-117.77142">
        <ele>210.38</ele>
        <time>2026-05-12T15:50:52Z</time>
      </trkpt>
      <trkpt lat="33.61656" lon="-117.77141">
        <ele>210.92</ele>
        <time>2026-05-12T15:50:56Z</time>
      </trkpt>
      <trkpt lat="33.61659" lon="-117.7714">
        <ele>211.44</ele>
        <time>2026-05-12T15:51:00Z</time>
      </trkpt>
      <trkpt lat="33.61662" lon="-117.77139">
        <ele>212.0</ele>
        <time>2026-05-12T15:51:04Z</time>
      </trkpt>
      <trkpt lat="33.61665" lon="-117.77138">
        <ele>212.62</ele>
        <time>2026-05-12T15:51:08Z</time>
      </trkpt>
      <trkpt lat="33.61668" lon="-117.77137">
        <ele>213.29</ele>
        <time>2026-05-12T15:51:12Z</time>
      </trkpt>
      <trkpt lat="33.6167" lon="-117.77135">
        <ele>213.72</ele>
        <time>2026-05-12T15:51:16Z</time>
      </trkpt>
      <trkpt lat="33.61673" lon="-117.77134">
        <ele>214.37</ele>
        <time>2026-05-12T15:51:20Z</time>
      </trkpt>
      <trkpt lat="33.61676" lon="-117.77133">
        <ele>215.02</ele>
        <time>2026-05-12T15:51:24Z</time>
      </trkpt>
      <trkpt lat="33.61678" lon="-117.77132">
        <ele>215.67</ele>
        <time>2026-05-12T15:51:28Z</time>
      </trkpt>
      <trkpt lat="33.61681" lon="-117.77131">
        <ele>216.64</ele>
        <time>2026-05-12T15:51:32Z</time>
      </trkpt>
      <trkpt lat="33.61684" lon="-117.7713">
        <ele>217.62</ele>
        <time>2026-05-12T15:51:36Z</time>
      </trkpt>
      <trkpt lat="33.61682" lon="-117.77127">
        <ele>216.5</ele>
        <time>2026-05-12T15:51:59Z</time>
      </trkpt>
      <trkpt lat="33.61688" lon="-117.77125">
        <ele>217.61</ele>
        <time>2026-05-12T15:52:49Z</time>
      </trkpt>
      <trkpt lat="33.61692" lon="-117.77125">
        <ele>218.47</ele>
        <time>2026-05-12T15:52:57Z</time>
      </trkpt>
      <trkpt lat="33.61696" lon="-117.77125">
        <ele>219.34</ele>
        <time>2026-05-12T15:53:04Z</time>
      </trkpt>
      <trkpt lat="33.61701" lon="-117.77125">
        <ele>220.42</ele>
        <time>2026-05-12T15:53:07Z</time>
      </trkpt>
      <trkpt lat="33.61706" lon="-117.77125">
        <ele>221.87</ele>
        <time>2026-05-12T15:53:09Z</time>
      </trkpt>
      <trkpt lat="33.6171" lon="-117.77125">
        <ele>223.38</ele>
        <time>2026-05-12T15:53:11Z</time>
      </trkpt>
      <trkpt lat="33.61713" lon="-117.77128">
        <ele>224.83</ele>
        <time>2026-05-12T15:53:14Z</time>
      </trkpt>
      <trkpt lat="33.61716" lon="-117.77132">
        <ele>225.57</ele>
        <time>2026-05-12T15:53:17Z</time>
      </trkpt>
      <trkpt lat="33.61719" lon="-117.77132">
        <ele>226.14</ele>
        <time>2026-05-12T15:53:22Z</time>
      </trkpt>
      <trkpt lat="33.61722" lon="-117.77129">
        <ele>226.88</ele>
        <time>2026-05-12T15:53:26Z</time>
      </trkpt>
      <trkpt lat="33.61723" lon="-117.77126">
        <ele>226.69</ele>
        <time>2026-05-12T15:53:31Z</time>
      </trkpt>
      <trkpt lat="33.61726" lon="-117.77125">
        <ele>226.91</ele>
        <time>2026-05-12T15:53:35Z</time>
      </trkpt>
      <trkpt lat="33.61729" lon="-117.77124">
        <ele>227.12</ele>
        <time>2026-05-12T15:53:38Z</time>
      </trkpt>
      <trkpt lat="33.61732" lon="-117.77122">
        <ele>227.18</ele>
        <time>2026-05-12T15:53:41Z</time>
      </trkpt>
      <trkpt lat="33.61735" lon="-117.77121">
        <ele>227.07</ele>
        <time>2026-05-12T15:53:44Z</time>
      </trkpt>
      <trkpt lat="33.61738" lon="-117.7712">
        <ele>226.91</ele>
        <time>2026-05-12T15:53:47Z</time>
      </trkpt>
      <trkpt lat="33.61741" lon="-117.77119">
        <ele>226.71</ele>
        <time>2026-05-12T15:53:50Z</time>
      </trkpt>
      <trkpt lat="33.61745" lon="-117.77117">
        <ele>226.61</ele>
        <time>2026-05-12T15:53:53Z</time>
      </trkpt>
      <trkpt lat="33.61748" lon="-117.77115">
        <ele>226.75</ele>
        <time>2026-05-12T15:53:56Z</time>
      </trkpt>
      <trkpt lat="33.61751" lon="-117.77113">
        <ele>227.09</ele>
        <time>2026-05-12T15:53:59Z</time>
      </trkpt>
      <trkpt lat="33.61753" lon="-117.77111">
        <ele>227.29</ele>
        <time>2026-05-12T15:54:01Z</time>
      </trkpt>
      <trkpt lat="33.61756" lon="-117.77109">
        <ele>227.11</ele>
        <time>2026-05-12T15:54:03Z</time>
      </trkpt>
      <trkpt lat="33.61758" lon="-117.77107">
        <ele>226.92</ele>
        <time>2026-05-12T15:54:05Z</time>
      </trkpt>
      <trkpt lat="33.61761" lon="-117.77104">
        <ele>226.9</ele>
        <time>2026-05-12T15:54:08Z</time>
      </trkpt>
      <trkpt lat="33.61763" lon="-117.77102">
        <ele>227.22</ele>
        <time>2026-05-12T15:54:10Z</time>
      </trkpt>
      <trkpt lat="33.61766" lon="-117.771">
        <ele>227.98</ele>
        <time>2026-05-12T15:54:13Z</time>
      </trkpt>
      <trkpt lat="33.61769" lon="-117.77098">
        <ele>228.68</ele>
        <time>2026-05-12T15:54:16Z</time>
      </trkpt>
      <trkpt lat="33.61772" lon="-117.77097">
        <ele>229.25</ele>
        <time>2026-05-12T15:54:19Z</time>
      </trkpt>
      <trkpt lat="33.61775" lon="-117.77096">
        <ele>229.95</ele>
        <time>2026-05-12T15:54:22Z</time>
      </trkpt>
      <trkpt lat="33.61774" lon="-117.77099">
        <ele>229.65</ele>
        <time>2026-05-12T15:54:38Z</time>
      </trkpt>
      <trkpt lat="33.61776" lon="-117.77096">
        <ele>230.2</ele>
        <time>2026-05-12T15:54:47Z</time>
      </trkpt>
      <trkpt lat="33.61778" lon="-117.77094">
        <ele>230.87</ele>
        <time>2026-05-12T15:54:51Z</time>
      </trkpt>
      <trkpt lat="33.6178" lon="-117.77092">
        <ele>231.14</ele>
        <time>2026-05-12T15:54:55Z</time>
      </trkpt>
      <trkpt lat="33.61782" lon="-117.7709">
        <ele>231.15</ele>
        <time>2026-05-12T15:54:59Z</time>
      </trkpt>
      <trkpt lat="33.61785" lon="-117.77089">
        <ele>231.61</ele>
        <time>2026-05-12T15:55:02Z</time>
      </trkpt>
      <trkpt lat="33.61788" lon="-117.77088">
        <ele>232.21</ele>
        <time>2026-05-12T15:55:05Z</time>
      </trkpt>
      <trkpt lat="33.61791" lon="-117.77087">
        <ele>232.86</ele>
        <time>2026-05-12T15:55:08Z</time>
      </trkpt>
      <trkpt lat="33.61794" lon="-117.77086">
        <ele>233.5</ele>
        <time>2026-05-12T15:55:12Z</time>
      </trkpt>
      <trkpt lat="33.61797" lon="-117.77085">
        <ele>234.2</ele>
        <time>2026-05-12T15:55:16Z</time>
      </trkpt>
      <trkpt lat="33.618" lon="-117.77084">
        <ele>235.14</ele>
        <time>2026-05-12T15:55:20Z</time>
      </trkpt>
      <trkpt lat="33.61803" lon="-117.77083">
        <ele>236.1</ele>
        <time>2026-05-12T15:55:24Z</time>
      </trkpt>
      <trkpt lat="33.61806" lon="-117.77083">
        <ele>236.98</ele>
        <time>2026-05-12T15:55:29Z</time>
      </trkpt>
      <trkpt lat="33.61809" lon="-117.77082">
        <ele>237.14</ele>
        <time>2026-05-12T15:55:34Z</time>
      </trkpt>
      <trkpt lat="33.61812" lon="-117.77081">
        <ele>237.37</ele>
        <time>2026-05-12T15:55:39Z</time>
      </trkpt>
      <trkpt lat="33.61815" lon="-117.77081">
        <ele>237.81</ele>
        <time>2026-05-12T15:55:43Z</time>
      </trkpt>
      <trkpt lat="33.61818" lon="-117.7708">
        <ele>238.67</ele>
        <time>2026-05-12T15:55:48Z</time>
      </trkpt>
      <trkpt lat="33.61821" lon="-117.7708">
        <ele>239.64</ele>
        <time>2026-05-12T15:55:53Z</time>
      </trkpt>
      <trkpt lat="33.61824" lon="-117.7708">
        <ele>240.62</ele>
        <time>2026-05-12T15:55:57Z</time>
      </trkpt>
      <trkpt lat="33.61827" lon="-117.7708">
        <ele>241.7</ele>
        <time>2026-05-12T15:56:01Z</time>
      </trkpt>
      <trkpt lat="33.61829" lon="-117.77083">
        <ele>242.58</ele>
        <time>2026-05-12T15:56:05Z</time>
      </trkpt>
      <trkpt lat="33.61831" lon="-117.77085">
        <ele>242.93</ele>
        <time>2026-05-12T15:56:08Z</time>
      </trkpt>
      <trkpt lat="33.61834" lon="-117.77086">
        <ele>243.57</ele>
        <time>2026-05-12T15:56:12Z</time>
      </trkpt>
      <trkpt lat="33.61837" lon="-117.77085">
        <ele>244.43</ele>
        <time>2026-05-12T15:56:16Z</time>
      </trkpt>
      <trkpt lat="33.61839" lon="-117.77084">
        <ele>245.08</ele>
        <time>2026-05-12T15:56:20Z</time>
      </trkpt>
      <trkpt lat="33.61842" lon="-117.77083">
        <ele>245.91</ele>
        <time>2026-05-12T15:56:24Z</time>
      </trkpt>
      <trkpt lat="33.61845" lon="-117.77084">
        <ele>246.6</ele>
        <time>2026-05-12T15:56:28Z</time>
      </trkpt>
      <trkpt lat="33.61848" lon="-117.77083">
        <ele>247.81</ele>
        <time>2026-05-12T15:56:32Z</time>
      </trkpt>
      <trkpt lat="33.61851" lon="-117.77084">
        <ele>248.45</ele>
        <time>2026-05-12T15:56:36Z</time>
      </trkpt>
      <trkpt lat="33.61855" lon="-117.77084">
        <ele>248.76</ele>
        <time>2026-05-12T15:56:39Z</time>
      </trkpt>
      <trkpt lat="33.61857" lon="-117.77084">
        <ele>248.79</ele>
        <time>2026-05-12T15:56:42Z</time>
      </trkpt>
      <trkpt lat="33.6186" lon="-117.77084">
        <ele>248.84</ele>
        <time>2026-05-12T15:56:45Z</time>
      </trkpt>
      <trkpt lat="33.61863" lon="-117.77085">
        <ele>248.64</ele>
        <time>2026-05-12T15:56:49Z</time>
      </trkpt>
      <trkpt lat="33.61865" lon="-117.77087">
        <ele>248.21</ele>
        <time>2026-05-12T15:56:53Z</time>
      </trkpt>
      <trkpt lat="33.61868" lon="-117.7709">
        <ele>247.56</ele>
        <time>2026-05-12T15:56:57Z</time>
      </trkpt>
      <trkpt lat="33.6187" lon="-117.77092">
        <ele>247.13</ele>
        <time>2026-05-12T15:57:01Z</time>
      </trkpt>
      <trkpt lat="33.61874" lon="-117.77094">
        <ele>245.99</ele>
        <time>2026-05-12T15:57:05Z</time>
      </trkpt>
      <trkpt lat="33.61877" lon="-117.77096">
        <ele>245.39</ele>
        <time>2026-05-12T15:57:08Z</time>
      </trkpt>
      <trkpt lat="33.6188" lon="-117.77098">
        <ele>245.33</ele>
        <time>2026-05-12T15:57:11Z</time>
      </trkpt>
      <trkpt lat="33.61883" lon="-117.771">
        <ele>244.84</ele>
        <time>2026-05-12T15:57:14Z</time>
      </trkpt>
      <trkpt lat="33.61886" lon="-117.77102">
        <ele>244.99</ele>
        <time>2026-05-12T15:57:17Z</time>
      </trkpt>
      <trkpt lat="33.61889" lon="-117.77105">
        <ele>245.0</ele>
        <time>2026-05-12T15:57:20Z</time>
      </trkpt>
      <trkpt lat="33.61891" lon="-117.77107">
        <ele>245.03</ele>
        <time>2026-05-12T15:57:22Z</time>
      </trkpt>
      <trkpt lat="33.61894" lon="-117.77109">
        <ele>245.3</ele>
        <time>2026-05-12T15:57:24Z</time>
      </trkpt>
      <trkpt lat="33.61897" lon="-117.77111">
        <ele>245.85</ele>
        <time>2026-05-12T15:57:27Z</time>
      </trkpt>
      <trkpt lat="33.61899" lon="-117.77113">
        <ele>245.5</ele>
        <time>2026-05-12T15:57:30Z</time>
      </trkpt>
      <trkpt lat="33.61902" lon="-117.77116">
        <ele>245.21</ele>
        <time>2026-05-12T15:57:33Z</time>
      </trkpt>
      <trkpt lat="33.61904" lon="-117.77119">
        <ele>245.72</ele>
        <time>2026-05-12T15:57:37Z</time>
      </trkpt>
      <trkpt lat="33.61906" lon="-117.77122">
        <ele>246.49</ele>
        <time>2026-05-12T15:57:40Z</time>
      </trkpt>
      <trkpt lat="33.61907" lon="-117.77126">
        <ele>246.81</ele>
        <time>2026-05-12T15:57:43Z</time>
      </trkpt>
      <trkpt lat="33.61907" lon="-117.7713">
        <ele>246.74</ele>
        <time>2026-05-12T15:57:46Z</time>
      </trkpt>
      <trkpt lat="33.61908" lon="-117.77135">
        <ele>246.34</ele>
        <time>2026-05-12T15:57:49Z</time>
      </trkpt>
      <trkpt lat="33.61908" lon="-117.77139">
        <ele>245.99</ele>
        <time>2026-05-12T15:57:52Z</time>
      </trkpt>
      <trkpt lat="33.61909" lon="-117.77143">
        <ele>245.63</ele>
        <time>2026-05-12T15:57:55Z</time>
      </trkpt>
      <trkpt lat="33.61908" lon="-117.77146">
        <ele>245.28</ele>
        <time>2026-05-12T15:57:58Z</time>
      </trkpt>
      <trkpt lat="33.61905" lon="-117.77146">
        <ele>243.79</ele>
        <time>2026-05-12T15:58:01Z</time>
      </trkpt>
      <trkpt lat="33.61905" lon="-117.7715">
        <ele>243.09</ele>
        <time>2026-05-12T15:58:07Z</time>
      </trkpt>
      <trkpt lat="33.61907" lon="-117.77154">
        <ele>243.5</ele>
        <time>2026-05-12T15:58:11Z</time>
      </trkpt>
      <trkpt lat="33.61907" lon="-117.77158">
        <ele>242.72</ele>
        <time>2026-05-12T15:58:14Z</time>
      </trkpt>
      <trkpt lat="33.61907" lon="-117.77161">
        <ele>242.43</ele>
        <time>2026-05-12T15:58:17Z</time>
      </trkpt>
      <trkpt lat="33.61906" lon="-117.77165">
        <ele>241.67</ele>
        <time>2026-05-12T15:58:19Z</time>
      </trkpt>
      <trkpt lat="33.61904" lon="-117.77169">
        <ele>240.99</ele>
        <time>2026-05-12T15:58:21Z</time>
      </trkpt>
      <trkpt lat="33.61903" lon="-117.77172">
        <ele>240.85</ele>
        <time>2026-05-12T15:58:23Z</time>
      </trkpt>
      <trkpt lat="33.61902" lon="-117.77176">
        <ele>240.84</ele>
        <time>2026-05-12T15:58:25Z</time>
      </trkpt>
      <trkpt lat="33.61901" lon="-117.77179">
        <ele>240.97</ele>
        <time>2026-05-12T15:58:27Z</time>
      </trkpt>
      <trkpt lat="33.619" lon="-117.77182">
        <ele>241.32</ele>
        <time>2026-05-12T15:58:29Z</time>
      </trkpt>
      <trkpt lat="33.61899" lon="-117.77185">
        <ele>241.87</ele>
        <time>2026-05-12T15:58:31Z</time>
      </trkpt>
      <trkpt lat="33.61898" lon="-117.77188">
        <ele>241.94</ele>
        <time>2026-05-12T15:58:33Z</time>
      </trkpt>
      <trkpt lat="33.61897" lon="-117.77191">
        <ele>241.58</ele>
        <time>2026-05-12T15:58:35Z</time>
      </trkpt>
      <trkpt lat="33.61896" lon="-117.77194">
        <ele>241.29</ele>
        <time>2026-05-12T15:58:37Z</time>
      </trkpt>
      <trkpt lat="33.61894" lon="-117.77198">
        <ele>241.0</ele>
        <time>2026-05-12T15:58:40Z</time>
      </trkpt>
      <trkpt lat="33.61893" lon="-117.77202">
        <ele>241.24</ele>
        <time>2026-05-12T15:58:43Z</time>
      </trkpt>
      <trkpt lat="33.61891" lon="-117.77206">
        <ele>241.0</ele>
        <time>2026-05-12T15:58:46Z</time>
      </trkpt>
      <trkpt lat="33.61889" lon="-117.77209">
        <ele>240.98</ele>
        <time>2026-05-12T15:58:49Z</time>
      </trkpt>
      <trkpt lat="33.61886" lon="-117.77212">
        <ele>240.62</ele>
        <time>2026-05-12T15:58:52Z</time>
      </trkpt>
      <trkpt lat="33.61883" lon="-117.77215">
        <ele>240.64</ele>
        <time>2026-05-12T15:58:55Z</time>
      </trkpt>
      <trkpt lat="33.61881" lon="-117.77218">
        <ele>241.07</ele>
        <time>2026-05-12T15:58:57Z</time>
      </trkpt>
      <trkpt lat="33.6188" lon="-117.7722">
        <ele>241.5</ele>
        <time>2026-05-12T15:58:59Z</time>
      </trkpt>
      <trkpt lat="33.61878" lon="-117.77223">
        <ele>241.57</ele>
        <time>2026-05-12T15:59:01Z</time>
      </trkpt>
      <trkpt lat="33.61876" lon="-117.77227">
        <ele>241.54</ele>
        <time>2026-05-12T15:59:04Z</time>
      </trkpt>
      <trkpt lat="33.61873" lon="-117.7723">
        <ele>241.29</ele>
        <time>2026-05-12T15:59:07Z</time>
      </trkpt>
      <trkpt lat="33.61871" lon="-117.77234">
        <ele>241.41</ele>
        <time>2026-05-12T15:59:10Z</time>
      </trkpt>
      <trkpt lat="33.61869" lon="-117.77237">
        <ele>241.3</ele>
        <time>2026-05-12T15:59:13Z</time>
      </trkpt>
      <trkpt lat="33.61867" lon="-117.77241">
        <ele>241.26</ele>
        <time>2026-05-12T15:59:16Z</time>
      </trkpt>
      <trkpt lat="33.61867" lon="-117.77245">
        <ele>241.1</ele>
        <time>2026-05-12T15:59:20Z</time>
      </trkpt>
      <trkpt lat="33.61868" lon="-117.77248">
        <ele>241.29</ele>
        <time>2026-05-12T15:59:23Z</time>
      </trkpt>
      <trkpt lat="33.61868" lon="-117.77251">
        <ele>240.99</ele>
        <time>2026-05-12T15:59:27Z</time>
      </trkpt>
      <trkpt lat="33.6187" lon="-117.77254">
        <ele>241.0</ele>
        <time>2026-05-12T15:59:31Z</time>
      </trkpt>
      <trkpt lat="33.61871" lon="-117.77258">
        <ele>240.34</ele>
        <time>2026-05-12T15:59:34Z</time>
      </trkpt>
      <trkpt lat="33.61873" lon="-117.77261">
        <ele>240.01</ele>
        <time>2026-05-12T15:59:37Z</time>
      </trkpt>
      <trkpt lat="33.61876" lon="-117.77264">
        <ele>240.21</ele>
        <time>2026-05-12T15:59:39Z</time>
      </trkpt>
      <trkpt lat="33.61878" lon="-117.77267">
        <ele>240.53</ele>
        <time>2026-05-12T15:59:41Z</time>
      </trkpt>
      <trkpt lat="33.6188" lon="-117.77269">
        <ele>240.89</ele>
        <time>2026-05-12T15:59:43Z</time>
      </trkpt>
      <trkpt lat="33.61881" lon="-117.77272">
        <ele>240.72</ele>
        <time>2026-05-12T15:59:45Z</time>
      </trkpt>
      <trkpt lat="33.61881" lon="-117.77277">
        <ele>240.96</ele>
        <time>2026-05-12T15:59:48Z</time>
      </trkpt>
      <trkpt lat="33.61881" lon="-117.77281">
        <ele>241.45</ele>
        <time>2026-05-12T15:59:51Z</time>
      </trkpt>
      <trkpt lat="33.61881" lon="-117.77285">
        <ele>242.01</ele>
        <time>2026-05-12T15:59:54Z</time>
      </trkpt>
      <trkpt lat="33.61882" lon="-117.77289">
        <ele>242.57</ele>
        <time>2026-05-12T15:59:57Z</time>
      </trkpt>
      <trkpt lat="33.61884" lon="-117.77293">
        <ele>243.25</ele>
        <time>2026-05-12T16:00:00Z</time>
      </trkpt>
      <trkpt lat="33.61885" lon="-117.77297">
        <ele>243.82</ele>
        <time>2026-05-12T16:00:03Z</time>
      </trkpt>
      <trkpt lat="33.61886" lon="-117.773">
        <ele>244.46</ele>
        <time>2026-05-12T16:00:06Z</time>
      </trkpt>
      <trkpt lat="33.61888" lon="-117.77302">
        <ele>245.33</ele>
        <time>2026-05-12T16:00:15Z</time>
      </trkpt>
      <trkpt lat="33.61888" lon="-117.77306">
        <ele>245.66</ele>
        <time>2026-05-12T16:00:20Z</time>
      </trkpt>
      <trkpt lat="33.61888" lon="-117.77309">
        <ele>245.34</ele>
        <time>2026-05-12T16:00:24Z</time>
      </trkpt>
      <trkpt lat="33.61888" lon="-117.77313">
        <ele>244.91</ele>
        <time>2026-05-12T16:00:28Z</time>
      </trkpt>
      <trkpt lat="33.61888" lon="-117.77317">
        <ele>244.69</ele>
        <time>2026-05-12T16:00:32Z</time>
      </trkpt>
      <trkpt lat="33.61889" lon="-117.77322">
        <ele>244.99</ele>
        <time>2026-05-12T16:00:35Z</time>
      </trkpt>
      <trkpt lat="33.61889" lon="-117.77327">
        <ele>244.68</ele>
        <time>2026-05-12T16:00:38Z</time>
      </trkpt>
      <trkpt lat="33.6189" lon="-117.77331">
        <ele>244.22</ele>
        <time>2026-05-12T16:00:41Z</time>
      </trkpt>
      <trkpt lat="33.6189" lon="-117.77335">
        <ele>244.0</ele>
        <time>2026-05-12T16:00:44Z</time>
      </trkpt>
      <trkpt lat="33.61891" lon="-117.7734">
        <ele>244.0</ele>
        <time>2026-05-12T16:00:47Z</time>
      </trkpt>
      <trkpt lat="33.61891" lon="-117.77344">
        <ele>244.03</ele>
        <time>2026-05-12T16:00:50Z</time>
      </trkpt>
      <trkpt lat="33.61892" lon="-117.77349">
        <ele>244.23</ele>
        <time>2026-05-12T16:00:53Z</time>
      </trkpt>
      <trkpt lat="33.61893" lon="-117.77353">
        <ele>244.5</ele>
        <time>2026-05-12T16:00:56Z</time>
      </trkpt>
      <trkpt lat="33.61893" lon="-117.77358">
        <ele>244.74</ele>
        <time>2026-05-12T16:00:59Z</time>
      </trkpt>
      <trkpt lat="33.61894" lon="-117.77362">
        <ele>245.24</ele>
        <time>2026-05-12T16:01:02Z</time>
      </trkpt>
      <trkpt lat="33.61894" lon="-117.77365">
        <ele>245.71</ele>
        <time>2026-05-12T16:01:05Z</time>
      </trkpt>
      <trkpt lat="33.61893" lon="-117.77369">
        <ele>246.21</ele>
        <time>2026-05-12T16:01:08Z</time>
      </trkpt>
      <trkpt lat="33.6189" lon="-117.77372">
        <ele>246.32</ele>
        <time>2026-05-12T16:01:11Z</time>
      </trkpt>
      <trkpt lat="33.61888" lon="-117.77374">
        <ele>246.18</ele>
        <time>2026-05-12T16:01:14Z</time>
      </trkpt>
      <trkpt lat="33.61886" lon="-117.77377">
        <ele>246.23</ele>
        <time>2026-05-12T16:01:17Z</time>
      </trkpt>
      <trkpt lat="33.61885" lon="-117.7738">
        <ele>246.68</ele>
        <time>2026-05-12T16:01:20Z</time>
      </trkpt>
      <trkpt lat="33.61882" lon="-117.77383">
        <ele>247.08</ele>
        <time>2026-05-12T16:01:23Z</time>
      </trkpt>
      <trkpt lat="33.6188" lon="-117.77386">
        <ele>247.44</ele>
        <time>2026-05-12T16:01:26Z</time>
      </trkpt>
      <trkpt lat="33.61878" lon="-117.77388">
        <ele>247.76</ele>
        <time>2026-05-12T16:01:29Z</time>
      </trkpt>
      <trkpt lat="33.61875" lon="-117.7739">
        <ele>248.36</ele>
        <time>2026-05-12T16:01:32Z</time>
      </trkpt>
      <trkpt lat="33.61872" lon="-117.77392">
        <ele>249.01</ele>
        <time>2026-05-12T16:01:35Z</time>
      </trkpt>
      <trkpt lat="33.61869" lon="-117.77392">
        <ele>248.71</ele>
        <time>2026-05-12T16:01:38Z</time>
      </trkpt>
      <trkpt lat="33.61866" lon="-117.77394">
        <ele>248.71</ele>
        <time>2026-05-12T16:01:41Z</time>
      </trkpt>
      <trkpt lat="33.61863" lon="-117.77395">
        <ele>248.39</ele>
        <time>2026-05-12T16:01:44Z</time>
      </trkpt>
      <trkpt lat="33.6186" lon="-117.77397">
        <ele>248.61</ele>
        <time>2026-05-12T16:01:47Z</time>
      </trkpt>
      <trkpt lat="33.61856" lon="-117.77397">
        <ele>248.56</ele>
        <time>2026-05-12T16:01:50Z</time>
      </trkpt>
      <trkpt lat="33.61853" lon="-117.77398">
        <ele>248.94</ele>
        <time>2026-05-12T16:01:53Z</time>
      </trkpt>
      <trkpt lat="33.6185" lon="-117.77399">
        <ele>248.58</ele>
        <time>2026-05-12T16:01:55Z</time>
      </trkpt>
      <trkpt lat="33.61847" lon="-117.774">
        <ele>247.83</ele>
        <time>2026-05-12T16:01:58Z</time>
      </trkpt>
      <trkpt lat="33.61844" lon="-117.77401">
        <ele>247.07</ele>
        <time>2026-05-12T16:02:01Z</time>
      </trkpt>
      <trkpt lat="33.61841" lon="-117.77402">
        <ele>246.14</ele>
        <time>2026-05-12T16:02:04Z</time>
      </trkpt>
      <trkpt lat="33.61839" lon="-117.77406">
        <ele>246.14</ele>
        <time>2026-05-12T16:02:07Z</time>
      </trkpt>
      <trkpt lat="33.61838" lon="-117.7741">
        <ele>245.87</ele>
        <time>2026-05-12T16:02:09Z</time>
      </trkpt>
      <trkpt lat="33.61838" lon="-117.77413">
        <ele>245.71</ele>
        <time>2026-05-12T16:02:11Z</time>
      </trkpt>
      <trkpt lat="33.61838" lon="-117.77418">
        <ele>245.8</ele>
        <time>2026-05-12T16:02:14Z</time>
      </trkpt>
      <trkpt lat="33.61837" lon="-117.77422">
        <ele>246.34</ele>
        <time>2026-05-12T16:02:17Z</time>
      </trkpt>
      <trkpt lat="33.61836" lon="-117.77426">
        <ele>246.88</ele>
        <time>2026-05-12T16:02:20Z</time>
      </trkpt>
      <trkpt lat="33.61835" lon="-117.7743">
        <ele>247.58</ele>
        <time>2026-05-12T16:02:23Z</time>
      </trkpt>
      <trkpt lat="33.61833" lon="-117.77434">
        <ele>247.7</ele>
        <time>2026-05-12T16:02:26Z</time>
      </trkpt>
      <trkpt lat="33.6183" lon="-117.77437">
        <ele>248.48</ele>
        <time>2026-05-12T16:02:29Z</time>
      </trkpt>
      <trkpt lat="33.61828" lon="-117.77439">
        <ele>249.01</ele>
        <time>2026-05-12T16:02:32Z</time>
      </trkpt>
      <trkpt lat="33.61824" lon="-117.77439">
        <ele>248.22</ele>
        <time>2026-05-12T16:02:35Z</time>
      </trkpt>
      <trkpt lat="33.61821" lon="-117.77439">
        <ele>247.57</ele>
        <time>2026-05-12T16:02:37Z</time>
      </trkpt>
      <trkpt lat="33.61818" lon="-117.7744">
        <ele>247.25</ele>
        <time>2026-05-12T16:02:39Z</time>
      </trkpt>
      <trkpt lat="33.61814" lon="-117.77441">
        <ele>246.94</ele>
        <time>2026-05-12T16:02:41Z</time>
      </trkpt>
      <trkpt lat="33.61812" lon="-117.77442">
        <ele>247.43</ele>
        <time>2026-05-12T16:02:43Z</time>
      </trkpt>
      <trkpt lat="33.61808" lon="-117.77443">
        <ele>248.15</ele>
        <time>2026-05-12T16:02:46Z</time>
      </trkpt>
      <trkpt lat="33.61805" lon="-117.77445">
        <ele>249.29</ele>
        <time>2026-05-12T16:02:49Z</time>
      </trkpt>
      <trkpt lat="33.61801" lon="-117.77447">
        <ele>250.32</ele>
        <time>2026-05-12T16:02:52Z</time>
      </trkpt>
      <trkpt lat="33.61799" lon="-117.77449">
        <ele>250.98</ele>
        <time>2026-05-12T16:02:55Z</time>
      </trkpt>
      <trkpt lat="33.61796" lon="-117.7745">
        <ele>251.17</ele>
        <time>2026-05-12T16:02:58Z</time>
      </trkpt>
      <trkpt lat="33.61793" lon="-117.77452">
        <ele>251.28</ele>
        <time>2026-05-12T16:03:05Z</time>
      </trkpt>
      <trkpt lat="33.6179" lon="-117.77454">
        <ele>251.35</ele>
        <time>2026-05-12T16:03:10Z</time>
      </trkpt>
      <trkpt lat="33.61787" lon="-117.77455">
        <ele>251.13</ele>
        <time>2026-05-12T16:03:14Z</time>
      </trkpt>
      <trkpt lat="33.61784" lon="-117.77457">
        <ele>250.37</ele>
        <time>2026-05-12T16:03:18Z</time>
      </trkpt>
      <trkpt lat="33.61782" lon="-117.77459">
        <ele>249.94</ele>
        <time>2026-05-12T16:03:22Z</time>
      </trkpt>
      <trkpt lat="33.61779" lon="-117.77461">
        <ele>249.18</ele>
        <time>2026-05-12T16:03:26Z</time>
      </trkpt>
      <trkpt lat="33.61777" lon="-117.77464">
        <ele>248.68</ele>
        <time>2026-05-12T16:03:30Z</time>
      </trkpt>
      <trkpt lat="33.61775" lon="-117.77466">
        <ele>248.0</ele>
        <time>2026-05-12T16:03:34Z</time>
      </trkpt>
      <trkpt lat="33.61773" lon="-117.77468">
        <ele>247.5</ele>
        <time>2026-05-12T16:03:38Z</time>
      </trkpt>
      <trkpt lat="33.6177" lon="-117.7747">
        <ele>246.92</ele>
        <time>2026-05-12T16:03:43Z</time>
      </trkpt>
      <trkpt lat="33.61768" lon="-117.77472">
        <ele>246.84</ele>
        <time>2026-05-12T16:03:47Z</time>
      </trkpt>
      <trkpt lat="33.61764" lon="-117.77473">
        <ele>245.98</ele>
        <time>2026-05-12T16:03:51Z</time>
      </trkpt>
      <trkpt lat="33.61762" lon="-117.77474">
        <ele>245.61</ele>
        <time>2026-05-12T16:03:53Z</time>
      </trkpt>
      <trkpt lat="33.61759" lon="-117.77475">
        <ele>245.25</ele>
        <time>2026-05-12T16:03:55Z</time>
      </trkpt>
      <trkpt lat="33.61756" lon="-117.77477">
        <ele>244.99</ele>
        <time>2026-05-12T16:03:58Z</time>
      </trkpt>
      <trkpt lat="33.61753" lon="-117.77478">
        <ele>244.69</ele>
        <time>2026-05-12T16:04:01Z</time>
      </trkpt>
      <trkpt lat="33.61749" lon="-117.7748">
        <ele>244.54</ele>
        <time>2026-05-12T16:04:04Z</time>
      </trkpt>
      <trkpt lat="33.61746" lon="-117.77481">
        <ele>244.42</ele>
        <time>2026-05-12T16:04:07Z</time>
      </trkpt>
      <trkpt lat="33.61744" lon="-117.77483">
        <ele>244.29</ele>
        <time>2026-05-12T16:04:10Z</time>
      </trkpt>
      <trkpt lat="33.61741" lon="-117.77485">
        <ele>244.02</ele>
        <time>2026-05-12T16:04:13Z</time>
      </trkpt>
      <trkpt lat="33.61738" lon="-117.77486">
        <ele>243.25</ele>
        <time>2026-05-12T16:04:16Z</time>
      </trkpt>
      <trkpt lat="33.61735" lon="-117.77488">
        <ele>242.83</ele>
        <time>2026-05-12T16:04:19Z</time>
      </trkpt>
      <trkpt lat="33.61732" lon="-117.77489">
        <ele>242.52</ele>
        <time>2026-05-12T16:04:22Z</time>
      </trkpt>
      <trkpt lat="33.61729" lon="-117.77491">
        <ele>242.48</ele>
        <time>2026-05-12T16:04:25Z</time>
      </trkpt>
      <trkpt lat="33.61726" lon="-117.77493">
        <ele>242.1</ele>
        <time>2026-05-12T16:04:28Z</time>
      </trkpt>
      <trkpt lat="33.61723" lon="-117.77495">
        <ele>242.01</ele>
        <time>2026-05-12T16:04:31Z</time>
      </trkpt>
      <trkpt lat="33.6172" lon="-117.77497">
        <ele>242.51</ele>
        <time>2026-05-12T16:04:34Z</time>
      </trkpt>
      <trkpt lat="33.61716" lon="-117.77499">
        <ele>243.38</ele>
        <time>2026-05-12T16:04:37Z</time>
      </trkpt>
      <trkpt lat="33.61713" lon="-117.77501">
        <ele>244.0</ele>
        <time>2026-05-12T16:04:40Z</time>
      </trkpt>
      <trkpt lat="33.61709" lon="-117.77502">
        <ele>243.66</ele>
        <time>2026-05-12T16:04:43Z</time>
      </trkpt>
      <trkpt lat="33.61706" lon="-117.77504">
        <ele>243.57</ele>
        <time>2026-05-12T16:04:46Z</time>
      </trkpt>
      <trkpt lat="33.61702" lon="-117.77506">
        <ele>243.77</ele>
        <time>2026-05-12T16:04:49Z</time>
      </trkpt>
      <trkpt lat="33.61699" lon="-117.77508">
        <ele>244.3</ele>
        <time>2026-05-12T16:04:52Z</time>
      </trkpt>
      <trkpt lat="33.61697" lon="-117.7751">
        <ele>244.72</ele>
        <time>2026-05-12T16:04:54Z</time>
      </trkpt>
      <trkpt lat="33.61694" lon="-117.77513">
        <ele>244.99</ele>
        <time>2026-05-12T16:04:56Z</time>
      </trkpt>
      <trkpt lat="33.61692" lon="-117.77516">
        <ele>245.12</ele>
        <time>2026-05-12T16:04:58Z</time>
      </trkpt>
      <trkpt lat="33.61689" lon="-117.77518">
        <ele>245.52</ele>
        <time>2026-05-12T16:05:01Z</time>
      </trkpt>
      <trkpt lat="33.61685" lon="-117.7752">
        <ele>245.82</ele>
        <time>2026-05-12T16:05:04Z</time>
      </trkpt>
      <trkpt lat="33.61682" lon="-117.77522">
        <ele>245.41</ele>
        <time>2026-05-12T16:05:07Z</time>
      </trkpt>
      <trkpt lat="33.61679" lon="-117.77524">
        <ele>245.14</ele>
        <time>2026-05-12T16:05:10Z</time>
      </trkpt>
      <trkpt lat="33.61676" lon="-117.77526">
        <ele>245.0</ele>
        <time>2026-05-12T16:05:13Z</time>
      </trkpt>
      <trkpt lat="33.61673" lon="-117.77527">
        <ele>244.89</ele>
        <time>2026-05-12T16:05:16Z</time>
      </trkpt>
      <trkpt lat="33.61669" lon="-117.77529">
        <ele>245.0</ele>
        <time>2026-05-12T16:05:19Z</time>
      </trkpt>
      <trkpt lat="33.61666" lon="-117.77531">
        <ele>244.98</ele>
        <time>2026-05-12T16:05:22Z</time>
      </trkpt>
      <trkpt lat="33.61663" lon="-117.77533">
        <ele>245.05</ele>
        <time>2026-05-12T16:05:25Z</time>
      </trkpt>
      <trkpt lat="33.6166" lon="-117.77534">
        <ele>245.25</ele>
        <time>2026-05-12T16:05:28Z</time>
      </trkpt>
      <trkpt lat="33.61656" lon="-117.77533">
        <ele>245.19</ele>
        <time>2026-05-12T16:05:31Z</time>
      </trkpt>
      <trkpt lat="33.61653" lon="-117.77532">
        <ele>245.17</ele>
        <time>2026-05-12T16:05:34Z</time>
      </trkpt>
      <trkpt lat="33.6165" lon="-117.7753">
        <ele>245.09</ele>
        <time>2026-05-12T16:05:37Z</time>
      </trkpt>
      <trkpt lat="33.61646" lon="-117.77528">
        <ele>245.47</ele>
        <time>2026-05-12T16:05:40Z</time>
      </trkpt>
      <trkpt lat="33.61643" lon="-117.77525">
        <ele>245.55</ele>
        <time>2026-05-12T16:05:43Z</time>
      </trkpt>
      <trkpt lat="33.6164" lon="-117.77523">
        <ele>246.12</ele>
        <time>2026-05-12T16:05:46Z</time>
      </trkpt>
      <trkpt lat="33.61638" lon="-117.77521">
        <ele>246.12</ele>
        <time>2026-05-12T16:05:49Z</time>
      </trkpt>
      <trkpt lat="33.61636" lon="-117.77517">
        <ele>245.08</ele>
        <time>2026-05-12T16:05:53Z</time>
      </trkpt>
      <trkpt lat="33.61634" lon="-117.77514">
        <ele>243.78</ele>
        <time>2026-05-12T16:05:56Z</time>
      </trkpt>
      <trkpt lat="33.61631" lon="-117.77511">
        <ele>242.59</ele>
        <time>2026-05-12T16:05:59Z</time>
      </trkpt>
      <trkpt lat="33.61628" lon="-117.7751">
        <ele>242.04</ele>
        <time>2026-05-12T16:06:02Z</time>
      </trkpt>
      <trkpt lat="33.61625" lon="-117.77508">
        <ele>241.16</ele>
        <time>2026-05-12T16:06:05Z</time>
      </trkpt>
      <trkpt lat="33.61622" lon="-117.77507">
        <ele>240.65</ele>
        <time>2026-05-12T16:06:08Z</time>
      </trkpt>
      <trkpt lat="33.61619" lon="-117.77509">
        <ele>240.8</ele>
        <time>2026-05-12T16:06:11Z</time>
      </trkpt>
      <trkpt lat="33.61616" lon="-117.7751">
        <ele>240.53</ele>
        <time>2026-05-12T16:06:14Z</time>
      </trkpt>
      <trkpt lat="33.61613" lon="-117.77511">
        <ele>240.09</ele>
        <time>2026-05-12T16:06:17Z</time>
      </trkpt>
      <trkpt lat="33.6161" lon="-117.77511">
        <ele>239.79</ele>
        <time>2026-05-12T16:06:20Z</time>
      </trkpt>
      <trkpt lat="33.61606" lon="-117.77511">
        <ele>239.71</ele>
        <time>2026-05-12T16:06:23Z</time>
      </trkpt>
      <trkpt lat="33.61603" lon="-117.77512">
        <ele>239.44</ele>
        <time>2026-05-12T16:06:26Z</time>
      </trkpt>
      <trkpt lat="33.616" lon="-117.77512">
        <ele>239.49</ele>
        <time>2026-05-12T16:06:29Z</time>
      </trkpt>
      <trkpt lat="33.61597" lon="-117.77512">
        <ele>239.62</ele>
        <time>2026-05-12T16:06:32Z</time>
      </trkpt>
      <trkpt lat="33.61593" lon="-117.77511">
        <ele>240.22</ele>
        <time>2026-05-12T16:06:35Z</time>
      </trkpt>
      <trkpt lat="33.6159" lon="-117.77509">
        <ele>241.04</ele>
        <time>2026-05-12T16:06:38Z</time>
      </trkpt>
      <trkpt lat="33.61592" lon="-117.77506">
        <ele>241.37</ele>
        <time>2026-05-12T16:06:43Z</time>
      </trkpt>
      <trkpt lat="33.61589" lon="-117.77506">
        <ele>241.49</ele>
        <time>2026-05-12T16:06:49Z</time>
      </trkpt>
      <trkpt lat="33.61586" lon="-117.77506">
        <ele>241.6</ele>
        <time>2026-05-12T16:06:52Z</time>
      </trkpt>
      <trkpt lat="33.61583" lon="-117.77504">
        <ele>242.14</ele>
        <time>2026-05-12T16:06:55Z</time>
      </trkpt>
      <trkpt lat="33.61581" lon="-117.77501">
        <ele>242.98</ele>
        <time>2026-05-12T16:06:58Z</time>
      </trkpt>
      <trkpt lat="33.6158" lon="-117.77498">
        <ele>243.44</ele>
        <time>2026-05-12T16:07:02Z</time>
      </trkpt>
      <trkpt lat="33.61578" lon="-117.77499">
        <ele>243.64</ele>
        <time>2026-05-12T16:07:19Z</time>
      </trkpt>
      <trkpt lat="33.61575" lon="-117.77497">
        <ele>244.19</ele>
        <time>2026-05-12T16:07:23Z</time>
      </trkpt>
      <trkpt lat="33.61572" lon="-117.77495">
        <ele>244.45</ele>
        <time>2026-05-12T16:07:27Z</time>
      </trkpt>
      <trkpt lat="33.61569" lon="-117.77493">
        <ele>244.9</ele>
        <time>2026-05-12T16:07:31Z</time>
      </trkpt>
      <trkpt lat="33.61567" lon="-117.7749">
        <ele>245.84</ele>
        <time>2026-05-12T16:07:35Z</time>
      </trkpt>
      <trkpt lat="33.61565" lon="-117.77488">
        <ele>246.28</ele>
        <time>2026-05-12T16:07:40Z</time>
      </trkpt>
      <trkpt lat="33.61562" lon="-117.77486">
        <ele>246.22</ele>
        <time>2026-05-12T16:07:45Z</time>
      </trkpt>
      <trkpt lat="33.6156" lon="-117.77484">
        <ele>246.45</ele>
        <time>2026-05-12T16:07:49Z</time>
      </trkpt>
      <trkpt lat="33.61557" lon="-117.77481">
        <ele>247.04</ele>
        <time>2026-05-12T16:07:53Z</time>
      </trkpt>
      <trkpt lat="33.61554" lon="-117.77479">
        <ele>246.98</ele>
        <time>2026-05-12T16:07:57Z</time>
      </trkpt>
      <trkpt lat="33.61552" lon="-117.77476">
        <ele>247.05</ele>
        <time>2026-05-12T16:08:04Z</time>
      </trkpt>
      <trkpt lat="33.61549" lon="-117.77475">
        <ele>246.78</ele>
        <time>2026-05-12T16:08:09Z</time>
      </trkpt>
      <trkpt lat="33.61546" lon="-117.77473">
        <ele>246.74</ele>
        <time>2026-05-12T16:08:13Z</time>
      </trkpt>
      <trkpt lat="33.61543" lon="-117.77471">
        <ele>245.98</ele>
        <time>2026-05-12T16:08:16Z</time>
      </trkpt>
      <trkpt lat="33.6154" lon="-117.7747">
        <ele>245.12</ele>
        <time>2026-05-12T16:08:19Z</time>
      </trkpt>
      <trkpt lat="33.61537" lon="-117.77468">
        <ele>244.44</ele>
        <time>2026-05-12T16:08:22Z</time>
      </trkpt>
      <trkpt lat="33.61535" lon="-117.77466">
        <ele>244.09</ele>
        <time>2026-05-12T16:08:25Z</time>
      </trkpt>
      <trkpt lat="33.61532" lon="-117.77463">
        <ele>243.9</ele>
        <time>2026-05-12T16:08:28Z</time>
      </trkpt>
      <trkpt lat="33.61531" lon="-117.7746">
        <ele>244.54</ele>
        <time>2026-05-12T16:08:30Z</time>
      </trkpt>
      <trkpt lat="33.61528" lon="-117.77458">
        <ele>244.64</ele>
        <time>2026-05-12T16:08:33Z</time>
      </trkpt>
      <trkpt lat="33.61525" lon="-117.77456">
        <ele>244.36</ele>
        <time>2026-05-12T16:08:36Z</time>
      </trkpt>
      <trkpt lat="33.61522" lon="-117.77454">
        <ele>244.03</ele>
        <time>2026-05-12T16:08:39Z</time>
      </trkpt>
      <trkpt lat="33.61519" lon="-117.77452">
        <ele>243.87</ele>
        <time>2026-05-12T16:08:41Z</time>
      </trkpt>
      <trkpt lat="33.61516" lon="-117.77451">
        <ele>243.9</ele>
        <time>2026-05-12T16:08:43Z</time>
      </trkpt>
      <trkpt lat="33.61513" lon="-117.7745">
        <ele>244.0</ele>
        <time>2026-05-12T16:08:45Z</time>
      </trkpt>
      <trkpt lat="33.61509" lon="-117.77449">
        <ele>243.96</ele>
        <time>2026-05-12T16:08:48Z</time>
      </trkpt>
      <trkpt lat="33.61506" lon="-117.77449">
        <ele>243.14</ele>
        <time>2026-05-12T16:08:51Z</time>
      </trkpt>
      <trkpt lat="33.61503" lon="-117.77448">
        <ele>242.54</ele>
        <time>2026-05-12T16:08:54Z</time>
      </trkpt>
      <trkpt lat="33.61499" lon="-117.77447">
        <ele>241.34</ele>
        <time>2026-05-12T16:08:57Z</time>
      </trkpt>
      <trkpt lat="33.61496" lon="-117.77446">
        <ele>240.39</ele>
        <time>2026-05-12T16:09:00Z</time>
      </trkpt>
      <trkpt lat="33.61493" lon="-117.77444">
        <ele>239.92</ele>
        <time>2026-05-12T16:09:03Z</time>
      </trkpt>
      <trkpt lat="33.6149" lon="-117.77443">
        <ele>239.46</ele>
        <time>2026-05-12T16:09:06Z</time>
      </trkpt>
      <trkpt lat="33.61488" lon="-117.77442">
        <ele>239.46</ele>
        <time>2026-05-12T16:09:11Z</time>
      </trkpt>
      <trkpt lat="33.6149" lon="-117.77441">
        <ele>240.33</ele>
        <time>2026-05-12T16:09:16Z</time>
      </trkpt>
      <trkpt lat="33.61488" lon="-117.77439">
        <ele>240.76</ele>
        <time>2026-05-12T16:09:22Z</time>
      </trkpt>
      <trkpt lat="33.61485" lon="-117.77438">
        <ele>240.54</ele>
        <time>2026-05-12T16:09:25Z</time>
      </trkpt>
      <trkpt lat="33.61482" lon="-117.77437">
        <ele>240.33</ele>
        <time>2026-05-12T16:09:28Z</time>
      </trkpt>
      <trkpt lat="33.61479" lon="-117.77436">
        <ele>239.89</ele>
        <time>2026-05-12T16:09:31Z</time>
      </trkpt>
      <trkpt lat="33.61476" lon="-117.77437">
        <ele>238.67</ele>
        <time>2026-05-12T16:09:34Z</time>
      </trkpt>
      <trkpt lat="33.61473" lon="-117.77438">
        <ele>237.59</ele>
        <time>2026-05-12T16:09:37Z</time>
      </trkpt>
      <trkpt lat="33.61469" lon="-117.77438">
        <ele>236.45</ele>
        <time>2026-05-12T16:09:40Z</time>
      </trkpt>
      <trkpt lat="33.61466" lon="-117.77438">
        <ele>235.58</ele>
        <time>2026-05-12T16:09:43Z</time>
      </trkpt>
      <trkpt lat="33.61463" lon="-117.77438">
        <ele>234.71</ele>
        <time>2026-05-12T16:09:46Z</time>
      </trkpt>
      <trkpt lat="33.61459" lon="-117.77438">
        <ele>234.57</ele>
        <time>2026-05-12T16:09:49Z</time>
      </trkpt>
      <trkpt lat="33.61456" lon="-117.77437">
        <ele>234.66</ele>
        <time>2026-05-12T16:09:52Z</time>
      </trkpt>
      <trkpt lat="33.61452" lon="-117.77437">
        <ele>234.39</ele>
        <time>2026-05-12T16:09:55Z</time>
      </trkpt>
      <trkpt lat="33.61448" lon="-117.77436">
        <ele>234.15</ele>
        <time>2026-05-12T16:09:58Z</time>
      </trkpt>
      <trkpt lat="33.61444" lon="-117.77435">
        <ele>233.95</ele>
        <time>2026-05-12T16:10:01Z</time>
      </trkpt>
      <trkpt lat="33.61441" lon="-117.77434">
        <ele>233.63</ele>
        <time>2026-05-12T16:10:04Z</time>
      </trkpt>
      <trkpt lat="33.61438" lon="-117.77434">
        <ele>233.3</ele>
        <time>2026-05-12T16:10:06Z</time>
      </trkpt>
      <trkpt lat="33.61435" lon="-117.77432">
        <ele>232.99</ele>
        <time>2026-05-12T16:10:08Z</time>
      </trkpt>
      <trkpt lat="33.61432" lon="-117.77431">
        <ele>232.81</ele>
        <time>2026-05-12T16:10:10Z</time>
      </trkpt>
      <trkpt lat="33.61429" lon="-117.7743">
        <ele>232.71</ele>
        <time>2026-05-12T16:10:12Z</time>
      </trkpt>
      <trkpt lat="33.61426" lon="-117.77429">
        <ele>232.67</ele>
        <time>2026-05-12T16:10:15Z</time>
      </trkpt>
      <trkpt lat="33.61425" lon="-117.77425">
        <ele>233.01</ele>
        <time>2026-05-12T16:10:17Z</time>
      </trkpt>
      <trkpt lat="33.61422" lon="-117.77426">
        <ele>233.42</ele>
        <time>2026-05-12T16:10:23Z</time>
      </trkpt>
      <trkpt lat="33.61419" lon="-117.77427">
        <ele>233.72</ele>
        <time>2026-05-12T16:10:26Z</time>
      </trkpt>
      <trkpt lat="33.61415" lon="-117.77428">
        <ele>234.18</ele>
        <time>2026-05-12T16:10:29Z</time>
      </trkpt>
      <trkpt lat="33.61412" lon="-117.7743">
        <ele>234.5</ele>
        <time>2026-05-12T16:10:32Z</time>
      </trkpt>
      <trkpt lat="33.61408" lon="-117.77431">
        <ele>234.94</ele>
        <time>2026-05-12T16:10:35Z</time>
      </trkpt>
      <trkpt lat="33.61405" lon="-117.77431">
        <ele>235.52</ele>
        <time>2026-05-12T16:10:38Z</time>
      </trkpt>
      <trkpt lat="33.61401" lon="-117.77429">
        <ele>236.38</ele>
        <time>2026-05-12T16:10:41Z</time>
      </trkpt>
      <trkpt lat="33.61398" lon="-117.77428">
        <ele>237.03</ele>
        <time>2026-05-12T16:10:44Z</time>
      </trkpt>
      <trkpt lat="33.61395" lon="-117.77427">
        <ele>237.68</ele>
        <time>2026-05-12T16:10:47Z</time>
      </trkpt>
      <trkpt lat="33.61392" lon="-117.77426">
        <ele>238.33</ele>
        <time>2026-05-12T16:10:50Z</time>
      </trkpt>
      <trkpt lat="33.61388" lon="-117.77426">
        <ele>239.1</ele>
        <time>2026-05-12T16:10:54Z</time>
      </trkpt>
      <trkpt lat="33.61385" lon="-117.77426">
        <ele>239.42</ele>
        <time>2026-05-12T16:10:58Z</time>
      </trkpt>
      <trkpt lat="33.61382" lon="-117.77426">
        <ele>239.75</ele>
        <time>2026-05-12T16:11:02Z</time>
      </trkpt>
      <trkpt lat="33.61379" lon="-117.77426">
        <ele>240.14</ele>
        <time>2026-05-12T16:11:06Z</time>
      </trkpt>
      <trkpt lat="33.61376" lon="-117.77426">
        <ele>240.79</ele>
        <time>2026-05-12T16:11:10Z</time>
      </trkpt>
      <trkpt lat="33.61373" lon="-117.77425">
        <ele>241.43</ele>
        <time>2026-05-12T16:11:24Z</time>
      </trkpt>
      <trkpt lat="33.6137" lon="-117.77425">
        <ele>242.04</ele>
        <time>2026-05-12T16:11:28Z</time>
      </trkpt>
      <trkpt lat="33.61366" lon="-117.77425">
        <ele>242.47</ele>
        <time>2026-05-12T16:11:31Z</time>
      </trkpt>
      <trkpt lat="33.61363" lon="-117.77424">
        <ele>242.8</ele>
        <time>2026-05-12T16:11:34Z</time>
      </trkpt>
      <trkpt lat="33.61359" lon="-117.77424">
        <ele>243.23</ele>
        <time>2026-05-12T16:11:37Z</time>
      </trkpt>
      <trkpt lat="33.61356" lon="-117.77423">
        <ele>243.55</ele>
        <time>2026-05-12T16:11:40Z</time>
      </trkpt>
      <trkpt lat="33.61353" lon="-117.77423">
        <ele>243.88</ele>
        <time>2026-05-12T16:11:43Z</time>
      </trkpt>
      <trkpt lat="33.6135" lon="-117.77422">
        <ele>244.32</ele>
        <time>2026-05-12T16:11:46Z</time>
      </trkpt>
      <trkpt lat="33.61346" lon="-117.7742">
        <ele>244.86</ele>
        <time>2026-05-12T16:11:49Z</time>
      </trkpt>
      <trkpt lat="33.61344" lon="-117.77418">
        <ele>244.97</ele>
        <time>2026-05-12T16:11:52Z</time>
      </trkpt>
      <trkpt lat="33.61341" lon="-117.77417">
        <ele>245.38</ele>
        <time>2026-05-12T16:11:55Z</time>
      </trkpt>
      <trkpt lat="33.61338" lon="-117.77417">
        <ele>246.03</ele>
        <time>2026-05-12T16:11:58Z</time>
      </trkpt>
      <trkpt lat="33.61334" lon="-117.77416">
        <ele>246.79</ele>
        <time>2026-05-12T16:12:02Z</time>
      </trkpt>
      <trkpt lat="33.61331" lon="-117.77416">
        <ele>247.2</ele>
        <time>2026-05-12T16:12:06Z</time>
      </trkpt>
      <trkpt lat="33.61327" lon="-117.77415">
        <ele>247.63</ele>
        <time>2026-05-12T16:12:10Z</time>
      </trkpt>
      <trkpt lat="33.61325" lon="-117.77415">
        <ele>247.88</ele>
        <time>2026-05-12T16:12:13Z</time>
      </trkpt>
      <trkpt lat="33.61322" lon="-117.77414">
        <ele>247.68</ele>
        <time>2026-05-12T16:12:16Z</time>
      </trkpt>
      <trkpt lat="33.61319" lon="-117.77412">
        <ele>247.46</ele>
        <time>2026-05-12T16:12:19Z</time>
      </trkpt>
      <trkpt lat="33.61317" lon="-117.77409">
        <ele>247.74</ele>
        <time>2026-05-12T16:12:22Z</time>
      </trkpt>
      <trkpt lat="33.61314" lon="-117.77406">
        <ele>247.85</ele>
        <time>2026-05-12T16:12:25Z</time>
      </trkpt>
      <trkpt lat="33.61311" lon="-117.77404">
        <ele>247.48</ele>
        <time>2026-05-12T16:12:28Z</time>
      </trkpt>
      <trkpt lat="33.61309" lon="-117.77402">
        <ele>247.48</ele>
        <time>2026-05-12T16:12:31Z</time>
      </trkpt>
      <trkpt lat="33.61306" lon="-117.77399">
        <ele>247.82</ele>
        <time>2026-05-12T16:12:34Z</time>
      </trkpt>
      <trkpt lat="33.61303" lon="-117.77397">
        <ele>247.88</ele>
        <time>2026-05-12T16:12:37Z</time>
      </trkpt>
      <trkpt lat="33.61301" lon="-117.77394">
        <ele>248.18</ele>
        <time>2026-05-12T16:12:40Z</time>
      </trkpt>
      <trkpt lat="33.613" lon="-117.7739">
        <ele>248.81</ele>
        <time>2026-05-12T16:12:44Z</time>
      </trkpt>
      <trkpt lat="33.61298" lon="-117.77387">
        <ele>249.0</ele>
        <time>2026-05-12T16:12:47Z</time>
      </trkpt>
      <trkpt lat="33.61296" lon="-117.77385">
        <ele>248.97</ele>
        <time>2026-05-12T16:12:50Z</time>
      </trkpt>
      <trkpt lat="33.61293" lon="-117.77382">
        <ele>248.64</ele>
        <time>2026-05-12T16:12:53Z</time>
      </trkpt>
      <trkpt lat="33.6129" lon="-117.7738">
        <ele>248.32</ele>
        <time>2026-05-12T16:12:56Z</time>
      </trkpt>
      <trkpt lat="33.61287" lon="-117.77378">
        <ele>247.64</ele>
        <time>2026-05-12T16:12:59Z</time>
      </trkpt>
      <trkpt lat="33.61284" lon="-117.77377">
        <ele>247.1</ele>
        <time>2026-05-12T16:13:02Z</time>
      </trkpt>
      <trkpt lat="33.61281" lon="-117.77376">
        <ele>246.56</ele>
        <time>2026-05-12T16:13:05Z</time>
      </trkpt>
      <trkpt lat="33.61279" lon="-117.77375">
        <ele>246.13</ele>
        <time>2026-05-12T16:13:08Z</time>
      </trkpt>
      <trkpt lat="33.61276" lon="-117.77374">
        <ele>245.59</ele>
        <time>2026-05-12T16:13:11Z</time>
      </trkpt>
      <trkpt lat="33.61273" lon="-117.77373">
        <ele>245.05</ele>
        <time>2026-05-12T16:13:14Z</time>
      </trkpt>
      <trkpt lat="33.61271" lon="-117.77371">
        <ele>244.4</ele>
        <time>2026-05-12T16:13:17Z</time>
      </trkpt>
      <trkpt lat="33.61267" lon="-117.77372">
        <ele>244.22</ele>
        <time>2026-05-12T16:13:21Z</time>
      </trkpt>
      <trkpt lat="33.61265" lon="-117.77374">
        <ele>244.55</ele>
        <time>2026-05-12T16:13:24Z</time>
      </trkpt>
      <trkpt lat="33.61262" lon="-117.77374">
        <ele>244.36</ele>
        <time>2026-05-12T16:13:27Z</time>
      </trkpt>
      <trkpt lat="33.61259" lon="-117.77373">
        <ele>243.87</ele>
        <time>2026-05-12T16:13:30Z</time>
      </trkpt>
      <trkpt lat="33.61255" lon="-117.77372">
        <ele>243.91</ele>
        <time>2026-05-12T16:13:33Z</time>
      </trkpt>
      <trkpt lat="33.61252" lon="-117.7737">
        <ele>243.67</ele>
        <time>2026-05-12T16:13:36Z</time>
      </trkpt>
      <trkpt lat="33.61249" lon="-117.77369">
        <ele>243.48</ele>
        <time>2026-05-12T16:13:38Z</time>
      </trkpt>
      <trkpt lat="33.61246" lon="-117.77369">
        <ele>243.25</ele>
        <time>2026-05-12T16:13:40Z</time>
      </trkpt>
      <trkpt lat="33.61243" lon="-117.77368">
        <ele>242.86</ele>
        <time>2026-05-12T16:13:42Z</time>
      </trkpt>
      <trkpt lat="33.6124" lon="-117.77367">
        <ele>242.59</ele>
        <time>2026-05-12T16:13:44Z</time>
      </trkpt>
      <trkpt lat="33.61237" lon="-117.77366">
        <ele>242.31</ele>
        <time>2026-05-12T16:13:46Z</time>
      </trkpt>
      <trkpt lat="33.61234" lon="-117.77365">
        <ele>242.11</ele>
        <time>2026-05-12T16:13:48Z</time>
      </trkpt>
      <trkpt lat="33.61232" lon="-117.77364">
        <ele>242.02</ele>
        <time>2026-05-12T16:13:50Z</time>
      </trkpt>
      <trkpt lat="33.61229" lon="-117.77363">
        <ele>241.68</ele>
        <time>2026-05-12T16:13:52Z</time>
      </trkpt>
      <trkpt lat="33.61227" lon="-117.77362">
        <ele>241.47</ele>
        <time>2026-05-12T16:13:54Z</time>
      </trkpt>
      <trkpt lat="33.61223" lon="-117.7736">
        <ele>241.08</ele>
        <time>2026-05-12T16:13:57Z</time>
      </trkpt>
      <trkpt lat="33.6122" lon="-117.77359">
        <ele>240.81</ele>
        <time>2026-05-12T16:14:00Z</time>
      </trkpt>
      <trkpt lat="33.61216" lon="-117.77358">
        <ele>240.55</ele>
        <time>2026-05-12T16:14:03Z</time>
      </trkpt>
      <trkpt lat="33.61212" lon="-117.77356">
        <ele>240.55</ele>
        <time>2026-05-12T16:14:06Z</time>
      </trkpt>
      <trkpt lat="33.61209" lon="-117.77355">
        <ele>240.66</ele>
        <time>2026-05-12T16:14:09Z</time>
      </trkpt>
      <trkpt lat="33.61205" lon="-117.77355">
        <ele>240.66</ele>
        <time>2026-05-12T16:14:12Z</time>
      </trkpt>
      <trkpt lat="33.61202" lon="-117.77354">
        <ele>240.67</ele>
        <time>2026-05-12T16:14:15Z</time>
      </trkpt>
      <trkpt lat="33.61198" lon="-117.77353">
        <ele>240.41</ele>
        <time>2026-05-12T16:14:18Z</time>
      </trkpt>
      <trkpt lat="33.61194" lon="-117.77353">
        <ele>240.12</ele>
        <time>2026-05-12T16:14:21Z</time>
      </trkpt>
      <trkpt lat="33.6119" lon="-117.77354">
        <ele>240.23</ele>
        <time>2026-05-12T16:14:24Z</time>
      </trkpt>
      <trkpt lat="33.61188" lon="-117.77356">
        <ele>240.45</ele>
        <time>2026-05-12T16:14:26Z</time>
      </trkpt>
      <trkpt lat="33.61185" lon="-117.77359">
        <ele>240.79</ele>
        <time>2026-05-12T16:14:28Z</time>
      </trkpt>
      <trkpt lat="33.61183" lon="-117.7736">
        <ele>241.09</ele>
        <time>2026-05-12T16:14:30Z</time>
      </trkpt>
      <trkpt lat="33.61179" lon="-117.77361">
        <ele>241.65</ele>
        <time>2026-05-12T16:14:33Z</time>
      </trkpt>
      <trkpt lat="33.61175" lon="-117.77361">
        <ele>241.97</ele>
        <time>2026-05-12T16:14:36Z</time>
      </trkpt>
      <trkpt lat="33.61171" lon="-117.77362">
        <ele>242.2</ele>
        <time>2026-05-12T16:14:39Z</time>
      </trkpt>
      <trkpt lat="33.61168" lon="-117.77362">
        <ele>242.26</ele>
        <time>2026-05-12T16:14:42Z</time>
      </trkpt>
      <trkpt lat="33.61164" lon="-117.77363">
        <ele>242.55</ele>
        <time>2026-05-12T16:14:45Z</time>
      </trkpt>
      <trkpt lat="33.61161" lon="-117.77363">
        <ele>242.49</ele>
        <time>2026-05-12T16:14:48Z</time>
      </trkpt>
      <trkpt lat="33.61157" lon="-117.77363">
        <ele>242.4</ele>
        <time>2026-05-12T16:14:51Z</time>
      </trkpt>
      <trkpt lat="33.61154" lon="-117.77363">
        <ele>242.33</ele>
        <time>2026-05-12T16:14:54Z</time>
      </trkpt>
      <trkpt lat="33.6115" lon="-117.77363">
        <ele>242.24</ele>
        <time>2026-05-12T16:14:57Z</time>
      </trkpt>
      <trkpt lat="33.61147" lon="-117.77364">
        <ele>242.4</ele>
        <time>2026-05-12T16:15:00Z</time>
      </trkpt>
      <trkpt lat="33.61143" lon="-117.77364">
        <ele>242.69</ele>
        <time>2026-05-12T16:15:03Z</time>
      </trkpt>
      <trkpt lat="33.61139" lon="-117.77365">
        <ele>242.99</ele>
        <time>2026-05-12T16:15:06Z</time>
      </trkpt>
      <trkpt lat="33.61136" lon="-117.77365">
        <ele>243.31</ele>
        <time>2026-05-12T16:15:09Z</time>
      </trkpt>
      <trkpt lat="33.61132" lon="-117.77366">
        <ele>243.74</ele>
        <time>2026-05-12T16:15:12Z</time>
      </trkpt>
      <trkpt lat="33.61129" lon="-117.77366">
        <ele>244.04</ele>
        <time>2026-05-12T16:15:15Z</time>
      </trkpt>
      <trkpt lat="33.61125" lon="-117.77366">
        <ele>244.26</ele>
        <time>2026-05-12T16:15:18Z</time>
      </trkpt>
      <trkpt lat="33.61122" lon="-117.77367">
        <ele>244.52</ele>
        <time>2026-05-12T16:15:21Z</time>
      </trkpt>
      <trkpt lat="33.61118" lon="-117.77367">
        <ele>244.8</ele>
        <time>2026-05-12T16:15:24Z</time>
      </trkpt>
      <trkpt lat="33.61115" lon="-117.77367">
        <ele>245.0</ele>
        <time>2026-05-12T16:15:27Z</time>
      </trkpt>
      <trkpt lat="33.61111" lon="-117.77368">
        <ele>245.5</ele>
        <time>2026-05-12T16:15:30Z</time>
      </trkpt>
      <trkpt lat="33.61108" lon="-117.77368">
        <ele>245.82</ele>
        <time>2026-05-12T16:15:33Z</time>
      </trkpt>
      <trkpt lat="33.61105" lon="-117.77368">
        <ele>246.15</ele>
        <time>2026-05-12T16:15:36Z</time>
      </trkpt>
      <trkpt lat="33.61102" lon="-117.77368">
        <ele>246.47</ele>
        <time>2026-05-12T16:15:39Z</time>
      </trkpt>
      <trkpt lat="33.61099" lon="-117.77368">
        <ele>247.03</ele>
        <time>2026-05-12T16:15:44Z</time>
      </trkpt>
      <trkpt lat="33.61096" lon="-117.77367">
        <ele>247.31</ele>
        <time>2026-05-12T16:15:47Z</time>
      </trkpt>
      <trkpt lat="33.61093" lon="-117.77365">
        <ele>247.2</ele>
        <time>2026-05-12T16:15:50Z</time>
      </trkpt>
      <trkpt lat="33.6109" lon="-117.77364">
        <ele>247.41</ele>
        <time>2026-05-12T16:15:53Z</time>
      </trkpt>
      <trkpt lat="33.61086" lon="-117.77364">
        <ele>248.14</ele>
        <time>2026-05-12T16:15:56Z</time>
      </trkpt>
      <trkpt lat="33.61083" lon="-117.77363">
        <ele>248.45</ele>
        <time>2026-05-12T16:15:59Z</time>
      </trkpt>
      <trkpt lat="33.61079" lon="-117.77363">
        <ele>248.97</ele>
        <time>2026-05-12T16:16:02Z</time>
      </trkpt>
      <trkpt lat="33.61076" lon="-117.77362">
        <ele>249.06</ele>
        <time>2026-05-12T16:16:05Z</time>
      </trkpt>
      <trkpt lat="33.61073" lon="-117.77361">
        <ele>249.07</ele>
        <time>2026-05-12T16:16:08Z</time>
      </trkpt>
      <trkpt lat="33.61069" lon="-117.77361">
        <ele>249.51</ele>
        <time>2026-05-12T16:16:11Z</time>
      </trkpt>
      <trkpt lat="33.61066" lon="-117.7736">
        <ele>249.5</ele>
        <time>2026-05-12T16:16:14Z</time>
      </trkpt>
      <trkpt lat="33.61063" lon="-117.77359">
        <ele>249.56</ele>
        <time>2026-05-12T16:16:17Z</time>
      </trkpt>
      <trkpt lat="33.6106" lon="-117.77359">
        <ele>249.95</ele>
        <time>2026-05-12T16:16:20Z</time>
      </trkpt>
      <trkpt lat="33.61056" lon="-117.77358">
        <ele>250.26</ele>
        <time>2026-05-12T16:16:23Z</time>
      </trkpt>
      <trkpt lat="33.61053" lon="-117.77357">
        <ele>250.23</ele>
        <time>2026-05-12T16:16:26Z</time>
      </trkpt>
      <trkpt lat="33.6105" lon="-117.77357">
        <ele>250.38</ele>
        <time>2026-05-12T16:16:29Z</time>
      </trkpt>
      <trkpt lat="33.61047" lon="-117.77356">
        <ele>250.41</ele>
        <time>2026-05-12T16:16:32Z</time>
      </trkpt>
      <trkpt lat="33.61043" lon="-117.77356">
        <ele>249.74</ele>
        <time>2026-05-12T16:16:35Z</time>
      </trkpt>
      <trkpt lat="33.61041" lon="-117.77355">
        <ele>249.2</ele>
        <time>2026-05-12T16:16:38Z</time>
      </trkpt>
      <trkpt lat="33.61039" lon="-117.77359">
        <ele>249.2</ele>
        <time>2026-05-12T16:16:52Z</time>
      </trkpt>
      <trkpt lat="33.61038" lon="-117.77362">
        <ele>249.24</ele>
        <time>2026-05-12T16:16:55Z</time>
      </trkpt>
      <trkpt lat="33.61036" lon="-117.77365">
        <ele>248.6</ele>
        <time>2026-05-12T16:16:59Z</time>
      </trkpt>
      <trkpt lat="33.61034" lon="-117.77368">
        <ele>247.93</ele>
        <time>2026-05-12T16:17:03Z</time>
      </trkpt>
      <trkpt lat="33.61031" lon="-117.77371">
        <ele>247.14</ele>
        <time>2026-05-12T16:17:07Z</time>
      </trkpt>
      <trkpt lat="33.61029" lon="-117.77374">
        <ele>246.84</ele>
        <time>2026-05-12T16:17:10Z</time>
      </trkpt>
      <trkpt lat="33.61027" lon="-117.77377">
        <ele>246.52</ele>
        <time>2026-05-12T16:17:13Z</time>
      </trkpt>
      <trkpt lat="33.61025" lon="-117.77379">
        <ele>246.31</ele>
        <time>2026-05-12T16:17:15Z</time>
      </trkpt>
      <trkpt lat="33.61022" lon="-117.77382">
        <ele>246.26</ele>
        <time>2026-05-12T16:17:18Z</time>
      </trkpt>
      <trkpt lat="33.61019" lon="-117.77386">
        <ele>246.48</ele>
        <time>2026-05-12T16:17:21Z</time>
      </trkpt>
      <trkpt lat="33.61018" lon="-117.7739">
        <ele>246.66</ele>
        <time>2026-05-12T16:17:23Z</time>
      </trkpt>
      <trkpt lat="33.61017" lon="-117.77394">
        <ele>245.88</ele>
        <time>2026-05-12T16:17:25Z</time>
      </trkpt>
      <trkpt lat="33.61016" lon="-117.77398">
        <ele>245.2</ele>
        <time>2026-05-12T16:17:27Z</time>
      </trkpt>
      <trkpt lat="33.61015" lon="-117.77401">
        <ele>245.17</ele>
        <time>2026-05-12T16:17:29Z</time>
      </trkpt>
      <trkpt lat="33.61014" lon="-117.77404">
        <ele>245.17</ele>
        <time>2026-05-12T16:17:31Z</time>
      </trkpt>
      <trkpt lat="33.61012" lon="-117.77408">
        <ele>244.95</ele>
        <time>2026-05-12T16:17:34Z</time>
      </trkpt>
      <trkpt lat="33.6101" lon="-117.77412">
        <ele>244.74</ele>
        <time>2026-05-12T16:17:37Z</time>
      </trkpt>
      <trkpt lat="33.61009" lon="-117.77416">
        <ele>244.82</ele>
        <time>2026-05-12T16:17:40Z</time>
      </trkpt>
      <trkpt lat="33.61007" lon="-117.7742">
        <ele>244.11</ele>
        <time>2026-05-12T16:17:43Z</time>
      </trkpt>
      <trkpt lat="33.61006" lon="-117.77424">
        <ele>243.87</ele>
        <time>2026-05-12T16:17:46Z</time>
      </trkpt>
      <trkpt lat="33.61005" lon="-117.77427">
        <ele>243.67</ele>
        <time>2026-05-12T16:17:49Z</time>
      </trkpt>
      <trkpt lat="33.61003" lon="-117.77431">
        <ele>243.34</ele>
        <time>2026-05-12T16:17:52Z</time>
      </trkpt>
      <trkpt lat="33.61002" lon="-117.77435">
        <ele>243.42</ele>
        <time>2026-05-12T16:17:55Z</time>
      </trkpt>
      <trkpt lat="33.61002" lon="-117.77438">
        <ele>243.19</ele>
        <time>2026-05-12T16:17:58Z</time>
      </trkpt>
      <trkpt lat="33.61002" lon="-117.77442">
        <ele>242.85</ele>
        <time>2026-05-12T16:18:01Z</time>
      </trkpt>
      <trkpt lat="33.61001" lon="-117.77445">
        <ele>242.32</ele>
        <time>2026-05-12T16:18:04Z</time>
      </trkpt>
      <trkpt lat="33.61001" lon="-117.77449">
        <ele>242.32</ele>
        <time>2026-05-12T16:18:07Z</time>
      </trkpt>
      <trkpt lat="33.61001" lon="-117.77453">
        <ele>242.32</ele>
        <time>2026-05-12T16:18:10Z</time>
      </trkpt>
      <trkpt lat="33.61" lon="-117.77456">
        <ele>242.25</ele>
        <time>2026-05-12T16:18:13Z</time>
      </trkpt>
      <trkpt lat="33.61" lon="-117.7746">
        <ele>242.68</ele>
        <time>2026-05-12T16:18:16Z</time>
      </trkpt>
      <trkpt lat="33.60998" lon="-117.77464">
        <ele>242.62</ele>
        <time>2026-05-12T16:18:19Z</time>
      </trkpt>
      <trkpt lat="33.60996" lon="-117.77468">
        <ele>242.61</ele>
        <time>2026-05-12T16:18:22Z</time>
      </trkpt>
      <trkpt lat="33.60994" lon="-117.77472">
        <ele>242.97</ele>
        <time>2026-05-12T16:18:25Z</time>
      </trkpt>
      <trkpt lat="33.60992" lon="-117.77476">
        <ele>242.94</ele>
        <time>2026-05-12T16:18:28Z</time>
      </trkpt>
      <trkpt lat="33.6099" lon="-117.77478">
        <ele>243.02</ele>
        <time>2026-05-12T16:18:30Z</time>
      </trkpt>
      <trkpt lat="33.60986" lon="-117.7748">
        <ele>243.35</ele>
        <time>2026-05-12T16:18:33Z</time>
      </trkpt>
      <trkpt lat="33.60983" lon="-117.77481">
        <ele>243.75</ele>
        <time>2026-05-12T16:18:36Z</time>
      </trkpt>
      <trkpt lat="33.6098" lon="-117.77484">
        <ele>243.84</ele>
        <time>2026-05-12T16:18:39Z</time>
      </trkpt>
      <trkpt lat="33.60977" lon="-117.77486">
        <ele>243.52</ele>
        <time>2026-05-12T16:18:43Z</time>
      </trkpt>
      <trkpt lat="33.60974" lon="-117.77487">
        <ele>243.19</ele>
        <time>2026-05-12T16:18:46Z</time>
      </trkpt>
      <trkpt lat="33.60971" lon="-117.77488">
        <ele>242.96</ele>
        <time>2026-05-12T16:18:49Z</time>
      </trkpt>
      <trkpt lat="33.60968" lon="-117.7749">
        <ele>242.96</ele>
        <time>2026-05-12T16:18:52Z</time>
      </trkpt>
      <trkpt lat="33.60964" lon="-117.77491">
        <ele>243.0</ele>
        <time>2026-05-12T16:18:55Z</time>
      </trkpt>
      <trkpt lat="33.60961" lon="-117.77493">
        <ele>242.79</ele>
        <time>2026-05-12T16:18:58Z</time>
      </trkpt>
      <trkpt lat="33.60957" lon="-117.77494">
        <ele>242.36</ele>
        <time>2026-05-12T16:19:01Z</time>
      </trkpt>
      <trkpt lat="33.60954" lon="-117.77496">
        <ele>242.03</ele>
        <time>2026-05-12T16:19:04Z</time>
      </trkpt>
      <trkpt lat="33.6095" lon="-117.77498">
        <ele>241.6</ele>
        <time>2026-05-12T16:19:07Z</time>
      </trkpt>
      <trkpt lat="33.60947" lon="-117.77499">
        <ele>241.28</ele>
        <time>2026-05-12T16:19:10Z</time>
      </trkpt>
      <trkpt lat="33.60944" lon="-117.77501">
        <ele>240.8</ele>
        <time>2026-05-12T16:19:13Z</time>
      </trkpt>
      <trkpt lat="33.6094" lon="-117.77503">
        <ele>239.87</ele>
        <time>2026-05-12T16:19:16Z</time>
      </trkpt>
      <trkpt lat="33.60937" lon="-117.77505">
        <ele>239.29</ele>
        <time>2026-05-12T16:19:19Z</time>
      </trkpt>
      <trkpt lat="33.60934" lon="-117.77508">
        <ele>238.71</ele>
        <time>2026-05-12T16:19:22Z</time>
      </trkpt>
      <trkpt lat="33.60931" lon="-117.7751">
        <ele>238.18</ele>
        <time>2026-05-12T16:19:25Z</time>
      </trkpt>
      <trkpt lat="33.60928" lon="-117.77512">
        <ele>237.74</ele>
        <time>2026-05-12T16:19:28Z</time>
      </trkpt>
      <trkpt lat="33.60926" lon="-117.77514">
        <ele>237.53</ele>
        <time>2026-05-12T16:19:31Z</time>
      </trkpt>
      <trkpt lat="33.60925" lon="-117.77518">
        <ele>237.94</ele>
        <time>2026-05-12T16:19:35Z</time>
      </trkpt>
      <trkpt lat="33.60922" lon="-117.7752">
        <ele>238.09</ele>
        <time>2026-05-12T16:19:38Z</time>
      </trkpt>
      <trkpt lat="33.6092" lon="-117.77522">
        <ele>238.14</ele>
        <time>2026-05-12T16:19:41Z</time>
      </trkpt>
      <trkpt lat="33.60916" lon="-117.77524">
        <ele>237.97</ele>
        <time>2026-05-12T16:19:44Z</time>
      </trkpt>
      <trkpt lat="33.60913" lon="-117.77526">
        <ele>237.92</ele>
        <time>2026-05-12T16:19:47Z</time>
      </trkpt>
      <trkpt lat="33.60909" lon="-117.77528">
        <ele>238.0</ele>
        <time>2026-05-12T16:19:50Z</time>
      </trkpt>
      <trkpt lat="33.60906" lon="-117.7753">
        <ele>237.85</ele>
        <time>2026-05-12T16:19:53Z</time>
      </trkpt>
      <trkpt lat="33.60903" lon="-117.77531">
        <ele>237.52</ele>
        <time>2026-05-12T16:19:56Z</time>
      </trkpt>
      <trkpt lat="33.60899" lon="-117.7753">
        <ele>237.09</ele>
        <time>2026-05-12T16:19:59Z</time>
      </trkpt>
      <trkpt lat="33.60896" lon="-117.77528">
        <ele>236.77</ele>
        <time>2026-05-12T16:20:02Z</time>
      </trkpt>
      <trkpt lat="33.60892" lon="-117.77526">
        <ele>236.21</ele>
        <time>2026-05-12T16:20:05Z</time>
      </trkpt>
      <trkpt lat="33.60889" lon="-117.77525">
        <ele>235.72</ele>
        <time>2026-05-12T16:20:08Z</time>
      </trkpt>
      <trkpt lat="33.60886" lon="-117.77524">
        <ele>235.28</ele>
        <time>2026-05-12T16:20:11Z</time>
      </trkpt>
      <trkpt lat="33.60882" lon="-117.77523">
        <ele>234.74</ele>
        <time>2026-05-12T16:20:14Z</time>
      </trkpt>
      <trkpt lat="33.60879" lon="-117.77522">
        <ele>234.31</ele>
        <time>2026-05-12T16:20:17Z</time>
      </trkpt>
      <trkpt lat="33.60876" lon="-117.77522">
        <ele>233.98</ele>
        <time>2026-05-12T16:20:20Z</time>
      </trkpt>
      <trkpt lat="33.60873" lon="-117.7752">
        <ele>233.44</ele>
        <time>2026-05-12T16:20:23Z</time>
      </trkpt>
      <trkpt lat="33.60869" lon="-117.77519">
        <ele>233.04</ele>
        <time>2026-05-12T16:20:26Z</time>
      </trkpt>
      <trkpt lat="33.60866" lon="-117.77518">
        <ele>233.03</ele>
        <time>2026-05-12T16:20:29Z</time>
      </trkpt>
      <trkpt lat="33.60863" lon="-117.77517">
        <ele>233.03</ele>
        <time>2026-05-12T16:20:32Z</time>
      </trkpt>
      <trkpt lat="33.6086" lon="-117.77516">
        <ele>232.88</ele>
        <time>2026-05-12T16:20:35Z</time>
      </trkpt>
      <trkpt lat="33.60857" lon="-117.77516">
        <ele>232.56</ele>
        <time>2026-05-12T16:20:38Z</time>
      </trkpt>
      <trkpt lat="33.60854" lon="-117.77515">
        <ele>232.23</ele>
        <time>2026-05-12T16:20:41Z</time>
      </trkpt>
      <trkpt lat="33.60851" lon="-117.77515">
        <ele>231.91</ele>
        <time>2026-05-12T16:20:44Z</time>
      </trkpt>
      <trkpt lat="33.60848" lon="-117.77514">
        <ele>231.58</ele>
        <time>2026-05-12T16:20:47Z</time>
      </trkpt>
      <trkpt lat="33.60845" lon="-117.77513">
        <ele>231.26</ele>
        <time>2026-05-12T16:20:50Z</time>
      </trkpt>
      <trkpt lat="33.60842" lon="-117.77513">
        <ele>230.94</ele>
        <time>2026-05-12T16:20:53Z</time>
      </trkpt>
      <trkpt lat="33.60839" lon="-117.77512">
        <ele>230.61</ele>
        <time>2026-05-12T16:20:56Z</time>
      </trkpt>
      <trkpt lat="33.60836" lon="-117.77512">
        <ele>230.29</ele>
        <time>2026-05-12T16:20:59Z</time>
      </trkpt>
      <trkpt lat="33.60833" lon="-117.77511">
        <ele>229.96</ele>
        <time>2026-05-12T16:21:02Z</time>
      </trkpt>
      <trkpt lat="33.6083" lon="-117.77511">
        <ele>229.64</ele>
        <time>2026-05-12T16:21:05Z</time>
      </trkpt>
      <trkpt lat="33.60827" lon="-117.77511">
        <ele>229.32</ele>
        <time>2026-05-12T16:21:08Z</time>
      </trkpt>
      <trkpt lat="33.60824" lon="-117.7751">
        <ele>229.0</ele>
        <time>2026-05-12T16:21:11Z</time>
      </trkpt>
      <trkpt lat="33.60821" lon="-117.7751">
        <ele>229.0</ele>
        <time>2026-05-12T16:21:14Z</time>
      </trkpt>
      <trkpt lat="33.60818" lon="-117.7751">
        <ele>229.0</ele>
        <time>2026-05-12T16:21:17Z</time>
      </trkpt>
      <trkpt lat="33.60815" lon="-117.7751">
        <ele>229.0</ele>
        <time>2026-05-12T16:21:20Z</time>
      </trkpt>
      <trkpt lat="33.60812" lon="-117.7751">
        <ele>228.7</ele>
        <time>2026-05-12T16:21:23Z</time>
      </trkpt>
      <trkpt lat="33.60809" lon="-117.7751">
        <ele>228.37</ele>
        <time>2026-05-12T16:21:26Z</time>
      </trkpt>
      <trkpt lat="33.60805" lon="-117.7751">
        <ele>227.94</ele>
        <time>2026-05-12T16:21:29Z</time>
      </trkpt>
      <trkpt lat="33.60802" lon="-117.7751">
        <ele>227.62</ele>
        <time>2026-05-12T16:21:32Z</time>
      </trkpt>
      <trkpt lat="33.60799" lon="-117.7751">
        <ele>227.29</ele>
        <time>2026-05-12T16:21:35Z</time>
      </trkpt>
      <trkpt lat="33.60796" lon="-117.7751">
        <ele>226.97</ele>
        <time>2026-05-12T16:21:38Z</time>
      </trkpt>
      <trkpt lat="33.60793" lon="-117.77509">
        <ele>226.62</ele>
        <time>2026-05-12T16:21:41Z</time>
      </trkpt>
      <trkpt lat="33.6079" lon="-117.77509">
        <ele>226.29</ele>
        <time>2026-05-12T16:21:44Z</time>
      </trkpt>
      <trkpt lat="33.60787" lon="-117.77509">
        <ele>225.97</ele>
        <time>2026-05-12T16:21:47Z</time>
      </trkpt>
      <trkpt lat="33.60784" lon="-117.77509">
        <ele>225.65</ele>
        <time>2026-05-12T16:21:50Z</time>
      </trkpt>
      <trkpt lat="33.60782" lon="-117.77508">
        <ele>225.39</ele>
        <time>2026-05-12T16:21:53Z</time>
      </trkpt>
      <trkpt lat="33.60779" lon="-117.77508">
        <ele>225.11</ele>
        <time>2026-05-12T16:21:57Z</time>
      </trkpt>
      <trkpt lat="33.60775" lon="-117.77507">
        <ele>224.93</ele>
        <time>2026-05-12T16:22:02Z</time>
      </trkpt>
      <trkpt lat="33.60773" lon="-117.77507">
        <ele>224.87</ele>
        <time>2026-05-12T16:22:05Z</time>
      </trkpt>
      <trkpt lat="33.6077" lon="-117.77507">
        <ele>224.8</ele>
        <time>2026-05-12T16:22:08Z</time>
      </trkpt>
      <trkpt lat="33.60766" lon="-117.77506">
        <ele>224.92</ele>
        <time>2026-05-12T16:22:11Z</time>
      </trkpt>
      <trkpt lat="33.60763" lon="-117.77506">
        <ele>225.24</ele>
        <time>2026-05-12T16:22:13Z</time>
      </trkpt>
      <trkpt lat="33.60759" lon="-117.77505">
        <ele>225.56</ele>
        <time>2026-05-12T16:22:16Z</time>
      </trkpt>
      <trkpt lat="33.60755" lon="-117.77504">
        <ele>225.63</ele>
        <time>2026-05-12T16:22:19Z</time>
      </trkpt>
      <trkpt lat="33.60753" lon="-117.77502">
        <ele>225.36</ele>
        <time>2026-05-12T16:22:21Z</time>
      </trkpt>
      <trkpt lat="33.6075" lon="-117.775">
        <ele>225.0</ele>
        <time>2026-05-12T16:22:23Z</time>
      </trkpt>
      <trkpt lat="33.60747" lon="-117.77499">
        <ele>225.29</ele>
        <time>2026-05-12T16:22:25Z</time>
      </trkpt>
      <trkpt lat="33.60744" lon="-117.77499">
        <ele>225.58</ele>
        <time>2026-05-12T16:22:27Z</time>
      </trkpt>
      <trkpt lat="33.6074" lon="-117.77497">
        <ele>225.76</ele>
        <time>2026-05-12T16:22:30Z</time>
      </trkpt>
      <trkpt lat="33.60737" lon="-117.77496">
        <ele>225.97</ele>
        <time>2026-05-12T16:22:33Z</time>
      </trkpt>
      <trkpt lat="33.60734" lon="-117.77495">
        <ele>226.19</ele>
        <time>2026-05-12T16:22:36Z</time>
      </trkpt>
      <trkpt lat="33.60731" lon="-117.77494">
        <ele>226.37</ele>
        <time>2026-05-12T16:22:39Z</time>
      </trkpt>
      <trkpt lat="33.60728" lon="-117.77493">
        <ele>226.34</ele>
        <time>2026-05-12T16:22:42Z</time>
      </trkpt>
      <trkpt lat="33.60725" lon="-117.77491">
        <ele>226.05</ele>
        <time>2026-05-12T16:22:45Z</time>
      </trkpt>
      <trkpt lat="33.60722" lon="-117.7749">
        <ele>225.92</ele>
        <time>2026-05-12T16:22:48Z</time>
      </trkpt>
      <trkpt lat="33.60719" lon="-117.77489">
        <ele>225.81</ele>
        <time>2026-05-12T16:22:51Z</time>
      </trkpt>
      <trkpt lat="33.60716" lon="-117.77488">
        <ele>225.7</ele>
        <time>2026-05-12T16:22:54Z</time>
      </trkpt>
      <trkpt lat="33.60712" lon="-117.77487">
        <ele>225.49</ele>
        <time>2026-05-12T16:22:57Z</time>
      </trkpt>
      <trkpt lat="33.60709" lon="-117.77487">
        <ele>225.17</ele>
        <time>2026-05-12T16:23:00Z</time>
      </trkpt>
      <trkpt lat="33.60705" lon="-117.77487">
        <ele>224.74</ele>
        <time>2026-05-12T16:23:03Z</time>
      </trkpt>
      <trkpt lat="33.60701" lon="-117.77487">
        <ele>224.36</ele>
        <time>2026-05-12T16:23:06Z</time>
      </trkpt>
      <trkpt lat="33.60698" lon="-117.77488">
        <ele>224.34</ele>
        <time>2026-05-12T16:23:09Z</time>
      </trkpt>
      <trkpt lat="33.60696" lon="-117.77491">
        <ele>225.06</ele>
        <time>2026-05-12T16:23:11Z</time>
      </trkpt>
      <trkpt lat="33.60693" lon="-117.77492">
        <ele>225.12</ele>
        <time>2026-05-12T16:23:13Z</time>
      </trkpt>
      <trkpt lat="33.60691" lon="-117.77494">
        <ele>225.33</ele>
        <time>2026-05-12T16:23:15Z</time>
      </trkpt>
      <trkpt lat="33.60687" lon="-117.77496">
        <ele>225.33</ele>
        <time>2026-05-12T16:23:18Z</time>
      </trkpt>
      <trkpt lat="33.60684" lon="-117.77497">
        <ele>225.22</ele>
        <time>2026-05-12T16:23:21Z</time>
      </trkpt>
      <trkpt lat="33.60681" lon="-117.77498">
        <ele>225.12</ele>
        <time>2026-05-12T16:23:24Z</time>
      </trkpt>
      <trkpt lat="33.60677" lon="-117.77498">
        <ele>224.68</ele>
        <time>2026-05-12T16:23:27Z</time>
      </trkpt>
      <trkpt lat="33.60674" lon="-117.77499">
        <ele>224.74</ele>
        <time>2026-05-12T16:23:30Z</time>
      </trkpt>
      <trkpt lat="33.6067" lon="-117.77501">
        <ele>225.4</ele>
        <time>2026-05-12T16:23:33Z</time>
      </trkpt>
      <trkpt lat="33.60667" lon="-117.77502">
        <ele>225.66</ele>
        <time>2026-05-12T16:23:36Z</time>
      </trkpt>
      <trkpt lat="33.60663" lon="-117.77503">
        <ele>225.31</ele>
        <time>2026-05-12T16:23:39Z</time>
      </trkpt>
      <trkpt lat="33.6066" lon="-117.77505">
        <ele>225.57</ele>
        <time>2026-05-12T16:23:42Z</time>
      </trkpt>
      <trkpt lat="33.60657" lon="-117.77506">
        <ele>225.55</ele>
        <time>2026-05-12T16:23:45Z</time>
      </trkpt>
      <trkpt lat="33.60653" lon="-117.77507">
        <ele>225.55</ele>
        <time>2026-05-12T16:23:48Z</time>
      </trkpt>
      <trkpt lat="33.6065" lon="-117.77508">
        <ele>225.66</ele>
        <time>2026-05-12T16:23:51Z</time>
      </trkpt>
      <trkpt lat="33.60646" lon="-117.77509">
        <ele>225.88</ele>
        <time>2026-05-12T16:23:54Z</time>
      </trkpt>
      <trkpt lat="33.60643" lon="-117.7751">
        <ele>226.39</ele>
        <time>2026-05-12T16:23:57Z</time>
      </trkpt>
      <trkpt lat="33.6064" lon="-117.77512">
        <ele>227.26</ele>
        <time>2026-05-12T16:24:00Z</time>
      </trkpt>
      <trkpt lat="33.60636" lon="-117.77513">
        <ele>227.3</ele>
        <time>2026-05-12T16:24:03Z</time>
      </trkpt>
      <trkpt lat="33.60633" lon="-117.77514">
        <ele>227.41</ele>
        <time>2026-05-12T16:24:06Z</time>
      </trkpt>
      <trkpt lat="33.6063" lon="-117.77515">
        <ele>227.52</ele>
        <time>2026-05-12T16:24:09Z</time>
      </trkpt>
      <trkpt lat="33.60626" lon="-117.77516">
        <ele>228.09</ele>
        <time>2026-05-12T16:24:12Z</time>
      </trkpt>
      <trkpt lat="33.60623" lon="-117.77517">
        <ele>228.83</ele>
        <time>2026-05-12T16:24:15Z</time>
      </trkpt>
      <trkpt lat="33.6062" lon="-117.77519">
        <ele>230.08</ele>
        <time>2026-05-12T16:24:18Z</time>
      </trkpt>
      <trkpt lat="33.60617" lon="-117.7752">
        <ele>229.81</ele>
        <time>2026-05-12T16:24:21Z</time>
      </trkpt>
      <trkpt lat="33.60615" lon="-117.77521">
        <ele>229.8</ele>
        <time>2026-05-12T16:24:24Z</time>
      </trkpt>
      <trkpt lat="33.60615" lon="-117.77524">
        <ele>230.96</ele>
        <time>2026-05-12T16:24:31Z</time>
      </trkpt>
      <trkpt lat="33.60612" lon="-117.77526">
        <ele>231.35</ele>
        <time>2026-05-12T16:24:35Z</time>
      </trkpt>
      <trkpt lat="33.6061" lon="-117.77528">
        <ele>231.88</ele>
        <time>2026-05-12T16:24:38Z</time>
      </trkpt>
      <trkpt lat="33.60607" lon="-117.77529">
        <ele>231.77</ele>
        <time>2026-05-12T16:24:41Z</time>
      </trkpt>
      <trkpt lat="33.60605" lon="-117.77531">
        <ele>232.42</ele>
        <time>2026-05-12T16:24:44Z</time>
      </trkpt>
      <trkpt lat="33.60602" lon="-117.77532">
        <ele>232.31</ele>
        <time>2026-05-12T16:24:47Z</time>
      </trkpt>
      <trkpt lat="33.606" lon="-117.77533">
        <ele>232.53</ele>
        <time>2026-05-12T16:24:50Z</time>
      </trkpt>
      <trkpt lat="33.60597" lon="-117.77535">
        <ele>233.26</ele>
        <time>2026-05-12T16:24:53Z</time>
      </trkpt>
      <trkpt lat="33.60594" lon="-117.77537">
        <ele>234.13</ele>
        <time>2026-05-12T16:24:57Z</time>
      </trkpt>
      <trkpt lat="33.60591" lon="-117.77539">
        <ele>234.71</ele>
        <time>2026-05-12T16:25:01Z</time>
      </trkpt>
      <trkpt lat="33.60588" lon="-117.77541">
        <ele>235.43</ele>
        <time>2026-05-12T16:25:05Z</time>
      </trkpt>
      <trkpt lat="33.60585" lon="-117.77543">
        <ele>236.28</ele>
        <time>2026-05-12T16:25:09Z</time>
      </trkpt>
      <trkpt lat="33.60582" lon="-117.77545">
        <ele>237.42</ele>
        <time>2026-05-12T16:25:13Z</time>
      </trkpt>
      <trkpt lat="33.60579" lon="-117.77547">
        <ele>238.51</ele>
        <time>2026-05-12T16:25:17Z</time>
      </trkpt>
      <trkpt lat="33.60576" lon="-117.77549">
        <ele>238.68</ele>
        <time>2026-05-12T16:25:20Z</time>
      </trkpt>
      <trkpt lat="33.60575" lon="-117.77551">
        <ele>238.54</ele>
        <time>2026-05-12T16:25:22Z</time>
      </trkpt>
      <trkpt lat="33.60573" lon="-117.77555">
        <ele>238.06</ele>
        <time>2026-05-12T16:25:24Z</time>
      </trkpt>
      <trkpt lat="33.60572" lon="-117.77558">
        <ele>237.62</ele>
        <time>2026-05-12T16:25:26Z</time>
      </trkpt>
      <trkpt lat="33.60571" lon="-117.77561">
        <ele>237.02</ele>
        <time>2026-05-12T16:25:28Z</time>
      </trkpt>
      <trkpt lat="33.60569" lon="-117.77564">
        <ele>236.09</ele>
        <time>2026-05-12T16:25:31Z</time>
      </trkpt>
      <trkpt lat="33.60569" lon="-117.77569">
        <ele>236.15</ele>
        <time>2026-05-12T16:25:34Z</time>
      </trkpt>
      <trkpt lat="33.60569" lon="-117.77573">
        <ele>236.39</ele>
        <time>2026-05-12T16:25:37Z</time>
      </trkpt>
      <trkpt lat="33.60568" lon="-117.77577">
        <ele>236.45</ele>
        <time>2026-05-12T16:25:40Z</time>
      </trkpt>
      <trkpt lat="33.60568" lon="-117.77581">
        <ele>236.6</ele>
        <time>2026-05-12T16:25:43Z</time>
      </trkpt>
      <trkpt lat="33.60565" lon="-117.77585">
        <ele>236.22</ele>
        <time>2026-05-12T16:25:46Z</time>
      </trkpt>
      <trkpt lat="33.60562" lon="-117.77586">
        <ele>235.98</ele>
        <time>2026-05-12T16:25:48Z</time>
      </trkpt>
      <trkpt lat="33.60559" lon="-117.77588">
        <ele>235.88</ele>
        <time>2026-05-12T16:25:51Z</time>
      </trkpt>
      <trkpt lat="33.60556" lon="-117.7759">
        <ele>235.77</ele>
        <time>2026-05-12T16:25:54Z</time>
      </trkpt>
      <trkpt lat="33.60552" lon="-117.77592">
        <ele>235.55</ele>
        <time>2026-05-12T16:25:57Z</time>
      </trkpt>
      <trkpt lat="33.6055" lon="-117.77594">
        <ele>235.4</ele>
        <time>2026-05-12T16:25:59Z</time>
      </trkpt>
      <trkpt lat="33.60547" lon="-117.77595">
        <ele>235.08</ele>
        <time>2026-05-12T16:26:01Z</time>
      </trkpt>
      <trkpt lat="33.60543" lon="-117.77596">
        <ele>234.87</ele>
        <time>2026-05-12T16:26:04Z</time>
      </trkpt>
      <trkpt lat="33.6054" lon="-117.77596">
        <ele>234.75</ele>
        <time>2026-05-12T16:26:07Z</time>
      </trkpt>
      <trkpt lat="33.60536" lon="-117.77595">
        <ele>234.77</ele>
        <time>2026-05-12T16:26:10Z</time>
      </trkpt>
      <trkpt lat="33.60532" lon="-117.77595">
        <ele>234.88</ele>
        <time>2026-05-12T16:26:13Z</time>
      </trkpt>
      <trkpt lat="33.60528" lon="-117.77595">
        <ele>234.99</ele>
        <time>2026-05-12T16:26:16Z</time>
      </trkpt>
      <trkpt lat="33.60525" lon="-117.77595">
        <ele>235.0</ele>
        <time>2026-05-12T16:26:19Z</time>
      </trkpt>
      <trkpt lat="33.60521" lon="-117.77595">
        <ele>235.0</ele>
        <time>2026-05-12T16:26:22Z</time>
      </trkpt>
      <trkpt lat="33.60518" lon="-117.77596">
        <ele>235.08</ele>
        <time>2026-05-12T16:26:25Z</time>
      </trkpt>
      <trkpt lat="33.60514" lon="-117.77595">
        <ele>235.61</ele>
        <time>2026-05-12T16:26:28Z</time>
      </trkpt>
      <trkpt lat="33.6051" lon="-117.77595">
        <ele>236.16</ele>
        <time>2026-05-12T16:26:31Z</time>
      </trkpt>
      <trkpt lat="33.60507" lon="-117.77594">
        <ele>236.43</ele>
        <time>2026-05-12T16:26:34Z</time>
      </trkpt>
      <trkpt lat="33.60503" lon="-117.77594">
        <ele>236.93</ele>
        <time>2026-05-12T16:26:37Z</time>
      </trkpt>
      <trkpt lat="33.605" lon="-117.77593">
        <ele>237.09</ele>
        <time>2026-05-12T16:26:40Z</time>
      </trkpt>
      <trkpt lat="33.60496" lon="-117.77592">
        <ele>237.71</ele>
        <time>2026-05-12T16:26:43Z</time>
      </trkpt>
      <trkpt lat="33.60492" lon="-117.77591">
        <ele>238.24</ele>
        <time>2026-05-12T16:26:46Z</time>
      </trkpt>
      <trkpt lat="33.60489" lon="-117.7759">
        <ele>238.43</ele>
        <time>2026-05-12T16:26:49Z</time>
      </trkpt>
      <trkpt lat="33.60485" lon="-117.77589">
        <ele>238.59</ele>
        <time>2026-05-12T16:26:52Z</time>
      </trkpt>
      <trkpt lat="33.60481" lon="-117.77588">
        <ele>238.52</ele>
        <time>2026-05-12T16:26:55Z</time>
      </trkpt>
      <trkpt lat="33.60478" lon="-117.77587">
        <ele>237.98</ele>
        <time>2026-05-12T16:26:58Z</time>
      </trkpt>
      <trkpt lat="33.60474" lon="-117.77586">
        <ele>237.44</ele>
        <time>2026-05-12T16:27:01Z</time>
      </trkpt>
      <trkpt lat="33.60471" lon="-117.77585">
        <ele>236.61</ele>
        <time>2026-05-12T16:27:04Z</time>
      </trkpt>
      <trkpt lat="33.60467" lon="-117.77584">
        <ele>235.19</ele>
        <time>2026-05-12T16:27:07Z</time>
      </trkpt>
      <trkpt lat="33.60464" lon="-117.77583">
        <ele>234.08</ele>
        <time>2026-05-12T16:27:10Z</time>
      </trkpt>
      <trkpt lat="33.60461" lon="-117.77582">
        <ele>233.42</ele>
        <time>2026-05-12T16:27:13Z</time>
      </trkpt>
      <trkpt lat="33.60458" lon="-117.77582">
        <ele>233.42</ele>
        <time>2026-05-12T16:27:16Z</time>
      </trkpt>
      <trkpt lat="33.60455" lon="-117.77581">
        <ele>232.99</ele>
        <time>2026-05-12T16:27:19Z</time>
      </trkpt>
      <trkpt lat="33.60452" lon="-117.77581">
        <ele>232.81</ele>
        <time>2026-05-12T16:27:22Z</time>
      </trkpt>
      <trkpt lat="33.60449" lon="-117.77581">
        <ele>232.48</ele>
        <time>2026-05-12T16:27:25Z</time>
      </trkpt>
      <trkpt lat="33.60446" lon="-117.77581">
        <ele>232.16</ele>
        <time>2026-05-12T16:27:28Z</time>
      </trkpt>
      <trkpt lat="33.60443" lon="-117.77581">
        <ele>232.03</ele>
        <time>2026-05-12T16:27:31Z</time>
      </trkpt>
      <trkpt lat="33.60439" lon="-117.77581">
        <ele>232.14</ele>
        <time>2026-05-12T16:27:34Z</time>
      </trkpt>
      <trkpt lat="33.60436" lon="-117.77581">
        <ele>232.22</ele>
        <time>2026-05-12T16:27:37Z</time>
      </trkpt>
      <trkpt lat="33.60433" lon="-117.77581">
        <ele>232.48</ele>
        <time>2026-05-12T16:27:40Z</time>
      </trkpt>
      <trkpt lat="33.60429" lon="-117.77581">
        <ele>232.91</ele>
        <time>2026-05-12T16:27:43Z</time>
      </trkpt>
      <trkpt lat="33.60426" lon="-117.7758">
        <ele>232.91</ele>
        <time>2026-05-12T16:27:46Z</time>
      </trkpt>
      <trkpt lat="33.60423" lon="-117.7758">
        <ele>232.63</ele>
        <time>2026-05-12T16:27:49Z</time>
      </trkpt>
      <trkpt lat="33.60419" lon="-117.7758">
        <ele>232.23</ele>
        <time>2026-05-12T16:27:52Z</time>
      </trkpt>
      <trkpt lat="33.60416" lon="-117.7758">
        <ele>231.95</ele>
        <time>2026-05-12T16:27:55Z</time>
      </trkpt>
      <trkpt lat="33.60412" lon="-117.77579">
        <ele>231.73</ele>
        <time>2026-05-12T16:27:58Z</time>
      </trkpt>
      <trkpt lat="33.60409" lon="-117.77579">
        <ele>231.56</ele>
        <time>2026-05-12T16:28:01Z</time>
      </trkpt>
      <trkpt lat="33.60406" lon="-117.77582">
        <ele>231.3</ele>
        <time>2026-05-12T16:28:04Z</time>
      </trkpt>
      <trkpt lat="33.60403" lon="-117.77585">
        <ele>231.3</ele>
        <time>2026-05-12T16:28:06Z</time>
      </trkpt>
      <trkpt lat="33.60401" lon="-117.77588">
        <ele>230.99</ele>
        <time>2026-05-12T16:28:08Z</time>
      </trkpt>
      <trkpt lat="33.60398" lon="-117.77591">
        <ele>230.35</ele>
        <time>2026-05-12T16:28:11Z</time>
      </trkpt>
      <trkpt lat="33.60395" lon="-117.77592">
        <ele>230.15</ele>
        <time>2026-05-12T16:28:14Z</time>
      </trkpt>
      <trkpt lat="33.60391" lon="-117.77594">
        <ele>229.7</ele>
        <time>2026-05-12T16:28:17Z</time>
      </trkpt>
      <trkpt lat="33.60388" lon="-117.77596">
        <ele>229.32</ele>
        <time>2026-05-12T16:28:20Z</time>
      </trkpt>
      <trkpt lat="33.60385" lon="-117.77598">
        <ele>229.01</ele>
        <time>2026-05-12T16:28:23Z</time>
      </trkpt>
      <trkpt lat="33.60382" lon="-117.77599">
        <ele>228.85</ele>
        <time>2026-05-12T16:28:26Z</time>
      </trkpt>
      <trkpt lat="33.60379" lon="-117.77601">
        <ele>228.21</ele>
        <time>2026-05-12T16:28:29Z</time>
      </trkpt>
      <trkpt lat="33.60375" lon="-117.77602">
        <ele>227.48</ele>
        <time>2026-05-12T16:28:32Z</time>
      </trkpt>
      <trkpt lat="33.60372" lon="-117.77603">
        <ele>227.03</ele>
        <time>2026-05-12T16:28:35Z</time>
      </trkpt>
      <trkpt lat="33.60369" lon="-117.77604">
        <ele>226.77</ele>
        <time>2026-05-12T16:28:38Z</time>
      </trkpt>
      <trkpt lat="33.60366" lon="-117.77605">
        <ele>226.66</ele>
        <time>2026-05-12T16:28:41Z</time>
      </trkpt>
      <trkpt lat="33.60363" lon="-117.77607">
        <ele>226.44</ele>
        <time>2026-05-12T16:28:44Z</time>
      </trkpt>
      <trkpt lat="33.6036" lon="-117.77608">
        <ele>226.26</ele>
        <time>2026-05-12T16:28:47Z</time>
      </trkpt>
      <trkpt lat="33.60358" lon="-117.7761">
        <ele>225.82</ele>
        <time>2026-05-12T16:28:53Z</time>
      </trkpt>
      <trkpt lat="33.60355" lon="-117.77611">
        <ele>225.36</ele>
        <time>2026-05-12T16:28:57Z</time>
      </trkpt>
      <trkpt lat="33.60352" lon="-117.77609">
        <ele>225.47</ele>
        <time>2026-05-12T16:29:01Z</time>
      </trkpt>
      <trkpt lat="33.6035" lon="-117.77607">
        <ele>225.58</ele>
        <time>2026-05-12T16:29:05Z</time>
      </trkpt>
      <trkpt lat="33.60347" lon="-117.77607">
        <ele>225.07</ele>
        <time>2026-05-12T16:29:09Z</time>
      </trkpt>
      <trkpt lat="33.60343" lon="-117.77608">
        <ele>224.08</ele>
        <time>2026-05-12T16:29:13Z</time>
      </trkpt>
      <trkpt lat="33.60341" lon="-117.77609">
        <ele>223.47</ele>
        <time>2026-05-12T16:29:16Z</time>
      </trkpt>
      <trkpt lat="33.60338" lon="-117.7761">
        <ele>222.8</ele>
        <time>2026-05-12T16:29:19Z</time>
      </trkpt>
      <trkpt lat="33.60335" lon="-117.7761">
        <ele>222.44</ele>
        <time>2026-05-12T16:29:22Z</time>
      </trkpt>
      <trkpt lat="33.60332" lon="-117.77611">
        <ele>222.02</ele>
        <time>2026-05-12T16:29:25Z</time>
      </trkpt>
      <trkpt lat="33.60329" lon="-117.77612">
        <ele>222.0</ele>
        <time>2026-05-12T16:29:28Z</time>
      </trkpt>
      <trkpt lat="33.60326" lon="-117.77613">
        <ele>222.0</ele>
        <time>2026-05-12T16:29:31Z</time>
      </trkpt>
      <trkpt lat="33.60323" lon="-117.77615">
        <ele>221.88</ele>
        <time>2026-05-12T16:29:34Z</time>
      </trkpt>
      <trkpt lat="33.6032" lon="-117.77615">
        <ele>221.56</ele>
        <time>2026-05-12T16:29:37Z</time>
      </trkpt>
      <trkpt lat="33.60317" lon="-117.77616">
        <ele>221.24</ele>
        <time>2026-05-12T16:29:40Z</time>
      </trkpt>
      <trkpt lat="33.60314" lon="-117.77617">
        <ele>221.0</ele>
        <time>2026-05-12T16:29:43Z</time>
      </trkpt>
      <trkpt lat="33.60311" lon="-117.77617">
        <ele>221.0</ele>
        <time>2026-05-12T16:29:47Z</time>
      </trkpt>
      <trkpt lat="33.60308" lon="-117.77617">
        <ele>221.0</ele>
        <time>2026-05-12T16:30:30Z</time>
      </trkpt>
      <trkpt lat="33.60306" lon="-117.77617">
        <ele>221.0</ele>
        <time>2026-05-12T16:30:37Z</time>
      </trkpt>
      <trkpt lat="33.60305" lon="-117.77612">
        <ele>221.07</ele>
        <time>2026-05-12T16:30:45Z</time>
      </trkpt>
      <trkpt lat="33.60304" lon="-117.77607">
        <ele>221.17</ele>
        <time>2026-05-12T16:30:47Z</time>
      </trkpt>
      <trkpt lat="33.60304" lon="-117.77602">
        <ele>221.17</ele>
        <time>2026-05-12T16:30:49Z</time>
      </trkpt>
      <trkpt lat="33.60304" lon="-117.77599">
        <ele>220.66</ele>
        <time>2026-05-12T16:30:51Z</time>
      </trkpt>
      <trkpt lat="33.60303" lon="-117.77595">
        <ele>220.2</ele>
        <time>2026-05-12T16:30:54Z</time>
      </trkpt>
      <trkpt lat="33.60302" lon="-117.7759">
        <ele>219.81</ele>
        <time>2026-05-12T16:30:58Z</time>
      </trkpt>
      <trkpt lat="33.60302" lon="-117.77587">
        <ele>219.41</ele>
        <time>2026-05-12T16:31:01Z</time>
      </trkpt>
      <trkpt lat="33.60301" lon="-117.77584">
        <ele>219.53</ele>
        <time>2026-05-12T16:31:09Z</time>
      </trkpt>
      <trkpt lat="33.603" lon="-117.7758">
        <ele>218.85</ele>
        <time>2026-05-12T16:31:17Z</time>
      </trkpt>
      <trkpt lat="33.603" lon="-117.77577">
        <ele>217.81</ele>
        <time>2026-05-12T16:31:20Z</time>
      </trkpt>
      <trkpt lat="33.60301" lon="-117.77573">
        <ele>216.07</ele>
        <time>2026-05-12T16:31:23Z</time>
      </trkpt>
      <trkpt lat="33.60299" lon="-117.77569">
        <ele>214.86</ele>
        <time>2026-05-12T16:31:27Z</time>
      </trkpt>
      <trkpt lat="33.60297" lon="-117.77567">
        <ele>214.13</ele>
        <time>2026-05-12T16:31:30Z</time>
      </trkpt>
      <trkpt lat="33.60294" lon="-117.77566">
        <ele>214.6</ele>
        <time>2026-05-12T16:31:33Z</time>
      </trkpt>
      <trkpt lat="33.60291" lon="-117.77563">
        <ele>214.56</ele>
        <time>2026-05-12T16:31:37Z</time>
      </trkpt>
      <trkpt lat="33.60289" lon="-117.7756">
        <ele>213.88</ele>
        <time>2026-05-12T16:31:42Z</time>
      </trkpt>
      <trkpt lat="33.60288" lon="-117.77557">
        <ele>212.63</ele>
        <time>2026-05-12T16:31:47Z</time>
      </trkpt>
      <trkpt lat="33.60287" lon="-117.77553">
        <ele>210.91</ele>
        <time>2026-05-12T16:31:51Z</time>
      </trkpt>
      <trkpt lat="33.60286" lon="-117.7755">
        <ele>210.09</ele>
        <time>2026-05-12T16:31:55Z</time>
      </trkpt>
      <trkpt lat="33.60284" lon="-117.77548">
        <ele>210.11</ele>
        <time>2026-05-12T16:32:00Z</time>
      </trkpt>
      <trkpt lat="33.60282" lon="-117.77545">
        <ele>209.95</ele>
        <time>2026-05-12T16:32:05Z</time>
      </trkpt>
      <trkpt lat="33.6028" lon="-117.77542">
        <ele>209.98</ele>
        <time>2026-05-12T16:32:09Z</time>
      </trkpt>
      <trkpt lat="33.6028" lon="-117.77539">
        <ele>209.24</ele>
        <time>2026-05-12T16:32:14Z</time>
      </trkpt>
      <trkpt lat="33.60281" lon="-117.77535">
        <ele>207.77</ele>
        <time>2026-05-12T16:32:18Z</time>
      </trkpt>
      <trkpt lat="33.60281" lon="-117.77532">
        <ele>206.48</ele>
        <time>2026-05-12T16:32:22Z</time>
      </trkpt>
      <trkpt lat="33.60279" lon="-117.77529">
        <ele>205.4</ele>
        <time>2026-05-12T16:32:26Z</time>
      </trkpt>
      <trkpt lat="33.60277" lon="-117.77527">
        <ele>204.99</ele>
        <time>2026-05-12T16:32:29Z</time>
      </trkpt>
      <trkpt lat="33.60274" lon="-117.77525">
        <ele>205.09</ele>
        <time>2026-05-12T16:32:33Z</time>
      </trkpt>
      <trkpt lat="33.60272" lon="-117.77522">
        <ele>204.61</ele>
        <time>2026-05-12T16:32:37Z</time>
      </trkpt>
      <trkpt lat="33.6027" lon="-117.77519">
        <ele>203.99</ele>
        <time>2026-05-12T16:32:41Z</time>
      </trkpt>
      <trkpt lat="33.60269" lon="-117.77516">
        <ele>203.16</ele>
        <time>2026-05-12T16:32:45Z</time>
      </trkpt>
      <trkpt lat="33.60268" lon="-117.77513">
        <ele>202.3</ele>
        <time>2026-05-12T16:32:49Z</time>
      </trkpt>
      <trkpt lat="33.60267" lon="-117.7751">
        <ele>201.55</ele>
        <time>2026-05-12T16:32:53Z</time>
      </trkpt>
      <trkpt lat="33.60265" lon="-117.77507">
        <ele>201.24</ele>
        <time>2026-05-12T16:32:57Z</time>
      </trkpt>
      <trkpt lat="33.60263" lon="-117.77504">
        <ele>200.61</ele>
        <time>2026-05-12T16:33:01Z</time>
      </trkpt>
      <trkpt lat="33.60261" lon="-117.77502">
        <ele>199.93</ele>
        <time>2026-05-12T16:33:05Z</time>
      </trkpt>
      <trkpt lat="33.6026" lon="-117.77499">
        <ele>198.86</ele>
        <time>2026-05-12T16:33:09Z</time>
      </trkpt>
      <trkpt lat="33.60258" lon="-117.77496">
        <ele>198.27</ele>
        <time>2026-05-12T16:33:13Z</time>
      </trkpt>
      <trkpt lat="33.60257" lon="-117.77494">
        <ele>197.95</ele>
        <time>2026-05-12T16:33:17Z</time>
      </trkpt>
      <trkpt lat="33.60255" lon="-117.77491">
        <ele>197.52</ele>
        <time>2026-05-12T16:33:21Z</time>
      </trkpt>
      <trkpt lat="33.60253" lon="-117.77489">
        <ele>197.23</ele>
        <time>2026-05-12T16:33:25Z</time>
      </trkpt>
      <trkpt lat="33.60251" lon="-117.77486">
        <ele>196.47</ele>
        <time>2026-05-12T16:33:29Z</time>
      </trkpt>
      <trkpt lat="33.60249" lon="-117.77484">
        <ele>195.82</ele>
        <time>2026-05-12T16:33:33Z</time>
      </trkpt>
      <trkpt lat="33.60248" lon="-117.77481">
        <ele>194.93</ele>
        <time>2026-05-12T16:33:37Z</time>
      </trkpt>
      <trkpt lat="33.60246" lon="-117.77478">
        <ele>194.3</ele>
        <time>2026-05-12T16:33:41Z</time>
      </trkpt>
      <trkpt lat="33.60244" lon="-117.77475">
        <ele>193.39</ele>
        <time>2026-05-12T16:33:45Z</time>
      </trkpt>
      <trkpt lat="33.60242" lon="-117.77473">
        <ele>192.5</ele>
        <time>2026-05-12T16:33:49Z</time>
      </trkpt>
      <trkpt lat="33.60238" lon="-117.77474">
        <ele>192.82</ele>
        <time>2026-05-12T16:33:52Z</time>
      </trkpt>
      <trkpt lat="33.60236" lon="-117.77475">
        <ele>193.26</ele>
        <time>2026-05-12T16:33:54Z</time>
      </trkpt>
      <trkpt lat="33.60233" lon="-117.77475">
        <ele>193.49</ele>
        <time>2026-05-12T16:33:57Z</time>
      </trkpt>
      <trkpt lat="33.6023" lon="-117.77473">
        <ele>193.33</ele>
        <time>2026-05-12T16:34:01Z</time>
      </trkpt>
      <trkpt lat="33.60228" lon="-117.7747">
        <ele>192.66</ele>
        <time>2026-05-12T16:34:04Z</time>
      </trkpt>
      <trkpt lat="33.60228" lon="-117.77467">
        <ele>191.68</ele>
        <time>2026-05-12T16:34:07Z</time>
      </trkpt>
      <trkpt lat="33.60228" lon="-117.77463">
        <ele>190.39</ele>
        <time>2026-05-12T16:34:10Z</time>
      </trkpt>
      <trkpt lat="33.60227" lon="-117.7746">
        <ele>190.02</ele>
        <time>2026-05-12T16:34:13Z</time>
      </trkpt>
      <trkpt lat="33.60226" lon="-117.77456">
        <ele>189.26</ele>
        <time>2026-05-12T16:34:17Z</time>
      </trkpt>
      <trkpt lat="33.60223" lon="-117.77454">
        <ele>188.26</ele>
        <time>2026-05-12T16:34:21Z</time>
      </trkpt>
      <trkpt lat="33.6022" lon="-117.77453">
        <ele>188.22</ele>
        <time>2026-05-12T16:34:24Z</time>
      </trkpt>
      <trkpt lat="33.60217" lon="-117.77452">
        <ele>188.46</ele>
        <time>2026-05-12T16:34:27Z</time>
      </trkpt>
      <trkpt lat="33.60214" lon="-117.7745">
        <ele>188.53</ele>
        <time>2026-05-12T16:34:30Z</time>
      </trkpt>
      <trkpt lat="33.60212" lon="-117.77449">
        <ele>188.44</ele>
        <time>2026-05-12T16:34:33Z</time>
      </trkpt>
      <trkpt lat="33.60209" lon="-117.77446">
        <ele>187.81</ele>
        <time>2026-05-12T16:34:36Z</time>
      </trkpt>
      <trkpt lat="33.60206" lon="-117.77445">
        <ele>187.35</ele>
        <time>2026-05-12T16:34:39Z</time>
      </trkpt>
      <trkpt lat="33.60203" lon="-117.77443">
        <ele>186.84</ele>
        <time>2026-05-12T16:34:42Z</time>
      </trkpt>
      <trkpt lat="33.602" lon="-117.77442">
        <ele>186.74</ele>
        <time>2026-05-12T16:34:45Z</time>
      </trkpt>
      <trkpt lat="33.60197" lon="-117.77441">
        <ele>186.63</ele>
        <time>2026-05-12T16:34:48Z</time>
      </trkpt>
      <trkpt lat="33.60194" lon="-117.77443">
        <ele>186.8</ele>
        <time>2026-05-12T16:34:51Z</time>
      </trkpt>
      <trkpt lat="33.60191" lon="-117.77444">
        <ele>186.6</ele>
        <time>2026-05-12T16:34:54Z</time>
      </trkpt>
      <trkpt lat="33.60188" lon="-117.77444">
        <ele>186.29</ele>
        <time>2026-05-12T16:34:57Z</time>
      </trkpt>
      <trkpt lat="33.60185" lon="-117.77444">
        <ele>186.0</ele>
        <time>2026-05-12T16:35:00Z</time>
      </trkpt>
      <trkpt lat="33.60181" lon="-117.77443">
        <ele>185.93</ele>
        <time>2026-05-12T16:35:03Z</time>
      </trkpt>
      <trkpt lat="33.60178" lon="-117.77442">
        <ele>185.8</ele>
        <time>2026-05-12T16:35:05Z</time>
      </trkpt>
      <trkpt lat="33.60174" lon="-117.77442">
        <ele>185.53</ele>
        <time>2026-05-12T16:35:08Z</time>
      </trkpt>
      <trkpt lat="33.60171" lon="-117.77441">
        <ele>185.1</ele>
        <time>2026-05-12T16:35:11Z</time>
      </trkpt>
      <trkpt lat="33.60168" lon="-117.77441">
        <ele>184.77</ele>
        <time>2026-05-12T16:35:14Z</time>
      </trkpt>
      <trkpt lat="33.60165" lon="-117.7744">
        <ele>184.52</ele>
        <time>2026-05-12T16:35:17Z</time>
      </trkpt>
      <trkpt lat="33.60162" lon="-117.7744">
        <ele>184.52</ele>
        <time>2026-05-12T16:35:20Z</time>
      </trkpt>
      <trkpt lat="33.60158" lon="-117.7744">
        <ele>184.52</ele>
        <time>2026-05-12T16:35:23Z</time>
      </trkpt>
      <trkpt lat="33.60155" lon="-117.77439">
        <ele>184.41</ele>
        <time>2026-05-12T16:35:26Z</time>
      </trkpt>
      <trkpt lat="33.60152" lon="-117.77439">
        <ele>184.41</ele>
        <time>2026-05-12T16:35:29Z</time>
      </trkpt>
      <trkpt lat="33.60149" lon="-117.77439">
        <ele>184.41</ele>
        <time>2026-05-12T16:35:32Z</time>
      </trkpt>
      <trkpt lat="33.60146" lon="-117.77439">
        <ele>184.41</ele>
        <time>2026-05-12T16:35:35Z</time>
      </trkpt>
      <trkpt lat="33.60143" lon="-117.77439">
        <ele>184.41</ele>
        <time>2026-05-12T16:35:38Z</time>
      </trkpt>
      <trkpt lat="33.60139" lon="-117.77439">
        <ele>184.41</ele>
        <time>2026-05-12T16:35:41Z</time>
      </trkpt>
      <trkpt lat="33.60136" lon="-117.77438">
        <ele>183.9</ele>
        <time>2026-05-12T16:35:44Z</time>
      </trkpt>
      <trkpt lat="33.60135" lon="-117.77435">
        <ele>183.55</ele>
        <time>2026-05-12T16:35:47Z</time>
      </trkpt>
      <trkpt lat="33.60134" lon="-117.77432">
        <ele>182.97</ele>
        <time>2026-05-12T16:35:50Z</time>
      </trkpt>
      <trkpt lat="33.60131" lon="-117.77431">
        <ele>182.63</ele>
        <time>2026-05-12T16:35:54Z</time>
      </trkpt>
      <trkpt lat="33.60128" lon="-117.77433">
        <ele>182.59</ele>
        <time>2026-05-12T16:35:57Z</time>
      </trkpt>
      <trkpt lat="33.60125" lon="-117.77434">
        <ele>182.37</ele>
        <time>2026-05-12T16:36:00Z</time>
      </trkpt>
      <trkpt lat="33.60122" lon="-117.77434">
        <ele>182.05</ele>
        <time>2026-05-12T16:36:03Z</time>
      </trkpt>
      <trkpt lat="33.60119" lon="-117.77432">
        <ele>181.41</ele>
        <time>2026-05-12T16:36:06Z</time>
      </trkpt>
      <trkpt lat="33.60118" lon="-117.77429">
        <ele>180.99</ele>
        <time>2026-05-12T16:36:08Z</time>
      </trkpt>
      <trkpt lat="33.60118" lon="-117.77424">
        <ele>180.74</ele>
        <time>2026-05-12T16:36:11Z</time>
      </trkpt>
      <trkpt lat="33.60119" lon="-117.7742">
        <ele>180.85</ele>
        <time>2026-05-12T16:36:14Z</time>
      </trkpt>
      <trkpt lat="33.6012" lon="-117.77415">
        <ele>180.78</ele>
        <time>2026-05-12T16:36:17Z</time>
      </trkpt>
      <trkpt lat="33.60122" lon="-117.77412">
        <ele>180.5</ele>
        <time>2026-05-12T16:36:19Z</time>
      </trkpt>
      <trkpt lat="33.60126" lon="-117.7741">
        <ele>180.28</ele>
        <time>2026-05-12T16:36:21Z</time>
      </trkpt>
      <trkpt lat="33.60128" lon="-117.77407">
        <ele>179.96</ele>
        <time>2026-05-12T16:36:23Z</time>
      </trkpt>
      <trkpt lat="33.60129" lon="-117.77404">
        <ele>179.63</ele>
        <time>2026-05-12T16:36:26Z</time>
      </trkpt>
      <trkpt lat="33.6013" lon="-117.774">
        <ele>179.2</ele>
        <time>2026-05-12T16:36:29Z</time>
      </trkpt>
      <trkpt lat="33.6013" lon="-117.77396">
        <ele>178.77</ele>
        <time>2026-05-12T16:36:32Z</time>
      </trkpt>
      <trkpt lat="33.60129" lon="-117.77392">
        <ele>178.34</ele>
        <time>2026-05-12T16:36:35Z</time>
      </trkpt>
      <trkpt lat="33.60127" lon="-117.77388">
        <ele>177.97</ele>
        <time>2026-05-12T16:36:38Z</time>
      </trkpt>
      <trkpt lat="33.60124" lon="-117.77385">
        <ele>177.74</ele>
        <time>2026-05-12T16:36:41Z</time>
      </trkpt>
      <trkpt lat="33.60122" lon="-117.77382">
        <ele>177.39</ele>
        <time>2026-05-12T16:36:44Z</time>
      </trkpt>
      <trkpt lat="33.60125" lon="-117.7738">
        <ele>177.52</ele>
        <time>2026-05-12T16:36:47Z</time>
      </trkpt>
      <trkpt lat="33.60128" lon="-117.77377">
        <ele>177.21</ele>
        <time>2026-05-12T16:36:50Z</time>
      </trkpt>
      <trkpt lat="33.60129" lon="-117.77373">
        <ele>176.45</ele>
        <time>2026-05-12T16:36:53Z</time>
      </trkpt>
      <trkpt lat="33.60129" lon="-117.7737">
        <ele>175.79</ele>
        <time>2026-05-12T16:36:56Z</time>
      </trkpt>
      <trkpt lat="33.60129" lon="-117.77366">
        <ele>174.95</ele>
        <time>2026-05-12T16:36:59Z</time>
      </trkpt>
      <trkpt lat="33.60127" lon="-117.77364">
        <ele>174.25</ele>
        <time>2026-05-12T16:37:02Z</time>
      </trkpt>
      <trkpt lat="33.6013" lon="-117.77363">
        <ele>174.45</ele>
        <time>2026-05-12T16:37:10Z</time>
      </trkpt>
      <trkpt lat="33.60133" lon="-117.77364">
        <ele>174.99</ele>
        <time>2026-05-12T16:37:13Z</time>
      </trkpt>
      <trkpt lat="33.60137" lon="-117.77365">
        <ele>175.64</ele>
        <time>2026-05-12T16:37:16Z</time>
      </trkpt>
      <trkpt lat="33.6014" lon="-117.77365">
        <ele>175.79</ele>
        <time>2026-05-12T16:37:19Z</time>
      </trkpt>
      <trkpt lat="33.60142" lon="-117.77363">
        <ele>175.34</ele>
        <time>2026-05-12T16:37:22Z</time>
      </trkpt>
      <trkpt lat="33.60143" lon="-117.7736">
        <ele>174.76</ele>
        <time>2026-05-12T16:37:25Z</time>
      </trkpt>
      <trkpt lat="33.60142" lon="-117.77356">
        <ele>173.9</ele>
        <time>2026-05-12T16:37:28Z</time>
      </trkpt>
      <trkpt lat="33.60141" lon="-117.77353">
        <ele>173.25</ele>
        <time>2026-05-12T16:37:31Z</time>
      </trkpt>
      <trkpt lat="33.60143" lon="-117.7735">
        <ele>172.69</ele>
        <time>2026-05-12T16:37:51Z</time>
      </trkpt>
      <trkpt lat="33.60144" lon="-117.77347">
        <ele>172.24</ele>
        <time>2026-05-12T16:37:54Z</time>
      </trkpt>
      <trkpt lat="33.60145" lon="-117.77343">
        <ele>171.72</ele>
        <time>2026-05-12T16:37:57Z</time>
      </trkpt>
      <trkpt lat="33.60146" lon="-117.77339">
        <ele>170.99</ele>
        <time>2026-05-12T16:37:59Z</time>
      </trkpt>
      <trkpt lat="33.60147" lon="-117.77335">
        <ele>170.24</ele>
        <time>2026-05-12T16:38:02Z</time>
      </trkpt>
      <trkpt lat="33.60147" lon="-117.77332">
        <ele>169.86</ele>
        <time>2026-05-12T16:38:06Z</time>
      </trkpt>
      <trkpt lat="33.60145" lon="-117.77329">
        <ele>169.5</ele>
        <time>2026-05-12T16:38:10Z</time>
      </trkpt>
      <trkpt lat="33.60143" lon="-117.77329">
        <ele>169.18</ele>
        <time>2026-05-12T16:38:14Z</time>
      </trkpt>
      <trkpt lat="33.60139" lon="-117.77329">
        <ele>168.55</ele>
        <time>2026-05-12T16:38:18Z</time>
      </trkpt>
      <trkpt lat="33.60137" lon="-117.77326">
        <ele>168.0</ele>
        <time>2026-05-12T16:38:22Z</time>
      </trkpt>
      <trkpt lat="33.60137" lon="-117.77323">
        <ele>167.75</ele>
        <time>2026-05-12T16:38:28Z</time>
      </trkpt>
      <trkpt lat="33.60138" lon="-117.77319">
        <ele>167.8</ele>
        <time>2026-05-12T16:38:34Z</time>
      </trkpt>
      <trkpt lat="33.6014" lon="-117.77317">
        <ele>168.15</ele>
        <time>2026-05-12T16:38:38Z</time>
      </trkpt>
      <trkpt lat="33.60141" lon="-117.77312">
        <ele>168.09</ele>
        <time>2026-05-12T16:38:42Z</time>
      </trkpt>
      <trkpt lat="33.60142" lon="-117.77309">
        <ele>167.91</ele>
        <time>2026-05-12T16:38:45Z</time>
      </trkpt>
      <trkpt lat="33.60143" lon="-117.77305">
        <ele>167.4</ele>
        <time>2026-05-12T16:38:50Z</time>
      </trkpt>
      <trkpt lat="33.60143" lon="-117.77302">
        <ele>166.57</ele>
        <time>2026-05-12T16:38:58Z</time>
      </trkpt>
      <trkpt lat="33.60144" lon="-117.77298">
        <ele>165.45</ele>
        <time>2026-05-12T16:39:05Z</time>
      </trkpt>
      <trkpt lat="33.60145" lon="-117.77295">
        <ele>164.62</ele>
        <time>2026-05-12T16:39:10Z</time>
      </trkpt>
      <trkpt lat="33.60142" lon="-117.77295">
        <ele>164.53</ele>
        <time>2026-05-12T16:39:26Z</time>
      </trkpt>
      <trkpt lat="33.60138" lon="-117.77295">
        <ele>164.26</ele>
        <time>2026-05-12T16:39:28Z</time>
      </trkpt>
      <trkpt lat="33.60138" lon="-117.77292">
        <ele>163.0</ele>
        <time>2026-05-12T16:39:36Z</time>
      </trkpt>
      <trkpt lat="33.6014" lon="-117.77289">
        <ele>162.04</ele>
        <time>2026-05-12T16:39:40Z</time>
      </trkpt>
      <trkpt lat="33.60141" lon="-117.77286">
        <ele>161.01</ele>
        <time>2026-05-12T16:39:47Z</time>
      </trkpt>
      <trkpt lat="33.60141" lon="-117.77283">
        <ele>159.71</ele>
        <time>2026-05-12T16:39:59Z</time>
      </trkpt>
      <trkpt lat="33.60143" lon="-117.77279">
        <ele>158.42</ele>
        <time>2026-05-12T16:40:05Z</time>
      </trkpt>
      <trkpt lat="33.60145" lon="-117.77276">
        <ele>157.94</ele>
        <time>2026-05-12T16:40:08Z</time>
      </trkpt>
      <trkpt lat="33.60148" lon="-117.77274">
        <ele>158.15</ele>
        <time>2026-05-12T16:40:12Z</time>
      </trkpt>
      <trkpt lat="33.6015" lon="-117.77272">
        <ele>157.83</ele>
        <time>2026-05-12T16:40:18Z</time>
      </trkpt>
      <trkpt lat="33.60153" lon="-117.7727">
        <ele>157.4</ele>
        <time>2026-05-12T16:40:29Z</time>
      </trkpt>
      <trkpt lat="33.60153" lon="-117.77267">
        <ele>156.51</ele>
        <time>2026-05-12T16:40:37Z</time>
      </trkpt>
      <trkpt lat="33.6015" lon="-117.77266">
        <ele>156.18</ele>
        <time>2026-05-12T16:40:40Z</time>
      </trkpt>
      <trkpt lat="33.60146" lon="-117.77267">
        <ele>156.04</ele>
        <time>2026-05-12T16:40:42Z</time>
      </trkpt>
      <trkpt lat="33.60144" lon="-117.77268">
        <ele>155.94</ele>
        <time>2026-05-12T16:40:44Z</time>
      </trkpt>
      <trkpt lat="33.60141" lon="-117.7727">
        <ele>155.78</ele>
        <time>2026-05-12T16:40:47Z</time>
      </trkpt>
      <trkpt lat="33.60139" lon="-117.77273">
        <ele>155.99</ele>
        <time>2026-05-12T16:40:51Z</time>
      </trkpt>
      <trkpt lat="33.60136" lon="-117.77275">
        <ele>155.99</ele>
        <time>2026-05-12T16:40:55Z</time>
      </trkpt>
      <trkpt lat="33.60134" lon="-117.77277">
        <ele>156.26</ele>
        <time>2026-05-12T16:40:58Z</time>
      </trkpt>
      <trkpt lat="33.60131" lon="-117.77279">
        <ele>156.68</ele>
        <time>2026-05-12T16:41:01Z</time>
      </trkpt>
      <trkpt lat="33.60128" lon="-117.7728">
        <ele>156.57</ele>
        <time>2026-05-12T16:41:05Z</time>
      </trkpt>
      <trkpt lat="33.60126" lon="-117.77279">
        <ele>155.69</ele>
        <time>2026-05-12T16:41:11Z</time>
      </trkpt>
      <trkpt lat="33.60123" lon="-117.77278">
        <ele>154.65</ele>
        <time>2026-05-12T16:41:18Z</time>
      </trkpt>
      <trkpt lat="33.60122" lon="-117.77275">
        <ele>153.45</ele>
        <time>2026-05-12T16:41:23Z</time>
      </trkpt>
      <trkpt lat="33.60124" lon="-117.77271">
        <ele>152.59</ele>
        <time>2026-05-12T16:41:26Z</time>
      </trkpt>
      <trkpt lat="33.60127" lon="-117.77268">
        <ele>152.22</ele>
        <time>2026-05-12T16:41:29Z</time>
      </trkpt>
      <trkpt lat="33.6013" lon="-117.77266">
        <ele>152.0</ele>
        <time>2026-05-12T16:41:32Z</time>
      </trkpt>
      <trkpt lat="33.60132" lon="-117.77264">
        <ele>151.68</ele>
        <time>2026-05-12T16:41:35Z</time>
      </trkpt>
      <trkpt lat="33.60135" lon="-117.77262">
        <ele>151.75</ele>
        <time>2026-05-12T16:41:38Z</time>
      </trkpt>
      <trkpt lat="33.60138" lon="-117.7726">
        <ele>151.96</ele>
        <time>2026-05-12T16:41:41Z</time>
      </trkpt>
      <trkpt lat="33.6014" lon="-117.77258">
        <ele>151.7</ele>
        <time>2026-05-12T16:41:44Z</time>
      </trkpt>
      <trkpt lat="33.60143" lon="-117.77256">
        <ele>151.48</ele>
        <time>2026-05-12T16:41:48Z</time>
      </trkpt>
      <trkpt lat="33.60145" lon="-117.77253">
        <ele>150.62</ele>
        <time>2026-05-12T16:41:52Z</time>
      </trkpt>
      <trkpt lat="33.60148" lon="-117.77251">
        <ele>150.4</ele>
        <time>2026-05-12T16:41:55Z</time>
      </trkpt>
      <trkpt lat="33.6015" lon="-117.7725">
        <ele>150.2</ele>
        <time>2026-05-12T16:41:58Z</time>
      </trkpt>
      <trkpt lat="33.60153" lon="-117.7725">
        <ele>150.52</ele>
        <time>2026-05-12T16:42:01Z</time>
      </trkpt>
      <trkpt lat="33.60157" lon="-117.7725">
        <ele>150.96</ele>
        <time>2026-05-12T16:42:04Z</time>
      </trkpt>
      <trkpt lat="33.6016" lon="-117.77251">
        <ele>151.04</ele>
        <time>2026-05-12T16:42:08Z</time>
      </trkpt>
      <trkpt lat="33.60163" lon="-117.77252">
        <ele>151.04</ele>
        <time>2026-05-12T16:42:11Z</time>
      </trkpt>
      <trkpt lat="33.60166" lon="-117.77253">
        <ele>151.04</ele>
        <time>2026-05-12T16:42:14Z</time>
      </trkpt>
      <trkpt lat="33.60169" lon="-117.77254">
        <ele>150.43</ele>
        <time>2026-05-12T16:42:17Z</time>
      </trkpt>
      <trkpt lat="33.60171" lon="-117.77256">
        <ele>150.24</ele>
        <time>2026-05-12T16:42:20Z</time>
      </trkpt>
      <trkpt lat="33.60173" lon="-117.77259">
        <ele>150.2</ele>
        <time>2026-05-12T16:42:23Z</time>
      </trkpt>
      <trkpt lat="33.60172" lon="-117.77256">
        <ele>149.84</ele>
        <time>2026-05-12T16:42:33Z</time>
      </trkpt>
      <trkpt lat="33.6017" lon="-117.77253">
        <ele>149.78</ele>
        <time>2026-05-12T16:42:36Z</time>
      </trkpt>
      <trkpt lat="33.60169" lon="-117.7725">
        <ele>149.24</ele>
        <time>2026-05-12T16:42:39Z</time>
      </trkpt>
      <trkpt lat="33.60167" lon="-117.77247">
        <ele>148.61</ele>
        <time>2026-05-12T16:42:43Z</time>
      </trkpt>
      <trkpt lat="33.60165" lon="-117.77244">
        <ele>147.59</ele>
        <time>2026-05-12T16:42:46Z</time>
      </trkpt>
      <trkpt lat="33.60163" lon="-117.77242">
        <ele>146.94</ele>
        <time>2026-05-12T16:42:49Z</time>
      </trkpt>
      <trkpt lat="33.6016" lon="-117.7724">
        <ele>146.46</ele>
        <time>2026-05-12T16:42:52Z</time>
      </trkpt>
      <trkpt lat="33.60158" lon="-117.77238">
        <ele>146.03</ele>
        <time>2026-05-12T16:42:55Z</time>
      </trkpt>
      <trkpt lat="33.60155" lon="-117.77237">
        <ele>145.53</ele>
        <time>2026-05-12T16:42:58Z</time>
      </trkpt>
      <trkpt lat="33.60153" lon="-117.77235">
        <ele>144.66</ele>
        <time>2026-05-12T16:43:01Z</time>
      </trkpt>
      <trkpt lat="33.6015" lon="-117.77234">
        <ele>144.02</ele>
        <time>2026-05-12T16:43:05Z</time>
      </trkpt>
      <trkpt lat="33.60147" lon="-117.77236">
        <ele>144.34</ele>
        <time>2026-05-12T16:43:08Z</time>
      </trkpt>
      <trkpt lat="33.60144" lon="-117.77237">
        <ele>144.34</ele>
        <time>2026-05-12T16:43:11Z</time>
      </trkpt>
      <trkpt lat="33.60141" lon="-117.77238">
        <ele>144.34</ele>
        <time>2026-05-12T16:43:14Z</time>
      </trkpt>
      <trkpt lat="33.60139" lon="-117.77239">
        <ele>144.45</ele>
        <time>2026-05-12T16:43:17Z</time>
      </trkpt>
      <trkpt lat="33.60136" lon="-117.7724">
        <ele>144.16</ele>
        <time>2026-05-12T16:43:20Z</time>
      </trkpt>
      <trkpt lat="33.60133" lon="-117.77242">
        <ele>144.14</ele>
        <time>2026-05-12T16:43:23Z</time>
      </trkpt>
      <trkpt lat="33.60131" lon="-117.77243">
        <ele>144.03</ele>
        <time>2026-05-12T16:43:26Z</time>
      </trkpt>
      <trkpt lat="33.60128" lon="-117.77245">
        <ele>144.03</ele>
        <time>2026-05-12T16:43:29Z</time>
      </trkpt>
      <trkpt lat="33.60124" lon="-117.77245">
        <ele>143.16</ele>
        <time>2026-05-12T16:43:33Z</time>
      </trkpt>
      <trkpt lat="33.60122" lon="-117.77243">
        <ele>142.08</ele>
        <time>2026-05-12T16:43:36Z</time>
      </trkpt>
      <trkpt lat="33.6012" lon="-117.77241">
        <ele>141.04</ele>
        <time>2026-05-12T16:43:39Z</time>
      </trkpt>
      <trkpt lat="33.60117" lon="-117.77241">
        <ele>140.71</ele>
        <time>2026-05-12T16:43:43Z</time>
      </trkpt>
      <trkpt lat="33.60113" lon="-117.7724">
        <ele>140.11</ele>
        <time>2026-05-12T16:43:47Z</time>
      </trkpt>
      <trkpt lat="33.6011" lon="-117.77239">
        <ele>139.67</ele>
        <time>2026-05-12T16:43:51Z</time>
      </trkpt>
      <trkpt lat="33.60107" lon="-117.7724">
        <ele>139.44</ele>
        <time>2026-05-12T16:43:57Z</time>
      </trkpt>
      <trkpt lat="33.60104" lon="-117.77239">
        <ele>138.9</ele>
        <time>2026-05-12T16:44:01Z</time>
      </trkpt>
      <trkpt lat="33.60101" lon="-117.77239">
        <ele>138.53</ele>
        <time>2026-05-12T16:44:05Z</time>
      </trkpt>
      <trkpt lat="33.60098" lon="-117.77239">
        <ele>138.21</ele>
        <time>2026-05-12T16:44:09Z</time>
      </trkpt>
      <trkpt lat="33.60094" lon="-117.7724">
        <ele>137.99</ele>
        <time>2026-05-12T16:44:13Z</time>
      </trkpt>
      <trkpt lat="33.60091" lon="-117.77241">
        <ele>138.03</ele>
        <time>2026-05-12T16:44:16Z</time>
      </trkpt>
      <trkpt lat="33.60088" lon="-117.77242">
        <ele>138.14</ele>
        <time>2026-05-12T16:44:19Z</time>
      </trkpt>
      <trkpt lat="33.60086" lon="-117.77243">
        <ele>138.24</ele>
        <time>2026-05-12T16:44:22Z</time>
      </trkpt>
      <trkpt lat="33.60084" lon="-117.77245">
        <ele>138.46</ele>
        <time>2026-05-12T16:44:24Z</time>
      </trkpt>
      <trkpt lat="33.60082" lon="-117.77249">
        <ele>138.62</ele>
        <time>2026-05-12T16:44:26Z</time>
      </trkpt>
      <trkpt lat="33.60081" lon="-117.77252">
        <ele>138.71</ele>
        <time>2026-05-12T16:44:28Z</time>
      </trkpt>
      <trkpt lat="33.60078" lon="-117.77255">
        <ele>138.39</ele>
        <time>2026-05-12T16:44:31Z</time>
      </trkpt>
      <trkpt lat="33.60075" lon="-117.77256">
        <ele>137.85</ele>
        <time>2026-05-12T16:44:34Z</time>
      </trkpt>
      <trkpt lat="33.60073" lon="-117.77258">
        <ele>137.75</ele>
        <time>2026-05-12T16:44:37Z</time>
      </trkpt>
      <trkpt lat="33.60071" lon="-117.7726">
        <ele>137.83</ele>
        <time>2026-05-12T16:44:40Z</time>
      </trkpt>
      <trkpt lat="33.60068" lon="-117.77262">
        <ele>137.94</ele>
        <time>2026-05-12T16:44:44Z</time>
      </trkpt>
      <trkpt lat="33.60066" lon="-117.77265">
        <ele>138.37</ele>
        <time>2026-05-12T16:44:48Z</time>
      </trkpt>
      <trkpt lat="33.60063" lon="-117.77266">
        <ele>138.12</ele>
        <time>2026-05-12T16:44:54Z</time>
      </trkpt>
      <trkpt lat="33.6006" lon="-117.77266">
        <ele>137.56</ele>
        <time>2026-05-12T16:44:59Z</time>
      </trkpt>
      <trkpt lat="33.60058" lon="-117.77263">
        <ele>136.77</ele>
        <time>2026-05-12T16:45:04Z</time>
      </trkpt>
      <trkpt lat="33.60058" lon="-117.77259">
        <ele>136.24</ele>
        <time>2026-05-12T16:45:06Z</time>
      </trkpt>
      <trkpt lat="33.60058" lon="-117.77256">
        <ele>135.91</ele>
        <time>2026-05-12T16:45:08Z</time>
      </trkpt>
      <trkpt lat="33.6006" lon="-117.77252">
        <ele>135.7</ele>
        <time>2026-05-12T16:45:11Z</time>
      </trkpt>
      <trkpt lat="33.60061" lon="-117.77249">
        <ele>135.48</ele>
        <time>2026-05-12T16:45:14Z</time>
      </trkpt>
      <trkpt lat="33.60063" lon="-117.77245">
        <ele>135.26</ele>
        <time>2026-05-12T16:45:17Z</time>
      </trkpt>
      <trkpt lat="33.60064" lon="-117.77241">
        <ele>134.94</ele>
        <time>2026-05-12T16:45:20Z</time>
      </trkpt>
      <trkpt lat="33.60066" lon="-117.77237">
        <ele>134.45</ele>
        <time>2026-05-12T16:45:23Z</time>
      </trkpt>
      <trkpt lat="33.60067" lon="-117.77233">
        <ele>133.8</ele>
        <time>2026-05-12T16:45:26Z</time>
      </trkpt>
      <trkpt lat="33.60069" lon="-117.77229">
        <ele>133.76</ele>
        <time>2026-05-12T16:45:29Z</time>
      </trkpt>
      <trkpt lat="33.6007" lon="-117.77225">
        <ele>133.81</ele>
        <time>2026-05-12T16:45:31Z</time>
      </trkpt>
      <trkpt lat="33.60071" lon="-117.77222">
        <ele>133.99</ele>
        <time>2026-05-12T16:45:33Z</time>
      </trkpt>
      <trkpt lat="33.60072" lon="-117.77219">
        <ele>134.06</ele>
        <time>2026-05-12T16:45:35Z</time>
      </trkpt>
      <trkpt lat="33.60075" lon="-117.77216">
        <ele>134.33</ele>
        <time>2026-05-12T16:45:37Z</time>
      </trkpt>
      <trkpt lat="33.60078" lon="-117.77213">
        <ele>134.0</ele>
        <time>2026-05-12T16:45:39Z</time>
      </trkpt>
      <trkpt lat="33.6008" lon="-117.77211">
        <ele>133.79</ele>
        <time>2026-05-12T16:45:41Z</time>
      </trkpt>
      <trkpt lat="33.60082" lon="-117.77209">
        <ele>133.57</ele>
        <time>2026-05-12T16:45:43Z</time>
      </trkpt>
      <trkpt lat="33.60084" lon="-117.77205">
        <ele>133.2</ele>
        <time>2026-05-12T16:45:46Z</time>
      </trkpt>
      <trkpt lat="33.60085" lon="-117.772">
        <ele>133.11</ele>
        <time>2026-05-12T16:45:49Z</time>
      </trkpt>
      <trkpt lat="33.60085" lon="-117.77196">
        <ele>133.03</ele>
        <time>2026-05-12T16:45:52Z</time>
      </trkpt>
      <trkpt lat="33.60087" lon="-117.77192">
        <ele>133.0</ele>
        <time>2026-05-12T16:45:55Z</time>
      </trkpt>
      <trkpt lat="33.60089" lon="-117.77189">
        <ele>133.0</ele>
        <time>2026-05-12T16:45:58Z</time>
      </trkpt>
      <trkpt lat="33.6009" lon="-117.77185">
        <ele>132.99</ele>
        <time>2026-05-12T16:46:01Z</time>
      </trkpt>
      <trkpt lat="33.60091" lon="-117.77181">
        <ele>132.63</ele>
        <time>2026-05-12T16:46:04Z</time>
      </trkpt>
      <trkpt lat="33.60093" lon="-117.77178">
        <ele>132.21</ele>
        <time>2026-05-12T16:46:07Z</time>
      </trkpt>
      <trkpt lat="33.60094" lon="-117.77174">
        <ele>131.97</ele>
        <time>2026-05-12T16:46:11Z</time>
      </trkpt>
      <trkpt lat="33.60096" lon="-117.77172">
        <ele>131.84</ele>
        <time>2026-05-12T16:46:14Z</time>
      </trkpt>
      <trkpt lat="33.60097" lon="-117.77168">
        <ele>131.59</ele>
        <time>2026-05-12T16:46:17Z</time>
      </trkpt>
      <trkpt lat="33.60099" lon="-117.77165">
        <ele>131.25</ele>
        <time>2026-05-12T16:46:20Z</time>
      </trkpt>
      <trkpt lat="33.601" lon="-117.77161">
        <ele>131.08</ele>
        <time>2026-05-12T16:46:23Z</time>
      </trkpt>
      <trkpt lat="33.60101" lon="-117.77158">
        <ele>131.01</ele>
        <time>2026-05-12T16:46:26Z</time>
      </trkpt>
      <trkpt lat="33.60103" lon="-117.77154">
        <ele>130.55</ele>
        <time>2026-05-12T16:46:29Z</time>
      </trkpt>
      <trkpt lat="33.60105" lon="-117.77151">
        <ele>130.2</ele>
        <time>2026-05-12T16:46:32Z</time>
      </trkpt>
      <trkpt lat="33.60106" lon="-117.77148">
        <ele>130.0</ele>
        <time>2026-05-12T16:46:35Z</time>
      </trkpt>
      <trkpt lat="33.60108" lon="-117.77145">
        <ele>130.0</ele>
        <time>2026-05-12T16:46:38Z</time>
      </trkpt>
      <trkpt lat="33.60109" lon="-117.77142">
        <ele>130.0</ele>
        <time>2026-05-12T16:46:41Z</time>
      </trkpt>
      <trkpt lat="33.60111" lon="-117.77139">
        <ele>130.0</ele>
        <time>2026-05-12T16:46:44Z</time>
      </trkpt>
      <trkpt lat="33.60113" lon="-117.77136">
        <ele>129.55</ele>
        <time>2026-05-12T16:46:47Z</time>
      </trkpt>
      <trkpt lat="33.60114" lon="-117.77133">
        <ele>129.25</ele>
        <time>2026-05-12T16:46:50Z</time>
      </trkpt>
      <trkpt lat="33.60116" lon="-117.7713">
        <ele>129.02</ele>
        <time>2026-05-12T16:46:53Z</time>
      </trkpt>
      <trkpt lat="33.60117" lon="-117.77127">
        <ele>128.82</ele>
        <time>2026-05-12T16:46:56Z</time>
      </trkpt>
      <trkpt lat="33.60116" lon="-117.77123">
        <ele>128.62</ele>
        <time>2026-05-12T16:46:59Z</time>
      </trkpt>
      <trkpt lat="33.60116" lon="-117.7712">
        <ele>128.45</ele>
        <time>2026-05-12T16:47:02Z</time>
      </trkpt>
      <trkpt lat="33.60117" lon="-117.77116">
        <ele>128.19</ele>
        <time>2026-05-12T16:47:05Z</time>
      </trkpt>
      <trkpt lat="33.60118" lon="-117.77112">
        <ele>128.02</ele>
        <time>2026-05-12T16:47:08Z</time>
      </trkpt>
      <trkpt lat="33.60119" lon="-117.77109">
        <ele>128.0</ele>
        <time>2026-05-12T16:47:11Z</time>
      </trkpt>
      <trkpt lat="33.60119" lon="-117.77105">
        <ele>128.0</ele>
        <time>2026-05-12T16:47:14Z</time>
      </trkpt>
      <trkpt lat="33.6012" lon="-117.77101">
        <ele>127.91</ele>
        <time>2026-05-12T16:47:17Z</time>
      </trkpt>
      <trkpt lat="33.6012" lon="-117.77098">
        <ele>127.6</ele>
        <time>2026-05-12T16:47:20Z</time>
      </trkpt>
      <trkpt lat="33.60121" lon="-117.771">
        <ele>127.8</ele>
        <time>2026-05-12T16:47:25Z</time>
      </trkpt>
      <trkpt lat="33.60121" lon="-117.77097">
        <ele>127.48</ele>
        <time>2026-05-12T16:47:30Z</time>
      </trkpt>
      <trkpt lat="33.60121" lon="-117.77093">
        <ele>127.04</ele>
        <time>2026-05-12T16:47:33Z</time>
      </trkpt>
      <trkpt lat="33.60121" lon="-117.77089">
        <ele>127.0</ele>
        <time>2026-05-12T16:47:37Z</time>
      </trkpt>
      <trkpt lat="33.60121" lon="-117.77085">
        <ele>127.0</ele>
        <time>2026-05-12T16:47:41Z</time>
      </trkpt>
      <trkpt lat="33.6012" lon="-117.77082">
        <ele>127.0</ele>
        <time>2026-05-12T16:47:44Z</time>
      </trkpt>
      <trkpt lat="33.6012" lon="-117.77078">
        <ele>127.0</ele>
        <time>2026-05-12T16:47:47Z</time>
      </trkpt>
      <trkpt lat="33.6012" lon="-117.77074">
        <ele>126.99</ele>
        <time>2026-05-12T16:47:50Z</time>
      </trkpt>
      <trkpt lat="33.60119" lon="-117.77071">
        <ele>126.67</ele>
        <time>2026-05-12T16:47:52Z</time>
      </trkpt>
      <trkpt lat="33.60118" lon="-117.77067">
        <ele>126.24</ele>
        <time>2026-05-12T16:47:54Z</time>
      </trkpt>
      <trkpt lat="33.60117" lon="-117.77064">
        <ele>125.94</ele>
        <time>2026-05-12T16:47:56Z</time>
      </trkpt>
      <trkpt lat="33.60117" lon="-117.77059">
        <ele>125.6</ele>
        <time>2026-05-12T16:47:59Z</time>
      </trkpt>
      <trkpt lat="33.60116" lon="-117.77055">
        <ele>125.44</ele>
        <time>2026-05-12T16:48:02Z</time>
      </trkpt>
      <trkpt lat="33.60115" lon="-117.77051">
        <ele>125.29</ele>
        <time>2026-05-12T16:48:05Z</time>
      </trkpt>
      <trkpt lat="33.60114" lon="-117.77047">
        <ele>125.05</ele>
        <time>2026-05-12T16:48:08Z</time>
      </trkpt>
      <trkpt lat="33.60114" lon="-117.77043">
        <ele>124.76</ele>
        <time>2026-05-12T16:48:11Z</time>
      </trkpt>
      <trkpt lat="33.60113" lon="-117.77039">
        <ele>124.37</ele>
        <time>2026-05-12T16:48:14Z</time>
      </trkpt>
      <trkpt lat="33.60113" lon="-117.77034">
        <ele>123.94</ele>
        <time>2026-05-12T16:48:17Z</time>
      </trkpt>
      <trkpt lat="33.60113" lon="-117.7703">
        <ele>123.6</ele>
        <time>2026-05-12T16:48:20Z</time>
      </trkpt>
      <trkpt lat="33.60113" lon="-117.77026">
        <ele>123.18</ele>
        <time>2026-05-12T16:48:23Z</time>
      </trkpt>
      <trkpt lat="33.60112" lon="-117.77022">
        <ele>122.51</ele>
        <time>2026-05-12T16:48:26Z</time>
      </trkpt>
      <trkpt lat="33.60111" lon="-117.77019">
        <ele>122.06</ele>
        <time>2026-05-12T16:48:29Z</time>
      </trkpt>
      <trkpt lat="33.60109" lon="-117.77015">
        <ele>122.61</ele>
        <time>2026-05-12T16:48:32Z</time>
      </trkpt>
      <trkpt lat="33.60107" lon="-117.77012">
        <ele>123.15</ele>
        <time>2026-05-12T16:48:34Z</time>
      </trkpt>
      <trkpt lat="33.60105" lon="-117.7701">
        <ele>123.58</ele>
        <time>2026-05-12T16:48:36Z</time>
      </trkpt>
      <trkpt lat="33.60103" lon="-117.77007">
        <ele>123.88</ele>
        <time>2026-05-12T16:48:39Z</time>
      </trkpt>
      <trkpt lat="33.60102" lon="-117.77003">
        <ele>123.98</ele>
        <time>2026-05-12T16:48:42Z</time>
      </trkpt>
      <trkpt lat="33.60101" lon="-117.76999">
        <ele>124.19</ele>
        <time>2026-05-12T16:48:45Z</time>
      </trkpt>
      <trkpt lat="33.601" lon="-117.76996">
        <ele>124.49</ele>
        <time>2026-05-12T16:48:48Z</time>
      </trkpt>
      <trkpt lat="33.60099" lon="-117.76992">
        <ele>124.88</ele>
        <time>2026-05-12T16:48:51Z</time>
      </trkpt>
      <trkpt lat="33.60098" lon="-117.76988">
        <ele>125.42</ele>
        <time>2026-05-12T16:48:54Z</time>
      </trkpt>
      <trkpt lat="33.60097" lon="-117.76985">
        <ele>125.87</ele>
        <time>2026-05-12T16:48:57Z</time>
      </trkpt>
      <trkpt lat="33.60096" lon="-117.76981">
        <ele>126.28</ele>
        <time>2026-05-12T16:49:00Z</time>
      </trkpt>
      <trkpt lat="33.60095" lon="-117.76978">
        <ele>126.58</ele>
        <time>2026-05-12T16:49:04Z</time>
      </trkpt>
      <trkpt lat="33.60092" lon="-117.76977">
        <ele>127.06</ele>
        <time>2026-05-12T16:49:11Z</time>
      </trkpt>
      <trkpt lat="33.6009" lon="-117.76974">
        <ele>127.28</ele>
        <time>2026-05-12T16:49:15Z</time>
      </trkpt>
      <trkpt lat="33.60089" lon="-117.76971">
        <ele>127.39</ele>
        <time>2026-05-12T16:49:18Z</time>
      </trkpt>
      <trkpt lat="33.60087" lon="-117.76968">
        <ele>127.6</ele>
        <time>2026-05-12T16:49:21Z</time>
      </trkpt>
      <trkpt lat="33.60085" lon="-117.76965">
        <ele>127.82</ele>
        <time>2026-05-12T16:49:24Z</time>
      </trkpt>
      <trkpt lat="33.60083" lon="-117.76962">
        <ele>127.93</ele>
        <time>2026-05-12T16:49:27Z</time>
      </trkpt>
      <trkpt lat="33.60082" lon="-117.76958">
        <ele>127.61</ele>
        <time>2026-05-12T16:49:30Z</time>
      </trkpt>
      <trkpt lat="33.6008" lon="-117.76954">
        <ele>127.39</ele>
        <time>2026-05-12T16:49:33Z</time>
      </trkpt>
      <trkpt lat="33.60079" lon="-117.7695">
        <ele>127.47</ele>
        <time>2026-05-12T16:49:35Z</time>
      </trkpt>
      <trkpt lat="33.60077" lon="-117.76947">
        <ele>127.68</ele>
        <time>2026-05-12T16:49:37Z</time>
      </trkpt>
      <trkpt lat="33.60076" lon="-117.76944">
        <ele>127.8</ele>
        <time>2026-05-12T16:49:39Z</time>
      </trkpt>
      <trkpt lat="33.60075" lon="-117.7694">
        <ele>127.95</ele>
        <time>2026-05-12T16:49:41Z</time>
      </trkpt>
      <trkpt lat="33.60075" lon="-117.76937">
        <ele>127.98</ele>
        <time>2026-05-12T16:49:43Z</time>
      </trkpt>
      <trkpt lat="33.60074" lon="-117.76933">
        <ele>128.01</ele>
        <time>2026-05-12T16:49:46Z</time>
      </trkpt>
      <trkpt lat="33.60073" lon="-117.76928">
        <ele>128.03</ele>
        <time>2026-05-12T16:49:49Z</time>
      </trkpt>
      <trkpt lat="33.60073" lon="-117.76924">
        <ele>127.82</ele>
        <time>2026-05-12T16:49:52Z</time>
      </trkpt>
      <trkpt lat="33.60073" lon="-117.76921">
        <ele>127.53</ele>
        <time>2026-05-12T16:49:55Z</time>
      </trkpt>
      <trkpt lat="33.60075" lon="-117.7692">
        <ele>127.36</ele>
        <time>2026-05-12T16:49:59Z</time>
      </trkpt>
      <trkpt lat="33.60077" lon="-117.76916">
        <ele>126.91</ele>
        <time>2026-05-12T16:50:03Z</time>
      </trkpt>
      <trkpt lat="33.60078" lon="-117.76913">
        <ele>126.44</ele>
        <time>2026-05-12T16:50:06Z</time>
      </trkpt>
      <trkpt lat="33.60078" lon="-117.76909">
        <ele>125.82</ele>
        <time>2026-05-12T16:50:09Z</time>
      </trkpt>
      <trkpt lat="33.60078" lon="-117.76905">
        <ele>125.06</ele>
        <time>2026-05-12T16:50:13Z</time>
      </trkpt>
      <trkpt lat="33.60078" lon="-117.76901">
        <ele>124.19</ele>
        <time>2026-05-12T16:50:17Z</time>
      </trkpt>
      <trkpt lat="33.60078" lon="-117.76897">
        <ele>123.38</ele>
        <time>2026-05-12T16:50:21Z</time>
      </trkpt>
      <trkpt lat="33.60078" lon="-117.76893">
        <ele>122.7</ele>
        <time>2026-05-12T16:50:25Z</time>
      </trkpt>
      <trkpt lat="33.60078" lon="-117.76889">
        <ele>122.02</ele>
        <time>2026-05-12T16:50:29Z</time>
      </trkpt>
      <trkpt lat="33.60078" lon="-117.76886">
        <ele>121.56</ele>
        <time>2026-05-12T16:50:32Z</time>
      </trkpt>
      <trkpt lat="33.60078" lon="-117.76883">
        <ele>121.09</ele>
        <time>2026-05-12T16:50:35Z</time>
      </trkpt>
      <trkpt lat="33.60078" lon="-117.76879">
        <ele>120.54</ele>
        <time>2026-05-12T16:50:38Z</time>
      </trkpt>
      <trkpt lat="33.60078" lon="-117.76876">
        <ele>120.35</ele>
        <time>2026-05-12T16:50:41Z</time>
      </trkpt>
      <trkpt lat="33.60078" lon="-117.76872">
        <ele>120.1</ele>
        <time>2026-05-12T16:50:44Z</time>
      </trkpt>
      <trkpt lat="33.60077" lon="-117.76868">
        <ele>119.74</ele>
        <time>2026-05-12T16:50:47Z</time>
      </trkpt>
      <trkpt lat="33.60077" lon="-117.76864">
        <ele>119.31</ele>
        <time>2026-05-12T16:50:50Z</time>
      </trkpt>
      <trkpt lat="33.60077" lon="-117.7686">
        <ele>119.0</ele>
        <time>2026-05-12T16:50:53Z</time>
      </trkpt>
      <trkpt lat="33.60077" lon="-117.76855">
        <ele>119.0</ele>
        <time>2026-05-12T16:50:56Z</time>
      </trkpt>
      <trkpt lat="33.60077" lon="-117.7685">
        <ele>118.94</ele>
        <time>2026-05-12T16:50:58Z</time>
      </trkpt>
      <trkpt lat="33.60077" lon="-117.76846">
        <ele>118.8</ele>
        <time>2026-05-12T16:51:00Z</time>
      </trkpt>
      <trkpt lat="33.60077" lon="-117.76843">
        <ele>118.7</ele>
        <time>2026-05-12T16:51:02Z</time>
      </trkpt>
      <trkpt lat="33.60077" lon="-117.76838">
        <ele>118.34</ele>
        <time>2026-05-12T16:51:05Z</time>
      </trkpt>
      <trkpt lat="33.60077" lon="-117.76833">
        <ele>118.0</ele>
        <time>2026-05-12T16:51:08Z</time>
      </trkpt>
      <trkpt lat="33.60077" lon="-117.76829">
        <ele>118.0</ele>
        <time>2026-05-12T16:51:11Z</time>
      </trkpt>
      <trkpt lat="33.60077" lon="-117.76825">
        <ele>118.0</ele>
        <time>2026-05-12T16:51:14Z</time>
      </trkpt>
      <trkpt lat="33.60077" lon="-117.76821">
        <ele>118.0</ele>
        <time>2026-05-12T16:51:17Z</time>
      </trkpt>
      <trkpt lat="33.60077" lon="-117.76816">
        <ele>118.0</ele>
        <time>2026-05-12T16:51:20Z</time>
      </trkpt>
      <trkpt lat="33.60077" lon="-117.76812">
        <ele>117.9</ele>
        <time>2026-05-12T16:51:23Z</time>
      </trkpt>
      <trkpt lat="33.60076" lon="-117.76808">
        <ele>117.85</ele>
        <time>2026-05-12T16:51:26Z</time>
      </trkpt>
      <trkpt lat="33.60076" lon="-117.76804">
        <ele>117.66</ele>
        <time>2026-05-12T16:51:29Z</time>
      </trkpt>
      <trkpt lat="33.60076" lon="-117.768">
        <ele>117.32</ele>
        <time>2026-05-12T16:51:32Z</time>
      </trkpt>
      <trkpt lat="33.60074" lon="-117.76797">
        <ele>117.08</ele>
        <time>2026-05-12T16:51:35Z</time>
      </trkpt>
      <trkpt lat="33.60071" lon="-117.76795">
        <ele>117.0</ele>
        <time>2026-05-12T16:51:38Z</time>
      </trkpt>
      <trkpt lat="33.60069" lon="-117.76792">
        <ele>117.0</ele>
        <time>2026-05-12T16:51:41Z</time>
      </trkpt>
      <trkpt lat="33.60067" lon="-117.76789">
        <ele>117.0</ele>
        <time>2026-05-12T16:51:44Z</time>
      </trkpt>
      <trkpt lat="33.60065" lon="-117.76785">
        <ele>117.0</ele>
        <time>2026-05-12T16:51:47Z</time>
      </trkpt>
      <trkpt lat="33.60063" lon="-117.76782">
        <ele>117.0</ele>
        <time>2026-05-12T16:51:50Z</time>
      </trkpt>
      <trkpt lat="33.60061" lon="-117.76778">
        <ele>117.0</ele>
        <time>2026-05-12T16:51:53Z</time>
      </trkpt>
      <trkpt lat="33.60059" lon="-117.76775">
        <ele>117.0</ele>
        <time>2026-05-12T16:51:56Z</time>
      </trkpt>
      <trkpt lat="33.60057" lon="-117.76771">
        <ele>117.0</ele>
        <time>2026-05-12T16:51:59Z</time>
      </trkpt>
      <trkpt lat="33.60055" lon="-117.76768">
        <ele>116.94</ele>
        <time>2026-05-12T16:52:02Z</time>
      </trkpt>
      <trkpt lat="33.60052" lon="-117.76765">
        <ele>116.62</ele>
        <time>2026-05-12T16:52:05Z</time>
      </trkpt>
      <trkpt lat="33.6005" lon="-117.76763">
        <ele>116.4</ele>
        <time>2026-05-12T16:52:08Z</time>
      </trkpt>
      <trkpt lat="33.60048" lon="-117.7676">
        <ele>116.18</ele>
        <time>2026-05-12T16:52:11Z</time>
      </trkpt>
      <trkpt lat="33.60045" lon="-117.76757">
        <ele>116.0</ele>
        <time>2026-05-12T16:52:14Z</time>
      </trkpt>
      <trkpt lat="33.60043" lon="-117.76754">
        <ele>116.0</ele>
        <time>2026-05-12T16:52:17Z</time>
      </trkpt>
      <trkpt lat="33.60041" lon="-117.76751">
        <ele>116.0</ele>
        <time>2026-05-12T16:52:20Z</time>
      </trkpt>
      <trkpt lat="33.60039" lon="-117.76748">
        <ele>116.0</ele>
        <time>2026-05-12T16:52:23Z</time>
      </trkpt>
      <trkpt lat="33.60037" lon="-117.76744">
        <ele>116.0</ele>
        <time>2026-05-12T16:52:26Z</time>
      </trkpt>
      <trkpt lat="33.60035" lon="-117.76741">
        <ele>115.78</ele>
        <time>2026-05-12T16:52:29Z</time>
      </trkpt>
      <trkpt lat="33.60034" lon="-117.76738">
        <ele>115.67</ele>
        <time>2026-05-12T16:52:32Z</time>
      </trkpt>
      <trkpt lat="33.60033" lon="-117.76734">
        <ele>115.56</ele>
        <time>2026-05-12T16:52:35Z</time>
      </trkpt>
      <trkpt lat="33.60031" lon="-117.76731">
        <ele>115.35</ele>
        <time>2026-05-12T16:52:38Z</time>
      </trkpt>
      <trkpt lat="33.60029" lon="-117.76728">
        <ele>115.13</ele>
        <time>2026-05-12T16:52:41Z</time>
      </trkpt>
      <trkpt lat="33.60027" lon="-117.76724">
        <ele>115.0</ele>
        <time>2026-05-12T16:52:44Z</time>
      </trkpt>
      <trkpt lat="33.60024" lon="-117.76721">
        <ele>115.0</ele>
        <time>2026-05-12T16:52:47Z</time>
      </trkpt>
      <trkpt lat="33.60021" lon="-117.76718">
        <ele>115.0</ele>
        <time>2026-05-12T16:52:50Z</time>
      </trkpt>
      <trkpt lat="33.60019" lon="-117.76715">
        <ele>115.0</ele>
        <time>2026-05-12T16:52:53Z</time>
      </trkpt>
      <trkpt lat="33.60017" lon="-117.76712">
        <ele>114.84</ele>
        <time>2026-05-12T16:52:56Z</time>
      </trkpt>
      <trkpt lat="33.60014" lon="-117.76708">
        <ele>114.51</ele>
        <time>2026-05-12T16:52:59Z</time>
      </trkpt>
      <trkpt lat="33.60012" lon="-117.76705">
        <ele>114.3</ele>
        <time>2026-05-12T16:53:02Z</time>
      </trkpt>
      <trkpt lat="33.6001" lon="-117.76702">
        <ele>114.07</ele>
        <time>2026-05-12T16:53:05Z</time>
      </trkpt>
      <trkpt lat="33.60007" lon="-117.76699">
        <ele>114.0</ele>
        <time>2026-05-12T16:53:08Z</time>
      </trkpt>
      <trkpt lat="33.60005" lon="-117.76696">
        <ele>114.0</ele>
        <time>2026-05-12T16:53:11Z</time>
      </trkpt>
      <trkpt lat="33.60003" lon="-117.76693">
        <ele>114.0</ele>
        <time>2026-05-12T16:53:14Z</time>
      </trkpt>
      <trkpt lat="33.6" lon="-117.76689">
        <ele>114.0</ele>
        <time>2026-05-12T16:53:17Z</time>
      </trkpt>
      <trkpt lat="33.59998" lon="-117.76686">
        <ele>114.0</ele>
        <time>2026-05-12T16:53:20Z</time>
      </trkpt>
      <trkpt lat="33.59995" lon="-117.76683">
        <ele>114.0</ele>
        <time>2026-05-12T16:53:23Z</time>
      </trkpt>
      <trkpt lat="33.59993" lon="-117.7668">
        <ele>114.0</ele>
        <time>2026-05-12T16:53:26Z</time>
      </trkpt>
      <trkpt lat="33.59991" lon="-117.76677">
        <ele>114.0</ele>
        <time>2026-05-12T16:53:29Z</time>
      </trkpt>
      <trkpt lat="33.59989" lon="-117.76674">
        <ele>113.64</ele>
        <time>2026-05-12T16:53:32Z</time>
      </trkpt>
      <trkpt lat="33.59986" lon="-117.7667">
        <ele>113.18</ele>
        <time>2026-05-12T16:53:35Z</time>
      </trkpt>
      <trkpt lat="33.59984" lon="-117.76667">
        <ele>113.01</ele>
        <time>2026-05-12T16:53:38Z</time>
      </trkpt>
      <trkpt lat="33.59982" lon="-117.76664">
        <ele>113.0</ele>
        <time>2026-05-12T16:53:41Z</time>
      </trkpt>
      <trkpt lat="33.59979" lon="-117.76661">
        <ele>113.0</ele>
        <time>2026-05-12T16:53:44Z</time>
      </trkpt>
      <trkpt lat="33.59977" lon="-117.76658">
        <ele>113.0</ele>
        <time>2026-05-12T16:53:47Z</time>
      </trkpt>
      <trkpt lat="33.59975" lon="-117.76654">
        <ele>113.0</ele>
        <time>2026-05-12T16:53:50Z</time>
      </trkpt>
      <trkpt lat="33.59973" lon="-117.76651">
        <ele>113.0</ele>
        <time>2026-05-12T16:53:53Z</time>
      </trkpt>
      <trkpt lat="33.59972" lon="-117.76648">
        <ele>112.96</ele>
        <time>2026-05-12T16:53:56Z</time>
      </trkpt>
      <trkpt lat="33.59971" lon="-117.76644">
        <ele>112.48</ele>
        <time>2026-05-12T16:53:59Z</time>
      </trkpt>
      <trkpt lat="33.59969" lon="-117.76641">
        <ele>112.15</ele>
        <time>2026-05-12T16:54:02Z</time>
      </trkpt>
      <trkpt lat="33.59967" lon="-117.76638">
        <ele>112.0</ele>
        <time>2026-05-12T16:54:05Z</time>
      </trkpt>
      <trkpt lat="33.59965" lon="-117.76634">
        <ele>112.0</ele>
        <time>2026-05-12T16:54:08Z</time>
      </trkpt>
      <trkpt lat="33.59963" lon="-117.76631">
        <ele>112.0</ele>
        <time>2026-05-12T16:54:11Z</time>
      </trkpt>
      <trkpt lat="33.59962" lon="-117.76628">
        <ele>112.0</ele>
        <time>2026-05-12T16:54:13Z</time>
      </trkpt>
      <trkpt lat="33.59961" lon="-117.76625">
        <ele>112.0</ele>
        <time>2026-05-12T16:54:15Z</time>
      </trkpt>
      <trkpt lat="33.59959" lon="-117.76621">
        <ele>112.0</ele>
        <time>2026-05-12T16:54:18Z</time>
      </trkpt>
      <trkpt lat="33.59957" lon="-117.76617">
        <ele>112.0</ele>
        <time>2026-05-12T16:54:21Z</time>
      </trkpt>
      <trkpt lat="33.59955" lon="-117.76613">
        <ele>112.0</ele>
        <time>2026-05-12T16:54:24Z</time>
      </trkpt>
      <trkpt lat="33.59953" lon="-117.7661">
        <ele>111.92</ele>
        <time>2026-05-12T16:54:27Z</time>
      </trkpt>
      <trkpt lat="33.59952" lon="-117.76607">
        <ele>111.82</ele>
        <time>2026-05-12T16:54:30Z</time>
      </trkpt>
      <trkpt lat="33.5995" lon="-117.76603">
        <ele>111.6</ele>
        <time>2026-05-12T16:54:33Z</time>
      </trkpt>
      <trkpt lat="33.5995" lon="-117.766">
        <ele>111.48</ele>
        <time>2026-05-12T16:54:36Z</time>
      </trkpt>
      <trkpt lat="33.59949" lon="-117.76596">
        <ele>111.18</ele>
        <time>2026-05-12T16:54:39Z</time>
      </trkpt>
      <trkpt lat="33.59947" lon="-117.76593">
        <ele>111.01</ele>
        <time>2026-05-12T16:54:42Z</time>
      </trkpt>
      <trkpt lat="33.59945" lon="-117.76589">
        <ele>111.02</ele>
        <time>2026-05-12T16:54:45Z</time>
      </trkpt>
      <trkpt lat="33.59944" lon="-117.76586">
        <ele>111.0</ele>
        <time>2026-05-12T16:54:48Z</time>
      </trkpt>
      <trkpt lat="33.59942" lon="-117.76582">
        <ele>110.86</ele>
        <time>2026-05-12T16:54:51Z</time>
      </trkpt>
      <trkpt lat="33.59941" lon="-117.76578">
        <ele>110.42</ele>
        <time>2026-05-12T16:54:54Z</time>
      </trkpt>
      <trkpt lat="33.59939" lon="-117.76574">
        <ele>110.0</ele>
        <time>2026-05-12T16:54:57Z</time>
      </trkpt>
      <trkpt lat="33.59938" lon="-117.76571">
        <ele>110.1</ele>
        <time>2026-05-12T16:55:00Z</time>
      </trkpt>
      <trkpt lat="33.59936" lon="-117.76567">
        <ele>110.07</ele>
        <time>2026-05-12T16:55:03Z</time>
      </trkpt>
      <trkpt lat="33.59934" lon="-117.76564">
        <ele>110.0</ele>
        <time>2026-05-12T16:55:06Z</time>
      </trkpt>
      <trkpt lat="33.59932" lon="-117.76561">
        <ele>110.0</ele>
        <time>2026-05-12T16:55:09Z</time>
      </trkpt>
      <trkpt lat="33.59929" lon="-117.76558">
        <ele>110.0</ele>
        <time>2026-05-12T16:55:12Z</time>
      </trkpt>
      <trkpt lat="33.59927" lon="-117.76555">
        <ele>110.0</ele>
        <time>2026-05-12T16:55:15Z</time>
      </trkpt>
      <trkpt lat="33.59928" lon="-117.76559">
        <ele>110.0</ele>
        <time>2026-05-12T16:55:20Z</time>
      </trkpt>
      <trkpt lat="33.59928" lon="-117.76563">
        <ele>110.0</ele>
        <time>2026-05-12T16:55:24Z</time>
      </trkpt>
      <trkpt lat="33.59926" lon="-117.7656">
        <ele>110.0</ele>
        <time>2026-05-12T16:55:28Z</time>
      </trkpt>
      <trkpt lat="33.59924" lon="-117.76556">
        <ele>110.0</ele>
        <time>2026-05-12T16:55:31Z</time>
      </trkpt>
      <trkpt lat="33.59922" lon="-117.76552">
        <ele>109.84</ele>
        <time>2026-05-12T16:55:34Z</time>
      </trkpt>
      <trkpt lat="33.59919" lon="-117.76549">
        <ele>109.47</ele>
        <time>2026-05-12T16:55:37Z</time>
      </trkpt>
      <trkpt lat="33.59917" lon="-117.76545">
        <ele>109.03</ele>
        <time>2026-05-12T16:55:40Z</time>
      </trkpt>
      <trkpt lat="33.59915" lon="-117.76542">
        <ele>109.0</ele>
        <time>2026-05-12T16:55:43Z</time>
      </trkpt>
      <trkpt lat="33.59913" lon="-117.76538">
        <ele>109.0</ele>
        <time>2026-05-12T16:55:46Z</time>
      </trkpt>
      <trkpt lat="33.59911" lon="-117.76535">
        <ele>109.0</ele>
        <time>2026-05-12T16:55:49Z</time>
      </trkpt>
      <trkpt lat="33.59909" lon="-117.76531">
        <ele>109.0</ele>
        <time>2026-05-12T16:55:52Z</time>
      </trkpt>
      <trkpt lat="33.59908" lon="-117.76528">
        <ele>109.0</ele>
        <time>2026-05-12T16:55:55Z</time>
      </trkpt>
      <trkpt lat="33.59906" lon="-117.76524">
        <ele>108.85</ele>
        <time>2026-05-12T16:55:58Z</time>
      </trkpt>
      <trkpt lat="33.59904" lon="-117.7652">
        <ele>108.63</ele>
        <time>2026-05-12T16:56:01Z</time>
      </trkpt>
      <trkpt lat="33.59902" lon="-117.76517">
        <ele>108.42</ele>
        <time>2026-05-12T16:56:04Z</time>
      </trkpt>
      <trkpt lat="33.599" lon="-117.76513">
        <ele>108.2</ele>
        <time>2026-05-12T16:56:07Z</time>
      </trkpt>
      <trkpt lat="33.59899" lon="-117.76509">
        <ele>108.09</ele>
        <time>2026-05-12T16:56:10Z</time>
      </trkpt>
      <trkpt lat="33.59897" lon="-117.76505">
        <ele>108.0</ele>
        <time>2026-05-12T16:56:13Z</time>
      </trkpt>
      <trkpt lat="33.59895" lon="-117.76501">
        <ele>108.0</ele>
        <time>2026-05-12T16:56:16Z</time>
      </trkpt>
      <trkpt lat="33.59893" lon="-117.76497">
        <ele>108.0</ele>
        <time>2026-05-12T16:56:19Z</time>
      </trkpt>
      <trkpt lat="33.59892" lon="-117.76493">
        <ele>108.0</ele>
        <time>2026-05-12T16:56:22Z</time>
      </trkpt>
      <trkpt lat="33.5989" lon="-117.7649">
        <ele>108.0</ele>
        <time>2026-05-12T16:56:25Z</time>
      </trkpt>
      <trkpt lat="33.59889" lon="-117.76486">
        <ele>108.0</ele>
        <time>2026-05-12T16:56:28Z</time>
      </trkpt>
      <trkpt lat="33.59887" lon="-117.76482">
        <ele>107.8</ele>
        <time>2026-05-12T16:56:31Z</time>
      </trkpt>
      <trkpt lat="33.59885" lon="-117.76478">
        <ele>107.36</ele>
        <time>2026-05-12T16:56:34Z</time>
      </trkpt>
      <trkpt lat="33.59884" lon="-117.76474">
        <ele>107.09</ele>
        <time>2026-05-12T16:56:37Z</time>
      </trkpt>
      <trkpt lat="33.59882" lon="-117.7647">
        <ele>107.0</ele>
        <time>2026-05-12T16:56:40Z</time>
      </trkpt>
      <trkpt lat="33.59881" lon="-117.76467">
        <ele>107.0</ele>
        <time>2026-05-12T16:56:43Z</time>
      </trkpt>
      <trkpt lat="33.59882" lon="-117.76463">
        <ele>107.0</ele>
        <time>2026-05-12T16:56:46Z</time>
      </trkpt>
      <trkpt lat="33.59884" lon="-117.76459">
        <ele>106.6</ele>
        <time>2026-05-12T16:56:49Z</time>
      </trkpt>
      <trkpt lat="33.59884" lon="-117.76455">
        <ele>106.19</ele>
        <time>2026-05-12T16:56:52Z</time>
      </trkpt>
      <trkpt lat="33.59884" lon="-117.76451">
        <ele>106.18</ele>
        <time>2026-05-12T16:56:55Z</time>
      </trkpt>
      <trkpt lat="33.59885" lon="-117.76447">
        <ele>106.38</ele>
        <time>2026-05-12T16:56:58Z</time>
      </trkpt>
      <trkpt lat="33.59887" lon="-117.76445">
        <ele>106.71</ele>
        <time>2026-05-12T16:57:00Z</time>
      </trkpt>
      <trkpt lat="33.59889" lon="-117.76443">
        <ele>106.95</ele>
        <time>2026-05-12T16:57:02Z</time>
      </trkpt>
      <trkpt lat="33.5989" lon="-117.76439">
        <ele>106.52</ele>
        <time>2026-05-12T16:57:05Z</time>
      </trkpt>
      <trkpt lat="33.59891" lon="-117.76436">
        <ele>106.09</ele>
        <time>2026-05-12T16:57:08Z</time>
      </trkpt>
      <trkpt lat="33.59892" lon="-117.76432">
        <ele>104.97</ele>
        <time>2026-05-12T16:57:11Z</time>
      </trkpt>
      <trkpt lat="33.59894" lon="-117.76428">
        <ele>103.75</ele>
        <time>2026-05-12T16:57:14Z</time>
      </trkpt>
      <trkpt lat="33.59896" lon="-117.76425">
        <ele>103.19</ele>
        <time>2026-05-12T16:57:17Z</time>
      </trkpt>
      <trkpt lat="33.59897" lon="-117.76422">
        <ele>103.02</ele>
        <time>2026-05-12T16:57:20Z</time>
      </trkpt>
      <trkpt lat="33.59899" lon="-117.76425">
        <ele>103.18</ele>
        <time>2026-05-12T16:57:27Z</time>
      </trkpt>
      <trkpt lat="33.59898" lon="-117.76427">
        <ele>103.02</ele>
        <time>2026-05-12T16:57:34Z</time>
      </trkpt>
      <trkpt lat="33.59897" lon="-117.7643">
        <ele>103.29</ele>
        <time>2026-05-12T16:57:55Z</time>
      </trkpt>
      <trkpt lat="33.59898" lon="-117.76427">
        <ele>103.02</ele>
        <time>2026-05-12T16:58:25Z</time>
      </trkpt>
      <trkpt lat="33.59899" lon="-117.76422">
        <ele>103.18</ele>
        <time>2026-05-12T17:03:50Z</time>
      </trkpt>
      <trkpt lat="33.59899" lon="-117.76415">
        <ele>103.67</ele>
        <time>2026-05-12T17:03:52Z</time>
      </trkpt>
      <trkpt lat="33.59899" lon="-117.7641">
        <ele>105.15</ele>
        <time>2026-05-12T17:03:54Z</time>
      </trkpt>
      <trkpt lat="33.599" lon="-117.76405">
        <ele>105.9</ele>
        <time>2026-05-12T17:03:57Z</time>
      </trkpt>
      <trkpt lat="33.599" lon="-117.76401">
        <ele>106.08</ele>
        <time>2026-05-12T17:04:00Z</time>
      </trkpt>
      <trkpt lat="33.59901" lon="-117.76398">
        <ele>106.3</ele>
        <time>2026-05-12T17:04:03Z</time>
      </trkpt>
      <trkpt lat="33.59904" lon="-117.76396">
        <ele>106.49</ele>
        <time>2026-05-12T17:04:05Z</time>
      </trkpt>
      <trkpt lat="33.59906" lon="-117.76393">
        <ele>106.38</ele>
        <time>2026-05-12T17:04:07Z</time>
      </trkpt>
      <trkpt lat="33.59909" lon="-117.7639">
        <ele>106.29</ele>
        <time>2026-05-12T17:04:10Z</time>
      </trkpt>
      <trkpt lat="33.59911" lon="-117.76387">
        <ele>106.31</ele>
        <time>2026-05-12T17:04:13Z</time>
      </trkpt>
      <trkpt lat="33.59913" lon="-117.76385">
        <ele>106.35</ele>
        <time>2026-05-12T17:04:16Z</time>
      </trkpt>
      <trkpt lat="33.59916" lon="-117.76386">
        <ele>106.64</ele>
        <time>2026-05-12T17:04:20Z</time>
      </trkpt>
      <trkpt lat="33.59918" lon="-117.76388">
        <ele>107.03</ele>
        <time>2026-05-12T17:04:23Z</time>
      </trkpt>
      <trkpt lat="33.59921" lon="-117.7639">
        <ele>107.59</ele>
        <time>2026-05-12T17:04:26Z</time>
      </trkpt>
      <trkpt lat="33.59924" lon="-117.76392">
        <ele>108.13</ele>
        <time>2026-05-12T17:04:29Z</time>
      </trkpt>
      <trkpt lat="33.59926" lon="-117.76394">
        <ele>108.56</ele>
        <time>2026-05-12T17:04:33Z</time>
      </trkpt>
      <trkpt lat="33.59928" lon="-117.76396">
        <ele>108.94</ele>
        <time>2026-05-12T17:04:36Z</time>
      </trkpt>
      <trkpt lat="33.59931" lon="-117.764">
        <ele>109.75</ele>
        <time>2026-05-12T17:04:40Z</time>
      </trkpt>
      <trkpt lat="33.59933" lon="-117.76403">
        <ele>110.29</ele>
        <time>2026-05-12T17:04:44Z</time>
      </trkpt>
      <trkpt lat="33.59935" lon="-117.76406">
        <ele>110.83</ele>
        <time>2026-05-12T17:04:48Z</time>
      </trkpt>
      <trkpt lat="33.59935" lon="-117.76409">
        <ele>110.98</ele>
        <time>2026-05-12T17:04:51Z</time>
      </trkpt>
      <trkpt lat="33.59936" lon="-117.76413">
        <ele>111.18</ele>
        <time>2026-05-12T17:04:54Z</time>
      </trkpt>
      <trkpt lat="33.59937" lon="-117.76417">
        <ele>111.36</ele>
        <time>2026-05-12T17:04:57Z</time>
      </trkpt>
      <trkpt lat="33.59938" lon="-117.7642">
        <ele>111.36</ele>
        <time>2026-05-12T17:05:00Z</time>
      </trkpt>
      <trkpt lat="33.5994" lon="-117.76422">
        <ele>111.76</ele>
        <time>2026-05-12T17:05:03Z</time>
      </trkpt>
      <trkpt lat="33.59942" lon="-117.76424">
        <ele>112.26</ele>
        <time>2026-05-12T17:05:06Z</time>
      </trkpt>
      <trkpt lat="33.59944" lon="-117.76427">
        <ele>112.74</ele>
        <time>2026-05-12T17:05:09Z</time>
      </trkpt>
      <trkpt lat="33.59946" lon="-117.7643">
        <ele>112.8</ele>
        <time>2026-05-12T17:05:12Z</time>
      </trkpt>
      <trkpt lat="33.59948" lon="-117.76433">
        <ele>112.91</ele>
        <time>2026-05-12T17:05:15Z</time>
      </trkpt>
      <trkpt lat="33.5995" lon="-117.76435">
        <ele>113.21</ele>
        <time>2026-05-12T17:05:18Z</time>
      </trkpt>
      <trkpt lat="33.59952" lon="-117.76438">
        <ele>113.58</ele>
        <time>2026-05-12T17:05:21Z</time>
      </trkpt>
      <trkpt lat="33.59954" lon="-117.7644">
        <ele>114.06</ele>
        <time>2026-05-12T17:05:24Z</time>
      </trkpt>
      <trkpt lat="33.59956" lon="-117.76443">
        <ele>114.5</ele>
        <time>2026-05-12T17:05:27Z</time>
      </trkpt>
      <trkpt lat="33.59958" lon="-117.76445">
        <ele>114.96</ele>
        <time>2026-05-12T17:05:30Z</time>
      </trkpt>
      <trkpt lat="33.5996" lon="-117.76448">
        <ele>115.62</ele>
        <time>2026-05-12T17:05:33Z</time>
      </trkpt>
      <trkpt lat="33.59963" lon="-117.7645">
        <ele>116.6</ele>
        <time>2026-05-12T17:05:36Z</time>
      </trkpt>
      <trkpt lat="33.59965" lon="-117.76452">
        <ele>117.04</ele>
        <time>2026-05-12T17:05:39Z</time>
      </trkpt>
      <trkpt lat="33.59969" lon="-117.76454">
        <ele>117.67</ele>
        <time>2026-05-12T17:05:42Z</time>
      </trkpt>
      <trkpt lat="33.59971" lon="-117.76455">
        <ele>117.99</ele>
        <time>2026-05-12T17:05:45Z</time>
      </trkpt>
      <trkpt lat="33.59973" lon="-117.76458">
        <ele>118.46</ele>
        <time>2026-05-12T17:05:48Z</time>
      </trkpt>
      <trkpt lat="33.59974" lon="-117.76461">
        <ele>118.79</ele>
        <time>2026-05-12T17:05:51Z</time>
      </trkpt>
      <trkpt lat="33.59975" lon="-117.76465">
        <ele>119.13</ele>
        <time>2026-05-12T17:05:55Z</time>
      </trkpt>
      <trkpt lat="33.59977" lon="-117.76469">
        <ele>119.67</ele>
        <time>2026-05-12T17:05:59Z</time>
      </trkpt>
      <trkpt lat="33.59978" lon="-117.76471">
        <ele>120.08</ele>
        <time>2026-05-12T17:06:02Z</time>
      </trkpt>
      <trkpt lat="33.5998" lon="-117.76474">
        <ele>120.87</ele>
        <time>2026-05-12T17:06:05Z</time>
      </trkpt>
      <trkpt lat="33.59982" lon="-117.76478">
        <ele>121.62</ele>
        <time>2026-05-12T17:06:08Z</time>
      </trkpt>
      <trkpt lat="33.59983" lon="-117.76481">
        <ele>121.95</ele>
        <time>2026-05-12T17:06:11Z</time>
      </trkpt>
      <trkpt lat="33.59984" lon="-117.76484">
        <ele>121.88</ele>
        <time>2026-05-12T17:06:14Z</time>
      </trkpt>
      <trkpt lat="33.59986" lon="-117.76487">
        <ele>121.99</ele>
        <time>2026-05-12T17:06:17Z</time>
      </trkpt>
      <trkpt lat="33.59987" lon="-117.7649">
        <ele>122.18</ele>
        <time>2026-05-12T17:06:20Z</time>
      </trkpt>
      <trkpt lat="33.59988" lon="-117.76493">
        <ele>122.09</ele>
        <time>2026-05-12T17:06:23Z</time>
      </trkpt>
      <trkpt lat="33.59991" lon="-117.76495">
        <ele>122.57</ele>
        <time>2026-05-12T17:06:27Z</time>
      </trkpt>
      <trkpt lat="33.59994" lon="-117.76493">
        <ele>122.93</ele>
        <time>2026-05-12T17:06:29Z</time>
      </trkpt>
      <trkpt lat="33.59997" lon="-117.76491">
        <ele>123.01</ele>
        <time>2026-05-12T17:06:31Z</time>
      </trkpt>
      <trkpt lat="33.6" lon="-117.76491">
        <ele>123.03</ele>
        <time>2026-05-12T17:06:34Z</time>
      </trkpt>
      <trkpt lat="33.60004" lon="-117.7649">
        <ele>122.89</ele>
        <time>2026-05-12T17:06:37Z</time>
      </trkpt>
      <trkpt lat="33.60008" lon="-117.7649">
        <ele>122.85</ele>
        <time>2026-05-12T17:06:40Z</time>
      </trkpt>
      <trkpt lat="33.6001" lon="-117.76489">
        <ele>122.7</ele>
        <time>2026-05-12T17:06:42Z</time>
      </trkpt>
      <trkpt lat="33.60013" lon="-117.76488">
        <ele>122.81</ele>
        <time>2026-05-12T17:06:44Z</time>
      </trkpt>
      <trkpt lat="33.60016" lon="-117.76487">
        <ele>122.92</ele>
        <time>2026-05-12T17:06:46Z</time>
      </trkpt>
      <trkpt lat="33.60018" lon="-117.76486">
        <ele>122.92</ele>
        <time>2026-05-12T17:06:48Z</time>
      </trkpt>
      <trkpt lat="33.60022" lon="-117.76485">
        <ele>123.14</ele>
        <time>2026-05-12T17:06:51Z</time>
      </trkpt>
      <trkpt lat="33.60026" lon="-117.76484">
        <ele>123.35</ele>
        <time>2026-05-12T17:06:54Z</time>
      </trkpt>
      <trkpt lat="33.60029" lon="-117.76483">
        <ele>123.46</ele>
        <time>2026-05-12T17:06:57Z</time>
      </trkpt>
      <trkpt lat="33.60032" lon="-117.76482">
        <ele>123.57</ele>
        <time>2026-05-12T17:07:01Z</time>
      </trkpt>
      <trkpt lat="33.60035" lon="-117.76481">
        <ele>123.73</ele>
        <time>2026-05-12T17:07:06Z</time>
      </trkpt>
      <trkpt lat="33.60038" lon="-117.76479">
        <ele>123.91</ele>
        <time>2026-05-12T17:07:09Z</time>
      </trkpt>
      <trkpt lat="33.6004" lon="-117.76478">
        <ele>124.14</ele>
        <time>2026-05-12T17:07:12Z</time>
      </trkpt>
      <trkpt lat="33.60043" lon="-117.76477">
        <ele>124.49</ele>
        <time>2026-05-12T17:07:15Z</time>
      </trkpt>
      <trkpt lat="33.60046" lon="-117.76476">
        <ele>124.77</ele>
        <time>2026-05-12T17:07:18Z</time>
      </trkpt>
      <trkpt lat="33.60049" lon="-117.76476">
        <ele>124.99</ele>
        <time>2026-05-12T17:07:21Z</time>
      </trkpt>
      <trkpt lat="33.60052" lon="-117.76479">
        <ele>125.63</ele>
        <time>2026-05-12T17:07:24Z</time>
      </trkpt>
      <trkpt lat="33.60053" lon="-117.76482">
        <ele>126.15</ele>
        <time>2026-05-12T17:07:27Z</time>
      </trkpt>
      <trkpt lat="33.60049" lon="-117.76485">
        <ele>126.87</ele>
        <time>2026-05-12T17:07:30Z</time>
      </trkpt>
      <trkpt lat="33.60046" lon="-117.76486">
        <ele>126.91</ele>
        <time>2026-05-12T17:07:31Z</time>
      </trkpt>
      <trkpt lat="33.60043" lon="-117.76486">
        <ele>126.26</ele>
        <time>2026-05-12T17:07:32Z</time>
      </trkpt>
      <trkpt lat="33.6004" lon="-117.76488">
        <ele>126.05</ele>
        <time>2026-05-12T17:07:34Z</time>
      </trkpt>
      <trkpt lat="33.60038" lon="-117.7649">
        <ele>126.05</ele>
        <time>2026-05-12T17:07:37Z</time>
      </trkpt>
      <trkpt lat="33.60036" lon="-117.76493">
        <ele>126.38</ele>
        <time>2026-05-12T17:07:41Z</time>
      </trkpt>
      <trkpt lat="33.60034" lon="-117.76496">
        <ele>126.81</ele>
        <time>2026-05-12T17:07:44Z</time>
      </trkpt>
      <trkpt lat="33.60032" lon="-117.76498">
        <ele>127.02</ele>
        <time>2026-05-12T17:07:47Z</time>
      </trkpt>
      <trkpt lat="33.6003" lon="-117.76501">
        <ele>127.46</ele>
        <time>2026-05-12T17:07:50Z</time>
      </trkpt>
      <trkpt lat="33.60027" lon="-117.76503">
        <ele>127.56</ele>
        <time>2026-05-12T17:07:53Z</time>
      </trkpt>
      <trkpt lat="33.60025" lon="-117.76505">
        <ele>127.78</ele>
        <time>2026-05-12T17:07:56Z</time>
      </trkpt>
      <trkpt lat="33.60023" lon="-117.76508">
        <ele>128.21</ele>
        <time>2026-05-12T17:07:59Z</time>
      </trkpt>
      <trkpt lat="33.60022" lon="-117.76511">
        <ele>128.75</ele>
        <time>2026-05-12T17:08:03Z</time>
      </trkpt>
      <trkpt lat="33.60023" lon="-117.76514">
        <ele>129.51</ele>
        <time>2026-05-12T17:08:07Z</time>
      </trkpt>
      <trkpt lat="33.60026" lon="-117.76517">
        <ele>130.48</ele>
        <time>2026-05-12T17:08:11Z</time>
      </trkpt>
      <trkpt lat="33.60029" lon="-117.76518">
        <ele>131.02</ele>
        <time>2026-05-12T17:08:14Z</time>
      </trkpt>
      <trkpt lat="33.60031" lon="-117.76518">
        <ele>131.24</ele>
        <time>2026-05-12T17:08:17Z</time>
      </trkpt>
      <trkpt lat="33.60034" lon="-117.76519">
        <ele>131.81</ele>
        <time>2026-05-12T17:08:21Z</time>
      </trkpt>
      <trkpt lat="33.60037" lon="-117.76519">
        <ele>132.15</ele>
        <time>2026-05-12T17:08:25Z</time>
      </trkpt>
      <trkpt lat="33.6004" lon="-117.7652">
        <ele>133.07</ele>
        <time>2026-05-12T17:08:29Z</time>
      </trkpt>
      <trkpt lat="33.60044" lon="-117.76521">
        <ele>134.11</ele>
        <time>2026-05-12T17:08:33Z</time>
      </trkpt>
      <trkpt lat="33.60047" lon="-117.76522">
        <ele>134.8</ele>
        <time>2026-05-12T17:08:37Z</time>
      </trkpt>
      <trkpt lat="33.6005" lon="-117.76524">
        <ele>135.35</ele>
        <time>2026-05-12T17:08:41Z</time>
      </trkpt>
      <trkpt lat="33.60052" lon="-117.76525">
        <ele>135.58</ele>
        <time>2026-05-12T17:08:44Z</time>
      </trkpt>
      <trkpt lat="33.60054" lon="-117.76529">
        <ele>136.13</ele>
        <time>2026-05-12T17:08:48Z</time>
      </trkpt>
      <trkpt lat="33.60055" lon="-117.76533">
        <ele>136.56</ele>
        <time>2026-05-12T17:08:51Z</time>
      </trkpt>
      <trkpt lat="33.60054" lon="-117.76537">
        <ele>137.0</ele>
        <time>2026-05-12T17:08:55Z</time>
      </trkpt>
      <trkpt lat="33.60053" lon="-117.7654">
        <ele>137.64</ele>
        <time>2026-05-12T17:08:58Z</time>
      </trkpt>
      <trkpt lat="33.60052" lon="-117.76544">
        <ele>138.5</ele>
        <time>2026-05-12T17:09:02Z</time>
      </trkpt>
      <trkpt lat="33.60051" lon="-117.76548">
        <ele>139.19</ele>
        <time>2026-05-12T17:09:06Z</time>
      </trkpt>
      <trkpt lat="33.60051" lon="-117.76552">
        <ele>139.63</ele>
        <time>2026-05-12T17:09:10Z</time>
      </trkpt>
      <trkpt lat="33.60051" lon="-117.76555">
        <ele>139.96</ele>
        <time>2026-05-12T17:09:14Z</time>
      </trkpt>
      <trkpt lat="33.60052" lon="-117.76559">
        <ele>140.46</ele>
        <time>2026-05-12T17:09:18Z</time>
      </trkpt>
      <trkpt lat="33.60053" lon="-117.76563">
        <ele>141.03</ele>
        <time>2026-05-12T17:09:22Z</time>
      </trkpt>
      <trkpt lat="33.60055" lon="-117.76565">
        <ele>141.84</ele>
        <time>2026-05-12T17:09:25Z</time>
      </trkpt>
      <trkpt lat="33.60057" lon="-117.76569">
        <ele>142.52</ele>
        <time>2026-05-12T17:09:29Z</time>
      </trkpt>
      <trkpt lat="33.60058" lon="-117.76572">
        <ele>142.98</ele>
        <time>2026-05-12T17:09:33Z</time>
      </trkpt>
      <trkpt lat="33.6006" lon="-117.76575">
        <ele>143.58</ele>
        <time>2026-05-12T17:09:37Z</time>
      </trkpt>
      <trkpt lat="33.60062" lon="-117.76579">
        <ele>144.44</ele>
        <time>2026-05-12T17:09:41Z</time>
      </trkpt>
      <trkpt lat="33.60063" lon="-117.76582">
        <ele>145.18</ele>
        <time>2026-05-12T17:09:45Z</time>
      </trkpt>
      <trkpt lat="33.60065" lon="-117.76586">
        <ele>146.01</ele>
        <time>2026-05-12T17:09:49Z</time>
      </trkpt>
      <trkpt lat="33.60067" lon="-117.76589">
        <ele>146.29</ele>
        <time>2026-05-12T17:09:53Z</time>
      </trkpt>
      <trkpt lat="33.60068" lon="-117.76592">
        <ele>146.64</ele>
        <time>2026-05-12T17:09:57Z</time>
      </trkpt>
      <trkpt lat="33.6007" lon="-117.76596">
        <ele>147.12</ele>
        <time>2026-05-12T17:10:01Z</time>
      </trkpt>
      <trkpt lat="33.60071" lon="-117.76599">
        <ele>147.34</ele>
        <time>2026-05-12T17:10:05Z</time>
      </trkpt>
      <trkpt lat="33.60075" lon="-117.76599">
        <ele>147.98</ele>
        <time>2026-05-12T17:10:09Z</time>
      </trkpt>
      <trkpt lat="33.60078" lon="-117.76599">
        <ele>147.9</ele>
        <time>2026-05-12T17:10:12Z</time>
      </trkpt>
      <trkpt lat="33.6008" lon="-117.76601">
        <ele>148.4</ele>
        <time>2026-05-12T17:10:15Z</time>
      </trkpt>
      <trkpt lat="33.60083" lon="-117.76603">
        <ele>148.84</ele>
        <time>2026-05-12T17:10:18Z</time>
      </trkpt>
      <trkpt lat="33.60085" lon="-117.76605">
        <ele>148.48</ele>
        <time>2026-05-12T17:10:21Z</time>
      </trkpt>
      <trkpt lat="33.60088" lon="-117.76606">
        <ele>148.05</ele>
        <time>2026-05-12T17:10:24Z</time>
      </trkpt>
      <trkpt lat="33.60091" lon="-117.76606">
        <ele>147.72</ele>
        <time>2026-05-12T17:10:27Z</time>
      </trkpt>
      <trkpt lat="33.60094" lon="-117.76606">
        <ele>147.47</ele>
        <time>2026-05-12T17:10:30Z</time>
      </trkpt>
      <trkpt lat="33.60097" lon="-117.76606">
        <ele>147.29</ele>
        <time>2026-05-12T17:10:33Z</time>
      </trkpt>
      <trkpt lat="33.601" lon="-117.76607">
        <ele>147.09</ele>
        <time>2026-05-12T17:10:36Z</time>
      </trkpt>
      <trkpt lat="33.60104" lon="-117.76608">
        <ele>147.15</ele>
        <time>2026-05-12T17:10:39Z</time>
      </trkpt>
      <trkpt lat="33.60107" lon="-117.76609">
        <ele>147.43</ele>
        <time>2026-05-12T17:10:42Z</time>
      </trkpt>
      <trkpt lat="33.60111" lon="-117.7661">
        <ele>147.87</ele>
        <time>2026-05-12T17:10:45Z</time>
      </trkpt>
      <trkpt lat="33.60115" lon="-117.76611">
        <ele>147.98</ele>
        <time>2026-05-12T17:10:48Z</time>
      </trkpt>
      <trkpt lat="33.60118" lon="-117.76611">
        <ele>147.98</ele>
        <time>2026-05-12T17:10:51Z</time>
      </trkpt>
      <trkpt lat="33.60122" lon="-117.76612">
        <ele>148.0</ele>
        <time>2026-05-12T17:10:54Z</time>
      </trkpt>
      <trkpt lat="33.60125" lon="-117.76613">
        <ele>148.19</ele>
        <time>2026-05-12T17:10:57Z</time>
      </trkpt>
      <trkpt lat="33.60129" lon="-117.76614">
        <ele>148.6</ele>
        <time>2026-05-12T17:11:00Z</time>
      </trkpt>
      <trkpt lat="33.60132" lon="-117.76615">
        <ele>148.8</ele>
        <time>2026-05-12T17:11:03Z</time>
      </trkpt>
      <trkpt lat="33.60135" lon="-117.76616">
        <ele>149.08</ele>
        <time>2026-05-12T17:11:06Z</time>
      </trkpt>
      <trkpt lat="33.60138" lon="-117.76617">
        <ele>149.51</ele>
        <time>2026-05-12T17:11:10Z</time>
      </trkpt>
      <trkpt lat="33.60141" lon="-117.76618">
        <ele>149.97</ele>
        <time>2026-05-12T17:11:13Z</time>
      </trkpt>
      <trkpt lat="33.60144" lon="-117.76619">
        <ele>150.4</ele>
        <time>2026-05-12T17:11:16Z</time>
      </trkpt>
      <trkpt lat="33.60146" lon="-117.7662">
        <ele>150.73</ele>
        <time>2026-05-12T17:11:19Z</time>
      </trkpt>
      <trkpt lat="33.6015" lon="-117.76621">
        <ele>151.2</ele>
        <time>2026-05-12T17:11:23Z</time>
      </trkpt>
      <trkpt lat="33.60153" lon="-117.76622">
        <ele>151.52</ele>
        <time>2026-05-12T17:11:27Z</time>
      </trkpt>
      <trkpt lat="33.60156" lon="-117.76623">
        <ele>151.85</ele>
        <time>2026-05-12T17:11:31Z</time>
      </trkpt>
      <trkpt lat="33.6016" lon="-117.76624">
        <ele>152.45</ele>
        <time>2026-05-12T17:11:35Z</time>
      </trkpt>
      <trkpt lat="33.60163" lon="-117.76624">
        <ele>152.97</ele>
        <time>2026-05-12T17:11:39Z</time>
      </trkpt>
      <trkpt lat="33.60167" lon="-117.76625">
        <ele>153.48</ele>
        <time>2026-05-12T17:11:43Z</time>
      </trkpt>
      <trkpt lat="33.6017" lon="-117.76626">
        <ele>153.17</ele>
        <time>2026-05-12T17:11:46Z</time>
      </trkpt>
      <trkpt lat="33.60172" lon="-117.76626">
        <ele>153.04</ele>
        <time>2026-05-12T17:11:49Z</time>
      </trkpt>
      <trkpt lat="33.60175" lon="-117.76625">
        <ele>153.05</ele>
        <time>2026-05-12T17:11:52Z</time>
      </trkpt>
      <trkpt lat="33.60178" lon="-117.76622">
        <ele>153.57</ele>
        <time>2026-05-12T17:11:55Z</time>
      </trkpt>
      <trkpt lat="33.60181" lon="-117.76618">
        <ele>154.14</ele>
        <time>2026-05-12T17:11:58Z</time>
      </trkpt>
      <trkpt lat="33.60183" lon="-117.76617">
        <ele>154.28</ele>
        <time>2026-05-12T17:12:01Z</time>
      </trkpt>
      <trkpt lat="33.60186" lon="-117.76614">
        <ele>154.75</ele>
        <time>2026-05-12T17:12:04Z</time>
      </trkpt>
      <trkpt lat="33.60188" lon="-117.76612">
        <ele>155.18</ele>
        <time>2026-05-12T17:12:07Z</time>
      </trkpt>
      <trkpt lat="33.60191" lon="-117.7661">
        <ele>155.46</ele>
        <time>2026-05-12T17:12:10Z</time>
      </trkpt>
      <trkpt lat="33.60194" lon="-117.76609">
        <ele>155.71</ele>
        <time>2026-05-12T17:12:13Z</time>
      </trkpt>
      <trkpt lat="33.60196" lon="-117.76608">
        <ele>155.94</ele>
        <time>2026-05-12T17:12:16Z</time>
      </trkpt>
      <trkpt lat="33.602" lon="-117.76607">
        <ele>156.69</ele>
        <time>2026-05-12T17:12:20Z</time>
      </trkpt>
      <trkpt lat="33.60203" lon="-117.76607">
        <ele>157.3</ele>
        <time>2026-05-12T17:12:23Z</time>
      </trkpt>
      <trkpt lat="33.60206" lon="-117.76607">
        <ele>157.94</ele>
        <time>2026-05-12T17:12:27Z</time>
      </trkpt>
      <trkpt lat="33.60209" lon="-117.76609">
        <ele>158.37</ele>
        <time>2026-05-12T17:12:30Z</time>
      </trkpt>
      <trkpt lat="33.60211" lon="-117.76612">
        <ele>158.38</ele>
        <time>2026-05-12T17:12:32Z</time>
      </trkpt>
      <trkpt lat="33.60212" lon="-117.76614">
        <ele>158.17</ele>
        <time>2026-05-12T17:12:34Z</time>
      </trkpt>
      <trkpt lat="33.60215" lon="-117.76617">
        <ele>157.87</ele>
        <time>2026-05-12T17:12:37Z</time>
      </trkpt>
      <trkpt lat="33.60218" lon="-117.76618">
        <ele>157.92</ele>
        <time>2026-05-12T17:12:40Z</time>
      </trkpt>
      <trkpt lat="33.60221" lon="-117.76619">
        <ele>158.04</ele>
        <time>2026-05-12T17:12:43Z</time>
      </trkpt>
      <trkpt lat="33.60223" lon="-117.76621">
        <ele>158.0</ele>
        <time>2026-05-12T17:12:47Z</time>
      </trkpt>
      <trkpt lat="33.60223" lon="-117.76626">
        <ele>158.0</ele>
        <time>2026-05-12T17:12:50Z</time>
      </trkpt>
      <trkpt lat="33.60222" lon="-117.76629">
        <ele>157.93</ele>
        <time>2026-05-12T17:12:52Z</time>
      </trkpt>
      <trkpt lat="33.60221" lon="-117.76633">
        <ele>157.24</ele>
        <time>2026-05-12T17:12:54Z</time>
      </trkpt>
      <trkpt lat="33.60221" lon="-117.76636">
        <ele>156.92</ele>
        <time>2026-05-12T17:12:56Z</time>
      </trkpt>
      <trkpt lat="33.6022" lon="-117.7664">
        <ele>156.04</ele>
        <time>2026-05-12T17:12:59Z</time>
      </trkpt>
      <trkpt lat="33.60221" lon="-117.76644">
        <ele>155.5</ele>
        <time>2026-05-12T17:13:02Z</time>
      </trkpt>
      <trkpt lat="33.60224" lon="-117.76647">
        <ele>155.8</ele>
        <time>2026-05-12T17:13:04Z</time>
      </trkpt>
      <trkpt lat="33.60227" lon="-117.76649">
        <ele>156.46</ele>
        <time>2026-05-12T17:13:06Z</time>
      </trkpt>
      <trkpt lat="33.6023" lon="-117.7665">
        <ele>157.32</ele>
        <time>2026-05-12T17:13:08Z</time>
      </trkpt>
      <trkpt lat="33.60234" lon="-117.76651">
        <ele>158.13</ele>
        <time>2026-05-12T17:13:11Z</time>
      </trkpt>
      <trkpt lat="33.60237" lon="-117.76652">
        <ele>158.68</ele>
        <time>2026-05-12T17:13:14Z</time>
      </trkpt>
      <trkpt lat="33.60239" lon="-117.76654">
        <ele>159.21</ele>
        <time>2026-05-12T17:13:17Z</time>
      </trkpt>
      <trkpt lat="33.60242" lon="-117.76656">
        <ele>159.69</ele>
        <time>2026-05-12T17:13:20Z</time>
      </trkpt>
      <trkpt lat="33.60245" lon="-117.76659">
        <ele>159.7</ele>
        <time>2026-05-12T17:13:23Z</time>
      </trkpt>
      <trkpt lat="33.60248" lon="-117.76661">
        <ele>159.82</ele>
        <time>2026-05-12T17:13:26Z</time>
      </trkpt>
      <trkpt lat="33.6025" lon="-117.76664">
        <ele>160.42</ele>
        <time>2026-05-12T17:13:30Z</time>
      </trkpt>
      <trkpt lat="33.6025" lon="-117.76667">
        <ele>161.0</ele>
        <time>2026-05-12T17:13:34Z</time>
      </trkpt>
      <trkpt lat="33.60252" lon="-117.76671">
        <ele>160.67</ele>
        <time>2026-05-12T17:13:38Z</time>
      </trkpt>
      <trkpt lat="33.60254" lon="-117.76674">
        <ele>160.48</ele>
        <time>2026-05-12T17:13:41Z</time>
      </trkpt>
      <trkpt lat="33.60256" lon="-117.76677">
        <ele>160.43</ele>
        <time>2026-05-12T17:13:44Z</time>
      </trkpt>
      <trkpt lat="33.60259" lon="-117.76679">
        <ele>160.35</ele>
        <time>2026-05-12T17:13:47Z</time>
      </trkpt>
      <trkpt lat="33.60261" lon="-117.76682">
        <ele>160.4</ele>
        <time>2026-05-12T17:13:50Z</time>
      </trkpt>
      <trkpt lat="33.60264" lon="-117.76686">
        <ele>160.45</ele>
        <time>2026-05-12T17:13:53Z</time>
      </trkpt>
      <trkpt lat="33.60266" lon="-117.76688">
        <ele>160.19</ele>
        <time>2026-05-12T17:13:55Z</time>
      </trkpt>
      <trkpt lat="33.60269" lon="-117.7669">
        <ele>159.98</ele>
        <time>2026-05-12T17:13:57Z</time>
      </trkpt>
      <trkpt lat="33.60272" lon="-117.76693">
        <ele>159.94</ele>
        <time>2026-05-12T17:14:00Z</time>
      </trkpt>
      <trkpt lat="33.60274" lon="-117.76694">
        <ele>159.97</ele>
        <time>2026-05-12T17:14:02Z</time>
      </trkpt>
      <trkpt lat="33.60276" lon="-117.76696">
        <ele>160.14</ele>
        <time>2026-05-12T17:14:04Z</time>
      </trkpt>
      <trkpt lat="33.60279" lon="-117.76698">
        <ele>160.38</ele>
        <time>2026-05-12T17:14:06Z</time>
      </trkpt>
      <trkpt lat="33.60282" lon="-117.767">
        <ele>160.6</ele>
        <time>2026-05-12T17:14:08Z</time>
      </trkpt>
      <trkpt lat="33.60284" lon="-117.76702">
        <ele>160.82</ele>
        <time>2026-05-12T17:14:10Z</time>
      </trkpt>
      <trkpt lat="33.60286" lon="-117.76705">
        <ele>161.0</ele>
        <time>2026-05-12T17:14:13Z</time>
      </trkpt>
      <trkpt lat="33.60288" lon="-117.76708">
        <ele>161.05</ele>
        <time>2026-05-12T17:14:16Z</time>
      </trkpt>
      <trkpt lat="33.60289" lon="-117.76711">
        <ele>161.17</ele>
        <time>2026-05-12T17:14:19Z</time>
      </trkpt>
      <trkpt lat="33.60292" lon="-117.76713">
        <ele>161.53</ele>
        <time>2026-05-12T17:14:22Z</time>
      </trkpt>
      <trkpt lat="33.60295" lon="-117.76713">
        <ele>161.86</ele>
        <time>2026-05-12T17:14:26Z</time>
      </trkpt>
      <trkpt lat="33.60298" lon="-117.76714">
        <ele>162.02</ele>
        <time>2026-05-12T17:14:29Z</time>
      </trkpt>
      <trkpt lat="33.603" lon="-117.76716">
        <ele>162.13</ele>
        <time>2026-05-12T17:14:32Z</time>
      </trkpt>
      <trkpt lat="33.60302" lon="-117.76719">
        <ele>162.4</ele>
        <time>2026-05-12T17:14:35Z</time>
      </trkpt>
      <trkpt lat="33.60305" lon="-117.76721">
        <ele>162.82</ele>
        <time>2026-05-12T17:14:38Z</time>
      </trkpt>
      <trkpt lat="33.60306" lon="-117.76724">
        <ele>163.01</ele>
        <time>2026-05-12T17:14:41Z</time>
      </trkpt>
      <trkpt lat="33.60308" lon="-117.76727">
        <ele>163.14</ele>
        <time>2026-05-12T17:14:44Z</time>
      </trkpt>
      <trkpt lat="33.60309" lon="-117.76731">
        <ele>163.35</ele>
        <time>2026-05-12T17:14:47Z</time>
      </trkpt>
      <trkpt lat="33.60311" lon="-117.76735">
        <ele>163.65</ele>
        <time>2026-05-12T17:14:50Z</time>
      </trkpt>
      <trkpt lat="33.60312" lon="-117.76739">
        <ele>164.01</ele>
        <time>2026-05-12T17:14:53Z</time>
      </trkpt>
      <trkpt lat="33.60313" lon="-117.76741">
        <ele>164.41</ele>
        <time>2026-05-12T17:14:56Z</time>
      </trkpt>
      <trkpt lat="33.60315" lon="-117.76744">
        <ele>165.03</ele>
        <time>2026-05-12T17:15:00Z</time>
      </trkpt>
      <trkpt lat="33.60317" lon="-117.76747">
        <ele>165.4</ele>
        <time>2026-05-12T17:15:04Z</time>
      </trkpt>
      <trkpt lat="33.60319" lon="-117.7675">
        <ele>165.9</ele>
        <time>2026-05-12T17:15:08Z</time>
      </trkpt>
      <trkpt lat="33.60321" lon="-117.76753">
        <ele>166.34</ele>
        <time>2026-05-12T17:15:12Z</time>
      </trkpt>
      <trkpt lat="33.60323" lon="-117.76756">
        <ele>166.77</ele>
        <time>2026-05-12T17:15:16Z</time>
      </trkpt>
      <trkpt lat="33.60326" lon="-117.76759">
        <ele>167.2</ele>
        <time>2026-05-12T17:15:20Z</time>
      </trkpt>
      <trkpt lat="33.60328" lon="-117.76762">
        <ele>167.25</ele>
        <time>2026-05-12T17:15:24Z</time>
      </trkpt>
      <trkpt lat="33.6033" lon="-117.76764">
        <ele>167.46</ele>
        <time>2026-05-12T17:15:27Z</time>
      </trkpt>
      <trkpt lat="33.60332" lon="-117.76767">
        <ele>167.74</ele>
        <time>2026-05-12T17:15:30Z</time>
      </trkpt>
      <trkpt lat="33.60334" lon="-117.7677">
        <ele>167.85</ele>
        <time>2026-05-12T17:15:33Z</time>
      </trkpt>
      <trkpt lat="33.60336" lon="-117.76773">
        <ele>167.66</ele>
        <time>2026-05-12T17:15:36Z</time>
      </trkpt>
      <trkpt lat="33.60338" lon="-117.76775">
        <ele>167.65</ele>
        <time>2026-05-12T17:15:39Z</time>
      </trkpt>
      <trkpt lat="33.6034" lon="-117.76778">
        <ele>167.71</ele>
        <time>2026-05-12T17:15:42Z</time>
      </trkpt>
      <trkpt lat="33.60342" lon="-117.76781">
        <ele>167.89</ele>
        <time>2026-05-12T17:15:45Z</time>
      </trkpt>
      <trkpt lat="33.60346" lon="-117.76783">
        <ele>168.21</ele>
        <time>2026-05-12T17:15:48Z</time>
      </trkpt>
      <trkpt lat="33.60348" lon="-117.76785">
        <ele>168.46</ele>
        <time>2026-05-12T17:15:50Z</time>
      </trkpt>
      <trkpt lat="33.60351" lon="-117.76788">
        <ele>168.69</ele>
        <time>2026-05-12T17:15:53Z</time>
      </trkpt>
      <trkpt lat="33.60354" lon="-117.7679">
        <ele>168.51</ele>
        <time>2026-05-12T17:15:56Z</time>
      </trkpt>
      <trkpt lat="33.60357" lon="-117.76793">
        <ele>168.43</ele>
        <time>2026-05-12T17:15:59Z</time>
      </trkpt>
      <trkpt lat="33.6036" lon="-117.76795">
        <ele>168.79</ele>
        <time>2026-05-12T17:16:02Z</time>
      </trkpt>
      <trkpt lat="33.60363" lon="-117.76798">
        <ele>169.02</ele>
        <time>2026-05-12T17:16:05Z</time>
      </trkpt>
      <trkpt lat="33.60366" lon="-117.76799">
        <ele>169.24</ele>
        <time>2026-05-12T17:16:08Z</time>
      </trkpt>
      <trkpt lat="33.60369" lon="-117.76798">
        <ele>169.67</ele>
        <time>2026-05-12T17:16:11Z</time>
      </trkpt>
      <trkpt lat="33.60372" lon="-117.76799">
        <ele>169.81</ele>
        <time>2026-05-12T17:16:14Z</time>
      </trkpt>
      <trkpt lat="33.60375" lon="-117.768">
        <ele>170.0</ele>
        <time>2026-05-12T17:16:17Z</time>
      </trkpt>
      <trkpt lat="33.60378" lon="-117.76802">
        <ele>170.4</ele>
        <time>2026-05-12T17:16:20Z</time>
      </trkpt>
      <trkpt lat="33.6038" lon="-117.76804">
        <ele>170.87</ele>
        <time>2026-05-12T17:16:23Z</time>
      </trkpt>
      <trkpt lat="33.60383" lon="-117.76805">
        <ele>171.3</ele>
        <time>2026-05-12T17:16:26Z</time>
      </trkpt>
      <trkpt lat="33.60386" lon="-117.76806">
        <ele>171.72</ele>
        <time>2026-05-12T17:16:30Z</time>
      </trkpt>
      <trkpt lat="33.60389" lon="-117.76805">
        <ele>171.96</ele>
        <time>2026-05-12T17:16:33Z</time>
      </trkpt>
      <trkpt lat="33.6039" lon="-117.76802">
        <ele>171.76</ele>
        <time>2026-05-12T17:16:35Z</time>
      </trkpt>
      <trkpt lat="33.60393" lon="-117.76801">
        <ele>171.96</ele>
        <time>2026-05-12T17:16:38Z</time>
      </trkpt>
      <trkpt lat="33.60396" lon="-117.768">
        <ele>172.01</ele>
        <time>2026-05-12T17:16:41Z</time>
      </trkpt>
      <trkpt lat="33.60398" lon="-117.76799">
        <ele>171.87</ele>
        <time>2026-05-12T17:16:44Z</time>
      </trkpt>
      <trkpt lat="33.60401" lon="-117.76799">
        <ele>172.4</ele>
        <time>2026-05-12T17:16:47Z</time>
      </trkpt>
      <trkpt lat="33.60404" lon="-117.76799">
        <ele>172.96</ele>
        <time>2026-05-12T17:16:50Z</time>
      </trkpt>
      <trkpt lat="33.60407" lon="-117.76798">
        <ele>173.29</ele>
        <time>2026-05-12T17:16:53Z</time>
      </trkpt>
      <trkpt lat="33.60409" lon="-117.76797">
        <ele>173.67</ele>
        <time>2026-05-12T17:16:56Z</time>
      </trkpt>
      <trkpt lat="33.60412" lon="-117.76795">
        <ele>174.14</ele>
        <time>2026-05-12T17:16:59Z</time>
      </trkpt>
      <trkpt lat="33.60415" lon="-117.76794">
        <ele>174.76</ele>
        <time>2026-05-12T17:17:02Z</time>
      </trkpt>
      <trkpt lat="33.60417" lon="-117.76793">
        <ele>175.04</ele>
        <time>2026-05-12T17:17:05Z</time>
      </trkpt>
      <trkpt lat="33.6042" lon="-117.76792">
        <ele>175.69</ele>
        <time>2026-05-12T17:17:08Z</time>
      </trkpt>
      <trkpt lat="33.60422" lon="-117.76791">
        <ele>176.01</ele>
        <time>2026-05-12T17:17:11Z</time>
      </trkpt>
      <trkpt lat="33.60425" lon="-117.76789">
        <ele>176.34</ele>
        <time>2026-05-12T17:17:14Z</time>
      </trkpt>
      <trkpt lat="33.60423" lon="-117.76792">
        <ele>176.66</ele>
        <time>2026-05-12T17:17:21Z</time>
      </trkpt>
      <trkpt lat="33.60421" lon="-117.76796">
        <ele>177.31</ele>
        <time>2026-05-12T17:17:23Z</time>
      </trkpt>
      <trkpt lat="33.60418" lon="-117.76799">
        <ele>177.06</ele>
        <time>2026-05-12T17:17:26Z</time>
      </trkpt>
      <trkpt lat="33.60417" lon="-117.76802">
        <ele>177.36</ele>
        <time>2026-05-12T17:17:30Z</time>
      </trkpt>
      <trkpt lat="33.60416" lon="-117.76806">
        <ele>177.84</ele>
        <time>2026-05-12T17:17:33Z</time>
      </trkpt>
      <trkpt lat="33.60415" lon="-117.76809">
        <ele>177.9</ele>
        <time>2026-05-12T17:17:36Z</time>
      </trkpt>
      <trkpt lat="33.60415" lon="-117.76813">
        <ele>178.41</ele>
        <time>2026-05-12T17:17:40Z</time>
      </trkpt>
      <trkpt lat="33.60414" lon="-117.76816">
        <ele>178.64</ele>
        <time>2026-05-12T17:17:43Z</time>
      </trkpt>
      <trkpt lat="33.60412" lon="-117.76819">
        <ele>178.67</ele>
        <time>2026-05-12T17:17:46Z</time>
      </trkpt>
      <trkpt lat="33.60411" lon="-117.76823">
        <ele>179.0</ele>
        <time>2026-05-12T17:17:49Z</time>
      </trkpt>
      <trkpt lat="33.6041" lon="-117.76826">
        <ele>179.05</ele>
        <time>2026-05-12T17:17:52Z</time>
      </trkpt>
      <trkpt lat="33.6041" lon="-117.76829">
        <ele>179.37</ele>
        <time>2026-05-12T17:17:55Z</time>
      </trkpt>
      <trkpt lat="33.60412" lon="-117.76832">
        <ele>180.34</ele>
        <time>2026-05-12T17:17:58Z</time>
      </trkpt>
      <trkpt lat="33.60414" lon="-117.76835">
        <ele>180.96</ele>
        <time>2026-05-12T17:18:01Z</time>
      </trkpt>
      <trkpt lat="33.60417" lon="-117.76833">
        <ele>182.07</ele>
        <time>2026-05-12T17:18:04Z</time>
      </trkpt>
      <trkpt lat="33.60418" lon="-117.76829">
        <ele>181.96</ele>
        <time>2026-05-12T17:18:06Z</time>
      </trkpt>
      <trkpt lat="33.6042" lon="-117.76825">
        <ele>182.18</ele>
        <time>2026-05-12T17:18:09Z</time>
      </trkpt>
      <trkpt lat="33.60422" lon="-117.76822">
        <ele>182.41</ele>
        <time>2026-05-12T17:18:13Z</time>
      </trkpt>
      <trkpt lat="33.60425" lon="-117.7682">
        <ele>183.22</ele>
        <time>2026-05-12T17:18:17Z</time>
      </trkpt>
      <trkpt lat="33.60427" lon="-117.76817">
        <ele>183.58</ele>
        <time>2026-05-12T17:18:21Z</time>
      </trkpt>
      <trkpt lat="33.60429" lon="-117.76814">
        <ele>183.88</ele>
        <time>2026-05-12T17:18:25Z</time>
      </trkpt>
      <trkpt lat="33.60431" lon="-117.76811">
        <ele>184.01</ele>
        <time>2026-05-12T17:18:29Z</time>
      </trkpt>
      <trkpt lat="33.60434" lon="-117.76808">
        <ele>184.24</ele>
        <time>2026-05-12T17:18:33Z</time>
      </trkpt>
      <trkpt lat="33.60437" lon="-117.76806">
        <ele>184.48</ele>
        <time>2026-05-12T17:18:37Z</time>
      </trkpt>
      <trkpt lat="33.6044" lon="-117.76805">
        <ele>184.89</ele>
        <time>2026-05-12T17:18:41Z</time>
      </trkpt>
      <trkpt lat="33.60442" lon="-117.76804">
        <ele>185.09</ele>
        <time>2026-05-12T17:18:44Z</time>
      </trkpt>
      <trkpt lat="33.60445" lon="-117.76802">
        <ele>185.38</ele>
        <time>2026-05-12T17:18:48Z</time>
      </trkpt>
      <trkpt lat="33.60449" lon="-117.76801">
        <ele>186.24</ele>
        <time>2026-05-12T17:18:52Z</time>
      </trkpt>
      <trkpt lat="33.60452" lon="-117.768">
        <ele>186.92</ele>
        <time>2026-05-12T17:18:56Z</time>
      </trkpt>
      <trkpt lat="33.60455" lon="-117.76798">
        <ele>187.46</ele>
        <time>2026-05-12T17:19:00Z</time>
      </trkpt>
      <trkpt lat="33.60458" lon="-117.76797">
        <ele>188.0</ele>
        <time>2026-05-12T17:19:04Z</time>
      </trkpt>
      <trkpt lat="33.6046" lon="-117.76802">
        <ele>188.98</ele>
        <time>2026-05-12T17:19:07Z</time>
      </trkpt>
      <trkpt lat="33.6046" lon="-117.76807">
        <ele>189.52</ele>
        <time>2026-05-12T17:19:09Z</time>
      </trkpt>
      <trkpt lat="33.60459" lon="-117.76811">
        <ele>189.73</ele>
        <time>2026-05-12T17:19:11Z</time>
      </trkpt>
      <trkpt lat="33.6046" lon="-117.76814">
        <ele>190.27</ele>
        <time>2026-05-12T17:19:14Z</time>
      </trkpt>
      <trkpt lat="33.60463" lon="-117.76812">
        <ele>190.71</ele>
        <time>2026-05-12T17:19:19Z</time>
      </trkpt>
      <trkpt lat="33.60465" lon="-117.76809">
        <ele>190.89</ele>
        <time>2026-05-12T17:19:22Z</time>
      </trkpt>
      <trkpt lat="33.60467" lon="-117.76806">
        <ele>190.94</ele>
        <time>2026-05-12T17:19:25Z</time>
      </trkpt>
      <trkpt lat="33.60469" lon="-117.76803">
        <ele>190.85</ele>
        <time>2026-05-12T17:19:28Z</time>
      </trkpt>
      <trkpt lat="33.60471" lon="-117.768">
        <ele>190.62</ele>
        <time>2026-05-12T17:19:31Z</time>
      </trkpt>
      <trkpt lat="33.60473" lon="-117.76798">
        <ele>190.55</ele>
        <time>2026-05-12T17:19:34Z</time>
      </trkpt>
      <trkpt lat="33.60476" lon="-117.76795">
        <ele>190.26</ele>
        <time>2026-05-12T17:19:38Z</time>
      </trkpt>
      <trkpt lat="33.60478" lon="-117.76792">
        <ele>189.39</ele>
        <time>2026-05-12T17:19:42Z</time>
      </trkpt>
      <trkpt lat="33.6048" lon="-117.76789">
        <ele>188.53</ele>
        <time>2026-05-12T17:19:46Z</time>
      </trkpt>
      <trkpt lat="33.60483" lon="-117.76786">
        <ele>188.32</ele>
        <time>2026-05-12T17:19:50Z</time>
      </trkpt>
      <trkpt lat="33.60485" lon="-117.76783">
        <ele>188.21</ele>
        <time>2026-05-12T17:19:54Z</time>
      </trkpt>
      <trkpt lat="33.60486" lon="-117.7678">
        <ele>187.67</ele>
        <time>2026-05-12T17:19:57Z</time>
      </trkpt>
      <trkpt lat="33.60489" lon="-117.76777">
        <ele>188.08</ele>
        <time>2026-05-12T17:20:01Z</time>
      </trkpt>
      <trkpt lat="33.60491" lon="-117.76774">
        <ele>188.24</ele>
        <time>2026-05-12T17:20:05Z</time>
      </trkpt>
      <trkpt lat="33.60494" lon="-117.76771">
        <ele>188.24</ele>
        <time>2026-05-12T17:20:09Z</time>
      </trkpt>
      <trkpt lat="33.60497" lon="-117.76771">
        <ele>188.89</ele>
        <time>2026-05-12T17:20:12Z</time>
      </trkpt>
      <trkpt lat="33.60499" lon="-117.76775">
        <ele>190.18</ele>
        <time>2026-05-12T17:20:14Z</time>
      </trkpt>
      <trkpt lat="33.60502" lon="-117.76777">
        <ele>190.6</ele>
        <time>2026-05-12T17:20:16Z</time>
      </trkpt>
      <trkpt lat="33.60504" lon="-117.76779">
        <ele>190.89</ele>
        <time>2026-05-12T17:20:18Z</time>
      </trkpt>
      <trkpt lat="33.60507" lon="-117.76781">
        <ele>191.2</ele>
        <time>2026-05-12T17:20:21Z</time>
      </trkpt>
      <trkpt lat="33.60509" lon="-117.76782">
        <ele>191.38</ele>
        <time>2026-05-12T17:20:24Z</time>
      </trkpt>
      <trkpt lat="33.60512" lon="-117.76783">
        <ele>190.8</ele>
        <time>2026-05-12T17:20:27Z</time>
      </trkpt>
      <trkpt lat="33.60515" lon="-117.76785">
        <ele>190.48</ele>
        <time>2026-05-12T17:20:30Z</time>
      </trkpt>
      <trkpt lat="33.60518" lon="-117.76787">
        <ele>190.16</ele>
        <time>2026-05-12T17:20:33Z</time>
      </trkpt>
      <trkpt lat="33.60521" lon="-117.76789">
        <ele>190.26</ele>
        <time>2026-05-12T17:20:36Z</time>
      </trkpt>
      <trkpt lat="33.60524" lon="-117.7679">
        <ele>189.91</ele>
        <time>2026-05-12T17:20:39Z</time>
      </trkpt>
      <trkpt lat="33.60527" lon="-117.76792">
        <ele>189.82</ele>
        <time>2026-05-12T17:20:42Z</time>
      </trkpt>
      <trkpt lat="33.60531" lon="-117.76793">
        <ele>189.71</ele>
        <time>2026-05-12T17:20:45Z</time>
      </trkpt>
      <trkpt lat="33.60534" lon="-117.76793">
        <ele>189.5</ele>
        <time>2026-05-12T17:20:47Z</time>
      </trkpt>
      <trkpt lat="33.60537" lon="-117.76792">
        <ele>189.07</ele>
        <time>2026-05-12T17:20:49Z</time>
      </trkpt>
      <trkpt lat="33.6054" lon="-117.76791">
        <ele>189.18</ele>
        <time>2026-05-12T17:20:51Z</time>
      </trkpt>
      <trkpt lat="33.60542" lon="-117.76791">
        <ele>189.39</ele>
        <time>2026-05-12T17:20:53Z</time>
      </trkpt>
      <trkpt lat="33.60545" lon="-117.76789">
        <ele>189.28</ele>
        <time>2026-05-12T17:20:55Z</time>
      </trkpt>
      <trkpt lat="33.60548" lon="-117.76788">
        <ele>189.23</ele>
        <time>2026-05-12T17:20:58Z</time>
      </trkpt>
      <trkpt lat="33.60552" lon="-117.76787">
        <ele>188.99</ele>
        <time>2026-05-12T17:21:01Z</time>
      </trkpt>
      <trkpt lat="33.60555" lon="-117.76786">
        <ele>188.78</ele>
        <time>2026-05-12T17:21:04Z</time>
      </trkpt>
      <trkpt lat="33.60559" lon="-117.76786">
        <ele>188.82</ele>
        <time>2026-05-12T17:21:07Z</time>
      </trkpt>
      <trkpt lat="33.60563" lon="-117.76785">
        <ele>188.74</ele>
        <time>2026-05-12T17:21:10Z</time>
      </trkpt>
      <trkpt lat="33.60566" lon="-117.76784">
        <ele>188.72</ele>
        <time>2026-05-12T17:21:13Z</time>
      </trkpt>
      <trkpt lat="33.60568" lon="-117.76782">
        <ele>188.43</ele>
        <time>2026-05-12T17:21:16Z</time>
      </trkpt>
      <trkpt lat="33.60569" lon="-117.76778">
        <ele>187.59</ele>
        <time>2026-05-12T17:21:19Z</time>
      </trkpt>
      <trkpt lat="33.60572" lon="-117.76775">
        <ele>186.32</ele>
        <time>2026-05-12T17:21:22Z</time>
      </trkpt>
      <trkpt lat="33.60575" lon="-117.76774">
        <ele>185.88</ele>
        <time>2026-05-12T17:21:25Z</time>
      </trkpt>
      <trkpt lat="33.60578" lon="-117.76774">
        <ele>186.2</ele>
        <time>2026-05-12T17:21:28Z</time>
      </trkpt>
      <trkpt lat="33.60581" lon="-117.76775">
        <ele>186.85</ele>
        <time>2026-05-12T17:21:31Z</time>
      </trkpt>
      <trkpt lat="33.60585" lon="-117.76776">
        <ele>187.42</ele>
        <time>2026-05-12T17:21:34Z</time>
      </trkpt>
      <trkpt lat="33.60589" lon="-117.76777">
        <ele>187.75</ele>
        <time>2026-05-12T17:21:37Z</time>
      </trkpt>
      <trkpt lat="33.60592" lon="-117.76777">
        <ele>187.75</ele>
        <time>2026-05-12T17:21:40Z</time>
      </trkpt>
      <trkpt lat="33.60596" lon="-117.76777">
        <ele>188.48</ele>
        <time>2026-05-12T17:21:43Z</time>
      </trkpt>
      <trkpt lat="33.60599" lon="-117.76777">
        <ele>189.13</ele>
        <time>2026-05-12T17:21:46Z</time>
      </trkpt>
      <trkpt lat="33.60602" lon="-117.76777">
        <ele>189.75</ele>
        <time>2026-05-12T17:21:49Z</time>
      </trkpt>
      <trkpt lat="33.60605" lon="-117.76777">
        <ele>189.78</ele>
        <time>2026-05-12T17:21:52Z</time>
      </trkpt>
      <trkpt lat="33.60608" lon="-117.76777">
        <ele>189.8</ele>
        <time>2026-05-12T17:21:55Z</time>
      </trkpt>
      <trkpt lat="33.60612" lon="-117.76777">
        <ele>189.93</ele>
        <time>2026-05-12T17:21:59Z</time>
      </trkpt>
      <trkpt lat="33.60615" lon="-117.76777">
        <ele>190.25</ele>
        <time>2026-05-12T17:22:03Z</time>
      </trkpt>
      <trkpt lat="33.60619" lon="-117.76777">
        <ele>190.68</ele>
        <time>2026-05-12T17:22:07Z</time>
      </trkpt>
      <trkpt lat="33.60622" lon="-117.76776">
        <ele>191.11</ele>
        <time>2026-05-12T17:22:11Z</time>
      </trkpt>
      <trkpt lat="33.60622" lon="-117.76773">
        <ele>190.41</ele>
        <time>2026-05-12T17:22:15Z</time>
      </trkpt>
      <trkpt lat="33.60624" lon="-117.76769">
        <ele>189.91</ele>
        <time>2026-05-12T17:22:19Z</time>
      </trkpt>
      <trkpt lat="33.60625" lon="-117.76766">
        <ele>189.32</ele>
        <time>2026-05-12T17:22:22Z</time>
      </trkpt>
      <trkpt lat="33.60627" lon="-117.76764">
        <ele>189.32</ele>
        <time>2026-05-12T17:22:25Z</time>
      </trkpt>
      <trkpt lat="33.6063" lon="-117.76762">
        <ele>189.68</ele>
        <time>2026-05-12T17:22:28Z</time>
      </trkpt>
      <trkpt lat="33.60632" lon="-117.76759">
        <ele>189.49</ele>
        <time>2026-05-12T17:22:31Z</time>
      </trkpt>
      <trkpt lat="33.60634" lon="-117.76757">
        <ele>189.82</ele>
        <time>2026-05-12T17:22:34Z</time>
      </trkpt>
      <trkpt lat="33.60635" lon="-117.76754">
        <ele>189.92</ele>
        <time>2026-05-12T17:22:37Z</time>
      </trkpt>
      <trkpt lat="33.60637" lon="-117.7675">
        <ele>190.39</ele>
        <time>2026-05-12T17:22:41Z</time>
      </trkpt>
      <trkpt lat="33.60638" lon="-117.76747">
        <ele>190.71</ele>
        <time>2026-05-12T17:22:44Z</time>
      </trkpt>
      <trkpt lat="33.6064" lon="-117.76744">
        <ele>191.12</ele>
        <time>2026-05-12T17:22:48Z</time>
      </trkpt>
      <trkpt lat="33.60642" lon="-117.76741">
        <ele>191.34</ele>
        <time>2026-05-12T17:22:51Z</time>
      </trkpt>
      <trkpt lat="33.60643" lon="-117.76737">
        <ele>190.86</ele>
        <time>2026-05-12T17:22:55Z</time>
      </trkpt>
      <trkpt lat="33.60641" lon="-117.76734">
        <ele>190.33</ele>
        <time>2026-05-12T17:22:59Z</time>
      </trkpt>
      <trkpt lat="33.60639" lon="-117.76731">
        <ele>189.89</ele>
        <time>2026-05-12T17:23:02Z</time>
      </trkpt>
      <trkpt lat="33.60637" lon="-117.76729">
        <ele>189.11</ele>
        <time>2026-05-12T17:23:05Z</time>
      </trkpt>
      <trkpt lat="33.60633" lon="-117.76731">
        <ele>188.66</ele>
        <time>2026-05-12T17:23:09Z</time>
      </trkpt>
      <trkpt lat="33.60632" lon="-117.76735">
        <ele>188.61</ele>
        <time>2026-05-12T17:23:11Z</time>
      </trkpt>
      <trkpt lat="33.60631" lon="-117.76739">
        <ele>188.42</ele>
        <time>2026-05-12T17:23:13Z</time>
      </trkpt>
      <trkpt lat="33.60629" lon="-117.76742">
        <ele>187.81</ele>
        <time>2026-05-12T17:23:16Z</time>
      </trkpt>
      <trkpt lat="33.60627" lon="-117.76745">
        <ele>187.28</ele>
        <time>2026-05-12T17:23:19Z</time>
      </trkpt>
      <trkpt lat="33.60625" lon="-117.76748">
        <ele>186.89</ele>
        <time>2026-05-12T17:23:23Z</time>
      </trkpt>
      <trkpt lat="33.60624" lon="-117.76751">
        <ele>186.83</ele>
        <time>2026-05-12T17:23:27Z</time>
      </trkpt>
      <trkpt lat="33.60622" lon="-117.76754">
        <ele>186.43</ele>
        <time>2026-05-12T17:23:33Z</time>
      </trkpt>
      <trkpt lat="33.6062" lon="-117.76756">
        <ele>185.95</ele>
        <time>2026-05-12T17:23:38Z</time>
      </trkpt>
      <trkpt lat="33.60617" lon="-117.76757">
        <ele>185.55</ele>
        <time>2026-05-12T17:23:44Z</time>
      </trkpt>
      <trkpt lat="33.60614" lon="-117.76756">
        <ele>185.07</ele>
        <time>2026-05-12T17:23:50Z</time>
      </trkpt>
      <trkpt lat="33.60613" lon="-117.76751">
        <ele>184.49</ele>
        <time>2026-05-12T17:23:53Z</time>
      </trkpt>
      <trkpt lat="33.60613" lon="-117.76747">
        <ele>183.83</ele>
        <time>2026-05-12T17:23:55Z</time>
      </trkpt>
      <trkpt lat="33.60614" lon="-117.76743">
        <ele>183.35</ele>
        <time>2026-05-12T17:23:58Z</time>
      </trkpt>
      <trkpt lat="33.60615" lon="-117.7674">
        <ele>183.26</ele>
        <time>2026-05-12T17:24:01Z</time>
      </trkpt>
      <trkpt lat="33.60616" lon="-117.76736">
        <ele>183.58</ele>
        <time>2026-05-12T17:24:04Z</time>
      </trkpt>
      <trkpt lat="33.60617" lon="-117.76732">
        <ele>183.91</ele>
        <time>2026-05-12T17:24:07Z</time>
      </trkpt>
      <trkpt lat="33.60619" lon="-117.76729">
        <ele>184.33</ele>
        <time>2026-05-12T17:24:11Z</time>
      </trkpt>
      <trkpt lat="33.60621" lon="-117.76726">
        <ele>184.61</ele>
        <time>2026-05-12T17:24:14Z</time>
      </trkpt>
      <trkpt lat="33.60623" lon="-117.76724">
        <ele>185.04</ele>
        <time>2026-05-12T17:24:18Z</time>
      </trkpt>
      <trkpt lat="33.60625" lon="-117.76721">
        <ele>185.3</ele>
        <time>2026-05-12T17:24:22Z</time>
      </trkpt>
      <trkpt lat="33.60628" lon="-117.76718">
        <ele>185.64</ele>
        <time>2026-05-12T17:24:26Z</time>
      </trkpt>
      <trkpt lat="33.6063" lon="-117.76715">
        <ele>185.48</ele>
        <time>2026-05-12T17:24:30Z</time>
      </trkpt>
      <trkpt lat="33.60633" lon="-117.76713">
        <ele>185.37</ele>
        <time>2026-05-12T17:24:34Z</time>
      </trkpt>
      <trkpt lat="33.60635" lon="-117.7671">
        <ele>184.81</ele>
        <time>2026-05-12T17:24:38Z</time>
      </trkpt>
      <trkpt lat="33.60637" lon="-117.76707">
        <ele>184.38</ele>
        <time>2026-05-12T17:24:42Z</time>
      </trkpt>
      <trkpt lat="33.60639" lon="-117.76704">
        <ele>184.04</ele>
        <time>2026-05-12T17:24:46Z</time>
      </trkpt>
      <trkpt lat="33.6064" lon="-117.76701">
        <ele>183.28</ele>
        <time>2026-05-12T17:24:50Z</time>
      </trkpt>
      <trkpt lat="33.60639" lon="-117.76698">
        <ele>182.77</ele>
        <time>2026-05-12T17:24:54Z</time>
      </trkpt>
      <trkpt lat="33.60639" lon="-117.76694">
        <ele>182.01</ele>
        <time>2026-05-12T17:24:58Z</time>
      </trkpt>
      <trkpt lat="33.6064" lon="-117.76691">
        <ele>182.12</ele>
        <time>2026-05-12T17:25:01Z</time>
      </trkpt>
      <trkpt lat="33.60642" lon="-117.76687">
        <ele>182.34</ele>
        <time>2026-05-12T17:25:04Z</time>
      </trkpt>
      <trkpt lat="33.60643" lon="-117.76683">
        <ele>182.42</ele>
        <time>2026-05-12T17:25:06Z</time>
      </trkpt>
      <trkpt lat="33.60644" lon="-117.76679">
        <ele>182.62</ele>
        <time>2026-05-12T17:25:09Z</time>
      </trkpt>
      <trkpt lat="33.60644" lon="-117.76675">
        <ele>182.66</ele>
        <time>2026-05-12T17:25:12Z</time>
      </trkpt>
      <trkpt lat="33.60644" lon="-117.76671">
        <ele>182.66</ele>
        <time>2026-05-12T17:25:15Z</time>
      </trkpt>
      <trkpt lat="33.60643" lon="-117.76668">
        <ele>182.33</ele>
        <time>2026-05-12T17:25:18Z</time>
      </trkpt>
      <trkpt lat="33.60642" lon="-117.76665">
        <ele>182.01</ele>
        <time>2026-05-12T17:25:21Z</time>
      </trkpt>
      <trkpt lat="33.60642" lon="-117.76661">
        <ele>182.01</ele>
        <time>2026-05-12T17:25:24Z</time>
      </trkpt>
      <trkpt lat="33.60642" lon="-117.76657">
        <ele>182.04</ele>
        <time>2026-05-12T17:25:27Z</time>
      </trkpt>
      <trkpt lat="33.60643" lon="-117.76653">
        <ele>182.6</ele>
        <time>2026-05-12T17:25:30Z</time>
      </trkpt>
      <trkpt lat="33.60644" lon="-117.76649">
        <ele>183.06</ele>
        <time>2026-05-12T17:25:33Z</time>
      </trkpt>
      <trkpt lat="33.60646" lon="-117.76645">
        <ele>183.2</ele>
        <time>2026-05-12T17:25:36Z</time>
      </trkpt>
      <trkpt lat="33.60649" lon="-117.76643">
        <ele>183.5</ele>
        <time>2026-05-12T17:25:38Z</time>
      </trkpt>
      <trkpt lat="33.60652" lon="-117.76641">
        <ele>183.55</ele>
        <time>2026-05-12T17:25:40Z</time>
      </trkpt>
      <trkpt lat="33.60655" lon="-117.7664">
        <ele>183.77</ele>
        <time>2026-05-12T17:25:42Z</time>
      </trkpt>
      <trkpt lat="33.60657" lon="-117.76637">
        <ele>183.56</ele>
        <time>2026-05-12T17:25:45Z</time>
      </trkpt>
      <trkpt lat="33.60655" lon="-117.76635">
        <ele>183.01</ele>
        <time>2026-05-12T17:25:49Z</time>
      </trkpt>
      <trkpt lat="33.60652" lon="-117.76635">
        <ele>182.82</ele>
        <time>2026-05-12T17:25:51Z</time>
      </trkpt>
      <trkpt lat="33.60649" lon="-117.76635">
        <ele>182.63</ele>
        <time>2026-05-12T17:25:54Z</time>
      </trkpt>
      <trkpt lat="33.60647" lon="-117.76635">
        <ele>182.33</ele>
        <time>2026-05-12T17:25:58Z</time>
      </trkpt>
      <trkpt lat="33.60644" lon="-117.76635">
        <ele>181.68</ele>
        <time>2026-05-12T17:26:03Z</time>
      </trkpt>
      <trkpt lat="33.60641" lon="-117.76635">
        <ele>181.04</ele>
        <time>2026-05-12T17:26:07Z</time>
      </trkpt>
      <trkpt lat="33.60638" lon="-117.76637">
        <ele>180.6</ele>
        <time>2026-05-12T17:26:11Z</time>
      </trkpt>
      <trkpt lat="33.60636" lon="-117.76638">
        <ele>180.28</ele>
        <time>2026-05-12T17:26:15Z</time>
      </trkpt>
      <trkpt lat="33.60632" lon="-117.76639">
        <ele>179.51</ele>
        <time>2026-05-12T17:26:20Z</time>
      </trkpt>
      <trkpt lat="33.60632" lon="-117.76634">
        <ele>178.98</ele>
        <time>2026-05-12T17:26:24Z</time>
      </trkpt>
      <trkpt lat="33.60632" lon="-117.76629">
        <ele>178.44</ele>
        <time>2026-05-12T17:26:27Z</time>
      </trkpt>
      <trkpt lat="33.60633" lon="-117.76625">
        <ele>178.23</ele>
        <time>2026-05-12T17:26:30Z</time>
      </trkpt>
      <trkpt lat="33.60633" lon="-117.76622">
        <ele>177.9</ele>
        <time>2026-05-12T17:26:33Z</time>
      </trkpt>
      <trkpt lat="33.60633" lon="-117.76618">
        <ele>177.47</ele>
        <time>2026-05-12T17:26:36Z</time>
      </trkpt>
      <trkpt lat="33.60632" lon="-117.76615">
        <ele>176.93</ele>
        <time>2026-05-12T17:26:39Z</time>
      </trkpt>
      <trkpt lat="33.60631" lon="-117.76612">
        <ele>176.39</ele>
        <time>2026-05-12T17:26:42Z</time>
      </trkpt>
      <trkpt lat="33.6063" lon="-117.76608">
        <ele>175.73</ele>
        <time>2026-05-12T17:26:46Z</time>
      </trkpt>
      <trkpt lat="33.60629" lon="-117.76605">
        <ele>175.18</ele>
        <time>2026-05-12T17:26:49Z</time>
      </trkpt>
      <trkpt lat="33.60629" lon="-117.76602">
        <ele>174.88</ele>
        <time>2026-05-12T17:26:52Z</time>
      </trkpt>
      <trkpt lat="33.6063" lon="-117.76598">
        <ele>174.61</ele>
        <time>2026-05-12T17:26:55Z</time>
      </trkpt>
      <trkpt lat="33.60631" lon="-117.76596">
        <ele>174.42</ele>
        <time>2026-05-12T17:26:58Z</time>
      </trkpt>
      <trkpt lat="33.60634" lon="-117.76595">
        <ele>174.38</ele>
        <time>2026-05-12T17:27:00Z</time>
      </trkpt>
      <trkpt lat="33.60638" lon="-117.76595">
        <ele>174.5</ele>
        <time>2026-05-12T17:27:02Z</time>
      </trkpt>
      <trkpt lat="33.60642" lon="-117.76596">
        <ele>174.52</ele>
        <time>2026-05-12T17:27:04Z</time>
      </trkpt>
      <trkpt lat="33.60645" lon="-117.76596">
        <ele>174.32</ele>
        <time>2026-05-12T17:27:06Z</time>
      </trkpt>
      <trkpt lat="33.60648" lon="-117.76596">
        <ele>174.11</ele>
        <time>2026-05-12T17:27:09Z</time>
      </trkpt>
      <trkpt lat="33.60652" lon="-117.76596">
        <ele>173.69</ele>
        <time>2026-05-12T17:27:12Z</time>
      </trkpt>
      <trkpt lat="33.60655" lon="-117.76596">
        <ele>173.36</ele>
        <time>2026-05-12T17:27:15Z</time>
      </trkpt>
      <trkpt lat="33.60658" lon="-117.76594">
        <ele>172.38</ele>
        <time>2026-05-12T17:27:19Z</time>
      </trkpt>
      <trkpt lat="33.60653" lon="-117.76592">
        <ele>172.35</ele>
        <time>2026-05-12T17:27:22Z</time>
      </trkpt>
      <trkpt lat="33.60651" lon="-117.76591">
        <ele>172.35</ele>
        <time>2026-05-12T17:27:23Z</time>
      </trkpt>
      <trkpt lat="33.60646" lon="-117.76589">
        <ele>172.37</ele>
        <time>2026-05-12T17:27:25Z</time>
      </trkpt>
      <trkpt lat="33.60643" lon="-117.76587">
        <ele>172.01</ele>
        <time>2026-05-12T17:27:27Z</time>
      </trkpt>
      <trkpt lat="33.6064" lon="-117.76585">
        <ele>171.52</ele>
        <time>2026-05-12T17:27:29Z</time>
      </trkpt>
      <trkpt lat="33.60637" lon="-117.76583">
        <ele>170.93</ele>
        <time>2026-05-12T17:27:31Z</time>
      </trkpt>
      <trkpt lat="33.60635" lon="-117.76581">
        <ele>170.5</ele>
        <time>2026-05-12T17:27:33Z</time>
      </trkpt>
      <trkpt lat="33.60631" lon="-117.7658">
        <ele>170.28</ele>
        <time>2026-05-12T17:27:36Z</time>
      </trkpt>
      <trkpt lat="33.60628" lon="-117.76581">
        <ele>170.32</ele>
        <time>2026-05-12T17:27:39Z</time>
      </trkpt>
      <trkpt lat="33.60624" lon="-117.76581">
        <ele>169.89</ele>
        <time>2026-05-12T17:27:42Z</time>
      </trkpt>
      <trkpt lat="33.60621" lon="-117.76581">
        <ele>169.56</ele>
        <time>2026-05-12T17:27:45Z</time>
      </trkpt>
      <trkpt lat="33.60617" lon="-117.76582">
        <ele>169.35</ele>
        <time>2026-05-12T17:27:48Z</time>
      </trkpt>
      <trkpt lat="33.60614" lon="-117.76583">
        <ele>169.24</ele>
        <time>2026-05-12T17:27:51Z</time>
      </trkpt>
      <trkpt lat="33.60611" lon="-117.76585">
        <ele>169.15</ele>
        <time>2026-05-12T17:27:54Z</time>
      </trkpt>
      <trkpt lat="33.6061" lon="-117.76582">
        <ele>168.47</ele>
        <time>2026-05-12T17:27:59Z</time>
      </trkpt>
      <trkpt lat="33.60612" lon="-117.76578">
        <ele>167.94</ele>
        <time>2026-05-12T17:28:01Z</time>
      </trkpt>
      <trkpt lat="33.60614" lon="-117.76575">
        <ele>167.51</ele>
        <time>2026-05-12T17:28:03Z</time>
      </trkpt>
      <trkpt lat="33.60617" lon="-117.76574">
        <ele>167.62</ele>
        <time>2026-05-12T17:28:05Z</time>
      </trkpt>
      <trkpt lat="33.6062" lon="-117.76573">
        <ele>167.73</ele>
        <time>2026-05-12T17:28:07Z</time>
      </trkpt>
      <trkpt lat="33.60623" lon="-117.76572">
        <ele>167.77</ele>
        <time>2026-05-12T17:28:09Z</time>
      </trkpt>
      <trkpt lat="33.60627" lon="-117.76571">
        <ele>167.81</ele>
        <time>2026-05-12T17:28:12Z</time>
      </trkpt>
      <trkpt lat="33.6063" lon="-117.76569">
        <ele>167.38</ele>
        <time>2026-05-12T17:28:15Z</time>
      </trkpt>
      <trkpt lat="33.60634" lon="-117.76568">
        <ele>167.34</ele>
        <time>2026-05-12T17:28:18Z</time>
      </trkpt>
      <trkpt lat="33.60637" lon="-117.76567">
        <ele>167.32</ele>
        <time>2026-05-12T17:28:21Z</time>
      </trkpt>
      <trkpt lat="33.6064" lon="-117.76565">
        <ele>167.04</ele>
        <time>2026-05-12T17:28:24Z</time>
      </trkpt>
      <trkpt lat="33.60644" lon="-117.76563">
        <ele>166.52</ele>
        <time>2026-05-12T17:28:27Z</time>
      </trkpt>
      <trkpt lat="33.60646" lon="-117.76562">
        <ele>166.32</ele>
        <time>2026-05-12T17:28:30Z</time>
      </trkpt>
      <trkpt lat="33.60649" lon="-117.76559">
        <ele>165.65</ele>
        <time>2026-05-12T17:28:34Z</time>
      </trkpt>
      <trkpt lat="33.60652" lon="-117.76556">
        <ele>164.68</ele>
        <time>2026-05-12T17:28:38Z</time>
      </trkpt>
      <trkpt lat="33.60655" lon="-117.76555">
        <ele>164.12</ele>
        <time>2026-05-12T17:28:41Z</time>
      </trkpt>
      <trkpt lat="33.60658" lon="-117.76554">
        <ele>163.6</ele>
        <time>2026-05-12T17:28:44Z</time>
      </trkpt>
      <trkpt lat="33.60662" lon="-117.76553">
        <ele>162.95</ele>
        <time>2026-05-12T17:28:47Z</time>
      </trkpt>
      <trkpt lat="33.60665" lon="-117.76552">
        <ele>162.41</ele>
        <time>2026-05-12T17:28:50Z</time>
      </trkpt>
      <trkpt lat="33.6066" lon="-117.7655">
        <ele>162.52</ele>
        <time>2026-05-12T17:28:54Z</time>
      </trkpt>
      <trkpt lat="33.60657" lon="-117.7655">
        <ele>162.82</ele>
        <time>2026-05-12T17:28:55Z</time>
      </trkpt>
      <trkpt lat="33.60652" lon="-117.76549">
        <ele>162.75</ele>
        <time>2026-05-12T17:28:57Z</time>
      </trkpt>
      <trkpt lat="33.60648" lon="-117.76548">
        <ele>162.55</ele>
        <time>2026-05-12T17:28:59Z</time>
      </trkpt>
      <trkpt lat="33.60645" lon="-117.76547">
        <ele>162.2</ele>
        <time>2026-05-12T17:29:01Z</time>
      </trkpt>
      <trkpt lat="33.60642" lon="-117.76547">
        <ele>162.18</ele>
        <time>2026-05-12T17:29:03Z</time>
      </trkpt>
      <trkpt lat="33.6064" lon="-117.76549">
        <ele>162.62</ele>
        <time>2026-05-12T17:29:05Z</time>
      </trkpt>
      <trkpt lat="33.60636" lon="-117.7655">
        <ele>162.8</ele>
        <time>2026-05-12T17:29:08Z</time>
      </trkpt>
      <trkpt lat="33.60634" lon="-117.7655">
        <ele>162.8</ele>
        <time>2026-05-12T17:29:12Z</time>
      </trkpt>
      <trkpt lat="33.60631" lon="-117.76548">
        <ele>162.37</ele>
        <time>2026-05-12T17:29:16Z</time>
      </trkpt>
      <trkpt lat="33.60628" lon="-117.76547">
        <ele>162.14</ele>
        <time>2026-05-12T17:29:20Z</time>
      </trkpt>
      <trkpt lat="33.60625" lon="-117.76547">
        <ele>162.11</ele>
        <time>2026-05-12T17:29:23Z</time>
      </trkpt>
      <trkpt lat="33.60623" lon="-117.76547">
        <ele>162.1</ele>
        <time>2026-05-12T17:29:26Z</time>
      </trkpt>
      <trkpt lat="33.60619" lon="-117.76547">
        <ele>161.94</ele>
        <time>2026-05-12T17:29:29Z</time>
      </trkpt>
      <trkpt lat="33.60616" lon="-117.76548">
        <ele>161.8</ele>
        <time>2026-05-12T17:29:32Z</time>
      </trkpt>
      <trkpt lat="33.60613" lon="-117.76548">
        <ele>161.53</ele>
        <time>2026-05-12T17:29:35Z</time>
      </trkpt>
      <trkpt lat="33.60609" lon="-117.76548">
        <ele>161.14</ele>
        <time>2026-05-12T17:29:38Z</time>
      </trkpt>
      <trkpt lat="33.60607" lon="-117.76546">
        <ele>160.49</ele>
        <time>2026-05-12T17:29:41Z</time>
      </trkpt>
      <trkpt lat="33.60607" lon="-117.76542">
        <ele>159.63</ele>
        <time>2026-05-12T17:29:43Z</time>
      </trkpt>
      <trkpt lat="33.60609" lon="-117.76538">
        <ele>158.98</ele>
        <time>2026-05-12T17:29:45Z</time>
      </trkpt>
      <trkpt lat="33.60611" lon="-117.76535">
        <ele>158.55</ele>
        <time>2026-05-12T17:29:47Z</time>
      </trkpt>
      <trkpt lat="33.60614" lon="-117.76532">
        <ele>158.22</ele>
        <time>2026-05-12T17:29:49Z</time>
      </trkpt>
      <trkpt lat="33.60616" lon="-117.7653">
        <ele>158.01</ele>
        <time>2026-05-12T17:29:51Z</time>
      </trkpt>
      <trkpt lat="33.60619" lon="-117.76528">
        <ele>157.9</ele>
        <time>2026-05-12T17:29:54Z</time>
      </trkpt>
      <trkpt lat="33.60623" lon="-117.76526">
        <ele>157.48</ele>
        <time>2026-05-12T17:29:57Z</time>
      </trkpt>
      <trkpt lat="33.60626" lon="-117.76524">
        <ele>157.02</ele>
        <time>2026-05-12T17:30:00Z</time>
      </trkpt>
      <trkpt lat="33.60629" lon="-117.76522">
        <ele>156.71</ele>
        <time>2026-05-12T17:30:03Z</time>
      </trkpt>
      <trkpt lat="33.60632" lon="-117.76521">
        <ele>156.54</ele>
        <time>2026-05-12T17:30:06Z</time>
      </trkpt>
      <trkpt lat="33.60635" lon="-117.76519">
        <ele>156.1</ele>
        <time>2026-05-12T17:30:09Z</time>
      </trkpt>
      <trkpt lat="33.60638" lon="-117.76518">
        <ele>155.94</ele>
        <time>2026-05-12T17:30:12Z</time>
      </trkpt>
      <trkpt lat="33.60641" lon="-117.76519">
        <ele>156.1</ele>
        <time>2026-05-12T17:30:15Z</time>
      </trkpt>
      <trkpt lat="33.60645" lon="-117.76521">
        <ele>156.54</ele>
        <time>2026-05-12T17:30:18Z</time>
      </trkpt>
      <trkpt lat="33.60648" lon="-117.7652">
        <ele>156.32</ele>
        <time>2026-05-12T17:30:21Z</time>
      </trkpt>
      <trkpt lat="33.60651" lon="-117.76519">
        <ele>155.8</ele>
        <time>2026-05-12T17:30:24Z</time>
      </trkpt>
      <trkpt lat="33.60655" lon="-117.76518">
        <ele>155.15</ele>
        <time>2026-05-12T17:30:27Z</time>
      </trkpt>
      <trkpt lat="33.60658" lon="-117.76518">
        <ele>154.95</ele>
        <time>2026-05-12T17:30:30Z</time>
      </trkpt>
      <trkpt lat="33.6066" lon="-117.76517">
        <ele>154.91</ele>
        <time>2026-05-12T17:30:33Z</time>
      </trkpt>
      <trkpt lat="33.60659" lon="-117.76512">
        <ele>153.64</ele>
        <time>2026-05-12T17:30:36Z</time>
      </trkpt>
      <trkpt lat="33.60656" lon="-117.76509">
        <ele>153.1</ele>
        <time>2026-05-12T17:30:38Z</time>
      </trkpt>
      <trkpt lat="33.60653" lon="-117.76507">
        <ele>153.1</ele>
        <time>2026-05-12T17:30:40Z</time>
      </trkpt>
      <trkpt lat="33.6065" lon="-117.76505">
        <ele>153.25</ele>
        <time>2026-05-12T17:30:42Z</time>
      </trkpt>
      <trkpt lat="33.60648" lon="-117.76503">
        <ele>153.33</ele>
        <time>2026-05-12T17:30:44Z</time>
      </trkpt>
      <trkpt lat="33.60646" lon="-117.76499">
        <ele>152.81</ele>
        <time>2026-05-12T17:30:47Z</time>
      </trkpt>
      <trkpt lat="33.60644" lon="-117.76495">
        <ele>152.16</ele>
        <time>2026-05-12T17:30:50Z</time>
      </trkpt>
      <trkpt lat="33.60643" lon="-117.76491">
        <ele>151.6</ele>
        <time>2026-05-12T17:30:53Z</time>
      </trkpt>
      <trkpt lat="33.60641" lon="-117.76488">
        <ele>151.25</ele>
        <time>2026-05-12T17:30:56Z</time>
      </trkpt>
      <trkpt lat="33.60637" lon="-117.76487">
        <ele>151.07</ele>
        <time>2026-05-12T17:31:00Z</time>
      </trkpt>
      <trkpt lat="33.60634" lon="-117.76485">
        <ele>150.56</ele>
        <time>2026-05-12T17:31:04Z</time>
      </trkpt>
      <trkpt lat="33.60633" lon="-117.76482">
        <ele>150.08</ele>
        <time>2026-05-12T17:31:07Z</time>
      </trkpt>
      <trkpt lat="33.60633" lon="-117.76478">
        <ele>149.38</ele>
        <time>2026-05-12T17:31:10Z</time>
      </trkpt>
      <trkpt lat="33.60632" lon="-117.76474">
        <ele>148.59</ele>
        <time>2026-05-12T17:31:13Z</time>
      </trkpt>
      <trkpt lat="33.60631" lon="-117.76471">
        <ele>148.02</ele>
        <time>2026-05-12T17:31:16Z</time>
      </trkpt>
      <trkpt lat="33.60631" lon="-117.76467">
        <ele>147.58</ele>
        <time>2026-05-12T17:31:19Z</time>
      </trkpt>
      <trkpt lat="33.60631" lon="-117.76464">
        <ele>147.26</ele>
        <time>2026-05-12T17:31:22Z</time>
      </trkpt>
      <trkpt lat="33.60631" lon="-117.7646">
        <ele>146.83</ele>
        <time>2026-05-12T17:31:25Z</time>
      </trkpt>
      <trkpt lat="33.60631" lon="-117.76455">
        <ele>146.29</ele>
        <time>2026-05-12T17:31:28Z</time>
      </trkpt>
      <trkpt lat="33.60632" lon="-117.76452">
        <ele>146.07</ele>
        <time>2026-05-12T17:31:31Z</time>
      </trkpt>
      <trkpt lat="33.60632" lon="-117.76448">
        <ele>145.64</ele>
        <time>2026-05-12T17:31:34Z</time>
      </trkpt>
      <trkpt lat="33.60633" lon="-117.76445">
        <ele>145.42</ele>
        <time>2026-05-12T17:31:37Z</time>
      </trkpt>
      <trkpt lat="33.60634" lon="-117.76441">
        <ele>145.28</ele>
        <time>2026-05-12T17:31:40Z</time>
      </trkpt>
      <trkpt lat="33.60635" lon="-117.76437">
        <ele>145.24</ele>
        <time>2026-05-12T17:31:43Z</time>
      </trkpt>
      <trkpt lat="33.60637" lon="-117.76434">
        <ele>145.49</ele>
        <time>2026-05-12T17:31:45Z</time>
      </trkpt>
      <trkpt lat="33.60639" lon="-117.76432">
        <ele>145.64</ele>
        <time>2026-05-12T17:31:47Z</time>
      </trkpt>
      <trkpt lat="33.60641" lon="-117.7643">
        <ele>145.21</ele>
        <time>2026-05-12T17:31:49Z</time>
      </trkpt>
      <trkpt lat="33.60643" lon="-117.76427">
        <ele>144.67</ele>
        <time>2026-05-12T17:31:52Z</time>
      </trkpt>
      <trkpt lat="33.60641" lon="-117.76423">
        <ele>144.77</ele>
        <time>2026-05-12T17:31:55Z</time>
      </trkpt>
      <trkpt lat="33.6064" lon="-117.76419">
        <ele>144.88</ele>
        <time>2026-05-12T17:31:58Z</time>
      </trkpt>
      <trkpt lat="33.60639" lon="-117.76415">
        <ele>144.99</ele>
        <time>2026-05-12T17:32:01Z</time>
      </trkpt>
      <trkpt lat="33.60638" lon="-117.76411">
        <ele>144.96</ele>
        <time>2026-05-12T17:32:04Z</time>
      </trkpt>
      <trkpt lat="33.60637" lon="-117.76407">
        <ele>145.0</ele>
        <time>2026-05-12T17:32:07Z</time>
      </trkpt>
      <trkpt lat="33.60636" lon="-117.76403">
        <ele>145.0</ele>
        <time>2026-05-12T17:32:10Z</time>
      </trkpt>
      <trkpt lat="33.60634" lon="-117.76399">
        <ele>145.0</ele>
        <time>2026-05-12T17:32:13Z</time>
      </trkpt>
      <trkpt lat="33.60634" lon="-117.76395">
        <ele>145.0</ele>
        <time>2026-05-12T17:32:16Z</time>
      </trkpt>
      <trkpt lat="33.60632" lon="-117.76392">
        <ele>145.0</ele>
        <time>2026-05-12T17:32:19Z</time>
      </trkpt>
      <trkpt lat="33.60629" lon="-117.76389">
        <ele>144.86</ele>
        <time>2026-05-12T17:32:22Z</time>
      </trkpt>
      <trkpt lat="33.60628" lon="-117.76386">
        <ele>144.7</ele>
        <time>2026-05-12T17:32:25Z</time>
      </trkpt>
      <trkpt lat="33.60627" lon="-117.76382">
        <ele>144.64</ele>
        <time>2026-05-12T17:32:28Z</time>
      </trkpt>
      <trkpt lat="33.60626" lon="-117.76378">
        <ele>144.5</ele>
        <time>2026-05-12T17:32:31Z</time>
      </trkpt>
      <trkpt lat="33.60624" lon="-117.76376">
        <ele>144.24</ele>
        <time>2026-05-12T17:32:34Z</time>
      </trkpt>
      <trkpt lat="33.60621" lon="-117.76374">
        <ele>144.03</ele>
        <time>2026-05-12T17:32:37Z</time>
      </trkpt>
      <trkpt lat="33.60619" lon="-117.76371">
        <ele>143.57</ele>
        <time>2026-05-12T17:32:40Z</time>
      </trkpt>
      <trkpt lat="33.60617" lon="-117.76368">
        <ele>142.84</ele>
        <time>2026-05-12T17:32:43Z</time>
      </trkpt>
      <trkpt lat="33.60617" lon="-117.76364">
        <ele>142.72</ele>
        <time>2026-05-12T17:32:46Z</time>
      </trkpt>
      <trkpt lat="33.60619" lon="-117.7636">
        <ele>142.83</ele>
        <time>2026-05-12T17:32:49Z</time>
      </trkpt>
      <trkpt lat="33.6062" lon="-117.76356">
        <ele>142.94</ele>
        <time>2026-05-12T17:32:52Z</time>
      </trkpt>
      <trkpt lat="33.6062" lon="-117.76351">
        <ele>142.83</ele>
        <time>2026-05-12T17:32:55Z</time>
      </trkpt>
      <trkpt lat="33.6062" lon="-117.76348">
        <ele>142.52</ele>
        <time>2026-05-12T17:32:57Z</time>
      </trkpt>
      <trkpt lat="33.6062" lon="-117.76344">
        <ele>142.11</ele>
        <time>2026-05-12T17:33:00Z</time>
      </trkpt>
      <trkpt lat="33.60621" lon="-117.76341">
        <ele>141.99</ele>
        <time>2026-05-12T17:33:03Z</time>
      </trkpt>
      <trkpt lat="33.60623" lon="-117.76338">
        <ele>141.86</ele>
        <time>2026-05-12T17:33:06Z</time>
      </trkpt>
      <trkpt lat="33.60627" lon="-117.76338">
        <ele>141.64</ele>
        <time>2026-05-12T17:33:10Z</time>
      </trkpt>
      <trkpt lat="33.6063" lon="-117.7634">
        <ele>141.68</ele>
        <time>2026-05-12T17:33:13Z</time>
      </trkpt>
      <trkpt lat="33.60634" lon="-117.76343">
        <ele>141.57</ele>
        <time>2026-05-12T17:33:15Z</time>
      </trkpt>
      <trkpt lat="33.60637" lon="-117.76345">
        <ele>141.46</ele>
        <time>2026-05-12T17:33:17Z</time>
      </trkpt>
      <trkpt lat="33.60639" lon="-117.76347">
        <ele>141.45</ele>
        <time>2026-05-12T17:33:20Z</time>
      </trkpt>
      <trkpt lat="33.60642" lon="-117.76348">
        <ele>140.91</ele>
        <time>2026-05-12T17:33:23Z</time>
      </trkpt>
      <trkpt lat="33.60645" lon="-117.76348">
        <ele>140.26</ele>
        <time>2026-05-12T17:33:27Z</time>
      </trkpt>
      <trkpt lat="33.60647" lon="-117.76345">
        <ele>139.51</ele>
        <time>2026-05-12T17:33:31Z</time>
      </trkpt>
      <trkpt lat="33.60647" lon="-117.76341">
        <ele>139.08</ele>
        <time>2026-05-12T17:33:34Z</time>
      </trkpt>
      <trkpt lat="33.60645" lon="-117.76338">
        <ele>139.18</ele>
        <time>2026-05-12T17:33:37Z</time>
      </trkpt>
      <trkpt lat="33.60642" lon="-117.76335">
        <ele>139.51</ele>
        <time>2026-05-12T17:33:39Z</time>
      </trkpt>
      <trkpt lat="33.60641" lon="-117.76331">
        <ele>139.29</ele>
        <time>2026-05-12T17:33:41Z</time>
      </trkpt>
      <trkpt lat="33.60639" lon="-117.76328">
        <ele>139.4</ele>
        <time>2026-05-12T17:33:43Z</time>
      </trkpt>
      <trkpt lat="33.60638" lon="-117.76324">
        <ele>139.18</ele>
        <time>2026-05-12T17:33:45Z</time>
      </trkpt>
      <trkpt lat="33.60638" lon="-117.76321">
        <ele>138.86</ele>
        <time>2026-05-12T17:33:47Z</time>
      </trkpt>
      <trkpt lat="33.60637" lon="-117.76316">
        <ele>138.54</ele>
        <time>2026-05-12T17:33:50Z</time>
      </trkpt>
      <trkpt lat="33.60637" lon="-117.76312">
        <ele>138.04</ele>
        <time>2026-05-12T17:33:53Z</time>
      </trkpt>
      <trkpt lat="33.60637" lon="-117.76308">
        <ele>137.52</ele>
        <time>2026-05-12T17:33:56Z</time>
      </trkpt>
      <trkpt lat="33.60637" lon="-117.76304">
        <ele>137.04</ele>
        <time>2026-05-12T17:33:59Z</time>
      </trkpt>
      <trkpt lat="33.60636" lon="-117.76301">
        <ele>136.82</ele>
        <time>2026-05-12T17:34:02Z</time>
      </trkpt>
      <trkpt lat="33.60635" lon="-117.76298">
        <ele>136.6</ele>
        <time>2026-05-12T17:34:07Z</time>
      </trkpt>
      <trkpt lat="33.60638" lon="-117.76298">
        <ele>136.28</ele>
        <time>2026-05-12T17:34:11Z</time>
      </trkpt>
      <trkpt lat="33.6064" lon="-117.76299">
        <ele>136.05</ele>
        <time>2026-05-12T17:34:13Z</time>
      </trkpt>
      <trkpt lat="33.60642" lon="-117.76301">
        <ele>135.84</ele>
        <time>2026-05-12T17:34:15Z</time>
      </trkpt>
      <trkpt lat="33.60645" lon="-117.76304">
        <ele>135.51</ele>
        <time>2026-05-12T17:34:17Z</time>
      </trkpt>
      <trkpt lat="33.60647" lon="-117.76307">
        <ele>135.4</ele>
        <time>2026-05-12T17:34:19Z</time>
      </trkpt>
      <trkpt lat="33.60649" lon="-117.7631">
        <ele>135.3</ele>
        <time>2026-05-12T17:34:21Z</time>
      </trkpt>
      <trkpt lat="33.60651" lon="-117.76314">
        <ele>135.3</ele>
        <time>2026-05-12T17:34:24Z</time>
      </trkpt>
      <trkpt lat="33.60653" lon="-117.76317">
        <ele>135.06</ele>
        <time>2026-05-12T17:34:27Z</time>
      </trkpt>
      <trkpt lat="33.60656" lon="-117.76321">
        <ele>134.41</ele>
        <time>2026-05-12T17:34:30Z</time>
      </trkpt>
      <trkpt lat="33.60658" lon="-117.76324">
        <ele>133.87</ele>
        <time>2026-05-12T17:34:33Z</time>
      </trkpt>
      <trkpt lat="33.60661" lon="-117.76328">
        <ele>133.91</ele>
        <time>2026-05-12T17:34:36Z</time>
      </trkpt>
      <trkpt lat="33.60664" lon="-117.76331">
        <ele>133.54</ele>
        <time>2026-05-12T17:34:39Z</time>
      </trkpt>
      <trkpt lat="33.60667" lon="-117.76334">
        <ele>133.0</ele>
        <time>2026-05-12T17:34:42Z</time>
      </trkpt>
      <trkpt lat="33.60669" lon="-117.76338">
        <ele>133.0</ele>
        <time>2026-05-12T17:34:45Z</time>
      </trkpt>
      <trkpt lat="33.60671" lon="-117.76342">
        <ele>133.0</ele>
        <time>2026-05-12T17:34:48Z</time>
      </trkpt>
      <trkpt lat="33.60673" lon="-117.76345">
        <ele>132.89</ele>
        <time>2026-05-12T17:34:51Z</time>
      </trkpt>
      <trkpt lat="33.60676" lon="-117.76347">
        <ele>132.46</ele>
        <time>2026-05-12T17:34:54Z</time>
      </trkpt>
      <trkpt lat="33.60678" lon="-117.76344">
        <ele>131.7</ele>
        <time>2026-05-12T17:34:57Z</time>
      </trkpt>
      <trkpt lat="33.6068" lon="-117.76341">
        <ele>130.95</ele>
        <time>2026-05-12T17:34:59Z</time>
      </trkpt>
      <trkpt lat="33.60681" lon="-117.76338">
        <ele>130.41</ele>
        <time>2026-05-12T17:35:01Z</time>
      </trkpt>
      <trkpt lat="33.60681" lon="-117.76334">
        <ele>129.98</ele>
        <time>2026-05-12T17:35:03Z</time>
      </trkpt>
      <trkpt lat="33.60678" lon="-117.76331">
        <ele>130.3</ele>
        <time>2026-05-12T17:35:05Z</time>
      </trkpt>
      <trkpt lat="33.60675" lon="-117.76328">
        <ele>130.62</ele>
        <time>2026-05-12T17:35:07Z</time>
      </trkpt>
      <trkpt lat="33.60673" lon="-117.76326">
        <ele>130.84</ele>
        <time>2026-05-12T17:35:09Z</time>
      </trkpt>
      <trkpt lat="33.60673" lon="-117.76321">
        <ele>130.3</ele>
        <time>2026-05-12T17:35:12Z</time>
      </trkpt>
      <trkpt lat="33.60674" lon="-117.76318">
        <ele>129.76</ele>
        <time>2026-05-12T17:35:15Z</time>
      </trkpt>
      <trkpt lat="33.60674" lon="-117.76313">
        <ele>129.26</ele>
        <time>2026-05-12T17:35:18Z</time>
      </trkpt>
      <trkpt lat="33.60676" lon="-117.7631">
        <ele>128.47</ele>
        <time>2026-05-12T17:35:21Z</time>
      </trkpt>
      <trkpt lat="33.6068" lon="-117.76312">
        <ele>127.95</ele>
        <time>2026-05-12T17:35:23Z</time>
      </trkpt>
      <trkpt lat="33.60683" lon="-117.76316">
        <ele>127.6</ele>
        <time>2026-05-12T17:35:25Z</time>
      </trkpt>
      <trkpt lat="33.60685" lon="-117.76319">
        <ele>127.49</ele>
        <time>2026-05-12T17:35:27Z</time>
      </trkpt>
      <trkpt lat="33.60687" lon="-117.76321">
        <ele>127.28</ele>
        <time>2026-05-12T17:35:29Z</time>
      </trkpt>
      <trkpt lat="33.6069" lon="-117.76323">
        <ele>126.84</ele>
        <time>2026-05-12T17:35:32Z</time>
      </trkpt>
      <trkpt lat="33.60693" lon="-117.76325">
        <ele>126.41</ele>
        <time>2026-05-12T17:35:35Z</time>
      </trkpt>
      <trkpt lat="33.60696" lon="-117.76328">
        <ele>126.09</ele>
        <time>2026-05-12T17:35:38Z</time>
      </trkpt>
      <trkpt lat="33.60698" lon="-117.7633">
        <ele>125.87</ele>
        <time>2026-05-12T17:35:40Z</time>
      </trkpt>
      <trkpt lat="33.607" lon="-117.76333">
        <ele>125.76</ele>
        <time>2026-05-12T17:35:42Z</time>
      </trkpt>
      <trkpt lat="33.60702" lon="-117.76336">
        <ele>125.89</ele>
        <time>2026-05-12T17:35:44Z</time>
      </trkpt>
      <trkpt lat="33.60703" lon="-117.76339">
        <ele>126.33</ele>
        <time>2026-05-12T17:35:46Z</time>
      </trkpt>
      <trkpt lat="33.60705" lon="-117.76341">
        <ele>126.4</ele>
        <time>2026-05-12T17:35:48Z</time>
      </trkpt>
      <trkpt lat="33.60706" lon="-117.76344">
        <ele>126.66</ele>
        <time>2026-05-12T17:35:50Z</time>
      </trkpt>
      <trkpt lat="33.60708" lon="-117.76348">
        <ele>126.66</ele>
        <time>2026-05-12T17:35:53Z</time>
      </trkpt>
      <trkpt lat="33.60711" lon="-117.7635">
        <ele>126.22</ele>
        <time>2026-05-12T17:35:56Z</time>
      </trkpt>
      <trkpt lat="33.60714" lon="-117.76351">
        <ele>125.8</ele>
        <time>2026-05-12T17:36:00Z</time>
      </trkpt>
      <trkpt lat="33.60717" lon="-117.7635">
        <ele>125.36</ele>
        <time>2026-05-12T17:36:04Z</time>
      </trkpt>
      <trkpt lat="33.6072" lon="-117.7635">
        <ele>125.04</ele>
        <time>2026-05-12T17:36:08Z</time>
      </trkpt>
      <trkpt lat="33.60723" lon="-117.76351">
        <ele>124.91</ele>
        <time>2026-05-12T17:36:11Z</time>
      </trkpt>
      <trkpt lat="33.60725" lon="-117.76353">
        <ele>125.12</ele>
        <time>2026-05-12T17:36:14Z</time>
      </trkpt>
      <trkpt lat="33.60728" lon="-117.76355">
        <ele>125.34</ele>
        <time>2026-05-12T17:36:17Z</time>
      </trkpt>
      <trkpt lat="33.60731" lon="-117.76356">
        <ele>125.45</ele>
        <time>2026-05-12T17:36:20Z</time>
      </trkpt>
      <trkpt lat="33.60735" lon="-117.76358">
        <ele>126.04</ele>
        <time>2026-05-12T17:36:23Z</time>
      </trkpt>
      <trkpt lat="33.60738" lon="-117.76359">
        <ele>126.48</ele>
        <time>2026-05-12T17:36:25Z</time>
      </trkpt>
      <trkpt lat="33.60741" lon="-117.7636">
        <ele>126.82</ele>
        <time>2026-05-12T17:36:27Z</time>
      </trkpt>
      <trkpt lat="33.60744" lon="-117.76361">
        <ele>126.28</ele>
        <time>2026-05-12T17:36:29Z</time>
      </trkpt>
      <trkpt lat="33.60747" lon="-117.76362">
        <ele>125.81</ele>
        <time>2026-05-12T17:36:31Z</time>
      </trkpt>
      <trkpt lat="33.6075" lon="-117.76363">
        <ele>125.41</ele>
        <time>2026-05-12T17:36:34Z</time>
      </trkpt>
      <trkpt lat="33.60753" lon="-117.76363">
        <ele>125.41</ele>
        <time>2026-05-12T17:36:37Z</time>
      </trkpt>
      <trkpt lat="33.60757" lon="-117.76362">
        <ele>125.19</ele>
        <time>2026-05-12T17:36:40Z</time>
      </trkpt>
      <trkpt lat="33.6076" lon="-117.7636">
        <ele>124.95</ele>
        <time>2026-05-12T17:36:43Z</time>
      </trkpt>
      <trkpt lat="33.60763" lon="-117.76358">
        <ele>124.93</ele>
        <time>2026-05-12T17:36:46Z</time>
      </trkpt>
      <trkpt lat="33.60764" lon="-117.76353">
        <ele>124.19</ele>
        <time>2026-05-12T17:36:49Z</time>
      </trkpt>
      <trkpt lat="33.60764" lon="-117.7635">
        <ele>123.7</ele>
        <time>2026-05-12T17:36:51Z</time>
      </trkpt>
      <trkpt lat="33.60766" lon="-117.76346">
        <ele>123.2</ele>
        <time>2026-05-12T17:36:54Z</time>
      </trkpt>
      <trkpt lat="33.60767" lon="-117.76342">
        <ele>122.78</ele>
        <time>2026-05-12T17:36:57Z</time>
      </trkpt>
      <trkpt lat="33.60768" lon="-117.76339">
        <ele>122.58</ele>
        <time>2026-05-12T17:37:00Z</time>
      </trkpt>
      <trkpt lat="33.60769" lon="-117.76335">
        <ele>122.18</ele>
        <time>2026-05-12T17:37:03Z</time>
      </trkpt>
      <trkpt lat="33.60771" lon="-117.76332">
        <ele>122.0</ele>
        <time>2026-05-12T17:37:06Z</time>
      </trkpt>
      <trkpt lat="33.60772" lon="-117.76329">
        <ele>122.0</ele>
        <time>2026-05-12T17:37:10Z</time>
      </trkpt>
      <trkpt lat="33.60769" lon="-117.76326">
        <ele>122.0</ele>
        <time>2026-05-12T17:37:13Z</time>
      </trkpt>
      <trkpt lat="33.60765" lon="-117.76329">
        <ele>122.0</ele>
        <time>2026-05-12T17:37:22Z</time>
      </trkpt>
    </trkseg>
  </trk>
</gpx>
