<?xml version="1.0"?>
<gpx xmlns="http://www.topografix.com/GPX/1/1" xmlns:xsi="http://www.w3.org/2001/XMLSchema-instance" version="1.1" creator="AllTrails.com" xsi:schemaLocation="http://www.topografix.com/GPX/1/1 http://www.topografix.com/GPX/1/1/gpx.xsd">
  <metadata>
    <name><![CDATA[NIX-Camarillo-Trail-Loop]]></name>
    <desc><![CDATA[]]></desc>
    <link href="http://www.alltrails.com">
      <text>AllTrails, LLC</text>
    </link>
    <bounds minlat="33.59881" minlon="-117.77622" maxlat="33.61907" maxlon="-117.76298"/>
  </metadata>
  <trk>
    <name><![CDATA[NIX-Camarillo-Trail-Loop]]></name>
    <src>AllTrails</src>
    <trkseg>
      <trkpt lat="33.60764" lon="-117.76322">
        <ele>121.89</ele>
        <time>2026-05-02T15:24:20Z</time>
      </trkpt>
      <trkpt lat="33.60767" lon="-117.76324">
        <ele>122.0</ele>
        <time>2026-05-02T15:24:23Z</time>
      </trkpt>
      <trkpt lat="33.60769" lon="-117.76325">
        <ele>122.0</ele>
        <time>2026-05-02T15:24:25Z</time>
      </trkpt>
      <trkpt lat="33.60773" lon="-117.76327">
        <ele>122.0</ele>
        <time>2026-05-02T15:24:28Z</time>
      </trkpt>
      <trkpt lat="33.60776" lon="-117.76328">
        <ele>122.0</ele>
        <time>2026-05-02T15:24:31Z</time>
      </trkpt>
      <trkpt lat="33.6078" lon="-117.7633">
        <ele>122.15</ele>
        <time>2026-05-02T15:24:34Z</time>
      </trkpt>
      <trkpt lat="33.60783" lon="-117.76332">
        <ele>122.48</ele>
        <time>2026-05-02T15:24:37Z</time>
      </trkpt>
      <trkpt lat="33.60786" lon="-117.76334">
        <ele>122.96</ele>
        <time>2026-05-02T15:24:40Z</time>
      </trkpt>
      <trkpt lat="33.6079" lon="-117.76336">
        <ele>123.2</ele>
        <time>2026-05-02T15:24:43Z</time>
      </trkpt>
      <trkpt lat="33.60793" lon="-117.76338">
        <ele>123.18</ele>
        <time>2026-05-02T15:24:46Z</time>
      </trkpt>
      <trkpt lat="33.60797" lon="-117.7634">
        <ele>123.05</ele>
        <time>2026-05-02T15:24:49Z</time>
      </trkpt>
      <trkpt lat="33.608" lon="-117.76343">
        <ele>123.45</ele>
        <time>2026-05-02T15:24:52Z</time>
      </trkpt>
      <trkpt lat="33.60802" lon="-117.76346">
        <ele>123.9</ele>
        <time>2026-05-02T15:24:54Z</time>
      </trkpt>
      <trkpt lat="33.60804" lon="-117.76349">
        <ele>124.06</ele>
        <time>2026-05-02T15:24:56Z</time>
      </trkpt>
      <trkpt lat="33.60806" lon="-117.76352">
        <ele>124.02</ele>
        <time>2026-05-02T15:24:58Z</time>
      </trkpt>
      <trkpt lat="33.60808" lon="-117.76355">
        <ele>124.34</ele>
        <time>2026-05-02T15:25:01Z</time>
      </trkpt>
      <trkpt lat="33.6081" lon="-117.76358">
        <ele>124.66</ele>
        <time>2026-05-02T15:25:04Z</time>
      </trkpt>
      <trkpt lat="33.6081" lon="-117.76363">
        <ele>125.11</ele>
        <time>2026-05-02T15:25:07Z</time>
      </trkpt>
      <trkpt lat="33.60809" lon="-117.76367">
        <ele>125.4</ele>
        <time>2026-05-02T15:25:10Z</time>
      </trkpt>
      <trkpt lat="33.60807" lon="-117.76369">
        <ele>125.72</ele>
        <time>2026-05-02T15:25:12Z</time>
      </trkpt>
      <trkpt lat="33.60805" lon="-117.76372">
        <ele>125.89</ele>
        <time>2026-05-02T15:25:14Z</time>
      </trkpt>
      <trkpt lat="33.60804" lon="-117.76375">
        <ele>125.75</ele>
        <time>2026-05-02T15:25:16Z</time>
      </trkpt>
      <trkpt lat="33.60803" lon="-117.76378">
        <ele>125.68</ele>
        <time>2026-05-02T15:25:18Z</time>
      </trkpt>
      <trkpt lat="33.60801" lon="-117.76382">
        <ele>126.24</ele>
        <time>2026-05-02T15:25:21Z</time>
      </trkpt>
      <trkpt lat="33.608" lon="-117.76386">
        <ele>126.89</ele>
        <time>2026-05-02T15:25:24Z</time>
      </trkpt>
      <trkpt lat="33.60799" lon="-117.76391">
        <ele>127.42</ele>
        <time>2026-05-02T15:25:27Z</time>
      </trkpt>
      <trkpt lat="33.60798" lon="-117.76394">
        <ele>127.63</ele>
        <time>2026-05-02T15:25:29Z</time>
      </trkpt>
      <trkpt lat="33.60797" lon="-117.76397">
        <ele>127.85</ele>
        <time>2026-05-02T15:25:31Z</time>
      </trkpt>
      <trkpt lat="33.60795" lon="-117.764">
        <ele>127.97</ele>
        <time>2026-05-02T15:25:33Z</time>
      </trkpt>
      <trkpt lat="33.60794" lon="-117.76403">
        <ele>127.85</ele>
        <time>2026-05-02T15:25:35Z</time>
      </trkpt>
      <trkpt lat="33.60793" lon="-117.76406">
        <ele>127.81</ele>
        <time>2026-05-02T15:25:37Z</time>
      </trkpt>
      <trkpt lat="33.60792" lon="-117.76409">
        <ele>127.93</ele>
        <time>2026-05-02T15:25:39Z</time>
      </trkpt>
      <trkpt lat="33.60791" lon="-117.76413">
        <ele>128.14</ele>
        <time>2026-05-02T15:25:42Z</time>
      </trkpt>
      <trkpt lat="33.60792" lon="-117.76417">
        <ele>127.93</ele>
        <time>2026-05-02T15:25:46Z</time>
      </trkpt>
      <trkpt lat="33.60795" lon="-117.76418">
        <ele>127.28</ele>
        <time>2026-05-02T15:25:48Z</time>
      </trkpt>
      <trkpt lat="33.608" lon="-117.76419">
        <ele>127.0</ele>
        <time>2026-05-02T15:25:57Z</time>
      </trkpt>
      <trkpt lat="33.60797" lon="-117.76423">
        <ele>127.0</ele>
        <time>2026-05-02T15:26:04Z</time>
      </trkpt>
      <trkpt lat="33.60797" lon="-117.76417">
        <ele>127.0</ele>
        <time>2026-05-02T15:26:46Z</time>
      </trkpt>
      <trkpt lat="33.60798" lon="-117.76412">
        <ele>127.0</ele>
        <time>2026-05-02T15:26:52Z</time>
      </trkpt>
      <trkpt lat="33.60801" lon="-117.76418">
        <ele>127.0</ele>
        <time>2026-05-02T15:27:15Z</time>
      </trkpt>
      <trkpt lat="33.60809" lon="-117.76418">
        <ele>127.0</ele>
        <time>2026-05-02T15:27:18Z</time>
      </trkpt>
      <trkpt lat="33.60814" lon="-117.7642">
        <ele>127.0</ele>
        <time>2026-05-02T15:27:22Z</time>
      </trkpt>
      <trkpt lat="33.60815" lon="-117.76425">
        <ele>127.0</ele>
        <time>2026-05-02T15:27:26Z</time>
      </trkpt>
      <trkpt lat="33.60815" lon="-117.7643">
        <ele>127.01</ele>
        <time>2026-05-02T15:27:28Z</time>
      </trkpt>
      <trkpt lat="33.60816" lon="-117.76435">
        <ele>127.13</ele>
        <time>2026-05-02T15:27:31Z</time>
      </trkpt>
      <trkpt lat="33.60818" lon="-117.76438">
        <ele>127.74</ele>
        <time>2026-05-02T15:27:35Z</time>
      </trkpt>
      <trkpt lat="33.60821" lon="-117.76441">
        <ele>128.08</ele>
        <time>2026-05-02T15:27:40Z</time>
      </trkpt>
      <trkpt lat="33.60823" lon="-117.76443">
        <ele>128.08</ele>
        <time>2026-05-02T15:27:44Z</time>
      </trkpt>
      <trkpt lat="33.60825" lon="-117.76445">
        <ele>128.11</ele>
        <time>2026-05-02T15:27:47Z</time>
      </trkpt>
      <trkpt lat="33.60828" lon="-117.76448">
        <ele>128.61</ele>
        <time>2026-05-02T15:27:50Z</time>
      </trkpt>
      <trkpt lat="33.6083" lon="-117.76451">
        <ele>128.96</ele>
        <time>2026-05-02T15:27:53Z</time>
      </trkpt>
      <trkpt lat="33.60833" lon="-117.76453">
        <ele>128.96</ele>
        <time>2026-05-02T15:27:56Z</time>
      </trkpt>
      <trkpt lat="33.60835" lon="-117.76456">
        <ele>129.41</ele>
        <time>2026-05-02T15:27:59Z</time>
      </trkpt>
      <trkpt lat="33.60838" lon="-117.76459">
        <ele>129.57</ele>
        <time>2026-05-02T15:28:02Z</time>
      </trkpt>
      <trkpt lat="33.60841" lon="-117.76462">
        <ele>129.31</ele>
        <time>2026-05-02T15:28:05Z</time>
      </trkpt>
      <trkpt lat="33.60843" lon="-117.76466">
        <ele>129.33</ele>
        <time>2026-05-02T15:28:08Z</time>
      </trkpt>
      <trkpt lat="33.60844" lon="-117.76469">
        <ele>129.65</ele>
        <time>2026-05-02T15:28:10Z</time>
      </trkpt>
      <trkpt lat="33.60845" lon="-117.76472">
        <ele>129.98</ele>
        <time>2026-05-02T15:28:12Z</time>
      </trkpt>
      <trkpt lat="33.60847" lon="-117.76477">
        <ele>130.27</ele>
        <time>2026-05-02T15:28:15Z</time>
      </trkpt>
      <trkpt lat="33.60847" lon="-117.76481">
        <ele>130.5</ele>
        <time>2026-05-02T15:28:18Z</time>
      </trkpt>
      <trkpt lat="33.60845" lon="-117.76484">
        <ele>131.01</ele>
        <time>2026-05-02T15:28:20Z</time>
      </trkpt>
      <trkpt lat="33.60845" lon="-117.76488">
        <ele>131.44</ele>
        <time>2026-05-02T15:28:23Z</time>
      </trkpt>
      <trkpt lat="33.60845" lon="-117.76492">
        <ele>131.74</ele>
        <time>2026-05-02T15:28:26Z</time>
      </trkpt>
      <trkpt lat="33.60845" lon="-117.76496">
        <ele>131.74</ele>
        <time>2026-05-02T15:28:29Z</time>
      </trkpt>
      <trkpt lat="33.60847" lon="-117.765">
        <ele>131.52</ele>
        <time>2026-05-02T15:28:32Z</time>
      </trkpt>
      <trkpt lat="33.60849" lon="-117.76504">
        <ele>131.61</ele>
        <time>2026-05-02T15:28:35Z</time>
      </trkpt>
      <trkpt lat="33.60851" lon="-117.76506">
        <ele>131.68</ele>
        <time>2026-05-02T15:28:37Z</time>
      </trkpt>
      <trkpt lat="33.60853" lon="-117.76508">
        <ele>131.86</ele>
        <time>2026-05-02T15:28:39Z</time>
      </trkpt>
      <trkpt lat="33.60856" lon="-117.76508">
        <ele>131.86</ele>
        <time>2026-05-02T15:28:42Z</time>
      </trkpt>
      <trkpt lat="33.60859" lon="-117.76505">
        <ele>131.54</ele>
        <time>2026-05-02T15:28:44Z</time>
      </trkpt>
      <trkpt lat="33.6086" lon="-117.76502">
        <ele>131.22</ele>
        <time>2026-05-02T15:28:46Z</time>
      </trkpt>
      <trkpt lat="33.60862" lon="-117.76498">
        <ele>130.9</ele>
        <time>2026-05-02T15:28:49Z</time>
      </trkpt>
      <trkpt lat="33.60865" lon="-117.76494">
        <ele>131.04</ele>
        <time>2026-05-02T15:28:52Z</time>
      </trkpt>
      <trkpt lat="33.60866" lon="-117.76491">
        <ele>131.07</ele>
        <time>2026-05-02T15:28:56Z</time>
      </trkpt>
      <trkpt lat="33.60867" lon="-117.76488">
        <ele>131.08</ele>
        <time>2026-05-02T15:28:59Z</time>
      </trkpt>
      <trkpt lat="33.60868" lon="-117.76484">
        <ele>130.95</ele>
        <time>2026-05-02T15:29:02Z</time>
      </trkpt>
      <trkpt lat="33.60868" lon="-117.7648">
        <ele>130.7</ele>
        <time>2026-05-02T15:29:05Z</time>
      </trkpt>
      <trkpt lat="33.60869" lon="-117.76476">
        <ele>130.76</ele>
        <time>2026-05-02T15:29:08Z</time>
      </trkpt>
      <trkpt lat="33.60872" lon="-117.76481">
        <ele>131.35</ele>
        <time>2026-05-02T15:29:13Z</time>
      </trkpt>
      <trkpt lat="33.60873" lon="-117.76485">
        <ele>131.95</ele>
        <time>2026-05-02T15:29:15Z</time>
      </trkpt>
      <trkpt lat="33.60877" lon="-117.76485">
        <ele>132.81</ele>
        <time>2026-05-02T15:29:18Z</time>
      </trkpt>
      <trkpt lat="33.6088" lon="-117.76484">
        <ele>133.21</ele>
        <time>2026-05-02T15:29:20Z</time>
      </trkpt>
      <trkpt lat="33.60882" lon="-117.76484">
        <ele>132.88</ele>
        <time>2026-05-02T15:29:22Z</time>
      </trkpt>
      <trkpt lat="33.60886" lon="-117.76486">
        <ele>132.13</ele>
        <time>2026-05-02T15:29:25Z</time>
      </trkpt>
      <trkpt lat="33.60889" lon="-117.76489">
        <ele>131.17</ele>
        <time>2026-05-02T15:29:28Z</time>
      </trkpt>
      <trkpt lat="33.60892" lon="-117.76492">
        <ele>130.71</ele>
        <time>2026-05-02T15:29:31Z</time>
      </trkpt>
      <trkpt lat="33.60895" lon="-117.76494">
        <ele>130.57</ele>
        <time>2026-05-02T15:29:34Z</time>
      </trkpt>
      <trkpt lat="33.60897" lon="-117.76498">
        <ele>130.81</ele>
        <time>2026-05-02T15:29:37Z</time>
      </trkpt>
      <trkpt lat="33.60898" lon="-117.76501">
        <ele>131.11</ele>
        <time>2026-05-02T15:29:40Z</time>
      </trkpt>
      <trkpt lat="33.609" lon="-117.76505">
        <ele>131.45</ele>
        <time>2026-05-02T15:29:43Z</time>
      </trkpt>
      <trkpt lat="33.60901" lon="-117.76509">
        <ele>131.96</ele>
        <time>2026-05-02T15:29:46Z</time>
      </trkpt>
      <trkpt lat="33.60902" lon="-117.76512">
        <ele>132.59</ele>
        <time>2026-05-02T15:29:49Z</time>
      </trkpt>
      <trkpt lat="33.60903" lon="-117.76515">
        <ele>133.24</ele>
        <time>2026-05-02T15:29:52Z</time>
      </trkpt>
      <trkpt lat="33.60904" lon="-117.76519">
        <ele>134.16</ele>
        <time>2026-05-02T15:29:56Z</time>
      </trkpt>
      <trkpt lat="33.60906" lon="-117.76522">
        <ele>135.13</ele>
        <time>2026-05-02T15:30:00Z</time>
      </trkpt>
      <trkpt lat="33.60908" lon="-117.76524">
        <ele>135.65</ele>
        <time>2026-05-02T15:30:04Z</time>
      </trkpt>
      <trkpt lat="33.60909" lon="-117.76528">
        <ele>136.7</ele>
        <time>2026-05-02T15:30:09Z</time>
      </trkpt>
      <trkpt lat="33.60908" lon="-117.76531">
        <ele>137.57</ele>
        <time>2026-05-02T15:30:14Z</time>
      </trkpt>
      <trkpt lat="33.60908" lon="-117.76534">
        <ele>138.22</ele>
        <time>2026-05-02T15:30:19Z</time>
      </trkpt>
      <trkpt lat="33.60908" lon="-117.76538">
        <ele>139.08</ele>
        <time>2026-05-02T15:30:23Z</time>
      </trkpt>
      <trkpt lat="33.60907" lon="-117.76541">
        <ele>139.79</ele>
        <time>2026-05-02T15:30:27Z</time>
      </trkpt>
      <trkpt lat="33.60908" lon="-117.76545">
        <ele>140.59</ele>
        <time>2026-05-02T15:30:31Z</time>
      </trkpt>
      <trkpt lat="33.60908" lon="-117.76548">
        <ele>141.07</ele>
        <time>2026-05-02T15:30:35Z</time>
      </trkpt>
      <trkpt lat="33.60907" lon="-117.76552">
        <ele>141.53</ele>
        <time>2026-05-02T15:30:39Z</time>
      </trkpt>
      <trkpt lat="33.60907" lon="-117.76556">
        <ele>141.96</ele>
        <time>2026-05-02T15:30:43Z</time>
      </trkpt>
      <trkpt lat="33.60907" lon="-117.7656">
        <ele>142.39</ele>
        <time>2026-05-02T15:30:47Z</time>
      </trkpt>
      <trkpt lat="33.60907" lon="-117.76564">
        <ele>142.82</ele>
        <time>2026-05-02T15:30:51Z</time>
      </trkpt>
      <trkpt lat="33.60908" lon="-117.76567">
        <ele>143.12</ele>
        <time>2026-05-02T15:30:54Z</time>
      </trkpt>
      <trkpt lat="33.60908" lon="-117.7657">
        <ele>143.47</ele>
        <time>2026-05-02T15:30:57Z</time>
      </trkpt>
      <trkpt lat="33.60909" lon="-117.76574">
        <ele>143.82</ele>
        <time>2026-05-02T15:31:00Z</time>
      </trkpt>
      <trkpt lat="33.60909" lon="-117.76577">
        <ele>144.14</ele>
        <time>2026-05-02T15:31:03Z</time>
      </trkpt>
      <trkpt lat="33.6091" lon="-117.7658">
        <ele>144.36</ele>
        <time>2026-05-02T15:31:06Z</time>
      </trkpt>
      <trkpt lat="33.60911" lon="-117.76584">
        <ele>144.68</ele>
        <time>2026-05-02T15:31:09Z</time>
      </trkpt>
      <trkpt lat="33.60911" lon="-117.76587">
        <ele>145.01</ele>
        <time>2026-05-02T15:31:12Z</time>
      </trkpt>
      <trkpt lat="33.60912" lon="-117.7659">
        <ele>145.22</ele>
        <time>2026-05-02T15:31:15Z</time>
      </trkpt>
      <trkpt lat="33.60913" lon="-117.76593">
        <ele>145.47</ele>
        <time>2026-05-02T15:31:18Z</time>
      </trkpt>
      <trkpt lat="33.60914" lon="-117.76596">
        <ele>145.92</ele>
        <time>2026-05-02T15:31:21Z</time>
      </trkpt>
      <trkpt lat="33.60915" lon="-117.766">
        <ele>146.64</ele>
        <time>2026-05-02T15:31:24Z</time>
      </trkpt>
      <trkpt lat="33.60915" lon="-117.76603">
        <ele>147.1</ele>
        <time>2026-05-02T15:31:27Z</time>
      </trkpt>
      <trkpt lat="33.60916" lon="-117.76606">
        <ele>147.42</ele>
        <time>2026-05-02T15:31:30Z</time>
      </trkpt>
      <trkpt lat="33.60917" lon="-117.76609">
        <ele>147.7</ele>
        <time>2026-05-02T15:31:33Z</time>
      </trkpt>
      <trkpt lat="33.60918" lon="-117.76613">
        <ele>147.95</ele>
        <time>2026-05-02T15:31:36Z</time>
      </trkpt>
      <trkpt lat="33.60918" lon="-117.76616">
        <ele>148.32</ele>
        <time>2026-05-02T15:31:39Z</time>
      </trkpt>
      <trkpt lat="33.60919" lon="-117.76619">
        <ele>148.56</ele>
        <time>2026-05-02T15:31:42Z</time>
      </trkpt>
      <trkpt lat="33.6092" lon="-117.76622">
        <ele>148.99</ele>
        <time>2026-05-02T15:31:45Z</time>
      </trkpt>
      <trkpt lat="33.6092" lon="-117.76625">
        <ele>149.64</ele>
        <time>2026-05-02T15:31:48Z</time>
      </trkpt>
      <trkpt lat="33.60921" lon="-117.76628">
        <ele>150.18</ele>
        <time>2026-05-02T15:31:51Z</time>
      </trkpt>
      <trkpt lat="33.60922" lon="-117.76632">
        <ele>150.72</ele>
        <time>2026-05-02T15:31:54Z</time>
      </trkpt>
      <trkpt lat="33.60922" lon="-117.76635">
        <ele>151.09</ele>
        <time>2026-05-02T15:31:57Z</time>
      </trkpt>
      <trkpt lat="33.60923" lon="-117.76638">
        <ele>151.55</ele>
        <time>2026-05-02T15:32:00Z</time>
      </trkpt>
      <trkpt lat="33.60924" lon="-117.76642">
        <ele>151.79</ele>
        <time>2026-05-02T15:32:04Z</time>
      </trkpt>
      <trkpt lat="33.60924" lon="-117.76645">
        <ele>151.79</ele>
        <time>2026-05-02T15:32:07Z</time>
      </trkpt>
      <trkpt lat="33.60925" lon="-117.7665">
        <ele>152.08</ele>
        <time>2026-05-02T15:32:11Z</time>
      </trkpt>
      <trkpt lat="33.60925" lon="-117.76654">
        <ele>152.47</ele>
        <time>2026-05-02T15:32:15Z</time>
      </trkpt>
      <trkpt lat="33.60925" lon="-117.76657">
        <ele>152.76</ele>
        <time>2026-05-02T15:32:18Z</time>
      </trkpt>
      <trkpt lat="33.60924" lon="-117.7666">
        <ele>152.64</ele>
        <time>2026-05-02T15:32:21Z</time>
      </trkpt>
      <trkpt lat="33.60924" lon="-117.76663">
        <ele>152.71</ele>
        <time>2026-05-02T15:32:24Z</time>
      </trkpt>
      <trkpt lat="33.60925" lon="-117.76667">
        <ele>152.93</ele>
        <time>2026-05-02T15:32:27Z</time>
      </trkpt>
      <trkpt lat="33.60925" lon="-117.76671">
        <ele>153.32</ele>
        <time>2026-05-02T15:32:29Z</time>
      </trkpt>
      <trkpt lat="33.60925" lon="-117.76675">
        <ele>153.71</ele>
        <time>2026-05-02T15:32:32Z</time>
      </trkpt>
      <trkpt lat="33.60925" lon="-117.76679">
        <ele>154.17</ele>
        <time>2026-05-02T15:32:36Z</time>
      </trkpt>
      <trkpt lat="33.60926" lon="-117.76682">
        <ele>154.65</ele>
        <time>2026-05-02T15:32:39Z</time>
      </trkpt>
      <trkpt lat="33.60927" lon="-117.76685">
        <ele>154.98</ele>
        <time>2026-05-02T15:32:43Z</time>
      </trkpt>
      <trkpt lat="33.60928" lon="-117.76689">
        <ele>155.5</ele>
        <time>2026-05-02T15:32:47Z</time>
      </trkpt>
      <trkpt lat="33.6093" lon="-117.76691">
        <ele>155.9</ele>
        <time>2026-05-02T15:32:52Z</time>
      </trkpt>
      <trkpt lat="33.60932" lon="-117.76694">
        <ele>156.58</ele>
        <time>2026-05-02T15:32:57Z</time>
      </trkpt>
      <trkpt lat="33.60933" lon="-117.76698">
        <ele>157.53</ele>
        <time>2026-05-02T15:33:02Z</time>
      </trkpt>
      <trkpt lat="33.60935" lon="-117.76701">
        <ele>158.4</ele>
        <time>2026-05-02T15:33:07Z</time>
      </trkpt>
      <trkpt lat="33.60936" lon="-117.76704">
        <ele>159.15</ele>
        <time>2026-05-02T15:33:12Z</time>
      </trkpt>
      <trkpt lat="33.60938" lon="-117.76707">
        <ele>160.02</ele>
        <time>2026-05-02T15:33:17Z</time>
      </trkpt>
      <trkpt lat="33.60939" lon="-117.7671">
        <ele>160.77</ele>
        <time>2026-05-02T15:33:22Z</time>
      </trkpt>
      <trkpt lat="33.60941" lon="-117.76713">
        <ele>161.63</ele>
        <time>2026-05-02T15:33:27Z</time>
      </trkpt>
      <trkpt lat="33.60943" lon="-117.76716">
        <ele>162.45</ele>
        <time>2026-05-02T15:33:32Z</time>
      </trkpt>
      <trkpt lat="33.60944" lon="-117.76719">
        <ele>163.22</ele>
        <time>2026-05-02T15:33:37Z</time>
      </trkpt>
      <trkpt lat="33.60946" lon="-117.76722">
        <ele>164.11</ele>
        <time>2026-05-02T15:33:42Z</time>
      </trkpt>
      <trkpt lat="33.60948" lon="-117.76725">
        <ele>165.17</ele>
        <time>2026-05-02T15:33:47Z</time>
      </trkpt>
      <trkpt lat="33.60949" lon="-117.76728">
        <ele>166.06</ele>
        <time>2026-05-02T15:33:52Z</time>
      </trkpt>
      <trkpt lat="33.60951" lon="-117.76731">
        <ele>166.88</ele>
        <time>2026-05-02T15:33:57Z</time>
      </trkpt>
      <trkpt lat="33.60952" lon="-117.76734">
        <ele>167.27</ele>
        <time>2026-05-02T15:34:00Z</time>
      </trkpt>
      <trkpt lat="33.60953" lon="-117.76738">
        <ele>167.7</ele>
        <time>2026-05-02T15:34:03Z</time>
      </trkpt>
      <trkpt lat="33.60954" lon="-117.76742">
        <ele>168.14</ele>
        <time>2026-05-02T15:34:06Z</time>
      </trkpt>
      <trkpt lat="33.60955" lon="-117.76745">
        <ele>168.46</ele>
        <time>2026-05-02T15:34:09Z</time>
      </trkpt>
      <trkpt lat="33.60955" lon="-117.76748">
        <ele>168.78</ele>
        <time>2026-05-02T15:34:12Z</time>
      </trkpt>
      <trkpt lat="33.60954" lon="-117.76752">
        <ele>169.22</ele>
        <time>2026-05-02T15:34:15Z</time>
      </trkpt>
      <trkpt lat="33.60952" lon="-117.76755">
        <ele>169.64</ele>
        <time>2026-05-02T15:34:18Z</time>
      </trkpt>
      <trkpt lat="33.60951" lon="-117.76759">
        <ele>170.26</ele>
        <time>2026-05-02T15:34:21Z</time>
      </trkpt>
      <trkpt lat="33.6095" lon="-117.76762">
        <ele>170.7</ele>
        <time>2026-05-02T15:34:24Z</time>
      </trkpt>
      <trkpt lat="33.6095" lon="-117.76765">
        <ele>171.02</ele>
        <time>2026-05-02T15:34:27Z</time>
      </trkpt>
      <trkpt lat="33.60949" lon="-117.76768">
        <ele>171.45</ele>
        <time>2026-05-02T15:34:30Z</time>
      </trkpt>
      <trkpt lat="33.60949" lon="-117.76771">
        <ele>172.04</ele>
        <time>2026-05-02T15:34:33Z</time>
      </trkpt>
      <trkpt lat="33.60948" lon="-117.76775">
        <ele>173.02</ele>
        <time>2026-05-02T15:34:37Z</time>
      </trkpt>
      <trkpt lat="33.60948" lon="-117.76779">
        <ele>173.88</ele>
        <time>2026-05-02T15:34:41Z</time>
      </trkpt>
      <trkpt lat="33.60948" lon="-117.76782">
        <ele>174.53</ele>
        <time>2026-05-02T15:34:45Z</time>
      </trkpt>
      <trkpt lat="33.60949" lon="-117.76786">
        <ele>175.28</ele>
        <time>2026-05-02T15:34:49Z</time>
      </trkpt>
      <trkpt lat="33.60949" lon="-117.76789">
        <ele>175.72</ele>
        <time>2026-05-02T15:34:53Z</time>
      </trkpt>
      <trkpt lat="33.60951" lon="-117.76792">
        <ele>175.83</ele>
        <time>2026-05-02T15:34:57Z</time>
      </trkpt>
      <trkpt lat="33.60953" lon="-117.76796">
        <ele>176.04</ele>
        <time>2026-05-02T15:35:01Z</time>
      </trkpt>
      <trkpt lat="33.60955" lon="-117.76799">
        <ele>176.5</ele>
        <time>2026-05-02T15:35:05Z</time>
      </trkpt>
      <trkpt lat="33.60957" lon="-117.76802">
        <ele>176.79</ele>
        <time>2026-05-02T15:35:09Z</time>
      </trkpt>
      <trkpt lat="33.6096" lon="-117.76803">
        <ele>176.46</ele>
        <time>2026-05-02T15:35:12Z</time>
      </trkpt>
      <trkpt lat="33.60963" lon="-117.76805">
        <ele>176.0</ele>
        <time>2026-05-02T15:35:15Z</time>
      </trkpt>
      <trkpt lat="33.60966" lon="-117.76806">
        <ele>176.08</ele>
        <time>2026-05-02T15:35:18Z</time>
      </trkpt>
      <trkpt lat="33.60969" lon="-117.76807">
        <ele>176.21</ele>
        <time>2026-05-02T15:35:20Z</time>
      </trkpt>
      <trkpt lat="33.60972" lon="-117.76807">
        <ele>176.16</ele>
        <time>2026-05-02T15:35:24Z</time>
      </trkpt>
      <trkpt lat="33.60975" lon="-117.76806">
        <ele>175.76</ele>
        <time>2026-05-02T15:35:28Z</time>
      </trkpt>
      <trkpt lat="33.60978" lon="-117.76804">
        <ele>175.14</ele>
        <time>2026-05-02T15:35:31Z</time>
      </trkpt>
      <trkpt lat="33.60981" lon="-117.76803">
        <ele>174.76</ele>
        <time>2026-05-02T15:35:34Z</time>
      </trkpt>
      <trkpt lat="33.60984" lon="-117.76801">
        <ele>174.51</ele>
        <time>2026-05-02T15:35:38Z</time>
      </trkpt>
      <trkpt lat="33.60986" lon="-117.768">
        <ele>174.4</ele>
        <time>2026-05-02T15:35:49Z</time>
      </trkpt>
      <trkpt lat="33.60989" lon="-117.76798">
        <ele>174.18</ele>
        <time>2026-05-02T15:35:53Z</time>
      </trkpt>
      <trkpt lat="33.60991" lon="-117.76797">
        <ele>174.05</ele>
        <time>2026-05-02T15:35:56Z</time>
      </trkpt>
      <trkpt lat="33.60994" lon="-117.76796">
        <ele>173.6</ele>
        <time>2026-05-02T15:35:58Z</time>
      </trkpt>
      <trkpt lat="33.60998" lon="-117.76796">
        <ele>173.18</ele>
        <time>2026-05-02T15:36:00Z</time>
      </trkpt>
      <trkpt lat="33.61002" lon="-117.76795">
        <ele>172.86</ele>
        <time>2026-05-02T15:36:02Z</time>
      </trkpt>
      <trkpt lat="33.61005" lon="-117.76795">
        <ele>172.86</ele>
        <time>2026-05-02T15:36:04Z</time>
      </trkpt>
      <trkpt lat="33.61009" lon="-117.76796">
        <ele>172.97</ele>
        <time>2026-05-02T15:36:07Z</time>
      </trkpt>
      <trkpt lat="33.61011" lon="-117.76799">
        <ele>173.1</ele>
        <time>2026-05-02T15:36:09Z</time>
      </trkpt>
      <trkpt lat="33.61013" lon="-117.76802">
        <ele>173.21</ele>
        <time>2026-05-02T15:36:11Z</time>
      </trkpt>
      <trkpt lat="33.61015" lon="-117.76805">
        <ele>173.32</ele>
        <time>2026-05-02T15:36:13Z</time>
      </trkpt>
      <trkpt lat="33.61017" lon="-117.76807">
        <ele>173.19</ele>
        <time>2026-05-02T15:36:15Z</time>
      </trkpt>
      <trkpt lat="33.61019" lon="-117.76809">
        <ele>172.9</ele>
        <time>2026-05-02T15:36:17Z</time>
      </trkpt>
      <trkpt lat="33.61022" lon="-117.76812">
        <ele>172.25</ele>
        <time>2026-05-02T15:36:20Z</time>
      </trkpt>
      <trkpt lat="33.61025" lon="-117.76814">
        <ele>171.6</ele>
        <time>2026-05-02T15:36:23Z</time>
      </trkpt>
      <trkpt lat="33.61028" lon="-117.76816">
        <ele>170.91</ele>
        <time>2026-05-02T15:36:26Z</time>
      </trkpt>
      <trkpt lat="33.61031" lon="-117.76819">
        <ele>170.08</ele>
        <time>2026-05-02T15:36:29Z</time>
      </trkpt>
      <trkpt lat="33.61034" lon="-117.76821">
        <ele>169.66</ele>
        <time>2026-05-02T15:36:32Z</time>
      </trkpt>
      <trkpt lat="33.61037" lon="-117.76824">
        <ele>169.98</ele>
        <time>2026-05-02T15:36:35Z</time>
      </trkpt>
      <trkpt lat="33.6104" lon="-117.76826">
        <ele>169.6</ele>
        <time>2026-05-02T15:36:38Z</time>
      </trkpt>
      <trkpt lat="33.61043" lon="-117.76828">
        <ele>169.07</ele>
        <time>2026-05-02T15:36:41Z</time>
      </trkpt>
      <trkpt lat="33.61046" lon="-117.7683">
        <ele>168.4</ele>
        <time>2026-05-02T15:36:44Z</time>
      </trkpt>
      <trkpt lat="33.61048" lon="-117.76832">
        <ele>167.77</ele>
        <time>2026-05-02T15:36:47Z</time>
      </trkpt>
      <trkpt lat="33.61049" lon="-117.76836">
        <ele>168.0</ele>
        <time>2026-05-02T15:36:51Z</time>
      </trkpt>
      <trkpt lat="33.61047" lon="-117.76839">
        <ele>169.33</ele>
        <time>2026-05-02T15:36:54Z</time>
      </trkpt>
      <trkpt lat="33.61048" lon="-117.76843">
        <ele>169.56</ele>
        <time>2026-05-02T15:36:58Z</time>
      </trkpt>
      <trkpt lat="33.61051" lon="-117.76845">
        <ele>169.39</ele>
        <time>2026-05-02T15:37:01Z</time>
      </trkpt>
      <trkpt lat="33.61054" lon="-117.76846">
        <ele>169.16</ele>
        <time>2026-05-02T15:37:03Z</time>
      </trkpt>
      <trkpt lat="33.61057" lon="-117.76844">
        <ele>168.05</ele>
        <time>2026-05-02T15:37:05Z</time>
      </trkpt>
      <trkpt lat="33.6106" lon="-117.76843">
        <ele>168.16</ele>
        <time>2026-05-02T15:37:07Z</time>
      </trkpt>
      <trkpt lat="33.61062" lon="-117.76842">
        <ele>168.07</ele>
        <time>2026-05-02T15:37:09Z</time>
      </trkpt>
      <trkpt lat="33.61066" lon="-117.7684">
        <ele>167.39</ele>
        <time>2026-05-02T15:37:12Z</time>
      </trkpt>
      <trkpt lat="33.61069" lon="-117.76839">
        <ele>167.02</ele>
        <time>2026-05-02T15:37:15Z</time>
      </trkpt>
      <trkpt lat="33.61072" lon="-117.76838">
        <ele>166.79</ele>
        <time>2026-05-02T15:37:18Z</time>
      </trkpt>
      <trkpt lat="33.61075" lon="-117.76838">
        <ele>166.92</ele>
        <time>2026-05-02T15:37:21Z</time>
      </trkpt>
      <trkpt lat="33.61079" lon="-117.76838">
        <ele>166.48</ele>
        <time>2026-05-02T15:37:24Z</time>
      </trkpt>
      <trkpt lat="33.61083" lon="-117.7684">
        <ele>166.92</ele>
        <time>2026-05-02T15:37:27Z</time>
      </trkpt>
      <trkpt lat="33.61085" lon="-117.76841">
        <ele>167.01</ele>
        <time>2026-05-02T15:37:29Z</time>
      </trkpt>
      <trkpt lat="33.61088" lon="-117.76843">
        <ele>167.1</ele>
        <time>2026-05-02T15:37:31Z</time>
      </trkpt>
      <trkpt lat="33.6109" lon="-117.76845">
        <ele>167.15</ele>
        <time>2026-05-02T15:37:33Z</time>
      </trkpt>
      <trkpt lat="33.61093" lon="-117.76846">
        <ele>166.62</ele>
        <time>2026-05-02T15:37:35Z</time>
      </trkpt>
      <trkpt lat="33.61096" lon="-117.76849">
        <ele>166.53</ele>
        <time>2026-05-02T15:37:38Z</time>
      </trkpt>
      <trkpt lat="33.61099" lon="-117.76852">
        <ele>166.66</ele>
        <time>2026-05-02T15:37:41Z</time>
      </trkpt>
      <trkpt lat="33.61103" lon="-117.76854">
        <ele>166.16</ele>
        <time>2026-05-02T15:37:44Z</time>
      </trkpt>
      <trkpt lat="33.61105" lon="-117.76856">
        <ele>165.91</ele>
        <time>2026-05-02T15:37:46Z</time>
      </trkpt>
      <trkpt lat="33.61107" lon="-117.76858">
        <ele>165.48</ele>
        <time>2026-05-02T15:37:48Z</time>
      </trkpt>
      <trkpt lat="33.61109" lon="-117.76861">
        <ele>164.91</ele>
        <time>2026-05-02T15:37:50Z</time>
      </trkpt>
      <trkpt lat="33.61111" lon="-117.76863">
        <ele>165.07</ele>
        <time>2026-05-02T15:37:52Z</time>
      </trkpt>
      <trkpt lat="33.61113" lon="-117.76866">
        <ele>166.64</ele>
        <time>2026-05-02T15:37:55Z</time>
      </trkpt>
      <trkpt lat="33.61114" lon="-117.76869">
        <ele>168.26</ele>
        <time>2026-05-02T15:37:58Z</time>
      </trkpt>
      <trkpt lat="33.61115" lon="-117.76873">
        <ele>169.73</ele>
        <time>2026-05-02T15:38:02Z</time>
      </trkpt>
      <trkpt lat="33.61117" lon="-117.76875">
        <ele>170.18</ele>
        <time>2026-05-02T15:38:06Z</time>
      </trkpt>
      <trkpt lat="33.6112" lon="-117.76877">
        <ele>170.46</ele>
        <time>2026-05-02T15:38:10Z</time>
      </trkpt>
      <trkpt lat="33.61122" lon="-117.76879">
        <ele>170.68</ele>
        <time>2026-05-02T15:38:14Z</time>
      </trkpt>
      <trkpt lat="33.61125" lon="-117.76878">
        <ele>170.06</ele>
        <time>2026-05-02T15:38:17Z</time>
      </trkpt>
      <trkpt lat="33.61128" lon="-117.76875">
        <ele>168.76</ele>
        <time>2026-05-02T15:38:20Z</time>
      </trkpt>
      <trkpt lat="33.61131" lon="-117.76875">
        <ele>168.65</ele>
        <time>2026-05-02T15:38:23Z</time>
      </trkpt>
      <trkpt lat="33.61134" lon="-117.76875">
        <ele>168.97</ele>
        <time>2026-05-02T15:38:26Z</time>
      </trkpt>
      <trkpt lat="33.61137" lon="-117.76874">
        <ele>168.97</ele>
        <time>2026-05-02T15:38:29Z</time>
      </trkpt>
      <trkpt lat="33.6114" lon="-117.76875">
        <ele>169.68</ele>
        <time>2026-05-02T15:38:32Z</time>
      </trkpt>
      <trkpt lat="33.61143" lon="-117.76876">
        <ele>170.44</ele>
        <time>2026-05-02T15:38:34Z</time>
      </trkpt>
      <trkpt lat="33.61145" lon="-117.76878">
        <ele>171.25</ele>
        <time>2026-05-02T15:38:36Z</time>
      </trkpt>
      <trkpt lat="33.61149" lon="-117.7688">
        <ele>172.12</ele>
        <time>2026-05-02T15:38:39Z</time>
      </trkpt>
      <trkpt lat="33.61152" lon="-117.7688">
        <ele>172.1</ele>
        <time>2026-05-02T15:38:42Z</time>
      </trkpt>
      <trkpt lat="33.61155" lon="-117.76882">
        <ele>172.58</ele>
        <time>2026-05-02T15:38:45Z</time>
      </trkpt>
      <trkpt lat="33.61158" lon="-117.76883">
        <ele>172.62</ele>
        <time>2026-05-02T15:38:48Z</time>
      </trkpt>
      <trkpt lat="33.61161" lon="-117.76884">
        <ele>172.35</ele>
        <time>2026-05-02T15:38:51Z</time>
      </trkpt>
      <trkpt lat="33.61165" lon="-117.76885">
        <ele>172.0</ele>
        <time>2026-05-02T15:38:54Z</time>
      </trkpt>
      <trkpt lat="33.61168" lon="-117.76887">
        <ele>172.24</ele>
        <time>2026-05-02T15:38:57Z</time>
      </trkpt>
      <trkpt lat="33.61171" lon="-117.76888">
        <ele>172.24</ele>
        <time>2026-05-02T15:39:00Z</time>
      </trkpt>
      <trkpt lat="33.61174" lon="-117.76889">
        <ele>172.23</ele>
        <time>2026-05-02T15:39:03Z</time>
      </trkpt>
      <trkpt lat="33.61178" lon="-117.7689">
        <ele>172.44</ele>
        <time>2026-05-02T15:39:06Z</time>
      </trkpt>
      <trkpt lat="33.61181" lon="-117.76892">
        <ele>173.04</ele>
        <time>2026-05-02T15:39:09Z</time>
      </trkpt>
      <trkpt lat="33.61184" lon="-117.76893">
        <ele>173.37</ele>
        <time>2026-05-02T15:39:12Z</time>
      </trkpt>
      <trkpt lat="33.61187" lon="-117.76894">
        <ele>173.66</ele>
        <time>2026-05-02T15:39:15Z</time>
      </trkpt>
      <trkpt lat="33.6119" lon="-117.76896">
        <ele>174.17</ele>
        <time>2026-05-02T15:39:18Z</time>
      </trkpt>
      <trkpt lat="33.61194" lon="-117.76897">
        <ele>174.71</ele>
        <time>2026-05-02T15:39:21Z</time>
      </trkpt>
      <trkpt lat="33.61196" lon="-117.76899">
        <ele>175.18</ele>
        <time>2026-05-02T15:39:24Z</time>
      </trkpt>
      <trkpt lat="33.61199" lon="-117.76903">
        <ele>176.05</ele>
        <time>2026-05-02T15:39:27Z</time>
      </trkpt>
      <trkpt lat="33.612" lon="-117.76906">
        <ele>176.7</ele>
        <time>2026-05-02T15:39:30Z</time>
      </trkpt>
      <trkpt lat="33.61202" lon="-117.76908">
        <ele>177.08</ele>
        <time>2026-05-02T15:39:33Z</time>
      </trkpt>
      <trkpt lat="33.61205" lon="-117.76911">
        <ele>177.39</ele>
        <time>2026-05-02T15:39:36Z</time>
      </trkpt>
      <trkpt lat="33.61208" lon="-117.76913">
        <ele>177.6</ele>
        <time>2026-05-02T15:39:39Z</time>
      </trkpt>
      <trkpt lat="33.6121" lon="-117.76915">
        <ele>177.82</ele>
        <time>2026-05-02T15:39:42Z</time>
      </trkpt>
      <trkpt lat="33.61213" lon="-117.76917">
        <ele>178.04</ele>
        <time>2026-05-02T15:39:45Z</time>
      </trkpt>
      <trkpt lat="33.61216" lon="-117.76919">
        <ele>178.17</ele>
        <time>2026-05-02T15:39:48Z</time>
      </trkpt>
      <trkpt lat="33.61218" lon="-117.76922">
        <ele>178.26</ele>
        <time>2026-05-02T15:39:51Z</time>
      </trkpt>
      <trkpt lat="33.61221" lon="-117.76924">
        <ele>178.1</ele>
        <time>2026-05-02T15:39:54Z</time>
      </trkpt>
      <trkpt lat="33.61224" lon="-117.76926">
        <ele>178.01</ele>
        <time>2026-05-02T15:39:57Z</time>
      </trkpt>
      <trkpt lat="33.61227" lon="-117.76928">
        <ele>178.11</ele>
        <time>2026-05-02T15:40:00Z</time>
      </trkpt>
      <trkpt lat="33.61229" lon="-117.7693">
        <ele>178.12</ele>
        <time>2026-05-02T15:40:03Z</time>
      </trkpt>
      <trkpt lat="33.61233" lon="-117.76931">
        <ele>178.0</ele>
        <time>2026-05-02T15:40:06Z</time>
      </trkpt>
      <trkpt lat="33.61237" lon="-117.76929">
        <ele>178.0</ele>
        <time>2026-05-02T15:40:08Z</time>
      </trkpt>
      <trkpt lat="33.6124" lon="-117.76929">
        <ele>178.0</ele>
        <time>2026-05-02T15:40:10Z</time>
      </trkpt>
      <trkpt lat="33.61243" lon="-117.7693">
        <ele>177.65</ele>
        <time>2026-05-02T15:40:13Z</time>
      </trkpt>
      <trkpt lat="33.61245" lon="-117.76931">
        <ele>177.29</ele>
        <time>2026-05-02T15:40:18Z</time>
      </trkpt>
      <trkpt lat="33.61247" lon="-117.76933">
        <ele>176.81</ele>
        <time>2026-05-02T15:40:23Z</time>
      </trkpt>
      <trkpt lat="33.6125" lon="-117.76934">
        <ele>176.13</ele>
        <time>2026-05-02T15:40:27Z</time>
      </trkpt>
      <trkpt lat="33.61253" lon="-117.76935">
        <ele>175.37</ele>
        <time>2026-05-02T15:40:32Z</time>
      </trkpt>
      <trkpt lat="33.61256" lon="-117.76936">
        <ele>174.65</ele>
        <time>2026-05-02T15:40:36Z</time>
      </trkpt>
      <trkpt lat="33.61259" lon="-117.76938">
        <ele>173.76</ele>
        <time>2026-05-02T15:40:40Z</time>
      </trkpt>
      <trkpt lat="33.61262" lon="-117.7694">
        <ele>172.9</ele>
        <time>2026-05-02T15:40:44Z</time>
      </trkpt>
      <trkpt lat="33.61264" lon="-117.76943">
        <ele>172.48</ele>
        <time>2026-05-02T15:40:47Z</time>
      </trkpt>
      <trkpt lat="33.61266" lon="-117.76945">
        <ele>172.32</ele>
        <time>2026-05-02T15:40:50Z</time>
      </trkpt>
      <trkpt lat="33.61269" lon="-117.76945">
        <ele>172.16</ele>
        <time>2026-05-02T15:40:53Z</time>
      </trkpt>
      <trkpt lat="33.61273" lon="-117.76945">
        <ele>173.0</ele>
        <time>2026-05-02T15:40:56Z</time>
      </trkpt>
      <trkpt lat="33.61276" lon="-117.76944">
        <ele>173.49</ele>
        <time>2026-05-02T15:40:59Z</time>
      </trkpt>
      <trkpt lat="33.61279" lon="-117.76945">
        <ele>174.01</ele>
        <time>2026-05-02T15:41:01Z</time>
      </trkpt>
      <trkpt lat="33.61283" lon="-117.76946">
        <ele>174.09</ele>
        <time>2026-05-02T15:41:04Z</time>
      </trkpt>
      <trkpt lat="33.61285" lon="-117.76948">
        <ele>174.3</ele>
        <time>2026-05-02T15:41:07Z</time>
      </trkpt>
      <trkpt lat="33.61288" lon="-117.76949">
        <ele>174.54</ele>
        <time>2026-05-02T15:41:10Z</time>
      </trkpt>
      <trkpt lat="33.61291" lon="-117.7695">
        <ele>174.77</ele>
        <time>2026-05-02T15:41:14Z</time>
      </trkpt>
      <trkpt lat="33.61293" lon="-117.76951">
        <ele>174.9</ele>
        <time>2026-05-02T15:41:17Z</time>
      </trkpt>
      <trkpt lat="33.61296" lon="-117.76951">
        <ele>174.99</ele>
        <time>2026-05-02T15:41:20Z</time>
      </trkpt>
      <trkpt lat="33.61299" lon="-117.76952">
        <ele>174.95</ele>
        <time>2026-05-02T15:41:23Z</time>
      </trkpt>
      <trkpt lat="33.61302" lon="-117.76953">
        <ele>174.95</ele>
        <time>2026-05-02T15:41:26Z</time>
      </trkpt>
      <trkpt lat="33.61305" lon="-117.76954">
        <ele>175.03</ele>
        <time>2026-05-02T15:41:29Z</time>
      </trkpt>
      <trkpt lat="33.61308" lon="-117.76955">
        <ele>175.1</ele>
        <time>2026-05-02T15:41:32Z</time>
      </trkpt>
      <trkpt lat="33.61311" lon="-117.76955">
        <ele>175.06</ele>
        <time>2026-05-02T15:41:35Z</time>
      </trkpt>
      <trkpt lat="33.61314" lon="-117.76956">
        <ele>175.02</ele>
        <time>2026-05-02T15:41:38Z</time>
      </trkpt>
      <trkpt lat="33.61317" lon="-117.76957">
        <ele>175.0</ele>
        <time>2026-05-02T15:41:41Z</time>
      </trkpt>
      <trkpt lat="33.6132" lon="-117.76958">
        <ele>175.0</ele>
        <time>2026-05-02T15:41:44Z</time>
      </trkpt>
      <trkpt lat="33.61324" lon="-117.76958">
        <ele>175.0</ele>
        <time>2026-05-02T15:41:47Z</time>
      </trkpt>
      <trkpt lat="33.61327" lon="-117.76959">
        <ele>174.86</ele>
        <time>2026-05-02T15:41:50Z</time>
      </trkpt>
      <trkpt lat="33.61331" lon="-117.7696">
        <ele>174.76</ele>
        <time>2026-05-02T15:41:53Z</time>
      </trkpt>
      <trkpt lat="33.61334" lon="-117.76961">
        <ele>174.72</ele>
        <time>2026-05-02T15:41:56Z</time>
      </trkpt>
      <trkpt lat="33.61337" lon="-117.76963">
        <ele>174.61</ele>
        <time>2026-05-02T15:41:59Z</time>
      </trkpt>
      <trkpt lat="33.61339" lon="-117.76964">
        <ele>174.5</ele>
        <time>2026-05-02T15:42:02Z</time>
      </trkpt>
      <trkpt lat="33.61342" lon="-117.76965">
        <ele>174.28</ele>
        <time>2026-05-02T15:42:05Z</time>
      </trkpt>
      <trkpt lat="33.61346" lon="-117.76967">
        <ele>174.07</ele>
        <time>2026-05-02T15:42:08Z</time>
      </trkpt>
      <trkpt lat="33.61348" lon="-117.76968">
        <ele>173.96</ele>
        <time>2026-05-02T15:42:11Z</time>
      </trkpt>
      <trkpt lat="33.61351" lon="-117.7697">
        <ele>173.85</ele>
        <time>2026-05-02T15:42:15Z</time>
      </trkpt>
      <trkpt lat="33.61353" lon="-117.76972">
        <ele>173.98</ele>
        <time>2026-05-02T15:42:18Z</time>
      </trkpt>
      <trkpt lat="33.61356" lon="-117.76973">
        <ele>174.21</ele>
        <time>2026-05-02T15:42:21Z</time>
      </trkpt>
      <trkpt lat="33.61359" lon="-117.76975">
        <ele>174.67</ele>
        <time>2026-05-02T15:42:24Z</time>
      </trkpt>
      <trkpt lat="33.61363" lon="-117.76976">
        <ele>174.65</ele>
        <time>2026-05-02T15:42:27Z</time>
      </trkpt>
      <trkpt lat="33.61366" lon="-117.76978">
        <ele>174.59</ele>
        <time>2026-05-02T15:42:30Z</time>
      </trkpt>
      <trkpt lat="33.61369" lon="-117.76981">
        <ele>174.28</ele>
        <time>2026-05-02T15:42:33Z</time>
      </trkpt>
      <trkpt lat="33.61371" lon="-117.76984">
        <ele>174.48</ele>
        <time>2026-05-02T15:42:35Z</time>
      </trkpt>
      <trkpt lat="33.61373" lon="-117.76987">
        <ele>174.91</ele>
        <time>2026-05-02T15:42:37Z</time>
      </trkpt>
      <trkpt lat="33.61375" lon="-117.76989">
        <ele>175.12</ele>
        <time>2026-05-02T15:42:39Z</time>
      </trkpt>
      <trkpt lat="33.61378" lon="-117.76991">
        <ele>175.26</ele>
        <time>2026-05-02T15:42:42Z</time>
      </trkpt>
      <trkpt lat="33.61382" lon="-117.76993">
        <ele>175.41</ele>
        <time>2026-05-02T15:42:45Z</time>
      </trkpt>
      <trkpt lat="33.61385" lon="-117.76995">
        <ele>175.53</ele>
        <time>2026-05-02T15:42:48Z</time>
      </trkpt>
      <trkpt lat="33.61387" lon="-117.76998">
        <ele>175.93</ele>
        <time>2026-05-02T15:42:51Z</time>
      </trkpt>
      <trkpt lat="33.6139" lon="-117.76999">
        <ele>175.7</ele>
        <time>2026-05-02T15:42:54Z</time>
      </trkpt>
      <trkpt lat="33.61393" lon="-117.77001">
        <ele>175.72</ele>
        <time>2026-05-02T15:42:58Z</time>
      </trkpt>
      <trkpt lat="33.61396" lon="-117.77003">
        <ele>175.63</ele>
        <time>2026-05-02T15:43:02Z</time>
      </trkpt>
      <trkpt lat="33.61396" lon="-117.77006">
        <ele>176.03</ele>
        <time>2026-05-02T15:43:07Z</time>
      </trkpt>
      <trkpt lat="33.61397" lon="-117.77009">
        <ele>176.22</ele>
        <time>2026-05-02T15:43:11Z</time>
      </trkpt>
      <trkpt lat="33.61399" lon="-117.77012">
        <ele>176.56</ele>
        <time>2026-05-02T15:43:14Z</time>
      </trkpt>
      <trkpt lat="33.61401" lon="-117.77015">
        <ele>177.05</ele>
        <time>2026-05-02T15:43:18Z</time>
      </trkpt>
      <trkpt lat="33.61403" lon="-117.77017">
        <ele>177.23</ele>
        <time>2026-05-02T15:43:21Z</time>
      </trkpt>
      <trkpt lat="33.61405" lon="-117.77019">
        <ele>177.36</ele>
        <time>2026-05-02T15:43:24Z</time>
      </trkpt>
      <trkpt lat="33.61408" lon="-117.77021">
        <ele>177.55</ele>
        <time>2026-05-02T15:43:27Z</time>
      </trkpt>
      <trkpt lat="33.6141" lon="-117.77024">
        <ele>178.35</ele>
        <time>2026-05-02T15:43:31Z</time>
      </trkpt>
      <trkpt lat="33.61413" lon="-117.77025">
        <ele>178.82</ele>
        <time>2026-05-02T15:43:35Z</time>
      </trkpt>
      <trkpt lat="33.61416" lon="-117.77027">
        <ele>179.68</ele>
        <time>2026-05-02T15:43:39Z</time>
      </trkpt>
      <trkpt lat="33.61419" lon="-117.77026">
        <ele>179.27</ele>
        <time>2026-05-02T15:43:43Z</time>
      </trkpt>
      <trkpt lat="33.61422" lon="-117.77025">
        <ele>178.87</ele>
        <time>2026-05-02T15:43:45Z</time>
      </trkpt>
      <trkpt lat="33.61427" lon="-117.77024">
        <ele>178.61</ele>
        <time>2026-05-02T15:43:47Z</time>
      </trkpt>
      <trkpt lat="33.6143" lon="-117.77025">
        <ele>178.88</ele>
        <time>2026-05-02T15:43:49Z</time>
      </trkpt>
      <trkpt lat="33.61433" lon="-117.77028">
        <ele>179.79</ele>
        <time>2026-05-02T15:43:52Z</time>
      </trkpt>
      <trkpt lat="33.61434" lon="-117.77031">
        <ele>180.26</ele>
        <time>2026-05-02T15:43:55Z</time>
      </trkpt>
      <trkpt lat="33.61436" lon="-117.77035">
        <ele>180.58</ele>
        <time>2026-05-02T15:43:58Z</time>
      </trkpt>
      <trkpt lat="33.61436" lon="-117.77039">
        <ele>181.04</ele>
        <time>2026-05-02T15:44:01Z</time>
      </trkpt>
      <trkpt lat="33.61438" lon="-117.77042">
        <ele>180.93</ele>
        <time>2026-05-02T15:44:04Z</time>
      </trkpt>
      <trkpt lat="33.61439" lon="-117.77046">
        <ele>181.14</ele>
        <time>2026-05-02T15:44:07Z</time>
      </trkpt>
      <trkpt lat="33.6144" lon="-117.7705">
        <ele>181.17</ele>
        <time>2026-05-02T15:44:10Z</time>
      </trkpt>
      <trkpt lat="33.61441" lon="-117.77053">
        <ele>181.2</ele>
        <time>2026-05-02T15:44:13Z</time>
      </trkpt>
      <trkpt lat="33.61442" lon="-117.77057">
        <ele>181.31</ele>
        <time>2026-05-02T15:44:16Z</time>
      </trkpt>
      <trkpt lat="33.61444" lon="-117.7706">
        <ele>181.07</ele>
        <time>2026-05-02T15:44:19Z</time>
      </trkpt>
      <trkpt lat="33.61445" lon="-117.77064">
        <ele>180.83</ele>
        <time>2026-05-02T15:44:22Z</time>
      </trkpt>
      <trkpt lat="33.61447" lon="-117.77068">
        <ele>180.52</ele>
        <time>2026-05-02T15:44:25Z</time>
      </trkpt>
      <trkpt lat="33.61448" lon="-117.77072">
        <ele>180.62</ele>
        <time>2026-05-02T15:44:28Z</time>
      </trkpt>
      <trkpt lat="33.61449" lon="-117.77076">
        <ele>180.62</ele>
        <time>2026-05-02T15:44:31Z</time>
      </trkpt>
      <trkpt lat="33.6145" lon="-117.7708">
        <ele>180.71</ele>
        <time>2026-05-02T15:44:34Z</time>
      </trkpt>
      <trkpt lat="33.61452" lon="-117.77084">
        <ele>180.94</ele>
        <time>2026-05-02T15:44:37Z</time>
      </trkpt>
      <trkpt lat="33.61453" lon="-117.77089">
        <ele>180.43</ele>
        <time>2026-05-02T15:44:40Z</time>
      </trkpt>
      <trkpt lat="33.61454" lon="-117.77093">
        <ele>180.16</ele>
        <time>2026-05-02T15:44:43Z</time>
      </trkpt>
      <trkpt lat="33.61455" lon="-117.77096">
        <ele>181.19</ele>
        <time>2026-05-02T15:44:46Z</time>
      </trkpt>
      <trkpt lat="33.61457" lon="-117.77098">
        <ele>181.9</ele>
        <time>2026-05-02T15:44:50Z</time>
      </trkpt>
      <trkpt lat="33.6146" lon="-117.77098">
        <ele>182.03</ele>
        <time>2026-05-02T15:44:56Z</time>
      </trkpt>
      <trkpt lat="33.61462" lon="-117.771">
        <ele>182.58</ele>
        <time>2026-05-02T15:45:01Z</time>
      </trkpt>
      <trkpt lat="33.61464" lon="-117.77103">
        <ele>183.0</ele>
        <time>2026-05-02T15:45:06Z</time>
      </trkpt>
      <trkpt lat="33.61466" lon="-117.77106">
        <ele>182.95</ele>
        <time>2026-05-02T15:45:10Z</time>
      </trkpt>
      <trkpt lat="33.61469" lon="-117.77108">
        <ele>182.16</ele>
        <time>2026-05-02T15:45:14Z</time>
      </trkpt>
      <trkpt lat="33.61472" lon="-117.7711">
        <ele>181.09</ele>
        <time>2026-05-02T15:45:18Z</time>
      </trkpt>
      <trkpt lat="33.61475" lon="-117.77111">
        <ele>181.6</ele>
        <time>2026-05-02T15:45:20Z</time>
      </trkpt>
      <trkpt lat="33.61479" lon="-117.77111">
        <ele>182.46</ele>
        <time>2026-05-02T15:45:22Z</time>
      </trkpt>
      <trkpt lat="33.61482" lon="-117.77112">
        <ele>182.95</ele>
        <time>2026-05-02T15:45:25Z</time>
      </trkpt>
      <trkpt lat="33.61485" lon="-117.77113">
        <ele>183.1</ele>
        <time>2026-05-02T15:45:29Z</time>
      </trkpt>
      <trkpt lat="33.61488" lon="-117.77112">
        <ele>183.54</ele>
        <time>2026-05-02T15:45:32Z</time>
      </trkpt>
      <trkpt lat="33.61491" lon="-117.77109">
        <ele>183.11</ele>
        <time>2026-05-02T15:45:35Z</time>
      </trkpt>
      <trkpt lat="33.61494" lon="-117.77108">
        <ele>183.13</ele>
        <time>2026-05-02T15:45:38Z</time>
      </trkpt>
      <trkpt lat="33.61496" lon="-117.77106">
        <ele>183.05</ele>
        <time>2026-05-02T15:45:41Z</time>
      </trkpt>
      <trkpt lat="33.61499" lon="-117.77106">
        <ele>183.76</ele>
        <time>2026-05-02T15:45:45Z</time>
      </trkpt>
      <trkpt lat="33.61503" lon="-117.77105">
        <ele>184.97</ele>
        <time>2026-05-02T15:45:49Z</time>
      </trkpt>
      <trkpt lat="33.61505" lon="-117.77105">
        <ele>185.62</ele>
        <time>2026-05-02T15:45:53Z</time>
      </trkpt>
      <trkpt lat="33.61508" lon="-117.77105">
        <ele>186.59</ele>
        <time>2026-05-02T15:45:58Z</time>
      </trkpt>
      <trkpt lat="33.61512" lon="-117.77104">
        <ele>187.52</ele>
        <time>2026-05-02T15:46:03Z</time>
      </trkpt>
      <trkpt lat="33.61515" lon="-117.77103">
        <ele>188.16</ele>
        <time>2026-05-02T15:46:07Z</time>
      </trkpt>
      <trkpt lat="33.61518" lon="-117.77103">
        <ele>188.77</ele>
        <time>2026-05-02T15:46:11Z</time>
      </trkpt>
      <trkpt lat="33.61521" lon="-117.77103">
        <ele>189.14</ele>
        <time>2026-05-02T15:46:15Z</time>
      </trkpt>
      <trkpt lat="33.61525" lon="-117.77104">
        <ele>189.47</ele>
        <time>2026-05-02T15:46:19Z</time>
      </trkpt>
      <trkpt lat="33.61528" lon="-117.77104">
        <ele>189.79</ele>
        <time>2026-05-02T15:46:22Z</time>
      </trkpt>
      <trkpt lat="33.6153" lon="-117.77108">
        <ele>189.58</ele>
        <time>2026-05-02T15:46:25Z</time>
      </trkpt>
      <trkpt lat="33.61533" lon="-117.77111">
        <ele>189.58</ele>
        <time>2026-05-02T15:46:28Z</time>
      </trkpt>
      <trkpt lat="33.61536" lon="-117.77113">
        <ele>189.89</ele>
        <time>2026-05-02T15:46:31Z</time>
      </trkpt>
      <trkpt lat="33.61538" lon="-117.77115">
        <ele>190.02</ele>
        <time>2026-05-02T15:46:34Z</time>
      </trkpt>
      <trkpt lat="33.61541" lon="-117.77118">
        <ele>189.79</ele>
        <time>2026-05-02T15:46:37Z</time>
      </trkpt>
      <trkpt lat="33.61544" lon="-117.77121">
        <ele>189.16</ele>
        <time>2026-05-02T15:46:40Z</time>
      </trkpt>
      <trkpt lat="33.61546" lon="-117.77123">
        <ele>188.74</ele>
        <time>2026-05-02T15:46:43Z</time>
      </trkpt>
      <trkpt lat="33.61549" lon="-117.77126">
        <ele>188.46</ele>
        <time>2026-05-02T15:46:46Z</time>
      </trkpt>
      <trkpt lat="33.61552" lon="-117.77128">
        <ele>188.58</ele>
        <time>2026-05-02T15:46:49Z</time>
      </trkpt>
      <trkpt lat="33.61554" lon="-117.7713">
        <ele>188.85</ele>
        <time>2026-05-02T15:46:52Z</time>
      </trkpt>
      <trkpt lat="33.61556" lon="-117.77133">
        <ele>189.49</ele>
        <time>2026-05-02T15:46:55Z</time>
      </trkpt>
      <trkpt lat="33.61556" lon="-117.77136">
        <ele>189.8</ele>
        <time>2026-05-02T15:46:59Z</time>
      </trkpt>
      <trkpt lat="33.61555" lon="-117.77141">
        <ele>190.23</ele>
        <time>2026-05-02T15:47:03Z</time>
      </trkpt>
      <trkpt lat="33.61555" lon="-117.77145">
        <ele>191.12</ele>
        <time>2026-05-02T15:47:06Z</time>
      </trkpt>
      <trkpt lat="33.61556" lon="-117.77149">
        <ele>192.05</ele>
        <time>2026-05-02T15:47:08Z</time>
      </trkpt>
      <trkpt lat="33.61556" lon="-117.77152">
        <ele>192.05</ele>
        <time>2026-05-02T15:47:10Z</time>
      </trkpt>
      <trkpt lat="33.61557" lon="-117.77156">
        <ele>192.16</ele>
        <time>2026-05-02T15:47:13Z</time>
      </trkpt>
      <trkpt lat="33.61557" lon="-117.77159">
        <ele>191.98</ele>
        <time>2026-05-02T15:47:17Z</time>
      </trkpt>
      <trkpt lat="33.61556" lon="-117.77153">
        <ele>192.05</ele>
        <time>2026-05-02T15:47:24Z</time>
      </trkpt>
      <trkpt lat="33.61556" lon="-117.7715">
        <ele>192.05</ele>
        <time>2026-05-02T15:47:27Z</time>
      </trkpt>
      <trkpt lat="33.61557" lon="-117.77146">
        <ele>191.73</ele>
        <time>2026-05-02T15:47:33Z</time>
      </trkpt>
      <trkpt lat="33.61559" lon="-117.77144">
        <ele>191.64</ele>
        <time>2026-05-02T15:47:37Z</time>
      </trkpt>
      <trkpt lat="33.61562" lon="-117.77142">
        <ele>191.83</ele>
        <time>2026-05-02T15:47:39Z</time>
      </trkpt>
      <trkpt lat="33.61565" lon="-117.7714">
        <ele>192.16</ele>
        <time>2026-05-02T15:47:41Z</time>
      </trkpt>
      <trkpt lat="33.61568" lon="-117.77138">
        <ele>192.65</ele>
        <time>2026-05-02T15:47:44Z</time>
      </trkpt>
      <trkpt lat="33.6157" lon="-117.77136">
        <ele>192.95</ele>
        <time>2026-05-02T15:47:47Z</time>
      </trkpt>
      <trkpt lat="33.61574" lon="-117.77135">
        <ele>193.57</ele>
        <time>2026-05-02T15:47:50Z</time>
      </trkpt>
      <trkpt lat="33.61576" lon="-117.77138">
        <ele>194.11</ele>
        <time>2026-05-02T15:47:53Z</time>
      </trkpt>
      <trkpt lat="33.61578" lon="-117.77141">
        <ele>194.42</ele>
        <time>2026-05-02T15:47:55Z</time>
      </trkpt>
      <trkpt lat="33.61581" lon="-117.77144">
        <ele>194.75</ele>
        <time>2026-05-02T15:47:58Z</time>
      </trkpt>
      <trkpt lat="33.61584" lon="-117.77144">
        <ele>195.11</ele>
        <time>2026-05-02T15:48:02Z</time>
      </trkpt>
      <trkpt lat="33.61587" lon="-117.77145">
        <ele>195.66</ele>
        <time>2026-05-02T15:48:07Z</time>
      </trkpt>
      <trkpt lat="33.61585" lon="-117.77143">
        <ele>195.26</ele>
        <time>2026-05-02T15:48:22Z</time>
      </trkpt>
      <trkpt lat="33.61587" lon="-117.77145">
        <ele>195.66</ele>
        <time>2026-05-02T15:48:31Z</time>
      </trkpt>
      <trkpt lat="33.6159" lon="-117.77147">
        <ele>196.35</ele>
        <time>2026-05-02T15:48:36Z</time>
      </trkpt>
      <trkpt lat="33.61593" lon="-117.77148">
        <ele>197.07</ele>
        <time>2026-05-02T15:48:40Z</time>
      </trkpt>
      <trkpt lat="33.61596" lon="-117.77149">
        <ele>197.74</ele>
        <time>2026-05-02T15:48:44Z</time>
      </trkpt>
      <trkpt lat="33.616" lon="-117.7715">
        <ele>198.6</ele>
        <time>2026-05-02T15:48:48Z</time>
      </trkpt>
      <trkpt lat="33.61603" lon="-117.77151">
        <ele>199.16</ele>
        <time>2026-05-02T15:48:52Z</time>
      </trkpt>
      <trkpt lat="33.61605" lon="-117.77152">
        <ele>199.48</ele>
        <time>2026-05-02T15:48:56Z</time>
      </trkpt>
      <trkpt lat="33.61608" lon="-117.77153">
        <ele>200.01</ele>
        <time>2026-05-02T15:49:00Z</time>
      </trkpt>
      <trkpt lat="33.61611" lon="-117.77154">
        <ele>200.61</ele>
        <time>2026-05-02T15:49:04Z</time>
      </trkpt>
      <trkpt lat="33.61614" lon="-117.77155">
        <ele>201.45</ele>
        <time>2026-05-02T15:49:08Z</time>
      </trkpt>
      <trkpt lat="33.61617" lon="-117.77155">
        <ele>202.18</ele>
        <time>2026-05-02T15:49:12Z</time>
      </trkpt>
      <trkpt lat="33.6162" lon="-117.77154">
        <ele>202.91</ele>
        <time>2026-05-02T15:49:16Z</time>
      </trkpt>
      <trkpt lat="33.61623" lon="-117.77152">
        <ele>203.69</ele>
        <time>2026-05-02T15:49:20Z</time>
      </trkpt>
      <trkpt lat="33.61626" lon="-117.7715">
        <ele>204.34</ele>
        <time>2026-05-02T15:49:24Z</time>
      </trkpt>
      <trkpt lat="33.61629" lon="-117.7715">
        <ele>205.05</ele>
        <time>2026-05-02T15:49:28Z</time>
      </trkpt>
      <trkpt lat="33.61632" lon="-117.77149">
        <ele>205.84</ele>
        <time>2026-05-02T15:49:32Z</time>
      </trkpt>
      <trkpt lat="33.61635" lon="-117.77148">
        <ele>206.73</ele>
        <time>2026-05-02T15:49:36Z</time>
      </trkpt>
      <trkpt lat="33.61638" lon="-117.77147">
        <ele>207.6</ele>
        <time>2026-05-02T15:49:40Z</time>
      </trkpt>
      <trkpt lat="33.61641" lon="-117.77145">
        <ele>208.12</ele>
        <time>2026-05-02T15:49:44Z</time>
      </trkpt>
      <trkpt lat="33.61644" lon="-117.77144">
        <ele>208.66</ele>
        <time>2026-05-02T15:49:48Z</time>
      </trkpt>
      <trkpt lat="33.61646" lon="-117.77144">
        <ele>209.09</ele>
        <time>2026-05-02T15:51:12Z</time>
      </trkpt>
      <trkpt lat="33.6165" lon="-117.77143">
        <ele>209.84</ele>
        <time>2026-05-02T15:51:14Z</time>
      </trkpt>
      <trkpt lat="33.61654" lon="-117.77143">
        <ele>210.71</ele>
        <time>2026-05-02T15:51:16Z</time>
      </trkpt>
      <trkpt lat="33.61658" lon="-117.77142">
        <ele>211.44</ele>
        <time>2026-05-02T15:51:19Z</time>
      </trkpt>
      <trkpt lat="33.6166" lon="-117.77141">
        <ele>211.72</ele>
        <time>2026-05-02T15:51:22Z</time>
      </trkpt>
      <trkpt lat="33.61663" lon="-117.7714">
        <ele>212.26</ele>
        <time>2026-05-02T15:51:25Z</time>
      </trkpt>
      <trkpt lat="33.61665" lon="-117.77137">
        <ele>212.6</ele>
        <time>2026-05-02T15:51:28Z</time>
      </trkpt>
      <trkpt lat="33.61668" lon="-117.77134">
        <ele>213.29</ele>
        <time>2026-05-02T15:51:31Z</time>
      </trkpt>
      <trkpt lat="33.61671" lon="-117.77133">
        <ele>213.94</ele>
        <time>2026-05-02T15:51:36Z</time>
      </trkpt>
      <trkpt lat="33.61674" lon="-117.77132">
        <ele>214.58</ele>
        <time>2026-05-02T15:51:41Z</time>
      </trkpt>
      <trkpt lat="33.61677" lon="-117.77131">
        <ele>215.35</ele>
        <time>2026-05-02T15:51:46Z</time>
      </trkpt>
      <trkpt lat="33.6168" lon="-117.7713">
        <ele>216.32</ele>
        <time>2026-05-02T15:51:51Z</time>
      </trkpt>
      <trkpt lat="33.61683" lon="-117.77129">
        <ele>217.17</ele>
        <time>2026-05-02T15:51:56Z</time>
      </trkpt>
      <trkpt lat="33.61686" lon="-117.77128">
        <ele>217.82</ele>
        <time>2026-05-02T15:52:00Z</time>
      </trkpt>
      <trkpt lat="33.61689" lon="-117.77127">
        <ele>218.26</ele>
        <time>2026-05-02T15:52:04Z</time>
      </trkpt>
      <trkpt lat="33.61692" lon="-117.77127">
        <ele>218.9</ele>
        <time>2026-05-02T15:52:09Z</time>
      </trkpt>
      <trkpt lat="33.61695" lon="-117.77127">
        <ele>219.55</ele>
        <time>2026-05-02T15:52:14Z</time>
      </trkpt>
      <trkpt lat="33.61698" lon="-117.77127">
        <ele>220.2</ele>
        <time>2026-05-02T15:52:19Z</time>
      </trkpt>
      <trkpt lat="33.61701" lon="-117.77127">
        <ele>220.85</ele>
        <time>2026-05-02T15:52:24Z</time>
      </trkpt>
      <trkpt lat="33.61704" lon="-117.77127">
        <ele>221.54</ele>
        <time>2026-05-02T15:52:29Z</time>
      </trkpt>
      <trkpt lat="33.61707" lon="-117.77126">
        <ele>222.42</ele>
        <time>2026-05-02T15:52:34Z</time>
      </trkpt>
      <trkpt lat="33.6171" lon="-117.77126">
        <ele>223.52</ele>
        <time>2026-05-02T15:52:39Z</time>
      </trkpt>
      <trkpt lat="33.61713" lon="-117.77129">
        <ele>224.94</ele>
        <time>2026-05-02T15:52:43Z</time>
      </trkpt>
      <trkpt lat="33.61716" lon="-117.77129">
        <ele>225.59</ele>
        <time>2026-05-02T15:52:48Z</time>
      </trkpt>
      <trkpt lat="33.61719" lon="-117.77127">
        <ele>226.02</ele>
        <time>2026-05-02T15:52:52Z</time>
      </trkpt>
      <trkpt lat="33.61721" lon="-117.77125">
        <ele>226.24</ele>
        <time>2026-05-02T15:52:56Z</time>
      </trkpt>
      <trkpt lat="33.61725" lon="-117.77123">
        <ele>226.58</ele>
        <time>2026-05-02T15:53:00Z</time>
      </trkpt>
      <trkpt lat="33.61728" lon="-117.77122">
        <ele>226.8</ele>
        <time>2026-05-02T15:53:03Z</time>
      </trkpt>
      <trkpt lat="33.61731" lon="-117.77121">
        <ele>227.02</ele>
        <time>2026-05-02T15:53:05Z</time>
      </trkpt>
      <trkpt lat="33.61734" lon="-117.77119">
        <ele>226.6</ele>
        <time>2026-05-02T15:53:08Z</time>
      </trkpt>
      <trkpt lat="33.61737" lon="-117.77118">
        <ele>226.38</ele>
        <time>2026-05-02T15:53:11Z</time>
      </trkpt>
      <trkpt lat="33.6174" lon="-117.77116">
        <ele>226.02</ele>
        <time>2026-05-02T15:53:14Z</time>
      </trkpt>
      <trkpt lat="33.61742" lon="-117.77115">
        <ele>226.0</ele>
        <time>2026-05-02T15:53:17Z</time>
      </trkpt>
      <trkpt lat="33.61745" lon="-117.77113">
        <ele>226.14</ele>
        <time>2026-05-02T15:53:20Z</time>
      </trkpt>
      <trkpt lat="33.61748" lon="-117.77112">
        <ele>226.61</ele>
        <time>2026-05-02T15:53:23Z</time>
      </trkpt>
      <trkpt lat="33.61751" lon="-117.77109">
        <ele>226.45</ele>
        <time>2026-05-02T15:53:26Z</time>
      </trkpt>
      <trkpt lat="33.61754" lon="-117.77106">
        <ele>226.01</ele>
        <time>2026-05-02T15:53:29Z</time>
      </trkpt>
      <trkpt lat="33.61757" lon="-117.77103">
        <ele>225.79</ele>
        <time>2026-05-02T15:53:32Z</time>
      </trkpt>
      <trkpt lat="33.61759" lon="-117.77101">
        <ele>225.85</ele>
        <time>2026-05-02T15:53:35Z</time>
      </trkpt>
      <trkpt lat="33.61762" lon="-117.77099">
        <ele>226.58</ele>
        <time>2026-05-02T15:53:38Z</time>
      </trkpt>
      <trkpt lat="33.61764" lon="-117.77097">
        <ele>227.01</ele>
        <time>2026-05-02T15:53:41Z</time>
      </trkpt>
      <trkpt lat="33.61767" lon="-117.77096">
        <ele>227.88</ele>
        <time>2026-05-02T15:53:45Z</time>
      </trkpt>
      <trkpt lat="33.6177" lon="-117.77096">
        <ele>228.73</ele>
        <time>2026-05-02T15:53:52Z</time>
      </trkpt>
      <trkpt lat="33.61773" lon="-117.77094">
        <ele>229.46</ele>
        <time>2026-05-02T15:53:57Z</time>
      </trkpt>
      <trkpt lat="33.61775" lon="-117.77091">
        <ele>229.81</ele>
        <time>2026-05-02T15:54:01Z</time>
      </trkpt>
      <trkpt lat="33.61778" lon="-117.77089">
        <ele>230.27</ele>
        <time>2026-05-02T15:54:05Z</time>
      </trkpt>
      <trkpt lat="33.6178" lon="-117.77087">
        <ele>230.32</ele>
        <time>2026-05-02T15:54:09Z</time>
      </trkpt>
      <trkpt lat="33.61783" lon="-117.77086">
        <ele>230.94</ele>
        <time>2026-05-02T15:54:13Z</time>
      </trkpt>
      <trkpt lat="33.61786" lon="-117.77085">
        <ele>231.7</ele>
        <time>2026-05-02T15:54:17Z</time>
      </trkpt>
      <trkpt lat="33.61789" lon="-117.77084">
        <ele>232.42</ele>
        <time>2026-05-02T15:54:21Z</time>
      </trkpt>
      <trkpt lat="33.61792" lon="-117.77082">
        <ele>232.78</ele>
        <time>2026-05-02T15:54:25Z</time>
      </trkpt>
      <trkpt lat="33.61794" lon="-117.77081">
        <ele>233.0</ele>
        <time>2026-05-02T15:54:29Z</time>
      </trkpt>
      <trkpt lat="33.61797" lon="-117.7708">
        <ele>233.51</ele>
        <time>2026-05-02T15:54:33Z</time>
      </trkpt>
      <trkpt lat="33.618" lon="-117.77079">
        <ele>234.26</ele>
        <time>2026-05-02T15:54:38Z</time>
      </trkpt>
      <trkpt lat="33.61803" lon="-117.7708">
        <ele>235.45</ele>
        <time>2026-05-02T15:54:43Z</time>
      </trkpt>
      <trkpt lat="33.61806" lon="-117.77081">
        <ele>236.56</ele>
        <time>2026-05-02T15:54:48Z</time>
      </trkpt>
      <trkpt lat="33.61808" lon="-117.7708">
        <ele>236.64</ele>
        <time>2026-05-02T15:54:52Z</time>
      </trkpt>
      <trkpt lat="33.61811" lon="-117.77079">
        <ele>236.93</ele>
        <time>2026-05-02T15:54:56Z</time>
      </trkpt>
      <trkpt lat="33.61814" lon="-117.77079">
        <ele>237.4</ele>
        <time>2026-05-02T15:55:00Z</time>
      </trkpt>
      <trkpt lat="33.61816" lon="-117.77079">
        <ele>237.92</ele>
        <time>2026-05-02T15:55:04Z</time>
      </trkpt>
      <trkpt lat="33.6182" lon="-117.7708">
        <ele>239.32</ele>
        <time>2026-05-02T15:55:08Z</time>
      </trkpt>
      <trkpt lat="33.61823" lon="-117.7708">
        <ele>240.29</ele>
        <time>2026-05-02T15:55:13Z</time>
      </trkpt>
      <trkpt lat="33.61826" lon="-117.77081">
        <ele>241.42</ele>
        <time>2026-05-02T15:55:17Z</time>
      </trkpt>
      <trkpt lat="33.61829" lon="-117.77081">
        <ele>242.48</ele>
        <time>2026-05-02T15:55:21Z</time>
      </trkpt>
      <trkpt lat="33.61832" lon="-117.77082">
        <ele>243.55</ele>
        <time>2026-05-02T15:55:25Z</time>
      </trkpt>
      <trkpt lat="33.61835" lon="-117.77082">
        <ele>244.39</ele>
        <time>2026-05-02T15:55:30Z</time>
      </trkpt>
      <trkpt lat="33.61838" lon="-117.77083">
        <ele>245.03</ele>
        <time>2026-05-02T15:55:34Z</time>
      </trkpt>
      <trkpt lat="33.61841" lon="-117.77083">
        <ele>245.69</ele>
        <time>2026-05-02T15:55:38Z</time>
      </trkpt>
      <trkpt lat="33.61843" lon="-117.77083">
        <ele>246.17</ele>
        <time>2026-05-02T15:55:42Z</time>
      </trkpt>
      <trkpt lat="33.61846" lon="-117.77084">
        <ele>246.91</ele>
        <time>2026-05-02T15:55:46Z</time>
      </trkpt>
      <trkpt lat="33.6185" lon="-117.77084">
        <ele>248.14</ele>
        <time>2026-05-02T15:55:50Z</time>
      </trkpt>
      <trkpt lat="33.61853" lon="-117.77084">
        <ele>248.73</ele>
        <time>2026-05-02T15:55:54Z</time>
      </trkpt>
      <trkpt lat="33.61856" lon="-117.77084">
        <ele>248.78</ele>
        <time>2026-05-02T15:55:58Z</time>
      </trkpt>
      <trkpt lat="33.61859" lon="-117.77084">
        <ele>248.82</ele>
        <time>2026-05-02T15:56:02Z</time>
      </trkpt>
      <trkpt lat="33.61862" lon="-117.77084">
        <ele>248.86</ele>
        <time>2026-05-02T15:56:08Z</time>
      </trkpt>
      <trkpt lat="33.6186" lon="-117.7708">
        <ele>250.04</ele>
        <time>2026-05-02T15:56:14Z</time>
      </trkpt>
      <trkpt lat="33.61858" lon="-117.77078">
        <ele>250.53</ele>
        <time>2026-05-02T15:56:19Z</time>
      </trkpt>
      <trkpt lat="33.61858" lon="-117.77082">
        <ele>249.38</ele>
        <time>2026-05-02T15:56:42Z</time>
      </trkpt>
      <trkpt lat="33.61861" lon="-117.77084">
        <ele>248.85</ele>
        <time>2026-05-02T15:56:46Z</time>
      </trkpt>
      <trkpt lat="33.61864" lon="-117.77086">
        <ele>248.42</ele>
        <time>2026-05-02T15:56:50Z</time>
      </trkpt>
      <trkpt lat="33.61867" lon="-117.77088">
        <ele>247.99</ele>
        <time>2026-05-02T15:56:54Z</time>
      </trkpt>
      <trkpt lat="33.61869" lon="-117.77089">
        <ele>247.78</ele>
        <time>2026-05-02T15:56:57Z</time>
      </trkpt>
      <trkpt lat="33.61872" lon="-117.77091">
        <ele>247.11</ele>
        <time>2026-05-02T15:57:00Z</time>
      </trkpt>
      <trkpt lat="33.61874" lon="-117.77093">
        <ele>246.43</ele>
        <time>2026-05-02T15:57:03Z</time>
      </trkpt>
      <trkpt lat="33.61877" lon="-117.77095">
        <ele>245.65</ele>
        <time>2026-05-02T15:57:06Z</time>
      </trkpt>
      <trkpt lat="33.61881" lon="-117.77097">
        <ele>245.14</ele>
        <time>2026-05-02T15:57:09Z</time>
      </trkpt>
      <trkpt lat="33.61884" lon="-117.77099">
        <ele>244.58</ele>
        <time>2026-05-02T15:57:11Z</time>
      </trkpt>
      <trkpt lat="33.61887" lon="-117.77101">
        <ele>244.73</ele>
        <time>2026-05-02T15:57:13Z</time>
      </trkpt>
      <trkpt lat="33.61889" lon="-117.77104">
        <ele>244.99</ele>
        <time>2026-05-02T15:57:15Z</time>
      </trkpt>
      <trkpt lat="33.61892" lon="-117.77106">
        <ele>244.97</ele>
        <time>2026-05-02T15:57:17Z</time>
      </trkpt>
      <trkpt lat="33.61894" lon="-117.77108">
        <ele>245.18</ele>
        <time>2026-05-02T15:57:20Z</time>
      </trkpt>
      <trkpt lat="33.61897" lon="-117.77111">
        <ele>245.85</ele>
        <time>2026-05-02T15:57:23Z</time>
      </trkpt>
      <trkpt lat="33.61899" lon="-117.77113">
        <ele>245.5</ele>
        <time>2026-05-02T15:57:26Z</time>
      </trkpt>
      <trkpt lat="33.61902" lon="-117.77116">
        <ele>245.21</ele>
        <time>2026-05-02T15:57:29Z</time>
      </trkpt>
      <trkpt lat="33.61904" lon="-117.77119">
        <ele>245.72</ele>
        <time>2026-05-02T15:57:32Z</time>
      </trkpt>
      <trkpt lat="33.61905" lon="-117.77122">
        <ele>246.13</ele>
        <time>2026-05-02T15:57:35Z</time>
      </trkpt>
      <trkpt lat="33.61905" lon="-117.77126">
        <ele>245.9</ele>
        <time>2026-05-02T15:57:38Z</time>
      </trkpt>
      <trkpt lat="33.61906" lon="-117.7713">
        <ele>246.21</ele>
        <time>2026-05-02T15:57:41Z</time>
      </trkpt>
      <trkpt lat="33.61907" lon="-117.77133">
        <ele>246.43</ele>
        <time>2026-05-02T15:57:43Z</time>
      </trkpt>
      <trkpt lat="33.61907" lon="-117.77137">
        <ele>246.02</ele>
        <time>2026-05-02T15:57:45Z</time>
      </trkpt>
      <trkpt lat="33.61907" lon="-117.7714">
        <ele>245.69</ele>
        <time>2026-05-02T15:57:47Z</time>
      </trkpt>
      <trkpt lat="33.61907" lon="-117.77144">
        <ele>245.22</ele>
        <time>2026-05-02T15:57:50Z</time>
      </trkpt>
      <trkpt lat="33.61906" lon="-117.77148">
        <ele>244.11</ele>
        <time>2026-05-02T15:57:53Z</time>
      </trkpt>
      <trkpt lat="33.61905" lon="-117.77152">
        <ele>242.72</ele>
        <time>2026-05-02T15:57:56Z</time>
      </trkpt>
      <trkpt lat="33.61904" lon="-117.77155">
        <ele>241.58</ele>
        <time>2026-05-02T15:57:59Z</time>
      </trkpt>
      <trkpt lat="33.61904" lon="-117.77158">
        <ele>241.14</ele>
        <time>2026-05-02T15:58:02Z</time>
      </trkpt>
      <trkpt lat="33.61903" lon="-117.77162">
        <ele>240.6</ele>
        <time>2026-05-02T15:58:05Z</time>
      </trkpt>
      <trkpt lat="33.61903" lon="-117.77165">
        <ele>240.58</ele>
        <time>2026-05-02T15:58:08Z</time>
      </trkpt>
      <trkpt lat="33.61902" lon="-117.77169">
        <ele>240.4</ele>
        <time>2026-05-02T15:58:11Z</time>
      </trkpt>
      <trkpt lat="33.61901" lon="-117.77173">
        <ele>240.4</ele>
        <time>2026-05-02T15:58:14Z</time>
      </trkpt>
      <trkpt lat="33.61899" lon="-117.77177">
        <ele>240.38</ele>
        <time>2026-05-02T15:58:17Z</time>
      </trkpt>
      <trkpt lat="33.61899" lon="-117.77181">
        <ele>241.13</ele>
        <time>2026-05-02T15:58:20Z</time>
      </trkpt>
      <trkpt lat="33.61898" lon="-117.77185">
        <ele>241.9</ele>
        <time>2026-05-02T15:58:23Z</time>
      </trkpt>
      <trkpt lat="33.61897" lon="-117.77189">
        <ele>241.56</ele>
        <time>2026-05-02T15:58:26Z</time>
      </trkpt>
      <trkpt lat="33.61896" lon="-117.77193">
        <ele>241.27</ele>
        <time>2026-05-02T15:58:29Z</time>
      </trkpt>
      <trkpt lat="33.61894" lon="-117.77197">
        <ele>240.9</ele>
        <time>2026-05-02T15:58:32Z</time>
      </trkpt>
      <trkpt lat="33.61892" lon="-117.772">
        <ele>240.8</ele>
        <time>2026-05-02T15:58:35Z</time>
      </trkpt>
      <trkpt lat="33.61889" lon="-117.77201">
        <ele>240.44</ele>
        <time>2026-05-02T15:58:58Z</time>
      </trkpt>
      <trkpt lat="33.61888" lon="-117.77204">
        <ele>240.72</ele>
        <time>2026-05-02T15:59:02Z</time>
      </trkpt>
      <trkpt lat="33.61885" lon="-117.77206">
        <ele>239.95</ele>
        <time>2026-05-02T15:59:06Z</time>
      </trkpt>
      <trkpt lat="33.61884" lon="-117.77209">
        <ele>240.02</ele>
        <time>2026-05-02T15:59:09Z</time>
      </trkpt>
      <trkpt lat="33.61882" lon="-117.77212">
        <ele>240.1</ele>
        <time>2026-05-02T15:59:12Z</time>
      </trkpt>
      <trkpt lat="33.61881" lon="-117.77215">
        <ele>240.52</ele>
        <time>2026-05-02T15:59:14Z</time>
      </trkpt>
      <trkpt lat="33.61879" lon="-117.77218">
        <ele>240.88</ele>
        <time>2026-05-02T15:59:16Z</time>
      </trkpt>
      <trkpt lat="33.61878" lon="-117.77222">
        <ele>241.42</ele>
        <time>2026-05-02T15:59:18Z</time>
      </trkpt>
      <trkpt lat="33.61877" lon="-117.77226">
        <ele>241.67</ele>
        <time>2026-05-02T15:59:20Z</time>
      </trkpt>
      <trkpt lat="33.61876" lon="-117.77229">
        <ele>241.84</ele>
        <time>2026-05-02T15:59:23Z</time>
      </trkpt>
      <trkpt lat="33.61873" lon="-117.77233">
        <ele>241.73</ele>
        <time>2026-05-02T15:59:26Z</time>
      </trkpt>
      <trkpt lat="33.6187" lon="-117.77236">
        <ele>241.41</ele>
        <time>2026-05-02T15:59:29Z</time>
      </trkpt>
      <trkpt lat="33.61869" lon="-117.7724">
        <ele>241.62</ele>
        <time>2026-05-02T15:59:32Z</time>
      </trkpt>
      <trkpt lat="33.61868" lon="-117.77243">
        <ele>241.43</ele>
        <time>2026-05-02T15:59:35Z</time>
      </trkpt>
      <trkpt lat="33.61867" lon="-117.77246">
        <ele>241.07</ele>
        <time>2026-05-02T15:59:38Z</time>
      </trkpt>
      <trkpt lat="33.61868" lon="-117.7725">
        <ele>241.23</ele>
        <time>2026-05-02T15:59:41Z</time>
      </trkpt>
      <trkpt lat="33.61869" lon="-117.77253">
        <ele>240.86</ele>
        <time>2026-05-02T15:59:44Z</time>
      </trkpt>
      <trkpt lat="33.61871" lon="-117.77256">
        <ele>240.77</ele>
        <time>2026-05-02T15:59:47Z</time>
      </trkpt>
      <trkpt lat="33.61872" lon="-117.7726">
        <ele>240.04</ele>
        <time>2026-05-02T15:59:50Z</time>
      </trkpt>
      <trkpt lat="33.61875" lon="-117.77264">
        <ele>239.99</ele>
        <time>2026-05-02T15:59:53Z</time>
      </trkpt>
      <trkpt lat="33.61877" lon="-117.77268">
        <ele>240.18</ele>
        <time>2026-05-02T15:59:56Z</time>
      </trkpt>
      <trkpt lat="33.61879" lon="-117.77272">
        <ele>240.8</ele>
        <time>2026-05-02T15:59:59Z</time>
      </trkpt>
      <trkpt lat="33.61881" lon="-117.77276">
        <ele>240.91</ele>
        <time>2026-05-02T16:00:02Z</time>
      </trkpt>
      <trkpt lat="33.61883" lon="-117.7728">
        <ele>241.41</ele>
        <time>2026-05-02T16:00:05Z</time>
      </trkpt>
      <trkpt lat="33.61885" lon="-117.77283">
        <ele>242.22</ele>
        <time>2026-05-02T16:00:08Z</time>
      </trkpt>
      <trkpt lat="33.61885" lon="-117.77286">
        <ele>242.92</ele>
        <time>2026-05-02T16:00:12Z</time>
      </trkpt>
      <trkpt lat="33.61886" lon="-117.7729">
        <ele>243.6</ele>
        <time>2026-05-02T16:00:16Z</time>
      </trkpt>
      <trkpt lat="33.61887" lon="-117.77294">
        <ele>244.19</ele>
        <time>2026-05-02T16:00:20Z</time>
      </trkpt>
      <trkpt lat="33.61888" lon="-117.77297">
        <ele>244.79</ele>
        <time>2026-05-02T16:00:23Z</time>
      </trkpt>
      <trkpt lat="33.61888" lon="-117.77301">
        <ele>245.22</ele>
        <time>2026-05-02T16:00:27Z</time>
      </trkpt>
      <trkpt lat="33.61888" lon="-117.77305">
        <ele>245.65</ele>
        <time>2026-05-02T16:00:30Z</time>
      </trkpt>
      <trkpt lat="33.61888" lon="-117.77308">
        <ele>245.45</ele>
        <time>2026-05-02T16:00:33Z</time>
      </trkpt>
      <trkpt lat="33.61889" lon="-117.77311">
        <ele>245.4</ele>
        <time>2026-05-02T16:00:36Z</time>
      </trkpt>
      <trkpt lat="33.61889" lon="-117.77314">
        <ele>245.07</ele>
        <time>2026-05-02T16:00:39Z</time>
      </trkpt>
      <trkpt lat="33.61889" lon="-117.77318">
        <ele>244.98</ele>
        <time>2026-05-02T16:00:42Z</time>
      </trkpt>
      <trkpt lat="33.6189" lon="-117.77321">
        <ele>244.84</ele>
        <time>2026-05-02T16:00:45Z</time>
      </trkpt>
      <trkpt lat="33.6189" lon="-117.77325">
        <ele>244.79</ele>
        <time>2026-05-02T16:00:48Z</time>
      </trkpt>
      <trkpt lat="33.61891" lon="-117.77329">
        <ele>244.36</ele>
        <time>2026-05-02T16:00:50Z</time>
      </trkpt>
      <trkpt lat="33.61891" lon="-117.77333">
        <ele>244.03</ele>
        <time>2026-05-02T16:00:52Z</time>
      </trkpt>
      <trkpt lat="33.61892" lon="-117.77336">
        <ele>244.0</ele>
        <time>2026-05-02T16:00:54Z</time>
      </trkpt>
      <trkpt lat="33.61892" lon="-117.7734">
        <ele>244.0</ele>
        <time>2026-05-02T16:00:56Z</time>
      </trkpt>
      <trkpt lat="33.61893" lon="-117.77343">
        <ele>244.02</ele>
        <time>2026-05-02T16:00:58Z</time>
      </trkpt>
      <trkpt lat="33.61893" lon="-117.77348">
        <ele>244.26</ele>
        <time>2026-05-02T16:01:01Z</time>
      </trkpt>
      <trkpt lat="33.61894" lon="-117.77352">
        <ele>244.56</ele>
        <time>2026-05-02T16:01:04Z</time>
      </trkpt>
      <trkpt lat="33.61895" lon="-117.77356">
        <ele>244.96</ele>
        <time>2026-05-02T16:01:07Z</time>
      </trkpt>
      <trkpt lat="33.61896" lon="-117.7736">
        <ele>245.44</ele>
        <time>2026-05-02T16:01:10Z</time>
      </trkpt>
      <trkpt lat="33.61896" lon="-117.77364">
        <ele>245.92</ele>
        <time>2026-05-02T16:01:13Z</time>
      </trkpt>
      <trkpt lat="33.61894" lon="-117.77367">
        <ele>246.02</ele>
        <time>2026-05-02T16:01:16Z</time>
      </trkpt>
      <trkpt lat="33.61892" lon="-117.7737">
        <ele>246.27</ele>
        <time>2026-05-02T16:01:19Z</time>
      </trkpt>
      <trkpt lat="33.6189" lon="-117.77373">
        <ele>246.44</ele>
        <time>2026-05-02T16:01:22Z</time>
      </trkpt>
      <trkpt lat="33.61888" lon="-117.77376">
        <ele>246.44</ele>
        <time>2026-05-02T16:01:25Z</time>
      </trkpt>
      <trkpt lat="33.61886" lon="-117.77379">
        <ele>246.58</ele>
        <time>2026-05-02T16:01:28Z</time>
      </trkpt>
      <trkpt lat="33.61884" lon="-117.77381">
        <ele>246.84</ele>
        <time>2026-05-02T16:01:31Z</time>
      </trkpt>
      <trkpt lat="33.61882" lon="-117.77384">
        <ele>247.32</ele>
        <time>2026-05-02T16:01:34Z</time>
      </trkpt>
      <trkpt lat="33.61879" lon="-117.77386">
        <ele>247.31</ele>
        <time>2026-05-02T16:01:36Z</time>
      </trkpt>
      <trkpt lat="33.61877" lon="-117.77388">
        <ele>247.73</ele>
        <time>2026-05-02T16:01:38Z</time>
      </trkpt>
      <trkpt lat="33.61875" lon="-117.77389">
        <ele>248.04</ele>
        <time>2026-05-02T16:01:40Z</time>
      </trkpt>
      <trkpt lat="33.61871" lon="-117.77389">
        <ele>248.04</ele>
        <time>2026-05-02T16:01:43Z</time>
      </trkpt>
      <trkpt lat="33.61868" lon="-117.7739">
        <ele>247.85</ele>
        <time>2026-05-02T16:01:46Z</time>
      </trkpt>
      <trkpt lat="33.61865" lon="-117.77392">
        <ele>247.85</ele>
        <time>2026-05-02T16:01:49Z</time>
      </trkpt>
      <trkpt lat="33.61861" lon="-117.77393">
        <ele>247.33</ele>
        <time>2026-05-02T16:01:52Z</time>
      </trkpt>
      <trkpt lat="33.61858" lon="-117.77394">
        <ele>247.51</ele>
        <time>2026-05-02T16:01:55Z</time>
      </trkpt>
      <trkpt lat="33.61855" lon="-117.77395">
        <ele>247.76</ele>
        <time>2026-05-02T16:01:58Z</time>
      </trkpt>
      <trkpt lat="33.61852" lon="-117.77396">
        <ele>248.08</ele>
        <time>2026-05-02T16:02:01Z</time>
      </trkpt>
      <trkpt lat="33.61849" lon="-117.77397">
        <ele>247.62</ele>
        <time>2026-05-02T16:02:04Z</time>
      </trkpt>
      <trkpt lat="33.61847" lon="-117.774">
        <ele>247.83</ele>
        <time>2026-05-02T16:02:37Z</time>
      </trkpt>
      <trkpt lat="33.61844" lon="-117.77402">
        <ele>247.29</ele>
        <time>2026-05-02T16:02:39Z</time>
      </trkpt>
      <trkpt lat="33.61842" lon="-117.77405">
        <ele>247.22</ele>
        <time>2026-05-02T16:02:41Z</time>
      </trkpt>
      <trkpt lat="33.61841" lon="-117.77408">
        <ele>247.26</ele>
        <time>2026-05-02T16:02:43Z</time>
      </trkpt>
      <trkpt lat="33.61839" lon="-117.77412">
        <ele>246.14</ele>
        <time>2026-05-02T16:02:46Z</time>
      </trkpt>
      <trkpt lat="33.61838" lon="-117.77415">
        <ele>245.6</ele>
        <time>2026-05-02T16:02:49Z</time>
      </trkpt>
      <trkpt lat="33.61836" lon="-117.77419">
        <ele>245.37</ele>
        <time>2026-05-02T16:02:52Z</time>
      </trkpt>
      <trkpt lat="33.61835" lon="-117.77422">
        <ele>245.69</ele>
        <time>2026-05-02T16:02:55Z</time>
      </trkpt>
      <trkpt lat="33.61833" lon="-117.77426">
        <ele>245.91</ele>
        <time>2026-05-02T16:02:58Z</time>
      </trkpt>
      <trkpt lat="33.61831" lon="-117.77429">
        <ele>246.08</ele>
        <time>2026-05-02T16:03:01Z</time>
      </trkpt>
      <trkpt lat="33.61828" lon="-117.77432">
        <ele>246.34</ele>
        <time>2026-05-02T16:03:04Z</time>
      </trkpt>
      <trkpt lat="33.61825" lon="-117.77435">
        <ele>247.02</ele>
        <time>2026-05-02T16:03:07Z</time>
      </trkpt>
      <trkpt lat="33.61822" lon="-117.77437">
        <ele>247.14</ele>
        <time>2026-05-02T16:03:09Z</time>
      </trkpt>
      <trkpt lat="33.61818" lon="-117.77439">
        <ele>246.92</ele>
        <time>2026-05-02T16:03:11Z</time>
      </trkpt>
      <trkpt lat="33.61814" lon="-117.7744">
        <ele>246.61</ele>
        <time>2026-05-02T16:03:13Z</time>
      </trkpt>
      <trkpt lat="33.61811" lon="-117.77442">
        <ele>247.51</ele>
        <time>2026-05-02T16:03:15Z</time>
      </trkpt>
      <trkpt lat="33.61809" lon="-117.77444">
        <ele>248.45</ele>
        <time>2026-05-02T16:03:17Z</time>
      </trkpt>
      <trkpt lat="33.61805" lon="-117.77446">
        <ele>249.71</ele>
        <time>2026-05-02T16:03:20Z</time>
      </trkpt>
      <trkpt lat="33.61802" lon="-117.77447">
        <ele>250.28</ele>
        <time>2026-05-02T16:03:23Z</time>
      </trkpt>
      <trkpt lat="33.61798" lon="-117.77446">
        <ele>250.21</ele>
        <time>2026-05-02T16:03:26Z</time>
      </trkpt>
      <trkpt lat="33.61795" lon="-117.77447">
        <ele>250.41</ele>
        <time>2026-05-02T16:03:29Z</time>
      </trkpt>
      <trkpt lat="33.61793" lon="-117.77447">
        <ele>250.2</ele>
        <time>2026-05-02T16:03:32Z</time>
      </trkpt>
      <trkpt lat="33.61789" lon="-117.77449">
        <ele>250.2</ele>
        <time>2026-05-02T16:03:37Z</time>
      </trkpt>
      <trkpt lat="33.61787" lon="-117.7745">
        <ele>250.19</ele>
        <time>2026-05-02T16:03:42Z</time>
      </trkpt>
      <trkpt lat="33.61784" lon="-117.77452">
        <ele>249.71</ele>
        <time>2026-05-02T16:03:48Z</time>
      </trkpt>
      <trkpt lat="33.61782" lon="-117.77455">
        <ele>249.51</ele>
        <time>2026-05-02T16:03:52Z</time>
      </trkpt>
      <trkpt lat="33.61781" lon="-117.77458">
        <ele>249.51</ele>
        <time>2026-05-02T16:03:55Z</time>
      </trkpt>
      <trkpt lat="33.61779" lon="-117.77461">
        <ele>249.18</ele>
        <time>2026-05-02T16:03:58Z</time>
      </trkpt>
      <trkpt lat="33.61777" lon="-117.77463">
        <ele>248.66</ele>
        <time>2026-05-02T16:04:02Z</time>
      </trkpt>
      <trkpt lat="33.61775" lon="-117.77465">
        <ele>247.93</ele>
        <time>2026-05-02T16:04:06Z</time>
      </trkpt>
      <trkpt lat="33.61772" lon="-117.77466">
        <ele>246.91</ele>
        <time>2026-05-02T16:04:10Z</time>
      </trkpt>
      <trkpt lat="33.61769" lon="-117.77468">
        <ele>246.24</ele>
        <time>2026-05-02T16:04:15Z</time>
      </trkpt>
      <trkpt lat="33.61767" lon="-117.7747">
        <ele>246.15</ele>
        <time>2026-05-02T16:04:19Z</time>
      </trkpt>
      <trkpt lat="33.61764" lon="-117.77472">
        <ele>245.96</ele>
        <time>2026-05-02T16:04:22Z</time>
      </trkpt>
      <trkpt lat="33.61761" lon="-117.77474">
        <ele>245.46</ele>
        <time>2026-05-02T16:04:25Z</time>
      </trkpt>
      <trkpt lat="33.61758" lon="-117.77475">
        <ele>245.07</ele>
        <time>2026-05-02T16:04:27Z</time>
      </trkpt>
      <trkpt lat="33.61755" lon="-117.77477">
        <ele>244.83</ele>
        <time>2026-05-02T16:04:30Z</time>
      </trkpt>
      <trkpt lat="33.61751" lon="-117.77479">
        <ele>244.6</ele>
        <time>2026-05-02T16:04:33Z</time>
      </trkpt>
      <trkpt lat="33.61747" lon="-117.7748">
        <ele>244.25</ele>
        <time>2026-05-02T16:04:36Z</time>
      </trkpt>
      <trkpt lat="33.61745" lon="-117.77482">
        <ele>244.43</ele>
        <time>2026-05-02T16:04:38Z</time>
      </trkpt>
      <trkpt lat="33.61741" lon="-117.77484">
        <ele>244.02</ele>
        <time>2026-05-02T16:04:41Z</time>
      </trkpt>
      <trkpt lat="33.61738" lon="-117.77485">
        <ele>243.15</ele>
        <time>2026-05-02T16:04:44Z</time>
      </trkpt>
      <trkpt lat="33.61734" lon="-117.77487">
        <ele>242.39</ele>
        <time>2026-05-02T16:04:47Z</time>
      </trkpt>
      <trkpt lat="33.61731" lon="-117.77489">
        <ele>242.33</ele>
        <time>2026-05-02T16:04:50Z</time>
      </trkpt>
      <trkpt lat="33.61728" lon="-117.77491">
        <ele>242.27</ele>
        <time>2026-05-02T16:04:53Z</time>
      </trkpt>
      <trkpt lat="33.61725" lon="-117.77494">
        <ele>242.09</ele>
        <time>2026-05-02T16:04:56Z</time>
      </trkpt>
      <trkpt lat="33.61722" lon="-117.77495">
        <ele>241.93</ele>
        <time>2026-05-02T16:04:59Z</time>
      </trkpt>
      <trkpt lat="33.61718" lon="-117.77497">
        <ele>242.66</ele>
        <time>2026-05-02T16:05:02Z</time>
      </trkpt>
      <trkpt lat="33.61715" lon="-117.77499">
        <ele>243.48</ele>
        <time>2026-05-02T16:05:05Z</time>
      </trkpt>
      <trkpt lat="33.61712" lon="-117.77502">
        <ele>243.92</ele>
        <time>2026-05-02T16:05:08Z</time>
      </trkpt>
      <trkpt lat="33.61709" lon="-117.77504">
        <ele>243.76</ele>
        <time>2026-05-02T16:05:11Z</time>
      </trkpt>
      <trkpt lat="33.61706" lon="-117.77506">
        <ele>243.74</ele>
        <time>2026-05-02T16:05:14Z</time>
      </trkpt>
      <trkpt lat="33.61702" lon="-117.77507">
        <ele>243.9</ele>
        <time>2026-05-02T16:05:17Z</time>
      </trkpt>
      <trkpt lat="33.61699" lon="-117.77509">
        <ele>244.47</ele>
        <time>2026-05-02T16:05:20Z</time>
      </trkpt>
      <trkpt lat="33.61696" lon="-117.77511">
        <ele>244.83</ele>
        <time>2026-05-02T16:05:23Z</time>
      </trkpt>
      <trkpt lat="33.61693" lon="-117.77513">
        <ele>244.97</ele>
        <time>2026-05-02T16:05:26Z</time>
      </trkpt>
      <trkpt lat="33.6169" lon="-117.77515">
        <ele>245.12</ele>
        <time>2026-05-02T16:05:29Z</time>
      </trkpt>
      <trkpt lat="33.61687" lon="-117.77517">
        <ele>245.54</ele>
        <time>2026-05-02T16:05:32Z</time>
      </trkpt>
      <trkpt lat="33.61684" lon="-117.77518">
        <ele>245.75</ele>
        <time>2026-05-02T16:05:35Z</time>
      </trkpt>
      <trkpt lat="33.61681" lon="-117.7752">
        <ele>245.46</ele>
        <time>2026-05-02T16:05:38Z</time>
      </trkpt>
      <trkpt lat="33.61678" lon="-117.77521">
        <ele>245.16</ele>
        <time>2026-05-02T16:05:41Z</time>
      </trkpt>
      <trkpt lat="33.61675" lon="-117.77523">
        <ele>244.79</ele>
        <time>2026-05-02T16:05:44Z</time>
      </trkpt>
      <trkpt lat="33.61672" lon="-117.77525">
        <ele>244.49</ele>
        <time>2026-05-02T16:05:47Z</time>
      </trkpt>
      <trkpt lat="33.61669" lon="-117.77526">
        <ele>244.43</ele>
        <time>2026-05-02T16:05:50Z</time>
      </trkpt>
      <trkpt lat="33.61666" lon="-117.77528">
        <ele>244.93</ele>
        <time>2026-05-02T16:05:53Z</time>
      </trkpt>
      <trkpt lat="33.61663" lon="-117.77528">
        <ele>244.62</ele>
        <time>2026-05-02T16:05:56Z</time>
      </trkpt>
      <trkpt lat="33.6166" lon="-117.77528">
        <ele>244.31</ele>
        <time>2026-05-02T16:05:58Z</time>
      </trkpt>
      <trkpt lat="33.61657" lon="-117.77528">
        <ele>244.09</ele>
        <time>2026-05-02T16:06:00Z</time>
      </trkpt>
      <trkpt lat="33.61654" lon="-117.77529">
        <ele>244.58</ele>
        <time>2026-05-02T16:06:02Z</time>
      </trkpt>
      <trkpt lat="33.61652" lon="-117.7753">
        <ele>244.92</ele>
        <time>2026-05-02T16:06:04Z</time>
      </trkpt>
      <trkpt lat="33.61649" lon="-117.7753">
        <ele>245.17</ele>
        <time>2026-05-02T16:06:06Z</time>
      </trkpt>
      <trkpt lat="33.61645" lon="-117.77529">
        <ele>245.68</ele>
        <time>2026-05-02T16:06:09Z</time>
      </trkpt>
      <trkpt lat="33.61642" lon="-117.77525">
        <ele>245.83</ele>
        <time>2026-05-02T16:06:12Z</time>
      </trkpt>
      <trkpt lat="33.61641" lon="-117.77522">
        <ele>245.64</ele>
        <time>2026-05-02T16:06:14Z</time>
      </trkpt>
      <trkpt lat="33.61639" lon="-117.77519">
        <ele>246.01</ele>
        <time>2026-05-02T16:06:17Z</time>
      </trkpt>
      <trkpt lat="33.61637" lon="-117.77515">
        <ele>244.35</ele>
        <time>2026-05-02T16:06:20Z</time>
      </trkpt>
      <trkpt lat="33.61635" lon="-117.77512">
        <ele>243.06</ele>
        <time>2026-05-02T16:06:23Z</time>
      </trkpt>
      <trkpt lat="33.61632" lon="-117.7751">
        <ele>242.26</ele>
        <time>2026-05-02T16:06:26Z</time>
      </trkpt>
      <trkpt lat="33.6163" lon="-117.77508">
        <ele>241.58</ele>
        <time>2026-05-02T16:06:29Z</time>
      </trkpt>
      <trkpt lat="33.61627" lon="-117.77506">
        <ele>240.76</ele>
        <time>2026-05-02T16:06:32Z</time>
      </trkpt>
      <trkpt lat="33.6163" lon="-117.77506">
        <ele>240.92</ele>
        <time>2026-05-02T16:06:42Z</time>
      </trkpt>
      <trkpt lat="33.61631" lon="-117.77509">
        <ele>241.91</ele>
        <time>2026-05-02T16:06:51Z</time>
      </trkpt>
      <trkpt lat="33.61628" lon="-117.77509">
        <ele>241.74</ele>
        <time>2026-05-02T16:06:55Z</time>
      </trkpt>
      <trkpt lat="33.61625" lon="-117.77509">
        <ele>241.43</ele>
        <time>2026-05-02T16:06:58Z</time>
      </trkpt>
      <trkpt lat="33.61621" lon="-117.77508">
        <ele>240.79</ele>
        <time>2026-05-02T16:07:01Z</time>
      </trkpt>
      <trkpt lat="33.61617" lon="-117.77508">
        <ele>240.41</ele>
        <time>2026-05-02T16:07:04Z</time>
      </trkpt>
      <trkpt lat="33.61614" lon="-117.77508">
        <ele>240.13</ele>
        <time>2026-05-02T16:07:07Z</time>
      </trkpt>
      <trkpt lat="33.61611" lon="-117.77507">
        <ele>239.76</ele>
        <time>2026-05-02T16:07:10Z</time>
      </trkpt>
      <trkpt lat="33.61607" lon="-117.77507">
        <ele>239.86</ele>
        <time>2026-05-02T16:07:13Z</time>
      </trkpt>
      <trkpt lat="33.61603" lon="-117.77506">
        <ele>239.96</ele>
        <time>2026-05-02T16:07:16Z</time>
      </trkpt>
      <trkpt lat="33.616" lon="-117.77506">
        <ele>240.27</ele>
        <time>2026-05-02T16:07:18Z</time>
      </trkpt>
      <trkpt lat="33.61598" lon="-117.77506">
        <ele>240.56</ele>
        <time>2026-05-02T16:07:20Z</time>
      </trkpt>
      <trkpt lat="33.61595" lon="-117.77506">
        <ele>241.0</ele>
        <time>2026-05-02T16:07:22Z</time>
      </trkpt>
      <trkpt lat="33.61592" lon="-117.77506">
        <ele>241.37</ele>
        <time>2026-05-02T16:07:24Z</time>
      </trkpt>
      <trkpt lat="33.61588" lon="-117.77506">
        <ele>241.53</ele>
        <time>2026-05-02T16:07:27Z</time>
      </trkpt>
      <trkpt lat="33.61585" lon="-117.77505">
        <ele>241.84</ele>
        <time>2026-05-02T16:07:30Z</time>
      </trkpt>
      <trkpt lat="33.61582" lon="-117.77503">
        <ele>242.4</ele>
        <time>2026-05-02T16:07:33Z</time>
      </trkpt>
      <trkpt lat="33.6158" lon="-117.775">
        <ele>243.36</ele>
        <time>2026-05-02T16:07:36Z</time>
      </trkpt>
      <trkpt lat="33.61577" lon="-117.77498">
        <ele>243.83</ele>
        <time>2026-05-02T16:07:39Z</time>
      </trkpt>
      <trkpt lat="33.61575" lon="-117.77497">
        <ele>244.19</ele>
        <time>2026-05-02T16:07:42Z</time>
      </trkpt>
      <trkpt lat="33.61572" lon="-117.77494">
        <ele>244.64</ele>
        <time>2026-05-02T16:07:46Z</time>
      </trkpt>
      <trkpt lat="33.61569" lon="-117.77492">
        <ele>245.19</ele>
        <time>2026-05-02T16:07:49Z</time>
      </trkpt>
      <trkpt lat="33.61567" lon="-117.7749">
        <ele>245.84</ele>
        <time>2026-05-02T16:07:52Z</time>
      </trkpt>
      <trkpt lat="33.61565" lon="-117.77488">
        <ele>246.28</ele>
        <time>2026-05-02T16:07:55Z</time>
      </trkpt>
      <trkpt lat="33.61563" lon="-117.77486">
        <ele>246.32</ele>
        <time>2026-05-02T16:07:58Z</time>
      </trkpt>
      <trkpt lat="33.61561" lon="-117.77484">
        <ele>246.5</ele>
        <time>2026-05-02T16:08:01Z</time>
      </trkpt>
      <trkpt lat="33.61558" lon="-117.77482">
        <ele>246.86</ele>
        <time>2026-05-02T16:08:04Z</time>
      </trkpt>
      <trkpt lat="33.61556" lon="-117.77481">
        <ele>247.05</ele>
        <time>2026-05-02T16:08:07Z</time>
      </trkpt>
      <trkpt lat="33.61553" lon="-117.77479">
        <ele>246.79</ele>
        <time>2026-05-02T16:08:10Z</time>
      </trkpt>
      <trkpt lat="33.61551" lon="-117.77477">
        <ele>246.74</ele>
        <time>2026-05-02T16:08:13Z</time>
      </trkpt>
      <trkpt lat="33.61551" lon="-117.77474">
        <ele>247.22</ele>
        <time>2026-05-02T16:08:23Z</time>
      </trkpt>
      <trkpt lat="33.61548" lon="-117.77472">
        <ele>247.18</ele>
        <time>2026-05-02T16:08:27Z</time>
      </trkpt>
      <trkpt lat="33.61545" lon="-117.77471">
        <ele>246.6</ele>
        <time>2026-05-02T16:08:29Z</time>
      </trkpt>
      <trkpt lat="33.61542" lon="-117.7747">
        <ele>245.72</ele>
        <time>2026-05-02T16:08:32Z</time>
      </trkpt>
      <trkpt lat="33.6154" lon="-117.77468">
        <ele>245.27</ele>
        <time>2026-05-02T16:08:35Z</time>
      </trkpt>
      <trkpt lat="33.61537" lon="-117.77467">
        <ele>244.55</ele>
        <time>2026-05-02T16:08:38Z</time>
      </trkpt>
      <trkpt lat="33.61534" lon="-117.77465">
        <ele>243.98</ele>
        <time>2026-05-02T16:08:41Z</time>
      </trkpt>
      <trkpt lat="33.61531" lon="-117.77464">
        <ele>243.44</ele>
        <time>2026-05-02T16:08:44Z</time>
      </trkpt>
      <trkpt lat="33.61528" lon="-117.77462">
        <ele>243.36</ele>
        <time>2026-05-02T16:08:47Z</time>
      </trkpt>
      <trkpt lat="33.61524" lon="-117.7746">
        <ele>242.74</ele>
        <time>2026-05-02T16:08:50Z</time>
      </trkpt>
      <trkpt lat="33.61521" lon="-117.77459">
        <ele>242.09</ele>
        <time>2026-05-02T16:08:53Z</time>
      </trkpt>
      <trkpt lat="33.61518" lon="-117.77456">
        <ele>242.2</ele>
        <time>2026-05-02T16:08:56Z</time>
      </trkpt>
      <trkpt lat="33.61515" lon="-117.77453">
        <ele>242.92</ele>
        <time>2026-05-02T16:08:59Z</time>
      </trkpt>
      <trkpt lat="33.61512" lon="-117.77452">
        <ele>243.03</ele>
        <time>2026-05-02T16:09:02Z</time>
      </trkpt>
      <trkpt lat="33.61509" lon="-117.77451">
        <ele>243.12</ele>
        <time>2026-05-02T16:09:05Z</time>
      </trkpt>
      <trkpt lat="33.61506" lon="-117.7745">
        <ele>242.83</ele>
        <time>2026-05-02T16:09:08Z</time>
      </trkpt>
      <trkpt lat="33.61503" lon="-117.7745">
        <ele>242.11</ele>
        <time>2026-05-02T16:09:11Z</time>
      </trkpt>
      <trkpt lat="33.615" lon="-117.77448">
        <ele>241.62</ele>
        <time>2026-05-02T16:09:14Z</time>
      </trkpt>
      <trkpt lat="33.61497" lon="-117.77446">
        <ele>240.75</ele>
        <time>2026-05-02T16:09:17Z</time>
      </trkpt>
      <trkpt lat="33.61494" lon="-117.77444">
        <ele>240.25</ele>
        <time>2026-05-02T16:09:20Z</time>
      </trkpt>
      <trkpt lat="33.61491" lon="-117.77443">
        <ele>239.71</ele>
        <time>2026-05-02T16:09:23Z</time>
      </trkpt>
      <trkpt lat="33.61488" lon="-117.77442">
        <ele>239.46</ele>
        <time>2026-05-02T16:09:26Z</time>
      </trkpt>
      <trkpt lat="33.61485" lon="-117.77441">
        <ele>239.25</ele>
        <time>2026-05-02T16:09:29Z</time>
      </trkpt>
      <trkpt lat="33.61483" lon="-117.7744">
        <ele>239.25</ele>
        <time>2026-05-02T16:09:32Z</time>
      </trkpt>
      <trkpt lat="33.61481" lon="-117.77437">
        <ele>240.08</ele>
        <time>2026-05-02T16:09:38Z</time>
      </trkpt>
      <trkpt lat="33.61478" lon="-117.77435">
        <ele>239.82</ele>
        <time>2026-05-02T16:09:42Z</time>
      </trkpt>
      <trkpt lat="33.61475" lon="-117.77435">
        <ele>238.85</ele>
        <time>2026-05-02T16:09:45Z</time>
      </trkpt>
      <trkpt lat="33.61472" lon="-117.77435">
        <ele>237.87</ele>
        <time>2026-05-02T16:09:47Z</time>
      </trkpt>
      <trkpt lat="33.61469" lon="-117.77436">
        <ele>236.81</ele>
        <time>2026-05-02T16:09:49Z</time>
      </trkpt>
      <trkpt lat="33.61466" lon="-117.77437">
        <ele>235.72</ele>
        <time>2026-05-02T16:09:51Z</time>
      </trkpt>
      <trkpt lat="33.61463" lon="-117.77438">
        <ele>234.71</ele>
        <time>2026-05-02T16:09:53Z</time>
      </trkpt>
      <trkpt lat="33.61459" lon="-117.77438">
        <ele>234.57</ele>
        <time>2026-05-02T16:09:56Z</time>
      </trkpt>
      <trkpt lat="33.61456" lon="-117.77436">
        <ele>234.85</ele>
        <time>2026-05-02T16:09:59Z</time>
      </trkpt>
      <trkpt lat="33.61453" lon="-117.77435">
        <ele>234.91</ele>
        <time>2026-05-02T16:10:02Z</time>
      </trkpt>
      <trkpt lat="33.61449" lon="-117.77434">
        <ele>234.43</ele>
        <time>2026-05-02T16:10:05Z</time>
      </trkpt>
      <trkpt lat="33.61446" lon="-117.77433">
        <ele>234.13</ele>
        <time>2026-05-02T16:10:08Z</time>
      </trkpt>
      <trkpt lat="33.61442" lon="-117.77433">
        <ele>233.74</ele>
        <time>2026-05-02T16:10:11Z</time>
      </trkpt>
      <trkpt lat="33.61439" lon="-117.77432">
        <ele>233.41</ele>
        <time>2026-05-02T16:10:14Z</time>
      </trkpt>
      <trkpt lat="33.61436" lon="-117.77432">
        <ele>233.09</ele>
        <time>2026-05-02T16:10:17Z</time>
      </trkpt>
      <trkpt lat="33.61432" lon="-117.77432">
        <ele>232.77</ele>
        <time>2026-05-02T16:10:20Z</time>
      </trkpt>
      <trkpt lat="33.61429" lon="-117.77432">
        <ele>232.56</ele>
        <time>2026-05-02T16:10:23Z</time>
      </trkpt>
      <trkpt lat="33.61425" lon="-117.77431">
        <ele>232.61</ele>
        <time>2026-05-02T16:10:26Z</time>
      </trkpt>
      <trkpt lat="33.61422" lon="-117.7743">
        <ele>233.17</ele>
        <time>2026-05-02T16:10:29Z</time>
      </trkpt>
      <trkpt lat="33.61419" lon="-117.77429">
        <ele>233.66</ele>
        <time>2026-05-02T16:10:32Z</time>
      </trkpt>
      <trkpt lat="33.61415" lon="-117.77429">
        <ele>234.18</ele>
        <time>2026-05-02T16:10:35Z</time>
      </trkpt>
      <trkpt lat="33.61412" lon="-117.77429">
        <ele>234.5</ele>
        <time>2026-05-02T16:10:38Z</time>
      </trkpt>
      <trkpt lat="33.61409" lon="-117.77428">
        <ele>234.83</ele>
        <time>2026-05-02T16:10:49Z</time>
      </trkpt>
      <trkpt lat="33.61406" lon="-117.77427">
        <ele>235.3</ele>
        <time>2026-05-02T16:10:53Z</time>
      </trkpt>
      <trkpt lat="33.61404" lon="-117.77426">
        <ele>235.74</ele>
        <time>2026-05-02T16:10:56Z</time>
      </trkpt>
      <trkpt lat="33.61401" lon="-117.77425">
        <ele>236.38</ele>
        <time>2026-05-02T16:10:59Z</time>
      </trkpt>
      <trkpt lat="33.61398" lon="-117.77424">
        <ele>237.03</ele>
        <time>2026-05-02T16:11:03Z</time>
      </trkpt>
      <trkpt lat="33.61394" lon="-117.77423">
        <ele>237.9</ele>
        <time>2026-05-02T16:11:07Z</time>
      </trkpt>
      <trkpt lat="33.61391" lon="-117.77423">
        <ele>238.54</ele>
        <time>2026-05-02T16:11:11Z</time>
      </trkpt>
      <trkpt lat="33.61388" lon="-117.77422">
        <ele>239.1</ele>
        <time>2026-05-02T16:11:15Z</time>
      </trkpt>
      <trkpt lat="33.61385" lon="-117.77422">
        <ele>239.42</ele>
        <time>2026-05-02T16:11:19Z</time>
      </trkpt>
      <trkpt lat="33.61382" lon="-117.77421">
        <ele>239.74</ele>
        <time>2026-05-02T16:11:23Z</time>
      </trkpt>
      <trkpt lat="33.61379" lon="-117.7742">
        <ele>240.14</ele>
        <time>2026-05-02T16:11:27Z</time>
      </trkpt>
      <trkpt lat="33.61376" lon="-117.7742">
        <ele>240.78</ele>
        <time>2026-05-02T16:11:30Z</time>
      </trkpt>
      <trkpt lat="33.61372" lon="-117.77421">
        <ele>241.65</ele>
        <time>2026-05-02T16:11:33Z</time>
      </trkpt>
      <trkpt lat="33.61369" lon="-117.77421">
        <ele>242.15</ele>
        <time>2026-05-02T16:11:36Z</time>
      </trkpt>
      <trkpt lat="33.61366" lon="-117.77421">
        <ele>242.47</ele>
        <time>2026-05-02T16:11:39Z</time>
      </trkpt>
      <trkpt lat="33.61364" lon="-117.7742">
        <ele>242.69</ele>
        <time>2026-05-02T16:11:42Z</time>
      </trkpt>
      <trkpt lat="33.61361" lon="-117.7742">
        <ele>243.01</ele>
        <time>2026-05-02T16:11:45Z</time>
      </trkpt>
      <trkpt lat="33.61358" lon="-117.77419">
        <ele>243.34</ele>
        <time>2026-05-02T16:11:48Z</time>
      </trkpt>
      <trkpt lat="33.61355" lon="-117.77418">
        <ele>243.66</ele>
        <time>2026-05-02T16:11:52Z</time>
      </trkpt>
      <trkpt lat="33.61352" lon="-117.77418">
        <ele>243.98</ele>
        <time>2026-05-02T16:11:55Z</time>
      </trkpt>
      <trkpt lat="33.61349" lon="-117.77417">
        <ele>244.32</ele>
        <time>2026-05-02T16:11:58Z</time>
      </trkpt>
      <trkpt lat="33.61346" lon="-117.77417">
        <ele>244.65</ele>
        <time>2026-05-02T16:12:01Z</time>
      </trkpt>
      <trkpt lat="33.61343" lon="-117.77416">
        <ele>244.96</ele>
        <time>2026-05-02T16:12:04Z</time>
      </trkpt>
      <trkpt lat="33.6134" lon="-117.77415">
        <ele>245.51</ele>
        <time>2026-05-02T16:12:07Z</time>
      </trkpt>
      <trkpt lat="33.61337" lon="-117.77414">
        <ele>246.03</ele>
        <time>2026-05-02T16:12:10Z</time>
      </trkpt>
      <trkpt lat="33.61334" lon="-117.77413">
        <ele>246.49</ele>
        <time>2026-05-02T16:12:13Z</time>
      </trkpt>
      <trkpt lat="33.61332" lon="-117.77413">
        <ele>246.81</ele>
        <time>2026-05-02T16:12:16Z</time>
      </trkpt>
      <trkpt lat="33.61329" lon="-117.77412">
        <ele>247.2</ele>
        <time>2026-05-02T16:12:19Z</time>
      </trkpt>
      <trkpt lat="33.61326" lon="-117.77411">
        <ele>247.66</ele>
        <time>2026-05-02T16:12:22Z</time>
      </trkpt>
      <trkpt lat="33.61323" lon="-117.77409">
        <ele>247.96</ele>
        <time>2026-05-02T16:12:25Z</time>
      </trkpt>
      <trkpt lat="33.6132" lon="-117.77407">
        <ele>247.93</ele>
        <time>2026-05-02T16:12:28Z</time>
      </trkpt>
      <trkpt lat="33.61317" lon="-117.77404">
        <ele>247.74</ele>
        <time>2026-05-02T16:12:31Z</time>
      </trkpt>
      <trkpt lat="33.61314" lon="-117.77402">
        <ele>247.93</ele>
        <time>2026-05-02T16:12:34Z</time>
      </trkpt>
      <trkpt lat="33.61311" lon="-117.774">
        <ele>247.84</ele>
        <time>2026-05-02T16:12:37Z</time>
      </trkpt>
      <trkpt lat="33.61308" lon="-117.77399">
        <ele>247.86</ele>
        <time>2026-05-02T16:12:40Z</time>
      </trkpt>
      <trkpt lat="33.61305" lon="-117.77397">
        <ele>248.07</ele>
        <time>2026-05-02T16:12:43Z</time>
      </trkpt>
      <trkpt lat="33.61302" lon="-117.77394">
        <ele>248.24</ele>
        <time>2026-05-02T16:12:46Z</time>
      </trkpt>
      <trkpt lat="33.61299" lon="-117.77392">
        <ele>248.43</ele>
        <time>2026-05-02T16:12:49Z</time>
      </trkpt>
      <trkpt lat="33.61297" lon="-117.77389">
        <ele>248.98</ele>
        <time>2026-05-02T16:12:52Z</time>
      </trkpt>
      <trkpt lat="33.61294" lon="-117.77387">
        <ele>248.75</ele>
        <time>2026-05-02T16:12:55Z</time>
      </trkpt>
      <trkpt lat="33.61291" lon="-117.77384">
        <ele>248.43</ele>
        <time>2026-05-02T16:12:58Z</time>
      </trkpt>
      <trkpt lat="33.61288" lon="-117.77382">
        <ele>248.1</ele>
        <time>2026-05-02T16:13:01Z</time>
      </trkpt>
      <trkpt lat="33.61286" lon="-117.7738">
        <ele>247.89</ele>
        <time>2026-05-02T16:13:04Z</time>
      </trkpt>
      <trkpt lat="33.61283" lon="-117.77378">
        <ele>247.21</ele>
        <time>2026-05-02T16:13:07Z</time>
      </trkpt>
      <trkpt lat="33.6128" lon="-117.77377">
        <ele>246.67</ele>
        <time>2026-05-02T16:13:10Z</time>
      </trkpt>
      <trkpt lat="33.61277" lon="-117.77376">
        <ele>246.13</ele>
        <time>2026-05-02T16:13:16Z</time>
      </trkpt>
      <trkpt lat="33.61275" lon="-117.77375">
        <ele>245.7</ele>
        <time>2026-05-02T16:13:19Z</time>
      </trkpt>
      <trkpt lat="33.61272" lon="-117.77374">
        <ele>245.16</ele>
        <time>2026-05-02T16:13:22Z</time>
      </trkpt>
      <trkpt lat="33.61269" lon="-117.77373">
        <ele>244.62</ele>
        <time>2026-05-02T16:13:25Z</time>
      </trkpt>
      <trkpt lat="33.61266" lon="-117.77372">
        <ele>244.13</ele>
        <time>2026-05-02T16:13:28Z</time>
      </trkpt>
      <trkpt lat="33.61263" lon="-117.77371">
        <ele>243.58</ele>
        <time>2026-05-02T16:13:31Z</time>
      </trkpt>
      <trkpt lat="33.61261" lon="-117.7737">
        <ele>243.1</ele>
        <time>2026-05-02T16:13:34Z</time>
      </trkpt>
      <trkpt lat="33.61258" lon="-117.77369">
        <ele>242.82</ele>
        <time>2026-05-02T16:13:37Z</time>
      </trkpt>
      <trkpt lat="33.61255" lon="-117.77368">
        <ele>242.83</ele>
        <time>2026-05-02T16:13:40Z</time>
      </trkpt>
      <trkpt lat="33.61252" lon="-117.77367">
        <ele>242.77</ele>
        <time>2026-05-02T16:13:43Z</time>
      </trkpt>
      <trkpt lat="33.61249" lon="-117.77366">
        <ele>242.58</ele>
        <time>2026-05-02T16:13:46Z</time>
      </trkpt>
      <trkpt lat="33.61245" lon="-117.77365">
        <ele>242.35</ele>
        <time>2026-05-02T16:13:49Z</time>
      </trkpt>
      <trkpt lat="33.61241" lon="-117.77364">
        <ele>242.3</ele>
        <time>2026-05-02T16:13:52Z</time>
      </trkpt>
      <trkpt lat="33.61237" lon="-117.77363">
        <ele>242.12</ele>
        <time>2026-05-02T16:13:55Z</time>
      </trkpt>
      <trkpt lat="33.61234" lon="-117.77362">
        <ele>242.03</ele>
        <time>2026-05-02T16:13:58Z</time>
      </trkpt>
      <trkpt lat="33.6123" lon="-117.77361">
        <ele>241.84</ele>
        <time>2026-05-02T16:14:01Z</time>
      </trkpt>
      <trkpt lat="33.61227" lon="-117.7736">
        <ele>241.52</ele>
        <time>2026-05-02T16:14:04Z</time>
      </trkpt>
      <trkpt lat="33.61223" lon="-117.77359">
        <ele>241.08</ele>
        <time>2026-05-02T16:14:07Z</time>
      </trkpt>
      <trkpt lat="33.6122" lon="-117.77358">
        <ele>240.84</ele>
        <time>2026-05-02T16:14:10Z</time>
      </trkpt>
      <trkpt lat="33.61216" lon="-117.77357">
        <ele>240.63</ele>
        <time>2026-05-02T16:14:13Z</time>
      </trkpt>
      <trkpt lat="33.61213" lon="-117.77356">
        <ele>240.55</ele>
        <time>2026-05-02T16:14:16Z</time>
      </trkpt>
      <trkpt lat="33.61209" lon="-117.77355">
        <ele>240.66</ele>
        <time>2026-05-02T16:14:19Z</time>
      </trkpt>
      <trkpt lat="33.61205" lon="-117.77354">
        <ele>240.77</ele>
        <time>2026-05-02T16:14:22Z</time>
      </trkpt>
      <trkpt lat="33.61202" lon="-117.77353">
        <ele>240.74</ele>
        <time>2026-05-02T16:14:25Z</time>
      </trkpt>
      <trkpt lat="33.61198" lon="-117.77352">
        <ele>240.39</ele>
        <time>2026-05-02T16:14:28Z</time>
      </trkpt>
      <trkpt lat="33.61195" lon="-117.77352">
        <ele>240.07</ele>
        <time>2026-05-02T16:14:31Z</time>
      </trkpt>
      <trkpt lat="33.61191" lon="-117.77354">
        <ele>240.23</ele>
        <time>2026-05-02T16:14:34Z</time>
      </trkpt>
      <trkpt lat="33.61189" lon="-117.77356">
        <ele>240.45</ele>
        <time>2026-05-02T16:14:36Z</time>
      </trkpt>
      <trkpt lat="33.61185" lon="-117.77357">
        <ele>240.57</ele>
        <time>2026-05-02T16:14:39Z</time>
      </trkpt>
      <trkpt lat="33.61182" lon="-117.77358">
        <ele>240.89</ele>
        <time>2026-05-02T16:14:42Z</time>
      </trkpt>
      <trkpt lat="33.61178" lon="-117.77358">
        <ele>241.18</ele>
        <time>2026-05-02T16:14:45Z</time>
      </trkpt>
      <trkpt lat="33.61175" lon="-117.77359">
        <ele>241.52</ele>
        <time>2026-05-02T16:14:48Z</time>
      </trkpt>
      <trkpt lat="33.61172" lon="-117.77359">
        <ele>241.45</ele>
        <time>2026-05-02T16:14:51Z</time>
      </trkpt>
      <trkpt lat="33.61168" lon="-117.77359">
        <ele>241.35</ele>
        <time>2026-05-02T16:14:54Z</time>
      </trkpt>
      <trkpt lat="33.61165" lon="-117.7736">
        <ele>241.64</ele>
        <time>2026-05-02T16:14:57Z</time>
      </trkpt>
      <trkpt lat="33.61162" lon="-117.7736">
        <ele>241.64</ele>
        <time>2026-05-02T16:15:00Z</time>
      </trkpt>
      <trkpt lat="33.61159" lon="-117.7736">
        <ele>241.64</ele>
        <time>2026-05-02T16:15:03Z</time>
      </trkpt>
      <trkpt lat="33.61155" lon="-117.77361">
        <ele>241.97</ele>
        <time>2026-05-02T16:15:06Z</time>
      </trkpt>
      <trkpt lat="33.61152" lon="-117.77361">
        <ele>241.97</ele>
        <time>2026-05-02T16:15:09Z</time>
      </trkpt>
      <trkpt lat="33.61149" lon="-117.77361">
        <ele>241.97</ele>
        <time>2026-05-02T16:15:12Z</time>
      </trkpt>
      <trkpt lat="33.61145" lon="-117.77361">
        <ele>242.31</ele>
        <time>2026-05-02T16:15:15Z</time>
      </trkpt>
      <trkpt lat="33.61142" lon="-117.77361">
        <ele>242.63</ele>
        <time>2026-05-02T16:15:18Z</time>
      </trkpt>
      <trkpt lat="33.61138" lon="-117.77362">
        <ele>243.1</ele>
        <time>2026-05-02T16:15:21Z</time>
      </trkpt>
      <trkpt lat="33.61135" lon="-117.77362">
        <ele>243.42</ele>
        <time>2026-05-02T16:15:24Z</time>
      </trkpt>
      <trkpt lat="33.61132" lon="-117.77363">
        <ele>243.74</ele>
        <time>2026-05-02T16:15:27Z</time>
      </trkpt>
      <trkpt lat="33.61128" lon="-117.77363">
        <ele>244.04</ele>
        <time>2026-05-02T16:15:30Z</time>
      </trkpt>
      <trkpt lat="33.61125" lon="-117.77363">
        <ele>244.1</ele>
        <time>2026-05-02T16:15:33Z</time>
      </trkpt>
      <trkpt lat="33.61122" lon="-117.77364">
        <ele>244.26</ele>
        <time>2026-05-02T16:15:36Z</time>
      </trkpt>
      <trkpt lat="33.61118" lon="-117.77364">
        <ele>244.39</ele>
        <time>2026-05-02T16:15:39Z</time>
      </trkpt>
      <trkpt lat="33.61115" lon="-117.77365">
        <ele>244.66</ele>
        <time>2026-05-02T16:15:42Z</time>
      </trkpt>
      <trkpt lat="33.61111" lon="-117.77365">
        <ele>244.85</ele>
        <time>2026-05-02T16:15:45Z</time>
      </trkpt>
      <trkpt lat="33.61108" lon="-117.77365">
        <ele>245.18</ele>
        <time>2026-05-02T16:15:48Z</time>
      </trkpt>
      <trkpt lat="33.61105" lon="-117.77366">
        <ele>245.72</ele>
        <time>2026-05-02T16:15:51Z</time>
      </trkpt>
      <trkpt lat="33.61101" lon="-117.77366">
        <ele>246.2</ele>
        <time>2026-05-02T16:15:54Z</time>
      </trkpt>
      <trkpt lat="33.61098" lon="-117.77365">
        <ele>246.43</ele>
        <time>2026-05-02T16:15:57Z</time>
      </trkpt>
      <trkpt lat="33.61095" lon="-117.77364">
        <ele>246.59</ele>
        <time>2026-05-02T16:16:00Z</time>
      </trkpt>
      <trkpt lat="33.61091" lon="-117.77363">
        <ele>246.92</ele>
        <time>2026-05-02T16:16:03Z</time>
      </trkpt>
      <trkpt lat="33.61088" lon="-117.77363">
        <ele>247.5</ele>
        <time>2026-05-02T16:16:06Z</time>
      </trkpt>
      <trkpt lat="33.61085" lon="-117.77362">
        <ele>247.85</ele>
        <time>2026-05-02T16:16:09Z</time>
      </trkpt>
      <trkpt lat="33.61081" lon="-117.77362">
        <ele>248.47</ele>
        <time>2026-05-02T16:16:12Z</time>
      </trkpt>
      <trkpt lat="33.61078" lon="-117.77361">
        <ele>248.53</ele>
        <time>2026-05-02T16:16:15Z</time>
      </trkpt>
      <trkpt lat="33.61075" lon="-117.7736">
        <ele>248.42</ele>
        <time>2026-05-02T16:16:18Z</time>
      </trkpt>
      <trkpt lat="33.61071" lon="-117.77359">
        <ele>248.5</ele>
        <time>2026-05-02T16:16:21Z</time>
      </trkpt>
      <trkpt lat="33.61068" lon="-117.77359">
        <ele>248.89</ele>
        <time>2026-05-02T16:16:24Z</time>
      </trkpt>
      <trkpt lat="33.61065" lon="-117.77358">
        <ele>248.97</ele>
        <time>2026-05-02T16:16:27Z</time>
      </trkpt>
      <trkpt lat="33.61061" lon="-117.77358">
        <ele>249.54</ele>
        <time>2026-05-02T16:16:30Z</time>
      </trkpt>
      <trkpt lat="33.61058" lon="-117.77357">
        <ele>249.73</ele>
        <time>2026-05-02T16:16:33Z</time>
      </trkpt>
      <trkpt lat="33.61055" lon="-117.77357">
        <ele>250.14</ele>
        <time>2026-05-02T16:16:36Z</time>
      </trkpt>
      <trkpt lat="33.61051" lon="-117.77356">
        <ele>250.17</ele>
        <time>2026-05-02T16:16:39Z</time>
      </trkpt>
      <trkpt lat="33.61048" lon="-117.77355">
        <ele>250.22</ele>
        <time>2026-05-02T16:16:42Z</time>
      </trkpt>
      <trkpt lat="33.61045" lon="-117.77355">
        <ele>250.06</ele>
        <time>2026-05-02T16:16:45Z</time>
      </trkpt>
      <trkpt lat="33.61041" lon="-117.77354">
        <ele>249.09</ele>
        <time>2026-05-02T16:16:48Z</time>
      </trkpt>
      <trkpt lat="33.61039" lon="-117.77354">
        <ele>248.66</ele>
        <time>2026-05-02T16:16:51Z</time>
      </trkpt>
      <trkpt lat="33.61037" lon="-117.77357">
        <ele>248.54</ele>
        <time>2026-05-02T16:18:13Z</time>
      </trkpt>
      <trkpt lat="33.61036" lon="-117.77362">
        <ele>248.56</ele>
        <time>2026-05-02T16:18:17Z</time>
      </trkpt>
      <trkpt lat="33.61035" lon="-117.77367">
        <ele>248.26</ele>
        <time>2026-05-02T16:18:20Z</time>
      </trkpt>
      <trkpt lat="33.61032" lon="-117.7737">
        <ele>247.35</ele>
        <time>2026-05-02T16:18:22Z</time>
      </trkpt>
      <trkpt lat="33.6103" lon="-117.77371">
        <ele>246.8</ele>
        <time>2026-05-02T16:18:23Z</time>
      </trkpt>
      <trkpt lat="33.61027" lon="-117.77373">
        <ele>246.06</ele>
        <time>2026-05-02T16:18:24Z</time>
      </trkpt>
      <trkpt lat="33.61024" lon="-117.77375">
        <ele>245.48</ele>
        <time>2026-05-02T16:18:26Z</time>
      </trkpt>
      <trkpt lat="33.61022" lon="-117.77378">
        <ele>245.47</ele>
        <time>2026-05-02T16:18:28Z</time>
      </trkpt>
      <trkpt lat="33.6102" lon="-117.77382">
        <ele>245.83</ele>
        <time>2026-05-02T16:18:31Z</time>
      </trkpt>
      <trkpt lat="33.61018" lon="-117.77386">
        <ele>246.19</ele>
        <time>2026-05-02T16:18:34Z</time>
      </trkpt>
      <trkpt lat="33.61017" lon="-117.7739">
        <ele>246.24</ele>
        <time>2026-05-02T16:18:37Z</time>
      </trkpt>
      <trkpt lat="33.61016" lon="-117.77394">
        <ele>245.51</ele>
        <time>2026-05-02T16:18:40Z</time>
      </trkpt>
      <trkpt lat="33.61014" lon="-117.77398">
        <ele>244.54</ele>
        <time>2026-05-02T16:18:43Z</time>
      </trkpt>
      <trkpt lat="33.61012" lon="-117.77402">
        <ele>244.3</ele>
        <time>2026-05-02T16:18:46Z</time>
      </trkpt>
      <trkpt lat="33.6101" lon="-117.77406">
        <ele>244.09</ele>
        <time>2026-05-02T16:18:49Z</time>
      </trkpt>
      <trkpt lat="33.61009" lon="-117.7741">
        <ele>244.19</ele>
        <time>2026-05-02T16:18:52Z</time>
      </trkpt>
      <trkpt lat="33.61007" lon="-117.77414">
        <ele>243.81</ele>
        <time>2026-05-02T16:18:55Z</time>
      </trkpt>
      <trkpt lat="33.61005" lon="-117.77418">
        <ele>243.23</ele>
        <time>2026-05-02T16:18:58Z</time>
      </trkpt>
      <trkpt lat="33.61003" lon="-117.77422">
        <ele>242.69</ele>
        <time>2026-05-02T16:19:01Z</time>
      </trkpt>
      <trkpt lat="33.61002" lon="-117.77426">
        <ele>242.65</ele>
        <time>2026-05-02T16:19:04Z</time>
      </trkpt>
      <trkpt lat="33.61001" lon="-117.7743">
        <ele>242.72</ele>
        <time>2026-05-02T16:19:07Z</time>
      </trkpt>
      <trkpt lat="33.61001" lon="-117.77434">
        <ele>243.1</ele>
        <time>2026-05-02T16:19:10Z</time>
      </trkpt>
      <trkpt lat="33.61001" lon="-117.77438">
        <ele>242.94</ele>
        <time>2026-05-02T16:19:13Z</time>
      </trkpt>
      <trkpt lat="33.61" lon="-117.77442">
        <ele>242.26</ele>
        <time>2026-05-02T16:19:16Z</time>
      </trkpt>
      <trkpt lat="33.61" lon="-117.77446">
        <ele>242.0</ele>
        <time>2026-05-02T16:19:19Z</time>
      </trkpt>
      <trkpt lat="33.60999" lon="-117.7745">
        <ele>241.63</ele>
        <time>2026-05-02T16:19:22Z</time>
      </trkpt>
      <trkpt lat="33.60999" lon="-117.77455">
        <ele>241.83</ele>
        <time>2026-05-02T16:19:25Z</time>
      </trkpt>
      <trkpt lat="33.60998" lon="-117.77459">
        <ele>242.05</ele>
        <time>2026-05-02T16:19:28Z</time>
      </trkpt>
      <trkpt lat="33.60996" lon="-117.77463">
        <ele>242.14</ele>
        <time>2026-05-02T16:19:31Z</time>
      </trkpt>
      <trkpt lat="33.60995" lon="-117.77465">
        <ele>242.16</ele>
        <time>2026-05-02T16:19:33Z</time>
      </trkpt>
      <trkpt lat="33.60992" lon="-117.77469">
        <ele>242.4</ele>
        <time>2026-05-02T16:19:36Z</time>
      </trkpt>
      <trkpt lat="33.6099" lon="-117.77473">
        <ele>242.93</ele>
        <time>2026-05-02T16:19:39Z</time>
      </trkpt>
      <trkpt lat="33.60988" lon="-117.77475">
        <ele>242.88</ele>
        <time>2026-05-02T16:19:43Z</time>
      </trkpt>
      <trkpt lat="33.60985" lon="-117.77476">
        <ele>242.89</ele>
        <time>2026-05-02T16:19:46Z</time>
      </trkpt>
      <trkpt lat="33.60981" lon="-117.77479">
        <ele>243.43</ele>
        <time>2026-05-02T16:19:49Z</time>
      </trkpt>
      <trkpt lat="33.60978" lon="-117.77482">
        <ele>243.62</ele>
        <time>2026-05-02T16:19:52Z</time>
      </trkpt>
      <trkpt lat="33.60975" lon="-117.77484">
        <ele>243.3</ele>
        <time>2026-05-02T16:19:55Z</time>
      </trkpt>
      <trkpt lat="33.60972" lon="-117.77486">
        <ele>242.99</ele>
        <time>2026-05-02T16:19:58Z</time>
      </trkpt>
      <trkpt lat="33.60969" lon="-117.77488">
        <ele>242.9</ele>
        <time>2026-05-02T16:20:01Z</time>
      </trkpt>
      <trkpt lat="33.60965" lon="-117.77489">
        <ele>242.85</ele>
        <time>2026-05-02T16:20:04Z</time>
      </trkpt>
      <trkpt lat="33.60962" lon="-117.77491">
        <ele>242.9</ele>
        <time>2026-05-02T16:20:07Z</time>
      </trkpt>
      <trkpt lat="33.60959" lon="-117.77492">
        <ele>242.57</ele>
        <time>2026-05-02T16:20:10Z</time>
      </trkpt>
      <trkpt lat="33.60955" lon="-117.77493">
        <ele>242.14</ele>
        <time>2026-05-02T16:20:13Z</time>
      </trkpt>
      <trkpt lat="33.60952" lon="-117.77494">
        <ele>241.82</ele>
        <time>2026-05-02T16:20:16Z</time>
      </trkpt>
      <trkpt lat="33.60948" lon="-117.77496">
        <ele>241.38</ele>
        <time>2026-05-02T16:20:19Z</time>
      </trkpt>
      <trkpt lat="33.60945" lon="-117.77497">
        <ele>241.06</ele>
        <time>2026-05-02T16:20:22Z</time>
      </trkpt>
      <trkpt lat="33.60941" lon="-117.77499">
        <ele>240.26</ele>
        <time>2026-05-02T16:20:25Z</time>
      </trkpt>
      <trkpt lat="33.60938" lon="-117.77501">
        <ele>239.58</ele>
        <time>2026-05-02T16:20:28Z</time>
      </trkpt>
      <trkpt lat="33.60935" lon="-117.77503">
        <ele>238.93</ele>
        <time>2026-05-02T16:20:31Z</time>
      </trkpt>
      <trkpt lat="33.60932" lon="-117.77505">
        <ele>238.0</ele>
        <time>2026-05-02T16:20:34Z</time>
      </trkpt>
      <trkpt lat="33.60929" lon="-117.77507">
        <ele>237.34</ele>
        <time>2026-05-02T16:20:37Z</time>
      </trkpt>
      <trkpt lat="33.60926" lon="-117.77509">
        <ele>236.96</ele>
        <time>2026-05-02T16:20:40Z</time>
      </trkpt>
      <trkpt lat="33.60923" lon="-117.77511">
        <ele>236.93</ele>
        <time>2026-05-02T16:20:43Z</time>
      </trkpt>
      <trkpt lat="33.6092" lon="-117.77514">
        <ele>237.2</ele>
        <time>2026-05-02T16:20:46Z</time>
      </trkpt>
      <trkpt lat="33.60917" lon="-117.77516">
        <ele>237.47</ele>
        <time>2026-05-02T16:20:49Z</time>
      </trkpt>
      <trkpt lat="33.60914" lon="-117.77518">
        <ele>237.6</ele>
        <time>2026-05-02T16:20:52Z</time>
      </trkpt>
      <trkpt lat="33.60912" lon="-117.7752">
        <ele>237.58</ele>
        <time>2026-05-02T16:20:55Z</time>
      </trkpt>
      <trkpt lat="33.60908" lon="-117.77522">
        <ele>237.42</ele>
        <time>2026-05-02T16:20:58Z</time>
      </trkpt>
      <trkpt lat="33.60905" lon="-117.77523">
        <ele>237.36</ele>
        <time>2026-05-02T16:21:01Z</time>
      </trkpt>
      <trkpt lat="33.60902" lon="-117.77523">
        <ele>237.2</ele>
        <time>2026-05-02T16:21:04Z</time>
      </trkpt>
      <trkpt lat="33.60899" lon="-117.77523">
        <ele>237.04</ele>
        <time>2026-05-02T16:21:07Z</time>
      </trkpt>
      <trkpt lat="33.60896" lon="-117.77522">
        <ele>236.62</ele>
        <time>2026-05-02T16:21:10Z</time>
      </trkpt>
      <trkpt lat="33.60892" lon="-117.77522">
        <ele>235.92</ele>
        <time>2026-05-02T16:21:13Z</time>
      </trkpt>
      <trkpt lat="33.60889" lon="-117.77522">
        <ele>235.4</ele>
        <time>2026-05-02T16:21:16Z</time>
      </trkpt>
      <trkpt lat="33.60886" lon="-117.77522">
        <ele>235.06</ele>
        <time>2026-05-02T16:21:19Z</time>
      </trkpt>
      <trkpt lat="33.60882" lon="-117.77521">
        <ele>234.52</ele>
        <time>2026-05-02T16:21:22Z</time>
      </trkpt>
      <trkpt lat="33.60879" lon="-117.77521">
        <ele>234.2</ele>
        <time>2026-05-02T16:21:25Z</time>
      </trkpt>
      <trkpt lat="33.60876" lon="-117.7752">
        <ele>233.77</ele>
        <time>2026-05-02T16:21:28Z</time>
      </trkpt>
      <trkpt lat="33.60872" lon="-117.77519">
        <ele>233.23</ele>
        <time>2026-05-02T16:21:31Z</time>
      </trkpt>
      <trkpt lat="33.60869" lon="-117.77519">
        <ele>233.04</ele>
        <time>2026-05-02T16:21:34Z</time>
      </trkpt>
      <trkpt lat="33.60866" lon="-117.77518">
        <ele>233.03</ele>
        <time>2026-05-02T16:21:37Z</time>
      </trkpt>
      <trkpt lat="33.60862" lon="-117.77517">
        <ele>233.02</ele>
        <time>2026-05-02T16:21:40Z</time>
      </trkpt>
      <trkpt lat="33.60859" lon="-117.77516">
        <ele>232.77</ele>
        <time>2026-05-02T16:21:43Z</time>
      </trkpt>
      <trkpt lat="33.60856" lon="-117.77515">
        <ele>232.45</ele>
        <time>2026-05-02T16:21:46Z</time>
      </trkpt>
      <trkpt lat="33.60853" lon="-117.77514">
        <ele>232.12</ele>
        <time>2026-05-02T16:21:49Z</time>
      </trkpt>
      <trkpt lat="33.60849" lon="-117.77513">
        <ele>231.69</ele>
        <time>2026-05-02T16:21:52Z</time>
      </trkpt>
      <trkpt lat="33.60846" lon="-117.77512">
        <ele>231.37</ele>
        <time>2026-05-02T16:21:55Z</time>
      </trkpt>
      <trkpt lat="33.60843" lon="-117.77511">
        <ele>231.04</ele>
        <time>2026-05-02T16:21:58Z</time>
      </trkpt>
      <trkpt lat="33.6084" lon="-117.77511">
        <ele>230.72</ele>
        <time>2026-05-02T16:22:01Z</time>
      </trkpt>
      <trkpt lat="33.60836" lon="-117.7751">
        <ele>230.29</ele>
        <time>2026-05-02T16:22:04Z</time>
      </trkpt>
      <trkpt lat="33.60833" lon="-117.77509">
        <ele>229.96</ele>
        <time>2026-05-02T16:22:07Z</time>
      </trkpt>
      <trkpt lat="33.6083" lon="-117.77509">
        <ele>229.64</ele>
        <time>2026-05-02T16:22:10Z</time>
      </trkpt>
      <trkpt lat="33.60826" lon="-117.77508">
        <ele>229.21</ele>
        <time>2026-05-02T16:22:13Z</time>
      </trkpt>
      <trkpt lat="33.60823" lon="-117.77508">
        <ele>228.98</ele>
        <time>2026-05-02T16:22:16Z</time>
      </trkpt>
      <trkpt lat="33.6082" lon="-117.77507">
        <ele>228.89</ele>
        <time>2026-05-02T16:22:19Z</time>
      </trkpt>
      <trkpt lat="33.60816" lon="-117.77507">
        <ele>228.79</ele>
        <time>2026-05-02T16:22:22Z</time>
      </trkpt>
      <trkpt lat="33.60813" lon="-117.77507">
        <ele>228.56</ele>
        <time>2026-05-02T16:22:25Z</time>
      </trkpt>
      <trkpt lat="33.6081" lon="-117.77507">
        <ele>228.24</ele>
        <time>2026-05-02T16:22:28Z</time>
      </trkpt>
      <trkpt lat="33.60807" lon="-117.77507">
        <ele>227.91</ele>
        <time>2026-05-02T16:22:31Z</time>
      </trkpt>
      <trkpt lat="33.60803" lon="-117.77507">
        <ele>227.48</ele>
        <time>2026-05-02T16:22:34Z</time>
      </trkpt>
      <trkpt lat="33.608" lon="-117.77507">
        <ele>227.16</ele>
        <time>2026-05-02T16:22:37Z</time>
      </trkpt>
      <trkpt lat="33.60797" lon="-117.77507">
        <ele>226.83</ele>
        <time>2026-05-02T16:22:40Z</time>
      </trkpt>
      <trkpt lat="33.60793" lon="-117.77507">
        <ele>226.4</ele>
        <time>2026-05-02T16:22:43Z</time>
      </trkpt>
      <trkpt lat="33.6079" lon="-117.77507">
        <ele>226.08</ele>
        <time>2026-05-02T16:22:46Z</time>
      </trkpt>
      <trkpt lat="33.60786" lon="-117.77507">
        <ele>225.67</ele>
        <time>2026-05-02T16:22:49Z</time>
      </trkpt>
      <trkpt lat="33.60783" lon="-117.77507">
        <ele>225.43</ele>
        <time>2026-05-02T16:22:52Z</time>
      </trkpt>
      <trkpt lat="33.6078" lon="-117.77506">
        <ele>225.16</ele>
        <time>2026-05-02T16:22:55Z</time>
      </trkpt>
      <trkpt lat="33.60776" lon="-117.77506">
        <ele>224.93</ele>
        <time>2026-05-02T16:22:58Z</time>
      </trkpt>
      <trkpt lat="33.60773" lon="-117.77506">
        <ele>224.82</ele>
        <time>2026-05-02T16:23:01Z</time>
      </trkpt>
      <trkpt lat="33.60769" lon="-117.77506">
        <ele>224.67</ele>
        <time>2026-05-02T16:23:04Z</time>
      </trkpt>
      <trkpt lat="33.60766" lon="-117.77505">
        <ele>224.81</ele>
        <time>2026-05-02T16:23:07Z</time>
      </trkpt>
      <trkpt lat="33.60762" lon="-117.77505">
        <ele>225.24</ele>
        <time>2026-05-02T16:23:10Z</time>
      </trkpt>
      <trkpt lat="33.60759" lon="-117.77504">
        <ele>225.44</ele>
        <time>2026-05-02T16:23:13Z</time>
      </trkpt>
      <trkpt lat="33.60755" lon="-117.77504">
        <ele>225.63</ele>
        <time>2026-05-02T16:23:16Z</time>
      </trkpt>
      <trkpt lat="33.60752" lon="-117.77502">
        <ele>225.39</ele>
        <time>2026-05-02T16:23:19Z</time>
      </trkpt>
      <trkpt lat="33.6075" lon="-117.775">
        <ele>225.0</ele>
        <time>2026-05-02T16:23:21Z</time>
      </trkpt>
      <trkpt lat="33.60747" lon="-117.77497">
        <ele>225.22</ele>
        <time>2026-05-02T16:23:23Z</time>
      </trkpt>
      <trkpt lat="33.60744" lon="-117.77495">
        <ele>225.3</ele>
        <time>2026-05-02T16:23:26Z</time>
      </trkpt>
      <trkpt lat="33.60741" lon="-117.77493">
        <ele>225.24</ele>
        <time>2026-05-02T16:23:29Z</time>
      </trkpt>
      <trkpt lat="33.60737" lon="-117.77492">
        <ele>225.54</ele>
        <time>2026-05-02T16:23:32Z</time>
      </trkpt>
      <trkpt lat="33.60734" lon="-117.77491">
        <ele>225.76</ele>
        <time>2026-05-02T16:23:35Z</time>
      </trkpt>
      <trkpt lat="33.60731" lon="-117.7749">
        <ele>225.84</ele>
        <time>2026-05-02T16:23:38Z</time>
      </trkpt>
      <trkpt lat="33.60728" lon="-117.77489">
        <ele>225.69</ele>
        <time>2026-05-02T16:23:41Z</time>
      </trkpt>
      <trkpt lat="33.60724" lon="-117.77488">
        <ele>225.65</ele>
        <time>2026-05-02T16:23:44Z</time>
      </trkpt>
      <trkpt lat="33.60721" lon="-117.77487">
        <ele>225.6</ele>
        <time>2026-05-02T16:23:47Z</time>
      </trkpt>
      <trkpt lat="33.60717" lon="-117.77486">
        <ele>225.49</ele>
        <time>2026-05-02T16:23:50Z</time>
      </trkpt>
      <trkpt lat="33.60714" lon="-117.77485">
        <ele>225.38</ele>
        <time>2026-05-02T16:23:53Z</time>
      </trkpt>
      <trkpt lat="33.60711" lon="-117.77485">
        <ele>225.17</ele>
        <time>2026-05-02T16:23:56Z</time>
      </trkpt>
      <trkpt lat="33.60707" lon="-117.77484">
        <ele>224.63</ele>
        <time>2026-05-02T16:23:59Z</time>
      </trkpt>
      <trkpt lat="33.60703" lon="-117.77484">
        <ele>224.16</ele>
        <time>2026-05-02T16:24:02Z</time>
      </trkpt>
      <trkpt lat="33.60699" lon="-117.77486">
        <ele>223.97</ele>
        <time>2026-05-02T16:24:04Z</time>
      </trkpt>
      <trkpt lat="33.60695" lon="-117.77488">
        <ele>224.15</ele>
        <time>2026-05-02T16:24:06Z</time>
      </trkpt>
      <trkpt lat="33.60692" lon="-117.7749">
        <ele>224.47</ele>
        <time>2026-05-02T16:24:08Z</time>
      </trkpt>
      <trkpt lat="33.6069" lon="-117.77492">
        <ele>224.79</ele>
        <time>2026-05-02T16:24:10Z</time>
      </trkpt>
      <trkpt lat="33.60686" lon="-117.77493">
        <ele>224.58</ele>
        <time>2026-05-02T16:24:13Z</time>
      </trkpt>
      <trkpt lat="33.60683" lon="-117.77493">
        <ele>224.25</ele>
        <time>2026-05-02T16:24:16Z</time>
      </trkpt>
      <trkpt lat="33.60679" lon="-117.77494">
        <ele>224.04</ele>
        <time>2026-05-02T16:24:19Z</time>
      </trkpt>
      <trkpt lat="33.60676" lon="-117.77496">
        <ele>224.14</ele>
        <time>2026-05-02T16:24:22Z</time>
      </trkpt>
      <trkpt lat="33.60672" lon="-117.77497">
        <ele>224.08</ele>
        <time>2026-05-02T16:24:25Z</time>
      </trkpt>
      <trkpt lat="33.60669" lon="-117.77498">
        <ele>224.24</ele>
        <time>2026-05-02T16:24:28Z</time>
      </trkpt>
      <trkpt lat="33.60666" lon="-117.775">
        <ele>224.86</ele>
        <time>2026-05-02T16:24:31Z</time>
      </trkpt>
      <trkpt lat="33.60662" lon="-117.77501">
        <ele>224.37</ele>
        <time>2026-05-02T16:24:35Z</time>
      </trkpt>
      <trkpt lat="33.60659" lon="-117.77502">
        <ele>224.17</ele>
        <time>2026-05-02T16:24:39Z</time>
      </trkpt>
      <trkpt lat="33.60655" lon="-117.77503">
        <ele>224.04</ele>
        <time>2026-05-02T16:24:43Z</time>
      </trkpt>
      <trkpt lat="33.60651" lon="-117.77505">
        <ele>224.47</ele>
        <time>2026-05-02T16:24:47Z</time>
      </trkpt>
      <trkpt lat="33.60648" lon="-117.77506">
        <ele>224.59</ele>
        <time>2026-05-02T16:24:51Z</time>
      </trkpt>
      <trkpt lat="33.60644" lon="-117.77507">
        <ele>224.91</ele>
        <time>2026-05-02T16:24:55Z</time>
      </trkpt>
      <trkpt lat="33.6064" lon="-117.77508">
        <ele>225.34</ele>
        <time>2026-05-02T16:24:59Z</time>
      </trkpt>
      <trkpt lat="33.60636" lon="-117.77509">
        <ele>225.55</ele>
        <time>2026-05-02T16:25:03Z</time>
      </trkpt>
      <trkpt lat="33.60632" lon="-117.77511">
        <ele>226.01</ele>
        <time>2026-05-02T16:25:07Z</time>
      </trkpt>
      <trkpt lat="33.60629" lon="-117.77512">
        <ele>226.16</ele>
        <time>2026-05-02T16:25:11Z</time>
      </trkpt>
      <trkpt lat="33.60625" lon="-117.77514">
        <ele>227.06</ele>
        <time>2026-05-02T16:25:15Z</time>
      </trkpt>
      <trkpt lat="33.60622" lon="-117.77515">
        <ele>227.68</ele>
        <time>2026-05-02T16:25:19Z</time>
      </trkpt>
      <trkpt lat="33.60621" lon="-117.7752">
        <ele>230.44</ele>
        <time>2026-05-02T16:25:35Z</time>
      </trkpt>
      <trkpt lat="33.6062" lon="-117.77523">
        <ele>231.39</ele>
        <time>2026-05-02T16:26:09Z</time>
      </trkpt>
      <trkpt lat="33.60615" lon="-117.77525">
        <ele>231.35</ele>
        <time>2026-05-02T16:26:45Z</time>
      </trkpt>
      <trkpt lat="33.6061" lon="-117.77526">
        <ele>230.97</ele>
        <time>2026-05-02T16:26:47Z</time>
      </trkpt>
      <trkpt lat="33.60605" lon="-117.77526">
        <ele>229.79</ele>
        <time>2026-05-02T16:26:50Z</time>
      </trkpt>
      <trkpt lat="33.60601" lon="-117.77527">
        <ele>229.4</ele>
        <time>2026-05-02T16:26:54Z</time>
      </trkpt>
      <trkpt lat="33.60597" lon="-117.77528">
        <ele>229.08</ele>
        <time>2026-05-02T16:26:59Z</time>
      </trkpt>
      <trkpt lat="33.60593" lon="-117.7753">
        <ele>229.52</ele>
        <time>2026-05-02T16:27:04Z</time>
      </trkpt>
      <trkpt lat="33.60591" lon="-117.77533">
        <ele>231.29</ele>
        <time>2026-05-02T16:27:07Z</time>
      </trkpt>
      <trkpt lat="33.60589" lon="-117.77536">
        <ele>232.98</ele>
        <time>2026-05-02T16:27:09Z</time>
      </trkpt>
      <trkpt lat="33.60587" lon="-117.7754">
        <ele>234.87</ele>
        <time>2026-05-02T16:27:12Z</time>
      </trkpt>
      <trkpt lat="33.60584" lon="-117.77543">
        <ele>236.25</ele>
        <time>2026-05-02T16:27:16Z</time>
      </trkpt>
      <trkpt lat="33.60581" lon="-117.77546">
        <ele>238.08</ele>
        <time>2026-05-02T16:27:20Z</time>
      </trkpt>
      <trkpt lat="33.60579" lon="-117.77548">
        <ele>238.58</ele>
        <time>2026-05-02T16:27:23Z</time>
      </trkpt>
      <trkpt lat="33.60576" lon="-117.7755">
        <ele>238.64</ele>
        <time>2026-05-02T16:27:26Z</time>
      </trkpt>
      <trkpt lat="33.60574" lon="-117.77552">
        <ele>238.38</ele>
        <time>2026-05-02T16:27:29Z</time>
      </trkpt>
      <trkpt lat="33.60572" lon="-117.77554">
        <ele>238.17</ele>
        <time>2026-05-02T16:27:32Z</time>
      </trkpt>
      <trkpt lat="33.6057" lon="-117.77557">
        <ele>237.71</ele>
        <time>2026-05-02T16:27:35Z</time>
      </trkpt>
      <trkpt lat="33.6057" lon="-117.7756">
        <ele>237.1</ele>
        <time>2026-05-02T16:27:38Z</time>
      </trkpt>
      <trkpt lat="33.60569" lon="-117.77564">
        <ele>236.09</ele>
        <time>2026-05-02T16:27:41Z</time>
      </trkpt>
      <trkpt lat="33.60568" lon="-117.77567">
        <ele>235.84</ele>
        <time>2026-05-02T16:27:43Z</time>
      </trkpt>
      <trkpt lat="33.60567" lon="-117.77571">
        <ele>235.98</ele>
        <time>2026-05-02T16:27:45Z</time>
      </trkpt>
      <trkpt lat="33.60566" lon="-117.77575">
        <ele>236.14</ele>
        <time>2026-05-02T16:27:47Z</time>
      </trkpt>
      <trkpt lat="33.60565" lon="-117.77578">
        <ele>236.03</ele>
        <time>2026-05-02T16:27:49Z</time>
      </trkpt>
      <trkpt lat="33.60564" lon="-117.77581">
        <ele>235.89</ele>
        <time>2026-05-02T16:27:51Z</time>
      </trkpt>
      <trkpt lat="33.60562" lon="-117.77585">
        <ele>235.88</ele>
        <time>2026-05-02T16:27:54Z</time>
      </trkpt>
      <trkpt lat="33.6056" lon="-117.77588">
        <ele>235.98</ele>
        <time>2026-05-02T16:27:56Z</time>
      </trkpt>
      <trkpt lat="33.60557" lon="-117.7759">
        <ele>235.88</ele>
        <time>2026-05-02T16:27:58Z</time>
      </trkpt>
      <trkpt lat="33.60555" lon="-117.77591">
        <ele>235.77</ele>
        <time>2026-05-02T16:28:00Z</time>
      </trkpt>
      <trkpt lat="33.60552" lon="-117.77593">
        <ele>235.62</ele>
        <time>2026-05-02T16:28:02Z</time>
      </trkpt>
      <trkpt lat="33.60549" lon="-117.77592">
        <ele>235.23</ele>
        <time>2026-05-02T16:28:05Z</time>
      </trkpt>
      <trkpt lat="33.60545" lon="-117.77591">
        <ele>234.8</ele>
        <time>2026-05-02T16:28:08Z</time>
      </trkpt>
      <trkpt lat="33.60541" lon="-117.77592">
        <ele>234.9</ele>
        <time>2026-05-02T16:28:11Z</time>
      </trkpt>
      <trkpt lat="33.60538" lon="-117.77593">
        <ele>234.96</ele>
        <time>2026-05-02T16:28:14Z</time>
      </trkpt>
      <trkpt lat="33.60534" lon="-117.77593">
        <ele>234.97</ele>
        <time>2026-05-02T16:28:17Z</time>
      </trkpt>
      <trkpt lat="33.6053" lon="-117.77594">
        <ele>234.96</ele>
        <time>2026-05-02T16:28:20Z</time>
      </trkpt>
      <trkpt lat="33.60526" lon="-117.77594">
        <ele>235.0</ele>
        <time>2026-05-02T16:28:23Z</time>
      </trkpt>
      <trkpt lat="33.60523" lon="-117.77594">
        <ele>235.0</ele>
        <time>2026-05-02T16:28:26Z</time>
      </trkpt>
      <trkpt lat="33.60519" lon="-117.77594">
        <ele>235.0</ele>
        <time>2026-05-02T16:28:29Z</time>
      </trkpt>
      <trkpt lat="33.60515" lon="-117.77595">
        <ele>235.48</ele>
        <time>2026-05-02T16:28:32Z</time>
      </trkpt>
      <trkpt lat="33.60511" lon="-117.77595">
        <ele>236.02</ele>
        <time>2026-05-02T16:28:35Z</time>
      </trkpt>
      <trkpt lat="33.60508" lon="-117.77594">
        <ele>236.31</ele>
        <time>2026-05-02T16:28:38Z</time>
      </trkpt>
      <trkpt lat="33.60505" lon="-117.77592">
        <ele>236.33</ele>
        <time>2026-05-02T16:28:40Z</time>
      </trkpt>
      <trkpt lat="33.60503" lon="-117.77591">
        <ele>236.33</ele>
        <time>2026-05-02T16:28:42Z</time>
      </trkpt>
      <trkpt lat="33.60499" lon="-117.77589">
        <ele>236.4</ele>
        <time>2026-05-02T16:28:45Z</time>
      </trkpt>
      <trkpt lat="33.60496" lon="-117.77588">
        <ele>236.66</ele>
        <time>2026-05-02T16:28:48Z</time>
      </trkpt>
      <trkpt lat="33.60493" lon="-117.77587">
        <ele>236.85</ele>
        <time>2026-05-02T16:28:51Z</time>
      </trkpt>
      <trkpt lat="33.6049" lon="-117.77586">
        <ele>236.91</ele>
        <time>2026-05-02T16:28:54Z</time>
      </trkpt>
      <trkpt lat="33.60487" lon="-117.77585">
        <ele>236.69</ele>
        <time>2026-05-02T16:28:57Z</time>
      </trkpt>
      <trkpt lat="33.60484" lon="-117.77584">
        <ele>236.32</ele>
        <time>2026-05-02T16:29:00Z</time>
      </trkpt>
      <trkpt lat="33.60481" lon="-117.77582">
        <ele>235.57</ele>
        <time>2026-05-02T16:29:05Z</time>
      </trkpt>
      <trkpt lat="33.60478" lon="-117.77581">
        <ele>235.24</ele>
        <time>2026-05-02T16:29:08Z</time>
      </trkpt>
      <trkpt lat="33.60475" lon="-117.7758">
        <ele>234.92</ele>
        <time>2026-05-02T16:29:11Z</time>
      </trkpt>
      <trkpt lat="33.60471" lon="-117.77579">
        <ele>234.27</ele>
        <time>2026-05-02T16:29:14Z</time>
      </trkpt>
      <trkpt lat="33.60468" lon="-117.77578">
        <ele>233.1</ele>
        <time>2026-05-02T16:29:17Z</time>
      </trkpt>
      <trkpt lat="33.60465" lon="-117.77579">
        <ele>232.67</ele>
        <time>2026-05-02T16:29:20Z</time>
      </trkpt>
      <trkpt lat="33.60462" lon="-117.7758">
        <ele>232.56</ele>
        <time>2026-05-02T16:29:23Z</time>
      </trkpt>
      <trkpt lat="33.60459" lon="-117.77581">
        <ele>232.99</ele>
        <time>2026-05-02T16:29:26Z</time>
      </trkpt>
      <trkpt lat="33.60455" lon="-117.77582">
        <ele>233.42</ele>
        <time>2026-05-02T16:29:29Z</time>
      </trkpt>
      <trkpt lat="33.60452" lon="-117.77583">
        <ele>233.67</ele>
        <time>2026-05-02T16:29:32Z</time>
      </trkpt>
      <trkpt lat="33.60449" lon="-117.77583">
        <ele>233.35</ele>
        <time>2026-05-02T16:29:35Z</time>
      </trkpt>
      <trkpt lat="33.60445" lon="-117.77584">
        <ele>233.14</ele>
        <time>2026-05-02T16:29:38Z</time>
      </trkpt>
      <trkpt lat="33.60442" lon="-117.77584">
        <ele>233.05</ele>
        <time>2026-05-02T16:29:41Z</time>
      </trkpt>
      <trkpt lat="33.60439" lon="-117.77583">
        <ele>232.88</ele>
        <time>2026-05-02T16:29:43Z</time>
      </trkpt>
      <trkpt lat="33.60435" lon="-117.77582">
        <ele>232.59</ele>
        <time>2026-05-02T16:29:45Z</time>
      </trkpt>
      <trkpt lat="33.60432" lon="-117.77581">
        <ele>232.59</ele>
        <time>2026-05-02T16:29:47Z</time>
      </trkpt>
      <trkpt lat="33.60429" lon="-117.7758">
        <ele>232.59</ele>
        <time>2026-05-02T16:29:49Z</time>
      </trkpt>
      <trkpt lat="33.60425" lon="-117.77579">
        <ele>232.54</ele>
        <time>2026-05-02T16:29:52Z</time>
      </trkpt>
      <trkpt lat="33.60421" lon="-117.77579">
        <ele>232.28</ele>
        <time>2026-05-02T16:29:55Z</time>
      </trkpt>
      <trkpt lat="33.60418" lon="-117.77579">
        <ele>232.09</ele>
        <time>2026-05-02T16:29:58Z</time>
      </trkpt>
      <trkpt lat="33.60414" lon="-117.77578">
        <ele>231.88</ele>
        <time>2026-05-02T16:30:01Z</time>
      </trkpt>
      <trkpt lat="33.6041" lon="-117.77579">
        <ele>231.62</ele>
        <time>2026-05-02T16:30:04Z</time>
      </trkpt>
      <trkpt lat="33.60407" lon="-117.77579">
        <ele>231.51</ele>
        <time>2026-05-02T16:30:07Z</time>
      </trkpt>
      <trkpt lat="33.60403" lon="-117.7758">
        <ele>231.84</ele>
        <time>2026-05-02T16:30:10Z</time>
      </trkpt>
      <trkpt lat="33.60399" lon="-117.77581">
        <ele>232.16</ele>
        <time>2026-05-02T16:30:13Z</time>
      </trkpt>
      <trkpt lat="33.60396" lon="-117.77583">
        <ele>232.27</ele>
        <time>2026-05-02T16:30:16Z</time>
      </trkpt>
      <trkpt lat="33.60393" lon="-117.77585">
        <ele>232.1</ele>
        <time>2026-05-02T16:30:19Z</time>
      </trkpt>
      <trkpt lat="33.60391" lon="-117.77586">
        <ele>231.97</ele>
        <time>2026-05-02T16:30:22Z</time>
      </trkpt>
      <trkpt lat="33.60388" lon="-117.77588">
        <ele>231.54</ele>
        <time>2026-05-02T16:30:25Z</time>
      </trkpt>
      <trkpt lat="33.60385" lon="-117.77589">
        <ele>231.42</ele>
        <time>2026-05-02T16:30:28Z</time>
      </trkpt>
      <trkpt lat="33.60382" lon="-117.7759">
        <ele>231.38</ele>
        <time>2026-05-02T16:30:31Z</time>
      </trkpt>
      <trkpt lat="33.6038" lon="-117.77591">
        <ele>231.31</ele>
        <time>2026-05-02T16:30:34Z</time>
      </trkpt>
      <trkpt lat="33.60377" lon="-117.77592">
        <ele>230.86</ele>
        <time>2026-05-02T16:30:37Z</time>
      </trkpt>
      <trkpt lat="33.60375" lon="-117.77594">
        <ele>230.04</ele>
        <time>2026-05-02T16:30:40Z</time>
      </trkpt>
      <trkpt lat="33.60372" lon="-117.77595">
        <ele>229.4</ele>
        <time>2026-05-02T16:30:43Z</time>
      </trkpt>
      <trkpt lat="33.60369" lon="-117.77596">
        <ele>228.9</ele>
        <time>2026-05-02T16:30:46Z</time>
      </trkpt>
      <trkpt lat="33.60366" lon="-117.77598">
        <ele>228.25</ele>
        <time>2026-05-02T16:30:49Z</time>
      </trkpt>
      <trkpt lat="33.60363" lon="-117.77598">
        <ele>228.25</ele>
        <time>2026-05-02T16:30:52Z</time>
      </trkpt>
      <trkpt lat="33.60367" lon="-117.776">
        <ele>227.6</ele>
        <time>2026-05-02T16:30:59Z</time>
      </trkpt>
      <trkpt lat="33.60369" lon="-117.776">
        <ele>227.6</ele>
        <time>2026-05-02T16:31:01Z</time>
      </trkpt>
      <trkpt lat="33.60372" lon="-117.77601">
        <ele>227.45</ele>
        <time>2026-05-02T16:31:06Z</time>
      </trkpt>
      <trkpt lat="33.6037" lon="-117.77604">
        <ele>226.77</ele>
        <time>2026-05-02T16:31:32Z</time>
      </trkpt>
      <trkpt lat="33.60364" lon="-117.77605">
        <ele>226.66</ele>
        <time>2026-05-02T16:32:32Z</time>
      </trkpt>
      <trkpt lat="33.60357" lon="-117.77605">
        <ele>226.51</ele>
        <time>2026-05-02T16:32:35Z</time>
      </trkpt>
      <trkpt lat="33.60351" lon="-117.77606">
        <ele>225.97</ele>
        <time>2026-05-02T16:32:38Z</time>
      </trkpt>
      <trkpt lat="33.60346" lon="-117.77606">
        <ele>225.19</ele>
        <time>2026-05-02T16:32:42Z</time>
      </trkpt>
      <trkpt lat="33.60342" lon="-117.77607">
        <ele>224.24</ele>
        <time>2026-05-02T16:32:47Z</time>
      </trkpt>
      <trkpt lat="33.60338" lon="-117.77607">
        <ele>223.62</ele>
        <time>2026-05-02T16:32:51Z</time>
      </trkpt>
      <trkpt lat="33.60334" lon="-117.77608">
        <ele>222.77</ele>
        <time>2026-05-02T16:32:55Z</time>
      </trkpt>
      <trkpt lat="33.60331" lon="-117.77608">
        <ele>222.5</ele>
        <time>2026-05-02T16:32:58Z</time>
      </trkpt>
      <trkpt lat="33.60328" lon="-117.77609">
        <ele>222.19</ele>
        <time>2026-05-02T16:33:01Z</time>
      </trkpt>
      <trkpt lat="33.60324" lon="-117.7761">
        <ele>221.99</ele>
        <time>2026-05-02T16:33:04Z</time>
      </trkpt>
      <trkpt lat="33.6032" lon="-117.7761">
        <ele>221.56</ele>
        <time>2026-05-02T16:33:07Z</time>
      </trkpt>
      <trkpt lat="33.60317" lon="-117.77611">
        <ele>221.24</ele>
        <time>2026-05-02T16:33:10Z</time>
      </trkpt>
      <trkpt lat="33.60314" lon="-117.77615">
        <ele>221.0</ele>
        <time>2026-05-02T16:33:13Z</time>
      </trkpt>
      <trkpt lat="33.60312" lon="-117.77617">
        <ele>221.0</ele>
        <time>2026-05-02T16:33:15Z</time>
      </trkpt>
      <trkpt lat="33.60308" lon="-117.77619">
        <ele>221.0</ele>
        <time>2026-05-02T16:33:18Z</time>
      </trkpt>
      <trkpt lat="33.60305" lon="-117.77619">
        <ele>221.11</ele>
        <time>2026-05-02T16:33:22Z</time>
      </trkpt>
      <trkpt lat="33.60307" lon="-117.77622">
        <ele>221.15</ele>
        <time>2026-05-02T16:33:28Z</time>
      </trkpt>
      <trkpt lat="33.60307" lon="-117.77618">
        <ele>221.0</ele>
        <time>2026-05-02T16:33:47Z</time>
      </trkpt>
      <trkpt lat="33.60306" lon="-117.77614">
        <ele>221.0</ele>
        <time>2026-05-02T16:33:50Z</time>
      </trkpt>
      <trkpt lat="33.60305" lon="-117.7761">
        <ele>221.06</ele>
        <time>2026-05-02T16:33:53Z</time>
      </trkpt>
      <trkpt lat="33.60305" lon="-117.77606">
        <ele>221.06</ele>
        <time>2026-05-02T16:33:56Z</time>
      </trkpt>
      <trkpt lat="33.60304" lon="-117.77603">
        <ele>221.17</ele>
        <time>2026-05-02T16:33:59Z</time>
      </trkpt>
      <trkpt lat="33.60304" lon="-117.77599">
        <ele>220.66</ele>
        <time>2026-05-02T16:34:02Z</time>
      </trkpt>
      <trkpt lat="33.60303" lon="-117.77596">
        <ele>220.36</ele>
        <time>2026-05-02T16:34:05Z</time>
      </trkpt>
      <trkpt lat="33.60303" lon="-117.77592">
        <ele>219.74</ele>
        <time>2026-05-02T16:34:08Z</time>
      </trkpt>
      <trkpt lat="33.60303" lon="-117.77588">
        <ele>219.11</ele>
        <time>2026-05-02T16:34:12Z</time>
      </trkpt>
      <trkpt lat="33.60303" lon="-117.77585">
        <ele>218.64</ele>
        <time>2026-05-02T16:34:15Z</time>
      </trkpt>
      <trkpt lat="33.60303" lon="-117.77582">
        <ele>218.01</ele>
        <time>2026-05-02T16:34:20Z</time>
      </trkpt>
      <trkpt lat="33.60302" lon="-117.77578">
        <ele>217.33</ele>
        <time>2026-05-02T16:34:29Z</time>
      </trkpt>
      <trkpt lat="33.60301" lon="-117.77574">
        <ele>216.45</ele>
        <time>2026-05-02T16:34:34Z</time>
      </trkpt>
      <trkpt lat="33.60301" lon="-117.77571">
        <ele>215.32</ele>
        <time>2026-05-02T16:34:37Z</time>
      </trkpt>
      <trkpt lat="33.603" lon="-117.77567">
        <ele>213.9</ele>
        <time>2026-05-02T16:34:41Z</time>
      </trkpt>
      <trkpt lat="33.60298" lon="-117.77564">
        <ele>212.81</ele>
        <time>2026-05-02T16:34:45Z</time>
      </trkpt>
      <trkpt lat="33.60294" lon="-117.77562">
        <ele>213.16</ele>
        <time>2026-05-02T16:34:47Z</time>
      </trkpt>
      <trkpt lat="33.60291" lon="-117.7756">
        <ele>213.36</ele>
        <time>2026-05-02T16:34:50Z</time>
      </trkpt>
      <trkpt lat="33.60289" lon="-117.77556">
        <ele>212.0</ele>
        <time>2026-05-02T16:34:56Z</time>
      </trkpt>
      <trkpt lat="33.60288" lon="-117.77553">
        <ele>210.82</ele>
        <time>2026-05-02T16:35:01Z</time>
      </trkpt>
      <trkpt lat="33.60287" lon="-117.77548">
        <ele>208.75</ele>
        <time>2026-05-02T16:35:06Z</time>
      </trkpt>
      <trkpt lat="33.60285" lon="-117.77545">
        <ele>208.79</ele>
        <time>2026-05-02T16:35:11Z</time>
      </trkpt>
      <trkpt lat="33.60282" lon="-117.77542">
        <ele>209.42</ele>
        <time>2026-05-02T16:35:16Z</time>
      </trkpt>
      <trkpt lat="33.60281" lon="-117.77538">
        <ele>208.86</ele>
        <time>2026-05-02T16:35:21Z</time>
      </trkpt>
      <trkpt lat="33.6028" lon="-117.77535">
        <ele>207.88</ele>
        <time>2026-05-02T16:35:26Z</time>
      </trkpt>
      <trkpt lat="33.60279" lon="-117.77531">
        <ele>206.26</ele>
        <time>2026-05-02T16:35:31Z</time>
      </trkpt>
      <trkpt lat="33.60278" lon="-117.77527">
        <ele>204.81</ele>
        <time>2026-05-02T16:35:36Z</time>
      </trkpt>
      <trkpt lat="33.60277" lon="-117.77524">
        <ele>204.32</ele>
        <time>2026-05-02T16:35:41Z</time>
      </trkpt>
      <trkpt lat="33.60274" lon="-117.7752">
        <ele>203.79</ele>
        <time>2026-05-02T16:35:47Z</time>
      </trkpt>
      <trkpt lat="33.60272" lon="-117.77517">
        <ele>203.26</ele>
        <time>2026-05-02T16:35:52Z</time>
      </trkpt>
      <trkpt lat="33.6027" lon="-117.77513">
        <ele>202.24</ele>
        <time>2026-05-02T16:35:57Z</time>
      </trkpt>
      <trkpt lat="33.60269" lon="-117.7751">
        <ele>201.28</ele>
        <time>2026-05-02T16:36:02Z</time>
      </trkpt>
      <trkpt lat="33.60268" lon="-117.77506">
        <ele>200.7</ele>
        <time>2026-05-02T16:36:07Z</time>
      </trkpt>
      <trkpt lat="33.60266" lon="-117.77502">
        <ele>200.12</ele>
        <time>2026-05-02T16:36:13Z</time>
      </trkpt>
      <trkpt lat="33.60265" lon="-117.77498">
        <ele>199.19</ele>
        <time>2026-05-02T16:36:20Z</time>
      </trkpt>
      <trkpt lat="33.60264" lon="-117.77494">
        <ele>198.22</ele>
        <time>2026-05-02T16:36:29Z</time>
      </trkpt>
      <trkpt lat="33.60264" lon="-117.775">
        <ele>199.51</ele>
        <time>2026-05-02T16:36:34Z</time>
      </trkpt>
      <trkpt lat="33.60264" lon="-117.77504">
        <ele>200.58</ele>
        <time>2026-05-02T16:36:36Z</time>
      </trkpt>
      <trkpt lat="33.60263" lon="-117.77507">
        <ele>201.51</ele>
        <time>2026-05-02T16:43:34Z</time>
      </trkpt>
      <trkpt lat="33.60253" lon="-117.775">
        <ele>199.68</ele>
        <time>2026-05-02T16:43:38Z</time>
      </trkpt>
      <trkpt lat="33.60251" lon="-117.77495">
        <ele>198.81</ele>
        <time>2026-05-02T16:43:39Z</time>
      </trkpt>
      <trkpt lat="33.60248" lon="-117.77489">
        <ele>197.44</ele>
        <time>2026-05-02T16:43:41Z</time>
      </trkpt>
      <trkpt lat="33.60246" lon="-117.77486">
        <ele>196.46</ele>
        <time>2026-05-02T16:43:43Z</time>
      </trkpt>
      <trkpt lat="33.60245" lon="-117.77481">
        <ele>194.89</ele>
        <time>2026-05-02T16:43:46Z</time>
      </trkpt>
      <trkpt lat="33.60246" lon="-117.77478">
        <ele>194.3</ele>
        <time>2026-05-02T16:43:50Z</time>
      </trkpt>
      <trkpt lat="33.60245" lon="-117.77475">
        <ele>193.54</ele>
        <time>2026-05-02T16:43:55Z</time>
      </trkpt>
      <trkpt lat="33.60243" lon="-117.77472">
        <ele>192.48</ele>
        <time>2026-05-02T16:43:59Z</time>
      </trkpt>
      <trkpt lat="33.60241" lon="-117.7747">
        <ele>192.04</ele>
        <time>2026-05-02T16:44:03Z</time>
      </trkpt>
      <trkpt lat="33.60237" lon="-117.7747">
        <ele>192.11</ele>
        <time>2026-05-02T16:44:07Z</time>
      </trkpt>
      <trkpt lat="33.60234" lon="-117.77468">
        <ele>191.73</ele>
        <time>2026-05-02T16:44:11Z</time>
      </trkpt>
      <trkpt lat="33.60231" lon="-117.77467">
        <ele>191.36</ele>
        <time>2026-05-02T16:44:14Z</time>
      </trkpt>
      <trkpt lat="33.60229" lon="-117.77466">
        <ele>191.25</ele>
        <time>2026-05-02T16:44:17Z</time>
      </trkpt>
      <trkpt lat="33.60226" lon="-117.77463">
        <ele>190.6</ele>
        <time>2026-05-02T16:44:21Z</time>
      </trkpt>
      <trkpt lat="33.60224" lon="-117.7746">
        <ele>190.03</ele>
        <time>2026-05-02T16:44:25Z</time>
      </trkpt>
      <trkpt lat="33.60222" lon="-117.77456">
        <ele>188.76</ele>
        <time>2026-05-02T16:44:29Z</time>
      </trkpt>
      <trkpt lat="33.60219" lon="-117.77454">
        <ele>188.43</ele>
        <time>2026-05-02T16:44:33Z</time>
      </trkpt>
      <trkpt lat="33.60217" lon="-117.77451">
        <ele>188.4</ele>
        <time>2026-05-02T16:44:37Z</time>
      </trkpt>
      <trkpt lat="33.60214" lon="-117.77449">
        <ele>188.44</ele>
        <time>2026-05-02T16:44:41Z</time>
      </trkpt>
      <trkpt lat="33.60212" lon="-117.77447">
        <ele>188.2</ele>
        <time>2026-05-02T16:44:44Z</time>
      </trkpt>
      <trkpt lat="33.60209" lon="-117.77445">
        <ele>187.66</ele>
        <time>2026-05-02T16:44:47Z</time>
      </trkpt>
      <trkpt lat="33.60207" lon="-117.77443">
        <ele>187.14</ele>
        <time>2026-05-02T16:44:50Z</time>
      </trkpt>
      <trkpt lat="33.60204" lon="-117.77441">
        <ele>186.65</ele>
        <time>2026-05-02T16:44:53Z</time>
      </trkpt>
      <trkpt lat="33.60201" lon="-117.7744">
        <ele>186.52</ele>
        <time>2026-05-02T16:44:56Z</time>
      </trkpt>
      <trkpt lat="33.60199" lon="-117.77438">
        <ele>186.3</ele>
        <time>2026-05-02T16:44:59Z</time>
      </trkpt>
      <trkpt lat="33.60195" lon="-117.77437">
        <ele>186.2</ele>
        <time>2026-05-02T16:45:02Z</time>
      </trkpt>
      <trkpt lat="33.60192" lon="-117.77437">
        <ele>186.14</ele>
        <time>2026-05-02T16:45:04Z</time>
      </trkpt>
      <trkpt lat="33.60187" lon="-117.77439">
        <ele>186.08</ele>
        <time>2026-05-02T16:45:06Z</time>
      </trkpt>
      <trkpt lat="33.60185" lon="-117.7744">
        <ele>185.99</ele>
        <time>2026-05-02T16:45:07Z</time>
      </trkpt>
      <trkpt lat="33.6018" lon="-117.77441">
        <ele>185.79</ele>
        <time>2026-05-02T16:45:09Z</time>
      </trkpt>
      <trkpt lat="33.60177" lon="-117.77442">
        <ele>185.77</ele>
        <time>2026-05-02T16:45:11Z</time>
      </trkpt>
      <trkpt lat="33.60173" lon="-117.77442">
        <ele>185.42</ele>
        <time>2026-05-02T16:45:14Z</time>
      </trkpt>
      <trkpt lat="33.6017" lon="-117.77441">
        <ele>184.99</ele>
        <time>2026-05-02T16:45:17Z</time>
      </trkpt>
      <trkpt lat="33.60167" lon="-117.7744">
        <ele>184.56</ele>
        <time>2026-05-02T16:45:20Z</time>
      </trkpt>
      <trkpt lat="33.60164" lon="-117.7744">
        <ele>184.52</ele>
        <time>2026-05-02T16:45:23Z</time>
      </trkpt>
      <trkpt lat="33.60161" lon="-117.7744">
        <ele>184.52</ele>
        <time>2026-05-02T16:45:26Z</time>
      </trkpt>
      <trkpt lat="33.60158" lon="-117.77439">
        <ele>184.41</ele>
        <time>2026-05-02T16:45:29Z</time>
      </trkpt>
      <trkpt lat="33.60154" lon="-117.77439">
        <ele>184.41</ele>
        <time>2026-05-02T16:45:32Z</time>
      </trkpt>
      <trkpt lat="33.60151" lon="-117.77439">
        <ele>184.41</ele>
        <time>2026-05-02T16:45:35Z</time>
      </trkpt>
      <trkpt lat="33.60148" lon="-117.77439">
        <ele>184.41</ele>
        <time>2026-05-02T16:45:38Z</time>
      </trkpt>
      <trkpt lat="33.60144" lon="-117.77438">
        <ele>184.3</ele>
        <time>2026-05-02T16:45:41Z</time>
      </trkpt>
      <trkpt lat="33.60141" lon="-117.77438">
        <ele>184.3</ele>
        <time>2026-05-02T16:45:44Z</time>
      </trkpt>
      <trkpt lat="33.60138" lon="-117.77439">
        <ele>184.28</ele>
        <time>2026-05-02T16:45:47Z</time>
      </trkpt>
      <trkpt lat="33.60135" lon="-117.77439">
        <ele>183.82</ele>
        <time>2026-05-02T16:45:50Z</time>
      </trkpt>
      <trkpt lat="33.60132" lon="-117.77439">
        <ele>183.36</ele>
        <time>2026-05-02T16:45:53Z</time>
      </trkpt>
      <trkpt lat="33.60131" lon="-117.77435">
        <ele>183.13</ele>
        <time>2026-05-02T16:45:57Z</time>
      </trkpt>
      <trkpt lat="33.60131" lon="-117.77431">
        <ele>182.63</ele>
        <time>2026-05-02T16:46:00Z</time>
      </trkpt>
      <trkpt lat="33.60128" lon="-117.7743">
        <ele>182.26</ele>
        <time>2026-05-02T16:46:05Z</time>
      </trkpt>
      <trkpt lat="33.60125" lon="-117.77431">
        <ele>182.05</ele>
        <time>2026-05-02T16:46:09Z</time>
      </trkpt>
      <trkpt lat="33.60122" lon="-117.77431">
        <ele>181.72</ele>
        <time>2026-05-02T16:46:12Z</time>
      </trkpt>
      <trkpt lat="33.60119" lon="-117.7743">
        <ele>181.23</ele>
        <time>2026-05-02T16:46:15Z</time>
      </trkpt>
      <trkpt lat="33.60117" lon="-117.77426">
        <ele>180.64</ele>
        <time>2026-05-02T16:46:18Z</time>
      </trkpt>
      <trkpt lat="33.60116" lon="-117.77423">
        <ele>180.53</ele>
        <time>2026-05-02T16:46:20Z</time>
      </trkpt>
      <trkpt lat="33.60114" lon="-117.77419">
        <ele>180.31</ele>
        <time>2026-05-02T16:46:23Z</time>
      </trkpt>
      <trkpt lat="33.60116" lon="-117.77417">
        <ele>180.53</ele>
        <time>2026-05-02T16:46:25Z</time>
      </trkpt>
      <trkpt lat="33.6012" lon="-117.77414">
        <ele>180.67</ele>
        <time>2026-05-02T16:46:27Z</time>
      </trkpt>
      <trkpt lat="33.60123" lon="-117.77412">
        <ele>180.5</ele>
        <time>2026-05-02T16:46:29Z</time>
      </trkpt>
      <trkpt lat="33.60124" lon="-117.77409">
        <ele>180.17</ele>
        <time>2026-05-02T16:46:32Z</time>
      </trkpt>
      <trkpt lat="33.60125" lon="-117.77406">
        <ele>179.85</ele>
        <time>2026-05-02T16:46:36Z</time>
      </trkpt>
      <trkpt lat="33.60126" lon="-117.77409">
        <ele>180.17</ele>
        <time>2026-05-02T16:46:53Z</time>
      </trkpt>
      <trkpt lat="33.60127" lon="-117.77406">
        <ele>179.85</ele>
        <time>2026-05-02T16:47:35Z</time>
      </trkpt>
      <trkpt lat="33.60127" lon="-117.77401">
        <ele>179.31</ele>
        <time>2026-05-02T16:47:39Z</time>
      </trkpt>
      <trkpt lat="33.60128" lon="-117.77397">
        <ele>178.88</ele>
        <time>2026-05-02T16:47:42Z</time>
      </trkpt>
      <trkpt lat="33.60128" lon="-117.77393">
        <ele>178.44</ele>
        <time>2026-05-02T16:47:45Z</time>
      </trkpt>
      <trkpt lat="33.60127" lon="-117.77389">
        <ele>178.01</ele>
        <time>2026-05-02T16:47:48Z</time>
      </trkpt>
      <trkpt lat="33.60127" lon="-117.77385">
        <ele>177.88</ele>
        <time>2026-05-02T16:47:52Z</time>
      </trkpt>
      <trkpt lat="33.60127" lon="-117.77382">
        <ele>177.79</ele>
        <time>2026-05-02T16:47:55Z</time>
      </trkpt>
      <trkpt lat="33.60127" lon="-117.77378">
        <ele>177.31</ele>
        <time>2026-05-02T16:47:58Z</time>
      </trkpt>
      <trkpt lat="33.60127" lon="-117.77373">
        <ele>176.08</ele>
        <time>2026-05-02T16:48:01Z</time>
      </trkpt>
      <trkpt lat="33.60127" lon="-117.7737">
        <ele>175.36</ele>
        <time>2026-05-02T16:48:05Z</time>
      </trkpt>
      <trkpt lat="33.60126" lon="-117.77367">
        <ele>174.63</ele>
        <time>2026-05-02T16:48:15Z</time>
      </trkpt>
      <trkpt lat="33.60127" lon="-117.77364">
        <ele>174.25</ele>
        <time>2026-05-02T16:48:19Z</time>
      </trkpt>
      <trkpt lat="33.60131" lon="-117.77363">
        <ele>174.56</ele>
        <time>2026-05-02T16:48:21Z</time>
      </trkpt>
      <trkpt lat="33.60135" lon="-117.77363">
        <ele>174.99</ele>
        <time>2026-05-02T16:48:23Z</time>
      </trkpt>
      <trkpt lat="33.60137" lon="-117.77362">
        <ele>174.99</ele>
        <time>2026-05-02T16:48:25Z</time>
      </trkpt>
      <trkpt lat="33.60141" lon="-117.77361">
        <ele>174.98</ele>
        <time>2026-05-02T16:48:28Z</time>
      </trkpt>
      <trkpt lat="33.60143" lon="-117.7736">
        <ele>174.76</ele>
        <time>2026-05-02T16:48:32Z</time>
      </trkpt>
      <trkpt lat="33.60142" lon="-117.77356">
        <ele>173.9</ele>
        <time>2026-05-02T16:48:36Z</time>
      </trkpt>
      <trkpt lat="33.6014" lon="-117.77353">
        <ele>173.25</ele>
        <time>2026-05-02T16:48:38Z</time>
      </trkpt>
      <trkpt lat="33.6014" lon="-117.77348">
        <ele>172.22</ele>
        <time>2026-05-02T16:48:41Z</time>
      </trkpt>
      <trkpt lat="33.60142" lon="-117.77345">
        <ele>171.77</ele>
        <time>2026-05-02T16:48:44Z</time>
      </trkpt>
      <trkpt lat="33.60145" lon="-117.77342">
        <ele>171.53</ele>
        <time>2026-05-02T16:48:47Z</time>
      </trkpt>
      <trkpt lat="33.60147" lon="-117.77339">
        <ele>171.1</ele>
        <time>2026-05-02T16:48:50Z</time>
      </trkpt>
      <trkpt lat="33.60148" lon="-117.77336">
        <ele>170.56</ele>
        <time>2026-05-02T16:48:53Z</time>
      </trkpt>
      <trkpt lat="33.60147" lon="-117.77332">
        <ele>169.86</ele>
        <time>2026-05-02T16:48:57Z</time>
      </trkpt>
      <trkpt lat="33.60145" lon="-117.77329">
        <ele>169.5</ele>
        <time>2026-05-02T16:49:01Z</time>
      </trkpt>
      <trkpt lat="33.60143" lon="-117.7733">
        <ele>169.24</ele>
        <time>2026-05-02T16:49:04Z</time>
      </trkpt>
      <trkpt lat="33.6014" lon="-117.7733">
        <ele>168.8</ele>
        <time>2026-05-02T16:49:07Z</time>
      </trkpt>
      <trkpt lat="33.60137" lon="-117.77328">
        <ele>168.22</ele>
        <time>2026-05-02T16:49:10Z</time>
      </trkpt>
      <trkpt lat="33.60135" lon="-117.77326">
        <ele>167.79</ele>
        <time>2026-05-02T16:49:13Z</time>
      </trkpt>
      <trkpt lat="33.60135" lon="-117.77322">
        <ele>167.39</ele>
        <time>2026-05-02T16:49:15Z</time>
      </trkpt>
      <trkpt lat="33.60136" lon="-117.77319">
        <ele>167.35</ele>
        <time>2026-05-02T16:49:17Z</time>
      </trkpt>
      <trkpt lat="33.60138" lon="-117.77315">
        <ele>167.72</ele>
        <time>2026-05-02T16:49:20Z</time>
      </trkpt>
      <trkpt lat="33.60139" lon="-117.77311">
        <ele>168.0</ele>
        <time>2026-05-02T16:49:23Z</time>
      </trkpt>
      <trkpt lat="33.6014" lon="-117.77307">
        <ele>167.92</ele>
        <time>2026-05-02T16:49:26Z</time>
      </trkpt>
      <trkpt lat="33.60141" lon="-117.77304">
        <ele>167.31</ele>
        <time>2026-05-02T16:49:30Z</time>
      </trkpt>
      <trkpt lat="33.60144" lon="-117.77302">
        <ele>166.51</ele>
        <time>2026-05-02T16:49:40Z</time>
      </trkpt>
      <trkpt lat="33.60144" lon="-117.77299">
        <ele>165.71</ele>
        <time>2026-05-02T16:49:47Z</time>
      </trkpt>
      <trkpt lat="33.60145" lon="-117.77296">
        <ele>164.91</ele>
        <time>2026-05-02T16:49:51Z</time>
      </trkpt>
      <trkpt lat="33.60144" lon="-117.77293">
        <ele>163.97</ele>
        <time>2026-05-02T16:49:57Z</time>
      </trkpt>
      <trkpt lat="33.60142" lon="-117.77291">
        <ele>163.1</ele>
        <time>2026-05-02T16:50:03Z</time>
      </trkpt>
      <trkpt lat="33.60139" lon="-117.7729">
        <ele>162.3</ele>
        <time>2026-05-02T16:50:08Z</time>
      </trkpt>
      <trkpt lat="33.60136" lon="-117.7729">
        <ele>161.87</ele>
        <time>2026-05-02T16:50:12Z</time>
      </trkpt>
      <trkpt lat="33.60138" lon="-117.77287">
        <ele>160.89</ele>
        <time>2026-05-02T16:50:19Z</time>
      </trkpt>
      <trkpt lat="33.6014" lon="-117.77285">
        <ele>160.36</ele>
        <time>2026-05-02T16:50:25Z</time>
      </trkpt>
      <trkpt lat="33.6014" lon="-117.77282">
        <ele>159.06</ele>
        <time>2026-05-02T16:50:36Z</time>
      </trkpt>
      <trkpt lat="33.60141" lon="-117.77278">
        <ele>157.55</ele>
        <time>2026-05-02T16:50:46Z</time>
      </trkpt>
      <trkpt lat="33.60143" lon="-117.77277">
        <ele>157.72</ele>
        <time>2026-05-02T16:50:50Z</time>
      </trkpt>
      <trkpt lat="33.60145" lon="-117.77275">
        <ele>157.72</ele>
        <time>2026-05-02T16:50:54Z</time>
      </trkpt>
      <trkpt lat="33.60148" lon="-117.77273">
        <ele>157.94</ele>
        <time>2026-05-02T16:51:00Z</time>
      </trkpt>
      <trkpt lat="33.6015" lon="-117.7727">
        <ele>157.35</ele>
        <time>2026-05-02T16:51:08Z</time>
      </trkpt>
      <trkpt lat="33.60152" lon="-117.77267">
        <ele>156.51</ele>
        <time>2026-05-02T16:51:16Z</time>
      </trkpt>
      <trkpt lat="33.60152" lon="-117.77264">
        <ele>155.54</ele>
        <time>2026-05-02T16:51:21Z</time>
      </trkpt>
      <trkpt lat="33.60148" lon="-117.77264">
        <ele>155.5</ele>
        <time>2026-05-02T16:51:24Z</time>
      </trkpt>
      <trkpt lat="33.60144" lon="-117.77265">
        <ele>154.96</ele>
        <time>2026-05-02T16:51:26Z</time>
      </trkpt>
      <trkpt lat="33.60142" lon="-117.77267">
        <ele>155.18</ele>
        <time>2026-05-02T16:51:28Z</time>
      </trkpt>
      <trkpt lat="33.60139" lon="-117.7727">
        <ele>155.34</ele>
        <time>2026-05-02T16:51:32Z</time>
      </trkpt>
      <trkpt lat="33.60136" lon="-117.77272">
        <ele>155.25</ele>
        <time>2026-05-02T16:51:37Z</time>
      </trkpt>
      <trkpt lat="33.60133" lon="-117.77274">
        <ele>155.29</ele>
        <time>2026-05-02T16:51:41Z</time>
      </trkpt>
      <trkpt lat="33.6013" lon="-117.77276">
        <ele>155.47</ele>
        <time>2026-05-02T16:51:44Z</time>
      </trkpt>
      <trkpt lat="33.60127" lon="-117.77277">
        <ele>155.18</ele>
        <time>2026-05-02T16:51:48Z</time>
      </trkpt>
      <trkpt lat="33.60125" lon="-117.77279">
        <ele>155.46</ele>
        <time>2026-05-02T16:51:52Z</time>
      </trkpt>
      <trkpt lat="33.60122" lon="-117.77277">
        <ele>154.1</ele>
        <time>2026-05-02T16:51:58Z</time>
      </trkpt>
      <trkpt lat="33.60121" lon="-117.77274">
        <ele>152.91</ele>
        <time>2026-05-02T16:52:03Z</time>
      </trkpt>
      <trkpt lat="33.60121" lon="-117.77271">
        <ele>151.94</ele>
        <time>2026-05-02T16:52:07Z</time>
      </trkpt>
      <trkpt lat="33.60124" lon="-117.77268">
        <ele>151.59</ele>
        <time>2026-05-02T16:52:10Z</time>
      </trkpt>
      <trkpt lat="33.60126" lon="-117.77266">
        <ele>151.23</ele>
        <time>2026-05-02T16:52:12Z</time>
      </trkpt>
      <trkpt lat="33.60129" lon="-117.77264">
        <ele>150.95</ele>
        <time>2026-05-02T16:52:15Z</time>
      </trkpt>
      <trkpt lat="33.60132" lon="-117.77262">
        <ele>150.88</ele>
        <time>2026-05-02T16:52:18Z</time>
      </trkpt>
      <trkpt lat="33.60135" lon="-117.7726">
        <ele>151.01</ele>
        <time>2026-05-02T16:52:21Z</time>
      </trkpt>
      <trkpt lat="33.60137" lon="-117.77258">
        <ele>150.87</ele>
        <time>2026-05-02T16:52:24Z</time>
      </trkpt>
      <trkpt lat="33.60139" lon="-117.77256">
        <ele>150.62</ele>
        <time>2026-05-02T16:52:27Z</time>
      </trkpt>
      <trkpt lat="33.60142" lon="-117.77253">
        <ele>149.97</ele>
        <time>2026-05-02T16:52:31Z</time>
      </trkpt>
      <trkpt lat="33.60144" lon="-117.77251">
        <ele>149.54</ele>
        <time>2026-05-02T16:52:34Z</time>
      </trkpt>
      <trkpt lat="33.60147" lon="-117.77248">
        <ele>148.91</ele>
        <time>2026-05-02T16:52:38Z</time>
      </trkpt>
      <trkpt lat="33.6015" lon="-117.77246">
        <ele>148.47</ele>
        <time>2026-05-02T16:52:42Z</time>
      </trkpt>
      <trkpt lat="33.60153" lon="-117.77247">
        <ele>149.23</ele>
        <time>2026-05-02T16:52:45Z</time>
      </trkpt>
      <trkpt lat="33.60156" lon="-117.77249">
        <ele>150.42</ele>
        <time>2026-05-02T16:52:48Z</time>
      </trkpt>
      <trkpt lat="33.60158" lon="-117.7725">
        <ele>150.94</ele>
        <time>2026-05-02T16:52:51Z</time>
      </trkpt>
      <trkpt lat="33.60161" lon="-117.7725">
        <ele>150.61</ele>
        <time>2026-05-02T16:52:54Z</time>
      </trkpt>
      <trkpt lat="33.60164" lon="-117.77252">
        <ele>150.94</ele>
        <time>2026-05-02T16:52:57Z</time>
      </trkpt>
      <trkpt lat="33.60167" lon="-117.77253">
        <ele>150.85</ele>
        <time>2026-05-02T16:52:59Z</time>
      </trkpt>
      <trkpt lat="33.6017" lon="-117.77254">
        <ele>150.06</ele>
        <time>2026-05-02T16:53:01Z</time>
      </trkpt>
      <trkpt lat="33.60173" lon="-117.77255">
        <ele>149.2</ele>
        <time>2026-05-02T16:53:03Z</time>
      </trkpt>
      <trkpt lat="33.60174" lon="-117.77259">
        <ele>149.77</ele>
        <time>2026-05-02T16:53:07Z</time>
      </trkpt>
      <trkpt lat="33.60173" lon="-117.77255">
        <ele>149.2</ele>
        <time>2026-05-02T16:53:17Z</time>
      </trkpt>
      <trkpt lat="33.60171" lon="-117.77252">
        <ele>149.14</ele>
        <time>2026-05-02T16:53:20Z</time>
      </trkpt>
      <trkpt lat="33.6017" lon="-117.7725">
        <ele>148.92</ele>
        <time>2026-05-02T16:53:23Z</time>
      </trkpt>
      <trkpt lat="33.60168" lon="-117.77247">
        <ele>148.32</ele>
        <time>2026-05-02T16:53:26Z</time>
      </trkpt>
      <trkpt lat="33.60166" lon="-117.77243">
        <ele>147.05</ele>
        <time>2026-05-02T16:53:30Z</time>
      </trkpt>
      <trkpt lat="33.60163" lon="-117.77241">
        <ele>146.51</ele>
        <time>2026-05-02T16:53:33Z</time>
      </trkpt>
      <trkpt lat="33.6016" lon="-117.77239">
        <ele>146.1</ele>
        <time>2026-05-02T16:53:36Z</time>
      </trkpt>
      <trkpt lat="33.60157" lon="-117.77237">
        <ele>145.74</ele>
        <time>2026-05-02T16:53:39Z</time>
      </trkpt>
      <trkpt lat="33.60154" lon="-117.77235">
        <ele>144.77</ele>
        <time>2026-05-02T16:53:42Z</time>
      </trkpt>
      <trkpt lat="33.60152" lon="-117.77233">
        <ele>143.91</ele>
        <time>2026-05-02T16:53:46Z</time>
      </trkpt>
      <trkpt lat="33.60148" lon="-117.77232">
        <ele>143.15</ele>
        <time>2026-05-02T16:53:50Z</time>
      </trkpt>
      <trkpt lat="33.60145" lon="-117.77231">
        <ele>142.5</ele>
        <time>2026-05-02T16:53:53Z</time>
      </trkpt>
      <trkpt lat="33.60142" lon="-117.77232">
        <ele>142.5</ele>
        <time>2026-05-02T16:53:56Z</time>
      </trkpt>
      <trkpt lat="33.6014" lon="-117.77235">
        <ele>143.26</ele>
        <time>2026-05-02T16:53:58Z</time>
      </trkpt>
      <trkpt lat="33.60137" lon="-117.77237">
        <ele>143.46</ele>
        <time>2026-05-02T16:54:01Z</time>
      </trkpt>
      <trkpt lat="33.60134" lon="-117.77239">
        <ele>143.48</ele>
        <time>2026-05-02T16:54:04Z</time>
      </trkpt>
      <trkpt lat="33.60131" lon="-117.77241">
        <ele>143.38</ele>
        <time>2026-05-02T16:54:07Z</time>
      </trkpt>
      <trkpt lat="33.60128" lon="-117.77243">
        <ele>143.38</ele>
        <time>2026-05-02T16:54:10Z</time>
      </trkpt>
      <trkpt lat="33.60125" lon="-117.77245">
        <ele>143.38</ele>
        <time>2026-05-02T16:54:13Z</time>
      </trkpt>
      <trkpt lat="33.60122" lon="-117.77246">
        <ele>143.06</ele>
        <time>2026-05-02T16:54:16Z</time>
      </trkpt>
      <trkpt lat="33.60122" lon="-117.77242">
        <ele>141.76</ele>
        <time>2026-05-02T16:54:21Z</time>
      </trkpt>
      <trkpt lat="33.6012" lon="-117.77239">
        <ele>140.59</ele>
        <time>2026-05-02T16:54:26Z</time>
      </trkpt>
      <trkpt lat="33.60117" lon="-117.77238">
        <ele>140.15</ele>
        <time>2026-05-02T16:54:31Z</time>
      </trkpt>
      <trkpt lat="33.60114" lon="-117.77238">
        <ele>139.92</ele>
        <time>2026-05-02T16:54:35Z</time>
      </trkpt>
      <trkpt lat="33.60111" lon="-117.77237">
        <ele>139.58</ele>
        <time>2026-05-02T16:54:39Z</time>
      </trkpt>
      <trkpt lat="33.60108" lon="-117.77237">
        <ele>139.12</ele>
        <time>2026-05-02T16:54:43Z</time>
      </trkpt>
      <trkpt lat="33.60105" lon="-117.77237">
        <ele>138.67</ele>
        <time>2026-05-02T16:54:47Z</time>
      </trkpt>
      <trkpt lat="33.60102" lon="-117.77236">
        <ele>138.0</ele>
        <time>2026-05-02T16:54:51Z</time>
      </trkpt>
      <trkpt lat="33.60099" lon="-117.77236">
        <ele>137.67</ele>
        <time>2026-05-02T16:54:55Z</time>
      </trkpt>
      <trkpt lat="33.60096" lon="-117.77237">
        <ele>137.56</ele>
        <time>2026-05-02T16:54:58Z</time>
      </trkpt>
      <trkpt lat="33.60093" lon="-117.77239">
        <ele>137.67</ele>
        <time>2026-05-02T16:55:00Z</time>
      </trkpt>
      <trkpt lat="33.6009" lon="-117.7724">
        <ele>137.84</ele>
        <time>2026-05-02T16:55:03Z</time>
      </trkpt>
      <trkpt lat="33.60087" lon="-117.77241">
        <ele>138.03</ele>
        <time>2026-05-02T16:55:06Z</time>
      </trkpt>
      <trkpt lat="33.60084" lon="-117.77242">
        <ele>138.14</ele>
        <time>2026-05-02T16:55:09Z</time>
      </trkpt>
      <trkpt lat="33.60082" lon="-117.77244">
        <ele>138.16</ele>
        <time>2026-05-02T16:55:12Z</time>
      </trkpt>
      <trkpt lat="33.6008" lon="-117.77247">
        <ele>138.07</ele>
        <time>2026-05-02T16:55:15Z</time>
      </trkpt>
      <trkpt lat="33.60078" lon="-117.77249">
        <ele>137.8</ele>
        <time>2026-05-02T16:55:18Z</time>
      </trkpt>
      <trkpt lat="33.60074" lon="-117.77251">
        <ele>137.1</ele>
        <time>2026-05-02T16:55:22Z</time>
      </trkpt>
      <trkpt lat="33.60072" lon="-117.77253">
        <ele>137.1</ele>
        <time>2026-05-02T16:55:25Z</time>
      </trkpt>
      <trkpt lat="33.60071" lon="-117.77256">
        <ele>137.32</ele>
        <time>2026-05-02T16:55:29Z</time>
      </trkpt>
      <trkpt lat="33.60069" lon="-117.77259">
        <ele>137.42</ele>
        <time>2026-05-02T16:55:33Z</time>
      </trkpt>
      <trkpt lat="33.60067" lon="-117.77262">
        <ele>137.83</ele>
        <time>2026-05-02T16:55:37Z</time>
      </trkpt>
      <trkpt lat="33.60065" lon="-117.77264">
        <ele>138.04</ele>
        <time>2026-05-02T16:55:40Z</time>
      </trkpt>
      <trkpt lat="33.60061" lon="-117.77264">
        <ele>137.4</ele>
        <time>2026-05-02T16:55:44Z</time>
      </trkpt>
      <trkpt lat="33.60059" lon="-117.77262">
        <ele>136.78</ele>
        <time>2026-05-02T16:55:48Z</time>
      </trkpt>
      <trkpt lat="33.60057" lon="-117.77258">
        <ele>136.02</ele>
        <time>2026-05-02T16:55:52Z</time>
      </trkpt>
      <trkpt lat="33.60057" lon="-117.77255">
        <ele>135.7</ele>
        <time>2026-05-02T16:55:55Z</time>
      </trkpt>
      <trkpt lat="33.60059" lon="-117.77252">
        <ele>135.59</ele>
        <time>2026-05-02T16:55:58Z</time>
      </trkpt>
      <trkpt lat="33.6006" lon="-117.77248">
        <ele>135.26</ele>
        <time>2026-05-02T16:56:01Z</time>
      </trkpt>
      <trkpt lat="33.60061" lon="-117.77244">
        <ele>134.94</ele>
        <time>2026-05-02T16:56:04Z</time>
      </trkpt>
      <trkpt lat="33.60062" lon="-117.7724">
        <ele>134.58</ele>
        <time>2026-05-02T16:56:07Z</time>
      </trkpt>
      <trkpt lat="33.60063" lon="-117.77237">
        <ele>134.15</ele>
        <time>2026-05-02T16:56:10Z</time>
      </trkpt>
      <trkpt lat="33.60065" lon="-117.77234">
        <ele>133.58</ele>
        <time>2026-05-02T16:56:13Z</time>
      </trkpt>
      <trkpt lat="33.60067" lon="-117.7723">
        <ele>133.35</ele>
        <time>2026-05-02T16:56:16Z</time>
      </trkpt>
      <trkpt lat="33.60069" lon="-117.77227">
        <ele>133.64</ele>
        <time>2026-05-02T16:56:19Z</time>
      </trkpt>
      <trkpt lat="33.6007" lon="-117.77224">
        <ele>133.76</ele>
        <time>2026-05-02T16:56:22Z</time>
      </trkpt>
      <trkpt lat="33.60072" lon="-117.7722">
        <ele>134.14</ele>
        <time>2026-05-02T16:56:25Z</time>
      </trkpt>
      <trkpt lat="33.60074" lon="-117.77217">
        <ele>134.42</ele>
        <time>2026-05-02T16:56:28Z</time>
      </trkpt>
      <trkpt lat="33.60076" lon="-117.77213">
        <ele>134.0</ele>
        <time>2026-05-02T16:56:31Z</time>
      </trkpt>
      <trkpt lat="33.60078" lon="-117.77209">
        <ele>133.57</ele>
        <time>2026-05-02T16:56:34Z</time>
      </trkpt>
      <trkpt lat="33.6008" lon="-117.77205">
        <ele>133.14</ele>
        <time>2026-05-02T16:56:37Z</time>
      </trkpt>
      <trkpt lat="33.60082" lon="-117.77201">
        <ele>133.0</ele>
        <time>2026-05-02T16:56:40Z</time>
      </trkpt>
      <trkpt lat="33.60084" lon="-117.77197">
        <ele>133.02</ele>
        <time>2026-05-02T16:56:43Z</time>
      </trkpt>
      <trkpt lat="33.60086" lon="-117.77193">
        <ele>133.0</ele>
        <time>2026-05-02T16:56:46Z</time>
      </trkpt>
      <trkpt lat="33.60087" lon="-117.77189">
        <ele>133.0</ele>
        <time>2026-05-02T16:56:49Z</time>
      </trkpt>
      <trkpt lat="33.60089" lon="-117.77184">
        <ele>132.92</ele>
        <time>2026-05-02T16:56:52Z</time>
      </trkpt>
      <trkpt lat="33.6009" lon="-117.77181">
        <ele>132.67</ele>
        <time>2026-05-02T16:56:55Z</time>
      </trkpt>
      <trkpt lat="33.60092" lon="-117.77177">
        <ele>132.17</ele>
        <time>2026-05-02T16:56:58Z</time>
      </trkpt>
      <trkpt lat="33.60094" lon="-117.77173">
        <ele>131.95</ele>
        <time>2026-05-02T16:57:01Z</time>
      </trkpt>
      <trkpt lat="33.60096" lon="-117.7717">
        <ele>131.76</ele>
        <time>2026-05-02T16:57:04Z</time>
      </trkpt>
      <trkpt lat="33.60098" lon="-117.77166">
        <ele>131.39</ele>
        <time>2026-05-02T16:57:07Z</time>
      </trkpt>
      <trkpt lat="33.60099" lon="-117.77162">
        <ele>131.15</ele>
        <time>2026-05-02T16:57:10Z</time>
      </trkpt>
      <trkpt lat="33.60101" lon="-117.77159">
        <ele>131.02</ele>
        <time>2026-05-02T16:57:13Z</time>
      </trkpt>
      <trkpt lat="33.60103" lon="-117.77155">
        <ele>130.65</ele>
        <time>2026-05-02T16:57:16Z</time>
      </trkpt>
      <trkpt lat="33.60104" lon="-117.77151">
        <ele>130.24</ele>
        <time>2026-05-02T16:57:19Z</time>
      </trkpt>
      <trkpt lat="33.60106" lon="-117.77148">
        <ele>130.0</ele>
        <time>2026-05-02T16:57:22Z</time>
      </trkpt>
      <trkpt lat="33.60108" lon="-117.77144">
        <ele>130.0</ele>
        <time>2026-05-02T16:57:25Z</time>
      </trkpt>
      <trkpt lat="33.6011" lon="-117.77141">
        <ele>130.0</ele>
        <time>2026-05-02T16:57:28Z</time>
      </trkpt>
      <trkpt lat="33.60111" lon="-117.77137">
        <ele>129.8</ele>
        <time>2026-05-02T16:57:31Z</time>
      </trkpt>
      <trkpt lat="33.60113" lon="-117.77133">
        <ele>129.29</ele>
        <time>2026-05-02T16:57:34Z</time>
      </trkpt>
      <trkpt lat="33.60114" lon="-117.7713">
        <ele>129.03</ele>
        <time>2026-05-02T16:57:37Z</time>
      </trkpt>
      <trkpt lat="33.60116" lon="-117.77126">
        <ele>128.79</ele>
        <time>2026-05-02T16:57:40Z</time>
      </trkpt>
      <trkpt lat="33.60117" lon="-117.77123">
        <ele>128.54</ele>
        <time>2026-05-02T16:57:43Z</time>
      </trkpt>
      <trkpt lat="33.60117" lon="-117.77119">
        <ele>128.31</ele>
        <time>2026-05-02T16:57:46Z</time>
      </trkpt>
      <trkpt lat="33.60116" lon="-117.77116">
        <ele>128.25</ele>
        <time>2026-05-02T16:57:49Z</time>
      </trkpt>
      <trkpt lat="33.60117" lon="-117.77112">
        <ele>128.03</ele>
        <time>2026-05-02T16:57:52Z</time>
      </trkpt>
      <trkpt lat="33.60117" lon="-117.77108">
        <ele>128.0</ele>
        <time>2026-05-02T16:57:55Z</time>
      </trkpt>
      <trkpt lat="33.60117" lon="-117.77104">
        <ele>128.0</ele>
        <time>2026-05-02T16:57:58Z</time>
      </trkpt>
      <trkpt lat="33.60117" lon="-117.77101">
        <ele>127.94</ele>
        <time>2026-05-02T16:58:01Z</time>
      </trkpt>
      <trkpt lat="33.60117" lon="-117.77097">
        <ele>127.67</ele>
        <time>2026-05-02T16:58:04Z</time>
      </trkpt>
      <trkpt lat="33.60119" lon="-117.77093">
        <ele>127.19</ele>
        <time>2026-05-02T16:58:07Z</time>
      </trkpt>
      <trkpt lat="33.60121" lon="-117.77096">
        <ele>127.37</ele>
        <time>2026-05-02T16:58:15Z</time>
      </trkpt>
      <trkpt lat="33.60121" lon="-117.771">
        <ele>127.8</ele>
        <time>2026-05-02T16:58:21Z</time>
      </trkpt>
      <trkpt lat="33.60119" lon="-117.77093">
        <ele>127.19</ele>
        <time>2026-05-02T16:59:37Z</time>
      </trkpt>
      <trkpt lat="33.60119" lon="-117.77085">
        <ele>127.03</ele>
        <time>2026-05-02T16:59:40Z</time>
      </trkpt>
      <trkpt lat="33.60118" lon="-117.77075">
        <ele>127.0</ele>
        <time>2026-05-02T16:59:42Z</time>
      </trkpt>
      <trkpt lat="33.60118" lon="-117.77068">
        <ele>126.34</ele>
        <time>2026-05-02T16:59:44Z</time>
      </trkpt>
      <trkpt lat="33.60118" lon="-117.77061">
        <ele>125.69</ele>
        <time>2026-05-02T16:59:47Z</time>
      </trkpt>
      <trkpt lat="33.60118" lon="-117.77055">
        <ele>125.24</ele>
        <time>2026-05-02T16:59:51Z</time>
      </trkpt>
      <trkpt lat="33.60117" lon="-117.7705">
        <ele>125.15</ele>
        <time>2026-05-02T16:59:55Z</time>
      </trkpt>
      <trkpt lat="33.60117" lon="-117.77046">
        <ele>124.99</ele>
        <time>2026-05-02T16:59:58Z</time>
      </trkpt>
      <trkpt lat="33.60116" lon="-117.77041">
        <ele>124.73</ele>
        <time>2026-05-02T17:00:01Z</time>
      </trkpt>
      <trkpt lat="33.60113" lon="-117.77037">
        <ele>124.2</ele>
        <time>2026-05-02T17:00:04Z</time>
      </trkpt>
      <trkpt lat="33.60111" lon="-117.77034">
        <ele>123.67</ele>
        <time>2026-05-02T17:00:07Z</time>
      </trkpt>
      <trkpt lat="33.60109" lon="-117.7703">
        <ele>123.24</ele>
        <time>2026-05-02T17:00:10Z</time>
      </trkpt>
      <trkpt lat="33.60108" lon="-117.77026">
        <ele>122.87</ele>
        <time>2026-05-02T17:00:13Z</time>
      </trkpt>
      <trkpt lat="33.60107" lon="-117.77022">
        <ele>122.65</ele>
        <time>2026-05-02T17:00:16Z</time>
      </trkpt>
      <trkpt lat="33.60106" lon="-117.77018">
        <ele>122.61</ele>
        <time>2026-05-02T17:00:19Z</time>
      </trkpt>
      <trkpt lat="33.60105" lon="-117.77014">
        <ele>123.15</ele>
        <time>2026-05-02T17:00:22Z</time>
      </trkpt>
      <trkpt lat="33.60104" lon="-117.7701">
        <ele>123.69</ele>
        <time>2026-05-02T17:00:25Z</time>
      </trkpt>
      <trkpt lat="33.60103" lon="-117.77006">
        <ele>123.88</ele>
        <time>2026-05-02T17:00:28Z</time>
      </trkpt>
      <trkpt lat="33.60102" lon="-117.77002">
        <ele>123.98</ele>
        <time>2026-05-02T17:00:31Z</time>
      </trkpt>
      <trkpt lat="33.60101" lon="-117.76998">
        <ele>124.2</ele>
        <time>2026-05-02T17:00:34Z</time>
      </trkpt>
      <trkpt lat="33.601" lon="-117.76994">
        <ele>124.53</ele>
        <time>2026-05-02T17:00:37Z</time>
      </trkpt>
      <trkpt lat="33.60098" lon="-117.76988">
        <ele>125.42</ele>
        <time>2026-05-02T17:00:41Z</time>
      </trkpt>
      <trkpt lat="33.60096" lon="-117.76983">
        <ele>126.2</ele>
        <time>2026-05-02T17:00:45Z</time>
      </trkpt>
      <trkpt lat="33.60095" lon="-117.76979">
        <ele>126.55</ele>
        <time>2026-05-02T17:00:49Z</time>
      </trkpt>
      <trkpt lat="33.60093" lon="-117.76974">
        <ele>126.95</ele>
        <time>2026-05-02T17:00:53Z</time>
      </trkpt>
      <trkpt lat="33.60092" lon="-117.7697">
        <ele>127.06</ele>
        <time>2026-05-02T17:00:57Z</time>
      </trkpt>
      <trkpt lat="33.6009" lon="-117.76966">
        <ele>127.28</ele>
        <time>2026-05-02T17:01:01Z</time>
      </trkpt>
      <trkpt lat="33.60088" lon="-117.76962">
        <ele>127.39</ele>
        <time>2026-05-02T17:01:05Z</time>
      </trkpt>
      <trkpt lat="33.60086" lon="-117.76959">
        <ele>127.28</ele>
        <time>2026-05-02T17:01:09Z</time>
      </trkpt>
      <trkpt lat="33.60083" lon="-117.76959">
        <ele>127.61</ele>
        <time>2026-05-02T17:01:15Z</time>
      </trkpt>
      <trkpt lat="33.60081" lon="-117.76956">
        <ele>127.5</ele>
        <time>2026-05-02T17:01:19Z</time>
      </trkpt>
      <trkpt lat="33.60079" lon="-117.76953">
        <ele>127.47</ele>
        <time>2026-05-02T17:01:22Z</time>
      </trkpt>
      <trkpt lat="33.60077" lon="-117.76949">
        <ele>127.68</ele>
        <time>2026-05-02T17:01:25Z</time>
      </trkpt>
      <trkpt lat="33.60076" lon="-117.76945">
        <ele>127.79</ele>
        <time>2026-05-02T17:01:28Z</time>
      </trkpt>
      <trkpt lat="33.60074" lon="-117.76941">
        <ele>128.01</ele>
        <time>2026-05-02T17:01:31Z</time>
      </trkpt>
      <trkpt lat="33.60073" lon="-117.76937">
        <ele>128.12</ele>
        <time>2026-05-02T17:01:34Z</time>
      </trkpt>
      <trkpt lat="33.60072" lon="-117.76933">
        <ele>128.17</ele>
        <time>2026-05-02T17:01:37Z</time>
      </trkpt>
      <trkpt lat="33.60073" lon="-117.76928">
        <ele>128.03</ele>
        <time>2026-05-02T17:01:40Z</time>
      </trkpt>
      <trkpt lat="33.60074" lon="-117.76924">
        <ele>127.79</ele>
        <time>2026-05-02T17:01:43Z</time>
      </trkpt>
      <trkpt lat="33.60075" lon="-117.7692">
        <ele>127.36</ele>
        <time>2026-05-02T17:01:46Z</time>
      </trkpt>
      <trkpt lat="33.60076" lon="-117.76915">
        <ele>126.78</ele>
        <time>2026-05-02T17:01:49Z</time>
      </trkpt>
      <trkpt lat="33.60076" lon="-117.76911">
        <ele>126.26</ele>
        <time>2026-05-02T17:01:54Z</time>
      </trkpt>
      <trkpt lat="33.60078" lon="-117.76909">
        <ele>125.82</ele>
        <time>2026-05-02T17:02:47Z</time>
      </trkpt>
      <trkpt lat="33.60078" lon="-117.76905">
        <ele>125.06</ele>
        <time>2026-05-02T17:02:52Z</time>
      </trkpt>
      <trkpt lat="33.60078" lon="-117.76901">
        <ele>124.19</ele>
        <time>2026-05-02T17:02:54Z</time>
      </trkpt>
      <trkpt lat="33.60078" lon="-117.76897">
        <ele>123.38</ele>
        <time>2026-05-02T17:02:56Z</time>
      </trkpt>
      <trkpt lat="33.60078" lon="-117.76893">
        <ele>122.7</ele>
        <time>2026-05-02T17:02:59Z</time>
      </trkpt>
      <trkpt lat="33.60078" lon="-117.76889">
        <ele>122.02</ele>
        <time>2026-05-02T17:03:02Z</time>
      </trkpt>
      <trkpt lat="33.60078" lon="-117.76886">
        <ele>121.56</ele>
        <time>2026-05-02T17:03:09Z</time>
      </trkpt>
      <trkpt lat="33.60079" lon="-117.76882">
        <ele>120.86</ele>
        <time>2026-05-02T17:03:24Z</time>
      </trkpt>
      <trkpt lat="33.60079" lon="-117.76877">
        <ele>120.34</ele>
        <time>2026-05-02T17:03:29Z</time>
      </trkpt>
      <trkpt lat="33.60079" lon="-117.76873">
        <ele>120.13</ele>
        <time>2026-05-02T17:03:33Z</time>
      </trkpt>
      <trkpt lat="33.60079" lon="-117.76869">
        <ele>119.85</ele>
        <time>2026-05-02T17:03:37Z</time>
      </trkpt>
      <trkpt lat="33.60079" lon="-117.76864">
        <ele>119.31</ele>
        <time>2026-05-02T17:03:41Z</time>
      </trkpt>
      <trkpt lat="33.60078" lon="-117.7686">
        <ele>119.0</ele>
        <time>2026-05-02T17:03:44Z</time>
      </trkpt>
      <trkpt lat="33.60078" lon="-117.76856">
        <ele>119.0</ele>
        <time>2026-05-02T17:03:47Z</time>
      </trkpt>
      <trkpt lat="33.60078" lon="-117.76852">
        <ele>119.0</ele>
        <time>2026-05-02T17:03:50Z</time>
      </trkpt>
      <trkpt lat="33.60078" lon="-117.76848">
        <ele>118.82</ele>
        <time>2026-05-02T17:03:54Z</time>
      </trkpt>
      <trkpt lat="33.60078" lon="-117.76844">
        <ele>118.64</ele>
        <time>2026-05-02T17:03:58Z</time>
      </trkpt>
      <trkpt lat="33.60078" lon="-117.7684">
        <ele>118.41</ele>
        <time>2026-05-02T17:04:03Z</time>
      </trkpt>
      <trkpt lat="33.60078" lon="-117.76835">
        <ele>118.1</ele>
        <time>2026-05-02T17:04:11Z</time>
      </trkpt>
      <trkpt lat="33.60078" lon="-117.7684">
        <ele>118.41</ele>
        <time>2026-05-02T17:04:14Z</time>
      </trkpt>
      <trkpt lat="33.60078" lon="-117.76845">
        <ele>118.69</ele>
        <time>2026-05-02T17:04:17Z</time>
      </trkpt>
      <trkpt lat="33.60078" lon="-117.76841">
        <ele>118.48</ele>
        <time>2026-05-02T17:04:45Z</time>
      </trkpt>
      <trkpt lat="33.60077" lon="-117.76836">
        <ele>118.2</ele>
        <time>2026-05-02T17:04:48Z</time>
      </trkpt>
      <trkpt lat="33.60077" lon="-117.76831">
        <ele>118.0</ele>
        <time>2026-05-02T17:04:50Z</time>
      </trkpt>
      <trkpt lat="33.60077" lon="-117.76827">
        <ele>118.0</ele>
        <time>2026-05-02T17:04:52Z</time>
      </trkpt>
      <trkpt lat="33.60077" lon="-117.76821">
        <ele>118.0</ele>
        <time>2026-05-02T17:04:55Z</time>
      </trkpt>
      <trkpt lat="33.60077" lon="-117.76817">
        <ele>118.0</ele>
        <time>2026-05-02T17:04:58Z</time>
      </trkpt>
      <trkpt lat="33.60077" lon="-117.76813">
        <ele>117.94</ele>
        <time>2026-05-02T17:05:01Z</time>
      </trkpt>
      <trkpt lat="33.60077" lon="-117.76808">
        <ele>117.77</ele>
        <time>2026-05-02T17:05:04Z</time>
      </trkpt>
      <trkpt lat="33.60077" lon="-117.76803">
        <ele>117.5</ele>
        <time>2026-05-02T17:05:08Z</time>
      </trkpt>
      <trkpt lat="33.60077" lon="-117.76798">
        <ele>117.13</ele>
        <time>2026-05-02T17:05:12Z</time>
      </trkpt>
      <trkpt lat="33.60076" lon="-117.76794">
        <ele>116.9</ele>
        <time>2026-05-02T17:05:15Z</time>
      </trkpt>
      <trkpt lat="33.60073" lon="-117.76791">
        <ele>117.0</ele>
        <time>2026-05-02T17:05:17Z</time>
      </trkpt>
      <trkpt lat="33.60069" lon="-117.76789">
        <ele>117.0</ele>
        <time>2026-05-02T17:05:19Z</time>
      </trkpt>
      <trkpt lat="33.60066" lon="-117.76786">
        <ele>117.0</ele>
        <time>2026-05-02T17:05:21Z</time>
      </trkpt>
      <trkpt lat="33.60064" lon="-117.76782">
        <ele>117.0</ele>
        <time>2026-05-02T17:05:24Z</time>
      </trkpt>
      <trkpt lat="33.60061" lon="-117.76778">
        <ele>117.0</ele>
        <time>2026-05-02T17:05:27Z</time>
      </trkpt>
      <trkpt lat="33.60059" lon="-117.76775">
        <ele>117.0</ele>
        <time>2026-05-02T17:05:30Z</time>
      </trkpt>
      <trkpt lat="33.60058" lon="-117.76772">
        <ele>117.0</ele>
        <time>2026-05-02T17:05:33Z</time>
      </trkpt>
      <trkpt lat="33.60055" lon="-117.76773">
        <ele>116.94</ele>
        <time>2026-05-02T17:05:46Z</time>
      </trkpt>
      <trkpt lat="33.60051" lon="-117.76767">
        <ele>116.51</ele>
        <time>2026-05-02T17:06:12Z</time>
      </trkpt>
      <trkpt lat="33.60049" lon="-117.76763">
        <ele>116.29</ele>
        <time>2026-05-02T17:06:18Z</time>
      </trkpt>
      <trkpt lat="33.60046" lon="-117.76759">
        <ele>116.0</ele>
        <time>2026-05-02T17:06:23Z</time>
      </trkpt>
      <trkpt lat="33.60044" lon="-117.76754">
        <ele>116.0</ele>
        <time>2026-05-02T17:06:28Z</time>
      </trkpt>
      <trkpt lat="33.60041" lon="-117.7675">
        <ele>116.0</ele>
        <time>2026-05-02T17:06:32Z</time>
      </trkpt>
      <trkpt lat="33.60039" lon="-117.76746">
        <ele>116.0</ele>
        <time>2026-05-02T17:06:35Z</time>
      </trkpt>
      <trkpt lat="33.60038" lon="-117.7674">
        <ele>116.0</ele>
        <time>2026-05-02T17:06:37Z</time>
      </trkpt>
      <trkpt lat="33.60037" lon="-117.76735">
        <ele>116.0</ele>
        <time>2026-05-02T17:06:39Z</time>
      </trkpt>
      <trkpt lat="33.60035" lon="-117.76731">
        <ele>115.78</ele>
        <time>2026-05-02T17:06:41Z</time>
      </trkpt>
      <trkpt lat="33.60034" lon="-117.76727">
        <ele>115.67</ele>
        <time>2026-05-02T17:06:44Z</time>
      </trkpt>
      <trkpt lat="33.60031" lon="-117.76723">
        <ele>115.35</ele>
        <time>2026-05-02T17:06:47Z</time>
      </trkpt>
      <trkpt lat="33.60027" lon="-117.7672">
        <ele>115.0</ele>
        <time>2026-05-02T17:06:49Z</time>
      </trkpt>
      <trkpt lat="33.60022" lon="-117.76718">
        <ele>115.0</ele>
        <time>2026-05-02T17:06:51Z</time>
      </trkpt>
      <trkpt lat="33.6002" lon="-117.76716">
        <ele>115.0</ele>
        <time>2026-05-02T17:06:53Z</time>
      </trkpt>
      <trkpt lat="33.60017" lon="-117.76712">
        <ele>114.84</ele>
        <time>2026-05-02T17:06:56Z</time>
      </trkpt>
      <trkpt lat="33.60015" lon="-117.76709">
        <ele>114.62</ele>
        <time>2026-05-02T17:06:59Z</time>
      </trkpt>
      <trkpt lat="33.60013" lon="-117.76706">
        <ele>114.4</ele>
        <time>2026-05-02T17:07:02Z</time>
      </trkpt>
      <trkpt lat="33.60011" lon="-117.76702">
        <ele>114.15</ele>
        <time>2026-05-02T17:07:05Z</time>
      </trkpt>
      <trkpt lat="33.60009" lon="-117.76699">
        <ele>114.0</ele>
        <time>2026-05-02T17:07:08Z</time>
      </trkpt>
      <trkpt lat="33.60006" lon="-117.76696">
        <ele>114.0</ele>
        <time>2026-05-02T17:07:11Z</time>
      </trkpt>
      <trkpt lat="33.60005" lon="-117.76692">
        <ele>114.0</ele>
        <time>2026-05-02T17:07:14Z</time>
      </trkpt>
      <trkpt lat="33.60007" lon="-117.76696">
        <ele>114.0</ele>
        <time>2026-05-02T17:07:23Z</time>
      </trkpt>
      <trkpt lat="33.60004" lon="-117.76693">
        <ele>114.0</ele>
        <time>2026-05-02T17:07:31Z</time>
      </trkpt>
      <trkpt lat="33.60002" lon="-117.76691">
        <ele>114.0</ele>
        <time>2026-05-02T17:07:34Z</time>
      </trkpt>
      <trkpt lat="33.6" lon="-117.76687">
        <ele>114.0</ele>
        <time>2026-05-02T17:07:37Z</time>
      </trkpt>
      <trkpt lat="33.59997" lon="-117.76684">
        <ele>114.0</ele>
        <time>2026-05-02T17:07:40Z</time>
      </trkpt>
      <trkpt lat="33.59995" lon="-117.76681">
        <ele>114.0</ele>
        <time>2026-05-02T17:07:43Z</time>
      </trkpt>
      <trkpt lat="33.59993" lon="-117.76677">
        <ele>114.0</ele>
        <time>2026-05-02T17:07:46Z</time>
      </trkpt>
      <trkpt lat="33.5999" lon="-117.76674">
        <ele>113.73</ele>
        <time>2026-05-02T17:07:49Z</time>
      </trkpt>
      <trkpt lat="33.59988" lon="-117.76671">
        <ele>113.33</ele>
        <time>2026-05-02T17:07:52Z</time>
      </trkpt>
      <trkpt lat="33.59985" lon="-117.76667">
        <ele>113.01</ele>
        <time>2026-05-02T17:07:55Z</time>
      </trkpt>
      <trkpt lat="33.59983" lon="-117.76663">
        <ele>113.0</ele>
        <time>2026-05-02T17:07:58Z</time>
      </trkpt>
      <trkpt lat="33.5998" lon="-117.7666">
        <ele>113.0</ele>
        <time>2026-05-02T17:08:01Z</time>
      </trkpt>
      <trkpt lat="33.59978" lon="-117.76656">
        <ele>113.0</ele>
        <time>2026-05-02T17:08:04Z</time>
      </trkpt>
      <trkpt lat="33.59976" lon="-117.76652">
        <ele>113.0</ele>
        <time>2026-05-02T17:08:07Z</time>
      </trkpt>
      <trkpt lat="33.59974" lon="-117.76649">
        <ele>113.0</ele>
        <time>2026-05-02T17:08:09Z</time>
      </trkpt>
      <trkpt lat="33.59973" lon="-117.76645">
        <ele>112.66</ele>
        <time>2026-05-02T17:08:11Z</time>
      </trkpt>
      <trkpt lat="33.59972" lon="-117.76642">
        <ele>112.33</ele>
        <time>2026-05-02T17:08:13Z</time>
      </trkpt>
      <trkpt lat="33.5997" lon="-117.7664">
        <ele>112.09</ele>
        <time>2026-05-02T17:08:15Z</time>
      </trkpt>
      <trkpt lat="33.59968" lon="-117.76636">
        <ele>112.0</ele>
        <time>2026-05-02T17:08:18Z</time>
      </trkpt>
      <trkpt lat="33.59966" lon="-117.76632">
        <ele>112.0</ele>
        <time>2026-05-02T17:08:21Z</time>
      </trkpt>
      <trkpt lat="33.59964" lon="-117.76628">
        <ele>112.0</ele>
        <time>2026-05-02T17:08:24Z</time>
      </trkpt>
      <trkpt lat="33.59962" lon="-117.76625">
        <ele>112.0</ele>
        <time>2026-05-02T17:08:27Z</time>
      </trkpt>
      <trkpt lat="33.5996" lon="-117.76621">
        <ele>112.0</ele>
        <time>2026-05-02T17:08:30Z</time>
      </trkpt>
      <trkpt lat="33.59958" lon="-117.76617">
        <ele>112.0</ele>
        <time>2026-05-02T17:08:33Z</time>
      </trkpt>
      <trkpt lat="33.59956" lon="-117.76614">
        <ele>112.0</ele>
        <time>2026-05-02T17:08:36Z</time>
      </trkpt>
      <trkpt lat="33.59954" lon="-117.7661">
        <ele>112.0</ele>
        <time>2026-05-02T17:08:39Z</time>
      </trkpt>
      <trkpt lat="33.59952" lon="-117.76607">
        <ele>111.82</ele>
        <time>2026-05-02T17:08:42Z</time>
      </trkpt>
      <trkpt lat="33.59951" lon="-117.76603">
        <ele>111.71</ele>
        <time>2026-05-02T17:08:45Z</time>
      </trkpt>
      <trkpt lat="33.59951" lon="-117.766">
        <ele>111.57</ele>
        <time>2026-05-02T17:08:48Z</time>
      </trkpt>
      <trkpt lat="33.59949" lon="-117.76596">
        <ele>111.18</ele>
        <time>2026-05-02T17:08:51Z</time>
      </trkpt>
      <trkpt lat="33.59948" lon="-117.76592">
        <ele>111.02</ele>
        <time>2026-05-02T17:08:54Z</time>
      </trkpt>
      <trkpt lat="33.59946" lon="-117.76589">
        <ele>111.07</ele>
        <time>2026-05-02T17:08:57Z</time>
      </trkpt>
      <trkpt lat="33.59945" lon="-117.76585">
        <ele>111.05</ele>
        <time>2026-05-02T17:09:00Z</time>
      </trkpt>
      <trkpt lat="33.59943" lon="-117.76581">
        <ele>110.75</ele>
        <time>2026-05-02T17:09:03Z</time>
      </trkpt>
      <trkpt lat="33.59941" lon="-117.76578">
        <ele>110.42</ele>
        <time>2026-05-02T17:09:06Z</time>
      </trkpt>
      <trkpt lat="33.59939" lon="-117.76574">
        <ele>110.0</ele>
        <time>2026-05-02T17:09:09Z</time>
      </trkpt>
      <trkpt lat="33.59938" lon="-117.7657">
        <ele>110.13</ele>
        <time>2026-05-02T17:09:12Z</time>
      </trkpt>
      <trkpt lat="33.59936" lon="-117.76567">
        <ele>110.07</ele>
        <time>2026-05-02T17:09:15Z</time>
      </trkpt>
      <trkpt lat="33.59934" lon="-117.76563">
        <ele>110.0</ele>
        <time>2026-05-02T17:09:18Z</time>
      </trkpt>
      <trkpt lat="33.59931" lon="-117.7656">
        <ele>110.0</ele>
        <time>2026-05-02T17:09:21Z</time>
      </trkpt>
      <trkpt lat="33.59929" lon="-117.76557">
        <ele>110.0</ele>
        <time>2026-05-02T17:09:24Z</time>
      </trkpt>
      <trkpt lat="33.59927" lon="-117.76553">
        <ele>110.0</ele>
        <time>2026-05-02T17:09:27Z</time>
      </trkpt>
      <trkpt lat="33.59924" lon="-117.7655">
        <ele>109.88</ele>
        <time>2026-05-02T17:09:30Z</time>
      </trkpt>
      <trkpt lat="33.59922" lon="-117.76547">
        <ele>109.61</ele>
        <time>2026-05-02T17:09:33Z</time>
      </trkpt>
      <trkpt lat="33.59919" lon="-117.76544">
        <ele>109.19</ele>
        <time>2026-05-02T17:09:36Z</time>
      </trkpt>
      <trkpt lat="33.59917" lon="-117.76541">
        <ele>109.02</ele>
        <time>2026-05-02T17:09:39Z</time>
      </trkpt>
      <trkpt lat="33.59915" lon="-117.76538">
        <ele>109.0</ele>
        <time>2026-05-02T17:09:42Z</time>
      </trkpt>
      <trkpt lat="33.59912" lon="-117.76535">
        <ele>109.0</ele>
        <time>2026-05-02T17:09:45Z</time>
      </trkpt>
      <trkpt lat="33.5991" lon="-117.76531">
        <ele>109.0</ele>
        <time>2026-05-02T17:09:48Z</time>
      </trkpt>
      <trkpt lat="33.59908" lon="-117.76528">
        <ele>109.0</ele>
        <time>2026-05-02T17:09:51Z</time>
      </trkpt>
      <trkpt lat="33.59906" lon="-117.76525">
        <ele>108.85</ele>
        <time>2026-05-02T17:09:54Z</time>
      </trkpt>
      <trkpt lat="33.59903" lon="-117.76522">
        <ele>108.52</ele>
        <time>2026-05-02T17:09:57Z</time>
      </trkpt>
      <trkpt lat="33.59902" lon="-117.76518">
        <ele>108.42</ele>
        <time>2026-05-02T17:10:00Z</time>
      </trkpt>
      <trkpt lat="33.59901" lon="-117.76515">
        <ele>108.31</ele>
        <time>2026-05-02T17:10:03Z</time>
      </trkpt>
      <trkpt lat="33.59901" lon="-117.76511">
        <ele>108.31</ele>
        <time>2026-05-02T17:10:06Z</time>
      </trkpt>
      <trkpt lat="33.599" lon="-117.76508">
        <ele>108.17</ele>
        <time>2026-05-02T17:10:09Z</time>
      </trkpt>
      <trkpt lat="33.59898" lon="-117.76504">
        <ele>108.0</ele>
        <time>2026-05-02T17:10:12Z</time>
      </trkpt>
      <trkpt lat="33.59896" lon="-117.76501">
        <ele>108.0</ele>
        <time>2026-05-02T17:10:15Z</time>
      </trkpt>
      <trkpt lat="33.59895" lon="-117.76497">
        <ele>108.0</ele>
        <time>2026-05-02T17:10:18Z</time>
      </trkpt>
      <trkpt lat="33.59893" lon="-117.76494">
        <ele>108.0</ele>
        <time>2026-05-02T17:10:21Z</time>
      </trkpt>
      <trkpt lat="33.59892" lon="-117.7649">
        <ele>108.0</ele>
        <time>2026-05-02T17:10:24Z</time>
      </trkpt>
      <trkpt lat="33.59891" lon="-117.76486">
        <ele>108.0</ele>
        <time>2026-05-02T17:10:27Z</time>
      </trkpt>
      <trkpt lat="33.5989" lon="-117.76483">
        <ele>108.0</ele>
        <time>2026-05-02T17:10:30Z</time>
      </trkpt>
      <trkpt lat="33.59888" lon="-117.76479">
        <ele>107.66</ele>
        <time>2026-05-02T17:10:33Z</time>
      </trkpt>
      <trkpt lat="33.59886" lon="-117.76476">
        <ele>107.28</ele>
        <time>2026-05-02T17:10:36Z</time>
      </trkpt>
      <trkpt lat="33.59885" lon="-117.76472">
        <ele>107.0</ele>
        <time>2026-05-02T17:10:39Z</time>
      </trkpt>
      <trkpt lat="33.59883" lon="-117.76469">
        <ele>107.0</ele>
        <time>2026-05-02T17:10:42Z</time>
      </trkpt>
      <trkpt lat="33.59882" lon="-117.76465">
        <ele>107.0</ele>
        <time>2026-05-02T17:10:45Z</time>
      </trkpt>
      <trkpt lat="33.59881" lon="-117.76461">
        <ele>106.94</ele>
        <time>2026-05-02T17:10:48Z</time>
      </trkpt>
      <trkpt lat="33.59884" lon="-117.76459">
        <ele>106.6</ele>
        <time>2026-05-02T17:10:55Z</time>
      </trkpt>
      <trkpt lat="33.59885" lon="-117.76456">
        <ele>106.13</ele>
        <time>2026-05-02T17:11:00Z</time>
      </trkpt>
      <trkpt lat="33.59886" lon="-117.76453">
        <ele>105.7</ele>
        <time>2026-05-02T17:11:04Z</time>
      </trkpt>
      <trkpt lat="33.59887" lon="-117.76449">
        <ele>106.11</ele>
        <time>2026-05-02T17:11:08Z</time>
      </trkpt>
      <trkpt lat="33.59889" lon="-117.76446">
        <ele>106.62</ele>
        <time>2026-05-02T17:11:12Z</time>
      </trkpt>
      <trkpt lat="33.5989" lon="-117.76442">
        <ele>106.52</ele>
        <time>2026-05-02T17:11:16Z</time>
      </trkpt>
      <trkpt lat="33.59892" lon="-117.76439">
        <ele>105.66</ele>
        <time>2026-05-02T17:11:25Z</time>
      </trkpt>
      <trkpt lat="33.59893" lon="-117.76435">
        <ele>105.19</ele>
        <time>2026-05-02T17:11:29Z</time>
      </trkpt>
      <trkpt lat="33.59894" lon="-117.76432">
        <ele>104.33</ele>
        <time>2026-05-02T17:11:32Z</time>
      </trkpt>
      <trkpt lat="33.59895" lon="-117.76429">
        <ele>103.68</ele>
        <time>2026-05-02T17:11:35Z</time>
      </trkpt>
      <trkpt lat="33.59896" lon="-117.76426">
        <ele>103.24</ele>
        <time>2026-05-02T17:11:38Z</time>
      </trkpt>
      <trkpt lat="33.59897" lon="-117.76423">
        <ele>103.05</ele>
        <time>2026-05-02T17:11:41Z</time>
      </trkpt>
      <trkpt lat="33.59899" lon="-117.76419">
        <ele>103.18</ele>
        <time>2026-05-02T17:11:44Z</time>
      </trkpt>
      <trkpt lat="33.599" lon="-117.76415">
        <ele>103.83</ele>
        <time>2026-05-02T17:11:47Z</time>
      </trkpt>
      <trkpt lat="33.59901" lon="-117.76411">
        <ele>104.89</ele>
        <time>2026-05-02T17:11:50Z</time>
      </trkpt>
      <trkpt lat="33.59902" lon="-117.76408">
        <ele>105.47</ele>
        <time>2026-05-02T17:11:53Z</time>
      </trkpt>
      <trkpt lat="33.59903" lon="-117.76404">
        <ele>105.86</ele>
        <time>2026-05-02T17:11:56Z</time>
      </trkpt>
      <trkpt lat="33.59904" lon="-117.76401">
        <ele>106.24</ele>
        <time>2026-05-02T17:11:59Z</time>
      </trkpt>
      <trkpt lat="33.59905" lon="-117.76397">
        <ele>106.65</ele>
        <time>2026-05-02T17:12:02Z</time>
      </trkpt>
      <trkpt lat="33.59906" lon="-117.76394">
        <ele>106.47</ele>
        <time>2026-05-02T17:12:05Z</time>
      </trkpt>
      <trkpt lat="33.59907" lon="-117.7639">
        <ele>106.11</ele>
        <time>2026-05-02T17:12:08Z</time>
      </trkpt>
      <trkpt lat="33.5991" lon="-117.7639">
        <ele>106.4</ele>
        <time>2026-05-02T17:12:29Z</time>
      </trkpt>
      <trkpt lat="33.59907" lon="-117.7639">
        <ele>106.11</ele>
        <time>2026-05-02T17:12:38Z</time>
      </trkpt>
      <trkpt lat="33.59911" lon="-117.76388">
        <ele>106.35</ele>
        <time>2026-05-02T17:13:18Z</time>
      </trkpt>
      <trkpt lat="33.59915" lon="-117.76387">
        <ele>106.65</ele>
        <time>2026-05-02T17:13:24Z</time>
      </trkpt>
      <trkpt lat="33.59919" lon="-117.76388">
        <ele>107.13</ele>
        <time>2026-05-02T17:13:30Z</time>
      </trkpt>
      <trkpt lat="33.59923" lon="-117.76389">
        <ele>107.7</ele>
        <time>2026-05-02T17:13:34Z</time>
      </trkpt>
      <trkpt lat="33.59926" lon="-117.7639">
        <ele>108.12</ele>
        <time>2026-05-02T17:13:36Z</time>
      </trkpt>
      <trkpt lat="33.59929" lon="-117.76394">
        <ele>108.74</ele>
        <time>2026-05-02T17:13:39Z</time>
      </trkpt>
      <trkpt lat="33.5993" lon="-117.76398">
        <ele>109.42</ele>
        <time>2026-05-02T17:13:41Z</time>
      </trkpt>
      <trkpt lat="33.59931" lon="-117.76401">
        <ele>109.86</ele>
        <time>2026-05-02T17:13:43Z</time>
      </trkpt>
      <trkpt lat="33.59933" lon="-117.76405">
        <ele>110.5</ele>
        <time>2026-05-02T17:13:46Z</time>
      </trkpt>
      <trkpt lat="33.59935" lon="-117.76408">
        <ele>110.98</ele>
        <time>2026-05-02T17:13:50Z</time>
      </trkpt>
      <trkpt lat="33.59936" lon="-117.76411">
        <ele>111.18</ele>
        <time>2026-05-02T17:13:53Z</time>
      </trkpt>
      <trkpt lat="33.59937" lon="-117.76414">
        <ele>111.39</ele>
        <time>2026-05-02T17:13:56Z</time>
      </trkpt>
      <trkpt lat="33.59939" lon="-117.76417">
        <ele>111.8</ele>
        <time>2026-05-02T17:13:59Z</time>
      </trkpt>
      <trkpt lat="33.5994" lon="-117.76421">
        <ele>111.82</ele>
        <time>2026-05-02T17:14:03Z</time>
      </trkpt>
      <trkpt lat="33.59943" lon="-117.76424">
        <ele>112.56</ele>
        <time>2026-05-02T17:14:07Z</time>
      </trkpt>
      <trkpt lat="33.59945" lon="-117.76426">
        <ele>113.05</ele>
        <time>2026-05-02T17:14:10Z</time>
      </trkpt>
      <trkpt lat="33.59946" lon="-117.76428">
        <ele>112.98</ele>
        <time>2026-05-02T17:14:13Z</time>
      </trkpt>
      <trkpt lat="33.59948" lon="-117.76431">
        <ele>113.05</ele>
        <time>2026-05-02T17:14:16Z</time>
      </trkpt>
      <trkpt lat="33.5995" lon="-117.76433">
        <ele>113.29</ele>
        <time>2026-05-02T17:14:19Z</time>
      </trkpt>
      <trkpt lat="33.59952" lon="-117.76436">
        <ele>113.62</ele>
        <time>2026-05-02T17:14:22Z</time>
      </trkpt>
      <trkpt lat="33.59954" lon="-117.76439">
        <ele>114.06</ele>
        <time>2026-05-02T17:14:26Z</time>
      </trkpt>
      <trkpt lat="33.59956" lon="-117.76441">
        <ele>114.5</ele>
        <time>2026-05-02T17:14:29Z</time>
      </trkpt>
      <trkpt lat="33.59959" lon="-117.76444">
        <ele>115.14</ele>
        <time>2026-05-02T17:14:33Z</time>
      </trkpt>
      <trkpt lat="33.59961" lon="-117.76445">
        <ele>115.62</ele>
        <time>2026-05-02T17:14:37Z</time>
      </trkpt>
      <trkpt lat="33.59964" lon="-117.76447">
        <ele>116.39</ele>
        <time>2026-05-02T17:14:41Z</time>
      </trkpt>
      <trkpt lat="33.59967" lon="-117.76449">
        <ele>116.93</ele>
        <time>2026-05-02T17:14:44Z</time>
      </trkpt>
      <trkpt lat="33.59969" lon="-117.76451">
        <ele>117.36</ele>
        <time>2026-05-02T17:14:47Z</time>
      </trkpt>
      <trkpt lat="33.59972" lon="-117.76454">
        <ele>118.01</ele>
        <time>2026-05-02T17:14:50Z</time>
      </trkpt>
      <trkpt lat="33.59973" lon="-117.76457">
        <ele>118.36</ele>
        <time>2026-05-02T17:14:53Z</time>
      </trkpt>
      <trkpt lat="33.59974" lon="-117.7646">
        <ele>118.68</ele>
        <time>2026-05-02T17:14:56Z</time>
      </trkpt>
      <trkpt lat="33.59976" lon="-117.76462">
        <ele>118.9</ele>
        <time>2026-05-02T17:14:59Z</time>
      </trkpt>
      <trkpt lat="33.59977" lon="-117.76465">
        <ele>119.23</ele>
        <time>2026-05-02T17:15:02Z</time>
      </trkpt>
      <trkpt lat="33.59979" lon="-117.76468">
        <ele>119.8</ele>
        <time>2026-05-02T17:15:05Z</time>
      </trkpt>
      <trkpt lat="33.5998" lon="-117.7647">
        <ele>120.28</ele>
        <time>2026-05-02T17:15:08Z</time>
      </trkpt>
      <trkpt lat="33.59982" lon="-117.76474">
        <ele>121.19</ele>
        <time>2026-05-02T17:15:11Z</time>
      </trkpt>
      <trkpt lat="33.59983" lon="-117.76477">
        <ele>121.52</ele>
        <time>2026-05-02T17:15:14Z</time>
      </trkpt>
      <trkpt lat="33.59984" lon="-117.7648">
        <ele>121.84</ele>
        <time>2026-05-02T17:15:17Z</time>
      </trkpt>
      <trkpt lat="33.59985" lon="-117.76483">
        <ele>121.96</ele>
        <time>2026-05-02T17:15:20Z</time>
      </trkpt>
      <trkpt lat="33.59987" lon="-117.76486">
        <ele>122.09</ele>
        <time>2026-05-02T17:15:23Z</time>
      </trkpt>
      <trkpt lat="33.59988" lon="-117.76488">
        <ele>122.29</ele>
        <time>2026-05-02T17:15:26Z</time>
      </trkpt>
      <trkpt lat="33.5999" lon="-117.76492">
        <ele>122.69</ele>
        <time>2026-05-02T17:15:30Z</time>
      </trkpt>
      <trkpt lat="33.59994" lon="-117.7649">
        <ele>122.92</ele>
        <time>2026-05-02T17:15:34Z</time>
      </trkpt>
      <trkpt lat="33.59997" lon="-117.76488">
        <ele>122.7</ele>
        <time>2026-05-02T17:15:37Z</time>
      </trkpt>
      <trkpt lat="33.6" lon="-117.76487">
        <ele>122.6</ele>
        <time>2026-05-02T17:15:40Z</time>
      </trkpt>
      <trkpt lat="33.60003" lon="-117.76486">
        <ele>122.32</ele>
        <time>2026-05-02T17:15:43Z</time>
      </trkpt>
      <trkpt lat="33.60006" lon="-117.76485">
        <ele>121.98</ele>
        <time>2026-05-02T17:15:46Z</time>
      </trkpt>
      <trkpt lat="33.60009" lon="-117.76484">
        <ele>121.56</ele>
        <time>2026-05-02T17:15:49Z</time>
      </trkpt>
      <trkpt lat="33.60013" lon="-117.76483">
        <ele>121.73</ele>
        <time>2026-05-02T17:15:52Z</time>
      </trkpt>
      <trkpt lat="33.60016" lon="-117.76482">
        <ele>121.84</ele>
        <time>2026-05-02T17:15:55Z</time>
      </trkpt>
      <trkpt lat="33.60019" lon="-117.76481">
        <ele>121.9</ele>
        <time>2026-05-02T17:15:58Z</time>
      </trkpt>
      <trkpt lat="33.60022" lon="-117.76481">
        <ele>122.26</ele>
        <time>2026-05-02T17:16:01Z</time>
      </trkpt>
      <trkpt lat="33.60025" lon="-117.7648">
        <ele>122.44</ele>
        <time>2026-05-02T17:16:04Z</time>
      </trkpt>
      <trkpt lat="33.60027" lon="-117.76479">
        <ele>122.6</ele>
        <time>2026-05-02T17:16:07Z</time>
      </trkpt>
      <trkpt lat="33.6003" lon="-117.76479">
        <ele>122.97</ele>
        <time>2026-05-02T17:16:10Z</time>
      </trkpt>
      <trkpt lat="33.60033" lon="-117.76478">
        <ele>123.19</ele>
        <time>2026-05-02T17:16:13Z</time>
      </trkpt>
      <trkpt lat="33.60036" lon="-117.76477">
        <ele>123.4</ele>
        <time>2026-05-02T17:16:16Z</time>
      </trkpt>
      <trkpt lat="33.60039" lon="-117.76476">
        <ele>123.71</ele>
        <time>2026-05-02T17:16:19Z</time>
      </trkpt>
      <trkpt lat="33.60042" lon="-117.76474">
        <ele>123.83</ele>
        <time>2026-05-02T17:16:22Z</time>
      </trkpt>
      <trkpt lat="33.60045" lon="-117.76473">
        <ele>124.02</ele>
        <time>2026-05-02T17:16:25Z</time>
      </trkpt>
      <trkpt lat="33.60048" lon="-117.76473">
        <ele>124.34</ele>
        <time>2026-05-02T17:16:28Z</time>
      </trkpt>
      <trkpt lat="33.6005" lon="-117.76476">
        <ele>125.05</ele>
        <time>2026-05-02T17:16:31Z</time>
      </trkpt>
      <trkpt lat="33.60049" lon="-117.76479">
        <ele>125.54</ele>
        <time>2026-05-02T17:16:33Z</time>
      </trkpt>
      <trkpt lat="33.60047" lon="-117.76481">
        <ele>125.9</ele>
        <time>2026-05-02T17:16:35Z</time>
      </trkpt>
      <trkpt lat="33.60044" lon="-117.76484">
        <ele>126.05</ele>
        <time>2026-05-02T17:16:38Z</time>
      </trkpt>
      <trkpt lat="33.60041" lon="-117.76486">
        <ele>125.83</ele>
        <time>2026-05-02T17:16:41Z</time>
      </trkpt>
      <trkpt lat="33.60038" lon="-117.76488">
        <ele>125.62</ele>
        <time>2026-05-02T17:16:44Z</time>
      </trkpt>
      <trkpt lat="33.60036" lon="-117.7649">
        <ele>125.73</ele>
        <time>2026-05-02T17:16:47Z</time>
      </trkpt>
      <trkpt lat="33.60034" lon="-117.76493">
        <ele>126.16</ele>
        <time>2026-05-02T17:16:50Z</time>
      </trkpt>
      <trkpt lat="33.60031" lon="-117.76496">
        <ele>126.48</ele>
        <time>2026-05-02T17:16:53Z</time>
      </trkpt>
      <trkpt lat="33.60029" lon="-117.76498">
        <ele>126.7</ele>
        <time>2026-05-02T17:16:56Z</time>
      </trkpt>
      <trkpt lat="33.60026" lon="-117.76501">
        <ele>127.02</ele>
        <time>2026-05-02T17:16:59Z</time>
      </trkpt>
      <trkpt lat="33.60024" lon="-117.76503">
        <ele>127.24</ele>
        <time>2026-05-02T17:17:02Z</time>
      </trkpt>
      <trkpt lat="33.60022" lon="-117.76506">
        <ele>127.67</ele>
        <time>2026-05-02T17:17:05Z</time>
      </trkpt>
      <trkpt lat="33.6002" lon="-117.76509">
        <ele>128.1</ele>
        <time>2026-05-02T17:17:09Z</time>
      </trkpt>
      <trkpt lat="33.60022" lon="-117.76512">
        <ele>128.97</ele>
        <time>2026-05-02T17:17:13Z</time>
      </trkpt>
      <trkpt lat="33.60024" lon="-117.76515">
        <ele>129.83</ele>
        <time>2026-05-02T17:17:17Z</time>
      </trkpt>
      <trkpt lat="33.60027" lon="-117.76515">
        <ele>130.16</ele>
        <time>2026-05-02T17:17:22Z</time>
      </trkpt>
      <trkpt lat="33.60031" lon="-117.76515">
        <ele>130.59</ele>
        <time>2026-05-02T17:17:27Z</time>
      </trkpt>
      <trkpt lat="33.60033" lon="-117.76515">
        <ele>130.8</ele>
        <time>2026-05-02T17:17:31Z</time>
      </trkpt>
      <trkpt lat="33.60036" lon="-117.76516">
        <ele>131.34</ele>
        <time>2026-05-02T17:17:36Z</time>
      </trkpt>
      <trkpt lat="33.60039" lon="-117.76517">
        <ele>132.1</ele>
        <time>2026-05-02T17:17:40Z</time>
      </trkpt>
      <trkpt lat="33.60042" lon="-117.76518">
        <ele>132.96</ele>
        <time>2026-05-02T17:17:44Z</time>
      </trkpt>
      <trkpt lat="33.60044" lon="-117.7652">
        <ele>133.86</ele>
        <time>2026-05-02T17:17:48Z</time>
      </trkpt>
      <trkpt lat="33.60046" lon="-117.76522">
        <ele>134.7</ele>
        <time>2026-05-02T17:17:52Z</time>
      </trkpt>
      <trkpt lat="33.60049" lon="-117.76523">
        <ele>135.12</ele>
        <time>2026-05-02T17:17:56Z</time>
      </trkpt>
      <trkpt lat="33.60051" lon="-117.76525">
        <ele>135.55</ele>
        <time>2026-05-02T17:18:02Z</time>
      </trkpt>
      <trkpt lat="33.60049" lon="-117.76527">
        <ele>135.86</ele>
        <time>2026-05-02T17:18:14Z</time>
      </trkpt>
      <trkpt lat="33.6005" lon="-117.7653">
        <ele>136.24</ele>
        <time>2026-05-02T17:19:09Z</time>
      </trkpt>
      <trkpt lat="33.6005" lon="-117.76535">
        <ele>136.78</ele>
        <time>2026-05-02T17:19:12Z</time>
      </trkpt>
      <trkpt lat="33.60051" lon="-117.76539">
        <ele>137.42</ele>
        <time>2026-05-02T17:19:16Z</time>
      </trkpt>
      <trkpt lat="33.60051" lon="-117.76542">
        <ele>138.07</ele>
        <time>2026-05-02T17:19:20Z</time>
      </trkpt>
      <trkpt lat="33.60051" lon="-117.76546">
        <ele>138.94</ele>
        <time>2026-05-02T17:19:24Z</time>
      </trkpt>
      <trkpt lat="33.60051" lon="-117.7655">
        <ele>139.41</ele>
        <time>2026-05-02T17:19:28Z</time>
      </trkpt>
      <trkpt lat="33.60051" lon="-117.76554">
        <ele>139.85</ele>
        <time>2026-05-02T17:19:32Z</time>
      </trkpt>
      <trkpt lat="33.60051" lon="-117.76558">
        <ele>140.15</ele>
        <time>2026-05-02T17:19:36Z</time>
      </trkpt>
      <trkpt lat="33.60053" lon="-117.76561">
        <ele>140.87</ele>
        <time>2026-05-02T17:19:39Z</time>
      </trkpt>
      <trkpt lat="33.60055" lon="-117.76563">
        <ele>141.64</ele>
        <time>2026-05-02T17:19:42Z</time>
      </trkpt>
      <trkpt lat="33.60056" lon="-117.76567">
        <ele>142.25</ele>
        <time>2026-05-02T17:19:46Z</time>
      </trkpt>
      <trkpt lat="33.60058" lon="-117.7657">
        <ele>142.71</ele>
        <time>2026-05-02T17:19:50Z</time>
      </trkpt>
      <trkpt lat="33.60059" lon="-117.76574">
        <ele>143.36</ele>
        <time>2026-05-02T17:19:54Z</time>
      </trkpt>
      <trkpt lat="33.60061" lon="-117.76577">
        <ele>143.96</ele>
        <time>2026-05-02T17:19:58Z</time>
      </trkpt>
      <trkpt lat="33.60062" lon="-117.7658">
        <ele>144.59</ele>
        <time>2026-05-02T17:20:02Z</time>
      </trkpt>
      <trkpt lat="33.60064" lon="-117.76583">
        <ele>145.67</ele>
        <time>2026-05-02T17:20:06Z</time>
      </trkpt>
      <trkpt lat="33.60066" lon="-117.76585">
        <ele>146.05</ele>
        <time>2026-05-02T17:20:11Z</time>
      </trkpt>
      <trkpt lat="33.60068" lon="-117.76588">
        <ele>146.35</ele>
        <time>2026-05-02T17:20:15Z</time>
      </trkpt>
      <trkpt lat="33.6007" lon="-117.76591">
        <ele>146.93</ele>
        <time>2026-05-02T17:20:19Z</time>
      </trkpt>
      <trkpt lat="33.60071" lon="-117.76594">
        <ele>147.34</ele>
        <time>2026-05-02T17:20:23Z</time>
      </trkpt>
      <trkpt lat="33.60074" lon="-117.76597">
        <ele>147.98</ele>
        <time>2026-05-02T17:20:27Z</time>
      </trkpt>
      <trkpt lat="33.60076" lon="-117.76598">
        <ele>147.86</ele>
        <time>2026-05-02T17:20:29Z</time>
      </trkpt>
      <trkpt lat="33.60079" lon="-117.76599">
        <ele>147.88</ele>
        <time>2026-05-02T17:20:32Z</time>
      </trkpt>
      <trkpt lat="33.60082" lon="-117.76601">
        <ele>148.54</ele>
        <time>2026-05-02T17:20:35Z</time>
      </trkpt>
      <trkpt lat="33.60085" lon="-117.76603">
        <ele>148.7</ele>
        <time>2026-05-02T17:20:38Z</time>
      </trkpt>
      <trkpt lat="33.60088" lon="-117.76603">
        <ele>148.37</ele>
        <time>2026-05-02T17:20:42Z</time>
      </trkpt>
      <trkpt lat="33.60091" lon="-117.76603">
        <ele>148.05</ele>
        <time>2026-05-02T17:20:45Z</time>
      </trkpt>
      <trkpt lat="33.60093" lon="-117.76603">
        <ele>147.84</ele>
        <time>2026-05-02T17:20:48Z</time>
      </trkpt>
      <trkpt lat="33.60096" lon="-117.76602">
        <ele>147.62</ele>
        <time>2026-05-02T17:20:51Z</time>
      </trkpt>
      <trkpt lat="33.60099" lon="-117.76604">
        <ele>147.24</ele>
        <time>2026-05-02T17:21:14Z</time>
      </trkpt>
      <trkpt lat="33.60102" lon="-117.76605">
        <ele>147.01</ele>
        <time>2026-05-02T17:21:20Z</time>
      </trkpt>
      <trkpt lat="33.60105" lon="-117.76606">
        <ele>147.15</ele>
        <time>2026-05-02T17:21:24Z</time>
      </trkpt>
      <trkpt lat="33.60108" lon="-117.76607">
        <ele>147.37</ele>
        <time>2026-05-02T17:21:27Z</time>
      </trkpt>
      <trkpt lat="33.60112" lon="-117.76607">
        <ele>147.51</ele>
        <time>2026-05-02T17:21:29Z</time>
      </trkpt>
      <trkpt lat="33.60117" lon="-117.76608">
        <ele>147.45</ele>
        <time>2026-05-02T17:21:31Z</time>
      </trkpt>
      <trkpt lat="33.6012" lon="-117.76608">
        <ele>147.34</ele>
        <time>2026-05-02T17:21:33Z</time>
      </trkpt>
      <trkpt lat="33.60124" lon="-117.76609">
        <ele>147.76</ele>
        <time>2026-05-02T17:21:36Z</time>
      </trkpt>
      <trkpt lat="33.60127" lon="-117.76612">
        <ele>148.59</ele>
        <time>2026-05-02T17:21:39Z</time>
      </trkpt>
      <trkpt lat="33.60128" lon="-117.76614">
        <ele>148.46</ele>
        <time>2026-05-02T17:21:41Z</time>
      </trkpt>
      <trkpt lat="33.60132" lon="-117.76615">
        <ele>148.8</ele>
        <time>2026-05-02T17:21:44Z</time>
      </trkpt>
      <trkpt lat="33.60135" lon="-117.76616">
        <ele>149.08</ele>
        <time>2026-05-02T17:21:47Z</time>
      </trkpt>
      <trkpt lat="33.60138" lon="-117.76616">
        <ele>149.43</ele>
        <time>2026-05-02T17:21:50Z</time>
      </trkpt>
      <trkpt lat="33.60141" lon="-117.76617">
        <ele>149.86</ele>
        <time>2026-05-02T17:21:53Z</time>
      </trkpt>
      <trkpt lat="33.60144" lon="-117.76618">
        <ele>150.3</ele>
        <time>2026-05-02T17:21:57Z</time>
      </trkpt>
      <trkpt lat="33.60147" lon="-117.76619">
        <ele>150.73</ele>
        <time>2026-05-02T17:22:01Z</time>
      </trkpt>
      <trkpt lat="33.60149" lon="-117.7662">
        <ele>151.05</ele>
        <time>2026-05-02T17:22:04Z</time>
      </trkpt>
      <trkpt lat="33.60152" lon="-117.7662">
        <ele>151.38</ele>
        <time>2026-05-02T17:22:07Z</time>
      </trkpt>
      <trkpt lat="33.60155" lon="-117.7662">
        <ele>151.7</ele>
        <time>2026-05-02T17:22:10Z</time>
      </trkpt>
      <trkpt lat="33.60158" lon="-117.7662">
        <ele>152.09</ele>
        <time>2026-05-02T17:22:14Z</time>
      </trkpt>
      <trkpt lat="33.60161" lon="-117.76621">
        <ele>152.75</ele>
        <time>2026-05-02T17:22:17Z</time>
      </trkpt>
      <trkpt lat="33.60164" lon="-117.76622">
        <ele>153.3</ele>
        <time>2026-05-02T17:22:20Z</time>
      </trkpt>
      <trkpt lat="33.60167" lon="-117.76622">
        <ele>153.82</ele>
        <time>2026-05-02T17:22:23Z</time>
      </trkpt>
      <trkpt lat="33.6017" lon="-117.76621">
        <ele>153.91</ele>
        <time>2026-05-02T17:22:26Z</time>
      </trkpt>
      <trkpt lat="33.60172" lon="-117.76618">
        <ele>153.78</ele>
        <time>2026-05-02T17:22:29Z</time>
      </trkpt>
      <trkpt lat="33.60175" lon="-117.76617">
        <ele>153.93</ele>
        <time>2026-05-02T17:22:32Z</time>
      </trkpt>
      <trkpt lat="33.60178" lon="-117.76615">
        <ele>154.13</ele>
        <time>2026-05-02T17:22:35Z</time>
      </trkpt>
      <trkpt lat="33.60181" lon="-117.76613">
        <ele>154.44</ele>
        <time>2026-05-02T17:22:38Z</time>
      </trkpt>
      <trkpt lat="33.60184" lon="-117.76611">
        <ele>154.85</ele>
        <time>2026-05-02T17:22:41Z</time>
      </trkpt>
      <trkpt lat="33.60186" lon="-117.76609">
        <ele>154.65</ele>
        <time>2026-05-02T17:22:44Z</time>
      </trkpt>
      <trkpt lat="33.60189" lon="-117.76607">
        <ele>154.71</ele>
        <time>2026-05-02T17:22:47Z</time>
      </trkpt>
      <trkpt lat="33.60191" lon="-117.76606">
        <ele>154.87</ele>
        <time>2026-05-02T17:22:50Z</time>
      </trkpt>
      <trkpt lat="33.60194" lon="-117.76605">
        <ele>155.26</ele>
        <time>2026-05-02T17:22:53Z</time>
      </trkpt>
      <trkpt lat="33.60197" lon="-117.76604">
        <ele>155.93</ele>
        <time>2026-05-02T17:22:57Z</time>
      </trkpt>
      <trkpt lat="33.602" lon="-117.76606">
        <ele>156.71</ele>
        <time>2026-05-02T17:23:00Z</time>
      </trkpt>
      <trkpt lat="33.60202" lon="-117.76609">
        <ele>156.96</ele>
        <time>2026-05-02T17:23:02Z</time>
      </trkpt>
      <trkpt lat="33.60205" lon="-117.76611">
        <ele>157.29</ele>
        <time>2026-05-02T17:23:05Z</time>
      </trkpt>
      <trkpt lat="33.60207" lon="-117.76612">
        <ele>157.52</ele>
        <time>2026-05-02T17:23:08Z</time>
      </trkpt>
      <trkpt lat="33.6021" lon="-117.76613">
        <ele>157.95</ele>
        <time>2026-05-02T17:23:11Z</time>
      </trkpt>
      <trkpt lat="33.60213" lon="-117.76614">
        <ele>158.38</ele>
        <time>2026-05-02T17:23:14Z</time>
      </trkpt>
      <trkpt lat="33.60216" lon="-117.76615">
        <ele>158.3</ele>
        <time>2026-05-02T17:23:17Z</time>
      </trkpt>
      <trkpt lat="33.60218" lon="-117.76616">
        <ele>158.23</ele>
        <time>2026-05-02T17:23:20Z</time>
      </trkpt>
      <trkpt lat="33.60221" lon="-117.76618">
        <ele>158.16</ele>
        <time>2026-05-02T17:23:23Z</time>
      </trkpt>
      <trkpt lat="33.60222" lon="-117.76621">
        <ele>157.97</ele>
        <time>2026-05-02T17:23:26Z</time>
      </trkpt>
      <trkpt lat="33.60222" lon="-117.76625">
        <ele>157.95</ele>
        <time>2026-05-02T17:23:28Z</time>
      </trkpt>
      <trkpt lat="33.60221" lon="-117.76629">
        <ele>157.62</ele>
        <time>2026-05-02T17:23:31Z</time>
      </trkpt>
      <trkpt lat="33.60221" lon="-117.76633">
        <ele>157.24</ele>
        <time>2026-05-02T17:23:34Z</time>
      </trkpt>
      <trkpt lat="33.60221" lon="-117.76637">
        <ele>156.81</ele>
        <time>2026-05-02T17:23:37Z</time>
      </trkpt>
      <trkpt lat="33.60221" lon="-117.76641">
        <ele>156.15</ele>
        <time>2026-05-02T17:23:40Z</time>
      </trkpt>
      <trkpt lat="33.60224" lon="-117.76644">
        <ele>156.39</ele>
        <time>2026-05-02T17:23:43Z</time>
      </trkpt>
      <trkpt lat="33.60226" lon="-117.76647">
        <ele>156.42</ele>
        <time>2026-05-02T17:23:46Z</time>
      </trkpt>
      <trkpt lat="33.60229" lon="-117.76649">
        <ele>157.1</ele>
        <time>2026-05-02T17:23:49Z</time>
      </trkpt>
      <trkpt lat="33.60232" lon="-117.76649">
        <ele>157.97</ele>
        <time>2026-05-02T17:23:53Z</time>
      </trkpt>
      <trkpt lat="33.60235" lon="-117.7665">
        <ele>158.33</ele>
        <time>2026-05-02T17:23:57Z</time>
      </trkpt>
      <trkpt lat="33.60237" lon="-117.76652">
        <ele>158.68</ele>
        <time>2026-05-02T17:24:00Z</time>
      </trkpt>
      <trkpt lat="33.60239" lon="-117.76654">
        <ele>159.21</ele>
        <time>2026-05-02T17:24:03Z</time>
      </trkpt>
      <trkpt lat="33.60242" lon="-117.76656">
        <ele>159.69</ele>
        <time>2026-05-02T17:24:07Z</time>
      </trkpt>
      <trkpt lat="33.60244" lon="-117.76659">
        <ele>159.77</ele>
        <time>2026-05-02T17:24:10Z</time>
      </trkpt>
      <trkpt lat="33.60246" lon="-117.76661">
        <ele>159.87</ele>
        <time>2026-05-02T17:24:13Z</time>
      </trkpt>
      <trkpt lat="33.60247" lon="-117.76664">
        <ele>160.29</ele>
        <time>2026-05-02T17:24:16Z</time>
      </trkpt>
      <trkpt lat="33.6025" lon="-117.76667">
        <ele>161.0</ele>
        <time>2026-05-02T17:24:19Z</time>
      </trkpt>
      <trkpt lat="33.60252" lon="-117.7667">
        <ele>160.65</ele>
        <time>2026-05-02T17:24:22Z</time>
      </trkpt>
      <trkpt lat="33.60254" lon="-117.76673">
        <ele>160.43</ele>
        <time>2026-05-02T17:24:25Z</time>
      </trkpt>
      <trkpt lat="33.60256" lon="-117.76675">
        <ele>160.29</ele>
        <time>2026-05-02T17:24:28Z</time>
      </trkpt>
      <trkpt lat="33.60258" lon="-117.76678">
        <ele>160.33</ele>
        <time>2026-05-02T17:24:31Z</time>
      </trkpt>
      <trkpt lat="33.60261" lon="-117.76681">
        <ele>160.28</ele>
        <time>2026-05-02T17:24:34Z</time>
      </trkpt>
      <trkpt lat="33.60264" lon="-117.76684">
        <ele>160.29</ele>
        <time>2026-05-02T17:24:37Z</time>
      </trkpt>
      <trkpt lat="33.60267" lon="-117.76686">
        <ele>160.15</ele>
        <time>2026-05-02T17:24:39Z</time>
      </trkpt>
      <trkpt lat="33.60269" lon="-117.76688">
        <ele>159.96</ele>
        <time>2026-05-02T17:24:41Z</time>
      </trkpt>
      <trkpt lat="33.60271" lon="-117.7669">
        <ele>159.87</ele>
        <time>2026-05-02T17:24:43Z</time>
      </trkpt>
      <trkpt lat="33.60274" lon="-117.76691">
        <ele>159.78</ele>
        <time>2026-05-02T17:24:45Z</time>
      </trkpt>
      <trkpt lat="33.60277" lon="-117.76694">
        <ele>159.96</ele>
        <time>2026-05-02T17:24:48Z</time>
      </trkpt>
      <trkpt lat="33.6028" lon="-117.76697">
        <ele>160.28</ele>
        <time>2026-05-02T17:24:51Z</time>
      </trkpt>
      <trkpt lat="33.60282" lon="-117.76699">
        <ele>160.49</ele>
        <time>2026-05-02T17:24:54Z</time>
      </trkpt>
      <trkpt lat="33.60284" lon="-117.76702">
        <ele>160.82</ele>
        <time>2026-05-02T17:24:57Z</time>
      </trkpt>
      <trkpt lat="33.60286" lon="-117.76704">
        <ele>161.0</ele>
        <time>2026-05-02T17:25:00Z</time>
      </trkpt>
      <trkpt lat="33.60288" lon="-117.76707">
        <ele>161.04</ele>
        <time>2026-05-02T17:25:03Z</time>
      </trkpt>
      <trkpt lat="33.60289" lon="-117.7671">
        <ele>161.14</ele>
        <time>2026-05-02T17:25:06Z</time>
      </trkpt>
      <trkpt lat="33.60292" lon="-117.76712">
        <ele>161.48</ele>
        <time>2026-05-02T17:25:09Z</time>
      </trkpt>
      <trkpt lat="33.60295" lon="-117.76713">
        <ele>161.86</ele>
        <time>2026-05-02T17:25:12Z</time>
      </trkpt>
      <trkpt lat="33.60298" lon="-117.76714">
        <ele>162.02</ele>
        <time>2026-05-02T17:25:15Z</time>
      </trkpt>
      <trkpt lat="33.60301" lon="-117.76716">
        <ele>162.17</ele>
        <time>2026-05-02T17:25:18Z</time>
      </trkpt>
      <trkpt lat="33.60303" lon="-117.76719">
        <ele>162.47</ele>
        <time>2026-05-02T17:25:21Z</time>
      </trkpt>
      <trkpt lat="33.60305" lon="-117.76722">
        <ele>162.92</ele>
        <time>2026-05-02T17:25:24Z</time>
      </trkpt>
      <trkpt lat="33.60307" lon="-117.76725">
        <ele>163.05</ele>
        <time>2026-05-02T17:25:27Z</time>
      </trkpt>
      <trkpt lat="33.60309" lon="-117.76728">
        <ele>163.23</ele>
        <time>2026-05-02T17:25:30Z</time>
      </trkpt>
      <trkpt lat="33.6031" lon="-117.76731">
        <ele>163.46</ele>
        <time>2026-05-02T17:25:34Z</time>
      </trkpt>
      <trkpt lat="33.60312" lon="-117.76736">
        <ele>163.89</ele>
        <time>2026-05-02T17:25:38Z</time>
      </trkpt>
      <trkpt lat="33.60313" lon="-117.76739">
        <ele>164.3</ele>
        <time>2026-05-02T17:25:41Z</time>
      </trkpt>
      <trkpt lat="33.60314" lon="-117.76742">
        <ele>164.72</ele>
        <time>2026-05-02T17:25:45Z</time>
      </trkpt>
      <trkpt lat="33.60317" lon="-117.76746">
        <ele>165.37</ele>
        <time>2026-05-02T17:25:49Z</time>
      </trkpt>
      <trkpt lat="33.60319" lon="-117.76749">
        <ele>165.86</ele>
        <time>2026-05-02T17:25:53Z</time>
      </trkpt>
      <trkpt lat="33.60321" lon="-117.76752">
        <ele>166.34</ele>
        <time>2026-05-02T17:25:57Z</time>
      </trkpt>
      <trkpt lat="33.60324" lon="-117.76754">
        <ele>166.98</ele>
        <time>2026-05-02T17:26:02Z</time>
      </trkpt>
      <trkpt lat="33.60327" lon="-117.76756">
        <ele>167.2</ele>
        <time>2026-05-02T17:26:06Z</time>
      </trkpt>
      <trkpt lat="33.6033" lon="-117.76759">
        <ele>167.62</ele>
        <time>2026-05-02T17:26:09Z</time>
      </trkpt>
      <trkpt lat="33.60332" lon="-117.76761">
        <ele>167.83</ele>
        <time>2026-05-02T17:26:12Z</time>
      </trkpt>
      <trkpt lat="33.60333" lon="-117.76765">
        <ele>167.94</ele>
        <time>2026-05-02T17:26:16Z</time>
      </trkpt>
      <trkpt lat="33.60333" lon="-117.76768">
        <ele>167.93</ele>
        <time>2026-05-02T17:26:23Z</time>
      </trkpt>
      <trkpt lat="33.60336" lon="-117.76768">
        <ele>167.98</ele>
        <time>2026-05-02T17:26:58Z</time>
      </trkpt>
      <trkpt lat="33.60339" lon="-117.7677">
        <ele>167.94</ele>
        <time>2026-05-02T17:27:01Z</time>
      </trkpt>
      <trkpt lat="33.60341" lon="-117.76772">
        <ele>167.94</ele>
        <time>2026-05-02T17:27:03Z</time>
      </trkpt>
      <trkpt lat="33.60343" lon="-117.76776">
        <ele>167.99</ele>
        <time>2026-05-02T17:27:05Z</time>
      </trkpt>
      <trkpt lat="33.60345" lon="-117.76779">
        <ele>168.03</ele>
        <time>2026-05-02T17:27:07Z</time>
      </trkpt>
      <trkpt lat="33.60348" lon="-117.76782">
        <ele>168.27</ele>
        <time>2026-05-02T17:27:10Z</time>
      </trkpt>
      <trkpt lat="33.60351" lon="-117.76785">
        <ele>168.71</ele>
        <time>2026-05-02T17:27:13Z</time>
      </trkpt>
      <trkpt lat="33.60353" lon="-117.76787">
        <ele>169.0</ele>
        <time>2026-05-02T17:27:16Z</time>
      </trkpt>
      <trkpt lat="33.60356" lon="-117.76789">
        <ele>168.77</ele>
        <time>2026-05-02T17:27:19Z</time>
      </trkpt>
      <trkpt lat="33.60359" lon="-117.76791">
        <ele>168.8</ele>
        <time>2026-05-02T17:27:22Z</time>
      </trkpt>
      <trkpt lat="33.60361" lon="-117.76794">
        <ele>168.98</ele>
        <time>2026-05-02T17:27:25Z</time>
      </trkpt>
      <trkpt lat="33.60364" lon="-117.76795">
        <ele>169.27</ele>
        <time>2026-05-02T17:27:28Z</time>
      </trkpt>
      <trkpt lat="33.60367" lon="-117.76796">
        <ele>169.62</ele>
        <time>2026-05-02T17:27:31Z</time>
      </trkpt>
      <trkpt lat="33.6037" lon="-117.76796">
        <ele>169.93</ele>
        <time>2026-05-02T17:27:34Z</time>
      </trkpt>
      <trkpt lat="33.60372" lon="-117.76797">
        <ele>169.95</ele>
        <time>2026-05-02T17:27:37Z</time>
      </trkpt>
      <trkpt lat="33.60375" lon="-117.76799">
        <ele>170.0</ele>
        <time>2026-05-02T17:27:40Z</time>
      </trkpt>
      <trkpt lat="33.60377" lon="-117.768">
        <ele>170.17</ele>
        <time>2026-05-02T17:27:43Z</time>
      </trkpt>
      <trkpt lat="33.6038" lon="-117.76802">
        <ele>170.66</ele>
        <time>2026-05-02T17:27:46Z</time>
      </trkpt>
      <trkpt lat="33.60383" lon="-117.76803">
        <ele>171.09</ele>
        <time>2026-05-02T17:27:50Z</time>
      </trkpt>
      <trkpt lat="33.60386" lon="-117.76802">
        <ele>171.3</ele>
        <time>2026-05-02T17:27:54Z</time>
      </trkpt>
      <trkpt lat="33.60389" lon="-117.768">
        <ele>171.41</ele>
        <time>2026-05-02T17:27:57Z</time>
      </trkpt>
      <trkpt lat="33.60391" lon="-117.76799">
        <ele>171.43</ele>
        <time>2026-05-02T17:28:00Z</time>
      </trkpt>
      <trkpt lat="33.60395" lon="-117.76798">
        <ele>171.43</ele>
        <time>2026-05-02T17:28:04Z</time>
      </trkpt>
      <trkpt lat="33.60397" lon="-117.76798">
        <ele>171.51</ele>
        <time>2026-05-02T17:28:07Z</time>
      </trkpt>
      <trkpt lat="33.604" lon="-117.76798">
        <ele>171.92</ele>
        <time>2026-05-02T17:28:10Z</time>
      </trkpt>
      <trkpt lat="33.60403" lon="-117.76797">
        <ele>172.24</ele>
        <time>2026-05-02T17:28:13Z</time>
      </trkpt>
      <trkpt lat="33.60406" lon="-117.76796">
        <ele>172.63</ele>
        <time>2026-05-02T17:28:17Z</time>
      </trkpt>
      <trkpt lat="33.60408" lon="-117.76794">
        <ele>172.68</ele>
        <time>2026-05-02T17:28:20Z</time>
      </trkpt>
      <trkpt lat="33.60412" lon="-117.76793">
        <ele>173.6</ele>
        <time>2026-05-02T17:28:24Z</time>
      </trkpt>
      <trkpt lat="33.60414" lon="-117.76791">
        <ele>173.58</ele>
        <time>2026-05-02T17:28:28Z</time>
      </trkpt>
      <trkpt lat="33.60416" lon="-117.76788">
        <ele>173.16</ele>
        <time>2026-05-02T17:28:32Z</time>
      </trkpt>
      <trkpt lat="33.60418" lon="-117.76786">
        <ele>173.1</ele>
        <time>2026-05-02T17:28:35Z</time>
      </trkpt>
      <trkpt lat="33.60421" lon="-117.76785">
        <ele>173.74</ele>
        <time>2026-05-02T17:28:39Z</time>
      </trkpt>
      <trkpt lat="33.60422" lon="-117.76788">
        <ele>175.04</ele>
        <time>2026-05-02T17:28:43Z</time>
      </trkpt>
      <trkpt lat="33.60421" lon="-117.76792">
        <ele>176.01</ele>
        <time>2026-05-02T17:28:46Z</time>
      </trkpt>
      <trkpt lat="33.60419" lon="-117.76795">
        <ele>176.34</ele>
        <time>2026-05-02T17:28:49Z</time>
      </trkpt>
      <trkpt lat="33.60417" lon="-117.76798">
        <ele>176.48</ele>
        <time>2026-05-02T17:28:53Z</time>
      </trkpt>
      <trkpt lat="33.60416" lon="-117.76802">
        <ele>177.02</ele>
        <time>2026-05-02T17:28:56Z</time>
      </trkpt>
      <trkpt lat="33.60415" lon="-117.76806">
        <ele>177.52</ele>
        <time>2026-05-02T17:29:00Z</time>
      </trkpt>
      <trkpt lat="33.60414" lon="-117.76809">
        <ele>177.62</ele>
        <time>2026-05-02T17:29:04Z</time>
      </trkpt>
      <trkpt lat="33.60414" lon="-117.76813">
        <ele>178.17</ele>
        <time>2026-05-02T17:29:07Z</time>
      </trkpt>
      <trkpt lat="33.60412" lon="-117.76816">
        <ele>178.18</ele>
        <time>2026-05-02T17:29:11Z</time>
      </trkpt>
      <trkpt lat="33.60411" lon="-117.7682">
        <ele>178.55</ele>
        <time>2026-05-02T17:29:15Z</time>
      </trkpt>
      <trkpt lat="33.6041" lon="-117.76823">
        <ele>178.69</ele>
        <time>2026-05-02T17:29:18Z</time>
      </trkpt>
      <trkpt lat="33.60409" lon="-117.76827">
        <ele>178.83</ele>
        <time>2026-05-02T17:29:22Z</time>
      </trkpt>
      <trkpt lat="33.60411" lon="-117.7683">
        <ele>179.8</ele>
        <time>2026-05-02T17:29:26Z</time>
      </trkpt>
      <trkpt lat="33.60415" lon="-117.76829">
        <ele>180.99</ele>
        <time>2026-05-02T17:29:29Z</time>
      </trkpt>
      <trkpt lat="33.60417" lon="-117.76827">
        <ele>181.42</ele>
        <time>2026-05-02T17:29:32Z</time>
      </trkpt>
      <trkpt lat="33.60419" lon="-117.76824">
        <ele>181.74</ele>
        <time>2026-05-02T17:29:36Z</time>
      </trkpt>
      <trkpt lat="33.60421" lon="-117.76821">
        <ele>181.9</ele>
        <time>2026-05-02T17:29:40Z</time>
      </trkpt>
      <trkpt lat="33.60423" lon="-117.76818">
        <ele>182.19</ele>
        <time>2026-05-02T17:29:44Z</time>
      </trkpt>
      <trkpt lat="33.60425" lon="-117.76815">
        <ele>182.62</ele>
        <time>2026-05-02T17:29:48Z</time>
      </trkpt>
      <trkpt lat="33.60427" lon="-117.76812">
        <ele>183.01</ele>
        <time>2026-05-02T17:29:52Z</time>
      </trkpt>
      <trkpt lat="33.60429" lon="-117.76809">
        <ele>183.16</ele>
        <time>2026-05-02T17:29:56Z</time>
      </trkpt>
      <trkpt lat="33.60431" lon="-117.76806">
        <ele>183.17</ele>
        <time>2026-05-02T17:30:00Z</time>
      </trkpt>
      <trkpt lat="33.60434" lon="-117.76804">
        <ele>183.24</ele>
        <time>2026-05-02T17:30:04Z</time>
      </trkpt>
      <trkpt lat="33.60437" lon="-117.76802">
        <ele>183.32</ele>
        <time>2026-05-02T17:30:08Z</time>
      </trkpt>
      <trkpt lat="33.6044" lon="-117.76801">
        <ele>183.82</ele>
        <time>2026-05-02T17:30:12Z</time>
      </trkpt>
      <trkpt lat="33.60443" lon="-117.768">
        <ele>184.39</ele>
        <time>2026-05-02T17:30:16Z</time>
      </trkpt>
      <trkpt lat="33.60446" lon="-117.76799">
        <ele>185.04</ele>
        <time>2026-05-02T17:30:20Z</time>
      </trkpt>
      <trkpt lat="33.60449" lon="-117.76797">
        <ele>185.59</ele>
        <time>2026-05-02T17:30:24Z</time>
      </trkpt>
      <trkpt lat="33.60452" lon="-117.76796">
        <ele>186.39</ele>
        <time>2026-05-02T17:30:28Z</time>
      </trkpt>
      <trkpt lat="33.60455" lon="-117.76794">
        <ele>186.71</ele>
        <time>2026-05-02T17:30:32Z</time>
      </trkpt>
      <trkpt lat="33.60458" lon="-117.76797">
        <ele>188.0</ele>
        <time>2026-05-02T17:30:36Z</time>
      </trkpt>
      <trkpt lat="33.60459" lon="-117.76803">
        <ele>188.87</ele>
        <time>2026-05-02T17:30:38Z</time>
      </trkpt>
      <trkpt lat="33.60458" lon="-117.76807">
        <ele>189.08</ele>
        <time>2026-05-02T17:30:40Z</time>
      </trkpt>
      <trkpt lat="33.60458" lon="-117.76811">
        <ele>189.52</ele>
        <time>2026-05-02T17:30:43Z</time>
      </trkpt>
      <trkpt lat="33.60461" lon="-117.76809">
        <ele>189.95</ele>
        <time>2026-05-02T17:30:50Z</time>
      </trkpt>
      <trkpt lat="33.60462" lon="-117.76806">
        <ele>189.84</ele>
        <time>2026-05-02T17:30:52Z</time>
      </trkpt>
      <trkpt lat="33.60464" lon="-117.76803">
        <ele>189.92</ele>
        <time>2026-05-02T17:30:55Z</time>
      </trkpt>
      <trkpt lat="33.60466" lon="-117.76801">
        <ele>190.0</ele>
        <time>2026-05-02T17:30:58Z</time>
      </trkpt>
      <trkpt lat="33.60468" lon="-117.76799">
        <ele>189.99</ele>
        <time>2026-05-02T17:31:01Z</time>
      </trkpt>
      <trkpt lat="33.60471" lon="-117.76796">
        <ele>189.74</ele>
        <time>2026-05-02T17:31:05Z</time>
      </trkpt>
      <trkpt lat="33.60473" lon="-117.76794">
        <ele>189.18</ele>
        <time>2026-05-02T17:31:09Z</time>
      </trkpt>
      <trkpt lat="33.60476" lon="-117.76791">
        <ele>188.53</ele>
        <time>2026-05-02T17:31:13Z</time>
      </trkpt>
      <trkpt lat="33.60478" lon="-117.76788">
        <ele>187.66</ele>
        <time>2026-05-02T17:31:17Z</time>
      </trkpt>
      <trkpt lat="33.6048" lon="-117.76785">
        <ele>186.95</ele>
        <time>2026-05-02T17:31:21Z</time>
      </trkpt>
      <trkpt lat="33.60482" lon="-117.76782">
        <ele>186.59</ele>
        <time>2026-05-02T17:31:25Z</time>
      </trkpt>
      <trkpt lat="33.60485" lon="-117.76778">
        <ele>186.59</ele>
        <time>2026-05-02T17:31:29Z</time>
      </trkpt>
      <trkpt lat="33.60487" lon="-117.76775">
        <ele>186.78</ele>
        <time>2026-05-02T17:31:33Z</time>
      </trkpt>
      <trkpt lat="33.60489" lon="-117.76772">
        <ele>187.0</ele>
        <time>2026-05-02T17:31:37Z</time>
      </trkpt>
      <trkpt lat="33.60492" lon="-117.7677">
        <ele>187.59</ele>
        <time>2026-05-02T17:31:41Z</time>
      </trkpt>
      <trkpt lat="33.60495" lon="-117.76772">
        <ele>188.67</ele>
        <time>2026-05-02T17:31:44Z</time>
      </trkpt>
      <trkpt lat="33.60498" lon="-117.76775">
        <ele>189.97</ele>
        <time>2026-05-02T17:31:47Z</time>
      </trkpt>
      <trkpt lat="33.605" lon="-117.76777">
        <ele>190.83</ele>
        <time>2026-05-02T17:31:50Z</time>
      </trkpt>
      <trkpt lat="33.60503" lon="-117.76778">
        <ele>190.73</ele>
        <time>2026-05-02T17:31:53Z</time>
      </trkpt>
      <trkpt lat="33.60506" lon="-117.7678">
        <ele>190.99</ele>
        <time>2026-05-02T17:31:56Z</time>
      </trkpt>
      <trkpt lat="33.60508" lon="-117.76782">
        <ele>191.44</ele>
        <time>2026-05-02T17:31:59Z</time>
      </trkpt>
      <trkpt lat="33.6051" lon="-117.76784">
        <ele>191.78</ele>
        <time>2026-05-02T17:32:02Z</time>
      </trkpt>
      <trkpt lat="33.60513" lon="-117.76785">
        <ele>191.13</ele>
        <time>2026-05-02T17:32:05Z</time>
      </trkpt>
      <trkpt lat="33.60515" lon="-117.76787">
        <ele>191.13</ele>
        <time>2026-05-02T17:32:08Z</time>
      </trkpt>
      <trkpt lat="33.60518" lon="-117.76789">
        <ele>191.0</ele>
        <time>2026-05-02T17:32:11Z</time>
      </trkpt>
      <trkpt lat="33.6052" lon="-117.7679">
        <ele>190.91</ele>
        <time>2026-05-02T17:32:14Z</time>
      </trkpt>
      <trkpt lat="33.60523" lon="-117.76792">
        <ele>190.92</ele>
        <time>2026-05-02T17:32:17Z</time>
      </trkpt>
      <trkpt lat="33.60526" lon="-117.76793">
        <ele>190.44</ele>
        <time>2026-05-02T17:32:20Z</time>
      </trkpt>
      <trkpt lat="33.60529" lon="-117.76794">
        <ele>190.16</ele>
        <time>2026-05-02T17:32:23Z</time>
      </trkpt>
      <trkpt lat="33.60532" lon="-117.76794">
        <ele>189.91</ele>
        <time>2026-05-02T17:32:26Z</time>
      </trkpt>
      <trkpt lat="33.60535" lon="-117.76792">
        <ele>189.19</ele>
        <time>2026-05-02T17:32:29Z</time>
      </trkpt>
      <trkpt lat="33.60538" lon="-117.76791">
        <ele>188.96</ele>
        <time>2026-05-02T17:32:32Z</time>
      </trkpt>
      <trkpt lat="33.60541" lon="-117.7679">
        <ele>189.07</ele>
        <time>2026-05-02T17:32:35Z</time>
      </trkpt>
      <trkpt lat="33.60544" lon="-117.76788">
        <ele>188.96</ele>
        <time>2026-05-02T17:32:38Z</time>
      </trkpt>
      <trkpt lat="33.60547" lon="-117.76787">
        <ele>188.99</ele>
        <time>2026-05-02T17:32:41Z</time>
      </trkpt>
      <trkpt lat="33.6055" lon="-117.76787">
        <ele>188.99</ele>
        <time>2026-05-02T17:32:44Z</time>
      </trkpt>
      <trkpt lat="33.60554" lon="-117.76786">
        <ele>188.78</ele>
        <time>2026-05-02T17:32:47Z</time>
      </trkpt>
      <trkpt lat="33.60558" lon="-117.76786">
        <ele>188.81</ele>
        <time>2026-05-02T17:32:50Z</time>
      </trkpt>
      <trkpt lat="33.60561" lon="-117.76785">
        <ele>188.69</ele>
        <time>2026-05-02T17:32:54Z</time>
      </trkpt>
      <trkpt lat="33.60564" lon="-117.76782">
        <ele>188.41</ele>
        <time>2026-05-02T17:32:59Z</time>
      </trkpt>
      <trkpt lat="33.60567" lon="-117.7678">
        <ele>188.12</ele>
        <time>2026-05-02T17:33:03Z</time>
      </trkpt>
      <trkpt lat="33.6057" lon="-117.76779">
        <ele>187.72</ele>
        <time>2026-05-02T17:33:07Z</time>
      </trkpt>
      <trkpt lat="33.60574" lon="-117.76777">
        <ele>186.76</ele>
        <time>2026-05-02T17:33:11Z</time>
      </trkpt>
      <trkpt lat="33.60577" lon="-117.76777">
        <ele>187.06</ele>
        <time>2026-05-02T17:33:14Z</time>
      </trkpt>
      <trkpt lat="33.6058" lon="-117.76776">
        <ele>187.06</ele>
        <time>2026-05-02T17:33:17Z</time>
      </trkpt>
      <trkpt lat="33.60583" lon="-117.76775">
        <ele>187.06</ele>
        <time>2026-05-02T17:33:20Z</time>
      </trkpt>
      <trkpt lat="33.60586" lon="-117.76775">
        <ele>187.1</ele>
        <time>2026-05-02T17:33:23Z</time>
      </trkpt>
      <trkpt lat="33.60588" lon="-117.76777">
        <ele>187.75</ele>
        <time>2026-05-02T17:33:26Z</time>
      </trkpt>
      <trkpt lat="33.60591" lon="-117.76778">
        <ele>188.07</ele>
        <time>2026-05-02T17:33:30Z</time>
      </trkpt>
      <trkpt lat="33.60594" lon="-117.76778">
        <ele>188.37</ele>
        <time>2026-05-02T17:33:34Z</time>
      </trkpt>
      <trkpt lat="33.60597" lon="-117.76777">
        <ele>188.7</ele>
        <time>2026-05-02T17:33:38Z</time>
      </trkpt>
      <trkpt lat="33.606" lon="-117.76776">
        <ele>189.02</ele>
        <time>2026-05-02T17:33:42Z</time>
      </trkpt>
      <trkpt lat="33.60604" lon="-117.76776">
        <ele>189.47</ele>
        <time>2026-05-02T17:33:46Z</time>
      </trkpt>
      <trkpt lat="33.60607" lon="-117.76777">
        <ele>189.79</ele>
        <time>2026-05-02T17:33:50Z</time>
      </trkpt>
      <trkpt lat="33.60611" lon="-117.76777">
        <ele>189.83</ele>
        <time>2026-05-02T17:33:54Z</time>
      </trkpt>
      <trkpt lat="33.60614" lon="-117.76776">
        <ele>189.93</ele>
        <time>2026-05-02T17:33:58Z</time>
      </trkpt>
      <trkpt lat="33.60618" lon="-117.76775">
        <ele>190.14</ele>
        <time>2026-05-02T17:34:02Z</time>
      </trkpt>
      <trkpt lat="33.6062" lon="-117.76772">
        <ele>189.71</ele>
        <time>2026-05-02T17:34:05Z</time>
      </trkpt>
      <trkpt lat="33.60622" lon="-117.76769">
        <ele>189.47</ele>
        <time>2026-05-02T17:34:07Z</time>
      </trkpt>
      <trkpt lat="33.60624" lon="-117.76765">
        <ele>188.79</ele>
        <time>2026-05-02T17:34:10Z</time>
      </trkpt>
      <trkpt lat="33.60626" lon="-117.76762">
        <ele>188.53</ele>
        <time>2026-05-02T17:34:13Z</time>
      </trkpt>
      <trkpt lat="33.60629" lon="-117.7676">
        <ele>188.96</ele>
        <time>2026-05-02T17:34:16Z</time>
      </trkpt>
      <trkpt lat="33.60631" lon="-117.76758">
        <ele>189.18</ele>
        <time>2026-05-02T17:34:19Z</time>
      </trkpt>
      <trkpt lat="33.60633" lon="-117.76755">
        <ele>189.44</ele>
        <time>2026-05-02T17:34:23Z</time>
      </trkpt>
      <trkpt lat="33.60632" lon="-117.76751">
        <ele>188.85</ele>
        <time>2026-05-02T17:34:27Z</time>
      </trkpt>
      <trkpt lat="33.60633" lon="-117.76747">
        <ele>189.09</ele>
        <time>2026-05-02T17:34:31Z</time>
      </trkpt>
      <trkpt lat="33.60635" lon="-117.76744">
        <ele>189.74</ele>
        <time>2026-05-02T17:34:34Z</time>
      </trkpt>
      <trkpt lat="33.60637" lon="-117.76742">
        <ele>190.39</ele>
        <time>2026-05-02T17:34:37Z</time>
      </trkpt>
      <trkpt lat="33.60639" lon="-117.7674">
        <ele>190.93</ele>
        <time>2026-05-02T17:34:40Z</time>
      </trkpt>
      <trkpt lat="33.60641" lon="-117.76737">
        <ele>190.73</ele>
        <time>2026-05-02T17:34:44Z</time>
      </trkpt>
      <trkpt lat="33.6064" lon="-117.76733">
        <ele>190.18</ele>
        <time>2026-05-02T17:34:49Z</time>
      </trkpt>
      <trkpt lat="33.60638" lon="-117.76731">
        <ele>189.71</ele>
        <time>2026-05-02T17:34:52Z</time>
      </trkpt>
      <trkpt lat="33.60636" lon="-117.76729">
        <ele>188.92</ele>
        <time>2026-05-02T17:34:55Z</time>
      </trkpt>
      <trkpt lat="33.60633" lon="-117.76729">
        <ele>188.36</ele>
        <time>2026-05-02T17:34:59Z</time>
      </trkpt>
      <trkpt lat="33.60632" lon="-117.76732">
        <ele>188.53</ele>
        <time>2026-05-02T17:35:01Z</time>
      </trkpt>
      <trkpt lat="33.60631" lon="-117.76735">
        <ele>188.35</ele>
        <time>2026-05-02T17:35:03Z</time>
      </trkpt>
      <trkpt lat="33.60629" lon="-117.76739">
        <ele>187.8</ele>
        <time>2026-05-02T17:35:06Z</time>
      </trkpt>
      <trkpt lat="33.60627" lon="-117.76741">
        <ele>187.16</ele>
        <time>2026-05-02T17:35:10Z</time>
      </trkpt>
      <trkpt lat="33.60626" lon="-117.76744">
        <ele>186.96</ele>
        <time>2026-05-02T17:35:14Z</time>
      </trkpt>
      <trkpt lat="33.60624" lon="-117.76747">
        <ele>186.59</ele>
        <time>2026-05-02T17:35:18Z</time>
      </trkpt>
      <trkpt lat="33.60622" lon="-117.76749">
        <ele>186.26</ele>
        <time>2026-05-02T17:35:22Z</time>
      </trkpt>
      <trkpt lat="33.6062" lon="-117.76753">
        <ele>185.93</ele>
        <time>2026-05-02T17:35:27Z</time>
      </trkpt>
      <trkpt lat="33.60618" lon="-117.76756">
        <ele>185.65</ele>
        <time>2026-05-02T17:35:32Z</time>
      </trkpt>
      <trkpt lat="33.60617" lon="-117.76759">
        <ele>185.63</ele>
        <time>2026-05-02T17:35:37Z</time>
      </trkpt>
      <trkpt lat="33.60613" lon="-117.76758">
        <ele>185.1</ele>
        <time>2026-05-02T17:35:44Z</time>
      </trkpt>
      <trkpt lat="33.60612" lon="-117.76755">
        <ele>184.68</ele>
        <time>2026-05-02T17:35:48Z</time>
      </trkpt>
      <trkpt lat="33.6061" lon="-117.76751">
        <ele>184.11</ele>
        <time>2026-05-02T17:35:53Z</time>
      </trkpt>
      <trkpt lat="33.60612" lon="-117.76748">
        <ele>183.78</ele>
        <time>2026-05-02T17:35:57Z</time>
      </trkpt>
      <trkpt lat="33.60613" lon="-117.76744">
        <ele>183.24</ele>
        <time>2026-05-02T17:36:00Z</time>
      </trkpt>
      <trkpt lat="33.60614" lon="-117.7674">
        <ele>182.94</ele>
        <time>2026-05-02T17:36:03Z</time>
      </trkpt>
      <trkpt lat="33.60615" lon="-117.76737">
        <ele>183.26</ele>
        <time>2026-05-02T17:36:06Z</time>
      </trkpt>
      <trkpt lat="33.60616" lon="-117.76733">
        <ele>183.58</ele>
        <time>2026-05-02T17:36:09Z</time>
      </trkpt>
      <trkpt lat="33.60618" lon="-117.76729">
        <ele>184.03</ele>
        <time>2026-05-02T17:36:12Z</time>
      </trkpt>
      <trkpt lat="33.60619" lon="-117.76726">
        <ele>184.05</ele>
        <time>2026-05-02T17:36:15Z</time>
      </trkpt>
      <trkpt lat="33.60621" lon="-117.76723">
        <ele>184.29</ele>
        <time>2026-05-02T17:36:18Z</time>
      </trkpt>
      <trkpt lat="33.60623" lon="-117.76721">
        <ele>184.68</ele>
        <time>2026-05-02T17:36:21Z</time>
      </trkpt>
      <trkpt lat="33.60625" lon="-117.76718">
        <ele>184.82</ele>
        <time>2026-05-02T17:36:24Z</time>
      </trkpt>
      <trkpt lat="33.60627" lon="-117.76715">
        <ele>184.81</ele>
        <time>2026-05-02T17:36:27Z</time>
      </trkpt>
      <trkpt lat="33.60629" lon="-117.76713">
        <ele>184.87</ele>
        <time>2026-05-02T17:36:30Z</time>
      </trkpt>
      <trkpt lat="33.60631" lon="-117.7671">
        <ele>184.24</ele>
        <time>2026-05-02T17:36:33Z</time>
      </trkpt>
      <trkpt lat="33.60633" lon="-117.76707">
        <ele>183.67</ele>
        <time>2026-05-02T17:36:37Z</time>
      </trkpt>
      <trkpt lat="33.60635" lon="-117.76704">
        <ele>183.24</ele>
        <time>2026-05-02T17:36:41Z</time>
      </trkpt>
      <trkpt lat="33.60634" lon="-117.76701">
        <ele>182.36</ele>
        <time>2026-05-02T17:36:51Z</time>
      </trkpt>
      <trkpt lat="33.60634" lon="-117.76698">
        <ele>181.71</ele>
        <time>2026-05-02T17:36:55Z</time>
      </trkpt>
      <trkpt lat="33.60634" lon="-117.76694">
        <ele>180.92</ele>
        <time>2026-05-02T17:36:58Z</time>
      </trkpt>
      <trkpt lat="33.60636" lon="-117.76691">
        <ele>181.26</ele>
        <time>2026-05-02T17:37:01Z</time>
      </trkpt>
      <trkpt lat="33.60637" lon="-117.76687">
        <ele>181.43</ele>
        <time>2026-05-02T17:37:04Z</time>
      </trkpt>
      <trkpt lat="33.6064" lon="-117.76684">
        <ele>182.02</ele>
        <time>2026-05-02T17:37:07Z</time>
      </trkpt>
      <trkpt lat="33.60642" lon="-117.76681">
        <ele>182.19</ele>
        <time>2026-05-02T17:37:09Z</time>
      </trkpt>
      <trkpt lat="33.60643" lon="-117.76677">
        <ele>182.34</ele>
        <time>2026-05-02T17:37:12Z</time>
      </trkpt>
      <trkpt lat="33.60643" lon="-117.76673">
        <ele>182.33</ele>
        <time>2026-05-02T17:37:14Z</time>
      </trkpt>
      <trkpt lat="33.60643" lon="-117.7667">
        <ele>182.33</ele>
        <time>2026-05-02T17:37:17Z</time>
      </trkpt>
      <trkpt lat="33.60643" lon="-117.76666">
        <ele>182.33</ele>
        <time>2026-05-02T17:37:20Z</time>
      </trkpt>
      <trkpt lat="33.60642" lon="-117.76663">
        <ele>182.01</ele>
        <time>2026-05-02T17:37:23Z</time>
      </trkpt>
      <trkpt lat="33.60641" lon="-117.76659">
        <ele>181.68</ele>
        <time>2026-05-02T17:37:26Z</time>
      </trkpt>
      <trkpt lat="33.60641" lon="-117.76656">
        <ele>181.8</ele>
        <time>2026-05-02T17:37:29Z</time>
      </trkpt>
      <trkpt lat="33.60642" lon="-117.76652">
        <ele>182.4</ele>
        <time>2026-05-02T17:37:32Z</time>
      </trkpt>
      <trkpt lat="33.60642" lon="-117.76648">
        <ele>182.66</ele>
        <time>2026-05-02T17:37:35Z</time>
      </trkpt>
      <trkpt lat="33.60644" lon="-117.76645">
        <ele>182.76</ele>
        <time>2026-05-02T17:37:38Z</time>
      </trkpt>
      <trkpt lat="33.60646" lon="-117.76642">
        <ele>182.87</ele>
        <time>2026-05-02T17:37:42Z</time>
      </trkpt>
      <trkpt lat="33.60648" lon="-117.7664">
        <ele>183.09</ele>
        <time>2026-05-02T17:37:46Z</time>
      </trkpt>
      <trkpt lat="33.6065" lon="-117.76642">
        <ele>183.47</ele>
        <time>2026-05-02T17:37:51Z</time>
      </trkpt>
      <trkpt lat="33.60652" lon="-117.76641">
        <ele>183.55</ele>
        <time>2026-05-02T17:37:58Z</time>
      </trkpt>
      <trkpt lat="33.60654" lon="-117.76637">
        <ele>183.3</ele>
        <time>2026-05-02T17:38:03Z</time>
      </trkpt>
      <trkpt lat="33.60652" lon="-117.76635">
        <ele>182.82</ele>
        <time>2026-05-02T17:38:14Z</time>
      </trkpt>
      <trkpt lat="33.60649" lon="-117.76634">
        <ele>182.52</ele>
        <time>2026-05-02T17:38:19Z</time>
      </trkpt>
      <trkpt lat="33.60646" lon="-117.76633">
        <ele>181.9</ele>
        <time>2026-05-02T17:38:24Z</time>
      </trkpt>
      <trkpt lat="33.60643" lon="-117.76633">
        <ele>181.25</ele>
        <time>2026-05-02T17:38:28Z</time>
      </trkpt>
      <trkpt lat="33.6064" lon="-117.76632">
        <ele>180.5</ele>
        <time>2026-05-02T17:38:32Z</time>
      </trkpt>
      <trkpt lat="33.60637" lon="-117.76633">
        <ele>179.96</ele>
        <time>2026-05-02T17:38:38Z</time>
      </trkpt>
      <trkpt lat="33.60634" lon="-117.76633">
        <ele>179.31</ele>
        <time>2026-05-02T17:38:45Z</time>
      </trkpt>
      <trkpt lat="33.60631" lon="-117.76634">
        <ele>178.77</ele>
        <time>2026-05-02T17:38:51Z</time>
      </trkpt>
      <trkpt lat="33.60629" lon="-117.76631">
        <ele>177.94</ele>
        <time>2026-05-02T17:38:56Z</time>
      </trkpt>
      <trkpt lat="33.60628" lon="-117.76627">
        <ele>177.24</ele>
        <time>2026-05-02T17:38:59Z</time>
      </trkpt>
      <trkpt lat="33.60628" lon="-117.76623">
        <ele>176.88</ele>
        <time>2026-05-02T17:39:02Z</time>
      </trkpt>
      <trkpt lat="33.6063" lon="-117.76619">
        <ele>176.93</ele>
        <time>2026-05-02T17:39:05Z</time>
      </trkpt>
      <trkpt lat="33.60632" lon="-117.76616">
        <ele>177.04</ele>
        <time>2026-05-02T17:39:08Z</time>
      </trkpt>
      <trkpt lat="33.6063" lon="-117.76612">
        <ele>176.18</ele>
        <time>2026-05-02T17:39:12Z</time>
      </trkpt>
      <trkpt lat="33.60628" lon="-117.7661">
        <ele>175.37</ele>
        <time>2026-05-02T17:39:15Z</time>
      </trkpt>
      <trkpt lat="33.60626" lon="-117.76607">
        <ele>174.55</ele>
        <time>2026-05-02T17:39:18Z</time>
      </trkpt>
      <trkpt lat="33.60625" lon="-117.76603">
        <ele>174.06</ele>
        <time>2026-05-02T17:39:21Z</time>
      </trkpt>
      <trkpt lat="33.60625" lon="-117.766">
        <ele>173.8</ele>
        <time>2026-05-02T17:39:24Z</time>
      </trkpt>
      <trkpt lat="33.60627" lon="-117.76596">
        <ele>173.8</ele>
        <time>2026-05-02T17:39:27Z</time>
      </trkpt>
      <trkpt lat="33.6063" lon="-117.76594">
        <ele>174.16</ele>
        <time>2026-05-02T17:39:29Z</time>
      </trkpt>
      <trkpt lat="33.60633" lon="-117.76593">
        <ele>174.06</ele>
        <time>2026-05-02T17:39:31Z</time>
      </trkpt>
      <trkpt lat="33.60635" lon="-117.76591">
        <ele>173.48</ele>
        <time>2026-05-02T17:39:33Z</time>
      </trkpt>
      <trkpt lat="33.60638" lon="-117.7659">
        <ele>173.16</ele>
        <time>2026-05-02T17:39:36Z</time>
      </trkpt>
      <trkpt lat="33.60641" lon="-117.76592">
        <ele>173.59</ele>
        <time>2026-05-02T17:39:43Z</time>
      </trkpt>
      <trkpt lat="33.60643" lon="-117.76594">
        <ele>173.93</ele>
        <time>2026-05-02T17:39:46Z</time>
      </trkpt>
      <trkpt lat="33.60646" lon="-117.76594">
        <ele>173.65</ele>
        <time>2026-05-02T17:39:50Z</time>
      </trkpt>
      <trkpt lat="33.60649" lon="-117.76593">
        <ele>173.04</ele>
        <time>2026-05-02T17:39:54Z</time>
      </trkpt>
      <trkpt lat="33.60647" lon="-117.7659">
        <ele>172.53</ele>
        <time>2026-05-02T17:40:00Z</time>
      </trkpt>
      <trkpt lat="33.60645" lon="-117.76588">
        <ele>172.18</ele>
        <time>2026-05-02T17:40:02Z</time>
      </trkpt>
      <trkpt lat="33.60642" lon="-117.76585">
        <ele>171.48</ele>
        <time>2026-05-02T17:40:04Z</time>
      </trkpt>
      <trkpt lat="33.6064" lon="-117.76583">
        <ele>170.93</ele>
        <time>2026-05-02T17:40:06Z</time>
      </trkpt>
      <trkpt lat="33.60636" lon="-117.76581">
        <ele>170.5</ele>
        <time>2026-05-02T17:40:09Z</time>
      </trkpt>
      <trkpt lat="33.60632" lon="-117.7658">
        <ele>170.28</ele>
        <time>2026-05-02T17:40:12Z</time>
      </trkpt>
      <trkpt lat="33.60628" lon="-117.7658">
        <ele>170.1</ele>
        <time>2026-05-02T17:40:15Z</time>
      </trkpt>
      <trkpt lat="33.60624" lon="-117.76581">
        <ele>169.89</ele>
        <time>2026-05-02T17:40:18Z</time>
      </trkpt>
      <trkpt lat="33.6062" lon="-117.7658">
        <ele>169.24</ele>
        <time>2026-05-02T17:40:21Z</time>
      </trkpt>
      <trkpt lat="33.60617" lon="-117.7658">
        <ele>168.92</ele>
        <time>2026-05-02T17:40:24Z</time>
      </trkpt>
      <trkpt lat="33.60613" lon="-117.76581">
        <ele>168.7</ele>
        <time>2026-05-02T17:40:27Z</time>
      </trkpt>
      <trkpt lat="33.6061" lon="-117.76581">
        <ele>168.26</ele>
        <time>2026-05-02T17:40:30Z</time>
      </trkpt>
      <trkpt lat="33.60607" lon="-117.76581">
        <ele>167.61</ele>
        <time>2026-05-02T17:40:34Z</time>
      </trkpt>
      <trkpt lat="33.60609" lon="-117.76579">
        <ele>167.61</ele>
        <time>2026-05-02T17:40:39Z</time>
      </trkpt>
      <trkpt lat="33.60612" lon="-117.76577">
        <ele>167.73</ele>
        <time>2026-05-02T17:40:42Z</time>
      </trkpt>
      <trkpt lat="33.60615" lon="-117.76575">
        <ele>167.62</ele>
        <time>2026-05-02T17:40:44Z</time>
      </trkpt>
      <trkpt lat="33.60619" lon="-117.76573">
        <ele>167.62</ele>
        <time>2026-05-02T17:40:46Z</time>
      </trkpt>
      <trkpt lat="33.60621" lon="-117.76571">
        <ele>167.38</ele>
        <time>2026-05-02T17:40:48Z</time>
      </trkpt>
      <trkpt lat="33.60624" lon="-117.76568">
        <ele>166.82</ele>
        <time>2026-05-02T17:40:51Z</time>
      </trkpt>
      <trkpt lat="33.60627" lon="-117.76566">
        <ele>166.35</ele>
        <time>2026-05-02T17:40:54Z</time>
      </trkpt>
      <trkpt lat="33.6063" lon="-117.76565">
        <ele>166.1</ele>
        <time>2026-05-02T17:40:57Z</time>
      </trkpt>
      <trkpt lat="33.60633" lon="-117.76564">
        <ele>166.16</ele>
        <time>2026-05-02T17:41:00Z</time>
      </trkpt>
      <trkpt lat="33.60636" lon="-117.76563">
        <ele>166.16</ele>
        <time>2026-05-02T17:41:03Z</time>
      </trkpt>
      <trkpt lat="33.60639" lon="-117.76562">
        <ele>166.09</ele>
        <time>2026-05-02T17:41:06Z</time>
      </trkpt>
      <trkpt lat="33.60641" lon="-117.76561">
        <ele>165.86</ele>
        <time>2026-05-02T17:41:09Z</time>
      </trkpt>
      <trkpt lat="33.60644" lon="-117.7656">
        <ele>165.73</ele>
        <time>2026-05-02T17:41:12Z</time>
      </trkpt>
      <trkpt lat="33.60646" lon="-117.76558">
        <ele>165.36</ele>
        <time>2026-05-02T17:41:15Z</time>
      </trkpt>
      <trkpt lat="33.60649" lon="-117.76557">
        <ele>165.22</ele>
        <time>2026-05-02T17:41:18Z</time>
      </trkpt>
      <trkpt lat="33.60652" lon="-117.76556">
        <ele>164.68</ele>
        <time>2026-05-02T17:41:21Z</time>
      </trkpt>
      <trkpt lat="33.60655" lon="-117.76555">
        <ele>164.12</ele>
        <time>2026-05-02T17:41:25Z</time>
      </trkpt>
      <trkpt lat="33.60656" lon="-117.76552">
        <ele>163.33</ele>
        <time>2026-05-02T17:41:33Z</time>
      </trkpt>
      <trkpt lat="33.60653" lon="-117.76551">
        <ele>163.26</ele>
        <time>2026-05-02T17:41:38Z</time>
      </trkpt>
      <trkpt lat="33.6065" lon="-117.7655">
        <ele>163.12</ele>
        <time>2026-05-02T17:41:41Z</time>
      </trkpt>
      <trkpt lat="33.60646" lon="-117.76549">
        <ele>162.81</ele>
        <time>2026-05-02T17:41:44Z</time>
      </trkpt>
      <trkpt lat="33.60643" lon="-117.76548">
        <ele>162.45</ele>
        <time>2026-05-02T17:41:47Z</time>
      </trkpt>
      <trkpt lat="33.6064" lon="-117.76547">
        <ele>162.16</ele>
        <time>2026-05-02T17:41:50Z</time>
      </trkpt>
      <trkpt lat="33.60637" lon="-117.76546">
        <ele>161.94</ele>
        <time>2026-05-02T17:41:53Z</time>
      </trkpt>
      <trkpt lat="33.60635" lon="-117.76546">
        <ele>161.94</ele>
        <time>2026-05-02T17:41:56Z</time>
      </trkpt>
      <trkpt lat="33.60632" lon="-117.76545">
        <ele>161.72</ele>
        <time>2026-05-02T17:41:59Z</time>
      </trkpt>
      <trkpt lat="33.60629" lon="-117.76544">
        <ele>161.5</ele>
        <time>2026-05-02T17:42:02Z</time>
      </trkpt>
      <trkpt lat="33.60626" lon="-117.76543">
        <ele>161.29</ele>
        <time>2026-05-02T17:42:05Z</time>
      </trkpt>
      <trkpt lat="33.60623" lon="-117.76543">
        <ele>161.29</ele>
        <time>2026-05-02T17:42:08Z</time>
      </trkpt>
      <trkpt lat="33.6062" lon="-117.76542">
        <ele>161.03</ele>
        <time>2026-05-02T17:42:11Z</time>
      </trkpt>
      <trkpt lat="33.60617" lon="-117.76545">
        <ele>161.36</ele>
        <time>2026-05-02T17:42:14Z</time>
      </trkpt>
      <trkpt lat="33.60614" lon="-117.76548">
        <ele>161.62</ele>
        <time>2026-05-02T17:42:16Z</time>
      </trkpt>
      <trkpt lat="33.60611" lon="-117.7655">
        <ele>161.79</ele>
        <time>2026-05-02T17:42:19Z</time>
      </trkpt>
      <trkpt lat="33.60608" lon="-117.76549">
        <ele>161.25</ele>
        <time>2026-05-02T17:42:22Z</time>
      </trkpt>
      <trkpt lat="33.60607" lon="-117.76546">
        <ele>160.49</ele>
        <time>2026-05-02T17:42:25Z</time>
      </trkpt>
      <trkpt lat="33.60608" lon="-117.76542">
        <ele>159.74</ele>
        <time>2026-05-02T17:42:28Z</time>
      </trkpt>
      <trkpt lat="33.6061" lon="-117.76539">
        <ele>159.3</ele>
        <time>2026-05-02T17:42:31Z</time>
      </trkpt>
      <trkpt lat="33.60611" lon="-117.76536">
        <ele>158.76</ele>
        <time>2026-05-02T17:42:34Z</time>
      </trkpt>
      <trkpt lat="33.60613" lon="-117.76534">
        <ele>158.55</ele>
        <time>2026-05-02T17:42:37Z</time>
      </trkpt>
      <trkpt lat="33.60615" lon="-117.76531">
        <ele>158.12</ele>
        <time>2026-05-02T17:42:40Z</time>
      </trkpt>
      <trkpt lat="33.60617" lon="-117.76529">
        <ele>157.9</ele>
        <time>2026-05-02T17:42:43Z</time>
      </trkpt>
      <trkpt lat="33.6062" lon="-117.76527">
        <ele>157.71</ele>
        <time>2026-05-02T17:42:46Z</time>
      </trkpt>
      <trkpt lat="33.60622" lon="-117.76525">
        <ele>157.15</ele>
        <time>2026-05-02T17:42:49Z</time>
      </trkpt>
      <trkpt lat="33.60625" lon="-117.76523">
        <ele>156.71</ele>
        <time>2026-05-02T17:42:52Z</time>
      </trkpt>
      <trkpt lat="33.60629" lon="-117.76521">
        <ele>156.49</ele>
        <time>2026-05-02T17:42:55Z</time>
      </trkpt>
      <trkpt lat="33.60632" lon="-117.76519">
        <ele>156.1</ele>
        <time>2026-05-02T17:42:58Z</time>
      </trkpt>
      <trkpt lat="33.60635" lon="-117.76518">
        <ele>155.92</ele>
        <time>2026-05-02T17:43:01Z</time>
      </trkpt>
      <trkpt lat="33.60638" lon="-117.76518">
        <ele>155.94</ele>
        <time>2026-05-02T17:43:04Z</time>
      </trkpt>
      <trkpt lat="33.60641" lon="-117.76519">
        <ele>156.1</ele>
        <time>2026-05-02T17:43:07Z</time>
      </trkpt>
      <trkpt lat="33.60644" lon="-117.76519">
        <ele>156.1</ele>
        <time>2026-05-02T17:43:11Z</time>
      </trkpt>
      <trkpt lat="33.60647" lon="-117.76517">
        <ele>155.69</ele>
        <time>2026-05-02T17:43:15Z</time>
      </trkpt>
      <trkpt lat="33.60651" lon="-117.76517">
        <ele>155.36</ele>
        <time>2026-05-02T17:43:19Z</time>
      </trkpt>
      <trkpt lat="33.60654" lon="-117.76516">
        <ele>154.82</ele>
        <time>2026-05-02T17:43:24Z</time>
      </trkpt>
      <trkpt lat="33.60652" lon="-117.76513">
        <ele>154.39</ele>
        <time>2026-05-02T17:43:30Z</time>
      </trkpt>
      <trkpt lat="33.6065" lon="-117.76511">
        <ele>154.18</ele>
        <time>2026-05-02T17:43:34Z</time>
      </trkpt>
      <trkpt lat="33.60648" lon="-117.76508">
        <ele>153.88</ele>
        <time>2026-05-02T17:43:36Z</time>
      </trkpt>
      <trkpt lat="33.60646" lon="-117.76505">
        <ele>153.67</ele>
        <time>2026-05-02T17:43:38Z</time>
      </trkpt>
      <trkpt lat="33.60645" lon="-117.76501">
        <ele>153.14</ele>
        <time>2026-05-02T17:43:41Z</time>
      </trkpt>
      <trkpt lat="33.60644" lon="-117.76497">
        <ele>152.5</ele>
        <time>2026-05-02T17:43:44Z</time>
      </trkpt>
      <trkpt lat="33.60643" lon="-117.76494">
        <ele>152.06</ele>
        <time>2026-05-02T17:43:47Z</time>
      </trkpt>
      <trkpt lat="33.60641" lon="-117.76491">
        <ele>151.81</ele>
        <time>2026-05-02T17:43:50Z</time>
      </trkpt>
      <trkpt lat="33.60639" lon="-117.76488">
        <ele>151.4</ele>
        <time>2026-05-02T17:43:53Z</time>
      </trkpt>
      <trkpt lat="33.60637" lon="-117.76486">
        <ele>150.88</ele>
        <time>2026-05-02T17:43:56Z</time>
      </trkpt>
      <trkpt lat="33.60634" lon="-117.76484">
        <ele>150.4</ele>
        <time>2026-05-02T17:43:59Z</time>
      </trkpt>
      <trkpt lat="33.60632" lon="-117.76481">
        <ele>149.91</ele>
        <time>2026-05-02T17:44:02Z</time>
      </trkpt>
      <trkpt lat="33.60631" lon="-117.76478">
        <ele>149.3</ele>
        <time>2026-05-02T17:44:05Z</time>
      </trkpt>
      <trkpt lat="33.6063" lon="-117.76474">
        <ele>148.42</ele>
        <time>2026-05-02T17:44:09Z</time>
      </trkpt>
      <trkpt lat="33.60631" lon="-117.7647">
        <ele>147.91</ele>
        <time>2026-05-02T17:44:13Z</time>
      </trkpt>
      <trkpt lat="33.60632" lon="-117.76466">
        <ele>147.58</ele>
        <time>2026-05-02T17:44:17Z</time>
      </trkpt>
      <trkpt lat="33.60632" lon="-117.76462">
        <ele>147.15</ele>
        <time>2026-05-02T17:44:21Z</time>
      </trkpt>
      <trkpt lat="33.60632" lon="-117.76458">
        <ele>146.72</ele>
        <time>2026-05-02T17:44:25Z</time>
      </trkpt>
      <trkpt lat="33.60633" lon="-117.76454">
        <ele>146.4</ele>
        <time>2026-05-02T17:44:29Z</time>
      </trkpt>
      <trkpt lat="33.60633" lon="-117.7645">
        <ele>145.96</ele>
        <time>2026-05-02T17:44:32Z</time>
      </trkpt>
      <trkpt lat="33.60633" lon="-117.76446">
        <ele>145.53</ele>
        <time>2026-05-02T17:44:36Z</time>
      </trkpt>
      <trkpt lat="33.60634" lon="-117.76443">
        <ele>145.39</ele>
        <time>2026-05-02T17:44:39Z</time>
      </trkpt>
      <trkpt lat="33.60635" lon="-117.76439">
        <ele>145.33</ele>
        <time>2026-05-02T17:44:42Z</time>
      </trkpt>
      <trkpt lat="33.60636" lon="-117.76436">
        <ele>145.4</ele>
        <time>2026-05-02T17:44:45Z</time>
      </trkpt>
      <trkpt lat="33.60637" lon="-117.76433">
        <ele>145.4</ele>
        <time>2026-05-02T17:44:48Z</time>
      </trkpt>
      <trkpt lat="33.60638" lon="-117.76428">
        <ele>145.11</ele>
        <time>2026-05-02T17:44:51Z</time>
      </trkpt>
      <trkpt lat="33.60639" lon="-117.76425">
        <ele>144.99</ele>
        <time>2026-05-02T17:44:53Z</time>
      </trkpt>
      <trkpt lat="33.60639" lon="-117.76421">
        <ele>144.99</ele>
        <time>2026-05-02T17:44:55Z</time>
      </trkpt>
      <trkpt lat="33.6064" lon="-117.76417">
        <ele>144.88</ele>
        <time>2026-05-02T17:44:58Z</time>
      </trkpt>
      <trkpt lat="33.6064" lon="-117.76413">
        <ele>144.88</ele>
        <time>2026-05-02T17:45:01Z</time>
      </trkpt>
      <trkpt lat="33.60639" lon="-117.76409">
        <ele>144.99</ele>
        <time>2026-05-02T17:45:04Z</time>
      </trkpt>
      <trkpt lat="33.60637" lon="-117.76406">
        <ele>145.0</ele>
        <time>2026-05-02T17:45:06Z</time>
      </trkpt>
      <trkpt lat="33.60635" lon="-117.76403">
        <ele>145.0</ele>
        <time>2026-05-02T17:45:08Z</time>
      </trkpt>
      <trkpt lat="33.60634" lon="-117.76398">
        <ele>145.0</ele>
        <time>2026-05-02T17:45:11Z</time>
      </trkpt>
      <trkpt lat="33.60633" lon="-117.76394">
        <ele>145.0</ele>
        <time>2026-05-02T17:45:14Z</time>
      </trkpt>
      <trkpt lat="33.60631" lon="-117.7639">
        <ele>145.0</ele>
        <time>2026-05-02T17:45:17Z</time>
      </trkpt>
      <trkpt lat="33.60628" lon="-117.76387">
        <ele>144.68</ele>
        <time>2026-05-02T17:45:20Z</time>
      </trkpt>
      <trkpt lat="33.60626" lon="-117.76384">
        <ele>144.42</ele>
        <time>2026-05-02T17:45:23Z</time>
      </trkpt>
      <trkpt lat="33.60625" lon="-117.7638">
        <ele>144.48</ele>
        <time>2026-05-02T17:45:26Z</time>
      </trkpt>
      <trkpt lat="33.60624" lon="-117.76376">
        <ele>144.24</ele>
        <time>2026-05-02T17:45:29Z</time>
      </trkpt>
      <trkpt lat="33.60623" lon="-117.76373">
        <ele>144.08</ele>
        <time>2026-05-02T17:45:32Z</time>
      </trkpt>
      <trkpt lat="33.60621" lon="-117.7637">
        <ele>143.96</ele>
        <time>2026-05-02T17:45:35Z</time>
      </trkpt>
      <trkpt lat="33.60618" lon="-117.76368">
        <ele>143.11</ele>
        <time>2026-05-02T17:45:38Z</time>
      </trkpt>
      <trkpt lat="33.60616" lon="-117.76365">
        <ele>142.55</ele>
        <time>2026-05-02T17:45:41Z</time>
      </trkpt>
      <trkpt lat="33.60616" lon="-117.76361">
        <ele>142.52</ele>
        <time>2026-05-02T17:45:45Z</time>
      </trkpt>
      <trkpt lat="33.60619" lon="-117.76361">
        <ele>142.85</ele>
        <time>2026-05-02T17:45:50Z</time>
      </trkpt>
      <trkpt lat="33.6062" lon="-117.76358">
        <ele>142.95</ele>
        <time>2026-05-02T17:45:56Z</time>
      </trkpt>
      <trkpt lat="33.6062" lon="-117.76355">
        <ele>142.93</ele>
        <time>2026-05-02T17:46:00Z</time>
      </trkpt>
      <trkpt lat="33.6062" lon="-117.7635">
        <ele>142.73</ele>
        <time>2026-05-02T17:46:04Z</time>
      </trkpt>
      <trkpt lat="33.60621" lon="-117.76347">
        <ele>142.48</ele>
        <time>2026-05-02T17:46:06Z</time>
      </trkpt>
      <trkpt lat="33.60621" lon="-117.76343">
        <ele>142.04</ele>
        <time>2026-05-02T17:46:08Z</time>
      </trkpt>
      <trkpt lat="33.60621" lon="-117.76339">
        <ele>141.97</ele>
        <time>2026-05-02T17:46:10Z</time>
      </trkpt>
      <trkpt lat="33.60623" lon="-117.76336">
        <ele>141.8</ele>
        <time>2026-05-02T17:46:13Z</time>
      </trkpt>
      <trkpt lat="33.60626" lon="-117.76335">
        <ele>141.5</ele>
        <time>2026-05-02T17:46:15Z</time>
      </trkpt>
      <trkpt lat="33.60631" lon="-117.76337">
        <ele>141.25</ele>
        <time>2026-05-02T17:46:17Z</time>
      </trkpt>
      <trkpt lat="33.60634" lon="-117.76339">
        <ele>141.14</ele>
        <time>2026-05-02T17:46:19Z</time>
      </trkpt>
      <trkpt lat="33.60637" lon="-117.76341">
        <ele>141.03</ele>
        <time>2026-05-02T17:46:21Z</time>
      </trkpt>
      <trkpt lat="33.6064" lon="-117.76343">
        <ele>140.8</ele>
        <time>2026-05-02T17:46:24Z</time>
      </trkpt>
      <trkpt lat="33.60643" lon="-117.76345">
        <ele>140.37</ele>
        <time>2026-05-02T17:46:27Z</time>
      </trkpt>
      <trkpt lat="33.60646" lon="-117.76346">
        <ele>139.83</ele>
        <time>2026-05-02T17:46:30Z</time>
      </trkpt>
      <trkpt lat="33.60649" lon="-117.76347">
        <ele>139.25</ele>
        <time>2026-05-02T17:46:33Z</time>
      </trkpt>
      <trkpt lat="33.60651" lon="-117.76345">
        <ele>138.56</ele>
        <time>2026-05-02T17:46:36Z</time>
      </trkpt>
      <trkpt lat="33.60652" lon="-117.76341">
        <ele>138.0</ele>
        <time>2026-05-02T17:46:39Z</time>
      </trkpt>
      <trkpt lat="33.6065" lon="-117.76338">
        <ele>138.1</ele>
        <time>2026-05-02T17:46:41Z</time>
      </trkpt>
      <trkpt lat="33.60646" lon="-117.76335">
        <ele>138.64</ele>
        <time>2026-05-02T17:46:43Z</time>
      </trkpt>
      <trkpt lat="33.60643" lon="-117.76334">
        <ele>139.18</ele>
        <time>2026-05-02T17:46:44Z</time>
      </trkpt>
      <trkpt lat="33.6064" lon="-117.76331">
        <ele>139.51</ele>
        <time>2026-05-02T17:46:46Z</time>
      </trkpt>
      <trkpt lat="33.60638" lon="-117.76328">
        <ele>139.58</ele>
        <time>2026-05-02T17:46:48Z</time>
      </trkpt>
      <trkpt lat="33.60637" lon="-117.76324">
        <ele>139.4</ele>
        <time>2026-05-02T17:46:51Z</time>
      </trkpt>
      <trkpt lat="33.60637" lon="-117.7632">
        <ele>138.97</ele>
        <time>2026-05-02T17:46:54Z</time>
      </trkpt>
      <trkpt lat="33.60637" lon="-117.76316">
        <ele>138.54</ele>
        <time>2026-05-02T17:46:57Z</time>
      </trkpt>
      <trkpt lat="33.60636" lon="-117.76311">
        <ele>138.08</ele>
        <time>2026-05-02T17:47:00Z</time>
      </trkpt>
      <trkpt lat="33.60636" lon="-117.76307">
        <ele>137.52</ele>
        <time>2026-05-02T17:47:03Z</time>
      </trkpt>
      <trkpt lat="33.60635" lon="-117.76304">
        <ele>137.25</ele>
        <time>2026-05-02T17:47:06Z</time>
      </trkpt>
      <trkpt lat="33.60634" lon="-117.76301">
        <ele>137.04</ele>
        <time>2026-05-02T17:47:10Z</time>
      </trkpt>
      <trkpt lat="33.60637" lon="-117.76298">
        <ele>136.39</ele>
        <time>2026-05-02T17:47:15Z</time>
      </trkpt>
      <trkpt lat="33.6064" lon="-117.76299">
        <ele>136.05</ele>
        <time>2026-05-02T17:47:18Z</time>
      </trkpt>
      <trkpt lat="33.60643" lon="-117.76301">
        <ele>135.62</ele>
        <time>2026-05-02T17:47:21Z</time>
      </trkpt>
      <trkpt lat="33.60645" lon="-117.76304">
        <ele>135.51</ele>
        <time>2026-05-02T17:47:24Z</time>
      </trkpt>
      <trkpt lat="33.60647" lon="-117.76307">
        <ele>135.4</ele>
        <time>2026-05-02T17:47:26Z</time>
      </trkpt>
      <trkpt lat="33.60648" lon="-117.76311">
        <ele>135.62</ele>
        <time>2026-05-02T17:47:28Z</time>
      </trkpt>
      <trkpt lat="33.6065" lon="-117.76314">
        <ele>135.51</ele>
        <time>2026-05-02T17:47:30Z</time>
      </trkpt>
      <trkpt lat="33.60652" lon="-117.76317">
        <ele>135.31</ele>
        <time>2026-05-02T17:47:32Z</time>
      </trkpt>
      <trkpt lat="33.60654" lon="-117.76319">
        <ele>134.9</ele>
        <time>2026-05-02T17:47:34Z</time>
      </trkpt>
      <trkpt lat="33.60656" lon="-117.76322">
        <ele>134.42</ele>
        <time>2026-05-02T17:47:36Z</time>
      </trkpt>
      <trkpt lat="33.60657" lon="-117.76324">
        <ele>134.13</ele>
        <time>2026-05-02T17:47:38Z</time>
      </trkpt>
      <trkpt lat="33.6066" lon="-117.76328">
        <ele>134.17</ele>
        <time>2026-05-02T17:47:41Z</time>
      </trkpt>
      <trkpt lat="33.60662" lon="-117.76331">
        <ele>134.13</ele>
        <time>2026-05-02T17:47:44Z</time>
      </trkpt>
      <trkpt lat="33.60665" lon="-117.76334">
        <ele>133.61</ele>
        <time>2026-05-02T17:47:47Z</time>
      </trkpt>
      <trkpt lat="33.60667" lon="-117.76338">
        <ele>133.43</ele>
        <time>2026-05-02T17:47:50Z</time>
      </trkpt>
      <trkpt lat="33.60669" lon="-117.76342">
        <ele>133.43</ele>
        <time>2026-05-02T17:47:53Z</time>
      </trkpt>
      <trkpt lat="33.60671" lon="-117.76345">
        <ele>133.32</ele>
        <time>2026-05-02T17:47:56Z</time>
      </trkpt>
      <trkpt lat="33.60674" lon="-117.76345">
        <ele>132.68</ele>
        <time>2026-05-02T17:48:00Z</time>
      </trkpt>
      <trkpt lat="33.60676" lon="-117.76341">
        <ele>131.81</ele>
        <time>2026-05-02T17:48:03Z</time>
      </trkpt>
      <trkpt lat="33.60678" lon="-117.76338">
        <ele>131.06</ele>
        <time>2026-05-02T17:48:05Z</time>
      </trkpt>
      <trkpt lat="33.60679" lon="-117.76335">
        <ele>130.52</ele>
        <time>2026-05-02T17:48:07Z</time>
      </trkpt>
      <trkpt lat="33.60679" lon="-117.76331">
        <ele>130.08</ele>
        <time>2026-05-02T17:48:10Z</time>
      </trkpt>
      <trkpt lat="33.60677" lon="-117.76328">
        <ele>130.19</ele>
        <time>2026-05-02T17:48:13Z</time>
      </trkpt>
      <trkpt lat="33.60675" lon="-117.76325">
        <ele>130.3</ele>
        <time>2026-05-02T17:48:16Z</time>
      </trkpt>
      <trkpt lat="33.60674" lon="-117.76321">
        <ele>130.08</ele>
        <time>2026-05-02T17:48:20Z</time>
      </trkpt>
      <trkpt lat="33.60673" lon="-117.76317">
        <ele>129.87</ele>
        <time>2026-05-02T17:48:24Z</time>
      </trkpt>
      <trkpt lat="33.60673" lon="-117.76313">
        <ele>129.5</ele>
        <time>2026-05-02T17:48:28Z</time>
      </trkpt>
      <trkpt lat="33.60676" lon="-117.76315">
        <ele>129.0</ele>
        <time>2026-05-02T17:48:34Z</time>
      </trkpt>
      <trkpt lat="33.60678" lon="-117.76318">
        <ele>128.9</ele>
        <time>2026-05-02T17:48:37Z</time>
      </trkpt>
      <trkpt lat="33.60682" lon="-117.76319">
        <ele>128.14</ele>
        <time>2026-05-02T17:48:39Z</time>
      </trkpt>
      <trkpt lat="33.60686" lon="-117.76321">
        <ele>127.49</ele>
        <time>2026-05-02T17:48:41Z</time>
      </trkpt>
      <trkpt lat="33.60689" lon="-117.76322">
        <ele>126.95</ele>
        <time>2026-05-02T17:48:43Z</time>
      </trkpt>
      <trkpt lat="33.60692" lon="-117.76323">
        <ele>126.41</ele>
        <time>2026-05-02T17:48:45Z</time>
      </trkpt>
      <trkpt lat="33.60694" lon="-117.76326">
        <ele>126.3</ele>
        <time>2026-05-02T17:48:48Z</time>
      </trkpt>
      <trkpt lat="33.60697" lon="-117.76329">
        <ele>125.98</ele>
        <time>2026-05-02T17:48:51Z</time>
      </trkpt>
      <trkpt lat="33.60699" lon="-117.76332">
        <ele>125.87</ele>
        <time>2026-05-02T17:48:54Z</time>
      </trkpt>
      <trkpt lat="33.60701" lon="-117.76335">
        <ele>125.89</ele>
        <time>2026-05-02T17:48:57Z</time>
      </trkpt>
      <trkpt lat="33.60702" lon="-117.76338">
        <ele>126.28</ele>
        <time>2026-05-02T17:49:00Z</time>
      </trkpt>
      <trkpt lat="33.60704" lon="-117.76342">
        <ele>126.81</ele>
        <time>2026-05-02T17:49:03Z</time>
      </trkpt>
      <trkpt lat="33.60706" lon="-117.76345">
        <ele>126.76</ele>
        <time>2026-05-02T17:49:06Z</time>
      </trkpt>
      <trkpt lat="33.60708" lon="-117.76347">
        <ele>126.55</ele>
        <time>2026-05-02T17:49:09Z</time>
      </trkpt>
      <trkpt lat="33.60711" lon="-117.76349">
        <ele>126.12</ele>
        <time>2026-05-02T17:49:12Z</time>
      </trkpt>
      <trkpt lat="33.60713" lon="-117.7635">
        <ele>125.8</ele>
        <time>2026-05-02T17:49:15Z</time>
      </trkpt>
      <trkpt lat="33.60716" lon="-117.76352">
        <ele>125.69</ele>
        <time>2026-05-02T17:49:18Z</time>
      </trkpt>
      <trkpt lat="33.60719" lon="-117.76353">
        <ele>125.47</ele>
        <time>2026-05-02T17:49:21Z</time>
      </trkpt>
      <trkpt lat="33.60722" lon="-117.76354">
        <ele>125.26</ele>
        <time>2026-05-02T17:49:24Z</time>
      </trkpt>
      <trkpt lat="33.60725" lon="-117.76353">
        <ele>125.12</ele>
        <time>2026-05-02T17:49:27Z</time>
      </trkpt>
      <trkpt lat="33.60728" lon="-117.76355">
        <ele>125.34</ele>
        <time>2026-05-02T17:49:30Z</time>
      </trkpt>
      <trkpt lat="33.6073" lon="-117.76355">
        <ele>125.34</ele>
        <time>2026-05-02T17:49:33Z</time>
      </trkpt>
      <trkpt lat="33.60733" lon="-117.76356">
        <ele>125.61</ele>
        <time>2026-05-02T17:49:36Z</time>
      </trkpt>
      <trkpt lat="33.60736" lon="-117.76357">
        <ele>126.04</ele>
        <time>2026-05-02T17:49:39Z</time>
      </trkpt>
      <trkpt lat="33.60739" lon="-117.76358">
        <ele>126.48</ele>
        <time>2026-05-02T17:49:42Z</time>
      </trkpt>
      <trkpt lat="33.60741" lon="-117.7636">
        <ele>126.82</ele>
        <time>2026-05-02T17:49:45Z</time>
      </trkpt>
      <trkpt lat="33.60744" lon="-117.76361">
        <ele>126.28</ele>
        <time>2026-05-02T17:49:48Z</time>
      </trkpt>
      <trkpt lat="33.60747" lon="-117.76361">
        <ele>125.64</ele>
        <time>2026-05-02T17:49:51Z</time>
      </trkpt>
      <trkpt lat="33.6075" lon="-117.76361">
        <ele>124.99</ele>
        <time>2026-05-02T17:49:54Z</time>
      </trkpt>
      <trkpt lat="33.60753" lon="-117.76359">
        <ele>124.77</ele>
        <time>2026-05-02T17:49:57Z</time>
      </trkpt>
      <trkpt lat="33.60755" lon="-117.76355">
        <ele>124.34</ele>
        <time>2026-05-02T17:49:59Z</time>
      </trkpt>
      <trkpt lat="33.60756" lon="-117.76353">
        <ele>124.12</ele>
        <time>2026-05-02T17:50:01Z</time>
      </trkpt>
      <trkpt lat="33.60759" lon="-117.76349">
        <ele>123.39</ele>
        <time>2026-05-02T17:50:04Z</time>
      </trkpt>
      <trkpt lat="33.60762" lon="-117.76346">
        <ele>122.92</ele>
        <time>2026-05-02T17:50:07Z</time>
      </trkpt>
      <trkpt lat="33.60764" lon="-117.76343">
        <ele>122.58</ele>
        <time>2026-05-02T17:50:10Z</time>
      </trkpt>
      <trkpt lat="33.60765" lon="-117.7634">
        <ele>122.45</ele>
        <time>2026-05-02T17:50:14Z</time>
      </trkpt>
      <trkpt lat="33.60767" lon="-117.76336">
        <ele>122.24</ele>
        <time>2026-05-02T17:50:17Z</time>
      </trkpt>
      <trkpt lat="33.60769" lon="-117.76333">
        <ele>122.0</ele>
        <time>2026-05-02T17:50:20Z</time>
      </trkpt>
      <trkpt lat="33.60771" lon="-117.76331">
        <ele>122.0</ele>
        <time>2026-05-02T17:50:22Z</time>
      </trkpt>
      <trkpt lat="33.60774" lon="-117.76329">
        <ele>122.0</ele>
        <time>2026-05-02T17:50:24Z</time>
      </trkpt>
      <trkpt lat="33.60776" lon="-117.76327">
        <ele>122.0</ele>
        <time>2026-05-02T17:50:26Z</time>
      </trkpt>
      <trkpt lat="33.60779" lon="-117.76326">
        <ele>122.03</ele>
        <time>2026-05-02T17:50:28Z</time>
      </trkpt>
      <trkpt lat="33.60789" lon="-117.76339">
        <ele>123.48</ele>
        <time>2026-05-02T17:50:36Z</time>
      </trkpt>
    </trkseg>
  </trk>
</gpx>
