<?xml version="1.0"?>
<gpx xmlns="http://www.topografix.com/GPX/1/1" xmlns:xsi="http://www.w3.org/2001/XMLSchema-instance" version="1.1" creator="AllTrails.com" xsi:schemaLocation="http://www.topografix.com/GPX/1/1 http://www.topografix.com/GPX/1/1/gpx.xsd">
  <metadata>
    <name><![CDATA[Big Bend Loop 2]]></name>
    <desc><![CDATA[]]></desc>
    <link href="http://www.alltrails.com">
      <text>AllTrails, LLC</text>
    </link>
    <bounds minlat="33.56327" minlon="-117.78216" maxlat="33.59489" maxlon="-117.76175"/>
  </metadata>
  <trk>
    <name><![CDATA[Big Bend Loop 2]]></name>
    <src>AllTrails</src>
    <trkseg>
      <trkpt lat="33.57941" lon="-117.76238">
        <ele>67.89</ele>
        <time>2026-07-12T15:07:32Z</time>
      </trkpt>
      <trkpt lat="33.57942" lon="-117.76242">
        <ele>68.0</ele>
        <time>2026-07-12T15:07:44Z</time>
      </trkpt>
      <trkpt lat="33.57939" lon="-117.76241">
        <ele>68.0</ele>
        <time>2026-07-12T15:07:52Z</time>
      </trkpt>
      <trkpt lat="33.57935" lon="-117.76241">
        <ele>67.98</ele>
        <time>2026-07-12T15:07:56Z</time>
      </trkpt>
      <trkpt lat="33.57924" lon="-117.76242">
        <ele>67.0</ele>
        <time>2026-07-12T15:08:05Z</time>
      </trkpt>
      <trkpt lat="33.57921" lon="-117.76242">
        <ele>67.0</ele>
        <time>2026-07-12T15:08:07Z</time>
      </trkpt>
      <trkpt lat="33.57917" lon="-117.76244">
        <ele>67.0</ele>
        <time>2026-07-12T15:08:10Z</time>
      </trkpt>
      <trkpt lat="33.57914" lon="-117.76245">
        <ele>67.0</ele>
        <time>2026-07-12T15:08:13Z</time>
      </trkpt>
      <trkpt lat="33.5791" lon="-117.76246">
        <ele>67.0</ele>
        <time>2026-07-12T15:08:16Z</time>
      </trkpt>
      <trkpt lat="33.57907" lon="-117.76247">
        <ele>67.01</ele>
        <time>2026-07-12T15:08:19Z</time>
      </trkpt>
      <trkpt lat="33.57903" lon="-117.76248">
        <ele>67.1</ele>
        <time>2026-07-12T15:08:22Z</time>
      </trkpt>
      <trkpt lat="33.579" lon="-117.76249">
        <ele>67.09</ele>
        <time>2026-07-12T15:08:25Z</time>
      </trkpt>
      <trkpt lat="33.57896" lon="-117.7625">
        <ele>66.77</ele>
        <time>2026-07-12T15:08:28Z</time>
      </trkpt>
      <trkpt lat="33.57898" lon="-117.76247">
        <ele>67.3</ele>
        <time>2026-07-12T15:08:43Z</time>
      </trkpt>
      <trkpt lat="33.57895" lon="-117.76247">
        <ele>66.87</ele>
        <time>2026-07-12T15:08:46Z</time>
      </trkpt>
      <trkpt lat="33.57892" lon="-117.76248">
        <ele>66.41</ele>
        <time>2026-07-12T15:08:49Z</time>
      </trkpt>
      <trkpt lat="33.57888" lon="-117.76248">
        <ele>66.0</ele>
        <time>2026-07-12T15:08:52Z</time>
      </trkpt>
      <trkpt lat="33.57885" lon="-117.7625">
        <ele>66.0</ele>
        <time>2026-07-12T15:08:55Z</time>
      </trkpt>
      <trkpt lat="33.57881" lon="-117.7625">
        <ele>66.0</ele>
        <time>2026-07-12T15:08:58Z</time>
      </trkpt>
      <trkpt lat="33.57877" lon="-117.76249">
        <ele>66.0</ele>
        <time>2026-07-12T15:09:01Z</time>
      </trkpt>
      <trkpt lat="33.57874" lon="-117.76249">
        <ele>66.0</ele>
        <time>2026-07-12T15:09:04Z</time>
      </trkpt>
      <trkpt lat="33.5787" lon="-117.76249">
        <ele>66.0</ele>
        <time>2026-07-12T15:09:07Z</time>
      </trkpt>
      <trkpt lat="33.57867" lon="-117.76249">
        <ele>66.0</ele>
        <time>2026-07-12T15:09:10Z</time>
      </trkpt>
      <trkpt lat="33.57863" lon="-117.76249">
        <ele>66.0</ele>
        <time>2026-07-12T15:09:13Z</time>
      </trkpt>
      <trkpt lat="33.5786" lon="-117.7625">
        <ele>66.0</ele>
        <time>2026-07-12T15:09:16Z</time>
      </trkpt>
      <trkpt lat="33.57856" lon="-117.7625">
        <ele>66.0</ele>
        <time>2026-07-12T15:09:19Z</time>
      </trkpt>
      <trkpt lat="33.57852" lon="-117.76251">
        <ele>65.89</ele>
        <time>2026-07-12T15:09:22Z</time>
      </trkpt>
      <trkpt lat="33.57848" lon="-117.76251">
        <ele>65.57</ele>
        <time>2026-07-12T15:09:25Z</time>
      </trkpt>
      <trkpt lat="33.57844" lon="-117.76252">
        <ele>65.3</ele>
        <time>2026-07-12T15:09:28Z</time>
      </trkpt>
      <trkpt lat="33.5784" lon="-117.76253">
        <ele>65.23</ele>
        <time>2026-07-12T15:09:31Z</time>
      </trkpt>
      <trkpt lat="33.57837" lon="-117.76253">
        <ele>65.13</ele>
        <time>2026-07-12T15:09:34Z</time>
      </trkpt>
      <trkpt lat="33.57833" lon="-117.76254">
        <ele>65.0</ele>
        <time>2026-07-12T15:09:37Z</time>
      </trkpt>
      <trkpt lat="33.57829" lon="-117.76255">
        <ele>65.0</ele>
        <time>2026-07-12T15:09:40Z</time>
      </trkpt>
      <trkpt lat="33.57826" lon="-117.76256">
        <ele>65.0</ele>
        <time>2026-07-12T15:09:43Z</time>
      </trkpt>
      <trkpt lat="33.57822" lon="-117.76257">
        <ele>65.0</ele>
        <time>2026-07-12T15:09:46Z</time>
      </trkpt>
      <trkpt lat="33.57818" lon="-117.76258">
        <ele>65.0</ele>
        <time>2026-07-12T15:09:49Z</time>
      </trkpt>
      <trkpt lat="33.57815" lon="-117.76259">
        <ele>65.0</ele>
        <time>2026-07-12T15:09:52Z</time>
      </trkpt>
      <trkpt lat="33.57811" lon="-117.76259">
        <ele>65.0</ele>
        <time>2026-07-12T15:09:55Z</time>
      </trkpt>
      <trkpt lat="33.57808" lon="-117.7626">
        <ele>65.0</ele>
        <time>2026-07-12T15:09:58Z</time>
      </trkpt>
      <trkpt lat="33.57805" lon="-117.76261">
        <ele>65.0</ele>
        <time>2026-07-12T15:10:05Z</time>
      </trkpt>
      <trkpt lat="33.57802" lon="-117.76262">
        <ele>65.0</ele>
        <time>2026-07-12T15:10:09Z</time>
      </trkpt>
      <trkpt lat="33.57799" lon="-117.76263">
        <ele>65.0</ele>
        <time>2026-07-12T15:10:12Z</time>
      </trkpt>
      <trkpt lat="33.57796" lon="-117.76264">
        <ele>65.0</ele>
        <time>2026-07-12T15:10:16Z</time>
      </trkpt>
      <trkpt lat="33.57794" lon="-117.76265">
        <ele>65.0</ele>
        <time>2026-07-12T15:10:22Z</time>
      </trkpt>
      <trkpt lat="33.57791" lon="-117.76266">
        <ele>65.0</ele>
        <time>2026-07-12T15:10:26Z</time>
      </trkpt>
      <trkpt lat="33.57788" lon="-117.76266">
        <ele>65.0</ele>
        <time>2026-07-12T15:10:29Z</time>
      </trkpt>
      <trkpt lat="33.57785" lon="-117.76267">
        <ele>65.0</ele>
        <time>2026-07-12T15:10:32Z</time>
      </trkpt>
      <trkpt lat="33.57781" lon="-117.76268">
        <ele>65.0</ele>
        <time>2026-07-12T15:10:35Z</time>
      </trkpt>
      <trkpt lat="33.57778" lon="-117.76268">
        <ele>65.0</ele>
        <time>2026-07-12T15:10:37Z</time>
      </trkpt>
      <trkpt lat="33.57774" lon="-117.76269">
        <ele>65.02</ele>
        <time>2026-07-12T15:10:39Z</time>
      </trkpt>
      <trkpt lat="33.5777" lon="-117.76269">
        <ele>65.04</ele>
        <time>2026-07-12T15:10:41Z</time>
      </trkpt>
      <trkpt lat="33.57767" lon="-117.7627">
        <ele>65.16</ele>
        <time>2026-07-12T15:10:43Z</time>
      </trkpt>
      <trkpt lat="33.57764" lon="-117.7627">
        <ele>65.16</ele>
        <time>2026-07-12T15:10:45Z</time>
      </trkpt>
      <trkpt lat="33.57761" lon="-117.76271">
        <ele>65.27</ele>
        <time>2026-07-12T15:10:48Z</time>
      </trkpt>
      <trkpt lat="33.57758" lon="-117.76272">
        <ele>65.38</ele>
        <time>2026-07-12T15:10:51Z</time>
      </trkpt>
      <trkpt lat="33.57754" lon="-117.76273">
        <ele>65.48</ele>
        <time>2026-07-12T15:10:54Z</time>
      </trkpt>
      <trkpt lat="33.57751" lon="-117.76273">
        <ele>65.48</ele>
        <time>2026-07-12T15:10:57Z</time>
      </trkpt>
      <trkpt lat="33.57748" lon="-117.76274">
        <ele>65.59</ele>
        <time>2026-07-12T15:11:00Z</time>
      </trkpt>
      <trkpt lat="33.57744" lon="-117.76275">
        <ele>65.7</ele>
        <time>2026-07-12T15:11:03Z</time>
      </trkpt>
      <trkpt lat="33.57741" lon="-117.76277">
        <ele>65.92</ele>
        <time>2026-07-12T15:11:06Z</time>
      </trkpt>
      <trkpt lat="33.5774" lon="-117.76281">
        <ele>66.0</ele>
        <time>2026-07-12T15:11:08Z</time>
      </trkpt>
      <trkpt lat="33.57738" lon="-117.76285">
        <ele>66.0</ele>
        <time>2026-07-12T15:11:10Z</time>
      </trkpt>
      <trkpt lat="33.57736" lon="-117.76287">
        <ele>66.0</ele>
        <time>2026-07-12T15:11:12Z</time>
      </trkpt>
      <trkpt lat="33.57734" lon="-117.76291">
        <ele>66.0</ele>
        <time>2026-07-12T15:11:15Z</time>
      </trkpt>
      <trkpt lat="33.57731" lon="-117.76294">
        <ele>65.99</ele>
        <time>2026-07-12T15:11:18Z</time>
      </trkpt>
      <trkpt lat="33.57728" lon="-117.76297">
        <ele>66.0</ele>
        <time>2026-07-12T15:11:21Z</time>
      </trkpt>
      <trkpt lat="33.57724" lon="-117.76299">
        <ele>66.0</ele>
        <time>2026-07-12T15:11:24Z</time>
      </trkpt>
      <trkpt lat="33.57721" lon="-117.763">
        <ele>65.92</ele>
        <time>2026-07-12T15:11:27Z</time>
      </trkpt>
      <trkpt lat="33.57717" lon="-117.76301">
        <ele>65.72</ele>
        <time>2026-07-12T15:11:30Z</time>
      </trkpt>
      <trkpt lat="33.57715" lon="-117.76301">
        <ele>65.62</ele>
        <time>2026-07-12T15:11:32Z</time>
      </trkpt>
      <trkpt lat="33.57712" lon="-117.76302">
        <ele>65.55</ele>
        <time>2026-07-12T15:11:34Z</time>
      </trkpt>
      <trkpt lat="33.57709" lon="-117.76302">
        <ele>65.35</ele>
        <time>2026-07-12T15:11:36Z</time>
      </trkpt>
      <trkpt lat="33.57706" lon="-117.76302">
        <ele>65.15</ele>
        <time>2026-07-12T15:11:38Z</time>
      </trkpt>
      <trkpt lat="33.57703" lon="-117.76303">
        <ele>65.06</ele>
        <time>2026-07-12T15:11:41Z</time>
      </trkpt>
      <trkpt lat="33.57699" lon="-117.76303">
        <ele>65.37</ele>
        <time>2026-07-12T15:11:44Z</time>
      </trkpt>
      <trkpt lat="33.57695" lon="-117.76302">
        <ele>65.58</ele>
        <time>2026-07-12T15:11:47Z</time>
      </trkpt>
      <trkpt lat="33.57693" lon="-117.76301">
        <ele>65.51</ele>
        <time>2026-07-12T15:11:49Z</time>
      </trkpt>
      <trkpt lat="33.57689" lon="-117.76299">
        <ele>65.29</ele>
        <time>2026-07-12T15:11:52Z</time>
      </trkpt>
      <trkpt lat="33.57685" lon="-117.76298">
        <ele>65.19</ele>
        <time>2026-07-12T15:11:55Z</time>
      </trkpt>
      <trkpt lat="33.57682" lon="-117.76298">
        <ele>65.25</ele>
        <time>2026-07-12T15:11:58Z</time>
      </trkpt>
      <trkpt lat="33.57678" lon="-117.76297">
        <ele>65.13</ele>
        <time>2026-07-12T15:12:01Z</time>
      </trkpt>
      <trkpt lat="33.57674" lon="-117.76296">
        <ele>64.97</ele>
        <time>2026-07-12T15:12:04Z</time>
      </trkpt>
      <trkpt lat="33.5767" lon="-117.76296">
        <ele>64.97</ele>
        <time>2026-07-12T15:12:07Z</time>
      </trkpt>
      <trkpt lat="33.57667" lon="-117.76295">
        <ele>64.86</ele>
        <time>2026-07-12T15:12:10Z</time>
      </trkpt>
      <trkpt lat="33.57663" lon="-117.76294">
        <ele>64.75</ele>
        <time>2026-07-12T15:12:13Z</time>
      </trkpt>
      <trkpt lat="33.57659" lon="-117.76294">
        <ele>64.75</ele>
        <time>2026-07-12T15:12:16Z</time>
      </trkpt>
      <trkpt lat="33.57655" lon="-117.76293">
        <ele>64.72</ele>
        <time>2026-07-12T15:12:19Z</time>
      </trkpt>
      <trkpt lat="33.57652" lon="-117.76293">
        <ele>64.81</ele>
        <time>2026-07-12T15:12:22Z</time>
      </trkpt>
      <trkpt lat="33.57648" lon="-117.76292">
        <ele>64.61</ele>
        <time>2026-07-12T15:12:25Z</time>
      </trkpt>
      <trkpt lat="33.57644" lon="-117.76293">
        <ele>64.93</ele>
        <time>2026-07-12T15:12:28Z</time>
      </trkpt>
      <trkpt lat="33.5764" lon="-117.76294">
        <ele>65.26</ele>
        <time>2026-07-12T15:12:31Z</time>
      </trkpt>
      <trkpt lat="33.57637" lon="-117.76294">
        <ele>65.21</ele>
        <time>2026-07-12T15:12:34Z</time>
      </trkpt>
      <trkpt lat="33.57633" lon="-117.76295">
        <ele>65.49</ele>
        <time>2026-07-12T15:12:37Z</time>
      </trkpt>
      <trkpt lat="33.5763" lon="-117.76295">
        <ele>65.45</ele>
        <time>2026-07-12T15:12:40Z</time>
      </trkpt>
      <trkpt lat="33.57626" lon="-117.76296">
        <ele>65.11</ele>
        <time>2026-07-12T15:12:43Z</time>
      </trkpt>
      <trkpt lat="33.57623" lon="-117.76297">
        <ele>64.95</ele>
        <time>2026-07-12T15:12:46Z</time>
      </trkpt>
      <trkpt lat="33.57619" lon="-117.76298">
        <ele>64.74</ele>
        <time>2026-07-12T15:12:49Z</time>
      </trkpt>
      <trkpt lat="33.57616" lon="-117.76299">
        <ele>64.85</ele>
        <time>2026-07-12T15:12:52Z</time>
      </trkpt>
      <trkpt lat="33.57612" lon="-117.763">
        <ele>64.73</ele>
        <time>2026-07-12T15:12:55Z</time>
      </trkpt>
      <trkpt lat="33.57609" lon="-117.763">
        <ele>64.42</ele>
        <time>2026-07-12T15:12:58Z</time>
      </trkpt>
      <trkpt lat="33.57605" lon="-117.76301">
        <ele>64.36</ele>
        <time>2026-07-12T15:13:01Z</time>
      </trkpt>
      <trkpt lat="33.57602" lon="-117.76302">
        <ele>64.25</ele>
        <time>2026-07-12T15:13:04Z</time>
      </trkpt>
      <trkpt lat="33.57598" lon="-117.76303">
        <ele>64.03</ele>
        <time>2026-07-12T15:13:07Z</time>
      </trkpt>
      <trkpt lat="33.57595" lon="-117.76304">
        <ele>63.92</ele>
        <time>2026-07-12T15:13:10Z</time>
      </trkpt>
      <trkpt lat="33.57591" lon="-117.76305">
        <ele>63.72</ele>
        <time>2026-07-12T15:13:13Z</time>
      </trkpt>
      <trkpt lat="33.57587" lon="-117.76306">
        <ele>63.44</ele>
        <time>2026-07-12T15:13:16Z</time>
      </trkpt>
      <trkpt lat="33.57584" lon="-117.76307">
        <ele>63.23</ele>
        <time>2026-07-12T15:13:19Z</time>
      </trkpt>
      <trkpt lat="33.5758" lon="-117.76309">
        <ele>63.37</ele>
        <time>2026-07-12T15:13:22Z</time>
      </trkpt>
      <trkpt lat="33.57577" lon="-117.7631">
        <ele>63.48</ele>
        <time>2026-07-12T15:13:25Z</time>
      </trkpt>
      <trkpt lat="33.57573" lon="-117.76311">
        <ele>63.54</ele>
        <time>2026-07-12T15:13:28Z</time>
      </trkpt>
      <trkpt lat="33.5757" lon="-117.76313">
        <ele>63.72</ele>
        <time>2026-07-12T15:13:31Z</time>
      </trkpt>
      <trkpt lat="33.57566" lon="-117.76314">
        <ele>63.84</ele>
        <time>2026-07-12T15:13:34Z</time>
      </trkpt>
      <trkpt lat="33.57563" lon="-117.76316">
        <ele>63.83</ele>
        <time>2026-07-12T15:13:37Z</time>
      </trkpt>
      <trkpt lat="33.57559" lon="-117.76317">
        <ele>63.52</ele>
        <time>2026-07-12T15:13:40Z</time>
      </trkpt>
      <trkpt lat="33.57556" lon="-117.76318">
        <ele>63.38</ele>
        <time>2026-07-12T15:13:43Z</time>
      </trkpt>
      <trkpt lat="33.57552" lon="-117.76319">
        <ele>63.45</ele>
        <time>2026-07-12T15:13:46Z</time>
      </trkpt>
      <trkpt lat="33.57549" lon="-117.76321">
        <ele>63.67</ele>
        <time>2026-07-12T15:13:49Z</time>
      </trkpt>
      <trkpt lat="33.57545" lon="-117.76322">
        <ele>63.64</ele>
        <time>2026-07-12T15:13:52Z</time>
      </trkpt>
      <trkpt lat="33.57542" lon="-117.76323">
        <ele>63.42</ele>
        <time>2026-07-12T15:13:55Z</time>
      </trkpt>
      <trkpt lat="33.57538" lon="-117.76324">
        <ele>63.1</ele>
        <time>2026-07-12T15:13:58Z</time>
      </trkpt>
      <trkpt lat="33.57534" lon="-117.76326">
        <ele>63.14</ele>
        <time>2026-07-12T15:14:01Z</time>
      </trkpt>
      <trkpt lat="33.57531" lon="-117.76327">
        <ele>63.11</ele>
        <time>2026-07-12T15:14:04Z</time>
      </trkpt>
      <trkpt lat="33.57527" lon="-117.76328">
        <ele>62.92</ele>
        <time>2026-07-12T15:14:07Z</time>
      </trkpt>
      <trkpt lat="33.57524" lon="-117.76329">
        <ele>62.59</ele>
        <time>2026-07-12T15:14:10Z</time>
      </trkpt>
      <trkpt lat="33.5752" lon="-117.7633">
        <ele>62.16</ele>
        <time>2026-07-12T15:14:13Z</time>
      </trkpt>
      <trkpt lat="33.57517" lon="-117.76332">
        <ele>62.0</ele>
        <time>2026-07-12T15:14:16Z</time>
      </trkpt>
      <trkpt lat="33.57513" lon="-117.76333">
        <ele>62.0</ele>
        <time>2026-07-12T15:14:19Z</time>
      </trkpt>
      <trkpt lat="33.5751" lon="-117.76334">
        <ele>62.01</ele>
        <time>2026-07-12T15:14:22Z</time>
      </trkpt>
      <trkpt lat="33.57506" lon="-117.76335">
        <ele>62.0</ele>
        <time>2026-07-12T15:14:25Z</time>
      </trkpt>
      <trkpt lat="33.57502" lon="-117.76335">
        <ele>62.0</ele>
        <time>2026-07-12T15:14:28Z</time>
      </trkpt>
      <trkpt lat="33.57499" lon="-117.76335">
        <ele>61.89</ele>
        <time>2026-07-12T15:14:31Z</time>
      </trkpt>
      <trkpt lat="33.57495" lon="-117.76336">
        <ele>61.46</ele>
        <time>2026-07-12T15:14:34Z</time>
      </trkpt>
      <trkpt lat="33.57492" lon="-117.76337">
        <ele>61.14</ele>
        <time>2026-07-12T15:14:37Z</time>
      </trkpt>
      <trkpt lat="33.57488" lon="-117.76337">
        <ele>60.82</ele>
        <time>2026-07-12T15:14:40Z</time>
      </trkpt>
      <trkpt lat="33.57485" lon="-117.76338">
        <ele>60.69</ele>
        <time>2026-07-12T15:14:43Z</time>
      </trkpt>
      <trkpt lat="33.57481" lon="-117.76338">
        <ele>60.48</ele>
        <time>2026-07-12T15:14:46Z</time>
      </trkpt>
      <trkpt lat="33.57477" lon="-117.76338">
        <ele>60.26</ele>
        <time>2026-07-12T15:14:49Z</time>
      </trkpt>
      <trkpt lat="33.57474" lon="-117.76339">
        <ele>60.12</ele>
        <time>2026-07-12T15:14:52Z</time>
      </trkpt>
      <trkpt lat="33.5747" lon="-117.76339">
        <ele>59.91</ele>
        <time>2026-07-12T15:14:55Z</time>
      </trkpt>
      <trkpt lat="33.57467" lon="-117.7634">
        <ele>59.84</ele>
        <time>2026-07-12T15:14:58Z</time>
      </trkpt>
      <trkpt lat="33.57463" lon="-117.76341">
        <ele>59.83</ele>
        <time>2026-07-12T15:15:01Z</time>
      </trkpt>
      <trkpt lat="33.57459" lon="-117.76341">
        <ele>59.83</ele>
        <time>2026-07-12T15:15:04Z</time>
      </trkpt>
      <trkpt lat="33.57456" lon="-117.76342">
        <ele>59.94</ele>
        <time>2026-07-12T15:15:07Z</time>
      </trkpt>
      <trkpt lat="33.57452" lon="-117.76343">
        <ele>59.87</ele>
        <time>2026-07-12T15:15:10Z</time>
      </trkpt>
      <trkpt lat="33.57449" lon="-117.76343">
        <ele>59.56</ele>
        <time>2026-07-12T15:15:13Z</time>
      </trkpt>
      <trkpt lat="33.57445" lon="-117.76344">
        <ele>59.35</ele>
        <time>2026-07-12T15:15:16Z</time>
      </trkpt>
      <trkpt lat="33.57441" lon="-117.76344">
        <ele>59.25</ele>
        <time>2026-07-12T15:15:19Z</time>
      </trkpt>
      <trkpt lat="33.57438" lon="-117.76345">
        <ele>59.34</ele>
        <time>2026-07-12T15:15:22Z</time>
      </trkpt>
      <trkpt lat="33.57434" lon="-117.76346">
        <ele>59.37</ele>
        <time>2026-07-12T15:15:25Z</time>
      </trkpt>
      <trkpt lat="33.5743" lon="-117.76346">
        <ele>59.37</ele>
        <time>2026-07-12T15:15:28Z</time>
      </trkpt>
      <trkpt lat="33.57427" lon="-117.76347">
        <ele>59.48</ele>
        <time>2026-07-12T15:15:31Z</time>
      </trkpt>
      <trkpt lat="33.57423" lon="-117.76348">
        <ele>59.4</ele>
        <time>2026-07-12T15:15:34Z</time>
      </trkpt>
      <trkpt lat="33.57419" lon="-117.76349">
        <ele>59.17</ele>
        <time>2026-07-12T15:15:37Z</time>
      </trkpt>
      <trkpt lat="33.57416" lon="-117.7635">
        <ele>58.99</ele>
        <time>2026-07-12T15:15:40Z</time>
      </trkpt>
      <trkpt lat="33.57412" lon="-117.7635">
        <ele>58.9</ele>
        <time>2026-07-12T15:15:43Z</time>
      </trkpt>
      <trkpt lat="33.57408" lon="-117.76351">
        <ele>58.91</ele>
        <time>2026-07-12T15:15:46Z</time>
      </trkpt>
      <trkpt lat="33.57405" lon="-117.76352">
        <ele>59.03</ele>
        <time>2026-07-12T15:15:49Z</time>
      </trkpt>
      <trkpt lat="33.57401" lon="-117.76352">
        <ele>59.02</ele>
        <time>2026-07-12T15:15:52Z</time>
      </trkpt>
      <trkpt lat="33.57397" lon="-117.76353">
        <ele>59.14</ele>
        <time>2026-07-12T15:15:55Z</time>
      </trkpt>
      <trkpt lat="33.57394" lon="-117.76354">
        <ele>59.34</ele>
        <time>2026-07-12T15:15:58Z</time>
      </trkpt>
      <trkpt lat="33.5739" lon="-117.76354">
        <ele>59.44</ele>
        <time>2026-07-12T15:16:01Z</time>
      </trkpt>
      <trkpt lat="33.57387" lon="-117.76355">
        <ele>59.61</ele>
        <time>2026-07-12T15:16:04Z</time>
      </trkpt>
      <trkpt lat="33.57383" lon="-117.76356">
        <ele>59.61</ele>
        <time>2026-07-12T15:16:07Z</time>
      </trkpt>
      <trkpt lat="33.57379" lon="-117.76356">
        <ele>59.45</ele>
        <time>2026-07-12T15:16:10Z</time>
      </trkpt>
      <trkpt lat="33.57376" lon="-117.76357">
        <ele>59.56</ele>
        <time>2026-07-12T15:16:13Z</time>
      </trkpt>
      <trkpt lat="33.57372" lon="-117.76357">
        <ele>59.56</ele>
        <time>2026-07-12T15:16:16Z</time>
      </trkpt>
      <trkpt lat="33.57369" lon="-117.76358">
        <ele>59.76</ele>
        <time>2026-07-12T15:16:19Z</time>
      </trkpt>
      <trkpt lat="33.57365" lon="-117.76358">
        <ele>60.05</ele>
        <time>2026-07-12T15:16:22Z</time>
      </trkpt>
      <trkpt lat="33.57362" lon="-117.76359">
        <ele>60.47</ele>
        <time>2026-07-12T15:16:25Z</time>
      </trkpt>
      <trkpt lat="33.57358" lon="-117.76359">
        <ele>60.28</ele>
        <time>2026-07-12T15:16:28Z</time>
      </trkpt>
      <trkpt lat="33.57355" lon="-117.76358">
        <ele>59.89</ele>
        <time>2026-07-12T15:16:31Z</time>
      </trkpt>
      <trkpt lat="33.57351" lon="-117.76356">
        <ele>59.49</ele>
        <time>2026-07-12T15:16:34Z</time>
      </trkpt>
      <trkpt lat="33.57348" lon="-117.76355">
        <ele>59.48</ele>
        <time>2026-07-12T15:16:37Z</time>
      </trkpt>
      <trkpt lat="33.57344" lon="-117.76354">
        <ele>59.43</ele>
        <time>2026-07-12T15:16:40Z</time>
      </trkpt>
      <trkpt lat="33.5734" lon="-117.76353">
        <ele>59.28</ele>
        <time>2026-07-12T15:16:43Z</time>
      </trkpt>
      <trkpt lat="33.57337" lon="-117.76352">
        <ele>59.04</ele>
        <time>2026-07-12T15:16:46Z</time>
      </trkpt>
      <trkpt lat="33.57333" lon="-117.76351">
        <ele>58.94</ele>
        <time>2026-07-12T15:16:49Z</time>
      </trkpt>
      <trkpt lat="33.5733" lon="-117.7635">
        <ele>59.09</ele>
        <time>2026-07-12T15:16:52Z</time>
      </trkpt>
      <trkpt lat="33.57326" lon="-117.7635">
        <ele>59.43</ele>
        <time>2026-07-12T15:16:55Z</time>
      </trkpt>
      <trkpt lat="33.57322" lon="-117.76351">
        <ele>59.84</ele>
        <time>2026-07-12T15:16:58Z</time>
      </trkpt>
      <trkpt lat="33.57319" lon="-117.76351">
        <ele>59.87</ele>
        <time>2026-07-12T15:17:01Z</time>
      </trkpt>
      <trkpt lat="33.57315" lon="-117.76353">
        <ele>60.12</ele>
        <time>2026-07-12T15:17:04Z</time>
      </trkpt>
      <trkpt lat="33.57312" lon="-117.76354">
        <ele>60.0</ele>
        <time>2026-07-12T15:17:07Z</time>
      </trkpt>
      <trkpt lat="33.57308" lon="-117.76356">
        <ele>60.04</ele>
        <time>2026-07-12T15:17:10Z</time>
      </trkpt>
      <trkpt lat="33.57305" lon="-117.76358">
        <ele>60.35</ele>
        <time>2026-07-12T15:17:13Z</time>
      </trkpt>
      <trkpt lat="33.57303" lon="-117.7636">
        <ele>60.79</ele>
        <time>2026-07-12T15:17:18Z</time>
      </trkpt>
      <trkpt lat="33.573" lon="-117.76361">
        <ele>60.98</ele>
        <time>2026-07-12T15:17:21Z</time>
      </trkpt>
      <trkpt lat="33.57296" lon="-117.7636">
        <ele>60.88</ele>
        <time>2026-07-12T15:17:24Z</time>
      </trkpt>
      <trkpt lat="33.57293" lon="-117.76357">
        <ele>60.56</ele>
        <time>2026-07-12T15:17:27Z</time>
      </trkpt>
      <trkpt lat="33.5729" lon="-117.76355">
        <ele>60.34</ele>
        <time>2026-07-12T15:17:29Z</time>
      </trkpt>
      <trkpt lat="33.57288" lon="-117.76352">
        <ele>60.02</ele>
        <time>2026-07-12T15:17:32Z</time>
      </trkpt>
      <trkpt lat="33.57286" lon="-117.76349">
        <ele>59.69</ele>
        <time>2026-07-12T15:17:34Z</time>
      </trkpt>
      <trkpt lat="33.57283" lon="-117.76347">
        <ele>59.48</ele>
        <time>2026-07-12T15:17:37Z</time>
      </trkpt>
      <trkpt lat="33.5728" lon="-117.76344">
        <ele>59.15</ele>
        <time>2026-07-12T15:17:40Z</time>
      </trkpt>
      <trkpt lat="33.57277" lon="-117.76341">
        <ele>58.83</ele>
        <time>2026-07-12T15:17:43Z</time>
      </trkpt>
      <trkpt lat="33.57274" lon="-117.76339">
        <ele>58.61</ele>
        <time>2026-07-12T15:17:46Z</time>
      </trkpt>
      <trkpt lat="33.57271" lon="-117.76337">
        <ele>58.4</ele>
        <time>2026-07-12T15:17:49Z</time>
      </trkpt>
      <trkpt lat="33.57268" lon="-117.76335">
        <ele>58.14</ele>
        <time>2026-07-12T15:17:52Z</time>
      </trkpt>
      <trkpt lat="33.57265" lon="-117.76333">
        <ele>57.56</ele>
        <time>2026-07-12T15:17:55Z</time>
      </trkpt>
      <trkpt lat="33.57261" lon="-117.76332">
        <ele>57.02</ele>
        <time>2026-07-12T15:17:58Z</time>
      </trkpt>
      <trkpt lat="33.57258" lon="-117.76331">
        <ele>56.85</ele>
        <time>2026-07-12T15:18:01Z</time>
      </trkpt>
      <trkpt lat="33.57255" lon="-117.7633">
        <ele>56.93</ele>
        <time>2026-07-12T15:18:04Z</time>
      </trkpt>
      <trkpt lat="33.57251" lon="-117.76329">
        <ele>57.01</ele>
        <time>2026-07-12T15:18:07Z</time>
      </trkpt>
      <trkpt lat="33.57248" lon="-117.76329">
        <ele>57.18</ele>
        <time>2026-07-12T15:18:09Z</time>
      </trkpt>
      <trkpt lat="33.57245" lon="-117.76329">
        <ele>57.35</ele>
        <time>2026-07-12T15:18:11Z</time>
      </trkpt>
      <trkpt lat="33.57241" lon="-117.76327">
        <ele>56.94</ele>
        <time>2026-07-12T15:18:14Z</time>
      </trkpt>
      <trkpt lat="33.57238" lon="-117.76327">
        <ele>57.24</ele>
        <time>2026-07-12T15:18:17Z</time>
      </trkpt>
      <trkpt lat="33.57235" lon="-117.76327">
        <ele>57.57</ele>
        <time>2026-07-12T15:18:20Z</time>
      </trkpt>
      <trkpt lat="33.57231" lon="-117.76327">
        <ele>57.95</ele>
        <time>2026-07-12T15:18:23Z</time>
      </trkpt>
      <trkpt lat="33.57228" lon="-117.76326">
        <ele>57.62</ele>
        <time>2026-07-12T15:18:26Z</time>
      </trkpt>
      <trkpt lat="33.57224" lon="-117.76324">
        <ele>56.98</ele>
        <time>2026-07-12T15:18:29Z</time>
      </trkpt>
      <trkpt lat="33.57221" lon="-117.76323">
        <ele>56.75</ele>
        <time>2026-07-12T15:18:32Z</time>
      </trkpt>
      <trkpt lat="33.57217" lon="-117.76322">
        <ele>56.43</ele>
        <time>2026-07-12T15:18:35Z</time>
      </trkpt>
      <trkpt lat="33.57214" lon="-117.76321">
        <ele>56.04</ele>
        <time>2026-07-12T15:18:38Z</time>
      </trkpt>
      <trkpt lat="33.5721" lon="-117.7632">
        <ele>55.86</ele>
        <time>2026-07-12T15:18:41Z</time>
      </trkpt>
      <trkpt lat="33.57207" lon="-117.7632">
        <ele>56.04</ele>
        <time>2026-07-12T15:18:44Z</time>
      </trkpt>
      <trkpt lat="33.57203" lon="-117.76322">
        <ele>57.16</ele>
        <time>2026-07-12T15:18:47Z</time>
      </trkpt>
      <trkpt lat="33.572" lon="-117.76323">
        <ele>57.89</ele>
        <time>2026-07-12T15:18:50Z</time>
      </trkpt>
      <trkpt lat="33.57197" lon="-117.76323">
        <ele>58.18</ele>
        <time>2026-07-12T15:18:53Z</time>
      </trkpt>
      <trkpt lat="33.57193" lon="-117.76324">
        <ele>58.96</ele>
        <time>2026-07-12T15:18:56Z</time>
      </trkpt>
      <trkpt lat="33.5719" lon="-117.76324">
        <ele>58.96</ele>
        <time>2026-07-12T15:18:59Z</time>
      </trkpt>
      <trkpt lat="33.57187" lon="-117.76324">
        <ele>58.96</ele>
        <time>2026-07-12T15:19:02Z</time>
      </trkpt>
      <trkpt lat="33.57184" lon="-117.76325">
        <ele>59.27</ele>
        <time>2026-07-12T15:19:05Z</time>
      </trkpt>
      <trkpt lat="33.57181" lon="-117.76325">
        <ele>58.95</ele>
        <time>2026-07-12T15:19:08Z</time>
      </trkpt>
      <trkpt lat="33.57178" lon="-117.76326">
        <ele>59.06</ele>
        <time>2026-07-12T15:19:11Z</time>
      </trkpt>
      <trkpt lat="33.57174" lon="-117.76327">
        <ele>59.06</ele>
        <time>2026-07-12T15:19:14Z</time>
      </trkpt>
      <trkpt lat="33.57171" lon="-117.76327">
        <ele>58.73</ele>
        <time>2026-07-12T15:19:17Z</time>
      </trkpt>
      <trkpt lat="33.57168" lon="-117.76327">
        <ele>58.41</ele>
        <time>2026-07-12T15:19:20Z</time>
      </trkpt>
      <trkpt lat="33.57164" lon="-117.76326">
        <ele>57.54</ele>
        <time>2026-07-12T15:19:23Z</time>
      </trkpt>
      <trkpt lat="33.57161" lon="-117.76326">
        <ele>57.22</ele>
        <time>2026-07-12T15:19:26Z</time>
      </trkpt>
      <trkpt lat="33.57157" lon="-117.76326">
        <ele>56.79</ele>
        <time>2026-07-12T15:19:29Z</time>
      </trkpt>
      <trkpt lat="33.57154" lon="-117.76326">
        <ele>56.46</ele>
        <time>2026-07-12T15:19:32Z</time>
      </trkpt>
      <trkpt lat="33.5715" lon="-117.76326">
        <ele>56.03</ele>
        <time>2026-07-12T15:19:35Z</time>
      </trkpt>
      <trkpt lat="33.57147" lon="-117.76327">
        <ele>56.22</ele>
        <time>2026-07-12T15:19:38Z</time>
      </trkpt>
      <trkpt lat="33.57143" lon="-117.76327">
        <ele>56.09</ele>
        <time>2026-07-12T15:19:41Z</time>
      </trkpt>
      <trkpt lat="33.5714" lon="-117.76328">
        <ele>56.32</ele>
        <time>2026-07-12T15:19:44Z</time>
      </trkpt>
      <trkpt lat="33.57137" lon="-117.76328">
        <ele>56.07</ele>
        <time>2026-07-12T15:19:47Z</time>
      </trkpt>
      <trkpt lat="33.57133" lon="-117.76328">
        <ele>55.64</ele>
        <time>2026-07-12T15:19:50Z</time>
      </trkpt>
      <trkpt lat="33.5713" lon="-117.76329">
        <ele>55.64</ele>
        <time>2026-07-12T15:19:53Z</time>
      </trkpt>
      <trkpt lat="33.57126" lon="-117.7633">
        <ele>56.17</ele>
        <time>2026-07-12T15:19:56Z</time>
      </trkpt>
      <trkpt lat="33.57123" lon="-117.76331">
        <ele>56.78</ele>
        <time>2026-07-12T15:19:59Z</time>
      </trkpt>
      <trkpt lat="33.57119" lon="-117.76332">
        <ele>57.3</ele>
        <time>2026-07-12T15:20:02Z</time>
      </trkpt>
      <trkpt lat="33.57116" lon="-117.76333">
        <ele>57.4</ele>
        <time>2026-07-12T15:20:05Z</time>
      </trkpt>
      <trkpt lat="33.57113" lon="-117.76334">
        <ele>57.43</ele>
        <time>2026-07-12T15:20:09Z</time>
      </trkpt>
      <trkpt lat="33.57111" lon="-117.76335">
        <ele>57.53</ele>
        <time>2026-07-12T15:20:12Z</time>
      </trkpt>
      <trkpt lat="33.57108" lon="-117.76336">
        <ele>57.53</ele>
        <time>2026-07-12T15:20:15Z</time>
      </trkpt>
      <trkpt lat="33.57105" lon="-117.76337">
        <ele>57.53</ele>
        <time>2026-07-12T15:20:18Z</time>
      </trkpt>
      <trkpt lat="33.57102" lon="-117.76338">
        <ele>57.53</ele>
        <time>2026-07-12T15:20:21Z</time>
      </trkpt>
      <trkpt lat="33.57098" lon="-117.76338">
        <ele>56.89</ele>
        <time>2026-07-12T15:20:24Z</time>
      </trkpt>
      <trkpt lat="33.57095" lon="-117.76339">
        <ele>56.81</ele>
        <time>2026-07-12T15:20:27Z</time>
      </trkpt>
      <trkpt lat="33.57091" lon="-117.7634">
        <ele>56.71</ele>
        <time>2026-07-12T15:20:30Z</time>
      </trkpt>
      <trkpt lat="33.57088" lon="-117.76341">
        <ele>56.82</ele>
        <time>2026-07-12T15:20:33Z</time>
      </trkpt>
      <trkpt lat="33.57084" lon="-117.76341">
        <ele>56.38</ele>
        <time>2026-07-12T15:20:36Z</time>
      </trkpt>
      <trkpt lat="33.57081" lon="-117.76342">
        <ele>56.51</ele>
        <time>2026-07-12T15:20:39Z</time>
      </trkpt>
      <trkpt lat="33.57077" lon="-117.76343">
        <ele>56.34</ele>
        <time>2026-07-12T15:20:42Z</time>
      </trkpt>
      <trkpt lat="33.57073" lon="-117.76344">
        <ele>55.9</ele>
        <time>2026-07-12T15:20:45Z</time>
      </trkpt>
      <trkpt lat="33.57072" lon="-117.76348">
        <ele>55.91</ele>
        <time>2026-07-12T15:20:47Z</time>
      </trkpt>
      <trkpt lat="33.57071" lon="-117.76352">
        <ele>56.02</ele>
        <time>2026-07-12T15:20:49Z</time>
      </trkpt>
      <trkpt lat="33.57069" lon="-117.76355">
        <ele>56.34</ele>
        <time>2026-07-12T15:20:51Z</time>
      </trkpt>
      <trkpt lat="33.57068" lon="-117.76358">
        <ele>56.66</ele>
        <time>2026-07-12T15:20:53Z</time>
      </trkpt>
      <trkpt lat="33.57066" lon="-117.76361">
        <ele>56.99</ele>
        <time>2026-07-12T15:20:56Z</time>
      </trkpt>
      <trkpt lat="33.57063" lon="-117.76363">
        <ele>58.24</ele>
        <time>2026-07-12T15:20:59Z</time>
      </trkpt>
      <trkpt lat="33.5706" lon="-117.76364">
        <ele>59.66</ele>
        <time>2026-07-12T15:21:02Z</time>
      </trkpt>
      <trkpt lat="33.57057" lon="-117.76365">
        <ele>61.15</ele>
        <time>2026-07-12T15:21:05Z</time>
      </trkpt>
      <trkpt lat="33.57054" lon="-117.76365">
        <ele>62.02</ele>
        <time>2026-07-12T15:21:08Z</time>
      </trkpt>
      <trkpt lat="33.5705" lon="-117.76365">
        <ele>62.88</ele>
        <time>2026-07-12T15:21:12Z</time>
      </trkpt>
      <trkpt lat="33.57047" lon="-117.76363">
        <ele>62.66</ele>
        <time>2026-07-12T15:21:15Z</time>
      </trkpt>
      <trkpt lat="33.57045" lon="-117.76361">
        <ele>62.1</ele>
        <time>2026-07-12T15:21:18Z</time>
      </trkpt>
      <trkpt lat="33.57042" lon="-117.76362">
        <ele>62.8</ele>
        <time>2026-07-12T15:21:21Z</time>
      </trkpt>
      <trkpt lat="33.57039" lon="-117.76362">
        <ele>63.1</ele>
        <time>2026-07-12T15:21:24Z</time>
      </trkpt>
      <trkpt lat="33.57036" lon="-117.76363">
        <ele>63.61</ele>
        <time>2026-07-12T15:21:27Z</time>
      </trkpt>
      <trkpt lat="33.57034" lon="-117.76364">
        <ele>63.94</ele>
        <time>2026-07-12T15:21:30Z</time>
      </trkpt>
      <trkpt lat="33.57031" lon="-117.76365">
        <ele>64.26</ele>
        <time>2026-07-12T15:21:33Z</time>
      </trkpt>
      <trkpt lat="33.57028" lon="-117.76367">
        <ele>64.91</ele>
        <time>2026-07-12T15:21:36Z</time>
      </trkpt>
      <trkpt lat="33.57026" lon="-117.76368">
        <ele>65.28</ele>
        <time>2026-07-12T15:21:39Z</time>
      </trkpt>
      <trkpt lat="33.57023" lon="-117.7637">
        <ele>66.33</ele>
        <time>2026-07-12T15:21:42Z</time>
      </trkpt>
      <trkpt lat="33.57021" lon="-117.76371">
        <ele>66.89</ele>
        <time>2026-07-12T15:21:45Z</time>
      </trkpt>
      <trkpt lat="33.57018" lon="-117.76373">
        <ele>67.53</ele>
        <time>2026-07-12T15:21:48Z</time>
      </trkpt>
      <trkpt lat="33.57016" lon="-117.76375">
        <ele>67.86</ele>
        <time>2026-07-12T15:21:51Z</time>
      </trkpt>
      <trkpt lat="33.57013" lon="-117.76376">
        <ele>67.98</ele>
        <time>2026-07-12T15:21:54Z</time>
      </trkpt>
      <trkpt lat="33.5701" lon="-117.76378">
        <ele>68.49</ele>
        <time>2026-07-12T15:21:57Z</time>
      </trkpt>
      <trkpt lat="33.57008" lon="-117.76379">
        <ele>68.79</ele>
        <time>2026-07-12T15:22:00Z</time>
      </trkpt>
      <trkpt lat="33.57005" lon="-117.7638">
        <ele>69.1</ele>
        <time>2026-07-12T15:22:03Z</time>
      </trkpt>
      <trkpt lat="33.57002" lon="-117.76382">
        <ele>69.57</ele>
        <time>2026-07-12T15:22:06Z</time>
      </trkpt>
      <trkpt lat="33.56999" lon="-117.76383">
        <ele>69.62</ele>
        <time>2026-07-12T15:22:09Z</time>
      </trkpt>
      <trkpt lat="33.56996" lon="-117.76385">
        <ele>69.73</ele>
        <time>2026-07-12T15:22:12Z</time>
      </trkpt>
      <trkpt lat="33.56993" lon="-117.76386">
        <ele>69.62</ele>
        <time>2026-07-12T15:22:15Z</time>
      </trkpt>
      <trkpt lat="33.5699" lon="-117.76387">
        <ele>69.56</ele>
        <time>2026-07-12T15:22:18Z</time>
      </trkpt>
      <trkpt lat="33.56987" lon="-117.76388">
        <ele>69.73</ele>
        <time>2026-07-12T15:22:20Z</time>
      </trkpt>
      <trkpt lat="33.56983" lon="-117.76389">
        <ele>70.03</ele>
        <time>2026-07-12T15:22:23Z</time>
      </trkpt>
      <trkpt lat="33.5698" lon="-117.76391">
        <ele>70.17</ele>
        <time>2026-07-12T15:22:26Z</time>
      </trkpt>
      <trkpt lat="33.56976" lon="-117.76392">
        <ele>69.69</ele>
        <time>2026-07-12T15:22:29Z</time>
      </trkpt>
      <trkpt lat="33.56973" lon="-117.76393">
        <ele>69.46</ele>
        <time>2026-07-12T15:22:32Z</time>
      </trkpt>
      <trkpt lat="33.5697" lon="-117.76394">
        <ele>69.76</ele>
        <time>2026-07-12T15:22:35Z</time>
      </trkpt>
      <trkpt lat="33.56966" lon="-117.76394">
        <ele>69.96</ele>
        <time>2026-07-12T15:22:38Z</time>
      </trkpt>
      <trkpt lat="33.56963" lon="-117.76394">
        <ele>70.1</ele>
        <time>2026-07-12T15:22:41Z</time>
      </trkpt>
      <trkpt lat="33.56959" lon="-117.76394">
        <ele>69.68</ele>
        <time>2026-07-12T15:22:44Z</time>
      </trkpt>
      <trkpt lat="33.56955" lon="-117.76395">
        <ele>69.46</ele>
        <time>2026-07-12T15:22:47Z</time>
      </trkpt>
      <trkpt lat="33.56952" lon="-117.76395">
        <ele>69.14</ele>
        <time>2026-07-12T15:22:50Z</time>
      </trkpt>
      <trkpt lat="33.56948" lon="-117.76395">
        <ele>68.7</ele>
        <time>2026-07-12T15:22:53Z</time>
      </trkpt>
      <trkpt lat="33.56944" lon="-117.76396">
        <ele>68.5</ele>
        <time>2026-07-12T15:22:56Z</time>
      </trkpt>
      <trkpt lat="33.56941" lon="-117.76396">
        <ele>68.25</ele>
        <time>2026-07-12T15:22:59Z</time>
      </trkpt>
      <trkpt lat="33.56938" lon="-117.76397">
        <ele>68.14</ele>
        <time>2026-07-12T15:23:02Z</time>
      </trkpt>
      <trkpt lat="33.56934" lon="-117.76397">
        <ele>67.73</ele>
        <time>2026-07-12T15:23:05Z</time>
      </trkpt>
      <trkpt lat="33.5693" lon="-117.76398">
        <ele>67.42</ele>
        <time>2026-07-12T15:23:08Z</time>
      </trkpt>
      <trkpt lat="33.56927" lon="-117.764">
        <ele>67.34</ele>
        <time>2026-07-12T15:23:11Z</time>
      </trkpt>
      <trkpt lat="33.56924" lon="-117.76401">
        <ele>66.75</ele>
        <time>2026-07-12T15:23:14Z</time>
      </trkpt>
      <trkpt lat="33.56921" lon="-117.76405">
        <ele>66.54</ele>
        <time>2026-07-12T15:23:17Z</time>
      </trkpt>
      <trkpt lat="33.56919" lon="-117.76408">
        <ele>66.54</ele>
        <time>2026-07-12T15:23:19Z</time>
      </trkpt>
      <trkpt lat="33.56918" lon="-117.76411">
        <ele>66.4</ele>
        <time>2026-07-12T15:23:21Z</time>
      </trkpt>
      <trkpt lat="33.56916" lon="-117.76414">
        <ele>65.84</ele>
        <time>2026-07-12T15:23:24Z</time>
      </trkpt>
      <trkpt lat="33.56914" lon="-117.76417">
        <ele>65.45</ele>
        <time>2026-07-12T15:23:27Z</time>
      </trkpt>
      <trkpt lat="33.56912" lon="-117.76419">
        <ele>65.12</ele>
        <time>2026-07-12T15:23:30Z</time>
      </trkpt>
      <trkpt lat="33.5691" lon="-117.76422">
        <ele>64.72</ele>
        <time>2026-07-12T15:23:33Z</time>
      </trkpt>
      <trkpt lat="33.56908" lon="-117.76424">
        <ele>64.18</ele>
        <time>2026-07-12T15:23:36Z</time>
      </trkpt>
      <trkpt lat="33.56905" lon="-117.76426">
        <ele>62.96</ele>
        <time>2026-07-12T15:23:39Z</time>
      </trkpt>
      <trkpt lat="33.56904" lon="-117.76429">
        <ele>62.65</ele>
        <time>2026-07-12T15:23:42Z</time>
      </trkpt>
      <trkpt lat="33.56901" lon="-117.76431">
        <ele>61.61</ele>
        <time>2026-07-12T15:23:46Z</time>
      </trkpt>
      <trkpt lat="33.56898" lon="-117.76432">
        <ele>60.62</ele>
        <time>2026-07-12T15:23:50Z</time>
      </trkpt>
      <trkpt lat="33.56895" lon="-117.76433">
        <ele>60.0</ele>
        <time>2026-07-12T15:23:53Z</time>
      </trkpt>
      <trkpt lat="33.56891" lon="-117.76433">
        <ele>59.04</ele>
        <time>2026-07-12T15:23:56Z</time>
      </trkpt>
      <trkpt lat="33.56888" lon="-117.76434">
        <ele>58.47</ele>
        <time>2026-07-12T15:23:59Z</time>
      </trkpt>
      <trkpt lat="33.56885" lon="-117.76434">
        <ele>57.54</ele>
        <time>2026-07-12T15:24:02Z</time>
      </trkpt>
      <trkpt lat="33.56882" lon="-117.76435">
        <ele>56.74</ele>
        <time>2026-07-12T15:24:05Z</time>
      </trkpt>
      <trkpt lat="33.56879" lon="-117.76435">
        <ele>55.91</ele>
        <time>2026-07-12T15:24:09Z</time>
      </trkpt>
      <trkpt lat="33.56875" lon="-117.76435">
        <ele>55.48</ele>
        <time>2026-07-12T15:24:13Z</time>
      </trkpt>
      <trkpt lat="33.56873" lon="-117.76436">
        <ele>55.35</ele>
        <time>2026-07-12T15:24:16Z</time>
      </trkpt>
      <trkpt lat="33.5687" lon="-117.76437">
        <ele>55.16</ele>
        <time>2026-07-12T15:24:19Z</time>
      </trkpt>
      <trkpt lat="33.56866" lon="-117.76438">
        <ele>54.83</ele>
        <time>2026-07-12T15:24:22Z</time>
      </trkpt>
      <trkpt lat="33.56863" lon="-117.76439">
        <ele>54.62</ele>
        <time>2026-07-12T15:24:25Z</time>
      </trkpt>
      <trkpt lat="33.5686" lon="-117.7644">
        <ele>54.46</ele>
        <time>2026-07-12T15:24:28Z</time>
      </trkpt>
      <trkpt lat="33.56856" lon="-117.76441">
        <ele>54.28</ele>
        <time>2026-07-12T15:24:31Z</time>
      </trkpt>
      <trkpt lat="33.56853" lon="-117.76442">
        <ele>54.09</ele>
        <time>2026-07-12T15:24:33Z</time>
      </trkpt>
      <trkpt lat="33.56849" lon="-117.76442">
        <ele>53.92</ele>
        <time>2026-07-12T15:24:35Z</time>
      </trkpt>
      <trkpt lat="33.56846" lon="-117.76443">
        <ele>53.9</ele>
        <time>2026-07-12T15:24:37Z</time>
      </trkpt>
      <trkpt lat="33.56843" lon="-117.76443">
        <ele>53.85</ele>
        <time>2026-07-12T15:24:39Z</time>
      </trkpt>
      <trkpt lat="33.56839" lon="-117.76444">
        <ele>53.58</ele>
        <time>2026-07-12T15:24:42Z</time>
      </trkpt>
      <trkpt lat="33.56836" lon="-117.76445">
        <ele>53.39</ele>
        <time>2026-07-12T15:24:45Z</time>
      </trkpt>
      <trkpt lat="33.56832" lon="-117.76445">
        <ele>53.26</ele>
        <time>2026-07-12T15:24:48Z</time>
      </trkpt>
      <trkpt lat="33.56829" lon="-117.76443">
        <ele>53.39</ele>
        <time>2026-07-12T15:24:51Z</time>
      </trkpt>
      <trkpt lat="33.56827" lon="-117.76441">
        <ele>53.43</ele>
        <time>2026-07-12T15:24:53Z</time>
      </trkpt>
      <trkpt lat="33.56824" lon="-117.76439">
        <ele>53.41</ele>
        <time>2026-07-12T15:24:56Z</time>
      </trkpt>
      <trkpt lat="33.5682" lon="-117.76437">
        <ele>52.84</ele>
        <time>2026-07-12T15:24:59Z</time>
      </trkpt>
      <trkpt lat="33.56816" lon="-117.76435">
        <ele>52.11</ele>
        <time>2026-07-12T15:25:02Z</time>
      </trkpt>
      <trkpt lat="33.56813" lon="-117.76433">
        <ele>51.57</ele>
        <time>2026-07-12T15:25:05Z</time>
      </trkpt>
      <trkpt lat="33.5681" lon="-117.76432">
        <ele>51.14</ele>
        <time>2026-07-12T15:25:08Z</time>
      </trkpt>
      <trkpt lat="33.56806" lon="-117.7643">
        <ele>50.49</ele>
        <time>2026-07-12T15:25:11Z</time>
      </trkpt>
      <trkpt lat="33.56803" lon="-117.76428">
        <ele>50.22</ele>
        <time>2026-07-12T15:25:14Z</time>
      </trkpt>
      <trkpt lat="33.56799" lon="-117.76427">
        <ele>50.12</ele>
        <time>2026-07-12T15:25:17Z</time>
      </trkpt>
      <trkpt lat="33.56796" lon="-117.76425">
        <ele>50.0</ele>
        <time>2026-07-12T15:25:20Z</time>
      </trkpt>
      <trkpt lat="33.56793" lon="-117.76423">
        <ele>49.89</ele>
        <time>2026-07-12T15:25:23Z</time>
      </trkpt>
      <trkpt lat="33.56789" lon="-117.76422">
        <ele>49.67</ele>
        <time>2026-07-12T15:25:26Z</time>
      </trkpt>
      <trkpt lat="33.56786" lon="-117.76421">
        <ele>49.47</ele>
        <time>2026-07-12T15:25:29Z</time>
      </trkpt>
      <trkpt lat="33.56783" lon="-117.76419">
        <ele>49.25</ele>
        <time>2026-07-12T15:25:32Z</time>
      </trkpt>
      <trkpt lat="33.56779" lon="-117.76418">
        <ele>49.14</ele>
        <time>2026-07-12T15:25:35Z</time>
      </trkpt>
      <trkpt lat="33.56776" lon="-117.76417">
        <ele>48.84</ele>
        <time>2026-07-12T15:25:38Z</time>
      </trkpt>
      <trkpt lat="33.56773" lon="-117.76416">
        <ele>48.45</ele>
        <time>2026-07-12T15:25:41Z</time>
      </trkpt>
      <trkpt lat="33.56769" lon="-117.76415">
        <ele>48.04</ele>
        <time>2026-07-12T15:25:44Z</time>
      </trkpt>
      <trkpt lat="33.56766" lon="-117.76418">
        <ele>48.1</ele>
        <time>2026-07-12T15:25:47Z</time>
      </trkpt>
      <trkpt lat="33.56764" lon="-117.7642">
        <ele>48.18</ele>
        <time>2026-07-12T15:25:49Z</time>
      </trkpt>
      <trkpt lat="33.5676" lon="-117.76422">
        <ele>48.05</ele>
        <time>2026-07-12T15:25:52Z</time>
      </trkpt>
      <trkpt lat="33.56757" lon="-117.76423">
        <ele>48.0</ele>
        <time>2026-07-12T15:25:55Z</time>
      </trkpt>
      <trkpt lat="33.56753" lon="-117.76424">
        <ele>48.0</ele>
        <time>2026-07-12T15:25:58Z</time>
      </trkpt>
      <trkpt lat="33.5675" lon="-117.76426">
        <ele>48.01</ele>
        <time>2026-07-12T15:26:01Z</time>
      </trkpt>
      <trkpt lat="33.56747" lon="-117.76429">
        <ele>48.22</ele>
        <time>2026-07-12T15:26:04Z</time>
      </trkpt>
      <trkpt lat="33.56743" lon="-117.76431">
        <ele>48.13</ele>
        <time>2026-07-12T15:26:07Z</time>
      </trkpt>
      <trkpt lat="33.5674" lon="-117.76433">
        <ele>48.06</ele>
        <time>2026-07-12T15:26:10Z</time>
      </trkpt>
      <trkpt lat="33.56736" lon="-117.76434">
        <ele>48.45</ele>
        <time>2026-07-12T15:26:13Z</time>
      </trkpt>
      <trkpt lat="33.56733" lon="-117.76436">
        <ele>48.86</ele>
        <time>2026-07-12T15:26:16Z</time>
      </trkpt>
      <trkpt lat="33.56729" lon="-117.76438">
        <ele>48.81</ele>
        <time>2026-07-12T15:26:19Z</time>
      </trkpt>
      <trkpt lat="33.56726" lon="-117.7644">
        <ele>48.72</ele>
        <time>2026-07-12T15:26:22Z</time>
      </trkpt>
      <trkpt lat="33.56722" lon="-117.76442">
        <ele>48.74</ele>
        <time>2026-07-12T15:26:25Z</time>
      </trkpt>
      <trkpt lat="33.56719" lon="-117.76443">
        <ele>48.84</ele>
        <time>2026-07-12T15:26:28Z</time>
      </trkpt>
      <trkpt lat="33.56715" lon="-117.76445">
        <ele>49.06</ele>
        <time>2026-07-12T15:26:31Z</time>
      </trkpt>
      <trkpt lat="33.56711" lon="-117.76446">
        <ele>48.96</ele>
        <time>2026-07-12T15:26:34Z</time>
      </trkpt>
      <trkpt lat="33.56709" lon="-117.76446">
        <ele>48.74</ele>
        <time>2026-07-12T15:26:36Z</time>
      </trkpt>
      <trkpt lat="33.56706" lon="-117.76446">
        <ele>48.42</ele>
        <time>2026-07-12T15:26:38Z</time>
      </trkpt>
      <trkpt lat="33.56703" lon="-117.76446">
        <ele>48.17</ele>
        <time>2026-07-12T15:26:40Z</time>
      </trkpt>
      <trkpt lat="33.567" lon="-117.76446">
        <ele>48.17</ele>
        <time>2026-07-12T15:26:42Z</time>
      </trkpt>
      <trkpt lat="33.56697" lon="-117.76446">
        <ele>48.17</ele>
        <time>2026-07-12T15:26:44Z</time>
      </trkpt>
      <trkpt lat="33.56694" lon="-117.76446">
        <ele>48.16</ele>
        <time>2026-07-12T15:26:46Z</time>
      </trkpt>
      <trkpt lat="33.56691" lon="-117.76447">
        <ele>48.17</ele>
        <time>2026-07-12T15:26:48Z</time>
      </trkpt>
      <trkpt lat="33.56687" lon="-117.76447">
        <ele>48.05</ele>
        <time>2026-07-12T15:26:51Z</time>
      </trkpt>
      <trkpt lat="33.56683" lon="-117.76447">
        <ele>47.83</ele>
        <time>2026-07-12T15:26:54Z</time>
      </trkpt>
      <trkpt lat="33.56679" lon="-117.76447">
        <ele>47.52</ele>
        <time>2026-07-12T15:26:57Z</time>
      </trkpt>
      <trkpt lat="33.56676" lon="-117.76447">
        <ele>47.28</ele>
        <time>2026-07-12T15:27:00Z</time>
      </trkpt>
      <trkpt lat="33.56672" lon="-117.76447">
        <ele>47.16</ele>
        <time>2026-07-12T15:27:03Z</time>
      </trkpt>
      <trkpt lat="33.56668" lon="-117.76448">
        <ele>47.06</ele>
        <time>2026-07-12T15:27:06Z</time>
      </trkpt>
      <trkpt lat="33.56664" lon="-117.76448">
        <ele>47.0</ele>
        <time>2026-07-12T15:27:09Z</time>
      </trkpt>
      <trkpt lat="33.5666" lon="-117.76448">
        <ele>47.0</ele>
        <time>2026-07-12T15:27:12Z</time>
      </trkpt>
      <trkpt lat="33.56657" lon="-117.76449">
        <ele>47.0</ele>
        <time>2026-07-12T15:27:15Z</time>
      </trkpt>
      <trkpt lat="33.56653" lon="-117.7645">
        <ele>47.0</ele>
        <time>2026-07-12T15:27:18Z</time>
      </trkpt>
      <trkpt lat="33.5665" lon="-117.76451">
        <ele>47.0</ele>
        <time>2026-07-12T15:27:21Z</time>
      </trkpt>
      <trkpt lat="33.56646" lon="-117.76452">
        <ele>47.0</ele>
        <time>2026-07-12T15:27:24Z</time>
      </trkpt>
      <trkpt lat="33.56642" lon="-117.76453">
        <ele>47.0</ele>
        <time>2026-07-12T15:27:27Z</time>
      </trkpt>
      <trkpt lat="33.56638" lon="-117.76454">
        <ele>47.0</ele>
        <time>2026-07-12T15:27:30Z</time>
      </trkpt>
      <trkpt lat="33.56635" lon="-117.76456">
        <ele>47.0</ele>
        <time>2026-07-12T15:27:33Z</time>
      </trkpt>
      <trkpt lat="33.56631" lon="-117.76457">
        <ele>47.0</ele>
        <time>2026-07-12T15:27:36Z</time>
      </trkpt>
      <trkpt lat="33.56627" lon="-117.76458">
        <ele>47.0</ele>
        <time>2026-07-12T15:27:39Z</time>
      </trkpt>
      <trkpt lat="33.56624" lon="-117.76459">
        <ele>47.0</ele>
        <time>2026-07-12T15:27:42Z</time>
      </trkpt>
      <trkpt lat="33.5662" lon="-117.7646">
        <ele>47.0</ele>
        <time>2026-07-12T15:27:45Z</time>
      </trkpt>
      <trkpt lat="33.56616" lon="-117.76461">
        <ele>47.0</ele>
        <time>2026-07-12T15:27:48Z</time>
      </trkpt>
      <trkpt lat="33.56613" lon="-117.76463">
        <ele>47.01</ele>
        <time>2026-07-12T15:27:51Z</time>
      </trkpt>
      <trkpt lat="33.56609" lon="-117.76464">
        <ele>47.2</ele>
        <time>2026-07-12T15:27:54Z</time>
      </trkpt>
      <trkpt lat="33.56605" lon="-117.76465">
        <ele>47.29</ele>
        <time>2026-07-12T15:27:57Z</time>
      </trkpt>
      <trkpt lat="33.56601" lon="-117.76465">
        <ele>47.22</ele>
        <time>2026-07-12T15:28:00Z</time>
      </trkpt>
      <trkpt lat="33.56598" lon="-117.76466">
        <ele>47.33</ele>
        <time>2026-07-12T15:28:03Z</time>
      </trkpt>
      <trkpt lat="33.56594" lon="-117.76467">
        <ele>47.44</ele>
        <time>2026-07-12T15:28:06Z</time>
      </trkpt>
      <trkpt lat="33.5659" lon="-117.76467">
        <ele>47.31</ele>
        <time>2026-07-12T15:28:09Z</time>
      </trkpt>
      <trkpt lat="33.56586" lon="-117.76466">
        <ele>47.09</ele>
        <time>2026-07-12T15:28:12Z</time>
      </trkpt>
      <trkpt lat="33.56582" lon="-117.76465">
        <ele>47.1</ele>
        <time>2026-07-12T15:28:15Z</time>
      </trkpt>
      <trkpt lat="33.56578" lon="-117.76464">
        <ele>47.19</ele>
        <time>2026-07-12T15:28:18Z</time>
      </trkpt>
      <trkpt lat="33.56575" lon="-117.76464">
        <ele>47.3</ele>
        <time>2026-07-12T15:28:21Z</time>
      </trkpt>
      <trkpt lat="33.56571" lon="-117.76463">
        <ele>47.02</ele>
        <time>2026-07-12T15:28:24Z</time>
      </trkpt>
      <trkpt lat="33.56567" lon="-117.76462">
        <ele>46.9</ele>
        <time>2026-07-12T15:28:27Z</time>
      </trkpt>
      <trkpt lat="33.56564" lon="-117.76461">
        <ele>46.88</ele>
        <time>2026-07-12T15:28:30Z</time>
      </trkpt>
      <trkpt lat="33.5656" lon="-117.76461">
        <ele>47.31</ele>
        <time>2026-07-12T15:28:33Z</time>
      </trkpt>
      <trkpt lat="33.56556" lon="-117.76461">
        <ele>47.74</ele>
        <time>2026-07-12T15:28:36Z</time>
      </trkpt>
      <trkpt lat="33.56553" lon="-117.7646">
        <ele>47.87</ele>
        <time>2026-07-12T15:28:39Z</time>
      </trkpt>
      <trkpt lat="33.56549" lon="-117.76461">
        <ele>48.35</ele>
        <time>2026-07-12T15:28:42Z</time>
      </trkpt>
      <trkpt lat="33.56545" lon="-117.76461">
        <ele>48.86</ele>
        <time>2026-07-12T15:28:45Z</time>
      </trkpt>
      <trkpt lat="33.56542" lon="-117.7646">
        <ele>49.29</ele>
        <time>2026-07-12T15:28:48Z</time>
      </trkpt>
      <trkpt lat="33.56538" lon="-117.7646">
        <ele>50.15</ele>
        <time>2026-07-12T15:28:51Z</time>
      </trkpt>
      <trkpt lat="33.56535" lon="-117.76459">
        <ele>51.02</ele>
        <time>2026-07-12T15:28:54Z</time>
      </trkpt>
      <trkpt lat="33.56531" lon="-117.76459">
        <ele>52.75</ele>
        <time>2026-07-12T15:28:57Z</time>
      </trkpt>
      <trkpt lat="33.56529" lon="-117.76459">
        <ele>53.62</ele>
        <time>2026-07-12T15:29:01Z</time>
      </trkpt>
      <trkpt lat="33.56526" lon="-117.76458">
        <ele>54.31</ele>
        <time>2026-07-12T15:29:09Z</time>
      </trkpt>
      <trkpt lat="33.56522" lon="-117.76458">
        <ele>55.18</ele>
        <time>2026-07-12T15:29:13Z</time>
      </trkpt>
      <trkpt lat="33.56519" lon="-117.76457">
        <ele>55.61</ele>
        <time>2026-07-12T15:29:16Z</time>
      </trkpt>
      <trkpt lat="33.56516" lon="-117.76457">
        <ele>56.35</ele>
        <time>2026-07-12T15:29:19Z</time>
      </trkpt>
      <trkpt lat="33.56513" lon="-117.76457">
        <ele>57.12</ele>
        <time>2026-07-12T15:29:22Z</time>
      </trkpt>
      <trkpt lat="33.5651" lon="-117.76457">
        <ele>57.88</ele>
        <time>2026-07-12T15:29:25Z</time>
      </trkpt>
      <trkpt lat="33.56507" lon="-117.76456">
        <ele>58.05</ele>
        <time>2026-07-12T15:29:28Z</time>
      </trkpt>
      <trkpt lat="33.56504" lon="-117.76456">
        <ele>58.45</ele>
        <time>2026-07-12T15:29:31Z</time>
      </trkpt>
      <trkpt lat="33.56501" lon="-117.76455">
        <ele>58.44</ele>
        <time>2026-07-12T15:29:34Z</time>
      </trkpt>
      <trkpt lat="33.56499" lon="-117.76455">
        <ele>58.78</ele>
        <time>2026-07-12T15:29:37Z</time>
      </trkpt>
      <trkpt lat="33.56496" lon="-117.76454">
        <ele>58.99</ele>
        <time>2026-07-12T15:29:40Z</time>
      </trkpt>
      <trkpt lat="33.56493" lon="-117.76454">
        <ele>59.64</ele>
        <time>2026-07-12T15:29:43Z</time>
      </trkpt>
      <trkpt lat="33.5649" lon="-117.76453">
        <ele>60.01</ele>
        <time>2026-07-12T15:29:46Z</time>
      </trkpt>
      <trkpt lat="33.56487" lon="-117.7645">
        <ele>60.01</ele>
        <time>2026-07-12T15:29:49Z</time>
      </trkpt>
      <trkpt lat="33.56484" lon="-117.76447">
        <ele>60.01</ele>
        <time>2026-07-12T15:29:52Z</time>
      </trkpt>
      <trkpt lat="33.56481" lon="-117.76446">
        <ele>60.34</ele>
        <time>2026-07-12T15:29:55Z</time>
      </trkpt>
      <trkpt lat="33.56477" lon="-117.76444">
        <ele>59.88</ele>
        <time>2026-07-12T15:29:58Z</time>
      </trkpt>
      <trkpt lat="33.56474" lon="-117.76444">
        <ele>59.92</ele>
        <time>2026-07-12T15:30:01Z</time>
      </trkpt>
      <trkpt lat="33.56471" lon="-117.76443">
        <ele>59.98</ele>
        <time>2026-07-12T15:30:04Z</time>
      </trkpt>
      <trkpt lat="33.56468" lon="-117.76442">
        <ele>60.19</ele>
        <time>2026-07-12T15:30:07Z</time>
      </trkpt>
      <trkpt lat="33.56465" lon="-117.76441">
        <ele>60.41</ele>
        <time>2026-07-12T15:30:10Z</time>
      </trkpt>
      <trkpt lat="33.56462" lon="-117.7644">
        <ele>60.73</ele>
        <time>2026-07-12T15:30:13Z</time>
      </trkpt>
      <trkpt lat="33.56458" lon="-117.76439">
        <ele>61.48</ele>
        <time>2026-07-12T15:30:16Z</time>
      </trkpt>
      <trkpt lat="33.56455" lon="-117.76439">
        <ele>62.13</ele>
        <time>2026-07-12T15:30:19Z</time>
      </trkpt>
      <trkpt lat="33.56452" lon="-117.76438">
        <ele>62.3</ele>
        <time>2026-07-12T15:30:22Z</time>
      </trkpt>
      <trkpt lat="33.56449" lon="-117.76437">
        <ele>62.2</ele>
        <time>2026-07-12T15:30:25Z</time>
      </trkpt>
      <trkpt lat="33.56445" lon="-117.76437">
        <ele>62.2</ele>
        <time>2026-07-12T15:30:28Z</time>
      </trkpt>
      <trkpt lat="33.56442" lon="-117.7644">
        <ele>62.38</ele>
        <time>2026-07-12T15:30:31Z</time>
      </trkpt>
      <trkpt lat="33.56439" lon="-117.76443">
        <ele>62.35</ele>
        <time>2026-07-12T15:30:34Z</time>
      </trkpt>
      <trkpt lat="33.56436" lon="-117.76445">
        <ele>62.15</ele>
        <time>2026-07-12T15:30:37Z</time>
      </trkpt>
      <trkpt lat="33.56433" lon="-117.76447">
        <ele>62.21</ele>
        <time>2026-07-12T15:30:40Z</time>
      </trkpt>
      <trkpt lat="33.5643" lon="-117.76449">
        <ele>62.22</ele>
        <time>2026-07-12T15:30:43Z</time>
      </trkpt>
      <trkpt lat="33.56427" lon="-117.76451">
        <ele>62.08</ele>
        <time>2026-07-12T15:30:46Z</time>
      </trkpt>
      <trkpt lat="33.56424" lon="-117.76452">
        <ele>62.0</ele>
        <time>2026-07-12T15:30:49Z</time>
      </trkpt>
      <trkpt lat="33.56422" lon="-117.76454">
        <ele>62.03</ele>
        <time>2026-07-12T15:30:52Z</time>
      </trkpt>
      <trkpt lat="33.56421" lon="-117.76457">
        <ele>62.36</ele>
        <time>2026-07-12T15:30:56Z</time>
      </trkpt>
      <trkpt lat="33.56419" lon="-117.7646">
        <ele>62.68</ele>
        <time>2026-07-12T15:31:00Z</time>
      </trkpt>
      <trkpt lat="33.56416" lon="-117.76463">
        <ele>62.93</ele>
        <time>2026-07-12T15:31:03Z</time>
      </trkpt>
      <trkpt lat="33.56414" lon="-117.76466">
        <ele>62.71</ele>
        <time>2026-07-12T15:31:06Z</time>
      </trkpt>
      <trkpt lat="33.56412" lon="-117.76469">
        <ele>62.5</ele>
        <time>2026-07-12T15:31:09Z</time>
      </trkpt>
      <trkpt lat="33.56409" lon="-117.76471">
        <ele>62.17</ele>
        <time>2026-07-12T15:31:12Z</time>
      </trkpt>
      <trkpt lat="33.56406" lon="-117.76473">
        <ele>61.93</ele>
        <time>2026-07-12T15:31:15Z</time>
      </trkpt>
      <trkpt lat="33.56403" lon="-117.76475">
        <ele>61.82</ele>
        <time>2026-07-12T15:31:18Z</time>
      </trkpt>
      <trkpt lat="33.56399" lon="-117.76477">
        <ele>61.61</ele>
        <time>2026-07-12T15:31:21Z</time>
      </trkpt>
      <trkpt lat="33.56397" lon="-117.76478">
        <ele>61.38</ele>
        <time>2026-07-12T15:31:23Z</time>
      </trkpt>
      <trkpt lat="33.56394" lon="-117.76479">
        <ele>60.84</ele>
        <time>2026-07-12T15:31:25Z</time>
      </trkpt>
      <trkpt lat="33.56391" lon="-117.76479">
        <ele>60.19</ele>
        <time>2026-07-12T15:31:27Z</time>
      </trkpt>
      <trkpt lat="33.56388" lon="-117.7648">
        <ele>59.74</ele>
        <time>2026-07-12T15:31:29Z</time>
      </trkpt>
      <trkpt lat="33.56386" lon="-117.76481">
        <ele>59.64</ele>
        <time>2026-07-12T15:31:31Z</time>
      </trkpt>
      <trkpt lat="33.56383" lon="-117.76482">
        <ele>59.4</ele>
        <time>2026-07-12T15:31:33Z</time>
      </trkpt>
      <trkpt lat="33.5638" lon="-117.76482">
        <ele>59.04</ele>
        <time>2026-07-12T15:31:35Z</time>
      </trkpt>
      <trkpt lat="33.56377" lon="-117.76484">
        <ele>58.51</ele>
        <time>2026-07-12T15:31:38Z</time>
      </trkpt>
      <trkpt lat="33.56374" lon="-117.76487">
        <ele>58.15</ele>
        <time>2026-07-12T15:31:41Z</time>
      </trkpt>
      <trkpt lat="33.56372" lon="-117.76489">
        <ele>58.02</ele>
        <time>2026-07-12T15:31:44Z</time>
      </trkpt>
      <trkpt lat="33.56369" lon="-117.76492">
        <ele>57.72</ele>
        <time>2026-07-12T15:31:47Z</time>
      </trkpt>
      <trkpt lat="33.56368" lon="-117.76496">
        <ele>57.63</ele>
        <time>2026-07-12T15:31:50Z</time>
      </trkpt>
      <trkpt lat="33.56369" lon="-117.765">
        <ele>57.85</ele>
        <time>2026-07-12T15:31:52Z</time>
      </trkpt>
      <trkpt lat="33.56369" lon="-117.76504">
        <ele>58.28</ele>
        <time>2026-07-12T15:31:54Z</time>
      </trkpt>
      <trkpt lat="33.56368" lon="-117.76508">
        <ele>58.61</ele>
        <time>2026-07-12T15:31:57Z</time>
      </trkpt>
      <trkpt lat="33.56367" lon="-117.76512">
        <ele>59.01</ele>
        <time>2026-07-12T15:32:00Z</time>
      </trkpt>
      <trkpt lat="33.56365" lon="-117.76516">
        <ele>59.03</ele>
        <time>2026-07-12T15:32:03Z</time>
      </trkpt>
      <trkpt lat="33.56362" lon="-117.7652">
        <ele>58.45</ele>
        <time>2026-07-12T15:32:06Z</time>
      </trkpt>
      <trkpt lat="33.5636" lon="-117.76523">
        <ele>58.24</ele>
        <time>2026-07-12T15:32:09Z</time>
      </trkpt>
      <trkpt lat="33.56359" lon="-117.76527">
        <ele>58.46</ele>
        <time>2026-07-12T15:32:12Z</time>
      </trkpt>
      <trkpt lat="33.56357" lon="-117.76531">
        <ele>58.46</ele>
        <time>2026-07-12T15:32:15Z</time>
      </trkpt>
      <trkpt lat="33.56356" lon="-117.76535">
        <ele>58.68</ele>
        <time>2026-07-12T15:32:18Z</time>
      </trkpt>
      <trkpt lat="33.56355" lon="-117.76538">
        <ele>58.78</ele>
        <time>2026-07-12T15:32:21Z</time>
      </trkpt>
      <trkpt lat="33.56354" lon="-117.76542">
        <ele>59.0</ele>
        <time>2026-07-12T15:32:24Z</time>
      </trkpt>
      <trkpt lat="33.56354" lon="-117.76546">
        <ele>59.43</ele>
        <time>2026-07-12T15:32:27Z</time>
      </trkpt>
      <trkpt lat="33.56353" lon="-117.76549">
        <ele>59.54</ele>
        <time>2026-07-12T15:32:30Z</time>
      </trkpt>
      <trkpt lat="33.56353" lon="-117.76553">
        <ele>59.97</ele>
        <time>2026-07-12T15:32:33Z</time>
      </trkpt>
      <trkpt lat="33.56352" lon="-117.76557">
        <ele>60.03</ele>
        <time>2026-07-12T15:32:36Z</time>
      </trkpt>
      <trkpt lat="33.56352" lon="-117.76561">
        <ele>60.04</ele>
        <time>2026-07-12T15:32:39Z</time>
      </trkpt>
      <trkpt lat="33.56351" lon="-117.76564">
        <ele>59.81</ele>
        <time>2026-07-12T15:32:42Z</time>
      </trkpt>
      <trkpt lat="33.56349" lon="-117.76566">
        <ele>59.47</ele>
        <time>2026-07-12T15:32:45Z</time>
      </trkpt>
      <trkpt lat="33.56346" lon="-117.76568">
        <ele>58.86</ele>
        <time>2026-07-12T15:32:48Z</time>
      </trkpt>
      <trkpt lat="33.56344" lon="-117.7657">
        <ele>58.39</ele>
        <time>2026-07-12T15:32:51Z</time>
      </trkpt>
      <trkpt lat="33.56341" lon="-117.76571">
        <ele>57.25</ele>
        <time>2026-07-12T15:32:54Z</time>
      </trkpt>
      <trkpt lat="33.56338" lon="-117.76574">
        <ele>56.01</ele>
        <time>2026-07-12T15:32:58Z</time>
      </trkpt>
      <trkpt lat="33.56337" lon="-117.76578">
        <ele>55.84</ele>
        <time>2026-07-12T15:33:01Z</time>
      </trkpt>
      <trkpt lat="33.56336" lon="-117.76581">
        <ele>55.68</ele>
        <time>2026-07-12T15:33:03Z</time>
      </trkpt>
      <trkpt lat="33.56335" lon="-117.76585">
        <ele>55.39</ele>
        <time>2026-07-12T15:33:06Z</time>
      </trkpt>
      <trkpt lat="33.56334" lon="-117.76589">
        <ele>54.65</ele>
        <time>2026-07-12T15:33:09Z</time>
      </trkpt>
      <trkpt lat="33.56333" lon="-117.76594">
        <ele>53.89</ele>
        <time>2026-07-12T15:33:12Z</time>
      </trkpt>
      <trkpt lat="33.56333" lon="-117.76598">
        <ele>53.89</ele>
        <time>2026-07-12T15:33:15Z</time>
      </trkpt>
      <trkpt lat="33.56332" lon="-117.76602">
        <ele>53.57</ele>
        <time>2026-07-12T15:33:18Z</time>
      </trkpt>
      <trkpt lat="33.56331" lon="-117.76606">
        <ele>53.24</ele>
        <time>2026-07-12T15:33:21Z</time>
      </trkpt>
      <trkpt lat="33.56331" lon="-117.7661">
        <ele>53.24</ele>
        <time>2026-07-12T15:33:24Z</time>
      </trkpt>
      <trkpt lat="33.5633" lon="-117.76614">
        <ele>52.81</ele>
        <time>2026-07-12T15:33:27Z</time>
      </trkpt>
      <trkpt lat="33.56329" lon="-117.76618">
        <ele>52.25</ele>
        <time>2026-07-12T15:33:30Z</time>
      </trkpt>
      <trkpt lat="33.56328" lon="-117.76621">
        <ele>51.6</ele>
        <time>2026-07-12T15:33:33Z</time>
      </trkpt>
      <trkpt lat="33.56328" lon="-117.76625">
        <ele>50.98</ele>
        <time>2026-07-12T15:33:36Z</time>
      </trkpt>
      <trkpt lat="33.56328" lon="-117.76629">
        <ele>50.37</ele>
        <time>2026-07-12T15:33:39Z</time>
      </trkpt>
      <trkpt lat="33.56327" lon="-117.76632">
        <ele>49.69</ele>
        <time>2026-07-12T15:33:42Z</time>
      </trkpt>
      <trkpt lat="33.56327" lon="-117.76635">
        <ele>49.37</ele>
        <time>2026-07-12T15:33:45Z</time>
      </trkpt>
      <trkpt lat="33.56327" lon="-117.76639">
        <ele>48.93</ele>
        <time>2026-07-12T15:33:48Z</time>
      </trkpt>
      <trkpt lat="33.56329" lon="-117.76642">
        <ele>49.08</ele>
        <time>2026-07-12T15:33:51Z</time>
      </trkpt>
      <trkpt lat="33.5633" lon="-117.76645">
        <ele>48.84</ele>
        <time>2026-07-12T15:33:54Z</time>
      </trkpt>
      <trkpt lat="33.56331" lon="-117.76649">
        <ele>48.4</ele>
        <time>2026-07-12T15:33:57Z</time>
      </trkpt>
      <trkpt lat="33.56331" lon="-117.76652">
        <ele>48.08</ele>
        <time>2026-07-12T15:34:00Z</time>
      </trkpt>
      <trkpt lat="33.56332" lon="-117.76656">
        <ele>47.86</ele>
        <time>2026-07-12T15:34:03Z</time>
      </trkpt>
      <trkpt lat="33.56333" lon="-117.7666">
        <ele>47.62</ele>
        <time>2026-07-12T15:34:06Z</time>
      </trkpt>
      <trkpt lat="33.56334" lon="-117.76663">
        <ele>47.54</ele>
        <time>2026-07-12T15:34:09Z</time>
      </trkpt>
      <trkpt lat="33.56335" lon="-117.76666">
        <ele>47.43</ele>
        <time>2026-07-12T15:34:12Z</time>
      </trkpt>
      <trkpt lat="33.56335" lon="-117.7667">
        <ele>46.28</ele>
        <time>2026-07-12T15:34:15Z</time>
      </trkpt>
      <trkpt lat="33.56333" lon="-117.76674">
        <ele>44.5</ele>
        <time>2026-07-12T15:34:18Z</time>
      </trkpt>
      <trkpt lat="33.56332" lon="-117.76678">
        <ele>43.18</ele>
        <time>2026-07-12T15:34:21Z</time>
      </trkpt>
      <trkpt lat="33.56332" lon="-117.76681">
        <ele>42.63</ele>
        <time>2026-07-12T15:34:25Z</time>
      </trkpt>
      <trkpt lat="33.56333" lon="-117.76685">
        <ele>42.0</ele>
        <time>2026-07-12T15:34:30Z</time>
      </trkpt>
      <trkpt lat="33.56336" lon="-117.76688">
        <ele>41.98</ele>
        <time>2026-07-12T15:34:33Z</time>
      </trkpt>
      <trkpt lat="33.56338" lon="-117.76691">
        <ele>41.88</ele>
        <time>2026-07-12T15:34:36Z</time>
      </trkpt>
      <trkpt lat="33.5634" lon="-117.76694">
        <ele>41.77</ele>
        <time>2026-07-12T15:34:39Z</time>
      </trkpt>
      <trkpt lat="33.56342" lon="-117.76697">
        <ele>41.94</ele>
        <time>2026-07-12T15:34:41Z</time>
      </trkpt>
      <trkpt lat="33.56344" lon="-117.76701">
        <ele>42.0</ele>
        <time>2026-07-12T15:34:44Z</time>
      </trkpt>
      <trkpt lat="33.56345" lon="-117.76705">
        <ele>41.96</ele>
        <time>2026-07-12T15:34:47Z</time>
      </trkpt>
      <trkpt lat="33.56347" lon="-117.76708">
        <ele>41.78</ele>
        <time>2026-07-12T15:34:50Z</time>
      </trkpt>
      <trkpt lat="33.56349" lon="-117.76712">
        <ele>41.38</ele>
        <time>2026-07-12T15:34:53Z</time>
      </trkpt>
      <trkpt lat="33.56351" lon="-117.76716">
        <ele>41.06</ele>
        <time>2026-07-12T15:34:56Z</time>
      </trkpt>
      <trkpt lat="33.56353" lon="-117.7672">
        <ele>41.0</ele>
        <time>2026-07-12T15:34:59Z</time>
      </trkpt>
      <trkpt lat="33.56355" lon="-117.76724">
        <ele>41.0</ele>
        <time>2026-07-12T15:35:02Z</time>
      </trkpt>
      <trkpt lat="33.56357" lon="-117.76727">
        <ele>41.0</ele>
        <time>2026-07-12T15:35:05Z</time>
      </trkpt>
      <trkpt lat="33.5636" lon="-117.76731">
        <ele>41.0</ele>
        <time>2026-07-12T15:35:08Z</time>
      </trkpt>
      <trkpt lat="33.56362" lon="-117.76735">
        <ele>41.1</ele>
        <time>2026-07-12T15:35:11Z</time>
      </trkpt>
      <trkpt lat="33.56365" lon="-117.76738">
        <ele>41.42</ele>
        <time>2026-07-12T15:35:14Z</time>
      </trkpt>
      <trkpt lat="33.56367" lon="-117.76742">
        <ele>41.64</ele>
        <time>2026-07-12T15:35:17Z</time>
      </trkpt>
      <trkpt lat="33.5637" lon="-117.76745">
        <ele>41.96</ele>
        <time>2026-07-12T15:35:20Z</time>
      </trkpt>
      <trkpt lat="33.56372" lon="-117.76749">
        <ele>42.18</ele>
        <time>2026-07-12T15:35:23Z</time>
      </trkpt>
      <trkpt lat="33.56374" lon="-117.76752">
        <ele>42.31</ele>
        <time>2026-07-12T15:35:26Z</time>
      </trkpt>
      <trkpt lat="33.56375" lon="-117.76755">
        <ele>42.23</ele>
        <time>2026-07-12T15:35:29Z</time>
      </trkpt>
      <trkpt lat="33.56374" lon="-117.76759">
        <ele>42.01</ele>
        <time>2026-07-12T15:35:32Z</time>
      </trkpt>
      <trkpt lat="33.56374" lon="-117.76763">
        <ele>42.0</ele>
        <time>2026-07-12T15:35:35Z</time>
      </trkpt>
      <trkpt lat="33.56374" lon="-117.76767">
        <ele>42.0</ele>
        <time>2026-07-12T15:35:38Z</time>
      </trkpt>
      <trkpt lat="33.56374" lon="-117.7677">
        <ele>42.0</ele>
        <time>2026-07-12T15:35:40Z</time>
      </trkpt>
      <trkpt lat="33.56375" lon="-117.76774">
        <ele>42.0</ele>
        <time>2026-07-12T15:35:42Z</time>
      </trkpt>
      <trkpt lat="33.56375" lon="-117.76779">
        <ele>42.0</ele>
        <time>2026-07-12T15:35:45Z</time>
      </trkpt>
      <trkpt lat="33.56375" lon="-117.76783">
        <ele>42.0</ele>
        <time>2026-07-12T15:35:48Z</time>
      </trkpt>
      <trkpt lat="33.56375" lon="-117.76787">
        <ele>42.0</ele>
        <time>2026-07-12T15:35:51Z</time>
      </trkpt>
      <trkpt lat="33.56374" lon="-117.76791">
        <ele>42.0</ele>
        <time>2026-07-12T15:35:54Z</time>
      </trkpt>
      <trkpt lat="33.56373" lon="-117.76795">
        <ele>42.0</ele>
        <time>2026-07-12T15:35:57Z</time>
      </trkpt>
      <trkpt lat="33.56372" lon="-117.768">
        <ele>42.0</ele>
        <time>2026-07-12T15:36:00Z</time>
      </trkpt>
      <trkpt lat="33.56372" lon="-117.76804">
        <ele>42.0</ele>
        <time>2026-07-12T15:36:03Z</time>
      </trkpt>
      <trkpt lat="33.56374" lon="-117.76807">
        <ele>42.0</ele>
        <time>2026-07-12T15:36:06Z</time>
      </trkpt>
      <trkpt lat="33.56376" lon="-117.76809">
        <ele>42.0</ele>
        <time>2026-07-12T15:36:09Z</time>
      </trkpt>
      <trkpt lat="33.56378" lon="-117.76812">
        <ele>42.0</ele>
        <time>2026-07-12T15:36:12Z</time>
      </trkpt>
      <trkpt lat="33.5638" lon="-117.76815">
        <ele>42.2</ele>
        <time>2026-07-12T15:36:15Z</time>
      </trkpt>
      <trkpt lat="33.56382" lon="-117.76817">
        <ele>43.28</ele>
        <time>2026-07-12T15:36:18Z</time>
      </trkpt>
      <trkpt lat="33.56383" lon="-117.76821">
        <ele>43.82</ele>
        <time>2026-07-12T15:36:22Z</time>
      </trkpt>
      <trkpt lat="33.56385" lon="-117.76824">
        <ele>44.9</ele>
        <time>2026-07-12T15:36:26Z</time>
      </trkpt>
      <trkpt lat="33.56386" lon="-117.76827">
        <ele>45.66</ele>
        <time>2026-07-12T15:36:30Z</time>
      </trkpt>
      <trkpt lat="33.56388" lon="-117.7683">
        <ele>47.1</ele>
        <time>2026-07-12T15:36:35Z</time>
      </trkpt>
      <trkpt lat="33.56388" lon="-117.76834">
        <ele>47.5</ele>
        <time>2026-07-12T15:36:40Z</time>
      </trkpt>
      <trkpt lat="33.56388" lon="-117.76838">
        <ele>47.93</ele>
        <time>2026-07-12T15:36:45Z</time>
      </trkpt>
      <trkpt lat="33.56388" lon="-117.76841">
        <ele>48.25</ele>
        <time>2026-07-12T15:36:49Z</time>
      </trkpt>
      <trkpt lat="33.56388" lon="-117.76844">
        <ele>48.7</ele>
        <time>2026-07-12T15:36:53Z</time>
      </trkpt>
      <trkpt lat="33.56388" lon="-117.76848">
        <ele>49.48</ele>
        <time>2026-07-12T15:36:57Z</time>
      </trkpt>
      <trkpt lat="33.56388" lon="-117.76853">
        <ele>50.26</ele>
        <time>2026-07-12T15:37:00Z</time>
      </trkpt>
      <trkpt lat="33.56387" lon="-117.76857">
        <ele>49.59</ele>
        <time>2026-07-12T15:37:03Z</time>
      </trkpt>
      <trkpt lat="33.56387" lon="-117.76861">
        <ele>49.77</ele>
        <time>2026-07-12T15:37:06Z</time>
      </trkpt>
      <trkpt lat="33.56387" lon="-117.76865">
        <ele>50.2</ele>
        <time>2026-07-12T15:37:09Z</time>
      </trkpt>
      <trkpt lat="33.56386" lon="-117.76869">
        <ele>49.98</ele>
        <time>2026-07-12T15:37:13Z</time>
      </trkpt>
      <trkpt lat="33.56386" lon="-117.76872">
        <ele>50.53</ele>
        <time>2026-07-12T15:37:16Z</time>
      </trkpt>
      <trkpt lat="33.56385" lon="-117.76876">
        <ele>50.95</ele>
        <time>2026-07-12T15:37:19Z</time>
      </trkpt>
      <trkpt lat="33.56383" lon="-117.76879">
        <ele>50.64</ele>
        <time>2026-07-12T15:37:22Z</time>
      </trkpt>
      <trkpt lat="33.56383" lon="-117.76883">
        <ele>51.65</ele>
        <time>2026-07-12T15:37:25Z</time>
      </trkpt>
      <trkpt lat="33.56383" lon="-117.76887">
        <ele>52.63</ele>
        <time>2026-07-12T15:37:28Z</time>
      </trkpt>
      <trkpt lat="33.56383" lon="-117.7689">
        <ele>53.21</ele>
        <time>2026-07-12T15:37:31Z</time>
      </trkpt>
      <trkpt lat="33.56383" lon="-117.76893">
        <ele>53.54</ele>
        <time>2026-07-12T15:37:34Z</time>
      </trkpt>
      <trkpt lat="33.56383" lon="-117.76897">
        <ele>53.97</ele>
        <time>2026-07-12T15:37:39Z</time>
      </trkpt>
      <trkpt lat="33.56383" lon="-117.769">
        <ele>54.16</ele>
        <time>2026-07-12T15:37:46Z</time>
      </trkpt>
      <trkpt lat="33.56383" lon="-117.76904">
        <ele>54.32</ele>
        <time>2026-07-12T15:37:50Z</time>
      </trkpt>
      <trkpt lat="33.56383" lon="-117.76907">
        <ele>54.44</ele>
        <time>2026-07-12T15:37:54Z</time>
      </trkpt>
      <trkpt lat="33.56383" lon="-117.7691">
        <ele>54.35</ele>
        <time>2026-07-12T15:37:58Z</time>
      </trkpt>
      <trkpt lat="33.56382" lon="-117.76914">
        <ele>53.84</ele>
        <time>2026-07-12T15:38:02Z</time>
      </trkpt>
      <trkpt lat="33.5638" lon="-117.76917">
        <ele>53.08</ele>
        <time>2026-07-12T15:38:06Z</time>
      </trkpt>
      <trkpt lat="33.56378" lon="-117.76918">
        <ele>52.18</ele>
        <time>2026-07-12T15:38:09Z</time>
      </trkpt>
      <trkpt lat="33.56376" lon="-117.7692">
        <ele>51.21</ele>
        <time>2026-07-12T15:38:13Z</time>
      </trkpt>
      <trkpt lat="33.56373" lon="-117.76923">
        <ele>49.94</ele>
        <time>2026-07-12T15:38:18Z</time>
      </trkpt>
      <trkpt lat="33.56371" lon="-117.76926">
        <ele>49.18</ele>
        <time>2026-07-12T15:38:24Z</time>
      </trkpt>
      <trkpt lat="33.5637" lon="-117.76929">
        <ele>47.76</ele>
        <time>2026-07-12T15:38:31Z</time>
      </trkpt>
      <trkpt lat="33.56369" lon="-117.76932">
        <ele>46.29</ele>
        <time>2026-07-12T15:38:38Z</time>
      </trkpt>
      <trkpt lat="33.56368" lon="-117.76935">
        <ele>45.02</ele>
        <time>2026-07-12T15:38:44Z</time>
      </trkpt>
      <trkpt lat="33.56368" lon="-117.76939">
        <ele>44.47</ele>
        <time>2026-07-12T15:38:49Z</time>
      </trkpt>
      <trkpt lat="33.56366" lon="-117.76943">
        <ele>43.62</ele>
        <time>2026-07-12T15:38:54Z</time>
      </trkpt>
      <trkpt lat="33.56365" lon="-117.76946">
        <ele>43.25</ele>
        <time>2026-07-12T15:38:58Z</time>
      </trkpt>
      <trkpt lat="33.56364" lon="-117.7695">
        <ele>42.71</ele>
        <time>2026-07-12T15:39:01Z</time>
      </trkpt>
      <trkpt lat="33.56362" lon="-117.76954">
        <ele>42.1</ele>
        <time>2026-07-12T15:39:03Z</time>
      </trkpt>
      <trkpt lat="33.56361" lon="-117.76958">
        <ele>42.0</ele>
        <time>2026-07-12T15:39:05Z</time>
      </trkpt>
      <trkpt lat="33.5636" lon="-117.76961">
        <ele>42.0</ele>
        <time>2026-07-12T15:39:07Z</time>
      </trkpt>
      <trkpt lat="33.56361" lon="-117.76965">
        <ele>42.0</ele>
        <time>2026-07-12T15:39:10Z</time>
      </trkpt>
      <trkpt lat="33.56359" lon="-117.76968">
        <ele>42.0</ele>
        <time>2026-07-12T15:39:13Z</time>
      </trkpt>
      <trkpt lat="33.56357" lon="-117.76971">
        <ele>42.0</ele>
        <time>2026-07-12T15:39:16Z</time>
      </trkpt>
      <trkpt lat="33.56354" lon="-117.76973">
        <ele>42.02</ele>
        <time>2026-07-12T15:39:19Z</time>
      </trkpt>
      <trkpt lat="33.56352" lon="-117.76975">
        <ele>42.0</ele>
        <time>2026-07-12T15:39:22Z</time>
      </trkpt>
      <trkpt lat="33.5635" lon="-117.76979">
        <ele>42.0</ele>
        <time>2026-07-12T15:39:25Z</time>
      </trkpt>
      <trkpt lat="33.56348" lon="-117.76982">
        <ele>41.93</ele>
        <time>2026-07-12T15:39:27Z</time>
      </trkpt>
      <trkpt lat="33.56346" lon="-117.76984">
        <ele>41.8</ele>
        <time>2026-07-12T15:39:29Z</time>
      </trkpt>
      <trkpt lat="33.56344" lon="-117.76987">
        <ele>41.82</ele>
        <time>2026-07-12T15:39:31Z</time>
      </trkpt>
      <trkpt lat="33.56342" lon="-117.76989">
        <ele>41.94</ele>
        <time>2026-07-12T15:39:33Z</time>
      </trkpt>
      <trkpt lat="33.5634" lon="-117.76992">
        <ele>41.72</ele>
        <time>2026-07-12T15:39:35Z</time>
      </trkpt>
      <trkpt lat="33.56338" lon="-117.76996">
        <ele>41.5</ele>
        <time>2026-07-12T15:39:38Z</time>
      </trkpt>
      <trkpt lat="33.5634" lon="-117.76999">
        <ele>41.72</ele>
        <time>2026-07-12T15:39:41Z</time>
      </trkpt>
      <trkpt lat="33.56344" lon="-117.77002">
        <ele>42.03</ele>
        <time>2026-07-12T15:39:43Z</time>
      </trkpt>
      <trkpt lat="33.56345" lon="-117.77004">
        <ele>42.11</ele>
        <time>2026-07-12T15:39:45Z</time>
      </trkpt>
      <trkpt lat="33.56346" lon="-117.77008">
        <ele>42.32</ele>
        <time>2026-07-12T15:39:48Z</time>
      </trkpt>
      <trkpt lat="33.56343" lon="-117.77012">
        <ele>41.76</ele>
        <time>2026-07-12T15:39:51Z</time>
      </trkpt>
      <trkpt lat="33.56341" lon="-117.77014">
        <ele>41.4</ele>
        <time>2026-07-12T15:39:53Z</time>
      </trkpt>
      <trkpt lat="33.56339" lon="-117.77018">
        <ele>41.03</ele>
        <time>2026-07-12T15:39:56Z</time>
      </trkpt>
      <trkpt lat="33.56341" lon="-117.7702">
        <ele>41.13</ele>
        <time>2026-07-12T15:40:10Z</time>
      </trkpt>
      <trkpt lat="33.56345" lon="-117.77022">
        <ele>41.9</ele>
        <time>2026-07-12T15:40:14Z</time>
      </trkpt>
      <trkpt lat="33.56347" lon="-117.77022">
        <ele>42.33</ele>
        <time>2026-07-12T15:40:16Z</time>
      </trkpt>
      <trkpt lat="33.56351" lon="-117.77024">
        <ele>43.41</ele>
        <time>2026-07-12T15:40:19Z</time>
      </trkpt>
      <trkpt lat="33.56353" lon="-117.77026">
        <ele>44.06</ele>
        <time>2026-07-12T15:40:22Z</time>
      </trkpt>
      <trkpt lat="33.56356" lon="-117.77028">
        <ele>44.93</ele>
        <time>2026-07-12T15:40:26Z</time>
      </trkpt>
      <trkpt lat="33.56358" lon="-117.7703">
        <ele>45.73</ele>
        <time>2026-07-12T15:40:30Z</time>
      </trkpt>
      <trkpt lat="33.5636" lon="-117.77032">
        <ele>46.62</ele>
        <time>2026-07-12T15:40:35Z</time>
      </trkpt>
      <trkpt lat="33.56362" lon="-117.77035">
        <ele>47.75</ele>
        <time>2026-07-12T15:40:40Z</time>
      </trkpt>
      <trkpt lat="33.56364" lon="-117.77037">
        <ele>48.62</ele>
        <time>2026-07-12T15:40:45Z</time>
      </trkpt>
      <trkpt lat="33.56366" lon="-117.7704">
        <ele>49.09</ele>
        <time>2026-07-12T15:40:51Z</time>
      </trkpt>
      <trkpt lat="33.56369" lon="-117.77042">
        <ele>50.46</ele>
        <time>2026-07-12T15:40:56Z</time>
      </trkpt>
      <trkpt lat="33.56371" lon="-117.77044">
        <ele>51.57</ele>
        <time>2026-07-12T15:41:01Z</time>
      </trkpt>
      <trkpt lat="33.56373" lon="-117.77046">
        <ele>52.22</ele>
        <time>2026-07-12T15:41:06Z</time>
      </trkpt>
      <trkpt lat="33.56374" lon="-117.77049">
        <ele>52.8</ele>
        <time>2026-07-12T15:41:12Z</time>
      </trkpt>
      <trkpt lat="33.56376" lon="-117.77052">
        <ele>53.6</ele>
        <time>2026-07-12T15:41:17Z</time>
      </trkpt>
      <trkpt lat="33.56378" lon="-117.77055">
        <ele>54.54</ele>
        <time>2026-07-12T15:41:22Z</time>
      </trkpt>
      <trkpt lat="33.5638" lon="-117.77057">
        <ele>55.39</ele>
        <time>2026-07-12T15:41:26Z</time>
      </trkpt>
      <trkpt lat="33.56382" lon="-117.7706">
        <ele>56.47</ele>
        <time>2026-07-12T15:41:31Z</time>
      </trkpt>
      <trkpt lat="33.56384" lon="-117.77062">
        <ele>57.34</ele>
        <time>2026-07-12T15:41:36Z</time>
      </trkpt>
      <trkpt lat="33.56386" lon="-117.77065">
        <ele>58.38</ele>
        <time>2026-07-12T15:41:40Z</time>
      </trkpt>
      <trkpt lat="33.56387" lon="-117.77069">
        <ele>59.03</ele>
        <time>2026-07-12T15:41:44Z</time>
      </trkpt>
      <trkpt lat="33.56389" lon="-117.77072">
        <ele>60.58</ele>
        <time>2026-07-12T15:41:49Z</time>
      </trkpt>
      <trkpt lat="33.56391" lon="-117.77075">
        <ele>61.68</ele>
        <time>2026-07-12T15:41:54Z</time>
      </trkpt>
      <trkpt lat="33.56392" lon="-117.77077">
        <ele>62.41</ele>
        <time>2026-07-12T15:42:00Z</time>
      </trkpt>
      <trkpt lat="33.56393" lon="-117.7708">
        <ele>63.45</ele>
        <time>2026-07-12T15:42:06Z</time>
      </trkpt>
      <trkpt lat="33.56391" lon="-117.77083">
        <ele>63.6</ele>
        <time>2026-07-12T15:42:11Z</time>
      </trkpt>
      <trkpt lat="33.56391" lon="-117.77086">
        <ele>64.7</ele>
        <time>2026-07-12T15:42:24Z</time>
      </trkpt>
      <trkpt lat="33.56391" lon="-117.77089">
        <ele>65.85</ele>
        <time>2026-07-12T15:42:27Z</time>
      </trkpt>
      <trkpt lat="33.56391" lon="-117.77092">
        <ele>67.0</ele>
        <time>2026-07-12T15:42:31Z</time>
      </trkpt>
      <trkpt lat="33.56392" lon="-117.77096">
        <ele>68.44</ele>
        <time>2026-07-12T15:42:36Z</time>
      </trkpt>
      <trkpt lat="33.56393" lon="-117.77099">
        <ele>69.29</ele>
        <time>2026-07-12T15:42:41Z</time>
      </trkpt>
      <trkpt lat="33.56393" lon="-117.77103">
        <ele>70.47</ele>
        <time>2026-07-12T15:42:49Z</time>
      </trkpt>
      <trkpt lat="33.56394" lon="-117.77105">
        <ele>70.95</ele>
        <time>2026-07-12T15:43:00Z</time>
      </trkpt>
      <trkpt lat="33.56395" lon="-117.77108">
        <ele>71.88</ele>
        <time>2026-07-12T15:43:08Z</time>
      </trkpt>
      <trkpt lat="33.56399" lon="-117.77109">
        <ele>72.15</ele>
        <time>2026-07-12T15:43:12Z</time>
      </trkpt>
      <trkpt lat="33.56402" lon="-117.77109">
        <ele>72.37</ele>
        <time>2026-07-12T15:43:15Z</time>
      </trkpt>
      <trkpt lat="33.56405" lon="-117.77111">
        <ele>72.98</ele>
        <time>2026-07-12T15:43:21Z</time>
      </trkpt>
      <trkpt lat="33.56407" lon="-117.77112">
        <ele>73.29</ele>
        <time>2026-07-12T15:43:27Z</time>
      </trkpt>
      <trkpt lat="33.56409" lon="-117.7711">
        <ele>73.09</ele>
        <time>2026-07-12T15:43:43Z</time>
      </trkpt>
      <trkpt lat="33.56413" lon="-117.77112">
        <ele>73.83</ele>
        <time>2026-07-12T15:45:20Z</time>
      </trkpt>
      <trkpt lat="33.56417" lon="-117.77115">
        <ele>74.9</ele>
        <time>2026-07-12T15:45:22Z</time>
      </trkpt>
      <trkpt lat="33.5642" lon="-117.77118">
        <ele>75.94</ele>
        <time>2026-07-12T15:45:24Z</time>
      </trkpt>
      <trkpt lat="33.56423" lon="-117.77121">
        <ele>76.86</ele>
        <time>2026-07-12T15:45:27Z</time>
      </trkpt>
      <trkpt lat="33.56423" lon="-117.77124">
        <ele>77.72</ele>
        <time>2026-07-12T15:45:31Z</time>
      </trkpt>
      <trkpt lat="33.56424" lon="-117.77127">
        <ele>78.52</ele>
        <time>2026-07-12T15:45:37Z</time>
      </trkpt>
      <trkpt lat="33.56424" lon="-117.77131">
        <ele>79.65</ele>
        <time>2026-07-12T15:45:42Z</time>
      </trkpt>
      <trkpt lat="33.56426" lon="-117.77134">
        <ele>80.42</ele>
        <time>2026-07-12T15:45:48Z</time>
      </trkpt>
      <trkpt lat="33.56428" lon="-117.77136">
        <ele>81.13</ele>
        <time>2026-07-12T15:45:55Z</time>
      </trkpt>
      <trkpt lat="33.5643" lon="-117.77134">
        <ele>80.65</ele>
        <time>2026-07-12T15:46:06Z</time>
      </trkpt>
      <trkpt lat="33.56432" lon="-117.77137">
        <ele>81.52</ele>
        <time>2026-07-12T15:46:11Z</time>
      </trkpt>
      <trkpt lat="33.56433" lon="-117.7714">
        <ele>82.48</ele>
        <time>2026-07-12T15:46:16Z</time>
      </trkpt>
      <trkpt lat="33.56435" lon="-117.77142">
        <ele>83.34</ele>
        <time>2026-07-12T15:46:21Z</time>
      </trkpt>
      <trkpt lat="33.56437" lon="-117.77144">
        <ele>84.3</ele>
        <time>2026-07-12T15:46:27Z</time>
      </trkpt>
      <trkpt lat="33.56439" lon="-117.77147">
        <ele>85.56</ele>
        <time>2026-07-12T15:46:34Z</time>
      </trkpt>
      <trkpt lat="33.56442" lon="-117.77148">
        <ele>85.95</ele>
        <time>2026-07-12T15:46:42Z</time>
      </trkpt>
      <trkpt lat="33.56444" lon="-117.77149">
        <ele>86.28</ele>
        <time>2026-07-12T15:46:55Z</time>
      </trkpt>
      <trkpt lat="33.56447" lon="-117.77151">
        <ele>87.11</ele>
        <time>2026-07-12T15:47:05Z</time>
      </trkpt>
      <trkpt lat="33.5645" lon="-117.77153">
        <ele>87.86</ele>
        <time>2026-07-12T15:47:27Z</time>
      </trkpt>
      <trkpt lat="33.56452" lon="-117.77155">
        <ele>88.43</ele>
        <time>2026-07-12T15:47:34Z</time>
      </trkpt>
      <trkpt lat="33.56454" lon="-117.77158">
        <ele>89.16</ele>
        <time>2026-07-12T15:47:43Z</time>
      </trkpt>
      <trkpt lat="33.56455" lon="-117.77162">
        <ele>90.13</ele>
        <time>2026-07-12T15:47:48Z</time>
      </trkpt>
      <trkpt lat="33.56455" lon="-117.77167">
        <ele>91.24</ele>
        <time>2026-07-12T15:47:50Z</time>
      </trkpt>
      <trkpt lat="33.56457" lon="-117.7717">
        <ele>92.18</ele>
        <time>2026-07-12T15:47:53Z</time>
      </trkpt>
      <trkpt lat="33.56459" lon="-117.7717">
        <ele>92.24</ele>
        <time>2026-07-12T15:47:56Z</time>
      </trkpt>
      <trkpt lat="33.56462" lon="-117.7717">
        <ele>92.33</ele>
        <time>2026-07-12T15:47:59Z</time>
      </trkpt>
      <trkpt lat="33.56465" lon="-117.7717">
        <ele>92.58</ele>
        <time>2026-07-12T15:48:02Z</time>
      </trkpt>
      <trkpt lat="33.56468" lon="-117.77172">
        <ele>93.12</ele>
        <time>2026-07-12T15:48:06Z</time>
      </trkpt>
      <trkpt lat="33.56471" lon="-117.77173">
        <ele>93.55</ele>
        <time>2026-07-12T15:48:10Z</time>
      </trkpt>
      <trkpt lat="33.56473" lon="-117.77174">
        <ele>93.86</ele>
        <time>2026-07-12T15:48:15Z</time>
      </trkpt>
      <trkpt lat="33.56473" lon="-117.77178">
        <ele>94.76</ele>
        <time>2026-07-12T15:48:21Z</time>
      </trkpt>
      <trkpt lat="33.5647" lon="-117.7718">
        <ele>95.08</ele>
        <time>2026-07-12T15:48:25Z</time>
      </trkpt>
      <trkpt lat="33.56469" lon="-117.77183">
        <ele>95.94</ele>
        <time>2026-07-12T15:48:30Z</time>
      </trkpt>
      <trkpt lat="33.56469" lon="-117.77187">
        <ele>97.11</ele>
        <time>2026-07-12T15:48:36Z</time>
      </trkpt>
      <trkpt lat="33.56467" lon="-117.7719">
        <ele>97.77</ele>
        <time>2026-07-12T15:48:42Z</time>
      </trkpt>
      <trkpt lat="33.56466" lon="-117.77194">
        <ele>98.87</ele>
        <time>2026-07-12T15:49:53Z</time>
      </trkpt>
      <trkpt lat="33.56465" lon="-117.77197">
        <ele>99.61</ele>
        <time>2026-07-12T15:49:55Z</time>
      </trkpt>
      <trkpt lat="33.56463" lon="-117.77201">
        <ele>100.42</ele>
        <time>2026-07-12T15:49:58Z</time>
      </trkpt>
      <trkpt lat="33.56461" lon="-117.77205">
        <ele>101.21</ele>
        <time>2026-07-12T15:50:01Z</time>
      </trkpt>
      <trkpt lat="33.56457" lon="-117.77207">
        <ele>101.42</ele>
        <time>2026-07-12T15:50:04Z</time>
      </trkpt>
      <trkpt lat="33.56454" lon="-117.77208">
        <ele>101.42</ele>
        <time>2026-07-12T15:50:06Z</time>
      </trkpt>
      <trkpt lat="33.56451" lon="-117.77208">
        <ele>101.39</ele>
        <time>2026-07-12T15:50:08Z</time>
      </trkpt>
      <trkpt lat="33.56448" lon="-117.7721">
        <ele>102.04</ele>
        <time>2026-07-12T15:50:11Z</time>
      </trkpt>
      <trkpt lat="33.56448" lon="-117.77213">
        <ele>103.01</ele>
        <time>2026-07-12T15:50:16Z</time>
      </trkpt>
      <trkpt lat="33.5645" lon="-117.77215">
        <ele>103.57</ele>
        <time>2026-07-12T15:50:20Z</time>
      </trkpt>
      <trkpt lat="33.56451" lon="-117.77218">
        <ele>104.47</ele>
        <time>2026-07-12T15:50:26Z</time>
      </trkpt>
      <trkpt lat="33.56454" lon="-117.77221">
        <ele>105.64</ele>
        <time>2026-07-12T15:50:31Z</time>
      </trkpt>
      <trkpt lat="33.56457" lon="-117.77222">
        <ele>106.28</ele>
        <time>2026-07-12T15:50:36Z</time>
      </trkpt>
      <trkpt lat="33.56459" lon="-117.77224">
        <ele>107.07</ele>
        <time>2026-07-12T15:50:40Z</time>
      </trkpt>
      <trkpt lat="33.56462" lon="-117.77226">
        <ele>108.08</ele>
        <time>2026-07-12T15:50:45Z</time>
      </trkpt>
      <trkpt lat="33.56464" lon="-117.77228">
        <ele>109.03</ele>
        <time>2026-07-12T15:50:50Z</time>
      </trkpt>
      <trkpt lat="33.56466" lon="-117.7723">
        <ele>109.9</ele>
        <time>2026-07-12T15:50:56Z</time>
      </trkpt>
      <trkpt lat="33.56466" lon="-117.77233">
        <ele>110.66</ele>
        <time>2026-07-12T15:51:26Z</time>
      </trkpt>
      <trkpt lat="33.56468" lon="-117.77237">
        <ele>111.74</ele>
        <time>2026-07-12T15:51:31Z</time>
      </trkpt>
      <trkpt lat="33.56469" lon="-117.7724">
        <ele>112.49</ele>
        <time>2026-07-12T15:51:36Z</time>
      </trkpt>
      <trkpt lat="33.56473" lon="-117.77241">
        <ele>113.11</ele>
        <time>2026-07-12T15:51:39Z</time>
      </trkpt>
      <trkpt lat="33.56476" lon="-117.77243">
        <ele>113.65</ele>
        <time>2026-07-12T15:51:42Z</time>
      </trkpt>
      <trkpt lat="33.56479" lon="-117.77245">
        <ele>114.19</ele>
        <time>2026-07-12T15:51:47Z</time>
      </trkpt>
      <trkpt lat="33.5648" lon="-117.77248">
        <ele>114.62</ele>
        <time>2026-07-12T15:51:52Z</time>
      </trkpt>
      <trkpt lat="33.56478" lon="-117.77252">
        <ele>115.06</ele>
        <time>2026-07-12T15:51:56Z</time>
      </trkpt>
      <trkpt lat="33.56476" lon="-117.77255">
        <ele>115.49</ele>
        <time>2026-07-12T15:51:59Z</time>
      </trkpt>
      <trkpt lat="33.56476" lon="-117.77259">
        <ele>116.35</ele>
        <time>2026-07-12T15:52:03Z</time>
      </trkpt>
      <trkpt lat="33.56479" lon="-117.77261">
        <ele>116.73</ele>
        <time>2026-07-12T15:52:32Z</time>
      </trkpt>
      <trkpt lat="33.56482" lon="-117.77261">
        <ele>117.11</ele>
        <time>2026-07-12T15:52:36Z</time>
      </trkpt>
      <trkpt lat="33.56485" lon="-117.77262">
        <ele>117.76</ele>
        <time>2026-07-12T15:52:39Z</time>
      </trkpt>
      <trkpt lat="33.56488" lon="-117.77263">
        <ele>118.41</ele>
        <time>2026-07-12T15:52:43Z</time>
      </trkpt>
      <trkpt lat="33.5649" lon="-117.77264">
        <ele>118.84</ele>
        <time>2026-07-12T15:52:47Z</time>
      </trkpt>
      <trkpt lat="33.56493" lon="-117.77266">
        <ele>119.24</ele>
        <time>2026-07-12T15:52:51Z</time>
      </trkpt>
      <trkpt lat="33.56496" lon="-117.77267">
        <ele>119.57</ele>
        <time>2026-07-12T15:52:55Z</time>
      </trkpt>
      <trkpt lat="33.56498" lon="-117.77268">
        <ele>119.78</ele>
        <time>2026-07-12T15:52:59Z</time>
      </trkpt>
      <trkpt lat="33.565" lon="-117.77269">
        <ele>120.05</ele>
        <time>2026-07-12T15:53:03Z</time>
      </trkpt>
      <trkpt lat="33.56503" lon="-117.77271">
        <ele>120.83</ele>
        <time>2026-07-12T15:53:07Z</time>
      </trkpt>
      <trkpt lat="33.56506" lon="-117.77272">
        <ele>121.43</ele>
        <time>2026-07-12T15:53:11Z</time>
      </trkpt>
      <trkpt lat="33.56508" lon="-117.77274">
        <ele>121.81</ele>
        <time>2026-07-12T15:53:15Z</time>
      </trkpt>
      <trkpt lat="33.5651" lon="-117.77275">
        <ele>122.16</ele>
        <time>2026-07-12T15:53:19Z</time>
      </trkpt>
      <trkpt lat="33.56513" lon="-117.77276">
        <ele>122.81</ele>
        <time>2026-07-12T15:53:23Z</time>
      </trkpt>
      <trkpt lat="33.56516" lon="-117.77277">
        <ele>123.46</ele>
        <time>2026-07-12T15:53:27Z</time>
      </trkpt>
      <trkpt lat="33.56518" lon="-117.77279">
        <ele>123.89</ele>
        <time>2026-07-12T15:53:31Z</time>
      </trkpt>
      <trkpt lat="33.5652" lon="-117.77281">
        <ele>124.32</ele>
        <time>2026-07-12T15:53:34Z</time>
      </trkpt>
      <trkpt lat="33.56522" lon="-117.77284">
        <ele>124.75</ele>
        <time>2026-07-12T15:53:37Z</time>
      </trkpt>
      <trkpt lat="33.56524" lon="-117.77286">
        <ele>125.18</ele>
        <time>2026-07-12T15:53:41Z</time>
      </trkpt>
      <trkpt lat="33.56527" lon="-117.77288">
        <ele>125.72</ele>
        <time>2026-07-12T15:53:45Z</time>
      </trkpt>
      <trkpt lat="33.56529" lon="-117.7729">
        <ele>125.94</ele>
        <time>2026-07-12T15:53:49Z</time>
      </trkpt>
      <trkpt lat="33.56531" lon="-117.77291">
        <ele>126.27</ele>
        <time>2026-07-12T15:53:53Z</time>
      </trkpt>
      <trkpt lat="33.56534" lon="-117.77293">
        <ele>126.7</ele>
        <time>2026-07-12T15:53:57Z</time>
      </trkpt>
      <trkpt lat="33.56536" lon="-117.77295">
        <ele>126.92</ele>
        <time>2026-07-12T15:54:01Z</time>
      </trkpt>
      <trkpt lat="33.56538" lon="-117.77297">
        <ele>127.06</ele>
        <time>2026-07-12T15:54:05Z</time>
      </trkpt>
      <trkpt lat="33.56541" lon="-117.77298">
        <ele>127.57</ele>
        <time>2026-07-12T15:54:09Z</time>
      </trkpt>
      <trkpt lat="33.56543" lon="-117.773">
        <ele>127.75</ele>
        <time>2026-07-12T15:54:13Z</time>
      </trkpt>
      <trkpt lat="33.56546" lon="-117.77302">
        <ele>128.3</ele>
        <time>2026-07-12T15:54:18Z</time>
      </trkpt>
      <trkpt lat="33.56548" lon="-117.77304">
        <ele>128.51</ele>
        <time>2026-07-12T15:54:22Z</time>
      </trkpt>
      <trkpt lat="33.56551" lon="-117.77304">
        <ele>129.1</ele>
        <time>2026-07-12T15:54:27Z</time>
      </trkpt>
      <trkpt lat="33.56554" lon="-117.77305">
        <ele>129.67</ele>
        <time>2026-07-12T15:54:32Z</time>
      </trkpt>
      <trkpt lat="33.56557" lon="-117.77307">
        <ele>130.31</ele>
        <time>2026-07-12T15:54:36Z</time>
      </trkpt>
      <trkpt lat="33.56559" lon="-117.7731">
        <ele>130.74</ele>
        <time>2026-07-12T15:54:40Z</time>
      </trkpt>
      <trkpt lat="33.56561" lon="-117.77312">
        <ele>131.18</ele>
        <time>2026-07-12T15:54:44Z</time>
      </trkpt>
      <trkpt lat="33.56564" lon="-117.77313">
        <ele>131.82</ele>
        <time>2026-07-12T15:54:48Z</time>
      </trkpt>
      <trkpt lat="33.56566" lon="-117.77315">
        <ele>132.11</ele>
        <time>2026-07-12T15:54:52Z</time>
      </trkpt>
      <trkpt lat="33.56568" lon="-117.77317">
        <ele>132.27</ele>
        <time>2026-07-12T15:54:56Z</time>
      </trkpt>
      <trkpt lat="33.56571" lon="-117.77321">
        <ele>132.89</ele>
        <time>2026-07-12T15:55:00Z</time>
      </trkpt>
      <trkpt lat="33.56572" lon="-117.77324">
        <ele>133.32</ele>
        <time>2026-07-12T15:55:04Z</time>
      </trkpt>
      <trkpt lat="33.56573" lon="-117.77327">
        <ele>133.34</ele>
        <time>2026-07-12T15:55:52Z</time>
      </trkpt>
      <trkpt lat="33.56576" lon="-117.77328">
        <ele>133.87</ele>
        <time>2026-07-12T15:55:58Z</time>
      </trkpt>
      <trkpt lat="33.56579" lon="-117.7733">
        <ele>134.23</ele>
        <time>2026-07-12T15:56:00Z</time>
      </trkpt>
      <trkpt lat="33.56582" lon="-117.77333">
        <ele>134.72</ele>
        <time>2026-07-12T15:56:03Z</time>
      </trkpt>
      <trkpt lat="33.56583" lon="-117.77336">
        <ele>134.91</ele>
        <time>2026-07-12T15:56:07Z</time>
      </trkpt>
      <trkpt lat="33.56585" lon="-117.77339">
        <ele>135.47</ele>
        <time>2026-07-12T15:56:11Z</time>
      </trkpt>
      <trkpt lat="33.56587" lon="-117.77342">
        <ele>136.16</ele>
        <time>2026-07-12T15:56:15Z</time>
      </trkpt>
      <trkpt lat="33.56589" lon="-117.77345">
        <ele>136.37</ele>
        <time>2026-07-12T15:56:19Z</time>
      </trkpt>
      <trkpt lat="33.56591" lon="-117.77347">
        <ele>136.84</ele>
        <time>2026-07-12T15:56:23Z</time>
      </trkpt>
      <trkpt lat="33.56593" lon="-117.77349">
        <ele>137.37</ele>
        <time>2026-07-12T15:56:27Z</time>
      </trkpt>
      <trkpt lat="33.56596" lon="-117.77351">
        <ele>137.76</ele>
        <time>2026-07-12T15:56:31Z</time>
      </trkpt>
      <trkpt lat="33.56598" lon="-117.77354">
        <ele>138.21</ele>
        <time>2026-07-12T15:56:35Z</time>
      </trkpt>
      <trkpt lat="33.566" lon="-117.77356">
        <ele>138.87</ele>
        <time>2026-07-12T15:56:39Z</time>
      </trkpt>
      <trkpt lat="33.56602" lon="-117.77359">
        <ele>139.8</ele>
        <time>2026-07-12T15:56:43Z</time>
      </trkpt>
      <trkpt lat="33.56604" lon="-117.77362">
        <ele>140.49</ele>
        <time>2026-07-12T15:56:47Z</time>
      </trkpt>
      <trkpt lat="33.56606" lon="-117.77364">
        <ele>141.04</ele>
        <time>2026-07-12T15:56:51Z</time>
      </trkpt>
      <trkpt lat="33.56608" lon="-117.77366">
        <ele>141.68</ele>
        <time>2026-07-12T15:56:55Z</time>
      </trkpt>
      <trkpt lat="33.56609" lon="-117.77369">
        <ele>142.2</ele>
        <time>2026-07-12T15:56:59Z</time>
      </trkpt>
      <trkpt lat="33.56611" lon="-117.77372">
        <ele>143.14</ele>
        <time>2026-07-12T15:57:03Z</time>
      </trkpt>
      <trkpt lat="33.56612" lon="-117.77375">
        <ele>143.69</ele>
        <time>2026-07-12T15:57:08Z</time>
      </trkpt>
      <trkpt lat="33.56613" lon="-117.77378">
        <ele>144.23</ele>
        <time>2026-07-12T15:57:13Z</time>
      </trkpt>
      <trkpt lat="33.56615" lon="-117.7738">
        <ele>144.86</ele>
        <time>2026-07-12T15:57:17Z</time>
      </trkpt>
      <trkpt lat="33.56617" lon="-117.77383">
        <ele>145.5</ele>
        <time>2026-07-12T15:57:22Z</time>
      </trkpt>
      <trkpt lat="33.56619" lon="-117.77385">
        <ele>146.2</ele>
        <time>2026-07-12T15:57:42Z</time>
      </trkpt>
      <trkpt lat="33.56619" lon="-117.77389">
        <ele>146.58</ele>
        <time>2026-07-12T15:57:45Z</time>
      </trkpt>
      <trkpt lat="33.56618" lon="-117.77392">
        <ele>146.73</ele>
        <time>2026-07-12T15:57:48Z</time>
      </trkpt>
      <trkpt lat="33.56617" lon="-117.77396">
        <ele>146.88</ele>
        <time>2026-07-12T15:57:52Z</time>
      </trkpt>
      <trkpt lat="33.56617" lon="-117.774">
        <ele>147.38</ele>
        <time>2026-07-12T15:57:56Z</time>
      </trkpt>
      <trkpt lat="33.56618" lon="-117.77404">
        <ele>148.35</ele>
        <time>2026-07-12T15:58:01Z</time>
      </trkpt>
      <trkpt lat="33.56619" lon="-117.77407">
        <ele>149.22</ele>
        <time>2026-07-12T15:58:06Z</time>
      </trkpt>
      <trkpt lat="33.5662" lon="-117.7741">
        <ele>149.8</ele>
        <time>2026-07-12T15:58:10Z</time>
      </trkpt>
      <trkpt lat="33.56621" lon="-117.77414">
        <ele>150.2</ele>
        <time>2026-07-12T15:58:15Z</time>
      </trkpt>
      <trkpt lat="33.56623" lon="-117.77417">
        <ele>150.85</ele>
        <time>2026-07-12T15:58:20Z</time>
      </trkpt>
      <trkpt lat="33.56624" lon="-117.7742">
        <ele>151.18</ele>
        <time>2026-07-12T15:58:27Z</time>
      </trkpt>
      <trkpt lat="33.56625" lon="-117.77423">
        <ele>151.5</ele>
        <time>2026-07-12T15:58:33Z</time>
      </trkpt>
      <trkpt lat="33.56626" lon="-117.77419">
        <ele>151.82</ele>
        <time>2026-07-12T15:58:39Z</time>
      </trkpt>
      <trkpt lat="33.56627" lon="-117.77425">
        <ele>152.15</ele>
        <time>2026-07-12T16:00:09Z</time>
      </trkpt>
      <trkpt lat="33.56627" lon="-117.77429">
        <ele>152.48</ele>
        <time>2026-07-12T16:00:11Z</time>
      </trkpt>
      <trkpt lat="33.56627" lon="-117.77434">
        <ele>153.02</ele>
        <time>2026-07-12T16:00:14Z</time>
      </trkpt>
      <trkpt lat="33.56628" lon="-117.77438">
        <ele>153.47</ele>
        <time>2026-07-12T16:00:18Z</time>
      </trkpt>
      <trkpt lat="33.56629" lon="-117.77441">
        <ele>153.8</ele>
        <time>2026-07-12T16:00:25Z</time>
      </trkpt>
      <trkpt lat="33.56631" lon="-117.77443">
        <ele>154.17</ele>
        <time>2026-07-12T16:00:30Z</time>
      </trkpt>
      <trkpt lat="33.56635" lon="-117.77444">
        <ele>154.61</ele>
        <time>2026-07-12T16:00:32Z</time>
      </trkpt>
      <trkpt lat="33.56639" lon="-117.77445">
        <ele>155.0</ele>
        <time>2026-07-12T16:00:34Z</time>
      </trkpt>
      <trkpt lat="33.56641" lon="-117.77448">
        <ele>154.91</ele>
        <time>2026-07-12T16:00:37Z</time>
      </trkpt>
      <trkpt lat="33.5664" lon="-117.77452">
        <ele>154.9</ele>
        <time>2026-07-12T16:00:41Z</time>
      </trkpt>
      <trkpt lat="33.56638" lon="-117.77455">
        <ele>154.92</ele>
        <time>2026-07-12T16:00:44Z</time>
      </trkpt>
      <trkpt lat="33.56636" lon="-117.77458">
        <ele>154.83</ele>
        <time>2026-07-12T16:00:47Z</time>
      </trkpt>
      <trkpt lat="33.56634" lon="-117.77461">
        <ele>154.89</ele>
        <time>2026-07-12T16:00:50Z</time>
      </trkpt>
      <trkpt lat="33.56632" lon="-117.77464">
        <ele>155.11</ele>
        <time>2026-07-12T16:00:53Z</time>
      </trkpt>
      <trkpt lat="33.56631" lon="-117.77466">
        <ele>155.33</ele>
        <time>2026-07-12T16:00:56Z</time>
      </trkpt>
      <trkpt lat="33.56629" lon="-117.7747">
        <ele>155.57</ele>
        <time>2026-07-12T16:01:00Z</time>
      </trkpt>
      <trkpt lat="33.5663" lon="-117.77473">
        <ele>156.17</ele>
        <time>2026-07-12T16:01:04Z</time>
      </trkpt>
      <trkpt lat="33.56632" lon="-117.77476">
        <ele>156.82</ele>
        <time>2026-07-12T16:01:07Z</time>
      </trkpt>
      <trkpt lat="33.56634" lon="-117.77478">
        <ele>157.25</ele>
        <time>2026-07-12T16:01:10Z</time>
      </trkpt>
      <trkpt lat="33.56636" lon="-117.7748">
        <ele>157.68</ele>
        <time>2026-07-12T16:01:13Z</time>
      </trkpt>
      <trkpt lat="33.56638" lon="-117.77482">
        <ele>158.11</ele>
        <time>2026-07-12T16:01:16Z</time>
      </trkpt>
      <trkpt lat="33.5664" lon="-117.77486">
        <ele>158.86</ele>
        <time>2026-07-12T16:01:20Z</time>
      </trkpt>
      <trkpt lat="33.56641" lon="-117.77489">
        <ele>159.4</ele>
        <time>2026-07-12T16:01:24Z</time>
      </trkpt>
      <trkpt lat="33.5664" lon="-117.77492">
        <ele>160.03</ele>
        <time>2026-07-12T16:01:28Z</time>
      </trkpt>
      <trkpt lat="33.56638" lon="-117.77495">
        <ele>160.36</ele>
        <time>2026-07-12T16:01:32Z</time>
      </trkpt>
      <trkpt lat="33.56636" lon="-117.77498">
        <ele>160.47</ele>
        <time>2026-07-12T16:01:36Z</time>
      </trkpt>
      <trkpt lat="33.56634" lon="-117.77501">
        <ele>160.74</ele>
        <time>2026-07-12T16:01:40Z</time>
      </trkpt>
      <trkpt lat="33.56632" lon="-117.77503">
        <ele>160.99</ele>
        <time>2026-07-12T16:01:44Z</time>
      </trkpt>
      <trkpt lat="33.56631" lon="-117.77506">
        <ele>161.54</ele>
        <time>2026-07-12T16:01:49Z</time>
      </trkpt>
      <trkpt lat="33.56634" lon="-117.77506">
        <ele>162.07</ele>
        <time>2026-07-12T16:01:56Z</time>
      </trkpt>
      <trkpt lat="33.56637" lon="-117.77508">
        <ele>163.21</ele>
        <time>2026-07-12T16:02:01Z</time>
      </trkpt>
      <trkpt lat="33.56639" lon="-117.77509">
        <ele>163.9</ele>
        <time>2026-07-12T16:02:13Z</time>
      </trkpt>
      <trkpt lat="33.56641" lon="-117.77511">
        <ele>164.19</ele>
        <time>2026-07-12T16:02:20Z</time>
      </trkpt>
      <trkpt lat="33.56643" lon="-117.77513">
        <ele>164.54</ele>
        <time>2026-07-12T16:02:25Z</time>
      </trkpt>
      <trkpt lat="33.56644" lon="-117.77517">
        <ele>165.58</ele>
        <time>2026-07-12T16:02:29Z</time>
      </trkpt>
      <trkpt lat="33.56645" lon="-117.7752">
        <ele>166.48</ele>
        <time>2026-07-12T16:02:33Z</time>
      </trkpt>
      <trkpt lat="33.56644" lon="-117.77524">
        <ele>167.78</ele>
        <time>2026-07-12T16:02:38Z</time>
      </trkpt>
      <trkpt lat="33.56641" lon="-117.77525">
        <ele>168.1</ele>
        <time>2026-07-12T16:02:41Z</time>
      </trkpt>
      <trkpt lat="33.56639" lon="-117.77527">
        <ele>168.75</ele>
        <time>2026-07-12T16:02:46Z</time>
      </trkpt>
      <trkpt lat="33.56637" lon="-117.77528">
        <ele>168.87</ele>
        <time>2026-07-12T16:03:07Z</time>
      </trkpt>
      <trkpt lat="33.56635" lon="-117.7753">
        <ele>169.3</ele>
        <time>2026-07-12T16:03:13Z</time>
      </trkpt>
      <trkpt lat="33.56637" lon="-117.77532">
        <ele>170.16</ele>
        <time>2026-07-12T16:03:19Z</time>
      </trkpt>
      <trkpt lat="33.56639" lon="-117.77533">
        <ele>170.7</ele>
        <time>2026-07-12T16:03:23Z</time>
      </trkpt>
      <trkpt lat="33.56642" lon="-117.77534">
        <ele>171.24</ele>
        <time>2026-07-12T16:03:27Z</time>
      </trkpt>
      <trkpt lat="33.56645" lon="-117.77535">
        <ele>171.85</ele>
        <time>2026-07-12T16:03:32Z</time>
      </trkpt>
      <trkpt lat="33.56647" lon="-117.77538">
        <ele>173.19</ele>
        <time>2026-07-12T16:03:40Z</time>
      </trkpt>
      <trkpt lat="33.56645" lon="-117.77541">
        <ele>173.94</ele>
        <time>2026-07-12T16:03:48Z</time>
      </trkpt>
      <trkpt lat="33.56642" lon="-117.77542">
        <ele>173.94</ele>
        <time>2026-07-12T16:03:51Z</time>
      </trkpt>
      <trkpt lat="33.5664" lon="-117.77543">
        <ele>174.05</ele>
        <time>2026-07-12T16:03:54Z</time>
      </trkpt>
      <trkpt lat="33.56638" lon="-117.77546">
        <ele>174.9</ele>
        <time>2026-07-12T16:04:00Z</time>
      </trkpt>
      <trkpt lat="33.56638" lon="-117.7755">
        <ele>176.2</ele>
        <time>2026-07-12T16:04:07Z</time>
      </trkpt>
      <trkpt lat="33.56637" lon="-117.77553">
        <ele>177.17</ele>
        <time>2026-07-12T16:04:11Z</time>
      </trkpt>
      <trkpt lat="33.56636" lon="-117.77555">
        <ele>177.82</ele>
        <time>2026-07-12T16:04:16Z</time>
      </trkpt>
      <trkpt lat="33.56633" lon="-117.77555">
        <ele>177.82</ele>
        <time>2026-07-12T16:04:25Z</time>
      </trkpt>
      <trkpt lat="33.5663" lon="-117.77554">
        <ele>177.5</ele>
        <time>2026-07-12T16:05:02Z</time>
      </trkpt>
      <trkpt lat="33.56633" lon="-117.77553">
        <ele>177.17</ele>
        <time>2026-07-12T16:05:15Z</time>
      </trkpt>
      <trkpt lat="33.56629" lon="-117.77555">
        <ele>177.89</ele>
        <time>2026-07-12T16:05:49Z</time>
      </trkpt>
      <trkpt lat="33.56624" lon="-117.77555">
        <ele>178.46</ele>
        <time>2026-07-12T16:05:51Z</time>
      </trkpt>
      <trkpt lat="33.56621" lon="-117.77555">
        <ele>178.81</ele>
        <time>2026-07-12T16:05:53Z</time>
      </trkpt>
      <trkpt lat="33.56617" lon="-117.77555">
        <ele>178.88</ele>
        <time>2026-07-12T16:05:56Z</time>
      </trkpt>
      <trkpt lat="33.56614" lon="-117.77556">
        <ele>179.14</ele>
        <time>2026-07-12T16:06:00Z</time>
      </trkpt>
      <trkpt lat="33.56611" lon="-117.77557">
        <ele>179.48</ele>
        <time>2026-07-12T16:06:04Z</time>
      </trkpt>
      <trkpt lat="33.56608" lon="-117.77557">
        <ele>179.8</ele>
        <time>2026-07-12T16:06:08Z</time>
      </trkpt>
      <trkpt lat="33.56605" lon="-117.77558">
        <ele>180.45</ele>
        <time>2026-07-12T16:06:12Z</time>
      </trkpt>
      <trkpt lat="33.56602" lon="-117.77559">
        <ele>181.1</ele>
        <time>2026-07-12T16:06:16Z</time>
      </trkpt>
      <trkpt lat="33.56599" lon="-117.77559">
        <ele>181.62</ele>
        <time>2026-07-12T16:06:20Z</time>
      </trkpt>
      <trkpt lat="33.56596" lon="-117.7756">
        <ele>182.4</ele>
        <time>2026-07-12T16:06:24Z</time>
      </trkpt>
      <trkpt lat="33.56593" lon="-117.77561">
        <ele>183.11</ele>
        <time>2026-07-12T16:06:28Z</time>
      </trkpt>
      <trkpt lat="33.5659" lon="-117.77561">
        <ele>183.46</ele>
        <time>2026-07-12T16:06:32Z</time>
      </trkpt>
      <trkpt lat="33.56587" lon="-117.77562">
        <ele>184.0</ele>
        <time>2026-07-12T16:06:36Z</time>
      </trkpt>
      <trkpt lat="33.56585" lon="-117.77563">
        <ele>184.43</ele>
        <time>2026-07-12T16:06:40Z</time>
      </trkpt>
      <trkpt lat="33.56582" lon="-117.77563">
        <ele>184.75</ele>
        <time>2026-07-12T16:06:44Z</time>
      </trkpt>
      <trkpt lat="33.56579" lon="-117.77564">
        <ele>185.29</ele>
        <time>2026-07-12T16:06:48Z</time>
      </trkpt>
      <trkpt lat="33.56577" lon="-117.77567">
        <ele>186.23</ele>
        <time>2026-07-12T16:06:51Z</time>
      </trkpt>
      <trkpt lat="33.56574" lon="-117.77568">
        <ele>186.69</ele>
        <time>2026-07-12T16:06:55Z</time>
      </trkpt>
      <trkpt lat="33.56571" lon="-117.77569">
        <ele>186.75</ele>
        <time>2026-07-12T16:06:59Z</time>
      </trkpt>
      <trkpt lat="33.56568" lon="-117.7757">
        <ele>186.75</ele>
        <time>2026-07-12T16:07:03Z</time>
      </trkpt>
      <trkpt lat="33.56565" lon="-117.77572">
        <ele>186.79</ele>
        <time>2026-07-12T16:07:07Z</time>
      </trkpt>
      <trkpt lat="33.56566" lon="-117.77575">
        <ele>187.33</ele>
        <time>2026-07-12T16:07:14Z</time>
      </trkpt>
      <trkpt lat="33.56569" lon="-117.77578">
        <ele>188.3</ele>
        <time>2026-07-12T16:07:19Z</time>
      </trkpt>
      <trkpt lat="33.56571" lon="-117.77579">
        <ele>188.73</ele>
        <time>2026-07-12T16:07:23Z</time>
      </trkpt>
      <trkpt lat="33.56574" lon="-117.77581">
        <ele>189.49</ele>
        <time>2026-07-12T16:07:27Z</time>
      </trkpt>
      <trkpt lat="33.56578" lon="-117.77582">
        <ele>189.71</ele>
        <time>2026-07-12T16:07:31Z</time>
      </trkpt>
      <trkpt lat="33.56581" lon="-117.77583">
        <ele>189.93</ele>
        <time>2026-07-12T16:07:35Z</time>
      </trkpt>
      <trkpt lat="33.56584" lon="-117.77585">
        <ele>190.53</ele>
        <time>2026-07-12T16:07:39Z</time>
      </trkpt>
      <trkpt lat="33.56586" lon="-117.77587">
        <ele>191.07</ele>
        <time>2026-07-12T16:07:43Z</time>
      </trkpt>
      <trkpt lat="33.56587" lon="-117.7759">
        <ele>191.87</ele>
        <time>2026-07-12T16:07:52Z</time>
      </trkpt>
      <trkpt lat="33.56589" lon="-117.77592">
        <ele>192.24</ele>
        <time>2026-07-12T16:07:58Z</time>
      </trkpt>
      <trkpt lat="33.56591" lon="-117.77594">
        <ele>192.6</ele>
        <time>2026-07-12T16:08:03Z</time>
      </trkpt>
      <trkpt lat="33.56594" lon="-117.77593">
        <ele>192.13</ele>
        <time>2026-07-12T16:08:30Z</time>
      </trkpt>
      <trkpt lat="33.56597" lon="-117.77595">
        <ele>192.66</ele>
        <time>2026-07-12T16:08:33Z</time>
      </trkpt>
      <trkpt lat="33.566" lon="-117.77597">
        <ele>193.05</ele>
        <time>2026-07-12T16:08:35Z</time>
      </trkpt>
      <trkpt lat="33.56602" lon="-117.77598">
        <ele>193.15</ele>
        <time>2026-07-12T16:08:37Z</time>
      </trkpt>
      <trkpt lat="33.56604" lon="-117.776">
        <ele>193.37</ele>
        <time>2026-07-12T16:08:40Z</time>
      </trkpt>
      <trkpt lat="33.56604" lon="-117.77604">
        <ele>194.23</ele>
        <time>2026-07-12T16:08:45Z</time>
      </trkpt>
      <trkpt lat="33.56601" lon="-117.77606">
        <ele>194.95</ele>
        <time>2026-07-12T16:08:48Z</time>
      </trkpt>
      <trkpt lat="33.56599" lon="-117.77608">
        <ele>195.43</ele>
        <time>2026-07-12T16:08:53Z</time>
      </trkpt>
      <trkpt lat="33.56597" lon="-117.77605">
        <ele>195.03</ele>
        <time>2026-07-12T16:08:58Z</time>
      </trkpt>
      <trkpt lat="33.56595" lon="-117.77603">
        <ele>194.9</ele>
        <time>2026-07-12T16:09:01Z</time>
      </trkpt>
      <trkpt lat="33.56592" lon="-117.77601">
        <ele>194.73</ele>
        <time>2026-07-12T16:09:05Z</time>
      </trkpt>
      <trkpt lat="33.56589" lon="-117.77602">
        <ele>195.02</ele>
        <time>2026-07-12T16:09:09Z</time>
      </trkpt>
      <trkpt lat="33.56587" lon="-117.77604">
        <ele>195.23</ele>
        <time>2026-07-12T16:09:12Z</time>
      </trkpt>
      <trkpt lat="33.56585" lon="-117.77607">
        <ele>195.56</ele>
        <time>2026-07-12T16:09:15Z</time>
      </trkpt>
      <trkpt lat="33.56583" lon="-117.77609">
        <ele>195.74</ele>
        <time>2026-07-12T16:09:18Z</time>
      </trkpt>
      <trkpt lat="33.56581" lon="-117.77613">
        <ele>196.0</ele>
        <time>2026-07-12T16:09:22Z</time>
      </trkpt>
      <trkpt lat="33.56581" lon="-117.77617">
        <ele>196.54</ele>
        <time>2026-07-12T16:09:26Z</time>
      </trkpt>
      <trkpt lat="33.56581" lon="-117.7762">
        <ele>196.95</ele>
        <time>2026-07-12T16:09:30Z</time>
      </trkpt>
      <trkpt lat="33.5658" lon="-117.77624">
        <ele>197.11</ele>
        <time>2026-07-12T16:09:34Z</time>
      </trkpt>
      <trkpt lat="33.5658" lon="-117.77627">
        <ele>197.2</ele>
        <time>2026-07-12T16:09:38Z</time>
      </trkpt>
      <trkpt lat="33.5658" lon="-117.77631">
        <ele>197.28</ele>
        <time>2026-07-12T16:09:42Z</time>
      </trkpt>
      <trkpt lat="33.5658" lon="-117.77635">
        <ele>197.28</ele>
        <time>2026-07-12T16:09:46Z</time>
      </trkpt>
      <trkpt lat="33.56582" lon="-117.77638">
        <ele>197.71</ele>
        <time>2026-07-12T16:09:50Z</time>
      </trkpt>
      <trkpt lat="33.56584" lon="-117.77642">
        <ele>198.46</ele>
        <time>2026-07-12T16:09:54Z</time>
      </trkpt>
      <trkpt lat="33.56586" lon="-117.77645">
        <ele>199.05</ele>
        <time>2026-07-12T16:09:58Z</time>
      </trkpt>
      <trkpt lat="33.56588" lon="-117.77648">
        <ele>199.5</ele>
        <time>2026-07-12T16:10:02Z</time>
      </trkpt>
      <trkpt lat="33.5659" lon="-117.77651">
        <ele>199.94</ele>
        <time>2026-07-12T16:10:06Z</time>
      </trkpt>
      <trkpt lat="33.56593" lon="-117.77652">
        <ele>200.46</ele>
        <time>2026-07-12T16:10:11Z</time>
      </trkpt>
      <trkpt lat="33.56596" lon="-117.77652">
        <ele>200.78</ele>
        <time>2026-07-12T16:10:16Z</time>
      </trkpt>
      <trkpt lat="33.56599" lon="-117.77652">
        <ele>201.11</ele>
        <time>2026-07-12T16:10:21Z</time>
      </trkpt>
      <trkpt lat="33.56602" lon="-117.77653">
        <ele>201.54</ele>
        <time>2026-07-12T16:10:25Z</time>
      </trkpt>
      <trkpt lat="33.56604" lon="-117.77653">
        <ele>201.76</ele>
        <time>2026-07-12T16:10:29Z</time>
      </trkpt>
      <trkpt lat="33.56607" lon="-117.77654">
        <ele>202.19</ele>
        <time>2026-07-12T16:10:46Z</time>
      </trkpt>
      <trkpt lat="33.5661" lon="-117.77655">
        <ele>202.62</ele>
        <time>2026-07-12T16:10:50Z</time>
      </trkpt>
      <trkpt lat="33.56613" lon="-117.77657">
        <ele>202.96</ele>
        <time>2026-07-12T16:10:54Z</time>
      </trkpt>
      <trkpt lat="33.56615" lon="-117.77658">
        <ele>203.09</ele>
        <time>2026-07-12T16:10:58Z</time>
      </trkpt>
      <trkpt lat="33.56618" lon="-117.7766">
        <ele>203.49</ele>
        <time>2026-07-12T16:11:01Z</time>
      </trkpt>
      <trkpt lat="33.56622" lon="-117.77662">
        <ele>203.9</ele>
        <time>2026-07-12T16:11:04Z</time>
      </trkpt>
      <trkpt lat="33.56625" lon="-117.77663">
        <ele>203.91</ele>
        <time>2026-07-12T16:11:07Z</time>
      </trkpt>
      <trkpt lat="33.56628" lon="-117.77665">
        <ele>203.96</ele>
        <time>2026-07-12T16:11:11Z</time>
      </trkpt>
      <trkpt lat="33.5663" lon="-117.77668">
        <ele>204.29</ele>
        <time>2026-07-12T16:11:15Z</time>
      </trkpt>
      <trkpt lat="33.56633" lon="-117.7767">
        <ele>204.72</ele>
        <time>2026-07-12T16:11:19Z</time>
      </trkpt>
      <trkpt lat="33.56635" lon="-117.77672">
        <ele>205.15</ele>
        <time>2026-07-12T16:11:23Z</time>
      </trkpt>
      <trkpt lat="33.56637" lon="-117.77675">
        <ele>205.8</ele>
        <time>2026-07-12T16:11:27Z</time>
      </trkpt>
      <trkpt lat="33.5664" lon="-117.77677">
        <ele>206.1</ele>
        <time>2026-07-12T16:11:31Z</time>
      </trkpt>
      <trkpt lat="33.56642" lon="-117.7768">
        <ele>206.29</ele>
        <time>2026-07-12T16:11:35Z</time>
      </trkpt>
      <trkpt lat="33.56644" lon="-117.77682">
        <ele>206.29</ele>
        <time>2026-07-12T16:11:39Z</time>
      </trkpt>
      <trkpt lat="33.56646" lon="-117.77685">
        <ele>206.23</ele>
        <time>2026-07-12T16:11:42Z</time>
      </trkpt>
      <trkpt lat="33.56647" lon="-117.77688">
        <ele>206.43</ele>
        <time>2026-07-12T16:11:45Z</time>
      </trkpt>
      <trkpt lat="33.56647" lon="-117.77691">
        <ele>206.75</ele>
        <time>2026-07-12T16:11:48Z</time>
      </trkpt>
      <trkpt lat="33.56647" lon="-117.77694">
        <ele>207.08</ele>
        <time>2026-07-12T16:11:51Z</time>
      </trkpt>
      <trkpt lat="33.56648" lon="-117.77698">
        <ele>207.4</ele>
        <time>2026-07-12T16:11:55Z</time>
      </trkpt>
      <trkpt lat="33.56648" lon="-117.77703">
        <ele>207.94</ele>
        <time>2026-07-12T16:11:59Z</time>
      </trkpt>
      <trkpt lat="33.56649" lon="-117.77706">
        <ele>207.86</ele>
        <time>2026-07-12T16:12:04Z</time>
      </trkpt>
      <trkpt lat="33.56651" lon="-117.77709">
        <ele>207.74</ele>
        <time>2026-07-12T16:12:12Z</time>
      </trkpt>
      <trkpt lat="33.56653" lon="-117.77712">
        <ele>207.89</ele>
        <time>2026-07-12T16:12:16Z</time>
      </trkpt>
      <trkpt lat="33.56655" lon="-117.77715">
        <ele>208.44</ele>
        <time>2026-07-12T16:12:20Z</time>
      </trkpt>
      <trkpt lat="33.56657" lon="-117.77718">
        <ele>209.09</ele>
        <time>2026-07-12T16:12:24Z</time>
      </trkpt>
      <trkpt lat="33.56658" lon="-117.77722">
        <ele>209.82</ele>
        <time>2026-07-12T16:12:28Z</time>
      </trkpt>
      <trkpt lat="33.5666" lon="-117.77725">
        <ele>209.82</ele>
        <time>2026-07-12T16:12:32Z</time>
      </trkpt>
      <trkpt lat="33.56662" lon="-117.77728">
        <ele>209.94</ele>
        <time>2026-07-12T16:12:36Z</time>
      </trkpt>
      <trkpt lat="33.56663" lon="-117.77731">
        <ele>210.31</ele>
        <time>2026-07-12T16:12:40Z</time>
      </trkpt>
      <trkpt lat="33.56663" lon="-117.77735">
        <ele>211.31</ele>
        <time>2026-07-12T16:12:45Z</time>
      </trkpt>
      <trkpt lat="33.56663" lon="-117.77739">
        <ele>212.34</ele>
        <time>2026-07-12T16:12:50Z</time>
      </trkpt>
      <trkpt lat="33.56665" lon="-117.77742">
        <ele>212.58</ele>
        <time>2026-07-12T16:12:54Z</time>
      </trkpt>
      <trkpt lat="33.56666" lon="-117.77745">
        <ele>213.0</ele>
        <time>2026-07-12T16:12:58Z</time>
      </trkpt>
      <trkpt lat="33.56668" lon="-117.77748">
        <ele>213.42</ele>
        <time>2026-07-12T16:13:03Z</time>
      </trkpt>
      <trkpt lat="33.56669" lon="-117.77752">
        <ele>214.02</ele>
        <time>2026-07-12T16:13:08Z</time>
      </trkpt>
      <trkpt lat="33.5667" lon="-117.77755">
        <ele>214.37</ele>
        <time>2026-07-12T16:13:13Z</time>
      </trkpt>
      <trkpt lat="33.56671" lon="-117.77759">
        <ele>214.96</ele>
        <time>2026-07-12T16:13:18Z</time>
      </trkpt>
      <trkpt lat="33.56673" lon="-117.77762">
        <ele>215.3</ele>
        <time>2026-07-12T16:13:22Z</time>
      </trkpt>
      <trkpt lat="33.56675" lon="-117.77765">
        <ele>215.62</ele>
        <time>2026-07-12T16:13:26Z</time>
      </trkpt>
      <trkpt lat="33.56676" lon="-117.77769">
        <ele>215.98</ele>
        <time>2026-07-12T16:13:29Z</time>
      </trkpt>
      <trkpt lat="33.56676" lon="-117.77772">
        <ele>215.99</ele>
        <time>2026-07-12T16:13:32Z</time>
      </trkpt>
      <trkpt lat="33.56676" lon="-117.77776">
        <ele>215.99</ele>
        <time>2026-07-12T16:13:35Z</time>
      </trkpt>
      <trkpt lat="33.56675" lon="-117.77779">
        <ele>215.99</ele>
        <time>2026-07-12T16:13:38Z</time>
      </trkpt>
      <trkpt lat="33.56673" lon="-117.77783">
        <ele>215.82</ele>
        <time>2026-07-12T16:13:42Z</time>
      </trkpt>
      <trkpt lat="33.56671" lon="-117.77785">
        <ele>215.59</ele>
        <time>2026-07-12T16:13:46Z</time>
      </trkpt>
      <trkpt lat="33.5667" lon="-117.77782">
        <ele>215.71</ele>
        <time>2026-07-12T16:14:01Z</time>
      </trkpt>
      <trkpt lat="33.56672" lon="-117.77785">
        <ele>215.67</ele>
        <time>2026-07-12T16:14:16Z</time>
      </trkpt>
      <trkpt lat="33.56675" lon="-117.77787">
        <ele>215.9</ele>
        <time>2026-07-12T16:14:18Z</time>
      </trkpt>
      <trkpt lat="33.56678" lon="-117.77789">
        <ele>215.88</ele>
        <time>2026-07-12T16:14:20Z</time>
      </trkpt>
      <trkpt lat="33.56681" lon="-117.77791">
        <ele>216.04</ele>
        <time>2026-07-12T16:14:23Z</time>
      </trkpt>
      <trkpt lat="33.56683" lon="-117.77793">
        <ele>216.34</ele>
        <time>2026-07-12T16:14:26Z</time>
      </trkpt>
      <trkpt lat="33.56685" lon="-117.77797">
        <ele>216.88</ele>
        <time>2026-07-12T16:14:30Z</time>
      </trkpt>
      <trkpt lat="33.56688" lon="-117.77799">
        <ele>216.37</ele>
        <time>2026-07-12T16:14:33Z</time>
      </trkpt>
      <trkpt lat="33.5669" lon="-117.77801">
        <ele>216.24</ele>
        <time>2026-07-12T16:14:36Z</time>
      </trkpt>
      <trkpt lat="33.56692" lon="-117.77804">
        <ele>216.53</ele>
        <time>2026-07-12T16:14:40Z</time>
      </trkpt>
      <trkpt lat="33.56694" lon="-117.77807">
        <ele>216.79</ele>
        <time>2026-07-12T16:14:44Z</time>
      </trkpt>
      <trkpt lat="33.56697" lon="-117.7781">
        <ele>216.37</ele>
        <time>2026-07-12T16:14:48Z</time>
      </trkpt>
      <trkpt lat="33.56698" lon="-117.77813">
        <ele>216.35</ele>
        <time>2026-07-12T16:14:52Z</time>
      </trkpt>
      <trkpt lat="33.56698" lon="-117.77816">
        <ele>216.35</ele>
        <time>2026-07-12T16:14:56Z</time>
      </trkpt>
      <trkpt lat="33.567" lon="-117.7782">
        <ele>216.71</ele>
        <time>2026-07-12T16:15:00Z</time>
      </trkpt>
      <trkpt lat="33.56702" lon="-117.77823">
        <ele>217.37</ele>
        <time>2026-07-12T16:15:04Z</time>
      </trkpt>
      <trkpt lat="33.56705" lon="-117.77826">
        <ele>218.03</ele>
        <time>2026-07-12T16:15:08Z</time>
      </trkpt>
      <trkpt lat="33.56707" lon="-117.77828">
        <ele>218.15</ele>
        <time>2026-07-12T16:15:11Z</time>
      </trkpt>
      <trkpt lat="33.56709" lon="-117.77831">
        <ele>218.43</ele>
        <time>2026-07-12T16:15:15Z</time>
      </trkpt>
      <trkpt lat="33.56712" lon="-117.77834">
        <ele>218.95</ele>
        <time>2026-07-12T16:15:19Z</time>
      </trkpt>
      <trkpt lat="33.56714" lon="-117.77837">
        <ele>219.51</ele>
        <time>2026-07-12T16:15:23Z</time>
      </trkpt>
      <trkpt lat="33.56716" lon="-117.7784">
        <ele>220.05</ele>
        <time>2026-07-12T16:15:27Z</time>
      </trkpt>
      <trkpt lat="33.56719" lon="-117.7784">
        <ele>220.37</ele>
        <time>2026-07-12T16:15:32Z</time>
      </trkpt>
      <trkpt lat="33.56722" lon="-117.77842">
        <ele>220.91</ele>
        <time>2026-07-12T16:15:37Z</time>
      </trkpt>
      <trkpt lat="33.56725" lon="-117.77844">
        <ele>221.15</ele>
        <time>2026-07-12T16:15:41Z</time>
      </trkpt>
      <trkpt lat="33.56727" lon="-117.77846">
        <ele>221.37</ele>
        <time>2026-07-12T16:15:45Z</time>
      </trkpt>
      <trkpt lat="33.5673" lon="-117.77848">
        <ele>221.58</ele>
        <time>2026-07-12T16:15:49Z</time>
      </trkpt>
      <trkpt lat="33.56732" lon="-117.77851">
        <ele>221.95</ele>
        <time>2026-07-12T16:15:53Z</time>
      </trkpt>
      <trkpt lat="33.56735" lon="-117.77853">
        <ele>222.43</ele>
        <time>2026-07-12T16:15:57Z</time>
      </trkpt>
      <trkpt lat="33.56737" lon="-117.77855">
        <ele>222.8</ele>
        <time>2026-07-12T16:16:01Z</time>
      </trkpt>
      <trkpt lat="33.5674" lon="-117.77858">
        <ele>223.53</ele>
        <time>2026-07-12T16:16:05Z</time>
      </trkpt>
      <trkpt lat="33.56742" lon="-117.77861">
        <ele>224.12</ele>
        <time>2026-07-12T16:16:09Z</time>
      </trkpt>
      <trkpt lat="33.56744" lon="-117.77863">
        <ele>224.29</ele>
        <time>2026-07-12T16:16:13Z</time>
      </trkpt>
      <trkpt lat="33.56746" lon="-117.77866">
        <ele>224.64</ele>
        <time>2026-07-12T16:16:17Z</time>
      </trkpt>
      <trkpt lat="33.56749" lon="-117.77868">
        <ele>225.48</ele>
        <time>2026-07-12T16:16:21Z</time>
      </trkpt>
      <trkpt lat="33.56751" lon="-117.7787">
        <ele>226.06</ele>
        <time>2026-07-12T16:16:25Z</time>
      </trkpt>
      <trkpt lat="33.56753" lon="-117.77872">
        <ele>226.21</ele>
        <time>2026-07-12T16:16:29Z</time>
      </trkpt>
      <trkpt lat="33.56755" lon="-117.77875">
        <ele>226.31</ele>
        <time>2026-07-12T16:16:33Z</time>
      </trkpt>
      <trkpt lat="33.56757" lon="-117.77877">
        <ele>226.58</ele>
        <time>2026-07-12T16:16:37Z</time>
      </trkpt>
      <trkpt lat="33.56758" lon="-117.7788">
        <ele>226.76</ele>
        <time>2026-07-12T16:16:43Z</time>
      </trkpt>
      <trkpt lat="33.5676" lon="-117.77883">
        <ele>227.44</ele>
        <time>2026-07-12T16:17:16Z</time>
      </trkpt>
      <trkpt lat="33.56762" lon="-117.77885">
        <ele>227.88</ele>
        <time>2026-07-12T16:17:21Z</time>
      </trkpt>
      <trkpt lat="33.56765" lon="-117.77887">
        <ele>228.42</ele>
        <time>2026-07-12T16:17:26Z</time>
      </trkpt>
      <trkpt lat="33.56768" lon="-117.77888">
        <ele>228.85</ele>
        <time>2026-07-12T16:17:28Z</time>
      </trkpt>
      <trkpt lat="33.56771" lon="-117.77889">
        <ele>229.02</ele>
        <time>2026-07-12T16:17:30Z</time>
      </trkpt>
      <trkpt lat="33.56774" lon="-117.7789">
        <ele>229.19</ele>
        <time>2026-07-12T16:17:33Z</time>
      </trkpt>
      <trkpt lat="33.56777" lon="-117.77891">
        <ele>229.44</ele>
        <time>2026-07-12T16:17:36Z</time>
      </trkpt>
      <trkpt lat="33.56779" lon="-117.77895">
        <ele>230.19</ele>
        <time>2026-07-12T16:17:40Z</time>
      </trkpt>
      <trkpt lat="33.56781" lon="-117.77898">
        <ele>230.62</ele>
        <time>2026-07-12T16:17:43Z</time>
      </trkpt>
      <trkpt lat="33.56783" lon="-117.77901">
        <ele>230.92</ele>
        <time>2026-07-12T16:17:47Z</time>
      </trkpt>
      <trkpt lat="33.56784" lon="-117.77904">
        <ele>231.38</ele>
        <time>2026-07-12T16:17:51Z</time>
      </trkpt>
      <trkpt lat="33.56784" lon="-117.77907">
        <ele>231.93</ele>
        <time>2026-07-12T16:17:55Z</time>
      </trkpt>
      <trkpt lat="33.56784" lon="-117.77911">
        <ele>232.39</ele>
        <time>2026-07-12T16:17:59Z</time>
      </trkpt>
      <trkpt lat="33.56786" lon="-117.77915">
        <ele>232.82</ele>
        <time>2026-07-12T16:18:03Z</time>
      </trkpt>
      <trkpt lat="33.56788" lon="-117.77917">
        <ele>233.04</ele>
        <time>2026-07-12T16:18:07Z</time>
      </trkpt>
      <trkpt lat="33.56791" lon="-117.77917">
        <ele>233.05</ele>
        <time>2026-07-12T16:18:10Z</time>
      </trkpt>
      <trkpt lat="33.56794" lon="-117.77919">
        <ele>233.44</ele>
        <time>2026-07-12T16:18:14Z</time>
      </trkpt>
      <trkpt lat="33.56796" lon="-117.77921">
        <ele>233.92</ele>
        <time>2026-07-12T16:18:41Z</time>
      </trkpt>
      <trkpt lat="33.56798" lon="-117.77924">
        <ele>234.4</ele>
        <time>2026-07-12T16:18:47Z</time>
      </trkpt>
      <trkpt lat="33.568" lon="-117.77927">
        <ele>234.69</ele>
        <time>2026-07-12T16:18:51Z</time>
      </trkpt>
      <trkpt lat="33.56802" lon="-117.7793">
        <ele>234.93</ele>
        <time>2026-07-12T16:18:53Z</time>
      </trkpt>
      <trkpt lat="33.56804" lon="-117.77932">
        <ele>235.26</ele>
        <time>2026-07-12T16:18:55Z</time>
      </trkpt>
      <trkpt lat="33.56806" lon="-117.77935">
        <ele>235.96</ele>
        <time>2026-07-12T16:18:58Z</time>
      </trkpt>
      <trkpt lat="33.56808" lon="-117.77937">
        <ele>236.34</ele>
        <time>2026-07-12T16:19:01Z</time>
      </trkpt>
      <trkpt lat="33.5681" lon="-117.7794">
        <ele>236.79</ele>
        <time>2026-07-12T16:19:05Z</time>
      </trkpt>
      <trkpt lat="33.56812" lon="-117.77943">
        <ele>237.1</ele>
        <time>2026-07-12T16:19:10Z</time>
      </trkpt>
      <trkpt lat="33.56812" lon="-117.77946">
        <ele>237.71</ele>
        <time>2026-07-12T16:19:15Z</time>
      </trkpt>
      <trkpt lat="33.56813" lon="-117.7795">
        <ele>238.76</ele>
        <time>2026-07-12T16:19:20Z</time>
      </trkpt>
      <trkpt lat="33.56815" lon="-117.77952">
        <ele>239.45</ele>
        <time>2026-07-12T16:19:24Z</time>
      </trkpt>
      <trkpt lat="33.56817" lon="-117.77954">
        <ele>240.06</ele>
        <time>2026-07-12T16:19:28Z</time>
      </trkpt>
      <trkpt lat="33.5682" lon="-117.77954">
        <ele>240.06</ele>
        <time>2026-07-12T16:19:31Z</time>
      </trkpt>
      <trkpt lat="33.56824" lon="-117.77953">
        <ele>239.77</ele>
        <time>2026-07-12T16:19:35Z</time>
      </trkpt>
      <trkpt lat="33.56827" lon="-117.77955">
        <ele>239.69</ele>
        <time>2026-07-12T16:19:39Z</time>
      </trkpt>
      <trkpt lat="33.56829" lon="-117.77956">
        <ele>239.56</ele>
        <time>2026-07-12T16:20:03Z</time>
      </trkpt>
      <trkpt lat="33.56831" lon="-117.77958">
        <ele>239.78</ele>
        <time>2026-07-12T16:20:09Z</time>
      </trkpt>
      <trkpt lat="33.56833" lon="-117.77961">
        <ele>240.41</ele>
        <time>2026-07-12T16:20:14Z</time>
      </trkpt>
      <trkpt lat="33.56835" lon="-117.77963">
        <ele>240.66</ele>
        <time>2026-07-12T16:20:18Z</time>
      </trkpt>
      <trkpt lat="33.56837" lon="-117.77966">
        <ele>241.52</ele>
        <time>2026-07-12T16:20:22Z</time>
      </trkpt>
      <trkpt lat="33.56839" lon="-117.77968">
        <ele>241.95</ele>
        <time>2026-07-12T16:20:26Z</time>
      </trkpt>
      <trkpt lat="33.56841" lon="-117.77971">
        <ele>242.82</ele>
        <time>2026-07-12T16:20:30Z</time>
      </trkpt>
      <trkpt lat="33.56842" lon="-117.77974">
        <ele>243.87</ele>
        <time>2026-07-12T16:20:33Z</time>
      </trkpt>
      <trkpt lat="33.56843" lon="-117.77979">
        <ele>245.84</ele>
        <time>2026-07-12T16:20:36Z</time>
      </trkpt>
      <trkpt lat="33.56845" lon="-117.77982">
        <ele>246.65</ele>
        <time>2026-07-12T16:20:40Z</time>
      </trkpt>
      <trkpt lat="33.56847" lon="-117.77984">
        <ele>246.86</ele>
        <time>2026-07-12T16:20:45Z</time>
      </trkpt>
      <trkpt lat="33.56849" lon="-117.77987">
        <ele>247.4</ele>
        <time>2026-07-12T16:20:51Z</time>
      </trkpt>
      <trkpt lat="33.56852" lon="-117.77988">
        <ele>247.06</ele>
        <time>2026-07-12T16:21:03Z</time>
      </trkpt>
      <trkpt lat="33.56849" lon="-117.77988">
        <ele>247.73</ele>
        <time>2026-07-12T16:21:07Z</time>
      </trkpt>
      <trkpt lat="33.56849" lon="-117.77991">
        <ele>248.72</ele>
        <time>2026-07-12T16:21:24Z</time>
      </trkpt>
      <trkpt lat="33.56851" lon="-117.77994">
        <ele>249.56</ele>
        <time>2026-07-12T16:21:31Z</time>
      </trkpt>
      <trkpt lat="33.56853" lon="-117.77996">
        <ele>249.9</ele>
        <time>2026-07-12T16:21:35Z</time>
      </trkpt>
      <trkpt lat="33.56855" lon="-117.77999">
        <ele>250.55</ele>
        <time>2026-07-12T16:21:37Z</time>
      </trkpt>
      <trkpt lat="33.56856" lon="-117.78002">
        <ele>251.4</ele>
        <time>2026-07-12T16:21:40Z</time>
      </trkpt>
      <trkpt lat="33.56857" lon="-117.78005">
        <ele>252.25</ele>
        <time>2026-07-12T16:21:44Z</time>
      </trkpt>
      <trkpt lat="33.56859" lon="-117.78009">
        <ele>253.35</ele>
        <time>2026-07-12T16:21:49Z</time>
      </trkpt>
      <trkpt lat="33.56861" lon="-117.78011">
        <ele>253.59</ele>
        <time>2026-07-12T16:21:55Z</time>
      </trkpt>
      <trkpt lat="33.56862" lon="-117.78008">
        <ele>252.18</ele>
        <time>2026-07-12T16:22:05Z</time>
      </trkpt>
      <trkpt lat="33.56863" lon="-117.78012">
        <ele>253.28</ele>
        <time>2026-07-12T16:23:50Z</time>
      </trkpt>
      <trkpt lat="33.56864" lon="-117.78018">
        <ele>254.9</ele>
        <time>2026-07-12T16:23:52Z</time>
      </trkpt>
      <trkpt lat="33.56867" lon="-117.78023">
        <ele>255.85</ele>
        <time>2026-07-12T16:23:54Z</time>
      </trkpt>
      <trkpt lat="33.56869" lon="-117.78026">
        <ele>256.56</ele>
        <time>2026-07-12T16:23:57Z</time>
      </trkpt>
      <trkpt lat="33.5687" lon="-117.78029">
        <ele>257.61</ele>
        <time>2026-07-12T16:24:02Z</time>
      </trkpt>
      <trkpt lat="33.56872" lon="-117.78032">
        <ele>258.55</ele>
        <time>2026-07-12T16:24:07Z</time>
      </trkpt>
      <trkpt lat="33.56874" lon="-117.78035">
        <ele>259.64</ele>
        <time>2026-07-12T16:24:12Z</time>
      </trkpt>
      <trkpt lat="33.56877" lon="-117.78037">
        <ele>260.27</ele>
        <time>2026-07-12T16:24:16Z</time>
      </trkpt>
      <trkpt lat="33.56874" lon="-117.78037">
        <ele>260.59</ele>
        <time>2026-07-12T16:24:24Z</time>
      </trkpt>
      <trkpt lat="33.56871" lon="-117.78035">
        <ele>260.04</ele>
        <time>2026-07-12T16:24:27Z</time>
      </trkpt>
      <trkpt lat="33.56869" lon="-117.78032">
        <ele>259.12</ele>
        <time>2026-07-12T16:24:31Z</time>
      </trkpt>
      <trkpt lat="33.56867" lon="-117.7803">
        <ele>258.69</ele>
        <time>2026-07-12T16:24:39Z</time>
      </trkpt>
      <trkpt lat="33.56864" lon="-117.78029">
        <ele>258.9</ele>
        <time>2026-07-12T16:24:46Z</time>
      </trkpt>
      <trkpt lat="33.56861" lon="-117.78029">
        <ele>259.55</ele>
        <time>2026-07-12T16:24:51Z</time>
      </trkpt>
      <trkpt lat="33.56858" lon="-117.7803">
        <ele>260.47</ele>
        <time>2026-07-12T16:24:56Z</time>
      </trkpt>
      <trkpt lat="33.56855" lon="-117.7803">
        <ele>260.96</ele>
        <time>2026-07-12T16:25:01Z</time>
      </trkpt>
      <trkpt lat="33.56852" lon="-117.78029">
        <ele>261.24</ele>
        <time>2026-07-12T16:25:05Z</time>
      </trkpt>
      <trkpt lat="33.56849" lon="-117.78028">
        <ele>261.05</ele>
        <time>2026-07-12T16:25:09Z</time>
      </trkpt>
      <trkpt lat="33.56845" lon="-117.78028">
        <ele>261.05</ele>
        <time>2026-07-12T16:25:12Z</time>
      </trkpt>
      <trkpt lat="33.56842" lon="-117.78029">
        <ele>261.2</ele>
        <time>2026-07-12T16:25:16Z</time>
      </trkpt>
      <trkpt lat="33.56842" lon="-117.78032">
        <ele>261.85</ele>
        <time>2026-07-12T16:25:19Z</time>
      </trkpt>
      <trkpt lat="33.56843" lon="-117.78035">
        <ele>262.56</ele>
        <time>2026-07-12T16:25:23Z</time>
      </trkpt>
      <trkpt lat="33.56846" lon="-117.78037">
        <ele>262.99</ele>
        <time>2026-07-12T16:25:26Z</time>
      </trkpt>
      <trkpt lat="33.5685" lon="-117.78037">
        <ele>262.99</ele>
        <time>2026-07-12T16:25:28Z</time>
      </trkpt>
      <trkpt lat="33.56854" lon="-117.78038">
        <ele>263.39</ele>
        <time>2026-07-12T16:25:30Z</time>
      </trkpt>
      <trkpt lat="33.56856" lon="-117.78039">
        <ele>263.75</ele>
        <time>2026-07-12T16:25:32Z</time>
      </trkpt>
      <trkpt lat="33.56859" lon="-117.7804">
        <ele>264.03</ele>
        <time>2026-07-12T16:25:35Z</time>
      </trkpt>
      <trkpt lat="33.56862" lon="-117.78041">
        <ele>264.09</ele>
        <time>2026-07-12T16:25:38Z</time>
      </trkpt>
      <trkpt lat="33.56865" lon="-117.78043">
        <ele>264.09</ele>
        <time>2026-07-12T16:25:42Z</time>
      </trkpt>
      <trkpt lat="33.56867" lon="-117.78046">
        <ele>264.63</ele>
        <time>2026-07-12T16:25:46Z</time>
      </trkpt>
      <trkpt lat="33.5687" lon="-117.78047">
        <ele>264.38</ele>
        <time>2026-07-12T16:25:50Z</time>
      </trkpt>
      <trkpt lat="33.56873" lon="-117.78049">
        <ele>265.0</ele>
        <time>2026-07-12T16:25:54Z</time>
      </trkpt>
      <trkpt lat="33.56877" lon="-117.78051">
        <ele>265.3</ele>
        <time>2026-07-12T16:25:58Z</time>
      </trkpt>
      <trkpt lat="33.56879" lon="-117.78052">
        <ele>265.32</ele>
        <time>2026-07-12T16:26:01Z</time>
      </trkpt>
      <trkpt lat="33.56882" lon="-117.78054">
        <ele>265.36</ele>
        <time>2026-07-12T16:26:05Z</time>
      </trkpt>
      <trkpt lat="33.56885" lon="-117.78056">
        <ele>265.56</ele>
        <time>2026-07-12T16:26:09Z</time>
      </trkpt>
      <trkpt lat="33.56888" lon="-117.78058">
        <ele>265.67</ele>
        <time>2026-07-12T16:26:13Z</time>
      </trkpt>
      <trkpt lat="33.5689" lon="-117.78061">
        <ele>265.94</ele>
        <time>2026-07-12T16:26:16Z</time>
      </trkpt>
      <trkpt lat="33.56891" lon="-117.78065">
        <ele>266.58</ele>
        <time>2026-07-12T16:26:19Z</time>
      </trkpt>
      <trkpt lat="33.56893" lon="-117.78069">
        <ele>266.82</ele>
        <time>2026-07-12T16:26:22Z</time>
      </trkpt>
      <trkpt lat="33.56895" lon="-117.78072">
        <ele>266.72</ele>
        <time>2026-07-12T16:26:25Z</time>
      </trkpt>
      <trkpt lat="33.56895" lon="-117.78076">
        <ele>267.3</ele>
        <time>2026-07-12T16:26:29Z</time>
      </trkpt>
      <trkpt lat="33.56895" lon="-117.7808">
        <ele>267.88</ele>
        <time>2026-07-12T16:26:33Z</time>
      </trkpt>
      <trkpt lat="33.56896" lon="-117.78083">
        <ele>267.88</ele>
        <time>2026-07-12T16:26:36Z</time>
      </trkpt>
      <trkpt lat="33.56897" lon="-117.78086">
        <ele>268.04</ele>
        <time>2026-07-12T16:26:39Z</time>
      </trkpt>
      <trkpt lat="33.56899" lon="-117.7809">
        <ele>268.16</ele>
        <time>2026-07-12T16:26:42Z</time>
      </trkpt>
      <trkpt lat="33.569" lon="-117.78093">
        <ele>268.45</ele>
        <time>2026-07-12T16:26:45Z</time>
      </trkpt>
      <trkpt lat="33.56901" lon="-117.78097">
        <ele>268.7</ele>
        <time>2026-07-12T16:26:49Z</time>
      </trkpt>
      <trkpt lat="33.56901" lon="-117.78101">
        <ele>269.26</ele>
        <time>2026-07-12T16:26:53Z</time>
      </trkpt>
      <trkpt lat="33.56902" lon="-117.78105">
        <ele>269.17</ele>
        <time>2026-07-12T16:26:57Z</time>
      </trkpt>
      <trkpt lat="33.56903" lon="-117.78109">
        <ele>268.95</ele>
        <time>2026-07-12T16:27:01Z</time>
      </trkpt>
      <trkpt lat="33.56903" lon="-117.78113">
        <ele>269.16</ele>
        <time>2026-07-12T16:27:05Z</time>
      </trkpt>
      <trkpt lat="33.56902" lon="-117.78116">
        <ele>269.7</ele>
        <time>2026-07-12T16:27:08Z</time>
      </trkpt>
      <trkpt lat="33.569" lon="-117.78118">
        <ele>270.34</ele>
        <time>2026-07-12T16:27:11Z</time>
      </trkpt>
      <trkpt lat="33.56897" lon="-117.78118">
        <ele>271.02</ele>
        <time>2026-07-12T16:27:15Z</time>
      </trkpt>
      <trkpt lat="33.56895" lon="-117.78115">
        <ele>271.3</ele>
        <time>2026-07-12T16:27:17Z</time>
      </trkpt>
      <trkpt lat="33.56893" lon="-117.78112">
        <ele>271.71</ele>
        <time>2026-07-12T16:27:20Z</time>
      </trkpt>
      <trkpt lat="33.56891" lon="-117.78109">
        <ele>272.14</ele>
        <time>2026-07-12T16:27:23Z</time>
      </trkpt>
      <trkpt lat="33.56889" lon="-117.78107">
        <ele>272.53</ele>
        <time>2026-07-12T16:27:27Z</time>
      </trkpt>
      <trkpt lat="33.56887" lon="-117.78104">
        <ele>273.0</ele>
        <time>2026-07-12T16:27:31Z</time>
      </trkpt>
      <trkpt lat="33.56884" lon="-117.78102">
        <ele>274.12</ele>
        <time>2026-07-12T16:27:35Z</time>
      </trkpt>
      <trkpt lat="33.56883" lon="-117.78099">
        <ele>274.35</ele>
        <time>2026-07-12T16:27:39Z</time>
      </trkpt>
      <trkpt lat="33.56881" lon="-117.78096">
        <ele>274.87</ele>
        <time>2026-07-12T16:27:43Z</time>
      </trkpt>
      <trkpt lat="33.5688" lon="-117.78092">
        <ele>274.82</ele>
        <time>2026-07-12T16:27:48Z</time>
      </trkpt>
      <trkpt lat="33.56879" lon="-117.78089">
        <ele>274.79</ele>
        <time>2026-07-12T16:27:52Z</time>
      </trkpt>
      <trkpt lat="33.56877" lon="-117.78086">
        <ele>274.94</ele>
        <time>2026-07-12T16:27:56Z</time>
      </trkpt>
      <trkpt lat="33.56875" lon="-117.78084">
        <ele>275.11</ele>
        <time>2026-07-12T16:27:59Z</time>
      </trkpt>
      <trkpt lat="33.56872" lon="-117.78081">
        <ele>275.35</ele>
        <time>2026-07-12T16:28:03Z</time>
      </trkpt>
      <trkpt lat="33.5687" lon="-117.78079">
        <ele>275.57</ele>
        <time>2026-07-12T16:28:06Z</time>
      </trkpt>
      <trkpt lat="33.56868" lon="-117.78077">
        <ele>275.57</ele>
        <time>2026-07-12T16:28:09Z</time>
      </trkpt>
      <trkpt lat="33.56866" lon="-117.78075">
        <ele>275.57</ele>
        <time>2026-07-12T16:28:12Z</time>
      </trkpt>
      <trkpt lat="33.56863" lon="-117.78073">
        <ele>275.42</ele>
        <time>2026-07-12T16:28:16Z</time>
      </trkpt>
      <trkpt lat="33.5686" lon="-117.78076">
        <ele>275.97</ele>
        <time>2026-07-12T16:28:20Z</time>
      </trkpt>
      <trkpt lat="33.56858" lon="-117.78078">
        <ele>275.75</ele>
        <time>2026-07-12T16:28:23Z</time>
      </trkpt>
      <trkpt lat="33.56855" lon="-117.78079">
        <ele>275.21</ele>
        <time>2026-07-12T16:28:27Z</time>
      </trkpt>
      <trkpt lat="33.56855" lon="-117.78085">
        <ele>275.74</ele>
        <time>2026-07-12T16:30:03Z</time>
      </trkpt>
      <trkpt lat="33.56856" lon="-117.78091">
        <ele>276.27</ele>
        <time>2026-07-12T16:30:05Z</time>
      </trkpt>
      <trkpt lat="33.56856" lon="-117.78095">
        <ele>276.08</ele>
        <time>2026-07-12T16:30:07Z</time>
      </trkpt>
      <trkpt lat="33.56857" lon="-117.781">
        <ele>275.87</ele>
        <time>2026-07-12T16:30:10Z</time>
      </trkpt>
      <trkpt lat="33.56858" lon="-117.78103">
        <ele>276.03</ele>
        <time>2026-07-12T16:30:13Z</time>
      </trkpt>
      <trkpt lat="33.56862" lon="-117.78106">
        <ele>277.05</ele>
        <time>2026-07-12T16:30:16Z</time>
      </trkpt>
      <trkpt lat="33.56864" lon="-117.78109">
        <ele>277.07</ele>
        <time>2026-07-12T16:30:19Z</time>
      </trkpt>
      <trkpt lat="33.56864" lon="-117.78113">
        <ele>276.86</ele>
        <time>2026-07-12T16:30:23Z</time>
      </trkpt>
      <trkpt lat="33.56864" lon="-117.78117">
        <ele>276.56</ele>
        <time>2026-07-12T16:30:27Z</time>
      </trkpt>
      <trkpt lat="33.56862" lon="-117.7812">
        <ele>276.13</ele>
        <time>2026-07-12T16:30:31Z</time>
      </trkpt>
      <trkpt lat="33.5686" lon="-117.78124">
        <ele>275.1</ele>
        <time>2026-07-12T16:30:35Z</time>
      </trkpt>
      <trkpt lat="33.56862" lon="-117.78127">
        <ele>274.66</ele>
        <time>2026-07-12T16:30:39Z</time>
      </trkpt>
      <trkpt lat="33.56865" lon="-117.78128">
        <ele>274.77</ele>
        <time>2026-07-12T16:30:42Z</time>
      </trkpt>
      <trkpt lat="33.56868" lon="-117.7813">
        <ele>274.74</ele>
        <time>2026-07-12T16:30:46Z</time>
      </trkpt>
      <trkpt lat="33.5687" lon="-117.78133">
        <ele>274.96</ele>
        <time>2026-07-12T16:30:49Z</time>
      </trkpt>
      <trkpt lat="33.56872" lon="-117.78135">
        <ele>274.9</ele>
        <time>2026-07-12T16:30:52Z</time>
      </trkpt>
      <trkpt lat="33.56874" lon="-117.78138">
        <ele>274.65</ele>
        <time>2026-07-12T16:30:55Z</time>
      </trkpt>
      <trkpt lat="33.56876" lon="-117.7814">
        <ele>274.22</ele>
        <time>2026-07-12T16:30:58Z</time>
      </trkpt>
      <trkpt lat="33.56878" lon="-117.78142">
        <ele>273.78</ele>
        <time>2026-07-12T16:31:02Z</time>
      </trkpt>
      <trkpt lat="33.56881" lon="-117.78144">
        <ele>273.3</ele>
        <time>2026-07-12T16:31:05Z</time>
      </trkpt>
      <trkpt lat="33.56883" lon="-117.78146">
        <ele>272.87</ele>
        <time>2026-07-12T16:31:08Z</time>
      </trkpt>
      <trkpt lat="33.56887" lon="-117.78147">
        <ele>272.33</ele>
        <time>2026-07-12T16:31:11Z</time>
      </trkpt>
      <trkpt lat="33.5689" lon="-117.78149">
        <ele>271.88</ele>
        <time>2026-07-12T16:31:13Z</time>
      </trkpt>
      <trkpt lat="33.56893" lon="-117.7815">
        <ele>271.56</ele>
        <time>2026-07-12T16:31:15Z</time>
      </trkpt>
      <trkpt lat="33.56896" lon="-117.78152">
        <ele>271.23</ele>
        <time>2026-07-12T16:31:18Z</time>
      </trkpt>
      <trkpt lat="33.56899" lon="-117.78154">
        <ele>270.97</ele>
        <time>2026-07-12T16:31:21Z</time>
      </trkpt>
      <trkpt lat="33.56902" lon="-117.78156">
        <ele>270.94</ele>
        <time>2026-07-12T16:31:24Z</time>
      </trkpt>
      <trkpt lat="33.56904" lon="-117.78158">
        <ele>271.0</ele>
        <time>2026-07-12T16:31:28Z</time>
      </trkpt>
      <trkpt lat="33.56907" lon="-117.78161">
        <ele>271.0</ele>
        <time>2026-07-12T16:31:32Z</time>
      </trkpt>
      <trkpt lat="33.56909" lon="-117.78163">
        <ele>270.93</ele>
        <time>2026-07-12T16:31:35Z</time>
      </trkpt>
      <trkpt lat="33.56911" lon="-117.78165">
        <ele>270.93</ele>
        <time>2026-07-12T16:31:38Z</time>
      </trkpt>
      <trkpt lat="33.56914" lon="-117.78166">
        <ele>270.95</ele>
        <time>2026-07-12T16:31:41Z</time>
      </trkpt>
      <trkpt lat="33.56917" lon="-117.78168">
        <ele>271.01</ele>
        <time>2026-07-12T16:31:44Z</time>
      </trkpt>
      <trkpt lat="33.56919" lon="-117.7817">
        <ele>271.09</ele>
        <time>2026-07-12T16:31:47Z</time>
      </trkpt>
      <trkpt lat="33.56922" lon="-117.7817">
        <ele>271.21</ele>
        <time>2026-07-12T16:31:50Z</time>
      </trkpt>
      <trkpt lat="33.56926" lon="-117.78171">
        <ele>271.46</ele>
        <time>2026-07-12T16:31:54Z</time>
      </trkpt>
      <trkpt lat="33.56929" lon="-117.78172">
        <ele>271.05</ele>
        <time>2026-07-12T16:31:58Z</time>
      </trkpt>
      <trkpt lat="33.56932" lon="-117.78172">
        <ele>270.54</ele>
        <time>2026-07-12T16:32:01Z</time>
      </trkpt>
      <trkpt lat="33.56935" lon="-117.78173">
        <ele>270.03</ele>
        <time>2026-07-12T16:32:04Z</time>
      </trkpt>
      <trkpt lat="33.56938" lon="-117.78174">
        <ele>269.46</ele>
        <time>2026-07-12T16:32:08Z</time>
      </trkpt>
      <trkpt lat="33.56941" lon="-117.78175">
        <ele>268.81</ele>
        <time>2026-07-12T16:32:12Z</time>
      </trkpt>
      <trkpt lat="33.56945" lon="-117.78176">
        <ele>267.94</ele>
        <time>2026-07-12T16:32:16Z</time>
      </trkpt>
      <trkpt lat="33.56948" lon="-117.78176">
        <ele>267.61</ele>
        <time>2026-07-12T16:32:20Z</time>
      </trkpt>
      <trkpt lat="33.56952" lon="-117.78177">
        <ele>267.09</ele>
        <time>2026-07-12T16:32:24Z</time>
      </trkpt>
      <trkpt lat="33.56955" lon="-117.78178">
        <ele>266.64</ele>
        <time>2026-07-12T16:32:28Z</time>
      </trkpt>
      <trkpt lat="33.56958" lon="-117.78179">
        <ele>266.2</ele>
        <time>2026-07-12T16:32:32Z</time>
      </trkpt>
      <trkpt lat="33.56962" lon="-117.78179">
        <ele>265.77</ele>
        <time>2026-07-12T16:32:36Z</time>
      </trkpt>
      <trkpt lat="33.56965" lon="-117.7818">
        <ele>265.37</ele>
        <time>2026-07-12T16:32:40Z</time>
      </trkpt>
      <trkpt lat="33.56968" lon="-117.78181">
        <ele>264.86</ele>
        <time>2026-07-12T16:32:43Z</time>
      </trkpt>
      <trkpt lat="33.56971" lon="-117.78183">
        <ele>263.91</ele>
        <time>2026-07-12T16:32:46Z</time>
      </trkpt>
      <trkpt lat="33.56973" lon="-117.78186">
        <ele>262.98</ele>
        <time>2026-07-12T16:32:49Z</time>
      </trkpt>
      <trkpt lat="33.56976" lon="-117.78189">
        <ele>262.66</ele>
        <time>2026-07-12T16:32:52Z</time>
      </trkpt>
      <trkpt lat="33.56978" lon="-117.78191">
        <ele>262.21</ele>
        <time>2026-07-12T16:32:55Z</time>
      </trkpt>
      <trkpt lat="33.5698" lon="-117.78193">
        <ele>261.57</ele>
        <time>2026-07-12T16:32:58Z</time>
      </trkpt>
      <trkpt lat="33.56983" lon="-117.78195">
        <ele>260.82</ele>
        <time>2026-07-12T16:33:02Z</time>
      </trkpt>
      <trkpt lat="33.56986" lon="-117.78197">
        <ele>260.17</ele>
        <time>2026-07-12T16:33:06Z</time>
      </trkpt>
      <trkpt lat="33.56989" lon="-117.78199">
        <ele>259.52</ele>
        <time>2026-07-12T16:33:10Z</time>
      </trkpt>
      <trkpt lat="33.56992" lon="-117.782">
        <ele>259.2</ele>
        <time>2026-07-12T16:33:14Z</time>
      </trkpt>
      <trkpt lat="33.56995" lon="-117.78202">
        <ele>258.55</ele>
        <time>2026-07-12T16:33:17Z</time>
      </trkpt>
      <trkpt lat="33.56997" lon="-117.78203">
        <ele>258.23</ele>
        <time>2026-07-12T16:33:20Z</time>
      </trkpt>
      <trkpt lat="33.57" lon="-117.78205">
        <ele>257.58</ele>
        <time>2026-07-12T16:33:23Z</time>
      </trkpt>
      <trkpt lat="33.57003" lon="-117.78206">
        <ele>257.98</ele>
        <time>2026-07-12T16:33:26Z</time>
      </trkpt>
      <trkpt lat="33.57006" lon="-117.78208">
        <ele>258.2</ele>
        <time>2026-07-12T16:33:29Z</time>
      </trkpt>
      <trkpt lat="33.57009" lon="-117.78209">
        <ele>258.78</ele>
        <time>2026-07-12T16:33:32Z</time>
      </trkpt>
      <trkpt lat="33.57012" lon="-117.78211">
        <ele>258.85</ele>
        <time>2026-07-12T16:33:35Z</time>
      </trkpt>
      <trkpt lat="33.57015" lon="-117.78212">
        <ele>258.96</ele>
        <time>2026-07-12T16:33:38Z</time>
      </trkpt>
      <trkpt lat="33.57017" lon="-117.78213">
        <ele>258.83</ele>
        <time>2026-07-12T16:33:41Z</time>
      </trkpt>
      <trkpt lat="33.5702" lon="-117.78215">
        <ele>258.84</ele>
        <time>2026-07-12T16:33:44Z</time>
      </trkpt>
      <trkpt lat="33.57023" lon="-117.78216">
        <ele>259.15</ele>
        <time>2026-07-12T16:33:47Z</time>
      </trkpt>
      <trkpt lat="33.57026" lon="-117.78216">
        <ele>259.69</ele>
        <time>2026-07-12T16:33:50Z</time>
      </trkpt>
      <trkpt lat="33.57029" lon="-117.78215">
        <ele>260.37</ele>
        <time>2026-07-12T16:33:53Z</time>
      </trkpt>
      <trkpt lat="33.57032" lon="-117.78215">
        <ele>260.44</ele>
        <time>2026-07-12T16:33:56Z</time>
      </trkpt>
      <trkpt lat="33.57035" lon="-117.78214">
        <ele>260.75</ele>
        <time>2026-07-12T16:33:59Z</time>
      </trkpt>
      <trkpt lat="33.57037" lon="-117.78214">
        <ele>260.78</ele>
        <time>2026-07-12T16:34:02Z</time>
      </trkpt>
      <trkpt lat="33.5704" lon="-117.78214">
        <ele>260.49</ele>
        <time>2026-07-12T16:34:05Z</time>
      </trkpt>
      <trkpt lat="33.57043" lon="-117.78213">
        <ele>260.35</ele>
        <time>2026-07-12T16:34:08Z</time>
      </trkpt>
      <trkpt lat="33.57046" lon="-117.78212">
        <ele>260.24</ele>
        <time>2026-07-12T16:34:11Z</time>
      </trkpt>
      <trkpt lat="33.57049" lon="-117.7821">
        <ele>260.75</ele>
        <time>2026-07-12T16:34:14Z</time>
      </trkpt>
      <trkpt lat="33.57052" lon="-117.78208">
        <ele>261.03</ele>
        <time>2026-07-12T16:34:17Z</time>
      </trkpt>
      <trkpt lat="33.57054" lon="-117.78205">
        <ele>261.12</ele>
        <time>2026-07-12T16:34:20Z</time>
      </trkpt>
      <trkpt lat="33.57056" lon="-117.78202">
        <ele>261.18</ele>
        <time>2026-07-12T16:34:23Z</time>
      </trkpt>
      <trkpt lat="33.57056" lon="-117.78198">
        <ele>261.59</ele>
        <time>2026-07-12T16:34:27Z</time>
      </trkpt>
      <trkpt lat="33.57057" lon="-117.78195">
        <ele>261.79</ele>
        <time>2026-07-12T16:34:30Z</time>
      </trkpt>
      <trkpt lat="33.57058" lon="-117.78192">
        <ele>261.74</ele>
        <time>2026-07-12T16:34:33Z</time>
      </trkpt>
      <trkpt lat="33.57059" lon="-117.78189">
        <ele>261.63</ele>
        <time>2026-07-12T16:34:36Z</time>
      </trkpt>
      <trkpt lat="33.57059" lon="-117.78185">
        <ele>261.63</ele>
        <time>2026-07-12T16:34:39Z</time>
      </trkpt>
      <trkpt lat="33.5706" lon="-117.78182">
        <ele>261.53</ele>
        <time>2026-07-12T16:34:42Z</time>
      </trkpt>
      <trkpt lat="33.5706" lon="-117.78178">
        <ele>261.55</ele>
        <time>2026-07-12T16:34:44Z</time>
      </trkpt>
      <trkpt lat="33.57059" lon="-117.78173">
        <ele>261.69</ele>
        <time>2026-07-12T16:34:46Z</time>
      </trkpt>
      <trkpt lat="33.57058" lon="-117.7817">
        <ele>261.74</ele>
        <time>2026-07-12T16:34:48Z</time>
      </trkpt>
      <trkpt lat="33.57057" lon="-117.78167">
        <ele>261.72</ele>
        <time>2026-07-12T16:34:50Z</time>
      </trkpt>
      <trkpt lat="33.57057" lon="-117.78162">
        <ele>262.03</ele>
        <time>2026-07-12T16:34:53Z</time>
      </trkpt>
      <trkpt lat="33.57056" lon="-117.78159">
        <ele>262.65</ele>
        <time>2026-07-12T16:34:56Z</time>
      </trkpt>
      <trkpt lat="33.57054" lon="-117.78155">
        <ele>263.46</ele>
        <time>2026-07-12T16:35:00Z</time>
      </trkpt>
      <trkpt lat="33.57055" lon="-117.78152">
        <ele>263.14</ele>
        <time>2026-07-12T16:35:04Z</time>
      </trkpt>
      <trkpt lat="33.57059" lon="-117.78149">
        <ele>261.17</ele>
        <time>2026-07-12T16:35:07Z</time>
      </trkpt>
      <trkpt lat="33.57061" lon="-117.78147">
        <ele>260.03</ele>
        <time>2026-07-12T16:35:10Z</time>
      </trkpt>
      <trkpt lat="33.57062" lon="-117.78143">
        <ele>259.57</ele>
        <time>2026-07-12T16:35:14Z</time>
      </trkpt>
      <trkpt lat="33.57063" lon="-117.7814">
        <ele>259.34</ele>
        <time>2026-07-12T16:35:17Z</time>
      </trkpt>
      <trkpt lat="33.57065" lon="-117.78137">
        <ele>258.74</ele>
        <time>2026-07-12T16:35:20Z</time>
      </trkpt>
      <trkpt lat="33.57067" lon="-117.78134">
        <ele>257.89</ele>
        <time>2026-07-12T16:35:23Z</time>
      </trkpt>
      <trkpt lat="33.57069" lon="-117.78131">
        <ele>257.18</ele>
        <time>2026-07-12T16:35:26Z</time>
      </trkpt>
      <trkpt lat="33.57071" lon="-117.78127">
        <ele>256.48</ele>
        <time>2026-07-12T16:35:29Z</time>
      </trkpt>
      <trkpt lat="33.57072" lon="-117.78124">
        <ele>256.18</ele>
        <time>2026-07-12T16:35:32Z</time>
      </trkpt>
      <trkpt lat="33.57074" lon="-117.78121">
        <ele>256.0</ele>
        <time>2026-07-12T16:35:35Z</time>
      </trkpt>
      <trkpt lat="33.57075" lon="-117.78118">
        <ele>255.74</ele>
        <time>2026-07-12T16:35:38Z</time>
      </trkpt>
      <trkpt lat="33.57077" lon="-117.78115">
        <ele>255.42</ele>
        <time>2026-07-12T16:35:41Z</time>
      </trkpt>
      <trkpt lat="33.57078" lon="-117.78112">
        <ele>255.1</ele>
        <time>2026-07-12T16:35:44Z</time>
      </trkpt>
      <trkpt lat="33.5708" lon="-117.78109">
        <ele>254.53</ele>
        <time>2026-07-12T16:35:47Z</time>
      </trkpt>
      <trkpt lat="33.57081" lon="-117.78106">
        <ele>254.03</ele>
        <time>2026-07-12T16:35:50Z</time>
      </trkpt>
      <trkpt lat="33.57083" lon="-117.78103">
        <ele>254.03</ele>
        <time>2026-07-12T16:35:53Z</time>
      </trkpt>
      <trkpt lat="33.57084" lon="-117.781">
        <ele>253.81</ele>
        <time>2026-07-12T16:35:56Z</time>
      </trkpt>
      <trkpt lat="33.57086" lon="-117.78097">
        <ele>253.63</ele>
        <time>2026-07-12T16:35:59Z</time>
      </trkpt>
      <trkpt lat="33.57088" lon="-117.78094">
        <ele>253.58</ele>
        <time>2026-07-12T16:36:02Z</time>
      </trkpt>
      <trkpt lat="33.57089" lon="-117.7809">
        <ele>253.29</ele>
        <time>2026-07-12T16:36:05Z</time>
      </trkpt>
      <trkpt lat="33.57091" lon="-117.78087">
        <ele>253.52</ele>
        <time>2026-07-12T16:36:08Z</time>
      </trkpt>
      <trkpt lat="33.57093" lon="-117.78084">
        <ele>253.99</ele>
        <time>2026-07-12T16:36:11Z</time>
      </trkpt>
      <trkpt lat="33.57095" lon="-117.78081">
        <ele>253.75</ele>
        <time>2026-07-12T16:36:14Z</time>
      </trkpt>
      <trkpt lat="33.57096" lon="-117.78078">
        <ele>253.42</ele>
        <time>2026-07-12T16:36:17Z</time>
      </trkpt>
      <trkpt lat="33.57098" lon="-117.78074">
        <ele>252.99</ele>
        <time>2026-07-12T16:36:20Z</time>
      </trkpt>
      <trkpt lat="33.571" lon="-117.78071">
        <ele>252.8</ele>
        <time>2026-07-12T16:36:23Z</time>
      </trkpt>
      <trkpt lat="33.57101" lon="-117.78068">
        <ele>252.82</ele>
        <time>2026-07-12T16:36:26Z</time>
      </trkpt>
      <trkpt lat="33.57103" lon="-117.78064">
        <ele>252.92</ele>
        <time>2026-07-12T16:36:29Z</time>
      </trkpt>
      <trkpt lat="33.57105" lon="-117.78061">
        <ele>252.73</ele>
        <time>2026-07-12T16:36:32Z</time>
      </trkpt>
      <trkpt lat="33.57107" lon="-117.78058">
        <ele>252.67</ele>
        <time>2026-07-12T16:36:35Z</time>
      </trkpt>
      <trkpt lat="33.57108" lon="-117.78055">
        <ele>252.6</ele>
        <time>2026-07-12T16:36:38Z</time>
      </trkpt>
      <trkpt lat="33.5711" lon="-117.78052">
        <ele>252.74</ele>
        <time>2026-07-12T16:36:41Z</time>
      </trkpt>
      <trkpt lat="33.57113" lon="-117.7805">
        <ele>252.71</ele>
        <time>2026-07-12T16:36:44Z</time>
      </trkpt>
      <trkpt lat="33.57115" lon="-117.78047">
        <ele>252.55</ele>
        <time>2026-07-12T16:36:47Z</time>
      </trkpt>
      <trkpt lat="33.57117" lon="-117.78045">
        <ele>252.36</ele>
        <time>2026-07-12T16:36:50Z</time>
      </trkpt>
      <trkpt lat="33.57119" lon="-117.78043">
        <ele>252.15</ele>
        <time>2026-07-12T16:36:53Z</time>
      </trkpt>
      <trkpt lat="33.57121" lon="-117.7804">
        <ele>251.86</ele>
        <time>2026-07-12T16:36:56Z</time>
      </trkpt>
      <trkpt lat="33.57123" lon="-117.78037">
        <ele>251.43</ele>
        <time>2026-07-12T16:36:59Z</time>
      </trkpt>
      <trkpt lat="33.57125" lon="-117.78034">
        <ele>251.16</ele>
        <time>2026-07-12T16:37:02Z</time>
      </trkpt>
      <trkpt lat="33.57127" lon="-117.78032">
        <ele>250.96</ele>
        <time>2026-07-12T16:37:05Z</time>
      </trkpt>
      <trkpt lat="33.57129" lon="-117.78029">
        <ele>250.94</ele>
        <time>2026-07-12T16:37:08Z</time>
      </trkpt>
      <trkpt lat="33.57132" lon="-117.78027">
        <ele>250.43</ele>
        <time>2026-07-12T16:37:11Z</time>
      </trkpt>
      <trkpt lat="33.57134" lon="-117.78024">
        <ele>249.84</ele>
        <time>2026-07-12T16:37:14Z</time>
      </trkpt>
      <trkpt lat="33.57136" lon="-117.78021">
        <ele>249.4</ele>
        <time>2026-07-12T16:37:17Z</time>
      </trkpt>
      <trkpt lat="33.57138" lon="-117.78018">
        <ele>249.09</ele>
        <time>2026-07-12T16:37:19Z</time>
      </trkpt>
      <trkpt lat="33.5714" lon="-117.78015">
        <ele>248.83</ele>
        <time>2026-07-12T16:37:22Z</time>
      </trkpt>
      <trkpt lat="33.57143" lon="-117.78012">
        <ele>248.24</ele>
        <time>2026-07-12T16:37:25Z</time>
      </trkpt>
      <trkpt lat="33.57145" lon="-117.78009">
        <ele>247.63</ele>
        <time>2026-07-12T16:37:28Z</time>
      </trkpt>
      <trkpt lat="33.57148" lon="-117.78006">
        <ele>247.0</ele>
        <time>2026-07-12T16:37:31Z</time>
      </trkpt>
      <trkpt lat="33.57151" lon="-117.78003">
        <ele>247.0</ele>
        <time>2026-07-12T16:37:34Z</time>
      </trkpt>
      <trkpt lat="33.57155" lon="-117.78001">
        <ele>247.0</ele>
        <time>2026-07-12T16:37:37Z</time>
      </trkpt>
      <trkpt lat="33.57158" lon="-117.77998">
        <ele>246.73</ele>
        <time>2026-07-12T16:37:40Z</time>
      </trkpt>
      <trkpt lat="33.57161" lon="-117.77996">
        <ele>246.35</ele>
        <time>2026-07-12T16:37:43Z</time>
      </trkpt>
      <trkpt lat="33.57164" lon="-117.77994">
        <ele>246.1</ele>
        <time>2026-07-12T16:37:46Z</time>
      </trkpt>
      <trkpt lat="33.57167" lon="-117.77992">
        <ele>245.96</ele>
        <time>2026-07-12T16:37:49Z</time>
      </trkpt>
      <trkpt lat="33.5717" lon="-117.7799">
        <ele>245.54</ele>
        <time>2026-07-12T16:37:52Z</time>
      </trkpt>
      <trkpt lat="33.57173" lon="-117.77987">
        <ele>245.06</ele>
        <time>2026-07-12T16:37:55Z</time>
      </trkpt>
      <trkpt lat="33.57175" lon="-117.77986">
        <ele>245.0</ele>
        <time>2026-07-12T16:37:58Z</time>
      </trkpt>
      <trkpt lat="33.57178" lon="-117.77985">
        <ele>245.0</ele>
        <time>2026-07-12T16:38:02Z</time>
      </trkpt>
      <trkpt lat="33.57181" lon="-117.77983">
        <ele>245.0</ele>
        <time>2026-07-12T16:38:07Z</time>
      </trkpt>
      <trkpt lat="33.57184" lon="-117.77981">
        <ele>244.93</ele>
        <time>2026-07-12T16:38:11Z</time>
      </trkpt>
      <trkpt lat="33.57187" lon="-117.77979">
        <ele>244.78</ele>
        <time>2026-07-12T16:38:14Z</time>
      </trkpt>
      <trkpt lat="33.5719" lon="-117.77978">
        <ele>244.82</ele>
        <time>2026-07-12T16:38:17Z</time>
      </trkpt>
      <trkpt lat="33.57193" lon="-117.77976">
        <ele>244.91</ele>
        <time>2026-07-12T16:38:20Z</time>
      </trkpt>
      <trkpt lat="33.57197" lon="-117.77975">
        <ele>245.0</ele>
        <time>2026-07-12T16:38:23Z</time>
      </trkpt>
      <trkpt lat="33.572" lon="-117.77974">
        <ele>245.0</ele>
        <time>2026-07-12T16:38:26Z</time>
      </trkpt>
      <trkpt lat="33.57204" lon="-117.77973">
        <ele>245.0</ele>
        <time>2026-07-12T16:38:29Z</time>
      </trkpt>
      <trkpt lat="33.57207" lon="-117.77972">
        <ele>244.98</ele>
        <time>2026-07-12T16:38:31Z</time>
      </trkpt>
      <trkpt lat="33.5721" lon="-117.77972">
        <ele>244.98</ele>
        <time>2026-07-12T16:38:33Z</time>
      </trkpt>
      <trkpt lat="33.57212" lon="-117.77971">
        <ele>244.87</ele>
        <time>2026-07-12T16:38:35Z</time>
      </trkpt>
      <trkpt lat="33.57216" lon="-117.77971">
        <ele>244.82</ele>
        <time>2026-07-12T16:38:38Z</time>
      </trkpt>
      <trkpt lat="33.5722" lon="-117.77971">
        <ele>244.77</ele>
        <time>2026-07-12T16:38:41Z</time>
      </trkpt>
      <trkpt lat="33.57223" lon="-117.77971">
        <ele>244.67</ele>
        <time>2026-07-12T16:38:44Z</time>
      </trkpt>
      <trkpt lat="33.57227" lon="-117.77971">
        <ele>244.36</ele>
        <time>2026-07-12T16:38:47Z</time>
      </trkpt>
      <trkpt lat="33.5723" lon="-117.77971">
        <ele>244.12</ele>
        <time>2026-07-12T16:38:50Z</time>
      </trkpt>
      <trkpt lat="33.57233" lon="-117.7797">
        <ele>244.0</ele>
        <time>2026-07-12T16:38:53Z</time>
      </trkpt>
      <trkpt lat="33.57237" lon="-117.7797">
        <ele>244.0</ele>
        <time>2026-07-12T16:38:56Z</time>
      </trkpt>
      <trkpt lat="33.5724" lon="-117.77969">
        <ele>244.0</ele>
        <time>2026-07-12T16:38:59Z</time>
      </trkpt>
      <trkpt lat="33.57243" lon="-117.77968">
        <ele>243.89</ele>
        <time>2026-07-12T16:39:02Z</time>
      </trkpt>
      <trkpt lat="33.57246" lon="-117.77967">
        <ele>243.68</ele>
        <time>2026-07-12T16:39:05Z</time>
      </trkpt>
      <trkpt lat="33.5725" lon="-117.77967">
        <ele>243.44</ele>
        <time>2026-07-12T16:39:08Z</time>
      </trkpt>
      <trkpt lat="33.57253" lon="-117.77966">
        <ele>243.44</ele>
        <time>2026-07-12T16:39:11Z</time>
      </trkpt>
      <trkpt lat="33.57257" lon="-117.77966">
        <ele>243.59</ele>
        <time>2026-07-12T16:39:14Z</time>
      </trkpt>
      <trkpt lat="33.5726" lon="-117.77966">
        <ele>243.7</ele>
        <time>2026-07-12T16:39:17Z</time>
      </trkpt>
      <trkpt lat="33.57263" lon="-117.77965">
        <ele>243.87</ele>
        <time>2026-07-12T16:39:20Z</time>
      </trkpt>
      <trkpt lat="33.57266" lon="-117.77965">
        <ele>243.94</ele>
        <time>2026-07-12T16:39:23Z</time>
      </trkpt>
      <trkpt lat="33.5727" lon="-117.77965">
        <ele>244.0</ele>
        <time>2026-07-12T16:39:28Z</time>
      </trkpt>
      <trkpt lat="33.57273" lon="-117.77964">
        <ele>244.0</ele>
        <time>2026-07-12T16:39:32Z</time>
      </trkpt>
      <trkpt lat="33.57276" lon="-117.77964">
        <ele>244.0</ele>
        <time>2026-07-12T16:39:36Z</time>
      </trkpt>
      <trkpt lat="33.57279" lon="-117.77963">
        <ele>244.13</ele>
        <time>2026-07-12T16:39:40Z</time>
      </trkpt>
      <trkpt lat="33.57282" lon="-117.77963">
        <ele>244.45</ele>
        <time>2026-07-12T16:39:43Z</time>
      </trkpt>
      <trkpt lat="33.57285" lon="-117.77962">
        <ele>244.68</ele>
        <time>2026-07-12T16:39:46Z</time>
      </trkpt>
      <trkpt lat="33.57288" lon="-117.77961">
        <ele>244.81</ele>
        <time>2026-07-12T16:39:49Z</time>
      </trkpt>
      <trkpt lat="33.57292" lon="-117.7796">
        <ele>244.85</ele>
        <time>2026-07-12T16:39:52Z</time>
      </trkpt>
      <trkpt lat="33.57295" lon="-117.77958">
        <ele>244.92</ele>
        <time>2026-07-12T16:39:55Z</time>
      </trkpt>
      <trkpt lat="33.57298" lon="-117.77958">
        <ele>245.27</ele>
        <time>2026-07-12T16:39:59Z</time>
      </trkpt>
      <trkpt lat="33.57301" lon="-117.77957">
        <ele>245.69</ele>
        <time>2026-07-12T16:40:02Z</time>
      </trkpt>
      <trkpt lat="33.57304" lon="-117.77955">
        <ele>245.95</ele>
        <time>2026-07-12T16:40:05Z</time>
      </trkpt>
      <trkpt lat="33.57307" lon="-117.77953">
        <ele>246.4</ele>
        <time>2026-07-12T16:40:08Z</time>
      </trkpt>
      <trkpt lat="33.57309" lon="-117.77952">
        <ele>247.0</ele>
        <time>2026-07-12T16:40:11Z</time>
      </trkpt>
      <trkpt lat="33.57311" lon="-117.7795">
        <ele>247.6</ele>
        <time>2026-07-12T16:40:14Z</time>
      </trkpt>
      <trkpt lat="33.57314" lon="-117.77948">
        <ele>248.68</ele>
        <time>2026-07-12T16:40:18Z</time>
      </trkpt>
      <trkpt lat="33.57316" lon="-117.77945">
        <ele>249.26</ele>
        <time>2026-07-12T16:40:23Z</time>
      </trkpt>
      <trkpt lat="33.57318" lon="-117.77943">
        <ele>249.48</ele>
        <time>2026-07-12T16:40:27Z</time>
      </trkpt>
      <trkpt lat="33.57319" lon="-117.7794">
        <ele>249.21</ele>
        <time>2026-07-12T16:40:32Z</time>
      </trkpt>
      <trkpt lat="33.57319" lon="-117.77937">
        <ele>248.74</ele>
        <time>2026-07-12T16:40:43Z</time>
      </trkpt>
      <trkpt lat="33.57319" lon="-117.7794">
        <ele>249.21</ele>
        <time>2026-07-12T16:40:50Z</time>
      </trkpt>
      <trkpt lat="33.57321" lon="-117.77938">
        <ele>249.18</ele>
        <time>2026-07-12T16:41:13Z</time>
      </trkpt>
      <trkpt lat="33.57323" lon="-117.77935">
        <ele>248.86</ele>
        <time>2026-07-12T16:41:16Z</time>
      </trkpt>
      <trkpt lat="33.57326" lon="-117.77932">
        <ele>249.07</ele>
        <time>2026-07-12T16:41:19Z</time>
      </trkpt>
      <trkpt lat="33.57328" lon="-117.7793">
        <ele>249.29</ele>
        <time>2026-07-12T16:41:22Z</time>
      </trkpt>
      <trkpt lat="33.57331" lon="-117.77928">
        <ele>249.72</ele>
        <time>2026-07-12T16:41:25Z</time>
      </trkpt>
      <trkpt lat="33.57333" lon="-117.77925">
        <ele>249.92</ele>
        <time>2026-07-12T16:41:28Z</time>
      </trkpt>
      <trkpt lat="33.57336" lon="-117.77924">
        <ele>250.58</ele>
        <time>2026-07-12T16:41:31Z</time>
      </trkpt>
      <trkpt lat="33.57338" lon="-117.77922">
        <ele>251.01</ele>
        <time>2026-07-12T16:41:34Z</time>
      </trkpt>
      <trkpt lat="33.5734" lon="-117.77919">
        <ele>251.44</ele>
        <time>2026-07-12T16:41:37Z</time>
      </trkpt>
      <trkpt lat="33.57342" lon="-117.77917">
        <ele>251.87</ele>
        <time>2026-07-12T16:41:40Z</time>
      </trkpt>
      <trkpt lat="33.57343" lon="-117.77913">
        <ele>252.44</ele>
        <time>2026-07-12T16:41:44Z</time>
      </trkpt>
      <trkpt lat="33.57343" lon="-117.77909">
        <ele>252.87</ele>
        <time>2026-07-12T16:41:47Z</time>
      </trkpt>
      <trkpt lat="33.57343" lon="-117.77906">
        <ele>253.19</ele>
        <time>2026-07-12T16:41:50Z</time>
      </trkpt>
      <trkpt lat="33.57344" lon="-117.77902">
        <ele>253.65</ele>
        <time>2026-07-12T16:41:53Z</time>
      </trkpt>
      <trkpt lat="33.57346" lon="-117.77899">
        <ele>253.94</ele>
        <time>2026-07-12T16:41:57Z</time>
      </trkpt>
      <trkpt lat="33.57347" lon="-117.77895">
        <ele>254.15</ele>
        <time>2026-07-12T16:42:01Z</time>
      </trkpt>
      <trkpt lat="33.57349" lon="-117.77891">
        <ele>254.83</ele>
        <time>2026-07-12T16:42:05Z</time>
      </trkpt>
      <trkpt lat="33.57351" lon="-117.77888">
        <ele>255.62</ele>
        <time>2026-07-12T16:42:09Z</time>
      </trkpt>
      <trkpt lat="33.57352" lon="-117.77885">
        <ele>255.57</ele>
        <time>2026-07-12T16:42:12Z</time>
      </trkpt>
      <trkpt lat="33.57353" lon="-117.77881">
        <ele>255.13</ele>
        <time>2026-07-12T16:42:16Z</time>
      </trkpt>
      <trkpt lat="33.57354" lon="-117.77877">
        <ele>254.78</ele>
        <time>2026-07-12T16:42:19Z</time>
      </trkpt>
      <trkpt lat="33.57355" lon="-117.77874">
        <ele>254.6</ele>
        <time>2026-07-12T16:42:22Z</time>
      </trkpt>
      <trkpt lat="33.57356" lon="-117.7787">
        <ele>254.45</ele>
        <time>2026-07-12T16:42:25Z</time>
      </trkpt>
      <trkpt lat="33.57357" lon="-117.77866">
        <ele>254.56</ele>
        <time>2026-07-12T16:42:28Z</time>
      </trkpt>
      <trkpt lat="33.57358" lon="-117.77862">
        <ele>254.66</ele>
        <time>2026-07-12T16:42:31Z</time>
      </trkpt>
      <trkpt lat="33.57359" lon="-117.77858">
        <ele>254.95</ele>
        <time>2026-07-12T16:42:34Z</time>
      </trkpt>
      <trkpt lat="33.5736" lon="-117.77855">
        <ele>255.38</ele>
        <time>2026-07-12T16:42:37Z</time>
      </trkpt>
      <trkpt lat="33.57361" lon="-117.77851">
        <ele>255.96</ele>
        <time>2026-07-12T16:42:40Z</time>
      </trkpt>
      <trkpt lat="33.57362" lon="-117.77848">
        <ele>256.0</ele>
        <time>2026-07-12T16:42:43Z</time>
      </trkpt>
      <trkpt lat="33.57362" lon="-117.77844">
        <ele>256.0</ele>
        <time>2026-07-12T16:42:46Z</time>
      </trkpt>
      <trkpt lat="33.57363" lon="-117.77841">
        <ele>256.0</ele>
        <time>2026-07-12T16:42:49Z</time>
      </trkpt>
      <trkpt lat="33.57363" lon="-117.77837">
        <ele>256.0</ele>
        <time>2026-07-12T16:42:52Z</time>
      </trkpt>
      <trkpt lat="33.57364" lon="-117.77834">
        <ele>256.0</ele>
        <time>2026-07-12T16:42:55Z</time>
      </trkpt>
      <trkpt lat="33.57364" lon="-117.77831">
        <ele>255.83</ele>
        <time>2026-07-12T16:42:58Z</time>
      </trkpt>
      <trkpt lat="33.57365" lon="-117.77827">
        <ele>255.6</ele>
        <time>2026-07-12T16:43:01Z</time>
      </trkpt>
      <trkpt lat="33.57366" lon="-117.77824">
        <ele>255.53</ele>
        <time>2026-07-12T16:43:04Z</time>
      </trkpt>
      <trkpt lat="33.57367" lon="-117.7782">
        <ele>255.64</ele>
        <time>2026-07-12T16:43:07Z</time>
      </trkpt>
      <trkpt lat="33.57368" lon="-117.77817">
        <ele>255.74</ele>
        <time>2026-07-12T16:43:10Z</time>
      </trkpt>
      <trkpt lat="33.5737" lon="-117.77813">
        <ele>256.16</ele>
        <time>2026-07-12T16:43:13Z</time>
      </trkpt>
      <trkpt lat="33.57371" lon="-117.7781">
        <ele>256.42</ele>
        <time>2026-07-12T16:43:16Z</time>
      </trkpt>
      <trkpt lat="33.57372" lon="-117.77806">
        <ele>256.61</ele>
        <time>2026-07-12T16:43:19Z</time>
      </trkpt>
      <trkpt lat="33.57374" lon="-117.77803">
        <ele>256.49</ele>
        <time>2026-07-12T16:43:22Z</time>
      </trkpt>
      <trkpt lat="33.57377" lon="-117.778">
        <ele>256.17</ele>
        <time>2026-07-12T16:43:25Z</time>
      </trkpt>
      <trkpt lat="33.57379" lon="-117.77797">
        <ele>256.06</ele>
        <time>2026-07-12T16:43:27Z</time>
      </trkpt>
      <trkpt lat="33.57382" lon="-117.77794">
        <ele>255.99</ele>
        <time>2026-07-12T16:43:30Z</time>
      </trkpt>
      <trkpt lat="33.57384" lon="-117.77791">
        <ele>256.1</ele>
        <time>2026-07-12T16:43:33Z</time>
      </trkpt>
      <trkpt lat="33.57386" lon="-117.77788">
        <ele>256.21</ele>
        <time>2026-07-12T16:43:36Z</time>
      </trkpt>
      <trkpt lat="33.57389" lon="-117.77785">
        <ele>255.77</ele>
        <time>2026-07-12T16:43:39Z</time>
      </trkpt>
      <trkpt lat="33.57391" lon="-117.77782">
        <ele>255.35</ele>
        <time>2026-07-12T16:43:42Z</time>
      </trkpt>
      <trkpt lat="33.57394" lon="-117.77781">
        <ele>255.16</ele>
        <time>2026-07-12T16:43:46Z</time>
      </trkpt>
      <trkpt lat="33.57398" lon="-117.7778">
        <ele>255.0</ele>
        <time>2026-07-12T16:43:50Z</time>
      </trkpt>
      <trkpt lat="33.574" lon="-117.77778">
        <ele>255.0</ele>
        <time>2026-07-12T16:43:53Z</time>
      </trkpt>
      <trkpt lat="33.57403" lon="-117.77777">
        <ele>254.96</ele>
        <time>2026-07-12T16:43:56Z</time>
      </trkpt>
      <trkpt lat="33.57406" lon="-117.77775">
        <ele>254.95</ele>
        <time>2026-07-12T16:43:59Z</time>
      </trkpt>
      <trkpt lat="33.57409" lon="-117.77773">
        <ele>255.09</ele>
        <time>2026-07-12T16:44:02Z</time>
      </trkpt>
      <trkpt lat="33.57411" lon="-117.77772">
        <ele>255.24</ele>
        <time>2026-07-12T16:44:05Z</time>
      </trkpt>
      <trkpt lat="33.57414" lon="-117.7777">
        <ele>255.6</ele>
        <time>2026-07-12T16:44:08Z</time>
      </trkpt>
      <trkpt lat="33.57417" lon="-117.77769">
        <ele>255.95</ele>
        <time>2026-07-12T16:44:11Z</time>
      </trkpt>
      <trkpt lat="33.5742" lon="-117.77768">
        <ele>255.98</ele>
        <time>2026-07-12T16:44:14Z</time>
      </trkpt>
      <trkpt lat="33.57422" lon="-117.77767">
        <ele>256.02</ele>
        <time>2026-07-12T16:44:17Z</time>
      </trkpt>
      <trkpt lat="33.57425" lon="-117.77766">
        <ele>256.22</ele>
        <time>2026-07-12T16:44:20Z</time>
      </trkpt>
      <trkpt lat="33.57428" lon="-117.77765">
        <ele>256.6</ele>
        <time>2026-07-12T16:44:23Z</time>
      </trkpt>
      <trkpt lat="33.57431" lon="-117.77764">
        <ele>257.04</ele>
        <time>2026-07-12T16:44:26Z</time>
      </trkpt>
      <trkpt lat="33.57433" lon="-117.77763">
        <ele>257.36</ele>
        <time>2026-07-12T16:44:29Z</time>
      </trkpt>
      <trkpt lat="33.57436" lon="-117.77761">
        <ele>257.81</ele>
        <time>2026-07-12T16:44:32Z</time>
      </trkpt>
      <trkpt lat="33.57439" lon="-117.7776">
        <ele>257.92</ele>
        <time>2026-07-12T16:44:35Z</time>
      </trkpt>
      <trkpt lat="33.57442" lon="-117.77759">
        <ele>258.02</ele>
        <time>2026-07-12T16:44:38Z</time>
      </trkpt>
      <trkpt lat="33.57444" lon="-117.77757">
        <ele>258.23</ele>
        <time>2026-07-12T16:44:41Z</time>
      </trkpt>
      <trkpt lat="33.57447" lon="-117.77756">
        <ele>258.35</ele>
        <time>2026-07-12T16:44:44Z</time>
      </trkpt>
      <trkpt lat="33.5745" lon="-117.77754">
        <ele>258.57</ele>
        <time>2026-07-12T16:44:47Z</time>
      </trkpt>
      <trkpt lat="33.57453" lon="-117.77753">
        <ele>258.68</ele>
        <time>2026-07-12T16:44:50Z</time>
      </trkpt>
      <trkpt lat="33.57455" lon="-117.77752">
        <ele>258.78</ele>
        <time>2026-07-12T16:44:53Z</time>
      </trkpt>
      <trkpt lat="33.57458" lon="-117.77751">
        <ele>258.89</ele>
        <time>2026-07-12T16:44:56Z</time>
      </trkpt>
      <trkpt lat="33.57461" lon="-117.77749">
        <ele>258.89</ele>
        <time>2026-07-12T16:44:59Z</time>
      </trkpt>
      <trkpt lat="33.57464" lon="-117.77748">
        <ele>258.78</ele>
        <time>2026-07-12T16:45:02Z</time>
      </trkpt>
      <trkpt lat="33.57467" lon="-117.77748">
        <ele>258.78</ele>
        <time>2026-07-12T16:45:05Z</time>
      </trkpt>
      <trkpt lat="33.5747" lon="-117.77748">
        <ele>258.78</ele>
        <time>2026-07-12T16:45:08Z</time>
      </trkpt>
      <trkpt lat="33.57472" lon="-117.77748">
        <ele>258.78</ele>
        <time>2026-07-12T16:45:11Z</time>
      </trkpt>
      <trkpt lat="33.57475" lon="-117.77748">
        <ele>258.78</ele>
        <time>2026-07-12T16:45:14Z</time>
      </trkpt>
      <trkpt lat="33.57478" lon="-117.77748">
        <ele>258.78</ele>
        <time>2026-07-12T16:45:17Z</time>
      </trkpt>
      <trkpt lat="33.57481" lon="-117.77748">
        <ele>258.78</ele>
        <time>2026-07-12T16:45:20Z</time>
      </trkpt>
      <trkpt lat="33.57485" lon="-117.77748">
        <ele>258.78</ele>
        <time>2026-07-12T16:45:23Z</time>
      </trkpt>
      <trkpt lat="33.57487" lon="-117.77749">
        <ele>258.89</ele>
        <time>2026-07-12T16:45:25Z</time>
      </trkpt>
      <trkpt lat="33.57491" lon="-117.77749">
        <ele>258.92</ele>
        <time>2026-07-12T16:45:28Z</time>
      </trkpt>
      <trkpt lat="33.57494" lon="-117.77749">
        <ele>259.24</ele>
        <time>2026-07-12T16:45:31Z</time>
      </trkpt>
      <trkpt lat="33.57497" lon="-117.7775">
        <ele>259.68</ele>
        <time>2026-07-12T16:45:34Z</time>
      </trkpt>
      <trkpt lat="33.575" lon="-117.7775">
        <ele>260.0</ele>
        <time>2026-07-12T16:45:37Z</time>
      </trkpt>
      <trkpt lat="33.57503" lon="-117.7775">
        <ele>260.0</ele>
        <time>2026-07-12T16:45:40Z</time>
      </trkpt>
      <trkpt lat="33.57506" lon="-117.77751">
        <ele>260.07</ele>
        <time>2026-07-12T16:45:43Z</time>
      </trkpt>
      <trkpt lat="33.5751" lon="-117.77751">
        <ele>260.26</ele>
        <time>2026-07-12T16:45:46Z</time>
      </trkpt>
      <trkpt lat="33.57513" lon="-117.77752">
        <ele>260.94</ele>
        <time>2026-07-12T16:45:49Z</time>
      </trkpt>
      <trkpt lat="33.57516" lon="-117.77752">
        <ele>261.51</ele>
        <time>2026-07-12T16:45:52Z</time>
      </trkpt>
      <trkpt lat="33.57519" lon="-117.77752">
        <ele>262.05</ele>
        <time>2026-07-12T16:45:55Z</time>
      </trkpt>
      <trkpt lat="33.57522" lon="-117.77752">
        <ele>262.38</ele>
        <time>2026-07-12T16:45:58Z</time>
      </trkpt>
      <trkpt lat="33.57525" lon="-117.77753">
        <ele>262.7</ele>
        <time>2026-07-12T16:46:01Z</time>
      </trkpt>
      <trkpt lat="33.57528" lon="-117.77753">
        <ele>263.01</ele>
        <time>2026-07-12T16:46:04Z</time>
      </trkpt>
      <trkpt lat="33.57531" lon="-117.77753">
        <ele>263.11</ele>
        <time>2026-07-12T16:46:07Z</time>
      </trkpt>
      <trkpt lat="33.57534" lon="-117.77753">
        <ele>263.22</ele>
        <time>2026-07-12T16:46:10Z</time>
      </trkpt>
      <trkpt lat="33.57537" lon="-117.77753">
        <ele>263.32</ele>
        <time>2026-07-12T16:46:13Z</time>
      </trkpt>
      <trkpt lat="33.5754" lon="-117.77752">
        <ele>263.61</ele>
        <time>2026-07-12T16:46:16Z</time>
      </trkpt>
      <trkpt lat="33.57543" lon="-117.77751">
        <ele>263.82</ele>
        <time>2026-07-12T16:46:19Z</time>
      </trkpt>
      <trkpt lat="33.57546" lon="-117.77749">
        <ele>263.86</ele>
        <time>2026-07-12T16:46:22Z</time>
      </trkpt>
      <trkpt lat="33.57549" lon="-117.77749">
        <ele>264.18</ele>
        <time>2026-07-12T16:46:25Z</time>
      </trkpt>
      <trkpt lat="33.57552" lon="-117.77748">
        <ele>264.4</ele>
        <time>2026-07-12T16:46:29Z</time>
      </trkpt>
      <trkpt lat="33.57555" lon="-117.77747">
        <ele>264.62</ele>
        <time>2026-07-12T16:46:33Z</time>
      </trkpt>
      <trkpt lat="33.57557" lon="-117.77746">
        <ele>264.79</ele>
        <time>2026-07-12T16:46:36Z</time>
      </trkpt>
      <trkpt lat="33.5756" lon="-117.77744">
        <ele>265.14</ele>
        <time>2026-07-12T16:46:39Z</time>
      </trkpt>
      <trkpt lat="33.57563" lon="-117.77743">
        <ele>265.66</ele>
        <time>2026-07-12T16:46:42Z</time>
      </trkpt>
      <trkpt lat="33.57566" lon="-117.77742">
        <ele>266.02</ele>
        <time>2026-07-12T16:46:45Z</time>
      </trkpt>
      <trkpt lat="33.57569" lon="-117.7774">
        <ele>265.91</ele>
        <time>2026-07-12T16:46:48Z</time>
      </trkpt>
      <trkpt lat="33.57572" lon="-117.77738">
        <ele>265.87</ele>
        <time>2026-07-12T16:46:51Z</time>
      </trkpt>
      <trkpt lat="33.57575" lon="-117.77736">
        <ele>266.1</ele>
        <time>2026-07-12T16:46:54Z</time>
      </trkpt>
      <trkpt lat="33.57577" lon="-117.77733">
        <ele>266.32</ele>
        <time>2026-07-12T16:46:56Z</time>
      </trkpt>
      <trkpt lat="33.57578" lon="-117.77731">
        <ele>266.39</ele>
        <time>2026-07-12T16:46:58Z</time>
      </trkpt>
      <trkpt lat="33.57581" lon="-117.77729">
        <ele>266.68</ele>
        <time>2026-07-12T16:47:01Z</time>
      </trkpt>
      <trkpt lat="33.57584" lon="-117.77726">
        <ele>267.07</ele>
        <time>2026-07-12T16:47:04Z</time>
      </trkpt>
      <trkpt lat="33.57586" lon="-117.77724">
        <ele>267.29</ele>
        <time>2026-07-12T16:47:07Z</time>
      </trkpt>
      <trkpt lat="33.57589" lon="-117.77722">
        <ele>267.59</ele>
        <time>2026-07-12T16:47:10Z</time>
      </trkpt>
      <trkpt lat="33.57592" lon="-117.7772">
        <ele>267.7</ele>
        <time>2026-07-12T16:47:13Z</time>
      </trkpt>
      <trkpt lat="33.57594" lon="-117.77717">
        <ele>267.67</ele>
        <time>2026-07-12T16:47:16Z</time>
      </trkpt>
      <trkpt lat="33.57597" lon="-117.77715">
        <ele>268.07</ele>
        <time>2026-07-12T16:47:19Z</time>
      </trkpt>
      <trkpt lat="33.57599" lon="-117.77713">
        <ele>268.39</ele>
        <time>2026-07-12T16:47:22Z</time>
      </trkpt>
      <trkpt lat="33.57602" lon="-117.7771">
        <ele>269.33</ele>
        <time>2026-07-12T16:47:25Z</time>
      </trkpt>
      <trkpt lat="33.57604" lon="-117.77707">
        <ele>269.73</ele>
        <time>2026-07-12T16:47:29Z</time>
      </trkpt>
      <trkpt lat="33.57606" lon="-117.77704">
        <ele>269.98</ele>
        <time>2026-07-12T16:47:32Z</time>
      </trkpt>
      <trkpt lat="33.57608" lon="-117.77702">
        <ele>269.94</ele>
        <time>2026-07-12T16:47:35Z</time>
      </trkpt>
      <trkpt lat="33.5761" lon="-117.777">
        <ele>269.95</ele>
        <time>2026-07-12T16:47:39Z</time>
      </trkpt>
      <trkpt lat="33.57612" lon="-117.77697">
        <ele>269.93</ele>
        <time>2026-07-12T16:47:54Z</time>
      </trkpt>
      <trkpt lat="33.57613" lon="-117.77694">
        <ele>269.72</ele>
        <time>2026-07-12T16:47:57Z</time>
      </trkpt>
      <trkpt lat="33.57614" lon="-117.7769">
        <ele>269.03</ele>
        <time>2026-07-12T16:48:00Z</time>
      </trkpt>
      <trkpt lat="33.57616" lon="-117.77688">
        <ele>268.81</ele>
        <time>2026-07-12T16:48:03Z</time>
      </trkpt>
      <trkpt lat="33.57618" lon="-117.77685">
        <ele>268.72</ele>
        <time>2026-07-12T16:48:06Z</time>
      </trkpt>
      <trkpt lat="33.5762" lon="-117.77682">
        <ele>268.6</ele>
        <time>2026-07-12T16:48:10Z</time>
      </trkpt>
      <trkpt lat="33.57622" lon="-117.77679">
        <ele>268.21</ele>
        <time>2026-07-12T16:48:13Z</time>
      </trkpt>
      <trkpt lat="33.57624" lon="-117.77676">
        <ele>267.62</ele>
        <time>2026-07-12T16:48:16Z</time>
      </trkpt>
      <trkpt lat="33.57626" lon="-117.77673">
        <ele>267.14</ele>
        <time>2026-07-12T16:48:19Z</time>
      </trkpt>
      <trkpt lat="33.57628" lon="-117.7767">
        <ele>266.95</ele>
        <time>2026-07-12T16:48:22Z</time>
      </trkpt>
      <trkpt lat="33.57629" lon="-117.77668">
        <ele>266.95</ele>
        <time>2026-07-12T16:48:25Z</time>
      </trkpt>
      <trkpt lat="33.57631" lon="-117.77665">
        <ele>266.85</ele>
        <time>2026-07-12T16:48:28Z</time>
      </trkpt>
      <trkpt lat="33.57633" lon="-117.77662">
        <ele>266.68</ele>
        <time>2026-07-12T16:48:31Z</time>
      </trkpt>
      <trkpt lat="33.57635" lon="-117.77659">
        <ele>266.65</ele>
        <time>2026-07-12T16:48:34Z</time>
      </trkpt>
      <trkpt lat="33.57637" lon="-117.77656">
        <ele>266.73</ele>
        <time>2026-07-12T16:48:37Z</time>
      </trkpt>
      <trkpt lat="33.57639" lon="-117.77652">
        <ele>267.0</ele>
        <time>2026-07-12T16:48:40Z</time>
      </trkpt>
      <trkpt lat="33.57641" lon="-117.77648">
        <ele>266.99</ele>
        <time>2026-07-12T16:48:43Z</time>
      </trkpt>
      <trkpt lat="33.57643" lon="-117.77645">
        <ele>266.81</ele>
        <time>2026-07-12T16:48:46Z</time>
      </trkpt>
      <trkpt lat="33.57645" lon="-117.77641">
        <ele>266.74</ele>
        <time>2026-07-12T16:48:49Z</time>
      </trkpt>
      <trkpt lat="33.57647" lon="-117.77638">
        <ele>266.78</ele>
        <time>2026-07-12T16:48:52Z</time>
      </trkpt>
      <trkpt lat="33.57648" lon="-117.77635">
        <ele>266.56</ele>
        <time>2026-07-12T16:48:55Z</time>
      </trkpt>
      <trkpt lat="33.5765" lon="-117.77632">
        <ele>266.26</ele>
        <time>2026-07-12T16:48:58Z</time>
      </trkpt>
      <trkpt lat="33.57652" lon="-117.77629">
        <ele>265.96</ele>
        <time>2026-07-12T16:49:01Z</time>
      </trkpt>
      <trkpt lat="33.57654" lon="-117.77626">
        <ele>265.86</ele>
        <time>2026-07-12T16:49:04Z</time>
      </trkpt>
      <trkpt lat="33.57656" lon="-117.77623">
        <ele>265.89</ele>
        <time>2026-07-12T16:49:07Z</time>
      </trkpt>
      <trkpt lat="33.57658" lon="-117.77619">
        <ele>266.2</ele>
        <time>2026-07-12T16:49:10Z</time>
      </trkpt>
      <trkpt lat="33.5766" lon="-117.77616">
        <ele>266.62</ele>
        <time>2026-07-12T16:49:13Z</time>
      </trkpt>
      <trkpt lat="33.57661" lon="-117.77613">
        <ele>266.88</ele>
        <time>2026-07-12T16:49:16Z</time>
      </trkpt>
      <trkpt lat="33.57663" lon="-117.7761">
        <ele>266.9</ele>
        <time>2026-07-12T16:49:19Z</time>
      </trkpt>
      <trkpt lat="33.57665" lon="-117.77606">
        <ele>266.8</ele>
        <time>2026-07-12T16:49:22Z</time>
      </trkpt>
      <trkpt lat="33.57667" lon="-117.77603">
        <ele>267.0</ele>
        <time>2026-07-12T16:49:25Z</time>
      </trkpt>
      <trkpt lat="33.57669" lon="-117.776">
        <ele>266.9</ele>
        <time>2026-07-12T16:49:28Z</time>
      </trkpt>
      <trkpt lat="33.57671" lon="-117.77597">
        <ele>266.97</ele>
        <time>2026-07-12T16:49:31Z</time>
      </trkpt>
      <trkpt lat="33.57672" lon="-117.77594">
        <ele>267.13</ele>
        <time>2026-07-12T16:49:34Z</time>
      </trkpt>
      <trkpt lat="33.57674" lon="-117.77591">
        <ele>267.76</ele>
        <time>2026-07-12T16:49:37Z</time>
      </trkpt>
      <trkpt lat="33.57676" lon="-117.77588">
        <ele>268.5</ele>
        <time>2026-07-12T16:49:40Z</time>
      </trkpt>
      <trkpt lat="33.57678" lon="-117.77585">
        <ele>268.82</ele>
        <time>2026-07-12T16:49:43Z</time>
      </trkpt>
      <trkpt lat="33.5768" lon="-117.77583">
        <ele>268.96</ele>
        <time>2026-07-12T16:49:46Z</time>
      </trkpt>
      <trkpt lat="33.57682" lon="-117.7758">
        <ele>268.75</ele>
        <time>2026-07-12T16:49:49Z</time>
      </trkpt>
      <trkpt lat="33.57684" lon="-117.77577">
        <ele>268.82</ele>
        <time>2026-07-12T16:49:52Z</time>
      </trkpt>
      <trkpt lat="33.57686" lon="-117.77574">
        <ele>269.07</ele>
        <time>2026-07-12T16:49:55Z</time>
      </trkpt>
      <trkpt lat="33.57688" lon="-117.77572">
        <ele>268.99</ele>
        <time>2026-07-12T16:49:58Z</time>
      </trkpt>
      <trkpt lat="33.57691" lon="-117.77571">
        <ele>269.38</ele>
        <time>2026-07-12T16:50:02Z</time>
      </trkpt>
      <trkpt lat="33.57694" lon="-117.7757">
        <ele>269.91</ele>
        <time>2026-07-12T16:50:05Z</time>
      </trkpt>
      <trkpt lat="33.57697" lon="-117.77568">
        <ele>270.18</ele>
        <time>2026-07-12T16:50:08Z</time>
      </trkpt>
      <trkpt lat="33.577" lon="-117.77567">
        <ele>270.46</ele>
        <time>2026-07-12T16:50:11Z</time>
      </trkpt>
      <trkpt lat="33.57702" lon="-117.77565">
        <ele>270.8</ele>
        <time>2026-07-12T16:50:14Z</time>
      </trkpt>
      <trkpt lat="33.57705" lon="-117.77564">
        <ele>270.92</ele>
        <time>2026-07-12T16:50:17Z</time>
      </trkpt>
      <trkpt lat="33.57708" lon="-117.77563">
        <ele>270.89</ele>
        <time>2026-07-12T16:50:20Z</time>
      </trkpt>
      <trkpt lat="33.57711" lon="-117.77562">
        <ele>270.94</ele>
        <time>2026-07-12T16:50:23Z</time>
      </trkpt>
      <trkpt lat="33.57714" lon="-117.77561">
        <ele>271.16</ele>
        <time>2026-07-12T16:50:26Z</time>
      </trkpt>
      <trkpt lat="33.57717" lon="-117.7756">
        <ele>271.66</ele>
        <time>2026-07-12T16:50:29Z</time>
      </trkpt>
      <trkpt lat="33.5772" lon="-117.7756">
        <ele>272.16</ele>
        <time>2026-07-12T16:50:32Z</time>
      </trkpt>
      <trkpt lat="33.57723" lon="-117.77559">
        <ele>272.63</ele>
        <time>2026-07-12T16:50:35Z</time>
      </trkpt>
      <trkpt lat="33.57726" lon="-117.77559">
        <ele>272.63</ele>
        <time>2026-07-12T16:50:38Z</time>
      </trkpt>
      <trkpt lat="33.57729" lon="-117.77558">
        <ele>272.74</ele>
        <time>2026-07-12T16:50:41Z</time>
      </trkpt>
      <trkpt lat="33.57732" lon="-117.77557">
        <ele>272.79</ele>
        <time>2026-07-12T16:50:44Z</time>
      </trkpt>
      <trkpt lat="33.57735" lon="-117.77556">
        <ele>272.57</ele>
        <time>2026-07-12T16:50:47Z</time>
      </trkpt>
      <trkpt lat="33.57738" lon="-117.77555">
        <ele>272.38</ele>
        <time>2026-07-12T16:50:50Z</time>
      </trkpt>
      <trkpt lat="33.57741" lon="-117.77554">
        <ele>272.33</ele>
        <time>2026-07-12T16:50:53Z</time>
      </trkpt>
      <trkpt lat="33.57744" lon="-117.77553">
        <ele>272.45</ele>
        <time>2026-07-12T16:50:56Z</time>
      </trkpt>
      <trkpt lat="33.57747" lon="-117.77552">
        <ele>272.51</ele>
        <time>2026-07-12T16:50:59Z</time>
      </trkpt>
      <trkpt lat="33.5775" lon="-117.7755">
        <ele>272.6</ele>
        <time>2026-07-12T16:51:02Z</time>
      </trkpt>
      <trkpt lat="33.57753" lon="-117.77548">
        <ele>272.17</ele>
        <time>2026-07-12T16:51:05Z</time>
      </trkpt>
      <trkpt lat="33.57756" lon="-117.77546">
        <ele>271.76</ele>
        <time>2026-07-12T16:51:08Z</time>
      </trkpt>
      <trkpt lat="33.57758" lon="-117.77543">
        <ele>271.94</ele>
        <time>2026-07-12T16:51:11Z</time>
      </trkpt>
      <trkpt lat="33.57761" lon="-117.77541">
        <ele>271.93</ele>
        <time>2026-07-12T16:51:14Z</time>
      </trkpt>
      <trkpt lat="33.57765" lon="-117.77539">
        <ele>271.6</ele>
        <time>2026-07-12T16:51:17Z</time>
      </trkpt>
      <trkpt lat="33.57768" lon="-117.77538">
        <ele>271.1</ele>
        <time>2026-07-12T16:51:20Z</time>
      </trkpt>
      <trkpt lat="33.57771" lon="-117.77536">
        <ele>270.73</ele>
        <time>2026-07-12T16:51:23Z</time>
      </trkpt>
      <trkpt lat="33.57774" lon="-117.77535">
        <ele>270.41</ele>
        <time>2026-07-12T16:51:26Z</time>
      </trkpt>
      <trkpt lat="33.57777" lon="-117.77533">
        <ele>270.08</ele>
        <time>2026-07-12T16:51:29Z</time>
      </trkpt>
      <trkpt lat="33.57781" lon="-117.77532">
        <ele>270.16</ele>
        <time>2026-07-12T16:51:32Z</time>
      </trkpt>
      <trkpt lat="33.57783" lon="-117.77531">
        <ele>270.2</ele>
        <time>2026-07-12T16:51:35Z</time>
      </trkpt>
      <trkpt lat="33.57786" lon="-117.7753">
        <ele>270.21</ele>
        <time>2026-07-12T16:51:38Z</time>
      </trkpt>
      <trkpt lat="33.57789" lon="-117.77529">
        <ele>270.32</ele>
        <time>2026-07-12T16:51:41Z</time>
      </trkpt>
      <trkpt lat="33.57792" lon="-117.77528">
        <ele>270.55</ele>
        <time>2026-07-12T16:51:44Z</time>
      </trkpt>
      <trkpt lat="33.57795" lon="-117.77527">
        <ele>270.61</ele>
        <time>2026-07-12T16:51:47Z</time>
      </trkpt>
      <trkpt lat="33.57798" lon="-117.77527">
        <ele>270.93</ele>
        <time>2026-07-12T16:51:50Z</time>
      </trkpt>
      <trkpt lat="33.57801" lon="-117.77526">
        <ele>270.93</ele>
        <time>2026-07-12T16:51:53Z</time>
      </trkpt>
      <trkpt lat="33.57804" lon="-117.77526">
        <ele>271.26</ele>
        <time>2026-07-12T16:51:56Z</time>
      </trkpt>
      <trkpt lat="33.57807" lon="-117.77525">
        <ele>271.19</ele>
        <time>2026-07-12T16:51:59Z</time>
      </trkpt>
      <trkpt lat="33.5781" lon="-117.77524">
        <ele>271.17</ele>
        <time>2026-07-12T16:52:02Z</time>
      </trkpt>
      <trkpt lat="33.57813" lon="-117.77524">
        <ele>271.43</ele>
        <time>2026-07-12T16:52:05Z</time>
      </trkpt>
      <trkpt lat="33.57816" lon="-117.77523">
        <ele>271.61</ele>
        <time>2026-07-12T16:52:08Z</time>
      </trkpt>
      <trkpt lat="33.57819" lon="-117.77522">
        <ele>271.83</ele>
        <time>2026-07-12T16:52:11Z</time>
      </trkpt>
      <trkpt lat="33.57822" lon="-117.77521">
        <ele>272.04</ele>
        <time>2026-07-12T16:52:14Z</time>
      </trkpt>
      <trkpt lat="33.57825" lon="-117.7752">
        <ele>272.23</ele>
        <time>2026-07-12T16:52:17Z</time>
      </trkpt>
      <trkpt lat="33.57828" lon="-117.77519">
        <ele>272.43</ele>
        <time>2026-07-12T16:52:20Z</time>
      </trkpt>
      <trkpt lat="33.57831" lon="-117.77518">
        <ele>272.64</ele>
        <time>2026-07-12T16:52:23Z</time>
      </trkpt>
      <trkpt lat="33.57834" lon="-117.77517">
        <ele>272.68</ele>
        <time>2026-07-12T16:52:26Z</time>
      </trkpt>
      <trkpt lat="33.57837" lon="-117.77515">
        <ele>272.39</ele>
        <time>2026-07-12T16:52:29Z</time>
      </trkpt>
      <trkpt lat="33.5784" lon="-117.77514">
        <ele>272.38</ele>
        <time>2026-07-12T16:52:32Z</time>
      </trkpt>
      <trkpt lat="33.57843" lon="-117.77513">
        <ele>272.43</ele>
        <time>2026-07-12T16:52:35Z</time>
      </trkpt>
      <trkpt lat="33.57846" lon="-117.77512">
        <ele>272.56</ele>
        <time>2026-07-12T16:52:38Z</time>
      </trkpt>
      <trkpt lat="33.57849" lon="-117.77511">
        <ele>272.75</ele>
        <time>2026-07-12T16:52:41Z</time>
      </trkpt>
      <trkpt lat="33.57852" lon="-117.77509">
        <ele>272.99</ele>
        <time>2026-07-12T16:52:44Z</time>
      </trkpt>
      <trkpt lat="33.57855" lon="-117.77507">
        <ele>273.26</ele>
        <time>2026-07-12T16:52:47Z</time>
      </trkpt>
      <trkpt lat="33.57857" lon="-117.77504">
        <ele>273.62</ele>
        <time>2026-07-12T16:52:50Z</time>
      </trkpt>
      <trkpt lat="33.57859" lon="-117.77501">
        <ele>274.26</ele>
        <time>2026-07-12T16:52:53Z</time>
      </trkpt>
      <trkpt lat="33.57861" lon="-117.77499">
        <ele>274.86</ele>
        <time>2026-07-12T16:52:57Z</time>
      </trkpt>
      <trkpt lat="33.57864" lon="-117.77496">
        <ele>274.84</ele>
        <time>2026-07-12T16:53:01Z</time>
      </trkpt>
      <trkpt lat="33.57867" lon="-117.77495">
        <ele>275.15</ele>
        <time>2026-07-12T16:53:04Z</time>
      </trkpt>
      <trkpt lat="33.57869" lon="-117.77493">
        <ele>275.53</ele>
        <time>2026-07-12T16:53:07Z</time>
      </trkpt>
      <trkpt lat="33.57872" lon="-117.77491">
        <ele>275.98</ele>
        <time>2026-07-12T16:53:10Z</time>
      </trkpt>
      <trkpt lat="33.57874" lon="-117.77489">
        <ele>276.07</ele>
        <time>2026-07-12T16:53:13Z</time>
      </trkpt>
      <trkpt lat="33.57877" lon="-117.77487">
        <ele>276.29</ele>
        <time>2026-07-12T16:53:16Z</time>
      </trkpt>
      <trkpt lat="33.57879" lon="-117.77485">
        <ele>276.58</ele>
        <time>2026-07-12T16:53:19Z</time>
      </trkpt>
      <trkpt lat="33.57882" lon="-117.77484">
        <ele>276.73</ele>
        <time>2026-07-12T16:53:22Z</time>
      </trkpt>
      <trkpt lat="33.57884" lon="-117.77482">
        <ele>276.94</ele>
        <time>2026-07-12T16:53:25Z</time>
      </trkpt>
      <trkpt lat="33.57887" lon="-117.7748">
        <ele>277.25</ele>
        <time>2026-07-12T16:53:28Z</time>
      </trkpt>
      <trkpt lat="33.57889" lon="-117.77478">
        <ele>277.77</ele>
        <time>2026-07-12T16:53:31Z</time>
      </trkpt>
      <trkpt lat="33.57892" lon="-117.77476">
        <ele>278.66</ele>
        <time>2026-07-12T16:53:34Z</time>
      </trkpt>
      <trkpt lat="33.57894" lon="-117.77474">
        <ele>279.27</ele>
        <time>2026-07-12T16:53:37Z</time>
      </trkpt>
      <trkpt lat="33.57897" lon="-117.77472">
        <ele>279.85</ele>
        <time>2026-07-12T16:53:40Z</time>
      </trkpt>
      <trkpt lat="33.57899" lon="-117.7747">
        <ele>279.8</ele>
        <time>2026-07-12T16:53:43Z</time>
      </trkpt>
      <trkpt lat="33.57902" lon="-117.77468">
        <ele>279.92</ele>
        <time>2026-07-12T16:53:46Z</time>
      </trkpt>
      <trkpt lat="33.57904" lon="-117.77466">
        <ele>280.18</ele>
        <time>2026-07-12T16:53:49Z</time>
      </trkpt>
      <trkpt lat="33.57907" lon="-117.77465">
        <ele>280.71</ele>
        <time>2026-07-12T16:53:52Z</time>
      </trkpt>
      <trkpt lat="33.57909" lon="-117.77463">
        <ele>281.0</ele>
        <time>2026-07-12T16:53:55Z</time>
      </trkpt>
      <trkpt lat="33.57912" lon="-117.77461">
        <ele>281.21</ele>
        <time>2026-07-12T16:53:58Z</time>
      </trkpt>
      <trkpt lat="33.57915" lon="-117.77459">
        <ele>281.43</ele>
        <time>2026-07-12T16:54:01Z</time>
      </trkpt>
      <trkpt lat="33.57917" lon="-117.77458">
        <ele>281.52</ele>
        <time>2026-07-12T16:54:04Z</time>
      </trkpt>
      <trkpt lat="33.5792" lon="-117.77456">
        <ele>281.66</ele>
        <time>2026-07-12T16:54:07Z</time>
      </trkpt>
      <trkpt lat="33.57923" lon="-117.77455">
        <ele>281.76</ele>
        <time>2026-07-12T16:54:10Z</time>
      </trkpt>
      <trkpt lat="33.57926" lon="-117.77454">
        <ele>281.92</ele>
        <time>2026-07-12T16:54:13Z</time>
      </trkpt>
      <trkpt lat="33.57929" lon="-117.77454">
        <ele>281.29</ele>
        <time>2026-07-12T16:54:15Z</time>
      </trkpt>
      <trkpt lat="33.57933" lon="-117.77454">
        <ele>280.46</ele>
        <time>2026-07-12T16:54:18Z</time>
      </trkpt>
      <trkpt lat="33.57936" lon="-117.77453">
        <ele>280.01</ele>
        <time>2026-07-12T16:54:21Z</time>
      </trkpt>
      <trkpt lat="33.5794" lon="-117.77452">
        <ele>280.1</ele>
        <time>2026-07-12T16:54:24Z</time>
      </trkpt>
      <trkpt lat="33.57943" lon="-117.77451">
        <ele>280.25</ele>
        <time>2026-07-12T16:54:27Z</time>
      </trkpt>
      <trkpt lat="33.57946" lon="-117.77451">
        <ele>280.41</ele>
        <time>2026-07-12T16:54:30Z</time>
      </trkpt>
      <trkpt lat="33.57949" lon="-117.7745">
        <ele>280.7</ele>
        <time>2026-07-12T16:54:33Z</time>
      </trkpt>
      <trkpt lat="33.57952" lon="-117.77449">
        <ele>280.91</ele>
        <time>2026-07-12T16:54:36Z</time>
      </trkpt>
      <trkpt lat="33.57955" lon="-117.77449">
        <ele>281.14</ele>
        <time>2026-07-12T16:54:39Z</time>
      </trkpt>
      <trkpt lat="33.57958" lon="-117.77448">
        <ele>281.57</ele>
        <time>2026-07-12T16:54:42Z</time>
      </trkpt>
      <trkpt lat="33.57962" lon="-117.77448">
        <ele>282.1</ele>
        <time>2026-07-12T16:54:45Z</time>
      </trkpt>
      <trkpt lat="33.57965" lon="-117.77447">
        <ele>282.51</ele>
        <time>2026-07-12T16:54:48Z</time>
      </trkpt>
      <trkpt lat="33.57968" lon="-117.77446">
        <ele>282.76</ele>
        <time>2026-07-12T16:54:51Z</time>
      </trkpt>
      <trkpt lat="33.57971" lon="-117.77445">
        <ele>282.93</ele>
        <time>2026-07-12T16:54:54Z</time>
      </trkpt>
      <trkpt lat="33.57974" lon="-117.77445">
        <ele>283.13</ele>
        <time>2026-07-12T16:54:57Z</time>
      </trkpt>
      <trkpt lat="33.57977" lon="-117.77444">
        <ele>283.47</ele>
        <time>2026-07-12T16:55:00Z</time>
      </trkpt>
      <trkpt lat="33.5798" lon="-117.77443">
        <ele>283.68</ele>
        <time>2026-07-12T16:55:03Z</time>
      </trkpt>
      <trkpt lat="33.57983" lon="-117.77443">
        <ele>283.87</ele>
        <time>2026-07-12T16:55:06Z</time>
      </trkpt>
      <trkpt lat="33.57986" lon="-117.77442">
        <ele>283.86</ele>
        <time>2026-07-12T16:55:09Z</time>
      </trkpt>
      <trkpt lat="33.57989" lon="-117.77442">
        <ele>283.95</ele>
        <time>2026-07-12T16:55:12Z</time>
      </trkpt>
      <trkpt lat="33.57992" lon="-117.77442">
        <ele>284.0</ele>
        <time>2026-07-12T16:55:15Z</time>
      </trkpt>
      <trkpt lat="33.57996" lon="-117.77442">
        <ele>284.0</ele>
        <time>2026-07-12T16:55:18Z</time>
      </trkpt>
      <trkpt lat="33.57999" lon="-117.77443">
        <ele>284.0</ele>
        <time>2026-07-12T16:55:21Z</time>
      </trkpt>
      <trkpt lat="33.58002" lon="-117.77444">
        <ele>284.21</ele>
        <time>2026-07-12T16:55:24Z</time>
      </trkpt>
      <trkpt lat="33.58005" lon="-117.77445">
        <ele>284.54</ele>
        <time>2026-07-12T16:55:27Z</time>
      </trkpt>
      <trkpt lat="33.58009" lon="-117.77445">
        <ele>284.97</ele>
        <time>2026-07-12T16:55:30Z</time>
      </trkpt>
      <trkpt lat="33.58012" lon="-117.77446">
        <ele>285.25</ele>
        <time>2026-07-12T16:55:33Z</time>
      </trkpt>
      <trkpt lat="33.58015" lon="-117.77447">
        <ele>285.45</ele>
        <time>2026-07-12T16:55:36Z</time>
      </trkpt>
      <trkpt lat="33.58019" lon="-117.77447">
        <ele>285.72</ele>
        <time>2026-07-12T16:55:39Z</time>
      </trkpt>
      <trkpt lat="33.58022" lon="-117.77448">
        <ele>285.62</ele>
        <time>2026-07-12T16:55:42Z</time>
      </trkpt>
      <trkpt lat="33.58026" lon="-117.77449">
        <ele>285.51</ele>
        <time>2026-07-12T16:55:45Z</time>
      </trkpt>
      <trkpt lat="33.58029" lon="-117.7745">
        <ele>285.48</ele>
        <time>2026-07-12T16:55:48Z</time>
      </trkpt>
      <trkpt lat="33.58032" lon="-117.77451">
        <ele>285.61</ele>
        <time>2026-07-12T16:55:51Z</time>
      </trkpt>
      <trkpt lat="33.58036" lon="-117.77452">
        <ele>285.91</ele>
        <time>2026-07-12T16:55:54Z</time>
      </trkpt>
      <trkpt lat="33.58039" lon="-117.77452">
        <ele>286.17</ele>
        <time>2026-07-12T16:55:57Z</time>
      </trkpt>
      <trkpt lat="33.58042" lon="-117.77454">
        <ele>286.55</ele>
        <time>2026-07-12T16:56:00Z</time>
      </trkpt>
      <trkpt lat="33.58046" lon="-117.77456">
        <ele>286.98</ele>
        <time>2026-07-12T16:56:03Z</time>
      </trkpt>
      <trkpt lat="33.58049" lon="-117.77457">
        <ele>286.81</ele>
        <time>2026-07-12T16:56:06Z</time>
      </trkpt>
      <trkpt lat="33.58052" lon="-117.77457">
        <ele>286.6</ele>
        <time>2026-07-12T16:56:09Z</time>
      </trkpt>
      <trkpt lat="33.58055" lon="-117.77458">
        <ele>286.5</ele>
        <time>2026-07-12T16:56:12Z</time>
      </trkpt>
      <trkpt lat="33.58059" lon="-117.77459">
        <ele>286.78</ele>
        <time>2026-07-12T16:56:15Z</time>
      </trkpt>
      <trkpt lat="33.58062" lon="-117.77461">
        <ele>287.34</ele>
        <time>2026-07-12T16:56:18Z</time>
      </trkpt>
      <trkpt lat="33.58065" lon="-117.77462">
        <ele>287.79</ele>
        <time>2026-07-12T16:56:21Z</time>
      </trkpt>
      <trkpt lat="33.58068" lon="-117.77463">
        <ele>288.0</ele>
        <time>2026-07-12T16:56:24Z</time>
      </trkpt>
      <trkpt lat="33.58072" lon="-117.77464">
        <ele>288.03</ele>
        <time>2026-07-12T16:56:27Z</time>
      </trkpt>
      <trkpt lat="33.58075" lon="-117.77465">
        <ele>287.92</ele>
        <time>2026-07-12T16:56:30Z</time>
      </trkpt>
      <trkpt lat="33.58078" lon="-117.77466">
        <ele>287.72</ele>
        <time>2026-07-12T16:56:33Z</time>
      </trkpt>
      <trkpt lat="33.58082" lon="-117.77467">
        <ele>287.52</ele>
        <time>2026-07-12T16:56:36Z</time>
      </trkpt>
      <trkpt lat="33.58085" lon="-117.77467">
        <ele>287.44</ele>
        <time>2026-07-12T16:56:39Z</time>
      </trkpt>
      <trkpt lat="33.58088" lon="-117.77467">
        <ele>287.44</ele>
        <time>2026-07-12T16:56:41Z</time>
      </trkpt>
      <trkpt lat="33.58091" lon="-117.77467">
        <ele>287.44</ele>
        <time>2026-07-12T16:56:43Z</time>
      </trkpt>
      <trkpt lat="33.58094" lon="-117.77467">
        <ele>287.59</ele>
        <time>2026-07-12T16:56:45Z</time>
      </trkpt>
      <trkpt lat="33.58097" lon="-117.77466">
        <ele>287.8</ele>
        <time>2026-07-12T16:56:47Z</time>
      </trkpt>
      <trkpt lat="33.581" lon="-117.77466">
        <ele>288.13</ele>
        <time>2026-07-12T16:56:50Z</time>
      </trkpt>
      <trkpt lat="33.58103" lon="-117.77466">
        <ele>288.45</ele>
        <time>2026-07-12T16:56:53Z</time>
      </trkpt>
      <trkpt lat="33.58106" lon="-117.77466">
        <ele>288.78</ele>
        <time>2026-07-12T16:56:56Z</time>
      </trkpt>
      <trkpt lat="33.58109" lon="-117.77466">
        <ele>289.1</ele>
        <time>2026-07-12T16:56:59Z</time>
      </trkpt>
      <trkpt lat="33.58112" lon="-117.77466">
        <ele>289.33</ele>
        <time>2026-07-12T16:57:02Z</time>
      </trkpt>
      <trkpt lat="33.58115" lon="-117.77465">
        <ele>289.22</ele>
        <time>2026-07-12T16:57:05Z</time>
      </trkpt>
      <trkpt lat="33.58118" lon="-117.77465">
        <ele>289.22</ele>
        <time>2026-07-12T16:57:08Z</time>
      </trkpt>
      <trkpt lat="33.58122" lon="-117.77465">
        <ele>289.04</ele>
        <time>2026-07-12T16:57:11Z</time>
      </trkpt>
      <trkpt lat="33.58125" lon="-117.77466">
        <ele>288.83</ele>
        <time>2026-07-12T16:57:14Z</time>
      </trkpt>
      <trkpt lat="33.58129" lon="-117.77467">
        <ele>288.5</ele>
        <time>2026-07-12T16:57:17Z</time>
      </trkpt>
      <trkpt lat="33.58131" lon="-117.77469">
        <ele>288.45</ele>
        <time>2026-07-12T16:57:20Z</time>
      </trkpt>
      <trkpt lat="33.58133" lon="-117.77472">
        <ele>288.94</ele>
        <time>2026-07-12T16:57:23Z</time>
      </trkpt>
      <trkpt lat="33.58135" lon="-117.77475">
        <ele>289.38</ele>
        <time>2026-07-12T16:57:26Z</time>
      </trkpt>
      <trkpt lat="33.58137" lon="-117.77478">
        <ele>289.38</ele>
        <time>2026-07-12T16:57:29Z</time>
      </trkpt>
      <trkpt lat="33.5814" lon="-117.77481">
        <ele>288.74</ele>
        <time>2026-07-12T16:57:32Z</time>
      </trkpt>
      <trkpt lat="33.58142" lon="-117.77484">
        <ele>288.69</ele>
        <time>2026-07-12T16:57:35Z</time>
      </trkpt>
      <trkpt lat="33.58144" lon="-117.77486">
        <ele>288.33</ele>
        <time>2026-07-12T16:57:37Z</time>
      </trkpt>
      <trkpt lat="33.58146" lon="-117.77489">
        <ele>287.84</ele>
        <time>2026-07-12T16:57:39Z</time>
      </trkpt>
      <trkpt lat="33.58148" lon="-117.77493">
        <ele>287.29</ele>
        <time>2026-07-12T16:57:42Z</time>
      </trkpt>
      <trkpt lat="33.58151" lon="-117.77496">
        <ele>287.13</ele>
        <time>2026-07-12T16:57:45Z</time>
      </trkpt>
      <trkpt lat="33.58154" lon="-117.77499">
        <ele>287.19</ele>
        <time>2026-07-12T16:57:48Z</time>
      </trkpt>
      <trkpt lat="33.58156" lon="-117.77502">
        <ele>287.3</ele>
        <time>2026-07-12T16:57:51Z</time>
      </trkpt>
      <trkpt lat="33.58159" lon="-117.77505">
        <ele>287.2</ele>
        <time>2026-07-12T16:57:54Z</time>
      </trkpt>
      <trkpt lat="33.58162" lon="-117.77508">
        <ele>286.87</ele>
        <time>2026-07-12T16:57:57Z</time>
      </trkpt>
      <trkpt lat="33.58165" lon="-117.77511">
        <ele>286.29</ele>
        <time>2026-07-12T16:58:00Z</time>
      </trkpt>
      <trkpt lat="33.58168" lon="-117.77513">
        <ele>285.77</ele>
        <time>2026-07-12T16:58:03Z</time>
      </trkpt>
      <trkpt lat="33.58171" lon="-117.77515">
        <ele>285.35</ele>
        <time>2026-07-12T16:58:06Z</time>
      </trkpt>
      <trkpt lat="33.58174" lon="-117.77518">
        <ele>285.16</ele>
        <time>2026-07-12T16:58:09Z</time>
      </trkpt>
      <trkpt lat="33.58176" lon="-117.77519">
        <ele>284.99</ele>
        <time>2026-07-12T16:58:12Z</time>
      </trkpt>
      <trkpt lat="33.58179" lon="-117.7752">
        <ele>284.72</ele>
        <time>2026-07-12T16:58:15Z</time>
      </trkpt>
      <trkpt lat="33.58182" lon="-117.77522">
        <ele>284.59</ele>
        <time>2026-07-12T16:58:18Z</time>
      </trkpt>
      <trkpt lat="33.58186" lon="-117.77523">
        <ele>284.4</ele>
        <time>2026-07-12T16:58:21Z</time>
      </trkpt>
      <trkpt lat="33.58189" lon="-117.77524">
        <ele>284.18</ele>
        <time>2026-07-12T16:58:23Z</time>
      </trkpt>
      <trkpt lat="33.58191" lon="-117.77525">
        <ele>284.07</ele>
        <time>2026-07-12T16:58:25Z</time>
      </trkpt>
      <trkpt lat="33.58194" lon="-117.77526">
        <ele>283.86</ele>
        <time>2026-07-12T16:58:27Z</time>
      </trkpt>
      <trkpt lat="33.58197" lon="-117.77526">
        <ele>283.98</ele>
        <time>2026-07-12T16:58:29Z</time>
      </trkpt>
      <trkpt lat="33.582" lon="-117.77527">
        <ele>284.42</ele>
        <time>2026-07-12T16:58:31Z</time>
      </trkpt>
      <trkpt lat="33.58203" lon="-117.77527">
        <ele>284.68</ele>
        <time>2026-07-12T16:58:33Z</time>
      </trkpt>
      <trkpt lat="33.58206" lon="-117.77528">
        <ele>284.78</ele>
        <time>2026-07-12T16:58:36Z</time>
      </trkpt>
      <trkpt lat="33.58209" lon="-117.77529">
        <ele>284.56</ele>
        <time>2026-07-12T16:58:39Z</time>
      </trkpt>
      <trkpt lat="33.58212" lon="-117.77531">
        <ele>284.45</ele>
        <time>2026-07-12T16:58:43Z</time>
      </trkpt>
      <trkpt lat="33.58215" lon="-117.77532">
        <ele>284.12</ele>
        <time>2026-07-12T16:58:46Z</time>
      </trkpt>
      <trkpt lat="33.58218" lon="-117.77533">
        <ele>283.78</ele>
        <time>2026-07-12T16:58:49Z</time>
      </trkpt>
      <trkpt lat="33.58222" lon="-117.77534">
        <ele>283.38</ele>
        <time>2026-07-12T16:58:52Z</time>
      </trkpt>
      <trkpt lat="33.58226" lon="-117.77535">
        <ele>283.15</ele>
        <time>2026-07-12T16:58:55Z</time>
      </trkpt>
      <trkpt lat="33.58229" lon="-117.77536">
        <ele>283.04</ele>
        <time>2026-07-12T16:58:58Z</time>
      </trkpt>
      <trkpt lat="33.58233" lon="-117.77537">
        <ele>282.83</ele>
        <time>2026-07-12T16:59:01Z</time>
      </trkpt>
      <trkpt lat="33.58237" lon="-117.77538">
        <ele>282.51</ele>
        <time>2026-07-12T16:59:04Z</time>
      </trkpt>
      <trkpt lat="33.5824" lon="-117.77538">
        <ele>282.18</ele>
        <time>2026-07-12T16:59:07Z</time>
      </trkpt>
      <trkpt lat="33.58244" lon="-117.77539">
        <ele>282.21</ele>
        <time>2026-07-12T16:59:10Z</time>
      </trkpt>
      <trkpt lat="33.58248" lon="-117.77539">
        <ele>282.21</ele>
        <time>2026-07-12T16:59:13Z</time>
      </trkpt>
      <trkpt lat="33.58251" lon="-117.77539">
        <ele>282.13</ele>
        <time>2026-07-12T16:59:16Z</time>
      </trkpt>
      <trkpt lat="33.58255" lon="-117.77539">
        <ele>281.79</ele>
        <time>2026-07-12T16:59:19Z</time>
      </trkpt>
      <trkpt lat="33.58259" lon="-117.77538">
        <ele>281.23</ele>
        <time>2026-07-12T16:59:22Z</time>
      </trkpt>
      <trkpt lat="33.58262" lon="-117.77538">
        <ele>281.21</ele>
        <time>2026-07-12T16:59:25Z</time>
      </trkpt>
      <trkpt lat="33.58266" lon="-117.77536">
        <ele>280.69</ele>
        <time>2026-07-12T16:59:28Z</time>
      </trkpt>
      <trkpt lat="33.5827" lon="-117.77534">
        <ele>279.91</ele>
        <time>2026-07-12T16:59:31Z</time>
      </trkpt>
      <trkpt lat="33.58273" lon="-117.77533">
        <ele>279.42</ele>
        <time>2026-07-12T16:59:34Z</time>
      </trkpt>
      <trkpt lat="33.58276" lon="-117.77532">
        <ele>279.0</ele>
        <time>2026-07-12T16:59:37Z</time>
      </trkpt>
      <trkpt lat="33.58279" lon="-117.77531">
        <ele>278.83</ele>
        <time>2026-07-12T16:59:41Z</time>
      </trkpt>
      <trkpt lat="33.58283" lon="-117.77529">
        <ele>278.83</ele>
        <time>2026-07-12T16:59:46Z</time>
      </trkpt>
      <trkpt lat="33.58285" lon="-117.77528">
        <ele>278.83</ele>
        <time>2026-07-12T16:59:49Z</time>
      </trkpt>
      <trkpt lat="33.58288" lon="-117.77527">
        <ele>278.67</ele>
        <time>2026-07-12T16:59:52Z</time>
      </trkpt>
      <trkpt lat="33.58292" lon="-117.77526">
        <ele>278.33</ele>
        <time>2026-07-12T16:59:55Z</time>
      </trkpt>
      <trkpt lat="33.58295" lon="-117.77525">
        <ele>278.06</ele>
        <time>2026-07-12T16:59:58Z</time>
      </trkpt>
      <trkpt lat="33.58299" lon="-117.77524">
        <ele>277.72</ele>
        <time>2026-07-12T17:00:01Z</time>
      </trkpt>
      <trkpt lat="33.58303" lon="-117.77523">
        <ele>277.48</ele>
        <time>2026-07-12T17:00:04Z</time>
      </trkpt>
      <trkpt lat="33.58307" lon="-117.77522">
        <ele>277.43</ele>
        <time>2026-07-12T17:00:07Z</time>
      </trkpt>
      <trkpt lat="33.5831" lon="-117.77521">
        <ele>277.4</ele>
        <time>2026-07-12T17:00:10Z</time>
      </trkpt>
      <trkpt lat="33.58314" lon="-117.7752">
        <ele>277.31</ele>
        <time>2026-07-12T17:00:13Z</time>
      </trkpt>
      <trkpt lat="33.58318" lon="-117.77519">
        <ele>277.09</ele>
        <time>2026-07-12T17:00:16Z</time>
      </trkpt>
      <trkpt lat="33.58322" lon="-117.77518">
        <ele>276.88</ele>
        <time>2026-07-12T17:00:19Z</time>
      </trkpt>
      <trkpt lat="33.58325" lon="-117.77517">
        <ele>276.69</ele>
        <time>2026-07-12T17:00:22Z</time>
      </trkpt>
      <trkpt lat="33.58329" lon="-117.77516">
        <ele>276.6</ele>
        <time>2026-07-12T17:00:25Z</time>
      </trkpt>
      <trkpt lat="33.58332" lon="-117.77515">
        <ele>276.57</ele>
        <time>2026-07-12T17:00:28Z</time>
      </trkpt>
      <trkpt lat="33.58336" lon="-117.77513">
        <ele>276.4</ele>
        <time>2026-07-12T17:00:31Z</time>
      </trkpt>
      <trkpt lat="33.58339" lon="-117.77511">
        <ele>276.19</ele>
        <time>2026-07-12T17:00:34Z</time>
      </trkpt>
      <trkpt lat="33.58342" lon="-117.77509">
        <ele>275.94</ele>
        <time>2026-07-12T17:00:37Z</time>
      </trkpt>
      <trkpt lat="33.58346" lon="-117.77509">
        <ele>275.96</ele>
        <time>2026-07-12T17:00:40Z</time>
      </trkpt>
      <trkpt lat="33.58349" lon="-117.77508">
        <ele>275.92</ele>
        <time>2026-07-12T17:00:43Z</time>
      </trkpt>
      <trkpt lat="33.58352" lon="-117.77506">
        <ele>276.01</ele>
        <time>2026-07-12T17:00:46Z</time>
      </trkpt>
      <trkpt lat="33.58356" lon="-117.77504">
        <ele>276.19</ele>
        <time>2026-07-12T17:00:49Z</time>
      </trkpt>
      <trkpt lat="33.58359" lon="-117.77503">
        <ele>276.25</ele>
        <time>2026-07-12T17:00:52Z</time>
      </trkpt>
      <trkpt lat="33.58362" lon="-117.77501">
        <ele>276.2</ele>
        <time>2026-07-12T17:00:55Z</time>
      </trkpt>
      <trkpt lat="33.58364" lon="-117.77499">
        <ele>276.2</ele>
        <time>2026-07-12T17:00:57Z</time>
      </trkpt>
      <trkpt lat="33.58368" lon="-117.77497">
        <ele>276.42</ele>
        <time>2026-07-12T17:01:00Z</time>
      </trkpt>
      <trkpt lat="33.5837" lon="-117.77494">
        <ele>276.31</ele>
        <time>2026-07-12T17:01:03Z</time>
      </trkpt>
      <trkpt lat="33.58373" lon="-117.77491">
        <ele>276.04</ele>
        <time>2026-07-12T17:01:07Z</time>
      </trkpt>
      <trkpt lat="33.58376" lon="-117.77489">
        <ele>275.74</ele>
        <time>2026-07-12T17:01:10Z</time>
      </trkpt>
      <trkpt lat="33.58379" lon="-117.77487">
        <ele>275.57</ele>
        <time>2026-07-12T17:01:12Z</time>
      </trkpt>
      <trkpt lat="33.58381" lon="-117.77486">
        <ele>275.71</ele>
        <time>2026-07-12T17:01:14Z</time>
      </trkpt>
      <trkpt lat="33.58385" lon="-117.77484">
        <ele>276.27</ele>
        <time>2026-07-12T17:01:17Z</time>
      </trkpt>
      <trkpt lat="33.58388" lon="-117.77481">
        <ele>276.71</ele>
        <time>2026-07-12T17:01:20Z</time>
      </trkpt>
      <trkpt lat="33.58391" lon="-117.77479">
        <ele>276.53</ele>
        <time>2026-07-12T17:01:23Z</time>
      </trkpt>
      <trkpt lat="33.58394" lon="-117.77477">
        <ele>276.3</ele>
        <time>2026-07-12T17:01:26Z</time>
      </trkpt>
      <trkpt lat="33.58397" lon="-117.77475">
        <ele>276.21</ele>
        <time>2026-07-12T17:01:29Z</time>
      </trkpt>
      <trkpt lat="33.58399" lon="-117.77473">
        <ele>276.17</ele>
        <time>2026-07-12T17:01:32Z</time>
      </trkpt>
      <trkpt lat="33.58402" lon="-117.77471">
        <ele>276.42</ele>
        <time>2026-07-12T17:01:35Z</time>
      </trkpt>
      <trkpt lat="33.58404" lon="-117.77469">
        <ele>276.63</ele>
        <time>2026-07-12T17:01:38Z</time>
      </trkpt>
      <trkpt lat="33.58407" lon="-117.77467">
        <ele>276.96</ele>
        <time>2026-07-12T17:01:41Z</time>
      </trkpt>
      <trkpt lat="33.58409" lon="-117.77466">
        <ele>277.17</ele>
        <time>2026-07-12T17:01:44Z</time>
      </trkpt>
      <trkpt lat="33.58412" lon="-117.77465">
        <ele>277.5</ele>
        <time>2026-07-12T17:01:47Z</time>
      </trkpt>
      <trkpt lat="33.58415" lon="-117.77464">
        <ele>277.82</ele>
        <time>2026-07-12T17:01:50Z</time>
      </trkpt>
      <trkpt lat="33.58418" lon="-117.77463">
        <ele>278.0</ele>
        <time>2026-07-12T17:01:53Z</time>
      </trkpt>
      <trkpt lat="33.58421" lon="-117.77461">
        <ele>277.89</ele>
        <time>2026-07-12T17:01:56Z</time>
      </trkpt>
      <trkpt lat="33.58424" lon="-117.7746">
        <ele>277.93</ele>
        <time>2026-07-12T17:01:59Z</time>
      </trkpt>
      <trkpt lat="33.58427" lon="-117.77458">
        <ele>278.06</ele>
        <time>2026-07-12T17:02:02Z</time>
      </trkpt>
      <trkpt lat="33.5843" lon="-117.77457">
        <ele>278.28</ele>
        <time>2026-07-12T17:02:05Z</time>
      </trkpt>
      <trkpt lat="33.58433" lon="-117.77456">
        <ele>278.57</ele>
        <time>2026-07-12T17:02:08Z</time>
      </trkpt>
      <trkpt lat="33.58436" lon="-117.77454">
        <ele>278.97</ele>
        <time>2026-07-12T17:02:11Z</time>
      </trkpt>
      <trkpt lat="33.58439" lon="-117.77453">
        <ele>279.03</ele>
        <time>2026-07-12T17:02:14Z</time>
      </trkpt>
      <trkpt lat="33.58442" lon="-117.77452">
        <ele>279.14</ele>
        <time>2026-07-12T17:02:17Z</time>
      </trkpt>
      <trkpt lat="33.58445" lon="-117.7745">
        <ele>279.4</ele>
        <time>2026-07-12T17:02:20Z</time>
      </trkpt>
      <trkpt lat="33.58449" lon="-117.77449">
        <ele>279.51</ele>
        <time>2026-07-12T17:02:23Z</time>
      </trkpt>
      <trkpt lat="33.58452" lon="-117.77448">
        <ele>279.62</ele>
        <time>2026-07-12T17:02:26Z</time>
      </trkpt>
      <trkpt lat="33.58455" lon="-117.77447">
        <ele>279.76</ele>
        <time>2026-07-12T17:02:29Z</time>
      </trkpt>
      <trkpt lat="33.58458" lon="-117.77445">
        <ele>279.97</ele>
        <time>2026-07-12T17:02:32Z</time>
      </trkpt>
      <trkpt lat="33.58461" lon="-117.77444">
        <ele>280.04</ele>
        <time>2026-07-12T17:02:35Z</time>
      </trkpt>
      <trkpt lat="33.58464" lon="-117.77443">
        <ele>280.17</ele>
        <time>2026-07-12T17:02:38Z</time>
      </trkpt>
      <trkpt lat="33.58467" lon="-117.77442">
        <ele>280.38</ele>
        <time>2026-07-12T17:02:41Z</time>
      </trkpt>
      <trkpt lat="33.5847" lon="-117.7744">
        <ele>280.84</ele>
        <time>2026-07-12T17:02:44Z</time>
      </trkpt>
      <trkpt lat="33.58473" lon="-117.77439">
        <ele>281.21</ele>
        <time>2026-07-12T17:02:47Z</time>
      </trkpt>
      <trkpt lat="33.58476" lon="-117.77437">
        <ele>281.69</ele>
        <time>2026-07-12T17:02:50Z</time>
      </trkpt>
      <trkpt lat="33.58479" lon="-117.77436">
        <ele>281.89</ele>
        <time>2026-07-12T17:02:53Z</time>
      </trkpt>
      <trkpt lat="33.58482" lon="-117.77435">
        <ele>282.0</ele>
        <time>2026-07-12T17:02:56Z</time>
      </trkpt>
      <trkpt lat="33.58485" lon="-117.77433">
        <ele>282.0</ele>
        <time>2026-07-12T17:02:59Z</time>
      </trkpt>
      <trkpt lat="33.58489" lon="-117.77432">
        <ele>282.0</ele>
        <time>2026-07-12T17:03:02Z</time>
      </trkpt>
      <trkpt lat="33.58493" lon="-117.77431">
        <ele>282.11</ele>
        <time>2026-07-12T17:03:05Z</time>
      </trkpt>
      <trkpt lat="33.58496" lon="-117.7743">
        <ele>282.32</ele>
        <time>2026-07-12T17:03:08Z</time>
      </trkpt>
      <trkpt lat="33.58499" lon="-117.7743">
        <ele>282.5</ele>
        <time>2026-07-12T17:03:11Z</time>
      </trkpt>
      <trkpt lat="33.58503" lon="-117.7743">
        <ele>282.88</ele>
        <time>2026-07-12T17:03:14Z</time>
      </trkpt>
      <trkpt lat="33.58506" lon="-117.7743">
        <ele>283.21</ele>
        <time>2026-07-12T17:03:17Z</time>
      </trkpt>
      <trkpt lat="33.5851" lon="-117.77429">
        <ele>283.67</ele>
        <time>2026-07-12T17:03:20Z</time>
      </trkpt>
      <trkpt lat="33.58513" lon="-117.77429">
        <ele>283.67</ele>
        <time>2026-07-12T17:03:23Z</time>
      </trkpt>
      <trkpt lat="33.58517" lon="-117.77428">
        <ele>283.78</ele>
        <time>2026-07-12T17:03:26Z</time>
      </trkpt>
      <trkpt lat="33.5852" lon="-117.77428">
        <ele>283.94</ele>
        <time>2026-07-12T17:03:29Z</time>
      </trkpt>
      <trkpt lat="33.58524" lon="-117.77428">
        <ele>284.37</ele>
        <time>2026-07-12T17:03:32Z</time>
      </trkpt>
      <trkpt lat="33.58527" lon="-117.77428">
        <ele>284.69</ele>
        <time>2026-07-12T17:03:35Z</time>
      </trkpt>
      <trkpt lat="33.5853" lon="-117.77428">
        <ele>284.72</ele>
        <time>2026-07-12T17:03:38Z</time>
      </trkpt>
      <trkpt lat="33.58534" lon="-117.77427">
        <ele>284.81</ele>
        <time>2026-07-12T17:03:41Z</time>
      </trkpt>
      <trkpt lat="33.58537" lon="-117.77427">
        <ele>284.77</ele>
        <time>2026-07-12T17:03:44Z</time>
      </trkpt>
      <trkpt lat="33.58541" lon="-117.77427">
        <ele>284.77</ele>
        <time>2026-07-12T17:03:47Z</time>
      </trkpt>
      <trkpt lat="33.58544" lon="-117.77427">
        <ele>284.77</ele>
        <time>2026-07-12T17:03:50Z</time>
      </trkpt>
      <trkpt lat="33.58548" lon="-117.77427">
        <ele>284.77</ele>
        <time>2026-07-12T17:03:53Z</time>
      </trkpt>
      <trkpt lat="33.58551" lon="-117.77427">
        <ele>284.77</ele>
        <time>2026-07-12T17:03:56Z</time>
      </trkpt>
      <trkpt lat="33.58555" lon="-117.77427">
        <ele>284.77</ele>
        <time>2026-07-12T17:03:59Z</time>
      </trkpt>
      <trkpt lat="33.58559" lon="-117.77428">
        <ele>284.18</ele>
        <time>2026-07-12T17:04:02Z</time>
      </trkpt>
      <trkpt lat="33.58562" lon="-117.77428">
        <ele>283.86</ele>
        <time>2026-07-12T17:04:05Z</time>
      </trkpt>
      <trkpt lat="33.58566" lon="-117.77428">
        <ele>283.45</ele>
        <time>2026-07-12T17:04:08Z</time>
      </trkpt>
      <trkpt lat="33.58569" lon="-117.77428">
        <ele>283.2</ele>
        <time>2026-07-12T17:04:11Z</time>
      </trkpt>
      <trkpt lat="33.58573" lon="-117.77428">
        <ele>282.87</ele>
        <time>2026-07-12T17:04:14Z</time>
      </trkpt>
      <trkpt lat="33.58577" lon="-117.77428">
        <ele>282.71</ele>
        <time>2026-07-12T17:04:17Z</time>
      </trkpt>
      <trkpt lat="33.5858" lon="-117.77428">
        <ele>282.63</ele>
        <time>2026-07-12T17:04:20Z</time>
      </trkpt>
      <trkpt lat="33.58584" lon="-117.77428">
        <ele>282.5</ele>
        <time>2026-07-12T17:04:23Z</time>
      </trkpt>
      <trkpt lat="33.58587" lon="-117.77428">
        <ele>282.24</ele>
        <time>2026-07-12T17:04:26Z</time>
      </trkpt>
      <trkpt lat="33.58591" lon="-117.77428">
        <ele>281.91</ele>
        <time>2026-07-12T17:04:29Z</time>
      </trkpt>
      <trkpt lat="33.58594" lon="-117.77428">
        <ele>281.66</ele>
        <time>2026-07-12T17:04:32Z</time>
      </trkpt>
      <trkpt lat="33.58598" lon="-117.77429">
        <ele>281.28</ele>
        <time>2026-07-12T17:04:35Z</time>
      </trkpt>
      <trkpt lat="33.58601" lon="-117.77431">
        <ele>281.04</ele>
        <time>2026-07-12T17:04:38Z</time>
      </trkpt>
      <trkpt lat="33.58605" lon="-117.77432">
        <ele>280.88</ele>
        <time>2026-07-12T17:04:41Z</time>
      </trkpt>
      <trkpt lat="33.58608" lon="-117.77433">
        <ele>280.84</ele>
        <time>2026-07-12T17:04:44Z</time>
      </trkpt>
      <trkpt lat="33.58612" lon="-117.77435">
        <ele>280.98</ele>
        <time>2026-07-12T17:04:47Z</time>
      </trkpt>
      <trkpt lat="33.58615" lon="-117.77437">
        <ele>280.89</ele>
        <time>2026-07-12T17:04:50Z</time>
      </trkpt>
      <trkpt lat="33.58619" lon="-117.77438">
        <ele>280.96</ele>
        <time>2026-07-12T17:04:53Z</time>
      </trkpt>
      <trkpt lat="33.58622" lon="-117.7744">
        <ele>281.09</ele>
        <time>2026-07-12T17:04:56Z</time>
      </trkpt>
      <trkpt lat="33.58625" lon="-117.77443">
        <ele>281.42</ele>
        <time>2026-07-12T17:04:59Z</time>
      </trkpt>
      <trkpt lat="33.58627" lon="-117.77445">
        <ele>281.66</ele>
        <time>2026-07-12T17:05:02Z</time>
      </trkpt>
      <trkpt lat="33.5863" lon="-117.77448">
        <ele>281.63</ele>
        <time>2026-07-12T17:05:05Z</time>
      </trkpt>
      <trkpt lat="33.58633" lon="-117.7745">
        <ele>281.62</ele>
        <time>2026-07-12T17:05:08Z</time>
      </trkpt>
      <trkpt lat="33.58635" lon="-117.77452">
        <ele>281.66</ele>
        <time>2026-07-12T17:05:11Z</time>
      </trkpt>
      <trkpt lat="33.58638" lon="-117.77453">
        <ele>281.91</ele>
        <time>2026-07-12T17:05:14Z</time>
      </trkpt>
      <trkpt lat="33.58641" lon="-117.77455">
        <ele>281.86</ele>
        <time>2026-07-12T17:05:17Z</time>
      </trkpt>
      <trkpt lat="33.58644" lon="-117.77457">
        <ele>281.64</ele>
        <time>2026-07-12T17:05:20Z</time>
      </trkpt>
      <trkpt lat="33.58646" lon="-117.77459">
        <ele>281.43</ele>
        <time>2026-07-12T17:05:23Z</time>
      </trkpt>
      <trkpt lat="33.58649" lon="-117.7746">
        <ele>281.23</ele>
        <time>2026-07-12T17:05:26Z</time>
      </trkpt>
      <trkpt lat="33.58652" lon="-117.77462">
        <ele>280.69</ele>
        <time>2026-07-12T17:05:29Z</time>
      </trkpt>
      <trkpt lat="33.58655" lon="-117.77463">
        <ele>280.26</ele>
        <time>2026-07-12T17:05:32Z</time>
      </trkpt>
      <trkpt lat="33.58658" lon="-117.77463">
        <ele>279.94</ele>
        <time>2026-07-12T17:05:34Z</time>
      </trkpt>
      <trkpt lat="33.58661" lon="-117.77463">
        <ele>279.61</ele>
        <time>2026-07-12T17:05:36Z</time>
      </trkpt>
      <trkpt lat="33.58664" lon="-117.77464">
        <ele>279.29</ele>
        <time>2026-07-12T17:05:38Z</time>
      </trkpt>
      <trkpt lat="33.58667" lon="-117.77464">
        <ele>278.96</ele>
        <time>2026-07-12T17:05:40Z</time>
      </trkpt>
      <trkpt lat="33.58671" lon="-117.77465">
        <ele>278.53</ele>
        <time>2026-07-12T17:05:43Z</time>
      </trkpt>
      <trkpt lat="33.58674" lon="-117.77466">
        <ele>278.21</ele>
        <time>2026-07-12T17:05:46Z</time>
      </trkpt>
      <trkpt lat="33.58678" lon="-117.77467">
        <ele>277.78</ele>
        <time>2026-07-12T17:05:49Z</time>
      </trkpt>
      <trkpt lat="33.58681" lon="-117.77468">
        <ele>277.45</ele>
        <time>2026-07-12T17:05:52Z</time>
      </trkpt>
      <trkpt lat="33.58684" lon="-117.77468">
        <ele>277.13</ele>
        <time>2026-07-12T17:05:55Z</time>
      </trkpt>
      <trkpt lat="33.58687" lon="-117.7747">
        <ele>276.8</ele>
        <time>2026-07-12T17:05:58Z</time>
      </trkpt>
      <trkpt lat="33.58691" lon="-117.7747">
        <ele>276.37</ele>
        <time>2026-07-12T17:06:01Z</time>
      </trkpt>
      <trkpt lat="33.58694" lon="-117.77471">
        <ele>276.05</ele>
        <time>2026-07-12T17:06:04Z</time>
      </trkpt>
      <trkpt lat="33.58697" lon="-117.77473">
        <ele>276.06</ele>
        <time>2026-07-12T17:06:07Z</time>
      </trkpt>
      <trkpt lat="33.58701" lon="-117.77474">
        <ele>276.06</ele>
        <time>2026-07-12T17:06:10Z</time>
      </trkpt>
      <trkpt lat="33.58704" lon="-117.77475">
        <ele>275.97</ele>
        <time>2026-07-12T17:06:13Z</time>
      </trkpt>
      <trkpt lat="33.58707" lon="-117.77476">
        <ele>275.64</ele>
        <time>2026-07-12T17:06:16Z</time>
      </trkpt>
      <trkpt lat="33.5871" lon="-117.77478">
        <ele>275.32</ele>
        <time>2026-07-12T17:06:19Z</time>
      </trkpt>
      <trkpt lat="33.58714" lon="-117.77479">
        <ele>275.0</ele>
        <time>2026-07-12T17:06:22Z</time>
      </trkpt>
      <trkpt lat="33.58717" lon="-117.7748">
        <ele>275.0</ele>
        <time>2026-07-12T17:06:25Z</time>
      </trkpt>
      <trkpt lat="33.5872" lon="-117.77481">
        <ele>275.0</ele>
        <time>2026-07-12T17:06:28Z</time>
      </trkpt>
      <trkpt lat="33.58724" lon="-117.77483">
        <ele>274.84</ele>
        <time>2026-07-12T17:06:31Z</time>
      </trkpt>
      <trkpt lat="33.58726" lon="-117.77484">
        <ele>274.7</ele>
        <time>2026-07-12T17:06:34Z</time>
      </trkpt>
      <trkpt lat="33.58729" lon="-117.77487">
        <ele>274.7</ele>
        <time>2026-07-12T17:06:37Z</time>
      </trkpt>
      <trkpt lat="33.58732" lon="-117.77488">
        <ele>274.72</ele>
        <time>2026-07-12T17:06:40Z</time>
      </trkpt>
      <trkpt lat="33.58735" lon="-117.7749">
        <ele>274.95</ele>
        <time>2026-07-12T17:06:43Z</time>
      </trkpt>
      <trkpt lat="33.58739" lon="-117.77491">
        <ele>274.99</ele>
        <time>2026-07-12T17:06:46Z</time>
      </trkpt>
      <trkpt lat="33.58742" lon="-117.77493">
        <ele>274.97</ele>
        <time>2026-07-12T17:06:49Z</time>
      </trkpt>
      <trkpt lat="33.58745" lon="-117.77494">
        <ele>274.84</ele>
        <time>2026-07-12T17:06:52Z</time>
      </trkpt>
      <trkpt lat="33.58748" lon="-117.77495">
        <ele>274.64</ele>
        <time>2026-07-12T17:06:55Z</time>
      </trkpt>
      <trkpt lat="33.58751" lon="-117.77497">
        <ele>274.29</ele>
        <time>2026-07-12T17:06:58Z</time>
      </trkpt>
      <trkpt lat="33.58754" lon="-117.77498">
        <ele>274.12</ele>
        <time>2026-07-12T17:07:01Z</time>
      </trkpt>
      <trkpt lat="33.58757" lon="-117.77499">
        <ele>274.03</ele>
        <time>2026-07-12T17:07:04Z</time>
      </trkpt>
      <trkpt lat="33.58759" lon="-117.77501">
        <ele>274.0</ele>
        <time>2026-07-12T17:07:07Z</time>
      </trkpt>
      <trkpt lat="33.58762" lon="-117.77503">
        <ele>273.9</ele>
        <time>2026-07-12T17:07:10Z</time>
      </trkpt>
      <trkpt lat="33.58765" lon="-117.77505">
        <ele>273.67</ele>
        <time>2026-07-12T17:07:13Z</time>
      </trkpt>
      <trkpt lat="33.58767" lon="-117.77507">
        <ele>273.37</ele>
        <time>2026-07-12T17:07:15Z</time>
      </trkpt>
      <trkpt lat="33.5877" lon="-117.7751">
        <ele>272.99</ele>
        <time>2026-07-12T17:07:18Z</time>
      </trkpt>
      <trkpt lat="33.58774" lon="-117.77512">
        <ele>272.82</ele>
        <time>2026-07-12T17:07:21Z</time>
      </trkpt>
      <trkpt lat="33.58777" lon="-117.77515">
        <ele>272.43</ele>
        <time>2026-07-12T17:07:24Z</time>
      </trkpt>
      <trkpt lat="33.5878" lon="-117.77517">
        <ele>272.33</ele>
        <time>2026-07-12T17:07:27Z</time>
      </trkpt>
      <trkpt lat="33.58783" lon="-117.7752">
        <ele>272.47</ele>
        <time>2026-07-12T17:07:30Z</time>
      </trkpt>
      <trkpt lat="33.58786" lon="-117.77522">
        <ele>272.55</ele>
        <time>2026-07-12T17:07:33Z</time>
      </trkpt>
      <trkpt lat="33.58789" lon="-117.77524">
        <ele>272.32</ele>
        <time>2026-07-12T17:07:36Z</time>
      </trkpt>
      <trkpt lat="33.58792" lon="-117.77527">
        <ele>272.04</ele>
        <time>2026-07-12T17:07:39Z</time>
      </trkpt>
      <trkpt lat="33.58794" lon="-117.77529">
        <ele>271.87</ele>
        <time>2026-07-12T17:07:42Z</time>
      </trkpt>
      <trkpt lat="33.58797" lon="-117.77532">
        <ele>271.5</ele>
        <time>2026-07-12T17:07:45Z</time>
      </trkpt>
      <trkpt lat="33.58799" lon="-117.77535">
        <ele>271.16</ele>
        <time>2026-07-12T17:07:48Z</time>
      </trkpt>
      <trkpt lat="33.58801" lon="-117.77537">
        <ele>271.0</ele>
        <time>2026-07-12T17:07:51Z</time>
      </trkpt>
      <trkpt lat="33.58804" lon="-117.7754">
        <ele>271.0</ele>
        <time>2026-07-12T17:07:54Z</time>
      </trkpt>
      <trkpt lat="33.58806" lon="-117.77543">
        <ele>270.98</ele>
        <time>2026-07-12T17:07:57Z</time>
      </trkpt>
      <trkpt lat="33.58809" lon="-117.77547">
        <ele>271.05</ele>
        <time>2026-07-12T17:08:00Z</time>
      </trkpt>
      <trkpt lat="33.58811" lon="-117.77549">
        <ele>271.12</ele>
        <time>2026-07-12T17:08:02Z</time>
      </trkpt>
      <trkpt lat="33.58812" lon="-117.77552">
        <ele>271.19</ele>
        <time>2026-07-12T17:08:04Z</time>
      </trkpt>
      <trkpt lat="33.58815" lon="-117.77555">
        <ele>271.02</ele>
        <time>2026-07-12T17:08:07Z</time>
      </trkpt>
      <trkpt lat="33.58817" lon="-117.77559">
        <ele>271.52</ele>
        <time>2026-07-12T17:08:10Z</time>
      </trkpt>
      <trkpt lat="33.58818" lon="-117.77562">
        <ele>271.8</ele>
        <time>2026-07-12T17:08:13Z</time>
      </trkpt>
      <trkpt lat="33.5882" lon="-117.77565">
        <ele>271.98</ele>
        <time>2026-07-12T17:08:16Z</time>
      </trkpt>
      <trkpt lat="33.58821" lon="-117.77568">
        <ele>271.66</ele>
        <time>2026-07-12T17:08:19Z</time>
      </trkpt>
      <trkpt lat="33.58823" lon="-117.77572">
        <ele>271.22</ele>
        <time>2026-07-12T17:08:22Z</time>
      </trkpt>
      <trkpt lat="33.58824" lon="-117.77575">
        <ele>271.0</ele>
        <time>2026-07-12T17:08:25Z</time>
      </trkpt>
      <trkpt lat="33.58827" lon="-117.77579">
        <ele>271.0</ele>
        <time>2026-07-12T17:08:28Z</time>
      </trkpt>
      <trkpt lat="33.58829" lon="-117.77583">
        <ele>271.0</ele>
        <time>2026-07-12T17:08:31Z</time>
      </trkpt>
      <trkpt lat="33.58831" lon="-117.77587">
        <ele>271.0</ele>
        <time>2026-07-12T17:08:34Z</time>
      </trkpt>
      <trkpt lat="33.58833" lon="-117.77591">
        <ele>271.0</ele>
        <time>2026-07-12T17:08:37Z</time>
      </trkpt>
      <trkpt lat="33.58834" lon="-117.77594">
        <ele>271.08</ele>
        <time>2026-07-12T17:08:39Z</time>
      </trkpt>
      <trkpt lat="33.58835" lon="-117.77598">
        <ele>271.4</ele>
        <time>2026-07-12T17:08:41Z</time>
      </trkpt>
      <trkpt lat="33.58837" lon="-117.77601">
        <ele>271.51</ele>
        <time>2026-07-12T17:08:43Z</time>
      </trkpt>
      <trkpt lat="33.58838" lon="-117.77605">
        <ele>271.84</ele>
        <time>2026-07-12T17:08:46Z</time>
      </trkpt>
      <trkpt lat="33.5884" lon="-117.77609">
        <ele>272.05</ele>
        <time>2026-07-12T17:08:49Z</time>
      </trkpt>
      <trkpt lat="33.58841" lon="-117.77613">
        <ele>272.34</ele>
        <time>2026-07-12T17:08:52Z</time>
      </trkpt>
      <trkpt lat="33.58843" lon="-117.77617">
        <ele>272.59</ele>
        <time>2026-07-12T17:08:55Z</time>
      </trkpt>
      <trkpt lat="33.58844" lon="-117.77621">
        <ele>272.92</ele>
        <time>2026-07-12T17:08:58Z</time>
      </trkpt>
      <trkpt lat="33.58846" lon="-117.77625">
        <ele>273.13</ele>
        <time>2026-07-12T17:09:01Z</time>
      </trkpt>
      <trkpt lat="33.58847" lon="-117.77629">
        <ele>273.46</ele>
        <time>2026-07-12T17:09:04Z</time>
      </trkpt>
      <trkpt lat="33.58848" lon="-117.77632">
        <ele>273.31</ele>
        <time>2026-07-12T17:09:07Z</time>
      </trkpt>
      <trkpt lat="33.5885" lon="-117.77635">
        <ele>273.08</ele>
        <time>2026-07-12T17:09:10Z</time>
      </trkpt>
      <trkpt lat="33.58852" lon="-117.77638">
        <ele>272.98</ele>
        <time>2026-07-12T17:09:13Z</time>
      </trkpt>
      <trkpt lat="33.58854" lon="-117.77641">
        <ele>272.59</ele>
        <time>2026-07-12T17:09:17Z</time>
      </trkpt>
      <trkpt lat="33.58856" lon="-117.77644">
        <ele>272.25</ele>
        <time>2026-07-12T17:09:21Z</time>
      </trkpt>
      <trkpt lat="33.5886" lon="-117.77646">
        <ele>272.03</ele>
        <time>2026-07-12T17:09:24Z</time>
      </trkpt>
      <trkpt lat="33.58862" lon="-117.77647">
        <ele>271.9</ele>
        <time>2026-07-12T17:09:26Z</time>
      </trkpt>
      <trkpt lat="33.58865" lon="-117.77649">
        <ele>271.43</ele>
        <time>2026-07-12T17:09:28Z</time>
      </trkpt>
      <trkpt lat="33.58868" lon="-117.77651">
        <ele>270.87</ele>
        <time>2026-07-12T17:09:31Z</time>
      </trkpt>
      <trkpt lat="33.58872" lon="-117.77652">
        <ele>270.41</ele>
        <time>2026-07-12T17:09:34Z</time>
      </trkpt>
      <trkpt lat="33.58875" lon="-117.77654">
        <ele>269.87</ele>
        <time>2026-07-12T17:09:37Z</time>
      </trkpt>
      <trkpt lat="33.58877" lon="-117.77656">
        <ele>269.44</ele>
        <time>2026-07-12T17:09:40Z</time>
      </trkpt>
      <trkpt lat="33.5888" lon="-117.77659">
        <ele>268.79</ele>
        <time>2026-07-12T17:09:43Z</time>
      </trkpt>
      <trkpt lat="33.58883" lon="-117.77659">
        <ele>268.53</ele>
        <time>2026-07-12T17:09:46Z</time>
      </trkpt>
      <trkpt lat="33.58887" lon="-117.77659">
        <ele>268.17</ele>
        <time>2026-07-12T17:09:49Z</time>
      </trkpt>
      <trkpt lat="33.5889" lon="-117.77658">
        <ele>267.88</ele>
        <time>2026-07-12T17:09:52Z</time>
      </trkpt>
      <trkpt lat="33.58894" lon="-117.77657">
        <ele>267.45</ele>
        <time>2026-07-12T17:09:55Z</time>
      </trkpt>
      <trkpt lat="33.58897" lon="-117.77655">
        <ele>267.12</ele>
        <time>2026-07-12T17:09:58Z</time>
      </trkpt>
      <trkpt lat="33.589" lon="-117.77654">
        <ele>266.93</ele>
        <time>2026-07-12T17:10:01Z</time>
      </trkpt>
      <trkpt lat="33.58903" lon="-117.77652">
        <ele>266.69</ele>
        <time>2026-07-12T17:10:04Z</time>
      </trkpt>
      <trkpt lat="33.58907" lon="-117.77651">
        <ele>266.34</ele>
        <time>2026-07-12T17:10:07Z</time>
      </trkpt>
      <trkpt lat="33.58909" lon="-117.77649">
        <ele>265.75</ele>
        <time>2026-07-12T17:10:10Z</time>
      </trkpt>
      <trkpt lat="33.58912" lon="-117.77647">
        <ele>264.95</ele>
        <time>2026-07-12T17:10:13Z</time>
      </trkpt>
      <trkpt lat="33.58915" lon="-117.77645">
        <ele>264.3</ele>
        <time>2026-07-12T17:10:17Z</time>
      </trkpt>
      <trkpt lat="33.58917" lon="-117.77643">
        <ele>263.98</ele>
        <time>2026-07-12T17:10:22Z</time>
      </trkpt>
      <trkpt lat="33.5892" lon="-117.77641">
        <ele>263.72</ele>
        <time>2026-07-12T17:10:25Z</time>
      </trkpt>
      <trkpt lat="33.58923" lon="-117.7764">
        <ele>263.4</ele>
        <time>2026-07-12T17:10:28Z</time>
      </trkpt>
      <trkpt lat="33.58926" lon="-117.77638">
        <ele>262.89</ele>
        <time>2026-07-12T17:10:31Z</time>
      </trkpt>
      <trkpt lat="33.58929" lon="-117.77636">
        <ele>262.13</ele>
        <time>2026-07-12T17:10:34Z</time>
      </trkpt>
      <trkpt lat="33.58932" lon="-117.77635">
        <ele>261.54</ele>
        <time>2026-07-12T17:10:37Z</time>
      </trkpt>
      <trkpt lat="33.58936" lon="-117.77633">
        <ele>260.89</ele>
        <time>2026-07-12T17:10:40Z</time>
      </trkpt>
      <trkpt lat="33.58939" lon="-117.77631">
        <ele>260.3</ele>
        <time>2026-07-12T17:10:43Z</time>
      </trkpt>
      <trkpt lat="33.58943" lon="-117.77629">
        <ele>259.3</ele>
        <time>2026-07-12T17:10:46Z</time>
      </trkpt>
      <trkpt lat="33.58946" lon="-117.77626">
        <ele>258.93</ele>
        <time>2026-07-12T17:10:49Z</time>
      </trkpt>
      <trkpt lat="33.58948" lon="-117.77624">
        <ele>258.77</ele>
        <time>2026-07-12T17:10:51Z</time>
      </trkpt>
      <trkpt lat="33.58951" lon="-117.77622">
        <ele>258.42</ele>
        <time>2026-07-12T17:10:54Z</time>
      </trkpt>
      <trkpt lat="33.58954" lon="-117.77619">
        <ele>257.82</ele>
        <time>2026-07-12T17:10:57Z</time>
      </trkpt>
      <trkpt lat="33.58956" lon="-117.77617">
        <ele>257.39</ele>
        <time>2026-07-12T17:11:00Z</time>
      </trkpt>
      <trkpt lat="33.58959" lon="-117.77615">
        <ele>256.85</ele>
        <time>2026-07-12T17:11:03Z</time>
      </trkpt>
      <trkpt lat="33.58962" lon="-117.77612">
        <ele>256.2</ele>
        <time>2026-07-12T17:11:06Z</time>
      </trkpt>
      <trkpt lat="33.58965" lon="-117.7761">
        <ele>255.66</ele>
        <time>2026-07-12T17:11:09Z</time>
      </trkpt>
      <trkpt lat="33.58967" lon="-117.77607">
        <ele>255.12</ele>
        <time>2026-07-12T17:11:12Z</time>
      </trkpt>
      <trkpt lat="33.5897" lon="-117.77605">
        <ele>254.58</ele>
        <time>2026-07-12T17:11:15Z</time>
      </trkpt>
      <trkpt lat="33.58973" lon="-117.77602">
        <ele>253.93</ele>
        <time>2026-07-12T17:11:18Z</time>
      </trkpt>
      <trkpt lat="33.58975" lon="-117.776">
        <ele>253.56</ele>
        <time>2026-07-12T17:11:21Z</time>
      </trkpt>
      <trkpt lat="33.58978" lon="-117.77597">
        <ele>253.18</ele>
        <time>2026-07-12T17:11:24Z</time>
      </trkpt>
      <trkpt lat="33.58981" lon="-117.77595">
        <ele>253.01</ele>
        <time>2026-07-12T17:11:27Z</time>
      </trkpt>
      <trkpt lat="33.58983" lon="-117.77593">
        <ele>252.68</ele>
        <time>2026-07-12T17:11:30Z</time>
      </trkpt>
      <trkpt lat="33.58986" lon="-117.77591">
        <ele>251.94</ele>
        <time>2026-07-12T17:11:33Z</time>
      </trkpt>
      <trkpt lat="33.58989" lon="-117.77589">
        <ele>251.3</ele>
        <time>2026-07-12T17:11:36Z</time>
      </trkpt>
      <trkpt lat="33.58992" lon="-117.77587">
        <ele>250.92</ele>
        <time>2026-07-12T17:11:39Z</time>
      </trkpt>
      <trkpt lat="33.58995" lon="-117.77585">
        <ele>250.62</ele>
        <time>2026-07-12T17:11:42Z</time>
      </trkpt>
      <trkpt lat="33.58997" lon="-117.77583">
        <ele>250.31</ele>
        <time>2026-07-12T17:11:45Z</time>
      </trkpt>
      <trkpt lat="33.59" lon="-117.77582">
        <ele>250.0</ele>
        <time>2026-07-12T17:11:48Z</time>
      </trkpt>
      <trkpt lat="33.59003" lon="-117.77582">
        <ele>249.68</ele>
        <time>2026-07-12T17:11:51Z</time>
      </trkpt>
      <trkpt lat="33.59006" lon="-117.77581">
        <ele>249.35</ele>
        <time>2026-07-12T17:11:54Z</time>
      </trkpt>
      <trkpt lat="33.59009" lon="-117.77579">
        <ele>249.03</ele>
        <time>2026-07-12T17:11:57Z</time>
      </trkpt>
      <trkpt lat="33.59012" lon="-117.77579">
        <ele>249.0</ele>
        <time>2026-07-12T17:12:00Z</time>
      </trkpt>
      <trkpt lat="33.59015" lon="-117.77578">
        <ele>249.0</ele>
        <time>2026-07-12T17:12:03Z</time>
      </trkpt>
      <trkpt lat="33.59018" lon="-117.77578">
        <ele>249.0</ele>
        <time>2026-07-12T17:12:06Z</time>
      </trkpt>
      <trkpt lat="33.59021" lon="-117.7758">
        <ele>248.73</ele>
        <time>2026-07-12T17:12:09Z</time>
      </trkpt>
      <trkpt lat="33.59023" lon="-117.77583">
        <ele>248.52</ele>
        <time>2026-07-12T17:12:11Z</time>
      </trkpt>
      <trkpt lat="33.59025" lon="-117.77586">
        <ele>248.3</ele>
        <time>2026-07-12T17:12:13Z</time>
      </trkpt>
      <trkpt lat="33.59027" lon="-117.77589">
        <ele>248.08</ele>
        <time>2026-07-12T17:12:15Z</time>
      </trkpt>
      <trkpt lat="33.59027" lon="-117.77593">
        <ele>248.09</ele>
        <time>2026-07-12T17:12:17Z</time>
      </trkpt>
      <trkpt lat="33.59027" lon="-117.77596">
        <ele>248.11</ele>
        <time>2026-07-12T17:12:19Z</time>
      </trkpt>
      <trkpt lat="33.59026" lon="-117.776">
        <ele>248.35</ele>
        <time>2026-07-12T17:12:22Z</time>
      </trkpt>
      <trkpt lat="33.59025" lon="-117.77604">
        <ele>248.76</ele>
        <time>2026-07-12T17:12:25Z</time>
      </trkpt>
      <trkpt lat="33.59026" lon="-117.77608">
        <ele>248.92</ele>
        <time>2026-07-12T17:12:28Z</time>
      </trkpt>
      <trkpt lat="33.59026" lon="-117.77612">
        <ele>249.29</ele>
        <time>2026-07-12T17:12:31Z</time>
      </trkpt>
      <trkpt lat="33.59027" lon="-117.77616">
        <ele>249.61</ele>
        <time>2026-07-12T17:12:34Z</time>
      </trkpt>
      <trkpt lat="33.59028" lon="-117.7762">
        <ele>249.94</ele>
        <time>2026-07-12T17:12:37Z</time>
      </trkpt>
      <trkpt lat="33.5903" lon="-117.77623">
        <ele>249.98</ele>
        <time>2026-07-12T17:12:40Z</time>
      </trkpt>
      <trkpt lat="33.59033" lon="-117.77627">
        <ele>249.75</ele>
        <time>2026-07-12T17:12:43Z</time>
      </trkpt>
      <trkpt lat="33.59035" lon="-117.77631">
        <ele>249.62</ele>
        <time>2026-07-12T17:12:46Z</time>
      </trkpt>
      <trkpt lat="33.59038" lon="-117.77634">
        <ele>249.32</ele>
        <time>2026-07-12T17:12:49Z</time>
      </trkpt>
      <trkpt lat="33.5904" lon="-117.77635">
        <ele>249.07</ele>
        <time>2026-07-12T17:12:52Z</time>
      </trkpt>
      <trkpt lat="33.59043" lon="-117.77637">
        <ele>248.64</ele>
        <time>2026-07-12T17:12:55Z</time>
      </trkpt>
      <trkpt lat="33.59046" lon="-117.7764">
        <ele>248.3</ele>
        <time>2026-07-12T17:12:58Z</time>
      </trkpt>
      <trkpt lat="33.59048" lon="-117.77642">
        <ele>248.36</ele>
        <time>2026-07-12T17:13:01Z</time>
      </trkpt>
      <trkpt lat="33.59051" lon="-117.77644">
        <ele>248.04</ele>
        <time>2026-07-12T17:13:04Z</time>
      </trkpt>
      <trkpt lat="33.59054" lon="-117.77645">
        <ele>247.39</ele>
        <time>2026-07-12T17:13:07Z</time>
      </trkpt>
      <trkpt lat="33.59057" lon="-117.77647">
        <ele>246.82</ele>
        <time>2026-07-12T17:13:10Z</time>
      </trkpt>
      <trkpt lat="33.59059" lon="-117.77648">
        <ele>246.62</ele>
        <time>2026-07-12T17:13:13Z</time>
      </trkpt>
      <trkpt lat="33.59062" lon="-117.77649">
        <ele>246.52</ele>
        <time>2026-07-12T17:13:16Z</time>
      </trkpt>
      <trkpt lat="33.59065" lon="-117.77651">
        <ele>246.57</ele>
        <time>2026-07-12T17:13:19Z</time>
      </trkpt>
      <trkpt lat="33.59068" lon="-117.77652">
        <ele>246.0</ele>
        <time>2026-07-12T17:13:22Z</time>
      </trkpt>
      <trkpt lat="33.59071" lon="-117.77653">
        <ele>245.36</ele>
        <time>2026-07-12T17:13:24Z</time>
      </trkpt>
      <trkpt lat="33.59075" lon="-117.77654">
        <ele>244.53</ele>
        <time>2026-07-12T17:13:26Z</time>
      </trkpt>
      <trkpt lat="33.59077" lon="-117.77655">
        <ele>244.42</ele>
        <time>2026-07-12T17:13:28Z</time>
      </trkpt>
      <trkpt lat="33.59081" lon="-117.77656">
        <ele>244.1</ele>
        <time>2026-07-12T17:13:31Z</time>
      </trkpt>
      <trkpt lat="33.59084" lon="-117.77658">
        <ele>244.18</ele>
        <time>2026-07-12T17:13:34Z</time>
      </trkpt>
      <trkpt lat="33.59087" lon="-117.77659">
        <ele>244.31</ele>
        <time>2026-07-12T17:13:37Z</time>
      </trkpt>
      <trkpt lat="33.5909" lon="-117.77661">
        <ele>244.33</ele>
        <time>2026-07-12T17:13:40Z</time>
      </trkpt>
      <trkpt lat="33.59094" lon="-117.77662">
        <ele>243.77</ele>
        <time>2026-07-12T17:13:43Z</time>
      </trkpt>
      <trkpt lat="33.59097" lon="-117.77664">
        <ele>243.19</ele>
        <time>2026-07-12T17:13:46Z</time>
      </trkpt>
      <trkpt lat="33.59101" lon="-117.77665">
        <ele>242.35</ele>
        <time>2026-07-12T17:13:49Z</time>
      </trkpt>
      <trkpt lat="33.59104" lon="-117.77667">
        <ele>241.88</ele>
        <time>2026-07-12T17:13:52Z</time>
      </trkpt>
      <trkpt lat="33.59108" lon="-117.77668">
        <ele>241.77</ele>
        <time>2026-07-12T17:13:55Z</time>
      </trkpt>
      <trkpt lat="33.59111" lon="-117.7767">
        <ele>242.09</ele>
        <time>2026-07-12T17:13:58Z</time>
      </trkpt>
      <trkpt lat="33.59115" lon="-117.77671">
        <ele>241.59</ele>
        <time>2026-07-12T17:14:01Z</time>
      </trkpt>
      <trkpt lat="33.59119" lon="-117.77672">
        <ele>240.89</ele>
        <time>2026-07-12T17:14:04Z</time>
      </trkpt>
      <trkpt lat="33.59122" lon="-117.77671">
        <ele>240.55</ele>
        <time>2026-07-12T17:14:07Z</time>
      </trkpt>
      <trkpt lat="33.59126" lon="-117.7767">
        <ele>240.58</ele>
        <time>2026-07-12T17:14:10Z</time>
      </trkpt>
      <trkpt lat="33.59129" lon="-117.77669">
        <ele>240.49</ele>
        <time>2026-07-12T17:14:13Z</time>
      </trkpt>
      <trkpt lat="33.59132" lon="-117.77667">
        <ele>240.36</ele>
        <time>2026-07-12T17:14:16Z</time>
      </trkpt>
      <trkpt lat="33.59136" lon="-117.77665">
        <ele>240.22</ele>
        <time>2026-07-12T17:14:19Z</time>
      </trkpt>
      <trkpt lat="33.59139" lon="-117.77663">
        <ele>240.24</ele>
        <time>2026-07-12T17:14:22Z</time>
      </trkpt>
      <trkpt lat="33.59142" lon="-117.77661">
        <ele>240.58</ele>
        <time>2026-07-12T17:14:25Z</time>
      </trkpt>
      <trkpt lat="33.59146" lon="-117.7766">
        <ele>241.31</ele>
        <time>2026-07-12T17:14:28Z</time>
      </trkpt>
      <trkpt lat="33.59149" lon="-117.77658">
        <ele>241.28</ele>
        <time>2026-07-12T17:14:31Z</time>
      </trkpt>
      <trkpt lat="33.59152" lon="-117.77657">
        <ele>241.3</ele>
        <time>2026-07-12T17:14:34Z</time>
      </trkpt>
      <trkpt lat="33.59156" lon="-117.77656">
        <ele>241.52</ele>
        <time>2026-07-12T17:14:37Z</time>
      </trkpt>
      <trkpt lat="33.59159" lon="-117.77655">
        <ele>241.48</ele>
        <time>2026-07-12T17:14:40Z</time>
      </trkpt>
      <trkpt lat="33.59163" lon="-117.77653">
        <ele>241.05</ele>
        <time>2026-07-12T17:14:43Z</time>
      </trkpt>
      <trkpt lat="33.59166" lon="-117.77653">
        <ele>241.05</ele>
        <time>2026-07-12T17:14:46Z</time>
      </trkpt>
      <trkpt lat="33.5917" lon="-117.77652">
        <ele>240.83</ele>
        <time>2026-07-12T17:14:49Z</time>
      </trkpt>
      <trkpt lat="33.59173" lon="-117.77651">
        <ele>240.62</ele>
        <time>2026-07-12T17:14:52Z</time>
      </trkpt>
      <trkpt lat="33.59176" lon="-117.7765">
        <ele>240.39</ele>
        <time>2026-07-12T17:14:55Z</time>
      </trkpt>
      <trkpt lat="33.59178" lon="-117.77647">
        <ele>239.56</ele>
        <time>2026-07-12T17:14:59Z</time>
      </trkpt>
      <trkpt lat="33.59179" lon="-117.77644">
        <ele>238.92</ele>
        <time>2026-07-12T17:15:02Z</time>
      </trkpt>
      <trkpt lat="33.59181" lon="-117.7764">
        <ele>238.17</ele>
        <time>2026-07-12T17:15:05Z</time>
      </trkpt>
      <trkpt lat="33.59182" lon="-117.77637">
        <ele>237.73</ele>
        <time>2026-07-12T17:15:08Z</time>
      </trkpt>
      <trkpt lat="33.59184" lon="-117.77633">
        <ele>237.28</ele>
        <time>2026-07-12T17:15:11Z</time>
      </trkpt>
      <trkpt lat="33.59185" lon="-117.7763">
        <ele>237.02</ele>
        <time>2026-07-12T17:15:13Z</time>
      </trkpt>
      <trkpt lat="33.59186" lon="-117.77625">
        <ele>236.13</ele>
        <time>2026-07-12T17:15:16Z</time>
      </trkpt>
      <trkpt lat="33.59188" lon="-117.77621">
        <ele>235.72</ele>
        <time>2026-07-12T17:15:19Z</time>
      </trkpt>
      <trkpt lat="33.59189" lon="-117.77618">
        <ele>235.67</ele>
        <time>2026-07-12T17:15:22Z</time>
      </trkpt>
      <trkpt lat="33.5919" lon="-117.77614">
        <ele>235.71</ele>
        <time>2026-07-12T17:15:25Z</time>
      </trkpt>
      <trkpt lat="33.59192" lon="-117.77611">
        <ele>236.19</ele>
        <time>2026-07-12T17:15:28Z</time>
      </trkpt>
      <trkpt lat="33.59194" lon="-117.77607">
        <ele>235.99</ele>
        <time>2026-07-12T17:15:31Z</time>
      </trkpt>
      <trkpt lat="33.59197" lon="-117.77605">
        <ele>235.49</ele>
        <time>2026-07-12T17:15:34Z</time>
      </trkpt>
      <trkpt lat="33.592" lon="-117.77604">
        <ele>235.19</ele>
        <time>2026-07-12T17:15:37Z</time>
      </trkpt>
      <trkpt lat="33.59203" lon="-117.77602">
        <ele>235.0</ele>
        <time>2026-07-12T17:15:40Z</time>
      </trkpt>
      <trkpt lat="33.59206" lon="-117.77601">
        <ele>234.34</ele>
        <time>2026-07-12T17:15:43Z</time>
      </trkpt>
      <trkpt lat="33.59209" lon="-117.77599">
        <ele>233.42</ele>
        <time>2026-07-12T17:15:46Z</time>
      </trkpt>
      <trkpt lat="33.59212" lon="-117.77597">
        <ele>232.63</ele>
        <time>2026-07-12T17:15:49Z</time>
      </trkpt>
      <trkpt lat="33.59215" lon="-117.77596">
        <ele>232.07</ele>
        <time>2026-07-12T17:15:52Z</time>
      </trkpt>
      <trkpt lat="33.59218" lon="-117.77596">
        <ele>231.62</ele>
        <time>2026-07-12T17:15:55Z</time>
      </trkpt>
      <trkpt lat="33.59222" lon="-117.77595">
        <ele>231.03</ele>
        <time>2026-07-12T17:15:58Z</time>
      </trkpt>
      <trkpt lat="33.59225" lon="-117.77595">
        <ele>230.4</ele>
        <time>2026-07-12T17:16:01Z</time>
      </trkpt>
      <trkpt lat="33.59229" lon="-117.77596">
        <ele>229.54</ele>
        <time>2026-07-12T17:16:04Z</time>
      </trkpt>
      <trkpt lat="33.59232" lon="-117.77598">
        <ele>228.92</ele>
        <time>2026-07-12T17:16:07Z</time>
      </trkpt>
      <trkpt lat="33.59235" lon="-117.776">
        <ele>228.54</ele>
        <time>2026-07-12T17:16:10Z</time>
      </trkpt>
      <trkpt lat="33.59239" lon="-117.77601">
        <ele>228.11</ele>
        <time>2026-07-12T17:16:13Z</time>
      </trkpt>
      <trkpt lat="33.59242" lon="-117.77602">
        <ele>227.9</ele>
        <time>2026-07-12T17:16:16Z</time>
      </trkpt>
      <trkpt lat="33.59246" lon="-117.77602">
        <ele>227.46</ele>
        <time>2026-07-12T17:16:19Z</time>
      </trkpt>
      <trkpt lat="33.5925" lon="-117.77602">
        <ele>227.03</ele>
        <time>2026-07-12T17:16:22Z</time>
      </trkpt>
      <trkpt lat="33.59253" lon="-117.77603">
        <ele>226.6</ele>
        <time>2026-07-12T17:16:25Z</time>
      </trkpt>
      <trkpt lat="33.59257" lon="-117.77603">
        <ele>225.74</ele>
        <time>2026-07-12T17:16:28Z</time>
      </trkpt>
      <trkpt lat="33.5926" lon="-117.77604">
        <ele>225.29</ele>
        <time>2026-07-12T17:16:31Z</time>
      </trkpt>
      <trkpt lat="33.59263" lon="-117.77606">
        <ele>224.91</ele>
        <time>2026-07-12T17:16:34Z</time>
      </trkpt>
      <trkpt lat="33.59267" lon="-117.77608">
        <ele>224.1</ele>
        <time>2026-07-12T17:16:37Z</time>
      </trkpt>
      <trkpt lat="33.5927" lon="-117.77609">
        <ele>223.5</ele>
        <time>2026-07-12T17:16:40Z</time>
      </trkpt>
      <trkpt lat="33.59274" lon="-117.7761">
        <ele>223.07</ele>
        <time>2026-07-12T17:16:43Z</time>
      </trkpt>
      <trkpt lat="33.59278" lon="-117.77608">
        <ele>221.66</ele>
        <time>2026-07-12T17:16:46Z</time>
      </trkpt>
      <trkpt lat="33.5928" lon="-117.77606">
        <ele>220.92</ele>
        <time>2026-07-12T17:16:48Z</time>
      </trkpt>
      <trkpt lat="33.59283" lon="-117.77605">
        <ele>220.73</ele>
        <time>2026-07-12T17:16:51Z</time>
      </trkpt>
      <trkpt lat="33.59286" lon="-117.77604">
        <ele>220.61</ele>
        <time>2026-07-12T17:16:54Z</time>
      </trkpt>
      <trkpt lat="33.59289" lon="-117.77602">
        <ele>219.84</ele>
        <time>2026-07-12T17:16:57Z</time>
      </trkpt>
      <trkpt lat="33.59292" lon="-117.77601">
        <ele>219.15</ele>
        <time>2026-07-12T17:17:00Z</time>
      </trkpt>
      <trkpt lat="33.59295" lon="-117.77599">
        <ele>218.17</ele>
        <time>2026-07-12T17:17:03Z</time>
      </trkpt>
      <trkpt lat="33.59298" lon="-117.77598">
        <ele>217.57</ele>
        <time>2026-07-12T17:17:06Z</time>
      </trkpt>
      <trkpt lat="33.59301" lon="-117.77596">
        <ele>216.6</ele>
        <time>2026-07-12T17:17:09Z</time>
      </trkpt>
      <trkpt lat="33.59305" lon="-117.77595">
        <ele>215.84</ele>
        <time>2026-07-12T17:17:12Z</time>
      </trkpt>
      <trkpt lat="33.59308" lon="-117.77594">
        <ele>215.46</ele>
        <time>2026-07-12T17:17:15Z</time>
      </trkpt>
      <trkpt lat="33.59311" lon="-117.77593">
        <ele>215.13</ele>
        <time>2026-07-12T17:17:18Z</time>
      </trkpt>
      <trkpt lat="33.59313" lon="-117.77592">
        <ele>214.81</ele>
        <time>2026-07-12T17:17:22Z</time>
      </trkpt>
      <trkpt lat="33.59316" lon="-117.77591">
        <ele>214.36</ele>
        <time>2026-07-12T17:17:26Z</time>
      </trkpt>
      <trkpt lat="33.59319" lon="-117.77589">
        <ele>213.38</ele>
        <time>2026-07-12T17:17:30Z</time>
      </trkpt>
      <trkpt lat="33.59322" lon="-117.77589">
        <ele>213.06</ele>
        <time>2026-07-12T17:17:33Z</time>
      </trkpt>
      <trkpt lat="33.59325" lon="-117.77588">
        <ele>212.41</ele>
        <time>2026-07-12T17:17:36Z</time>
      </trkpt>
      <trkpt lat="33.59329" lon="-117.77587">
        <ele>211.77</ele>
        <time>2026-07-12T17:17:39Z</time>
      </trkpt>
      <trkpt lat="33.59332" lon="-117.77587">
        <ele>211.51</ele>
        <time>2026-07-12T17:17:42Z</time>
      </trkpt>
      <trkpt lat="33.59335" lon="-117.77586">
        <ele>211.11</ele>
        <time>2026-07-12T17:17:45Z</time>
      </trkpt>
      <trkpt lat="33.59339" lon="-117.77585">
        <ele>210.57</ele>
        <time>2026-07-12T17:17:48Z</time>
      </trkpt>
      <trkpt lat="33.59342" lon="-117.77585">
        <ele>210.24</ele>
        <time>2026-07-12T17:17:51Z</time>
      </trkpt>
      <trkpt lat="33.59346" lon="-117.77585">
        <ele>209.81</ele>
        <time>2026-07-12T17:17:54Z</time>
      </trkpt>
      <trkpt lat="33.59349" lon="-117.77584">
        <ele>209.38</ele>
        <time>2026-07-12T17:17:57Z</time>
      </trkpt>
      <trkpt lat="33.59352" lon="-117.77584">
        <ele>209.06</ele>
        <time>2026-07-12T17:18:00Z</time>
      </trkpt>
      <trkpt lat="33.59355" lon="-117.77584">
        <ele>208.73</ele>
        <time>2026-07-12T17:18:03Z</time>
      </trkpt>
      <trkpt lat="33.59358" lon="-117.77583">
        <ele>208.26</ele>
        <time>2026-07-12T17:18:06Z</time>
      </trkpt>
      <trkpt lat="33.59361" lon="-117.77583">
        <ele>207.94</ele>
        <time>2026-07-12T17:18:09Z</time>
      </trkpt>
      <trkpt lat="33.59364" lon="-117.77582">
        <ele>207.18</ele>
        <time>2026-07-12T17:18:12Z</time>
      </trkpt>
      <trkpt lat="33.59368" lon="-117.77582">
        <ele>206.44</ele>
        <time>2026-07-12T17:18:15Z</time>
      </trkpt>
      <trkpt lat="33.59371" lon="-117.77581">
        <ele>205.93</ele>
        <time>2026-07-12T17:18:18Z</time>
      </trkpt>
      <trkpt lat="33.59374" lon="-117.7758">
        <ele>205.61</ele>
        <time>2026-07-12T17:18:21Z</time>
      </trkpt>
      <trkpt lat="33.59377" lon="-117.77578">
        <ele>205.28</ele>
        <time>2026-07-12T17:18:24Z</time>
      </trkpt>
      <trkpt lat="33.5938" lon="-117.77575">
        <ele>204.89</ele>
        <time>2026-07-12T17:18:27Z</time>
      </trkpt>
      <trkpt lat="33.59383" lon="-117.77573">
        <ele>203.76</ele>
        <time>2026-07-12T17:18:30Z</time>
      </trkpt>
      <trkpt lat="33.59386" lon="-117.77571">
        <ele>202.73</ele>
        <time>2026-07-12T17:18:33Z</time>
      </trkpt>
      <trkpt lat="33.59389" lon="-117.7757">
        <ele>201.99</ele>
        <time>2026-07-12T17:18:36Z</time>
      </trkpt>
      <trkpt lat="33.59392" lon="-117.77568">
        <ele>201.78</ele>
        <time>2026-07-12T17:18:39Z</time>
      </trkpt>
      <trkpt lat="33.59395" lon="-117.77566">
        <ele>201.42</ele>
        <time>2026-07-12T17:18:42Z</time>
      </trkpt>
      <trkpt lat="33.59398" lon="-117.77564">
        <ele>200.93</ele>
        <time>2026-07-12T17:18:45Z</time>
      </trkpt>
      <trkpt lat="33.59401" lon="-117.77563">
        <ele>200.56</ele>
        <time>2026-07-12T17:18:48Z</time>
      </trkpt>
      <trkpt lat="33.59404" lon="-117.77564">
        <ele>200.34</ele>
        <time>2026-07-12T17:18:51Z</time>
      </trkpt>
      <trkpt lat="33.59407" lon="-117.77564">
        <ele>200.04</ele>
        <time>2026-07-12T17:18:54Z</time>
      </trkpt>
      <trkpt lat="33.59411" lon="-117.77566">
        <ele>199.12</ele>
        <time>2026-07-12T17:18:57Z</time>
      </trkpt>
      <trkpt lat="33.59413" lon="-117.77567">
        <ele>198.51</ele>
        <time>2026-07-12T17:19:00Z</time>
      </trkpt>
      <trkpt lat="33.59416" lon="-117.77568">
        <ele>197.51</ele>
        <time>2026-07-12T17:19:03Z</time>
      </trkpt>
      <trkpt lat="33.59416" lon="-117.77572">
        <ele>196.7</ele>
        <time>2026-07-12T17:19:06Z</time>
      </trkpt>
      <trkpt lat="33.59417" lon="-117.77576">
        <ele>195.92</ele>
        <time>2026-07-12T17:19:09Z</time>
      </trkpt>
      <trkpt lat="33.59418" lon="-117.7758">
        <ele>195.62</ele>
        <time>2026-07-12T17:19:12Z</time>
      </trkpt>
      <trkpt lat="33.59419" lon="-117.77584">
        <ele>195.17</ele>
        <time>2026-07-12T17:19:15Z</time>
      </trkpt>
      <trkpt lat="33.5942" lon="-117.77587">
        <ele>194.52</ele>
        <time>2026-07-12T17:19:18Z</time>
      </trkpt>
      <trkpt lat="33.59421" lon="-117.7759">
        <ele>193.88</ele>
        <time>2026-07-12T17:19:21Z</time>
      </trkpt>
      <trkpt lat="33.59422" lon="-117.77594">
        <ele>193.12</ele>
        <time>2026-07-12T17:19:24Z</time>
      </trkpt>
      <trkpt lat="33.59421" lon="-117.77597">
        <ele>193.12</ele>
        <time>2026-07-12T17:19:27Z</time>
      </trkpt>
      <trkpt lat="33.59421" lon="-117.77601">
        <ele>192.69</ele>
        <time>2026-07-12T17:19:30Z</time>
      </trkpt>
      <trkpt lat="33.5942" lon="-117.77605">
        <ele>192.8</ele>
        <time>2026-07-12T17:19:33Z</time>
      </trkpt>
      <trkpt lat="33.5942" lon="-117.77609">
        <ele>192.64</ele>
        <time>2026-07-12T17:19:36Z</time>
      </trkpt>
      <trkpt lat="33.59419" lon="-117.77614">
        <ele>192.29</ele>
        <time>2026-07-12T17:19:39Z</time>
      </trkpt>
      <trkpt lat="33.59418" lon="-117.77618">
        <ele>191.83</ele>
        <time>2026-07-12T17:19:42Z</time>
      </trkpt>
      <trkpt lat="33.59417" lon="-117.77623">
        <ele>191.26</ele>
        <time>2026-07-12T17:19:45Z</time>
      </trkpt>
      <trkpt lat="33.59417" lon="-117.77627">
        <ele>190.41</ele>
        <time>2026-07-12T17:19:48Z</time>
      </trkpt>
      <trkpt lat="33.59416" lon="-117.77631">
        <ele>190.34</ele>
        <time>2026-07-12T17:19:51Z</time>
      </trkpt>
      <trkpt lat="33.59415" lon="-117.77635">
        <ele>190.69</ele>
        <time>2026-07-12T17:19:54Z</time>
      </trkpt>
      <trkpt lat="33.59414" lon="-117.77639">
        <ele>190.85</ele>
        <time>2026-07-12T17:19:57Z</time>
      </trkpt>
      <trkpt lat="33.59414" lon="-117.77643">
        <ele>190.42</ele>
        <time>2026-07-12T17:20:00Z</time>
      </trkpt>
      <trkpt lat="33.59413" lon="-117.77647">
        <ele>190.31</ele>
        <time>2026-07-12T17:20:03Z</time>
      </trkpt>
      <trkpt lat="33.59412" lon="-117.77651">
        <ele>189.74</ele>
        <time>2026-07-12T17:20:06Z</time>
      </trkpt>
      <trkpt lat="33.59411" lon="-117.77655">
        <ele>189.07</ele>
        <time>2026-07-12T17:20:09Z</time>
      </trkpt>
      <trkpt lat="33.5941" lon="-117.77659">
        <ele>188.66</ele>
        <time>2026-07-12T17:20:12Z</time>
      </trkpt>
      <trkpt lat="33.59409" lon="-117.77664">
        <ele>188.48</ele>
        <time>2026-07-12T17:20:15Z</time>
      </trkpt>
      <trkpt lat="33.59408" lon="-117.77668">
        <ele>188.81</ele>
        <time>2026-07-12T17:20:18Z</time>
      </trkpt>
      <trkpt lat="33.59407" lon="-117.77672">
        <ele>189.78</ele>
        <time>2026-07-12T17:20:21Z</time>
      </trkpt>
      <trkpt lat="33.59406" lon="-117.77676">
        <ele>190.76</ele>
        <time>2026-07-12T17:20:24Z</time>
      </trkpt>
      <trkpt lat="33.59405" lon="-117.77679">
        <ele>191.3</ele>
        <time>2026-07-12T17:20:27Z</time>
      </trkpt>
      <trkpt lat="33.59404" lon="-117.77682">
        <ele>191.84</ele>
        <time>2026-07-12T17:20:30Z</time>
      </trkpt>
      <trkpt lat="33.59403" lon="-117.77686">
        <ele>192.38</ele>
        <time>2026-07-12T17:20:33Z</time>
      </trkpt>
      <trkpt lat="33.59402" lon="-117.77689">
        <ele>192.85</ele>
        <time>2026-07-12T17:20:36Z</time>
      </trkpt>
      <trkpt lat="33.59406" lon="-117.7769">
        <ele>191.12</ele>
        <time>2026-07-12T17:20:44Z</time>
      </trkpt>
      <trkpt lat="33.59409" lon="-117.77689">
        <ele>190.34</ele>
        <time>2026-07-12T17:20:47Z</time>
      </trkpt>
      <trkpt lat="33.59413" lon="-117.77689">
        <ele>190.16</ele>
        <time>2026-07-12T17:20:50Z</time>
      </trkpt>
      <trkpt lat="33.59416" lon="-117.77687">
        <ele>190.01</ele>
        <time>2026-07-12T17:20:53Z</time>
      </trkpt>
      <trkpt lat="33.59419" lon="-117.77686">
        <ele>189.77</ele>
        <time>2026-07-12T17:20:56Z</time>
      </trkpt>
      <trkpt lat="33.59422" lon="-117.77685">
        <ele>189.33</ele>
        <time>2026-07-12T17:20:59Z</time>
      </trkpt>
      <trkpt lat="33.59424" lon="-117.77684">
        <ele>188.64</ele>
        <time>2026-07-12T17:21:02Z</time>
      </trkpt>
      <trkpt lat="33.59428" lon="-117.77684">
        <ele>188.38</ele>
        <time>2026-07-12T17:21:05Z</time>
      </trkpt>
      <trkpt lat="33.5943" lon="-117.77683">
        <ele>188.03</ele>
        <time>2026-07-12T17:21:08Z</time>
      </trkpt>
      <trkpt lat="33.59433" lon="-117.77681">
        <ele>187.81</ele>
        <time>2026-07-12T17:21:11Z</time>
      </trkpt>
      <trkpt lat="33.59436" lon="-117.7768">
        <ele>187.95</ele>
        <time>2026-07-12T17:21:14Z</time>
      </trkpt>
      <trkpt lat="33.59439" lon="-117.77679">
        <ele>187.72</ele>
        <time>2026-07-12T17:21:17Z</time>
      </trkpt>
      <trkpt lat="33.59442" lon="-117.77679">
        <ele>187.51</ele>
        <time>2026-07-12T17:21:20Z</time>
      </trkpt>
      <trkpt lat="33.59445" lon="-117.77678">
        <ele>187.06</ele>
        <time>2026-07-12T17:21:23Z</time>
      </trkpt>
      <trkpt lat="33.59448" lon="-117.77677">
        <ele>186.01</ele>
        <time>2026-07-12T17:21:27Z</time>
      </trkpt>
      <trkpt lat="33.59452" lon="-117.77677">
        <ele>184.76</ele>
        <time>2026-07-12T17:21:31Z</time>
      </trkpt>
      <trkpt lat="33.59455" lon="-117.77676">
        <ele>183.74</ele>
        <time>2026-07-12T17:21:35Z</time>
      </trkpt>
      <trkpt lat="33.59458" lon="-117.77676">
        <ele>183.09</ele>
        <time>2026-07-12T17:21:39Z</time>
      </trkpt>
      <trkpt lat="33.59461" lon="-117.77675">
        <ele>182.25</ele>
        <time>2026-07-12T17:21:43Z</time>
      </trkpt>
      <trkpt lat="33.59464" lon="-117.77674">
        <ele>181.47</ele>
        <time>2026-07-12T17:21:47Z</time>
      </trkpt>
      <trkpt lat="33.59467" lon="-117.77671">
        <ele>180.5</ele>
        <time>2026-07-12T17:21:51Z</time>
      </trkpt>
      <trkpt lat="33.59469" lon="-117.77668">
        <ele>179.64</ele>
        <time>2026-07-12T17:21:53Z</time>
      </trkpt>
      <trkpt lat="33.5947" lon="-117.77665">
        <ele>178.92</ele>
        <time>2026-07-12T17:21:55Z</time>
      </trkpt>
      <trkpt lat="33.59472" lon="-117.77662">
        <ele>178.03</ele>
        <time>2026-07-12T17:21:58Z</time>
      </trkpt>
      <trkpt lat="33.59473" lon="-117.77659">
        <ele>177.43</ele>
        <time>2026-07-12T17:22:01Z</time>
      </trkpt>
      <trkpt lat="33.59471" lon="-117.77656">
        <ele>177.07</ele>
        <time>2026-07-12T17:22:04Z</time>
      </trkpt>
      <trkpt lat="33.59471" lon="-117.77652">
        <ele>176.53</ele>
        <time>2026-07-12T17:22:10Z</time>
      </trkpt>
      <trkpt lat="33.5947" lon="-117.77649">
        <ele>176.14</ele>
        <time>2026-07-12T17:22:14Z</time>
      </trkpt>
      <trkpt lat="33.59471" lon="-117.77645">
        <ele>176.04</ele>
        <time>2026-07-12T17:22:18Z</time>
      </trkpt>
      <trkpt lat="33.59472" lon="-117.77642">
        <ele>176.02</ele>
        <time>2026-07-12T17:22:21Z</time>
      </trkpt>
      <trkpt lat="33.59472" lon="-117.77638">
        <ele>176.12</ele>
        <time>2026-07-12T17:22:24Z</time>
      </trkpt>
      <trkpt lat="33.59473" lon="-117.77634">
        <ele>176.36</ele>
        <time>2026-07-12T17:22:27Z</time>
      </trkpt>
      <trkpt lat="33.59474" lon="-117.77629">
        <ele>176.62</ele>
        <time>2026-07-12T17:22:30Z</time>
      </trkpt>
      <trkpt lat="33.59475" lon="-117.77626">
        <ele>176.4</ele>
        <time>2026-07-12T17:22:32Z</time>
      </trkpt>
      <trkpt lat="33.59476" lon="-117.77622">
        <ele>176.18</ele>
        <time>2026-07-12T17:22:34Z</time>
      </trkpt>
      <trkpt lat="33.59477" lon="-117.77616">
        <ele>175.74</ele>
        <time>2026-07-12T17:22:36Z</time>
      </trkpt>
      <trkpt lat="33.59477" lon="-117.77612">
        <ele>175.53</ele>
        <time>2026-07-12T17:22:38Z</time>
      </trkpt>
      <trkpt lat="33.59478" lon="-117.77608">
        <ele>175.38</ele>
        <time>2026-07-12T17:22:40Z</time>
      </trkpt>
      <trkpt lat="33.59479" lon="-117.77604">
        <ele>175.27</ele>
        <time>2026-07-12T17:22:43Z</time>
      </trkpt>
      <trkpt lat="33.59479" lon="-117.776">
        <ele>175.07</ele>
        <time>2026-07-12T17:22:46Z</time>
      </trkpt>
      <trkpt lat="33.5948" lon="-117.77596">
        <ele>174.53</ele>
        <time>2026-07-12T17:22:49Z</time>
      </trkpt>
      <trkpt lat="33.59481" lon="-117.77592">
        <ele>173.99</ele>
        <time>2026-07-12T17:22:52Z</time>
      </trkpt>
      <trkpt lat="33.59482" lon="-117.77589">
        <ele>173.52</ele>
        <time>2026-07-12T17:22:56Z</time>
      </trkpt>
      <trkpt lat="33.59483" lon="-117.77585">
        <ele>172.99</ele>
        <time>2026-07-12T17:23:00Z</time>
      </trkpt>
      <trkpt lat="33.59484" lon="-117.77582">
        <ele>172.62</ele>
        <time>2026-07-12T17:23:04Z</time>
      </trkpt>
      <trkpt lat="33.59487" lon="-117.77583">
        <ele>172.39</ele>
        <time>2026-07-12T17:23:14Z</time>
      </trkpt>
      <trkpt lat="33.59489" lon="-117.77585">
        <ele>172.22</ele>
        <time>2026-07-12T17:23:27Z</time>
      </trkpt>
      <trkpt lat="33.59485" lon="-117.77579">
        <ele>172.33</ele>
        <time>2026-07-12T17:30:01Z</time>
      </trkpt>
      <trkpt lat="33.59479" lon="-117.77573">
        <ele>172.27</ele>
        <time>2026-07-12T17:30:04Z</time>
      </trkpt>
      <trkpt lat="33.59474" lon="-117.77569">
        <ele>172.81</ele>
        <time>2026-07-12T17:30:07Z</time>
      </trkpt>
      <trkpt lat="33.59469" lon="-117.77566">
        <ele>173.13</ele>
        <time>2026-07-12T17:30:12Z</time>
      </trkpt>
      <trkpt lat="33.59465" lon="-117.77563">
        <ele>172.91</ele>
        <time>2026-07-12T17:30:17Z</time>
      </trkpt>
      <trkpt lat="33.59461" lon="-117.77561">
        <ele>173.67</ele>
        <time>2026-07-12T17:30:22Z</time>
      </trkpt>
      <trkpt lat="33.59457" lon="-117.77559">
        <ele>174.77</ele>
        <time>2026-07-12T17:30:26Z</time>
      </trkpt>
      <trkpt lat="33.59454" lon="-117.77558">
        <ele>175.45</ele>
        <time>2026-07-12T17:30:30Z</time>
      </trkpt>
      <trkpt lat="33.5945" lon="-117.77556">
        <ele>176.72</ele>
        <time>2026-07-12T17:30:34Z</time>
      </trkpt>
      <trkpt lat="33.59447" lon="-117.77554">
        <ele>177.15</ele>
        <time>2026-07-12T17:30:38Z</time>
      </trkpt>
      <trkpt lat="33.59445" lon="-117.77551">
        <ele>176.36</ele>
        <time>2026-07-12T17:30:42Z</time>
      </trkpt>
      <trkpt lat="33.59442" lon="-117.77548">
        <ele>176.67</ele>
        <time>2026-07-12T17:30:46Z</time>
      </trkpt>
      <trkpt lat="33.59439" lon="-117.77545">
        <ele>177.59</ele>
        <time>2026-07-12T17:30:49Z</time>
      </trkpt>
      <trkpt lat="33.59438" lon="-117.7754">
        <ele>176.09</ele>
        <time>2026-07-12T17:30:52Z</time>
      </trkpt>
      <trkpt lat="33.59436" lon="-117.77535">
        <ele>174.77</ele>
        <time>2026-07-12T17:30:54Z</time>
      </trkpt>
      <trkpt lat="33.59435" lon="-117.77532">
        <ele>173.99</ele>
        <time>2026-07-12T17:30:56Z</time>
      </trkpt>
      <trkpt lat="33.59433" lon="-117.77529">
        <ele>174.59</ele>
        <time>2026-07-12T17:30:59Z</time>
      </trkpt>
      <trkpt lat="33.59431" lon="-117.77525">
        <ele>175.63</ele>
        <time>2026-07-12T17:31:02Z</time>
      </trkpt>
      <trkpt lat="33.5943" lon="-117.77522">
        <ele>176.07</ele>
        <time>2026-07-12T17:31:05Z</time>
      </trkpt>
      <trkpt lat="33.59431" lon="-117.77518">
        <ele>174.54</ele>
        <time>2026-07-12T17:31:08Z</time>
      </trkpt>
      <trkpt lat="33.59432" lon="-117.77514">
        <ele>173.25</ele>
        <time>2026-07-12T17:31:11Z</time>
      </trkpt>
      <trkpt lat="33.59432" lon="-117.7751">
        <ele>172.8</ele>
        <time>2026-07-12T17:31:14Z</time>
      </trkpt>
      <trkpt lat="33.59433" lon="-117.77506">
        <ele>171.74</ele>
        <time>2026-07-12T17:31:17Z</time>
      </trkpt>
      <trkpt lat="33.59433" lon="-117.77501">
        <ele>171.08</ele>
        <time>2026-07-12T17:31:20Z</time>
      </trkpt>
      <trkpt lat="33.59433" lon="-117.77497">
        <ele>170.79</ele>
        <time>2026-07-12T17:31:23Z</time>
      </trkpt>
      <trkpt lat="33.59433" lon="-117.77493">
        <ele>170.59</ele>
        <time>2026-07-12T17:31:26Z</time>
      </trkpt>
      <trkpt lat="33.59432" lon="-117.77489">
        <ele>170.44</ele>
        <time>2026-07-12T17:31:29Z</time>
      </trkpt>
      <trkpt lat="33.59431" lon="-117.77485">
        <ele>170.0</ele>
        <time>2026-07-12T17:31:32Z</time>
      </trkpt>
      <trkpt lat="33.5943" lon="-117.77481">
        <ele>169.51</ele>
        <time>2026-07-12T17:31:35Z</time>
      </trkpt>
      <trkpt lat="33.59428" lon="-117.77477">
        <ele>169.29</ele>
        <time>2026-07-12T17:31:38Z</time>
      </trkpt>
      <trkpt lat="33.59427" lon="-117.77473">
        <ele>168.97</ele>
        <time>2026-07-12T17:31:41Z</time>
      </trkpt>
      <trkpt lat="33.59425" lon="-117.7747">
        <ele>169.02</ele>
        <time>2026-07-12T17:31:44Z</time>
      </trkpt>
      <trkpt lat="33.59424" lon="-117.77466">
        <ele>168.7</ele>
        <time>2026-07-12T17:31:47Z</time>
      </trkpt>
      <trkpt lat="33.59422" lon="-117.77463">
        <ele>169.13</ele>
        <time>2026-07-12T17:31:50Z</time>
      </trkpt>
      <trkpt lat="33.59421" lon="-117.77459">
        <ele>169.18</ele>
        <time>2026-07-12T17:31:53Z</time>
      </trkpt>
      <trkpt lat="33.59419" lon="-117.77456">
        <ele>169.24</ele>
        <time>2026-07-12T17:31:56Z</time>
      </trkpt>
      <trkpt lat="33.59418" lon="-117.77452">
        <ele>168.7</ele>
        <time>2026-07-12T17:31:59Z</time>
      </trkpt>
      <trkpt lat="33.59416" lon="-117.77448">
        <ele>168.56</ele>
        <time>2026-07-12T17:32:02Z</time>
      </trkpt>
      <trkpt lat="33.59414" lon="-117.77444">
        <ele>168.48</ele>
        <time>2026-07-12T17:32:05Z</time>
      </trkpt>
      <trkpt lat="33.59412" lon="-117.77441">
        <ele>168.26</ele>
        <time>2026-07-12T17:32:08Z</time>
      </trkpt>
      <trkpt lat="33.59411" lon="-117.77437">
        <ele>167.62</ele>
        <time>2026-07-12T17:32:11Z</time>
      </trkpt>
      <trkpt lat="33.59409" lon="-117.77433">
        <ele>167.7</ele>
        <time>2026-07-12T17:32:14Z</time>
      </trkpt>
      <trkpt lat="33.59407" lon="-117.77429">
        <ele>168.04</ele>
        <time>2026-07-12T17:32:17Z</time>
      </trkpt>
      <trkpt lat="33.59405" lon="-117.77426">
        <ele>168.26</ele>
        <time>2026-07-12T17:32:20Z</time>
      </trkpt>
      <trkpt lat="33.59403" lon="-117.77422">
        <ele>168.05</ele>
        <time>2026-07-12T17:32:23Z</time>
      </trkpt>
      <trkpt lat="33.59402" lon="-117.77418">
        <ele>167.73</ele>
        <time>2026-07-12T17:32:26Z</time>
      </trkpt>
      <trkpt lat="33.594" lon="-117.77415">
        <ele>167.58</ele>
        <time>2026-07-12T17:32:29Z</time>
      </trkpt>
      <trkpt lat="33.59399" lon="-117.77412">
        <ele>167.36</ele>
        <time>2026-07-12T17:32:32Z</time>
      </trkpt>
      <trkpt lat="33.59396" lon="-117.77409">
        <ele>167.64</ele>
        <time>2026-07-12T17:32:39Z</time>
      </trkpt>
      <trkpt lat="33.59394" lon="-117.77406">
        <ele>167.83</ele>
        <time>2026-07-12T17:32:44Z</time>
      </trkpt>
      <trkpt lat="33.59393" lon="-117.77402">
        <ele>167.79</ele>
        <time>2026-07-12T17:32:47Z</time>
      </trkpt>
      <trkpt lat="33.59391" lon="-117.77399">
        <ele>167.84</ele>
        <time>2026-07-12T17:32:50Z</time>
      </trkpt>
      <trkpt lat="33.5939" lon="-117.77396">
        <ele>167.65</ele>
        <time>2026-07-12T17:32:53Z</time>
      </trkpt>
      <trkpt lat="33.59388" lon="-117.77392">
        <ele>167.53</ele>
        <time>2026-07-12T17:32:56Z</time>
      </trkpt>
      <trkpt lat="33.59387" lon="-117.77388">
        <ele>167.24</ele>
        <time>2026-07-12T17:32:59Z</time>
      </trkpt>
      <trkpt lat="33.59385" lon="-117.77385">
        <ele>167.18</ele>
        <time>2026-07-12T17:33:02Z</time>
      </trkpt>
      <trkpt lat="33.59384" lon="-117.77381">
        <ele>166.8</ele>
        <time>2026-07-12T17:33:05Z</time>
      </trkpt>
      <trkpt lat="33.59382" lon="-117.77377">
        <ele>167.02</ele>
        <time>2026-07-12T17:33:08Z</time>
      </trkpt>
      <trkpt lat="33.59381" lon="-117.77373">
        <ele>166.95</ele>
        <time>2026-07-12T17:33:11Z</time>
      </trkpt>
      <trkpt lat="33.59379" lon="-117.77369">
        <ele>166.98</ele>
        <time>2026-07-12T17:33:14Z</time>
      </trkpt>
      <trkpt lat="33.59378" lon="-117.77366">
        <ele>166.8</ele>
        <time>2026-07-12T17:33:17Z</time>
      </trkpt>
      <trkpt lat="33.59376" lon="-117.77362">
        <ele>166.53</ele>
        <time>2026-07-12T17:33:20Z</time>
      </trkpt>
      <trkpt lat="33.59375" lon="-117.77358">
        <ele>166.5</ele>
        <time>2026-07-12T17:33:23Z</time>
      </trkpt>
      <trkpt lat="33.59373" lon="-117.77354">
        <ele>166.72</ele>
        <time>2026-07-12T17:33:26Z</time>
      </trkpt>
      <trkpt lat="33.59372" lon="-117.7735">
        <ele>166.99</ele>
        <time>2026-07-12T17:33:29Z</time>
      </trkpt>
      <trkpt lat="33.59371" lon="-117.77346">
        <ele>167.52</ele>
        <time>2026-07-12T17:33:31Z</time>
      </trkpt>
      <trkpt lat="33.5937" lon="-117.77342">
        <ele>168.22</ele>
        <time>2026-07-12T17:33:33Z</time>
      </trkpt>
      <trkpt lat="33.59369" lon="-117.77338">
        <ele>169.09</ele>
        <time>2026-07-12T17:33:35Z</time>
      </trkpt>
      <trkpt lat="33.59368" lon="-117.77334">
        <ele>169.95</ele>
        <time>2026-07-12T17:33:38Z</time>
      </trkpt>
      <trkpt lat="33.5937" lon="-117.77329">
        <ele>169.14</ele>
        <time>2026-07-12T17:33:41Z</time>
      </trkpt>
      <trkpt lat="33.59373" lon="-117.77326">
        <ele>168.03</ele>
        <time>2026-07-12T17:33:43Z</time>
      </trkpt>
      <trkpt lat="33.59374" lon="-117.77323">
        <ele>167.75</ele>
        <time>2026-07-12T17:33:45Z</time>
      </trkpt>
      <trkpt lat="33.59376" lon="-117.77319">
        <ele>166.96</ele>
        <time>2026-07-12T17:33:48Z</time>
      </trkpt>
      <trkpt lat="33.59377" lon="-117.77315">
        <ele>166.57</ele>
        <time>2026-07-12T17:33:51Z</time>
      </trkpt>
      <trkpt lat="33.59375" lon="-117.77312">
        <ele>166.54</ele>
        <time>2026-07-12T17:33:54Z</time>
      </trkpt>
      <trkpt lat="33.59373" lon="-117.77309">
        <ele>166.35</ele>
        <time>2026-07-12T17:33:56Z</time>
      </trkpt>
      <trkpt lat="33.5937" lon="-117.77307">
        <ele>166.43</ele>
        <time>2026-07-12T17:33:58Z</time>
      </trkpt>
      <trkpt lat="33.59368" lon="-117.77305">
        <ele>166.68</ele>
        <time>2026-07-12T17:34:00Z</time>
      </trkpt>
      <trkpt lat="33.59365" lon="-117.77302">
        <ele>166.91</ele>
        <time>2026-07-12T17:34:03Z</time>
      </trkpt>
      <trkpt lat="33.59363" lon="-117.77299">
        <ele>166.55</ele>
        <time>2026-07-12T17:34:06Z</time>
      </trkpt>
      <trkpt lat="33.5936" lon="-117.77295">
        <ele>166.2</ele>
        <time>2026-07-12T17:34:10Z</time>
      </trkpt>
      <trkpt lat="33.59358" lon="-117.77292">
        <ele>166.39</ele>
        <time>2026-07-12T17:34:13Z</time>
      </trkpt>
      <trkpt lat="33.59357" lon="-117.77289">
        <ele>166.19</ele>
        <time>2026-07-12T17:34:16Z</time>
      </trkpt>
      <trkpt lat="33.59355" lon="-117.77286">
        <ele>166.06</ele>
        <time>2026-07-12T17:34:19Z</time>
      </trkpt>
      <trkpt lat="33.59353" lon="-117.77283">
        <ele>165.55</ele>
        <time>2026-07-12T17:34:22Z</time>
      </trkpt>
      <trkpt lat="33.5935" lon="-117.7728">
        <ele>165.22</ele>
        <time>2026-07-12T17:34:25Z</time>
      </trkpt>
      <trkpt lat="33.59348" lon="-117.77277">
        <ele>165.0</ele>
        <time>2026-07-12T17:34:28Z</time>
      </trkpt>
      <trkpt lat="33.59345" lon="-117.77274">
        <ele>165.0</ele>
        <time>2026-07-12T17:34:31Z</time>
      </trkpt>
      <trkpt lat="33.59343" lon="-117.77271">
        <ele>164.67</ele>
        <time>2026-07-12T17:34:34Z</time>
      </trkpt>
      <trkpt lat="33.59341" lon="-117.77268">
        <ele>164.12</ele>
        <time>2026-07-12T17:34:37Z</time>
      </trkpt>
      <trkpt lat="33.59337" lon="-117.77265">
        <ele>163.69</ele>
        <time>2026-07-12T17:34:40Z</time>
      </trkpt>
      <trkpt lat="33.59334" lon="-117.77263">
        <ele>163.47</ele>
        <time>2026-07-12T17:34:43Z</time>
      </trkpt>
      <trkpt lat="33.59331" lon="-117.77263">
        <ele>164.62</ele>
        <time>2026-07-12T17:34:46Z</time>
      </trkpt>
      <trkpt lat="33.59327" lon="-117.77263">
        <ele>166.35</ele>
        <time>2026-07-12T17:34:50Z</time>
      </trkpt>
      <trkpt lat="33.59324" lon="-117.77258">
        <ele>165.64</ele>
        <time>2026-07-12T17:34:53Z</time>
      </trkpt>
      <trkpt lat="33.59322" lon="-117.77255">
        <ele>165.76</ele>
        <time>2026-07-12T17:34:55Z</time>
      </trkpt>
      <trkpt lat="33.5932" lon="-117.77251">
        <ele>165.18</ele>
        <time>2026-07-12T17:34:58Z</time>
      </trkpt>
      <trkpt lat="33.59317" lon="-117.77249">
        <ele>165.51</ele>
        <time>2026-07-12T17:35:01Z</time>
      </trkpt>
      <trkpt lat="33.59314" lon="-117.77246">
        <ele>164.94</ele>
        <time>2026-07-12T17:35:05Z</time>
      </trkpt>
      <trkpt lat="33.59311" lon="-117.77243">
        <ele>164.94</ele>
        <time>2026-07-12T17:35:08Z</time>
      </trkpt>
      <trkpt lat="33.59308" lon="-117.77239">
        <ele>164.67</ele>
        <time>2026-07-12T17:35:11Z</time>
      </trkpt>
      <trkpt lat="33.59306" lon="-117.77236">
        <ele>164.25</ele>
        <time>2026-07-12T17:35:14Z</time>
      </trkpt>
      <trkpt lat="33.59303" lon="-117.77233">
        <ele>163.97</ele>
        <time>2026-07-12T17:35:17Z</time>
      </trkpt>
      <trkpt lat="33.59301" lon="-117.7723">
        <ele>163.17</ele>
        <time>2026-07-12T17:35:20Z</time>
      </trkpt>
      <trkpt lat="33.59297" lon="-117.77227">
        <ele>162.87</ele>
        <time>2026-07-12T17:35:24Z</time>
      </trkpt>
      <trkpt lat="33.59294" lon="-117.77225">
        <ele>162.97</ele>
        <time>2026-07-12T17:35:28Z</time>
      </trkpt>
      <trkpt lat="33.5929" lon="-117.77222">
        <ele>163.32</ele>
        <time>2026-07-12T17:35:32Z</time>
      </trkpt>
      <trkpt lat="33.59287" lon="-117.77219">
        <ele>163.63</ele>
        <time>2026-07-12T17:35:36Z</time>
      </trkpt>
      <trkpt lat="33.59284" lon="-117.77217">
        <ele>164.2</ele>
        <time>2026-07-12T17:35:39Z</time>
      </trkpt>
      <trkpt lat="33.59282" lon="-117.77214">
        <ele>163.68</ele>
        <time>2026-07-12T17:35:42Z</time>
      </trkpt>
      <trkpt lat="33.5928" lon="-117.7721">
        <ele>162.75</ele>
        <time>2026-07-12T17:35:45Z</time>
      </trkpt>
      <trkpt lat="33.59278" lon="-117.77207">
        <ele>161.75</ele>
        <time>2026-07-12T17:35:48Z</time>
      </trkpt>
      <trkpt lat="33.59276" lon="-117.77204">
        <ele>161.11</ele>
        <time>2026-07-12T17:35:51Z</time>
      </trkpt>
      <trkpt lat="33.59274" lon="-117.77201">
        <ele>161.39</ele>
        <time>2026-07-12T17:35:54Z</time>
      </trkpt>
      <trkpt lat="33.59272" lon="-117.77198">
        <ele>161.35</ele>
        <time>2026-07-12T17:35:57Z</time>
      </trkpt>
      <trkpt lat="33.59269" lon="-117.77196">
        <ele>161.54</ele>
        <time>2026-07-12T17:36:00Z</time>
      </trkpt>
      <trkpt lat="33.59267" lon="-117.77193">
        <ele>161.34</ele>
        <time>2026-07-12T17:36:03Z</time>
      </trkpt>
      <trkpt lat="33.59264" lon="-117.7719">
        <ele>161.99</ele>
        <time>2026-07-12T17:36:06Z</time>
      </trkpt>
      <trkpt lat="33.59262" lon="-117.77187">
        <ele>162.21</ele>
        <time>2026-07-12T17:36:09Z</time>
      </trkpt>
      <trkpt lat="33.5926" lon="-117.77184">
        <ele>162.44</ele>
        <time>2026-07-12T17:36:12Z</time>
      </trkpt>
      <trkpt lat="33.59258" lon="-117.7718">
        <ele>162.15</ele>
        <time>2026-07-12T17:36:15Z</time>
      </trkpt>
      <trkpt lat="33.59258" lon="-117.77175">
        <ele>161.14</ele>
        <time>2026-07-12T17:36:18Z</time>
      </trkpt>
      <trkpt lat="33.59261" lon="-117.7717">
        <ele>159.98</ele>
        <time>2026-07-12T17:36:20Z</time>
      </trkpt>
      <trkpt lat="33.59262" lon="-117.77166">
        <ele>159.21</ele>
        <time>2026-07-12T17:36:22Z</time>
      </trkpt>
      <trkpt lat="33.59263" lon="-117.77162">
        <ele>157.88</ele>
        <time>2026-07-12T17:36:25Z</time>
      </trkpt>
      <trkpt lat="33.59263" lon="-117.77158">
        <ele>156.76</ele>
        <time>2026-07-12T17:36:30Z</time>
      </trkpt>
      <trkpt lat="33.59262" lon="-117.77155">
        <ele>156.15</ele>
        <time>2026-07-12T17:36:34Z</time>
      </trkpt>
      <trkpt lat="33.59262" lon="-117.77152">
        <ele>155.47</ele>
        <time>2026-07-12T17:36:38Z</time>
      </trkpt>
      <trkpt lat="33.59262" lon="-117.77149">
        <ele>154.79</ele>
        <time>2026-07-12T17:36:41Z</time>
      </trkpt>
      <trkpt lat="33.59262" lon="-117.77145">
        <ele>153.4</ele>
        <time>2026-07-12T17:36:44Z</time>
      </trkpt>
      <trkpt lat="33.59262" lon="-117.77142">
        <ele>152.25</ele>
        <time>2026-07-12T17:36:47Z</time>
      </trkpt>
      <trkpt lat="33.59262" lon="-117.77138">
        <ele>150.77</ele>
        <time>2026-07-12T17:36:50Z</time>
      </trkpt>
      <trkpt lat="33.59262" lon="-117.77134">
        <ele>149.43</ele>
        <time>2026-07-12T17:36:53Z</time>
      </trkpt>
      <trkpt lat="33.59262" lon="-117.7713">
        <ele>148.08</ele>
        <time>2026-07-12T17:36:56Z</time>
      </trkpt>
      <trkpt lat="33.59263" lon="-117.77127">
        <ele>148.07</ele>
        <time>2026-07-12T17:36:59Z</time>
      </trkpt>
      <trkpt lat="33.59264" lon="-117.77124">
        <ele>147.98</ele>
        <time>2026-07-12T17:37:05Z</time>
      </trkpt>
      <trkpt lat="33.59265" lon="-117.77121">
        <ele>147.83</ele>
        <time>2026-07-12T17:37:11Z</time>
      </trkpt>
      <trkpt lat="33.59266" lon="-117.77117">
        <ele>147.92</ele>
        <time>2026-07-12T17:37:16Z</time>
      </trkpt>
      <trkpt lat="33.59266" lon="-117.77113">
        <ele>147.18</ele>
        <time>2026-07-12T17:37:21Z</time>
      </trkpt>
      <trkpt lat="33.59267" lon="-117.7711">
        <ele>147.59</ele>
        <time>2026-07-12T17:37:26Z</time>
      </trkpt>
      <trkpt lat="33.59267" lon="-117.77106">
        <ele>147.23</ele>
        <time>2026-07-12T17:37:31Z</time>
      </trkpt>
      <trkpt lat="33.59266" lon="-117.77102">
        <ele>146.11</ele>
        <time>2026-07-12T17:37:36Z</time>
      </trkpt>
      <trkpt lat="33.59264" lon="-117.771">
        <ele>144.58</ele>
        <time>2026-07-12T17:37:40Z</time>
      </trkpt>
      <trkpt lat="33.59263" lon="-117.77097">
        <ele>143.93</ele>
        <time>2026-07-12T17:37:44Z</time>
      </trkpt>
      <trkpt lat="33.59263" lon="-117.77094">
        <ele>143.99</ele>
        <time>2026-07-12T17:37:48Z</time>
      </trkpt>
      <trkpt lat="33.59262" lon="-117.7709">
        <ele>143.12</ele>
        <time>2026-07-12T17:37:53Z</time>
      </trkpt>
      <trkpt lat="33.59262" lon="-117.77087">
        <ele>142.7</ele>
        <time>2026-07-12T17:37:57Z</time>
      </trkpt>
      <trkpt lat="33.59261" lon="-117.77083">
        <ele>141.79</ele>
        <time>2026-07-12T17:38:01Z</time>
      </trkpt>
      <trkpt lat="33.59261" lon="-117.7708">
        <ele>142.18</ele>
        <time>2026-07-12T17:38:06Z</time>
      </trkpt>
      <trkpt lat="33.5926" lon="-117.77077">
        <ele>142.06</ele>
        <time>2026-07-12T17:38:10Z</time>
      </trkpt>
      <trkpt lat="33.5926" lon="-117.77073">
        <ele>142.27</ele>
        <time>2026-07-12T17:38:15Z</time>
      </trkpt>
      <trkpt lat="33.59259" lon="-117.77069">
        <ele>141.22</ele>
        <time>2026-07-12T17:38:19Z</time>
      </trkpt>
      <trkpt lat="33.59259" lon="-117.77066">
        <ele>140.9</ele>
        <time>2026-07-12T17:38:23Z</time>
      </trkpt>
      <trkpt lat="33.59259" lon="-117.77062">
        <ele>139.88</ele>
        <time>2026-07-12T17:38:27Z</time>
      </trkpt>
      <trkpt lat="33.59259" lon="-117.77059">
        <ele>138.93</ele>
        <time>2026-07-12T17:38:31Z</time>
      </trkpt>
      <trkpt lat="33.59259" lon="-117.77056">
        <ele>137.97</ele>
        <time>2026-07-12T17:38:35Z</time>
      </trkpt>
      <trkpt lat="33.59259" lon="-117.77052">
        <ele>137.85</ele>
        <time>2026-07-12T17:38:39Z</time>
      </trkpt>
      <trkpt lat="33.59258" lon="-117.77049">
        <ele>137.38</ele>
        <time>2026-07-12T17:38:43Z</time>
      </trkpt>
      <trkpt lat="33.59258" lon="-117.77045">
        <ele>138.2</ele>
        <time>2026-07-12T17:38:47Z</time>
      </trkpt>
      <trkpt lat="33.59256" lon="-117.77042">
        <ele>138.56</ele>
        <time>2026-07-12T17:38:51Z</time>
      </trkpt>
      <trkpt lat="33.59254" lon="-117.7704">
        <ele>137.88</ele>
        <time>2026-07-12T17:38:54Z</time>
      </trkpt>
      <trkpt lat="33.59252" lon="-117.77037">
        <ele>136.96</ele>
        <time>2026-07-12T17:38:58Z</time>
      </trkpt>
      <trkpt lat="33.5925" lon="-117.77036">
        <ele>135.45</ele>
        <time>2026-07-12T17:39:03Z</time>
      </trkpt>
      <trkpt lat="33.59247" lon="-117.77036">
        <ele>134.65</ele>
        <time>2026-07-12T17:39:08Z</time>
      </trkpt>
      <trkpt lat="33.59245" lon="-117.77034">
        <ele>134.52</ele>
        <time>2026-07-12T17:39:12Z</time>
      </trkpt>
      <trkpt lat="33.59242" lon="-117.77032">
        <ele>133.57</ele>
        <time>2026-07-12T17:39:16Z</time>
      </trkpt>
      <trkpt lat="33.5924" lon="-117.7703">
        <ele>132.48</ele>
        <time>2026-07-12T17:39:20Z</time>
      </trkpt>
      <trkpt lat="33.59238" lon="-117.77028">
        <ele>131.48</ele>
        <time>2026-07-12T17:39:24Z</time>
      </trkpt>
      <trkpt lat="33.59236" lon="-117.77025">
        <ele>130.89</ele>
        <time>2026-07-12T17:39:28Z</time>
      </trkpt>
      <trkpt lat="33.59233" lon="-117.77023">
        <ele>129.42</ele>
        <time>2026-07-12T17:39:33Z</time>
      </trkpt>
      <trkpt lat="33.59231" lon="-117.77021">
        <ele>128.47</ele>
        <time>2026-07-12T17:39:38Z</time>
      </trkpt>
      <trkpt lat="33.59229" lon="-117.77019">
        <ele>127.82</ele>
        <time>2026-07-12T17:39:43Z</time>
      </trkpt>
      <trkpt lat="33.59226" lon="-117.77016">
        <ele>127.29</ele>
        <time>2026-07-12T17:39:48Z</time>
      </trkpt>
      <trkpt lat="33.59224" lon="-117.77014">
        <ele>126.84</ele>
        <time>2026-07-12T17:39:53Z</time>
      </trkpt>
      <trkpt lat="33.59222" lon="-117.77012">
        <ele>126.3</ele>
        <time>2026-07-12T17:39:57Z</time>
      </trkpt>
      <trkpt lat="33.5922" lon="-117.77009">
        <ele>126.07</ele>
        <time>2026-07-12T17:40:01Z</time>
      </trkpt>
      <trkpt lat="33.59217" lon="-117.77006">
        <ele>125.29</ele>
        <time>2026-07-12T17:40:05Z</time>
      </trkpt>
      <trkpt lat="33.59216" lon="-117.77002">
        <ele>125.62</ele>
        <time>2026-07-12T17:40:08Z</time>
      </trkpt>
      <trkpt lat="33.59215" lon="-117.76999">
        <ele>125.54</ele>
        <time>2026-07-12T17:40:11Z</time>
      </trkpt>
      <trkpt lat="33.59213" lon="-117.76996">
        <ele>124.15</ele>
        <time>2026-07-12T17:40:15Z</time>
      </trkpt>
      <trkpt lat="33.59211" lon="-117.76993">
        <ele>122.59</ele>
        <time>2026-07-12T17:40:19Z</time>
      </trkpt>
      <trkpt lat="33.59209" lon="-117.7699">
        <ele>121.22</ele>
        <time>2026-07-12T17:40:23Z</time>
      </trkpt>
      <trkpt lat="33.59209" lon="-117.76987">
        <ele>120.94</ele>
        <time>2026-07-12T17:40:27Z</time>
      </trkpt>
      <trkpt lat="33.59208" lon="-117.76983">
        <ele>119.96</ele>
        <time>2026-07-12T17:40:31Z</time>
      </trkpt>
      <trkpt lat="33.59207" lon="-117.7698">
        <ele>119.45</ele>
        <time>2026-07-12T17:40:34Z</time>
      </trkpt>
      <trkpt lat="33.59205" lon="-117.76977">
        <ele>119.09</ele>
        <time>2026-07-12T17:40:37Z</time>
      </trkpt>
      <trkpt lat="33.59203" lon="-117.76975">
        <ele>118.83</ele>
        <time>2026-07-12T17:40:40Z</time>
      </trkpt>
      <trkpt lat="33.59202" lon="-117.76972">
        <ele>119.09</ele>
        <time>2026-07-12T17:40:43Z</time>
      </trkpt>
      <trkpt lat="33.59201" lon="-117.76969">
        <ele>118.84</ele>
        <time>2026-07-12T17:40:46Z</time>
      </trkpt>
      <trkpt lat="33.59199" lon="-117.76966">
        <ele>118.48</ele>
        <time>2026-07-12T17:40:49Z</time>
      </trkpt>
      <trkpt lat="33.59199" lon="-117.76963">
        <ele>118.98</ele>
        <time>2026-07-12T17:40:52Z</time>
      </trkpt>
      <trkpt lat="33.59197" lon="-117.7696">
        <ele>120.01</ele>
        <time>2026-07-12T17:40:55Z</time>
      </trkpt>
      <trkpt lat="33.59195" lon="-117.76958">
        <ele>120.33</ele>
        <time>2026-07-12T17:40:58Z</time>
      </trkpt>
      <trkpt lat="33.59191" lon="-117.76958">
        <ele>119.0</ele>
        <time>2026-07-12T17:41:01Z</time>
      </trkpt>
      <trkpt lat="33.59187" lon="-117.76957">
        <ele>117.93</ele>
        <time>2026-07-12T17:41:04Z</time>
      </trkpt>
      <trkpt lat="33.59184" lon="-117.76956">
        <ele>116.96</ele>
        <time>2026-07-12T17:41:07Z</time>
      </trkpt>
      <trkpt lat="33.59182" lon="-117.76954">
        <ele>116.25</ele>
        <time>2026-07-12T17:41:10Z</time>
      </trkpt>
      <trkpt lat="33.5918" lon="-117.76951">
        <ele>115.95</ele>
        <time>2026-07-12T17:41:13Z</time>
      </trkpt>
      <trkpt lat="33.59178" lon="-117.76948">
        <ele>115.83</ele>
        <time>2026-07-12T17:41:16Z</time>
      </trkpt>
      <trkpt lat="33.59175" lon="-117.76945">
        <ele>115.37</ele>
        <time>2026-07-12T17:41:19Z</time>
      </trkpt>
      <trkpt lat="33.59172" lon="-117.76942">
        <ele>114.03</ele>
        <time>2026-07-12T17:41:22Z</time>
      </trkpt>
      <trkpt lat="33.59172" lon="-117.76938">
        <ele>114.28</ele>
        <time>2026-07-12T17:41:25Z</time>
      </trkpt>
      <trkpt lat="33.59173" lon="-117.76935">
        <ele>115.12</ele>
        <time>2026-07-12T17:41:29Z</time>
      </trkpt>
      <trkpt lat="33.59172" lon="-117.76931">
        <ele>114.72</ele>
        <time>2026-07-12T17:41:33Z</time>
      </trkpt>
      <trkpt lat="33.59171" lon="-117.76928">
        <ele>114.17</ele>
        <time>2026-07-12T17:41:37Z</time>
      </trkpt>
      <trkpt lat="33.5917" lon="-117.76925">
        <ele>113.92</ele>
        <time>2026-07-12T17:41:40Z</time>
      </trkpt>
      <trkpt lat="33.59168" lon="-117.76922">
        <ele>113.7</ele>
        <time>2026-07-12T17:41:43Z</time>
      </trkpt>
      <trkpt lat="33.59167" lon="-117.76918">
        <ele>114.68</ele>
        <time>2026-07-12T17:41:47Z</time>
      </trkpt>
      <trkpt lat="33.59166" lon="-117.76915">
        <ele>114.65</ele>
        <time>2026-07-12T17:41:50Z</time>
      </trkpt>
      <trkpt lat="33.59165" lon="-117.76912">
        <ele>114.19</ele>
        <time>2026-07-12T17:41:53Z</time>
      </trkpt>
      <trkpt lat="33.59163" lon="-117.76909">
        <ele>113.35</ele>
        <time>2026-07-12T17:41:56Z</time>
      </trkpt>
      <trkpt lat="33.59162" lon="-117.76906">
        <ele>113.59</ele>
        <time>2026-07-12T17:42:00Z</time>
      </trkpt>
      <trkpt lat="33.5916" lon="-117.76903">
        <ele>113.81</ele>
        <time>2026-07-12T17:42:03Z</time>
      </trkpt>
      <trkpt lat="33.59158" lon="-117.769">
        <ele>113.76</ele>
        <time>2026-07-12T17:42:06Z</time>
      </trkpt>
      <trkpt lat="33.59156" lon="-117.76898">
        <ele>113.75</ele>
        <time>2026-07-12T17:42:09Z</time>
      </trkpt>
      <trkpt lat="33.59154" lon="-117.76895">
        <ele>114.25</ele>
        <time>2026-07-12T17:42:12Z</time>
      </trkpt>
      <trkpt lat="33.59151" lon="-117.76893">
        <ele>113.69</ele>
        <time>2026-07-12T17:42:14Z</time>
      </trkpt>
      <trkpt lat="33.59148" lon="-117.76892">
        <ele>112.62</ele>
        <time>2026-07-12T17:42:16Z</time>
      </trkpt>
      <trkpt lat="33.59146" lon="-117.7689">
        <ele>112.18</ele>
        <time>2026-07-12T17:42:18Z</time>
      </trkpt>
      <trkpt lat="33.59143" lon="-117.76888">
        <ele>111.56</ele>
        <time>2026-07-12T17:42:20Z</time>
      </trkpt>
      <trkpt lat="33.5914" lon="-117.76886">
        <ele>110.78</ele>
        <time>2026-07-12T17:42:23Z</time>
      </trkpt>
      <trkpt lat="33.59138" lon="-117.76883">
        <ele>110.25</ele>
        <time>2026-07-12T17:42:26Z</time>
      </trkpt>
      <trkpt lat="33.59137" lon="-117.76881">
        <ele>110.04</ele>
        <time>2026-07-12T17:42:29Z</time>
      </trkpt>
      <trkpt lat="33.59135" lon="-117.76878">
        <ele>109.98</ele>
        <time>2026-07-12T17:42:32Z</time>
      </trkpt>
      <trkpt lat="33.59133" lon="-117.76876">
        <ele>109.67</ele>
        <time>2026-07-12T17:42:35Z</time>
      </trkpt>
      <trkpt lat="33.59131" lon="-117.76873">
        <ele>109.34</ele>
        <time>2026-07-12T17:42:39Z</time>
      </trkpt>
      <trkpt lat="33.59128" lon="-117.76872">
        <ele>108.31</ele>
        <time>2026-07-12T17:42:43Z</time>
      </trkpt>
      <trkpt lat="33.59126" lon="-117.7687">
        <ele>107.9</ele>
        <time>2026-07-12T17:42:46Z</time>
      </trkpt>
      <trkpt lat="33.59123" lon="-117.76868">
        <ele>107.36</ele>
        <time>2026-07-12T17:42:49Z</time>
      </trkpt>
      <trkpt lat="33.59121" lon="-117.76865">
        <ele>107.36</ele>
        <time>2026-07-12T17:42:52Z</time>
      </trkpt>
      <trkpt lat="33.59119" lon="-117.76863">
        <ele>107.56</ele>
        <time>2026-07-12T17:42:55Z</time>
      </trkpt>
      <trkpt lat="33.59117" lon="-117.7686">
        <ele>108.23</ele>
        <time>2026-07-12T17:42:58Z</time>
      </trkpt>
      <trkpt lat="33.59114" lon="-117.76858">
        <ele>108.31</ele>
        <time>2026-07-12T17:43:01Z</time>
      </trkpt>
      <trkpt lat="33.59111" lon="-117.76855">
        <ele>107.94</ele>
        <time>2026-07-12T17:43:05Z</time>
      </trkpt>
      <trkpt lat="33.5911" lon="-117.76852">
        <ele>107.4</ele>
        <time>2026-07-12T17:43:09Z</time>
      </trkpt>
      <trkpt lat="33.5911" lon="-117.76848">
        <ele>106.72</ele>
        <time>2026-07-12T17:43:14Z</time>
      </trkpt>
      <trkpt lat="33.59109" lon="-117.76845">
        <ele>105.89</ele>
        <time>2026-07-12T17:43:18Z</time>
      </trkpt>
      <trkpt lat="33.59108" lon="-117.76841">
        <ele>105.27</ele>
        <time>2026-07-12T17:43:22Z</time>
      </trkpt>
      <trkpt lat="33.59108" lon="-117.76838">
        <ele>105.17</ele>
        <time>2026-07-12T17:43:26Z</time>
      </trkpt>
      <trkpt lat="33.59107" lon="-117.76835">
        <ele>105.02</ele>
        <time>2026-07-12T17:43:30Z</time>
      </trkpt>
      <trkpt lat="33.59107" lon="-117.76832">
        <ele>104.89</ele>
        <time>2026-07-12T17:43:34Z</time>
      </trkpt>
      <trkpt lat="33.59106" lon="-117.76828">
        <ele>104.3</ele>
        <time>2026-07-12T17:43:38Z</time>
      </trkpt>
      <trkpt lat="33.59105" lon="-117.76825">
        <ele>103.52</ele>
        <time>2026-07-12T17:43:42Z</time>
      </trkpt>
      <trkpt lat="33.59103" lon="-117.76821">
        <ele>102.62</ele>
        <time>2026-07-12T17:43:46Z</time>
      </trkpt>
      <trkpt lat="33.59101" lon="-117.76818">
        <ele>102.19</ele>
        <time>2026-07-12T17:43:49Z</time>
      </trkpt>
      <trkpt lat="33.59098" lon="-117.76815">
        <ele>102.44</ele>
        <time>2026-07-12T17:43:52Z</time>
      </trkpt>
      <trkpt lat="33.59095" lon="-117.76814">
        <ele>102.77</ele>
        <time>2026-07-12T17:43:54Z</time>
      </trkpt>
      <trkpt lat="33.59093" lon="-117.76812">
        <ele>102.72</ele>
        <time>2026-07-12T17:43:56Z</time>
      </trkpt>
      <trkpt lat="33.59091" lon="-117.76809">
        <ele>102.86</ele>
        <time>2026-07-12T17:43:59Z</time>
      </trkpt>
      <trkpt lat="33.59089" lon="-117.76806">
        <ele>102.53</ele>
        <time>2026-07-12T17:44:02Z</time>
      </trkpt>
      <trkpt lat="33.59087" lon="-117.76802">
        <ele>102.06</ele>
        <time>2026-07-12T17:44:06Z</time>
      </trkpt>
      <trkpt lat="33.59086" lon="-117.76798">
        <ele>101.2</ele>
        <time>2026-07-12T17:44:09Z</time>
      </trkpt>
      <trkpt lat="33.59085" lon="-117.76794">
        <ele>100.58</ele>
        <time>2026-07-12T17:44:11Z</time>
      </trkpt>
      <trkpt lat="33.59084" lon="-117.76791">
        <ele>100.26</ele>
        <time>2026-07-12T17:44:13Z</time>
      </trkpt>
      <trkpt lat="33.59083" lon="-117.76788">
        <ele>100.08</ele>
        <time>2026-07-12T17:44:16Z</time>
      </trkpt>
      <trkpt lat="33.59081" lon="-117.76785">
        <ele>100.61</ele>
        <time>2026-07-12T17:44:20Z</time>
      </trkpt>
      <trkpt lat="33.59079" lon="-117.76783">
        <ele>100.96</ele>
        <time>2026-07-12T17:44:24Z</time>
      </trkpt>
      <trkpt lat="33.59077" lon="-117.7678">
        <ele>101.09</ele>
        <time>2026-07-12T17:44:28Z</time>
      </trkpt>
      <trkpt lat="33.59075" lon="-117.76778">
        <ele>101.02</ele>
        <time>2026-07-12T17:44:32Z</time>
      </trkpt>
      <trkpt lat="33.59072" lon="-117.76776">
        <ele>100.48</ele>
        <time>2026-07-12T17:44:36Z</time>
      </trkpt>
      <trkpt lat="33.59069" lon="-117.76774">
        <ele>100.08</ele>
        <time>2026-07-12T17:44:40Z</time>
      </trkpt>
      <trkpt lat="33.59065" lon="-117.76775">
        <ele>100.01</ele>
        <time>2026-07-12T17:44:43Z</time>
      </trkpt>
      <trkpt lat="33.59062" lon="-117.76776">
        <ele>99.88</ele>
        <time>2026-07-12T17:44:45Z</time>
      </trkpt>
      <trkpt lat="33.59059" lon="-117.76777">
        <ele>99.89</ele>
        <time>2026-07-12T17:44:47Z</time>
      </trkpt>
      <trkpt lat="33.59056" lon="-117.76777">
        <ele>99.84</ele>
        <time>2026-07-12T17:44:50Z</time>
      </trkpt>
      <trkpt lat="33.59052" lon="-117.76777">
        <ele>99.13</ele>
        <time>2026-07-12T17:44:53Z</time>
      </trkpt>
      <trkpt lat="33.59048" lon="-117.76777">
        <ele>98.34</ele>
        <time>2026-07-12T17:44:56Z</time>
      </trkpt>
      <trkpt lat="33.59045" lon="-117.76777">
        <ele>97.9</ele>
        <time>2026-07-12T17:44:58Z</time>
      </trkpt>
      <trkpt lat="33.59043" lon="-117.76778">
        <ele>97.72</ele>
        <time>2026-07-12T17:45:00Z</time>
      </trkpt>
      <trkpt lat="33.59039" lon="-117.76778">
        <ele>97.28</ele>
        <time>2026-07-12T17:45:03Z</time>
      </trkpt>
      <trkpt lat="33.59035" lon="-117.76778">
        <ele>96.86</ele>
        <time>2026-07-12T17:45:06Z</time>
      </trkpt>
      <trkpt lat="33.59032" lon="-117.76779">
        <ele>96.92</ele>
        <time>2026-07-12T17:45:09Z</time>
      </trkpt>
      <trkpt lat="33.59029" lon="-117.7678">
        <ele>97.06</ele>
        <time>2026-07-12T17:45:17Z</time>
      </trkpt>
      <trkpt lat="33.59027" lon="-117.76777">
        <ele>96.17</ele>
        <time>2026-07-12T17:45:24Z</time>
      </trkpt>
      <trkpt lat="33.59026" lon="-117.76774">
        <ele>97.03</ele>
        <time>2026-07-12T17:45:27Z</time>
      </trkpt>
      <trkpt lat="33.59023" lon="-117.76772">
        <ele>97.36</ele>
        <time>2026-07-12T17:45:33Z</time>
      </trkpt>
      <trkpt lat="33.5902" lon="-117.76772">
        <ele>97.03</ele>
        <time>2026-07-12T17:45:38Z</time>
      </trkpt>
      <trkpt lat="33.59017" lon="-117.76772">
        <ele>96.83</ele>
        <time>2026-07-12T17:45:41Z</time>
      </trkpt>
      <trkpt lat="33.59014" lon="-117.76771">
        <ele>96.97</ele>
        <time>2026-07-12T17:45:44Z</time>
      </trkpt>
      <trkpt lat="33.59011" lon="-117.7677">
        <ele>96.97</ele>
        <time>2026-07-12T17:45:47Z</time>
      </trkpt>
      <trkpt lat="33.59008" lon="-117.76768">
        <ele>97.24</ele>
        <time>2026-07-12T17:45:50Z</time>
      </trkpt>
      <trkpt lat="33.59006" lon="-117.76765">
        <ele>97.17</ele>
        <time>2026-07-12T17:45:53Z</time>
      </trkpt>
      <trkpt lat="33.59003" lon="-117.76762">
        <ele>96.45</ele>
        <time>2026-07-12T17:45:56Z</time>
      </trkpt>
      <trkpt lat="33.59002" lon="-117.76758">
        <ele>95.49</ele>
        <time>2026-07-12T17:45:58Z</time>
      </trkpt>
      <trkpt lat="33.59001" lon="-117.76752">
        <ele>95.39</ele>
        <time>2026-07-12T17:46:00Z</time>
      </trkpt>
      <trkpt lat="33.59" lon="-117.76748">
        <ele>95.43</ele>
        <time>2026-07-12T17:46:01Z</time>
      </trkpt>
      <trkpt lat="33.58999" lon="-117.76744">
        <ele>96.02</ele>
        <time>2026-07-12T17:46:03Z</time>
      </trkpt>
      <trkpt lat="33.58998" lon="-117.76742">
        <ele>95.98</ele>
        <time>2026-07-12T17:46:06Z</time>
      </trkpt>
      <trkpt lat="33.58996" lon="-117.76739">
        <ele>95.94</ele>
        <time>2026-07-12T17:46:09Z</time>
      </trkpt>
      <trkpt lat="33.58994" lon="-117.76736">
        <ele>96.12</ele>
        <time>2026-07-12T17:46:12Z</time>
      </trkpt>
      <trkpt lat="33.58992" lon="-117.76733">
        <ele>96.17</ele>
        <time>2026-07-12T17:46:15Z</time>
      </trkpt>
      <trkpt lat="33.5899" lon="-117.76729">
        <ele>96.35</ele>
        <time>2026-07-12T17:46:18Z</time>
      </trkpt>
      <trkpt lat="33.58988" lon="-117.76726">
        <ele>96.42</ele>
        <time>2026-07-12T17:46:21Z</time>
      </trkpt>
      <trkpt lat="33.58986" lon="-117.76723">
        <ele>96.34</ele>
        <time>2026-07-12T17:46:24Z</time>
      </trkpt>
      <trkpt lat="33.58984" lon="-117.76719">
        <ele>95.72</ele>
        <time>2026-07-12T17:46:27Z</time>
      </trkpt>
      <trkpt lat="33.58981" lon="-117.76716">
        <ele>94.81</ele>
        <time>2026-07-12T17:46:30Z</time>
      </trkpt>
      <trkpt lat="33.58979" lon="-117.76714">
        <ele>93.96</ele>
        <time>2026-07-12T17:46:33Z</time>
      </trkpt>
      <trkpt lat="33.58977" lon="-117.76711">
        <ele>93.06</ele>
        <time>2026-07-12T17:46:36Z</time>
      </trkpt>
      <trkpt lat="33.58975" lon="-117.76708">
        <ele>92.41</ele>
        <time>2026-07-12T17:46:39Z</time>
      </trkpt>
      <trkpt lat="33.58976" lon="-117.76704">
        <ele>92.81</ele>
        <time>2026-07-12T17:46:43Z</time>
      </trkpt>
      <trkpt lat="33.58976" lon="-117.767">
        <ele>92.82</ele>
        <time>2026-07-12T17:46:46Z</time>
      </trkpt>
      <trkpt lat="33.58976" lon="-117.76697">
        <ele>92.82</ele>
        <time>2026-07-12T17:46:49Z</time>
      </trkpt>
      <trkpt lat="33.58975" lon="-117.76693">
        <ele>92.8</ele>
        <time>2026-07-12T17:46:52Z</time>
      </trkpt>
      <trkpt lat="33.58975" lon="-117.7669">
        <ele>93.22</ele>
        <time>2026-07-12T17:46:55Z</time>
      </trkpt>
      <trkpt lat="33.58973" lon="-117.76686">
        <ele>93.16</ele>
        <time>2026-07-12T17:46:58Z</time>
      </trkpt>
      <trkpt lat="33.58972" lon="-117.76682">
        <ele>93.28</ele>
        <time>2026-07-12T17:47:01Z</time>
      </trkpt>
      <trkpt lat="33.5897" lon="-117.76679">
        <ele>92.87</ele>
        <time>2026-07-12T17:47:04Z</time>
      </trkpt>
      <trkpt lat="33.58968" lon="-117.76675">
        <ele>92.28</ele>
        <time>2026-07-12T17:47:07Z</time>
      </trkpt>
      <trkpt lat="33.58966" lon="-117.76672">
        <ele>91.74</ele>
        <time>2026-07-12T17:47:10Z</time>
      </trkpt>
      <trkpt lat="33.58964" lon="-117.76668">
        <ele>91.3</ele>
        <time>2026-07-12T17:47:13Z</time>
      </trkpt>
      <trkpt lat="33.58962" lon="-117.76665">
        <ele>91.16</ele>
        <time>2026-07-12T17:47:16Z</time>
      </trkpt>
      <trkpt lat="33.5896" lon="-117.76662">
        <ele>91.34</ele>
        <time>2026-07-12T17:47:19Z</time>
      </trkpt>
      <trkpt lat="33.58959" lon="-117.76658">
        <ele>91.54</ele>
        <time>2026-07-12T17:47:22Z</time>
      </trkpt>
      <trkpt lat="33.58957" lon="-117.76655">
        <ele>91.11</ele>
        <time>2026-07-12T17:47:25Z</time>
      </trkpt>
      <trkpt lat="33.58956" lon="-117.76652">
        <ele>90.51</ele>
        <time>2026-07-12T17:47:28Z</time>
      </trkpt>
      <trkpt lat="33.58955" lon="-117.76649">
        <ele>89.71</ele>
        <time>2026-07-12T17:47:31Z</time>
      </trkpt>
      <trkpt lat="33.58953" lon="-117.76645">
        <ele>89.28</ele>
        <time>2026-07-12T17:47:34Z</time>
      </trkpt>
      <trkpt lat="33.58952" lon="-117.76642">
        <ele>89.61</ele>
        <time>2026-07-12T17:47:37Z</time>
      </trkpt>
      <trkpt lat="33.5895" lon="-117.76639">
        <ele>90.2</ele>
        <time>2026-07-12T17:47:40Z</time>
      </trkpt>
      <trkpt lat="33.58948" lon="-117.76636">
        <ele>90.58</ele>
        <time>2026-07-12T17:47:43Z</time>
      </trkpt>
      <trkpt lat="33.58946" lon="-117.76633">
        <ele>90.54</ele>
        <time>2026-07-12T17:47:46Z</time>
      </trkpt>
      <trkpt lat="33.58945" lon="-117.76631">
        <ele>90.27</ele>
        <time>2026-07-12T17:47:49Z</time>
      </trkpt>
      <trkpt lat="33.58943" lon="-117.76628">
        <ele>90.13</ele>
        <time>2026-07-12T17:47:52Z</time>
      </trkpt>
      <trkpt lat="33.58941" lon="-117.76625">
        <ele>90.19</ele>
        <time>2026-07-12T17:47:55Z</time>
      </trkpt>
      <trkpt lat="33.58938" lon="-117.76625">
        <ele>90.35</ele>
        <time>2026-07-12T17:48:00Z</time>
      </trkpt>
      <trkpt lat="33.58935" lon="-117.76624">
        <ele>90.4</ele>
        <time>2026-07-12T17:48:05Z</time>
      </trkpt>
      <trkpt lat="33.58932" lon="-117.76624">
        <ele>90.53</ele>
        <time>2026-07-12T17:48:09Z</time>
      </trkpt>
      <trkpt lat="33.58929" lon="-117.76622">
        <ele>90.29</ele>
        <time>2026-07-12T17:48:13Z</time>
      </trkpt>
      <trkpt lat="33.58926" lon="-117.76621">
        <ele>90.14</ele>
        <time>2026-07-12T17:48:15Z</time>
      </trkpt>
      <trkpt lat="33.58922" lon="-117.7662">
        <ele>90.29</ele>
        <time>2026-07-12T17:48:17Z</time>
      </trkpt>
      <trkpt lat="33.58918" lon="-117.76618">
        <ele>89.87</ele>
        <time>2026-07-12T17:48:19Z</time>
      </trkpt>
      <trkpt lat="33.58915" lon="-117.76617">
        <ele>90.02</ele>
        <time>2026-07-12T17:48:21Z</time>
      </trkpt>
      <trkpt lat="33.58912" lon="-117.76615">
        <ele>89.9</ele>
        <time>2026-07-12T17:48:23Z</time>
      </trkpt>
      <trkpt lat="33.58909" lon="-117.76613">
        <ele>89.64</ele>
        <time>2026-07-12T17:48:25Z</time>
      </trkpt>
      <trkpt lat="33.58905" lon="-117.76611">
        <ele>90.27</ele>
        <time>2026-07-12T17:48:28Z</time>
      </trkpt>
      <trkpt lat="33.58902" lon="-117.76609">
        <ele>91.2</ele>
        <time>2026-07-12T17:48:31Z</time>
      </trkpt>
      <trkpt lat="33.58898" lon="-117.76607">
        <ele>92.32</ele>
        <time>2026-07-12T17:48:34Z</time>
      </trkpt>
      <trkpt lat="33.58895" lon="-117.76605">
        <ele>93.4</ele>
        <time>2026-07-12T17:48:37Z</time>
      </trkpt>
      <trkpt lat="33.58892" lon="-117.76602">
        <ele>94.05</ele>
        <time>2026-07-12T17:48:40Z</time>
      </trkpt>
      <trkpt lat="33.5889" lon="-117.76598">
        <ele>94.03</ele>
        <time>2026-07-12T17:48:43Z</time>
      </trkpt>
      <trkpt lat="33.5889" lon="-117.76595">
        <ele>93.06</ele>
        <time>2026-07-12T17:48:45Z</time>
      </trkpt>
      <trkpt lat="33.58891" lon="-117.76591">
        <ele>91.1</ele>
        <time>2026-07-12T17:48:47Z</time>
      </trkpt>
      <trkpt lat="33.58891" lon="-117.76586">
        <ele>89.43</ele>
        <time>2026-07-12T17:48:49Z</time>
      </trkpt>
      <trkpt lat="33.58891" lon="-117.76582">
        <ele>88.32</ele>
        <time>2026-07-12T17:48:51Z</time>
      </trkpt>
      <trkpt lat="33.5889" lon="-117.7658">
        <ele>88.13</ele>
        <time>2026-07-12T17:48:53Z</time>
      </trkpt>
      <trkpt lat="33.58887" lon="-117.76577">
        <ele>87.76</ele>
        <time>2026-07-12T17:48:56Z</time>
      </trkpt>
      <trkpt lat="33.58886" lon="-117.76574">
        <ele>87.0</ele>
        <time>2026-07-12T17:48:59Z</time>
      </trkpt>
      <trkpt lat="33.58883" lon="-117.76572">
        <ele>87.06</ele>
        <time>2026-07-12T17:49:02Z</time>
      </trkpt>
      <trkpt lat="33.58881" lon="-117.7657">
        <ele>87.31</ele>
        <time>2026-07-12T17:49:05Z</time>
      </trkpt>
      <trkpt lat="33.58879" lon="-117.76568">
        <ele>87.63</ele>
        <time>2026-07-12T17:49:08Z</time>
      </trkpt>
      <trkpt lat="33.58875" lon="-117.76566">
        <ele>87.5</ele>
        <time>2026-07-12T17:49:11Z</time>
      </trkpt>
      <trkpt lat="33.58871" lon="-117.76565">
        <ele>87.09</ele>
        <time>2026-07-12T17:49:13Z</time>
      </trkpt>
      <trkpt lat="33.58868" lon="-117.76564">
        <ele>86.8</ele>
        <time>2026-07-12T17:49:15Z</time>
      </trkpt>
      <trkpt lat="33.58864" lon="-117.76564">
        <ele>86.76</ele>
        <time>2026-07-12T17:49:18Z</time>
      </trkpt>
      <trkpt lat="33.58861" lon="-117.76566">
        <ele>86.99</ele>
        <time>2026-07-12T17:49:21Z</time>
      </trkpt>
      <trkpt lat="33.58858" lon="-117.76567">
        <ele>86.82</ele>
        <time>2026-07-12T17:49:24Z</time>
      </trkpt>
      <trkpt lat="33.58855" lon="-117.76568">
        <ele>86.79</ele>
        <time>2026-07-12T17:49:27Z</time>
      </trkpt>
      <trkpt lat="33.58851" lon="-117.76568">
        <ele>86.72</ele>
        <time>2026-07-12T17:49:30Z</time>
      </trkpt>
      <trkpt lat="33.58847" lon="-117.76569">
        <ele>87.14</ele>
        <time>2026-07-12T17:49:33Z</time>
      </trkpt>
      <trkpt lat="33.58845" lon="-117.76569">
        <ele>87.24</ele>
        <time>2026-07-12T17:49:35Z</time>
      </trkpt>
      <trkpt lat="33.58841" lon="-117.76569">
        <ele>87.34</ele>
        <time>2026-07-12T17:49:38Z</time>
      </trkpt>
      <trkpt lat="33.58837" lon="-117.76568">
        <ele>86.84</ele>
        <time>2026-07-12T17:49:41Z</time>
      </trkpt>
      <trkpt lat="33.58833" lon="-117.76568">
        <ele>86.74</ele>
        <time>2026-07-12T17:49:44Z</time>
      </trkpt>
      <trkpt lat="33.58829" lon="-117.76568">
        <ele>87.03</ele>
        <time>2026-07-12T17:49:47Z</time>
      </trkpt>
      <trkpt lat="33.58826" lon="-117.76567">
        <ele>86.79</ele>
        <time>2026-07-12T17:49:50Z</time>
      </trkpt>
      <trkpt lat="33.58823" lon="-117.76565">
        <ele>86.2</ele>
        <time>2026-07-12T17:49:52Z</time>
      </trkpt>
      <trkpt lat="33.58821" lon="-117.76562">
        <ele>85.93</ele>
        <time>2026-07-12T17:49:54Z</time>
      </trkpt>
      <trkpt lat="33.58819" lon="-117.7656">
        <ele>85.74</ele>
        <time>2026-07-12T17:49:56Z</time>
      </trkpt>
      <trkpt lat="33.58817" lon="-117.76558">
        <ele>85.47</ele>
        <time>2026-07-12T17:49:58Z</time>
      </trkpt>
      <trkpt lat="33.58813" lon="-117.76557">
        <ele>85.31</ele>
        <time>2026-07-12T17:50:01Z</time>
      </trkpt>
      <trkpt lat="33.5881" lon="-117.76555">
        <ele>85.0</ele>
        <time>2026-07-12T17:50:04Z</time>
      </trkpt>
      <trkpt lat="33.58807" lon="-117.76554">
        <ele>85.0</ele>
        <time>2026-07-12T17:50:07Z</time>
      </trkpt>
      <trkpt lat="33.58803" lon="-117.76553">
        <ele>85.4</ele>
        <time>2026-07-12T17:50:10Z</time>
      </trkpt>
      <trkpt lat="33.588" lon="-117.76553">
        <ele>85.87</ele>
        <time>2026-07-12T17:50:13Z</time>
      </trkpt>
      <trkpt lat="33.58796" lon="-117.76552">
        <ele>86.2</ele>
        <time>2026-07-12T17:50:16Z</time>
      </trkpt>
      <trkpt lat="33.58793" lon="-117.76551">
        <ele>85.66</ele>
        <time>2026-07-12T17:50:19Z</time>
      </trkpt>
      <trkpt lat="33.58789" lon="-117.76549">
        <ele>84.8</ele>
        <time>2026-07-12T17:50:22Z</time>
      </trkpt>
      <trkpt lat="33.58786" lon="-117.76548">
        <ele>84.46</ele>
        <time>2026-07-12T17:50:25Z</time>
      </trkpt>
      <trkpt lat="33.58783" lon="-117.76546">
        <ele>84.42</ele>
        <time>2026-07-12T17:50:28Z</time>
      </trkpt>
      <trkpt lat="33.5878" lon="-117.76545">
        <ele>84.65</ele>
        <time>2026-07-12T17:50:31Z</time>
      </trkpt>
      <trkpt lat="33.58777" lon="-117.76542">
        <ele>84.54</ele>
        <time>2026-07-12T17:50:36Z</time>
      </trkpt>
      <trkpt lat="33.58774" lon="-117.76541">
        <ele>84.43</ele>
        <time>2026-07-12T17:50:39Z</time>
      </trkpt>
      <trkpt lat="33.58771" lon="-117.76539">
        <ele>84.21</ele>
        <time>2026-07-12T17:50:43Z</time>
      </trkpt>
      <trkpt lat="33.58768" lon="-117.76537">
        <ele>84.0</ele>
        <time>2026-07-12T17:50:46Z</time>
      </trkpt>
      <trkpt lat="33.58765" lon="-117.76536">
        <ele>84.0</ele>
        <time>2026-07-12T17:50:49Z</time>
      </trkpt>
      <trkpt lat="33.58762" lon="-117.76534">
        <ele>84.0</ele>
        <time>2026-07-12T17:50:52Z</time>
      </trkpt>
      <trkpt lat="33.58758" lon="-117.76532">
        <ele>84.06</ele>
        <time>2026-07-12T17:50:55Z</time>
      </trkpt>
      <trkpt lat="33.58754" lon="-117.76531">
        <ele>84.2</ele>
        <time>2026-07-12T17:50:58Z</time>
      </trkpt>
      <trkpt lat="33.58751" lon="-117.7653">
        <ele>84.21</ele>
        <time>2026-07-12T17:51:01Z</time>
      </trkpt>
      <trkpt lat="33.58747" lon="-117.76528">
        <ele>84.02</ele>
        <time>2026-07-12T17:51:04Z</time>
      </trkpt>
      <trkpt lat="33.58743" lon="-117.76527">
        <ele>83.96</ele>
        <time>2026-07-12T17:51:07Z</time>
      </trkpt>
      <trkpt lat="33.5874" lon="-117.76525">
        <ele>83.98</ele>
        <time>2026-07-12T17:51:10Z</time>
      </trkpt>
      <trkpt lat="33.58736" lon="-117.76524">
        <ele>83.79</ele>
        <time>2026-07-12T17:51:13Z</time>
      </trkpt>
      <trkpt lat="33.58732" lon="-117.76522">
        <ele>83.41</ele>
        <time>2026-07-12T17:51:16Z</time>
      </trkpt>
      <trkpt lat="33.5873" lon="-117.7652">
        <ele>83.29</ele>
        <time>2026-07-12T17:51:18Z</time>
      </trkpt>
      <trkpt lat="33.58727" lon="-117.76517">
        <ele>83.24</ele>
        <time>2026-07-12T17:51:21Z</time>
      </trkpt>
      <trkpt lat="33.58724" lon="-117.76515">
        <ele>83.36</ele>
        <time>2026-07-12T17:51:24Z</time>
      </trkpt>
      <trkpt lat="33.5872" lon="-117.76513">
        <ele>83.31</ele>
        <time>2026-07-12T17:51:27Z</time>
      </trkpt>
      <trkpt lat="33.58717" lon="-117.76511">
        <ele>83.08</ele>
        <time>2026-07-12T17:51:30Z</time>
      </trkpt>
      <trkpt lat="33.58713" lon="-117.76509">
        <ele>83.0</ele>
        <time>2026-07-12T17:51:33Z</time>
      </trkpt>
      <trkpt lat="33.5871" lon="-117.76507">
        <ele>82.92</ele>
        <time>2026-07-12T17:51:36Z</time>
      </trkpt>
      <trkpt lat="33.58707" lon="-117.76504">
        <ele>82.63</ele>
        <time>2026-07-12T17:51:39Z</time>
      </trkpt>
      <trkpt lat="33.58703" lon="-117.76503">
        <ele>82.38</ele>
        <time>2026-07-12T17:51:42Z</time>
      </trkpt>
      <trkpt lat="33.587" lon="-117.76501">
        <ele>82.46</ele>
        <time>2026-07-12T17:51:45Z</time>
      </trkpt>
      <trkpt lat="33.58696" lon="-117.765">
        <ele>82.83</ele>
        <time>2026-07-12T17:51:48Z</time>
      </trkpt>
      <trkpt lat="33.58693" lon="-117.76498">
        <ele>82.78</ele>
        <time>2026-07-12T17:51:51Z</time>
      </trkpt>
      <trkpt lat="33.5869" lon="-117.76495">
        <ele>82.46</ele>
        <time>2026-07-12T17:51:54Z</time>
      </trkpt>
      <trkpt lat="33.58689" lon="-117.76493">
        <ele>82.24</ele>
        <time>2026-07-12T17:51:57Z</time>
      </trkpt>
      <trkpt lat="33.58686" lon="-117.76491">
        <ele>82.03</ele>
        <time>2026-07-12T17:52:01Z</time>
      </trkpt>
      <trkpt lat="33.58682" lon="-117.76489">
        <ele>81.69</ele>
        <time>2026-07-12T17:52:04Z</time>
      </trkpt>
      <trkpt lat="33.58678" lon="-117.76487">
        <ele>81.51</ele>
        <time>2026-07-12T17:52:07Z</time>
      </trkpt>
      <trkpt lat="33.58675" lon="-117.76486">
        <ele>81.54</ele>
        <time>2026-07-12T17:52:10Z</time>
      </trkpt>
      <trkpt lat="33.58672" lon="-117.76484">
        <ele>81.58</ele>
        <time>2026-07-12T17:52:13Z</time>
      </trkpt>
      <trkpt lat="33.58668" lon="-117.76483">
        <ele>81.88</ele>
        <time>2026-07-12T17:52:16Z</time>
      </trkpt>
      <trkpt lat="33.58664" lon="-117.76482">
        <ele>82.0</ele>
        <time>2026-07-12T17:52:19Z</time>
      </trkpt>
      <trkpt lat="33.5866" lon="-117.76481">
        <ele>81.96</ele>
        <time>2026-07-12T17:52:22Z</time>
      </trkpt>
      <trkpt lat="33.58657" lon="-117.76479">
        <ele>82.0</ele>
        <time>2026-07-12T17:52:25Z</time>
      </trkpt>
      <trkpt lat="33.58654" lon="-117.76478">
        <ele>82.0</ele>
        <time>2026-07-12T17:52:27Z</time>
      </trkpt>
      <trkpt lat="33.58651" lon="-117.76478">
        <ele>82.0</ele>
        <time>2026-07-12T17:52:29Z</time>
      </trkpt>
      <trkpt lat="33.58649" lon="-117.76477">
        <ele>82.0</ele>
        <time>2026-07-12T17:52:31Z</time>
      </trkpt>
      <trkpt lat="33.58645" lon="-117.76476">
        <ele>82.0</ele>
        <time>2026-07-12T17:52:34Z</time>
      </trkpt>
      <trkpt lat="33.58641" lon="-117.76475">
        <ele>82.0</ele>
        <time>2026-07-12T17:52:37Z</time>
      </trkpt>
      <trkpt lat="33.58637" lon="-117.76474">
        <ele>82.0</ele>
        <time>2026-07-12T17:52:40Z</time>
      </trkpt>
      <trkpt lat="33.58634" lon="-117.76473">
        <ele>82.0</ele>
        <time>2026-07-12T17:52:43Z</time>
      </trkpt>
      <trkpt lat="33.5863" lon="-117.76472">
        <ele>81.98</ele>
        <time>2026-07-12T17:52:46Z</time>
      </trkpt>
      <trkpt lat="33.58626" lon="-117.76471">
        <ele>81.92</ele>
        <time>2026-07-12T17:52:49Z</time>
      </trkpt>
      <trkpt lat="33.58623" lon="-117.7647">
        <ele>81.93</ele>
        <time>2026-07-12T17:52:52Z</time>
      </trkpt>
      <trkpt lat="33.58619" lon="-117.76469">
        <ele>81.95</ele>
        <time>2026-07-12T17:52:55Z</time>
      </trkpt>
      <trkpt lat="33.58615" lon="-117.76467">
        <ele>81.67</ele>
        <time>2026-07-12T17:52:58Z</time>
      </trkpt>
      <trkpt lat="33.58612" lon="-117.76466">
        <ele>81.39</ele>
        <time>2026-07-12T17:53:01Z</time>
      </trkpt>
      <trkpt lat="33.58608" lon="-117.76465">
        <ele>81.56</ele>
        <time>2026-07-12T17:53:04Z</time>
      </trkpt>
      <trkpt lat="33.58605" lon="-117.76464">
        <ele>81.77</ele>
        <time>2026-07-12T17:53:07Z</time>
      </trkpt>
      <trkpt lat="33.58602" lon="-117.7646">
        <ele>81.67</ele>
        <time>2026-07-12T17:53:11Z</time>
      </trkpt>
      <trkpt lat="33.586" lon="-117.76457">
        <ele>81.56</ele>
        <time>2026-07-12T17:53:14Z</time>
      </trkpt>
      <trkpt lat="33.58599" lon="-117.76453">
        <ele>81.28</ele>
        <time>2026-07-12T17:53:16Z</time>
      </trkpt>
      <trkpt lat="33.58598" lon="-117.7645">
        <ele>81.25</ele>
        <time>2026-07-12T17:53:18Z</time>
      </trkpt>
      <trkpt lat="33.58598" lon="-117.76446">
        <ele>81.07</ele>
        <time>2026-07-12T17:53:20Z</time>
      </trkpt>
      <trkpt lat="33.58596" lon="-117.76443">
        <ele>81.0</ele>
        <time>2026-07-12T17:53:23Z</time>
      </trkpt>
      <trkpt lat="33.58593" lon="-117.7644">
        <ele>81.0</ele>
        <time>2026-07-12T17:53:26Z</time>
      </trkpt>
      <trkpt lat="33.5859" lon="-117.76437">
        <ele>80.77</ele>
        <time>2026-07-12T17:53:29Z</time>
      </trkpt>
      <trkpt lat="33.58588" lon="-117.76435">
        <ele>80.5</ele>
        <time>2026-07-12T17:53:32Z</time>
      </trkpt>
      <trkpt lat="33.58585" lon="-117.76432">
        <ele>80.18</ele>
        <time>2026-07-12T17:53:35Z</time>
      </trkpt>
      <trkpt lat="33.58583" lon="-117.76429">
        <ele>80.0</ele>
        <time>2026-07-12T17:53:38Z</time>
      </trkpt>
      <trkpt lat="33.5858" lon="-117.76426">
        <ele>80.0</ele>
        <time>2026-07-12T17:53:41Z</time>
      </trkpt>
      <trkpt lat="33.58578" lon="-117.76423">
        <ele>80.0</ele>
        <time>2026-07-12T17:53:44Z</time>
      </trkpt>
      <trkpt lat="33.58575" lon="-117.76419">
        <ele>80.0</ele>
        <time>2026-07-12T17:53:47Z</time>
      </trkpt>
      <trkpt lat="33.58572" lon="-117.76416">
        <ele>80.0</ele>
        <time>2026-07-12T17:53:50Z</time>
      </trkpt>
      <trkpt lat="33.5857" lon="-117.76413">
        <ele>80.0</ele>
        <time>2026-07-12T17:53:53Z</time>
      </trkpt>
      <trkpt lat="33.58567" lon="-117.7641">
        <ele>80.0</ele>
        <time>2026-07-12T17:53:56Z</time>
      </trkpt>
      <trkpt lat="33.58565" lon="-117.76407">
        <ele>80.0</ele>
        <time>2026-07-12T17:53:59Z</time>
      </trkpt>
      <trkpt lat="33.58562" lon="-117.76403">
        <ele>79.86</ele>
        <time>2026-07-12T17:54:02Z</time>
      </trkpt>
      <trkpt lat="33.58559" lon="-117.764">
        <ele>79.5</ele>
        <time>2026-07-12T17:54:05Z</time>
      </trkpt>
      <trkpt lat="33.58557" lon="-117.76397">
        <ele>79.14</ele>
        <time>2026-07-12T17:54:08Z</time>
      </trkpt>
      <trkpt lat="33.58554" lon="-117.76394">
        <ele>79.0</ele>
        <time>2026-07-12T17:54:11Z</time>
      </trkpt>
      <trkpt lat="33.58552" lon="-117.76391">
        <ele>79.0</ele>
        <time>2026-07-12T17:54:14Z</time>
      </trkpt>
      <trkpt lat="33.58553" lon="-117.76394">
        <ele>79.0</ele>
        <time>2026-07-12T17:54:23Z</time>
      </trkpt>
      <trkpt lat="33.58551" lon="-117.7639">
        <ele>79.0</ele>
        <time>2026-07-12T17:54:42Z</time>
      </trkpt>
      <trkpt lat="33.58548" lon="-117.76388">
        <ele>79.0</ele>
        <time>2026-07-12T17:54:44Z</time>
      </trkpt>
      <trkpt lat="33.58546" lon="-117.76385">
        <ele>79.0</ele>
        <time>2026-07-12T17:54:46Z</time>
      </trkpt>
      <trkpt lat="33.58544" lon="-117.76383">
        <ele>79.0</ele>
        <time>2026-07-12T17:54:48Z</time>
      </trkpt>
      <trkpt lat="33.58541" lon="-117.76379">
        <ele>79.0</ele>
        <time>2026-07-12T17:54:51Z</time>
      </trkpt>
      <trkpt lat="33.58539" lon="-117.76376">
        <ele>79.0</ele>
        <time>2026-07-12T17:54:54Z</time>
      </trkpt>
      <trkpt lat="33.58536" lon="-117.76373">
        <ele>78.92</ele>
        <time>2026-07-12T17:54:57Z</time>
      </trkpt>
      <trkpt lat="33.58534" lon="-117.76371">
        <ele>78.69</ele>
        <time>2026-07-12T17:55:00Z</time>
      </trkpt>
      <trkpt lat="33.58531" lon="-117.76368">
        <ele>78.35</ele>
        <time>2026-07-12T17:55:03Z</time>
      </trkpt>
      <trkpt lat="33.58529" lon="-117.76365">
        <ele>78.13</ele>
        <time>2026-07-12T17:55:06Z</time>
      </trkpt>
      <trkpt lat="33.58526" lon="-117.76363">
        <ele>78.0</ele>
        <time>2026-07-12T17:55:09Z</time>
      </trkpt>
      <trkpt lat="33.58524" lon="-117.7636">
        <ele>78.0</ele>
        <time>2026-07-12T17:55:12Z</time>
      </trkpt>
      <trkpt lat="33.58521" lon="-117.76357">
        <ele>78.0</ele>
        <time>2026-07-12T17:55:15Z</time>
      </trkpt>
      <trkpt lat="33.58519" lon="-117.76354">
        <ele>78.0</ele>
        <time>2026-07-12T17:55:18Z</time>
      </trkpt>
      <trkpt lat="33.58516" lon="-117.76352">
        <ele>78.0</ele>
        <time>2026-07-12T17:55:21Z</time>
      </trkpt>
      <trkpt lat="33.58514" lon="-117.76349">
        <ele>78.0</ele>
        <time>2026-07-12T17:55:24Z</time>
      </trkpt>
      <trkpt lat="33.58512" lon="-117.76346">
        <ele>78.0</ele>
        <time>2026-07-12T17:55:27Z</time>
      </trkpt>
      <trkpt lat="33.58509" lon="-117.76344">
        <ele>78.0</ele>
        <time>2026-07-12T17:55:30Z</time>
      </trkpt>
      <trkpt lat="33.58507" lon="-117.76341">
        <ele>77.96</ele>
        <time>2026-07-12T17:55:33Z</time>
      </trkpt>
      <trkpt lat="33.58504" lon="-117.76338">
        <ele>77.72</ele>
        <time>2026-07-12T17:55:36Z</time>
      </trkpt>
      <trkpt lat="33.58502" lon="-117.76336">
        <ele>77.44</ele>
        <time>2026-07-12T17:55:39Z</time>
      </trkpt>
      <trkpt lat="33.585" lon="-117.76333">
        <ele>77.0</ele>
        <time>2026-07-12T17:55:42Z</time>
      </trkpt>
      <trkpt lat="33.58497" lon="-117.76331">
        <ele>77.0</ele>
        <time>2026-07-12T17:55:45Z</time>
      </trkpt>
      <trkpt lat="33.58494" lon="-117.76328">
        <ele>77.0</ele>
        <time>2026-07-12T17:55:48Z</time>
      </trkpt>
      <trkpt lat="33.58492" lon="-117.76325">
        <ele>77.0</ele>
        <time>2026-07-12T17:55:51Z</time>
      </trkpt>
      <trkpt lat="33.58489" lon="-117.76322">
        <ele>77.0</ele>
        <time>2026-07-12T17:55:54Z</time>
      </trkpt>
      <trkpt lat="33.58487" lon="-117.76319">
        <ele>77.0</ele>
        <time>2026-07-12T17:55:57Z</time>
      </trkpt>
      <trkpt lat="33.58484" lon="-117.76317">
        <ele>77.0</ele>
        <time>2026-07-12T17:56:00Z</time>
      </trkpt>
      <trkpt lat="33.58482" lon="-117.76314">
        <ele>77.0</ele>
        <time>2026-07-12T17:56:03Z</time>
      </trkpt>
      <trkpt lat="33.58479" lon="-117.76311">
        <ele>77.0</ele>
        <time>2026-07-12T17:56:06Z</time>
      </trkpt>
      <trkpt lat="33.58476" lon="-117.76308">
        <ele>77.0</ele>
        <time>2026-07-12T17:56:09Z</time>
      </trkpt>
      <trkpt lat="33.58474" lon="-117.76304">
        <ele>77.0</ele>
        <time>2026-07-12T17:56:12Z</time>
      </trkpt>
      <trkpt lat="33.58471" lon="-117.76301">
        <ele>76.94</ele>
        <time>2026-07-12T17:56:15Z</time>
      </trkpt>
      <trkpt lat="33.58468" lon="-117.76299">
        <ele>76.68</ele>
        <time>2026-07-12T17:56:18Z</time>
      </trkpt>
      <trkpt lat="33.58465" lon="-117.76297">
        <ele>76.28</ele>
        <time>2026-07-12T17:56:21Z</time>
      </trkpt>
      <trkpt lat="33.58462" lon="-117.76296">
        <ele>76.1</ele>
        <time>2026-07-12T17:56:25Z</time>
      </trkpt>
      <trkpt lat="33.5846" lon="-117.76294">
        <ele>76.24</ele>
        <time>2026-07-12T17:56:34Z</time>
      </trkpt>
      <trkpt lat="33.58457" lon="-117.76291">
        <ele>76.28</ele>
        <time>2026-07-12T17:56:38Z</time>
      </trkpt>
      <trkpt lat="33.58454" lon="-117.7629">
        <ele>76.31</ele>
        <time>2026-07-12T17:56:41Z</time>
      </trkpt>
      <trkpt lat="33.58452" lon="-117.76288">
        <ele>76.08</ele>
        <time>2026-07-12T17:56:44Z</time>
      </trkpt>
      <trkpt lat="33.58449" lon="-117.76286">
        <ele>76.0</ele>
        <time>2026-07-12T17:56:47Z</time>
      </trkpt>
      <trkpt lat="33.58447" lon="-117.76284">
        <ele>76.0</ele>
        <time>2026-07-12T17:56:50Z</time>
      </trkpt>
      <trkpt lat="33.58444" lon="-117.7628">
        <ele>76.0</ele>
        <time>2026-07-12T17:56:53Z</time>
      </trkpt>
      <trkpt lat="33.58442" lon="-117.76277">
        <ele>75.98</ele>
        <time>2026-07-12T17:56:56Z</time>
      </trkpt>
      <trkpt lat="33.58439" lon="-117.76273">
        <ele>75.7</ele>
        <time>2026-07-12T17:56:59Z</time>
      </trkpt>
      <trkpt lat="33.58437" lon="-117.7627">
        <ele>75.32</ele>
        <time>2026-07-12T17:57:02Z</time>
      </trkpt>
      <trkpt lat="33.58434" lon="-117.76268">
        <ele>75.0</ele>
        <time>2026-07-12T17:57:05Z</time>
      </trkpt>
      <trkpt lat="33.58431" lon="-117.76265">
        <ele>75.0</ele>
        <time>2026-07-12T17:57:08Z</time>
      </trkpt>
      <trkpt lat="33.58428" lon="-117.76262">
        <ele>75.0</ele>
        <time>2026-07-12T17:57:11Z</time>
      </trkpt>
      <trkpt lat="33.58426" lon="-117.76259">
        <ele>75.0</ele>
        <time>2026-07-12T17:57:14Z</time>
      </trkpt>
      <trkpt lat="33.58423" lon="-117.76256">
        <ele>75.0</ele>
        <time>2026-07-12T17:57:17Z</time>
      </trkpt>
      <trkpt lat="33.5842" lon="-117.76253">
        <ele>75.0</ele>
        <time>2026-07-12T17:57:20Z</time>
      </trkpt>
      <trkpt lat="33.58417" lon="-117.7625">
        <ele>75.0</ele>
        <time>2026-07-12T17:57:23Z</time>
      </trkpt>
      <trkpt lat="33.58415" lon="-117.76247">
        <ele>75.0</ele>
        <time>2026-07-12T17:57:26Z</time>
      </trkpt>
      <trkpt lat="33.58412" lon="-117.76243">
        <ele>75.0</ele>
        <time>2026-07-12T17:57:29Z</time>
      </trkpt>
      <trkpt lat="33.5841" lon="-117.7624">
        <ele>74.94</ele>
        <time>2026-07-12T17:57:32Z</time>
      </trkpt>
      <trkpt lat="33.58408" lon="-117.76237">
        <ele>74.62</ele>
        <time>2026-07-12T17:57:34Z</time>
      </trkpt>
      <trkpt lat="33.58405" lon="-117.76234">
        <ele>74.2</ele>
        <time>2026-07-12T17:57:37Z</time>
      </trkpt>
      <trkpt lat="33.58403" lon="-117.7623">
        <ele>74.0</ele>
        <time>2026-07-12T17:57:40Z</time>
      </trkpt>
      <trkpt lat="33.584" lon="-117.76227">
        <ele>74.0</ele>
        <time>2026-07-12T17:57:43Z</time>
      </trkpt>
      <trkpt lat="33.58398" lon="-117.76225">
        <ele>74.0</ele>
        <time>2026-07-12T17:57:45Z</time>
      </trkpt>
      <trkpt lat="33.58395" lon="-117.76222">
        <ele>74.0</ele>
        <time>2026-07-12T17:57:47Z</time>
      </trkpt>
      <trkpt lat="33.58392" lon="-117.7622">
        <ele>74.0</ele>
        <time>2026-07-12T17:57:49Z</time>
      </trkpt>
      <trkpt lat="33.5839" lon="-117.76218">
        <ele>74.0</ele>
        <time>2026-07-12T17:57:51Z</time>
      </trkpt>
      <trkpt lat="33.58387" lon="-117.76216">
        <ele>74.0</ele>
        <time>2026-07-12T17:57:53Z</time>
      </trkpt>
      <trkpt lat="33.58385" lon="-117.76215">
        <ele>74.0</ele>
        <time>2026-07-12T17:57:55Z</time>
      </trkpt>
      <trkpt lat="33.58382" lon="-117.76213">
        <ele>74.0</ele>
        <time>2026-07-12T17:57:57Z</time>
      </trkpt>
      <trkpt lat="33.58379" lon="-117.7621">
        <ele>73.93</ele>
        <time>2026-07-12T17:58:00Z</time>
      </trkpt>
      <trkpt lat="33.58376" lon="-117.76208">
        <ele>73.61</ele>
        <time>2026-07-12T17:58:03Z</time>
      </trkpt>
      <trkpt lat="33.58373" lon="-117.76206">
        <ele>73.28</ele>
        <time>2026-07-12T17:58:05Z</time>
      </trkpt>
      <trkpt lat="33.5837" lon="-117.76203">
        <ele>73.08</ele>
        <time>2026-07-12T17:58:08Z</time>
      </trkpt>
      <trkpt lat="33.58367" lon="-117.76202">
        <ele>73.18</ele>
        <time>2026-07-12T17:58:10Z</time>
      </trkpt>
      <trkpt lat="33.58364" lon="-117.762">
        <ele>73.4</ele>
        <time>2026-07-12T17:58:13Z</time>
      </trkpt>
      <trkpt lat="33.58361" lon="-117.76199">
        <ele>73.5</ele>
        <time>2026-07-12T17:58:16Z</time>
      </trkpt>
      <trkpt lat="33.58357" lon="-117.76201">
        <ele>73.16</ele>
        <time>2026-07-12T17:58:19Z</time>
      </trkpt>
      <trkpt lat="33.58354" lon="-117.76201">
        <ele>73.07</ele>
        <time>2026-07-12T17:58:22Z</time>
      </trkpt>
      <trkpt lat="33.58351" lon="-117.762">
        <ele>73.0</ele>
        <time>2026-07-12T17:58:25Z</time>
      </trkpt>
      <trkpt lat="33.58349" lon="-117.76198">
        <ele>73.0</ele>
        <time>2026-07-12T17:58:30Z</time>
      </trkpt>
      <trkpt lat="33.58346" lon="-117.76197">
        <ele>73.0</ele>
        <time>2026-07-12T17:58:33Z</time>
      </trkpt>
      <trkpt lat="33.58343" lon="-117.76197">
        <ele>73.0</ele>
        <time>2026-07-12T17:58:36Z</time>
      </trkpt>
      <trkpt lat="33.58339" lon="-117.76196">
        <ele>72.68</ele>
        <time>2026-07-12T17:58:39Z</time>
      </trkpt>
      <trkpt lat="33.58336" lon="-117.76195">
        <ele>72.33</ele>
        <time>2026-07-12T17:58:41Z</time>
      </trkpt>
      <trkpt lat="33.58332" lon="-117.76194">
        <ele>72.0</ele>
        <time>2026-07-12T17:58:44Z</time>
      </trkpt>
      <trkpt lat="33.58329" lon="-117.76193">
        <ele>72.0</ele>
        <time>2026-07-12T17:58:47Z</time>
      </trkpt>
      <trkpt lat="33.58325" lon="-117.76192">
        <ele>72.0</ele>
        <time>2026-07-12T17:58:50Z</time>
      </trkpt>
      <trkpt lat="33.58321" lon="-117.76191">
        <ele>72.0</ele>
        <time>2026-07-12T17:58:53Z</time>
      </trkpt>
      <trkpt lat="33.58318" lon="-117.7619">
        <ele>72.0</ele>
        <time>2026-07-12T17:58:56Z</time>
      </trkpt>
      <trkpt lat="33.58314" lon="-117.76189">
        <ele>72.0</ele>
        <time>2026-07-12T17:58:59Z</time>
      </trkpt>
      <trkpt lat="33.58311" lon="-117.76187">
        <ele>72.0</ele>
        <time>2026-07-12T17:59:02Z</time>
      </trkpt>
      <trkpt lat="33.58307" lon="-117.76186">
        <ele>72.0</ele>
        <time>2026-07-12T17:59:05Z</time>
      </trkpt>
      <trkpt lat="33.58303" lon="-117.76185">
        <ele>71.72</ele>
        <time>2026-07-12T17:59:08Z</time>
      </trkpt>
      <trkpt lat="33.583" lon="-117.76184">
        <ele>71.4</ele>
        <time>2026-07-12T17:59:11Z</time>
      </trkpt>
      <trkpt lat="33.58296" lon="-117.76184">
        <ele>71.0</ele>
        <time>2026-07-12T17:59:14Z</time>
      </trkpt>
      <trkpt lat="33.58292" lon="-117.76183">
        <ele>71.0</ele>
        <time>2026-07-12T17:59:17Z</time>
      </trkpt>
      <trkpt lat="33.58288" lon="-117.76182">
        <ele>71.0</ele>
        <time>2026-07-12T17:59:20Z</time>
      </trkpt>
      <trkpt lat="33.58284" lon="-117.76181">
        <ele>71.0</ele>
        <time>2026-07-12T17:59:23Z</time>
      </trkpt>
      <trkpt lat="33.5828" lon="-117.7618">
        <ele>71.0</ele>
        <time>2026-07-12T17:59:26Z</time>
      </trkpt>
      <trkpt lat="33.58277" lon="-117.7618">
        <ele>71.0</ele>
        <time>2026-07-12T17:59:29Z</time>
      </trkpt>
      <trkpt lat="33.58273" lon="-117.76179">
        <ele>71.0</ele>
        <time>2026-07-12T17:59:32Z</time>
      </trkpt>
      <trkpt lat="33.58269" lon="-117.76179">
        <ele>71.0</ele>
        <time>2026-07-12T17:59:35Z</time>
      </trkpt>
      <trkpt lat="33.58265" lon="-117.76178">
        <ele>71.0</ele>
        <time>2026-07-12T17:59:38Z</time>
      </trkpt>
      <trkpt lat="33.58261" lon="-117.76178">
        <ele>71.0</ele>
        <time>2026-07-12T17:59:41Z</time>
      </trkpt>
      <trkpt lat="33.58258" lon="-117.76177">
        <ele>71.02</ele>
        <time>2026-07-12T17:59:44Z</time>
      </trkpt>
      <trkpt lat="33.58254" lon="-117.76177">
        <ele>71.07</ele>
        <time>2026-07-12T17:59:47Z</time>
      </trkpt>
      <trkpt lat="33.58251" lon="-117.76177">
        <ele>71.1</ele>
        <time>2026-07-12T17:59:50Z</time>
      </trkpt>
      <trkpt lat="33.58247" lon="-117.76177">
        <ele>71.44</ele>
        <time>2026-07-12T17:59:53Z</time>
      </trkpt>
      <trkpt lat="33.58243" lon="-117.76178">
        <ele>71.98</ele>
        <time>2026-07-12T17:59:56Z</time>
      </trkpt>
      <trkpt lat="33.5824" lon="-117.76177">
        <ele>72.42</ele>
        <time>2026-07-12T17:59:59Z</time>
      </trkpt>
      <trkpt lat="33.58236" lon="-117.76177">
        <ele>74.05</ele>
        <time>2026-07-12T18:00:02Z</time>
      </trkpt>
      <trkpt lat="33.58232" lon="-117.76177">
        <ele>75.67</ele>
        <time>2026-07-12T18:00:06Z</time>
      </trkpt>
      <trkpt lat="33.58228" lon="-117.76177">
        <ele>77.01</ele>
        <time>2026-07-12T18:00:10Z</time>
      </trkpt>
      <trkpt lat="33.58225" lon="-117.76177">
        <ele>77.98</ele>
        <time>2026-07-12T18:00:14Z</time>
      </trkpt>
      <trkpt lat="33.58221" lon="-117.76177">
        <ele>79.3</ele>
        <time>2026-07-12T18:00:18Z</time>
      </trkpt>
      <trkpt lat="33.58217" lon="-117.76177">
        <ele>80.64</ele>
        <time>2026-07-12T18:00:22Z</time>
      </trkpt>
      <trkpt lat="33.58221" lon="-117.76177">
        <ele>79.3</ele>
        <time>2026-07-12T18:00:30Z</time>
      </trkpt>
      <trkpt lat="33.58218" lon="-117.76178">
        <ele>80.25</ele>
        <time>2026-07-12T18:00:42Z</time>
      </trkpt>
      <trkpt lat="33.58215" lon="-117.76177">
        <ele>81.31</ele>
        <time>2026-07-12T18:00:48Z</time>
      </trkpt>
      <trkpt lat="33.58212" lon="-117.76177">
        <ele>82.12</ele>
        <time>2026-07-12T18:00:53Z</time>
      </trkpt>
      <trkpt lat="33.58209" lon="-117.76177">
        <ele>82.48</ele>
        <time>2026-07-12T18:00:58Z</time>
      </trkpt>
      <trkpt lat="33.58206" lon="-117.76176">
        <ele>82.76</ele>
        <time>2026-07-12T18:01:03Z</time>
      </trkpt>
      <trkpt lat="33.58202" lon="-117.76176">
        <ele>82.82</ele>
        <time>2026-07-12T18:01:06Z</time>
      </trkpt>
      <trkpt lat="33.58199" lon="-117.76176">
        <ele>82.5</ele>
        <time>2026-07-12T18:01:08Z</time>
      </trkpt>
      <trkpt lat="33.58195" lon="-117.76176">
        <ele>82.06</ele>
        <time>2026-07-12T18:01:11Z</time>
      </trkpt>
      <trkpt lat="33.58192" lon="-117.76175">
        <ele>81.15</ele>
        <time>2026-07-12T18:01:14Z</time>
      </trkpt>
      <trkpt lat="33.58189" lon="-117.76178">
        <ele>80.82</ele>
        <time>2026-07-12T18:01:18Z</time>
      </trkpt>
      <trkpt lat="33.58188" lon="-117.76182">
        <ele>80.61</ele>
        <time>2026-07-12T18:01:20Z</time>
      </trkpt>
      <trkpt lat="33.58186" lon="-117.76186">
        <ele>80.26</ele>
        <time>2026-07-12T18:01:23Z</time>
      </trkpt>
      <trkpt lat="33.58183" lon="-117.76188">
        <ele>80.0</ele>
        <time>2026-07-12T18:01:26Z</time>
      </trkpt>
      <trkpt lat="33.58181" lon="-117.7619">
        <ele>79.83</ele>
        <time>2026-07-12T18:01:29Z</time>
      </trkpt>
      <trkpt lat="33.58179" lon="-117.76192">
        <ele>79.58</ele>
        <time>2026-07-12T18:01:32Z</time>
      </trkpt>
      <trkpt lat="33.58176" lon="-117.76194">
        <ele>79.02</ele>
        <time>2026-07-12T18:01:35Z</time>
      </trkpt>
      <trkpt lat="33.58173" lon="-117.76196">
        <ele>78.97</ele>
        <time>2026-07-12T18:01:38Z</time>
      </trkpt>
      <trkpt lat="33.58171" lon="-117.76198">
        <ele>79.03</ele>
        <time>2026-07-12T18:01:41Z</time>
      </trkpt>
      <trkpt lat="33.58168" lon="-117.76198">
        <ele>78.58</ele>
        <time>2026-07-12T18:01:44Z</time>
      </trkpt>
      <trkpt lat="33.58165" lon="-117.76198">
        <ele>78.02</ele>
        <time>2026-07-12T18:01:47Z</time>
      </trkpt>
      <trkpt lat="33.58162" lon="-117.762">
        <ele>77.59</ele>
        <time>2026-07-12T18:01:50Z</time>
      </trkpt>
      <trkpt lat="33.58159" lon="-117.76202">
        <ele>77.16</ele>
        <time>2026-07-12T18:01:52Z</time>
      </trkpt>
      <trkpt lat="33.58156" lon="-117.76203">
        <ele>76.91</ele>
        <time>2026-07-12T18:01:54Z</time>
      </trkpt>
      <trkpt lat="33.58152" lon="-117.76204">
        <ele>77.06</ele>
        <time>2026-07-12T18:01:56Z</time>
      </trkpt>
      <trkpt lat="33.58149" lon="-117.76204">
        <ele>77.06</ele>
        <time>2026-07-12T18:01:58Z</time>
      </trkpt>
      <trkpt lat="33.58145" lon="-117.76205">
        <ele>76.99</ele>
        <time>2026-07-12T18:02:01Z</time>
      </trkpt>
      <trkpt lat="33.58142" lon="-117.76205">
        <ele>76.71</ele>
        <time>2026-07-12T18:02:04Z</time>
      </trkpt>
      <trkpt lat="33.58139" lon="-117.76205">
        <ele>76.43</ele>
        <time>2026-07-12T18:02:07Z</time>
      </trkpt>
      <trkpt lat="33.58136" lon="-117.76204">
        <ele>76.4</ele>
        <time>2026-07-12T18:02:10Z</time>
      </trkpt>
      <trkpt lat="33.58132" lon="-117.76204">
        <ele>76.82</ele>
        <time>2026-07-12T18:02:13Z</time>
      </trkpt>
      <trkpt lat="33.58129" lon="-117.76204">
        <ele>77.0</ele>
        <time>2026-07-12T18:02:16Z</time>
      </trkpt>
      <trkpt lat="33.58126" lon="-117.76203">
        <ele>76.49</ele>
        <time>2026-07-12T18:02:19Z</time>
      </trkpt>
      <trkpt lat="33.58123" lon="-117.76203">
        <ele>76.19</ele>
        <time>2026-07-12T18:02:23Z</time>
      </trkpt>
      <trkpt lat="33.5812" lon="-117.76203">
        <ele>75.92</ele>
        <time>2026-07-12T18:02:26Z</time>
      </trkpt>
      <trkpt lat="33.58116" lon="-117.76204">
        <ele>76.08</ele>
        <time>2026-07-12T18:02:29Z</time>
      </trkpt>
      <trkpt lat="33.58113" lon="-117.76204">
        <ele>76.07</ele>
        <time>2026-07-12T18:02:32Z</time>
      </trkpt>
      <trkpt lat="33.5811" lon="-117.76204">
        <ele>75.94</ele>
        <time>2026-07-12T18:02:35Z</time>
      </trkpt>
      <trkpt lat="33.58107" lon="-117.76204">
        <ele>75.62</ele>
        <time>2026-07-12T18:02:39Z</time>
      </trkpt>
      <trkpt lat="33.58104" lon="-117.76204">
        <ele>75.3</ele>
        <time>2026-07-12T18:02:42Z</time>
      </trkpt>
      <trkpt lat="33.58101" lon="-117.76204">
        <ele>74.97</ele>
        <time>2026-07-12T18:02:45Z</time>
      </trkpt>
      <trkpt lat="33.58098" lon="-117.76205">
        <ele>74.92</ele>
        <time>2026-07-12T18:02:48Z</time>
      </trkpt>
      <trkpt lat="33.58095" lon="-117.76205">
        <ele>74.64</ele>
        <time>2026-07-12T18:02:51Z</time>
      </trkpt>
      <trkpt lat="33.58091" lon="-117.76205">
        <ele>74.4</ele>
        <time>2026-07-12T18:02:54Z</time>
      </trkpt>
      <trkpt lat="33.58088" lon="-117.76206">
        <ele>74.62</ele>
        <time>2026-07-12T18:02:57Z</time>
      </trkpt>
      <trkpt lat="33.58084" lon="-117.76206">
        <ele>74.51</ele>
        <time>2026-07-12T18:03:00Z</time>
      </trkpt>
      <trkpt lat="33.58081" lon="-117.76207">
        <ele>74.37</ele>
        <time>2026-07-12T18:03:03Z</time>
      </trkpt>
      <trkpt lat="33.58078" lon="-117.76207">
        <ele>73.93</ele>
        <time>2026-07-12T18:03:06Z</time>
      </trkpt>
      <trkpt lat="33.58075" lon="-117.76207">
        <ele>73.49</ele>
        <time>2026-07-12T18:03:09Z</time>
      </trkpt>
      <trkpt lat="33.58071" lon="-117.76209">
        <ele>73.1</ele>
        <time>2026-07-12T18:03:12Z</time>
      </trkpt>
      <trkpt lat="33.58068" lon="-117.7621">
        <ele>72.81</ele>
        <time>2026-07-12T18:03:15Z</time>
      </trkpt>
      <trkpt lat="33.58065" lon="-117.76212">
        <ele>72.81</ele>
        <time>2026-07-12T18:03:18Z</time>
      </trkpt>
      <trkpt lat="33.58062" lon="-117.76213">
        <ele>72.4</ele>
        <time>2026-07-12T18:03:21Z</time>
      </trkpt>
      <trkpt lat="33.58059" lon="-117.76215">
        <ele>71.96</ele>
        <time>2026-07-12T18:03:24Z</time>
      </trkpt>
      <trkpt lat="33.58056" lon="-117.76217">
        <ele>71.53</ele>
        <time>2026-07-12T18:03:27Z</time>
      </trkpt>
      <trkpt lat="33.58052" lon="-117.76219">
        <ele>70.88</ele>
        <time>2026-07-12T18:03:30Z</time>
      </trkpt>
      <trkpt lat="33.58049" lon="-117.76221">
        <ele>70.45</ele>
        <time>2026-07-12T18:03:33Z</time>
      </trkpt>
      <trkpt lat="33.58047" lon="-117.76224">
        <ele>70.54</ele>
        <time>2026-07-12T18:03:36Z</time>
      </trkpt>
      <trkpt lat="33.58046" lon="-117.76227">
        <ele>70.97</ele>
        <time>2026-07-12T18:03:39Z</time>
      </trkpt>
      <trkpt lat="33.58048" lon="-117.76229">
        <ele>71.83</ele>
        <time>2026-07-12T18:03:42Z</time>
      </trkpt>
      <trkpt lat="33.58046" lon="-117.76233">
        <ele>71.77</ele>
        <time>2026-07-12T18:03:47Z</time>
      </trkpt>
      <trkpt lat="33.58044" lon="-117.76235">
        <ele>71.12</ele>
        <time>2026-07-12T18:03:51Z</time>
      </trkpt>
      <trkpt lat="33.58042" lon="-117.76237">
        <ele>70.48</ele>
        <time>2026-07-12T18:03:54Z</time>
      </trkpt>
      <trkpt lat="33.5804" lon="-117.7624">
        <ele>69.72</ele>
        <time>2026-07-12T18:03:58Z</time>
      </trkpt>
      <trkpt lat="33.58038" lon="-117.76242">
        <ele>69.33</ele>
        <time>2026-07-12T18:04:01Z</time>
      </trkpt>
      <trkpt lat="33.58035" lon="-117.76244">
        <ele>69.13</ele>
        <time>2026-07-12T18:04:04Z</time>
      </trkpt>
      <trkpt lat="33.58033" lon="-117.76246">
        <ele>69.13</ele>
        <time>2026-07-12T18:04:07Z</time>
      </trkpt>
      <trkpt lat="33.58031" lon="-117.76249">
        <ele>69.24</ele>
        <time>2026-07-12T18:04:09Z</time>
      </trkpt>
      <trkpt lat="33.58028" lon="-117.76252">
        <ele>69.02</ele>
        <time>2026-07-12T18:04:12Z</time>
      </trkpt>
      <trkpt lat="33.58026" lon="-117.76254">
        <ele>69.0</ele>
        <time>2026-07-12T18:04:15Z</time>
      </trkpt>
      <trkpt lat="33.58024" lon="-117.76257">
        <ele>69.0</ele>
        <time>2026-07-12T18:04:18Z</time>
      </trkpt>
      <trkpt lat="33.58021" lon="-117.76259">
        <ele>69.0</ele>
        <time>2026-07-12T18:04:21Z</time>
      </trkpt>
      <trkpt lat="33.58019" lon="-117.7626">
        <ele>69.08</ele>
        <time>2026-07-12T18:04:24Z</time>
      </trkpt>
      <trkpt lat="33.58016" lon="-117.76262">
        <ele>69.22</ele>
        <time>2026-07-12T18:04:27Z</time>
      </trkpt>
      <trkpt lat="33.58013" lon="-117.76262">
        <ele>69.12</ele>
        <time>2026-07-12T18:04:31Z</time>
      </trkpt>
      <trkpt lat="33.58009" lon="-117.76262">
        <ele>69.01</ele>
        <time>2026-07-12T18:04:35Z</time>
      </trkpt>
      <trkpt lat="33.58007" lon="-117.76259">
        <ele>69.0</ele>
        <time>2026-07-12T18:04:38Z</time>
      </trkpt>
      <trkpt lat="33.58006" lon="-117.76255">
        <ele>69.0</ele>
        <time>2026-07-12T18:04:41Z</time>
      </trkpt>
      <trkpt lat="33.58007" lon="-117.7625">
        <ele>69.0</ele>
        <time>2026-07-12T18:04:44Z</time>
      </trkpt>
      <trkpt lat="33.58008" lon="-117.76246">
        <ele>68.57</ele>
        <time>2026-07-12T18:04:47Z</time>
      </trkpt>
      <trkpt lat="33.58007" lon="-117.76242">
        <ele>68.14</ele>
        <time>2026-07-12T18:04:50Z</time>
      </trkpt>
      <trkpt lat="33.58005" lon="-117.76238">
        <ele>68.0</ele>
        <time>2026-07-12T18:04:53Z</time>
      </trkpt>
      <trkpt lat="33.58003" lon="-117.76235">
        <ele>68.0</ele>
        <time>2026-07-12T18:04:56Z</time>
      </trkpt>
      <trkpt lat="33.58001" lon="-117.76233">
        <ele>68.0</ele>
        <time>2026-07-12T18:04:59Z</time>
      </trkpt>
      <trkpt lat="33.57998" lon="-117.76231">
        <ele>68.0</ele>
        <time>2026-07-12T18:05:02Z</time>
      </trkpt>
      <trkpt lat="33.57996" lon="-117.76232">
        <ele>68.0</ele>
        <time>2026-07-12T18:05:04Z</time>
      </trkpt>
      <trkpt lat="33.57993" lon="-117.76234">
        <ele>68.0</ele>
        <time>2026-07-12T18:05:06Z</time>
      </trkpt>
      <trkpt lat="33.57989" lon="-117.76236">
        <ele>68.0</ele>
        <time>2026-07-12T18:05:09Z</time>
      </trkpt>
      <trkpt lat="33.57986" lon="-117.76235">
        <ele>68.0</ele>
        <time>2026-07-12T18:05:12Z</time>
      </trkpt>
      <trkpt lat="33.57983" lon="-117.76235">
        <ele>68.0</ele>
        <time>2026-07-12T18:05:15Z</time>
      </trkpt>
      <trkpt lat="33.57979" lon="-117.76236">
        <ele>68.0</ele>
        <time>2026-07-12T18:05:18Z</time>
      </trkpt>
      <trkpt lat="33.57976" lon="-117.76236">
        <ele>68.0</ele>
        <time>2026-07-12T18:05:21Z</time>
      </trkpt>
      <trkpt lat="33.57973" lon="-117.76237">
        <ele>68.0</ele>
        <time>2026-07-12T18:05:24Z</time>
      </trkpt>
      <trkpt lat="33.5797" lon="-117.76237">
        <ele>68.0</ele>
        <time>2026-07-12T18:05:27Z</time>
      </trkpt>
      <trkpt lat="33.57967" lon="-117.76238">
        <ele>68.0</ele>
        <time>2026-07-12T18:05:30Z</time>
      </trkpt>
      <trkpt lat="33.57965" lon="-117.76239">
        <ele>68.0</ele>
        <time>2026-07-12T18:05:33Z</time>
      </trkpt>
      <trkpt lat="33.57962" lon="-117.76239">
        <ele>68.0</ele>
        <time>2026-07-12T18:05:36Z</time>
      </trkpt>
      <trkpt lat="33.57959" lon="-117.7624">
        <ele>68.0</ele>
        <time>2026-07-12T18:05:38Z</time>
      </trkpt>
    </trkseg>
  </trk>
</gpx>
