<?xml version="1.0"?>
<gpx xmlns="http://www.topografix.com/GPX/1/1" xmlns:xsi="http://www.w3.org/2001/XMLSchema-instance" version="1.1" creator="AllTrails.com" xsi:schemaLocation="http://www.topografix.com/GPX/1/1 http://www.topografix.com/GPX/1/1/gpx.xsd">
  <metadata>
    <name><![CDATA[Big Bend Loop 2]]></name>
    <desc><![CDATA[]]></desc>
    <link href="http://www.alltrails.com">
      <text>AllTrails, LLC</text>
    </link>
    <bounds minlat="33.56327" minlon="-117.78215" maxlat="33.59484" maxlon="-117.76174"/>
  </metadata>
  <trk>
    <name><![CDATA[Big Bend Loop 2]]></name>
    <src>AllTrails</src>
    <trkseg>
      <trkpt lat="33.57517" lon="-117.76329">
        <ele>62.0</ele>
        <time>2026-05-23T15:22:30Z</time>
      </trkpt>
      <trkpt lat="33.57515" lon="-117.76331">
        <ele>62.0</ele>
        <time>2026-05-23T15:22:32Z</time>
      </trkpt>
      <trkpt lat="33.57513" lon="-117.76332">
        <ele>62.0</ele>
        <time>2026-05-23T15:22:34Z</time>
      </trkpt>
      <trkpt lat="33.5751" lon="-117.76333">
        <ele>62.0</ele>
        <time>2026-05-23T15:22:37Z</time>
      </trkpt>
      <trkpt lat="33.57506" lon="-117.76334">
        <ele>62.0</ele>
        <time>2026-05-23T15:22:40Z</time>
      </trkpt>
      <trkpt lat="33.57503" lon="-117.76335">
        <ele>62.0</ele>
        <time>2026-05-23T15:22:43Z</time>
      </trkpt>
      <trkpt lat="33.57499" lon="-117.76336">
        <ele>61.89</ele>
        <time>2026-05-23T15:22:46Z</time>
      </trkpt>
      <trkpt lat="33.57495" lon="-117.76337">
        <ele>61.46</ele>
        <time>2026-05-23T15:22:49Z</time>
      </trkpt>
      <trkpt lat="33.57491" lon="-117.76337">
        <ele>61.03</ele>
        <time>2026-05-23T15:22:52Z</time>
      </trkpt>
      <trkpt lat="33.57488" lon="-117.76338">
        <ele>60.85</ele>
        <time>2026-05-23T15:22:55Z</time>
      </trkpt>
      <trkpt lat="33.57483" lon="-117.76338">
        <ele>60.59</ele>
        <time>2026-05-23T15:22:59Z</time>
      </trkpt>
      <trkpt lat="33.57479" lon="-117.76338">
        <ele>60.37</ele>
        <time>2026-05-23T15:23:02Z</time>
      </trkpt>
      <trkpt lat="33.57476" lon="-117.76338">
        <ele>60.21</ele>
        <time>2026-05-23T15:23:04Z</time>
      </trkpt>
      <trkpt lat="33.57473" lon="-117.76339">
        <ele>60.05</ele>
        <time>2026-05-23T15:23:06Z</time>
      </trkpt>
      <trkpt lat="33.5747" lon="-117.76339">
        <ele>59.91</ele>
        <time>2026-05-23T15:23:08Z</time>
      </trkpt>
      <trkpt lat="33.57466" lon="-117.76339">
        <ele>59.74</ele>
        <time>2026-05-23T15:23:10Z</time>
      </trkpt>
      <trkpt lat="33.57463" lon="-117.7634">
        <ele>59.72</ele>
        <time>2026-05-23T15:23:12Z</time>
      </trkpt>
      <trkpt lat="33.5746" lon="-117.7634">
        <ele>59.72</ele>
        <time>2026-05-23T15:23:14Z</time>
      </trkpt>
      <trkpt lat="33.57457" lon="-117.76341">
        <ele>59.83</ele>
        <time>2026-05-23T15:23:16Z</time>
      </trkpt>
      <trkpt lat="33.57454" lon="-117.76341">
        <ele>59.83</ele>
        <time>2026-05-23T15:23:19Z</time>
      </trkpt>
      <trkpt lat="33.5745" lon="-117.76342">
        <ele>59.56</ele>
        <time>2026-05-23T15:23:22Z</time>
      </trkpt>
      <trkpt lat="33.57446" lon="-117.76342">
        <ele>59.16</ele>
        <time>2026-05-23T15:23:25Z</time>
      </trkpt>
      <trkpt lat="33.57442" lon="-117.76343">
        <ele>59.08</ele>
        <time>2026-05-23T15:23:28Z</time>
      </trkpt>
      <trkpt lat="33.57438" lon="-117.76344">
        <ele>59.2</ele>
        <time>2026-05-23T15:23:31Z</time>
      </trkpt>
      <trkpt lat="33.57434" lon="-117.76345">
        <ele>59.26</ele>
        <time>2026-05-23T15:23:34Z</time>
      </trkpt>
      <trkpt lat="33.5743" lon="-117.76345">
        <ele>59.26</ele>
        <time>2026-05-23T15:23:37Z</time>
      </trkpt>
      <trkpt lat="33.57426" lon="-117.76346">
        <ele>59.37</ele>
        <time>2026-05-23T15:23:40Z</time>
      </trkpt>
      <trkpt lat="33.57424" lon="-117.76346">
        <ele>59.29</ele>
        <time>2026-05-23T15:23:42Z</time>
      </trkpt>
      <trkpt lat="33.57421" lon="-117.76347">
        <ele>59.22</ele>
        <time>2026-05-23T15:23:44Z</time>
      </trkpt>
      <trkpt lat="33.57418" lon="-117.76347">
        <ele>59.07</ele>
        <time>2026-05-23T15:23:46Z</time>
      </trkpt>
      <trkpt lat="33.57416" lon="-117.76348">
        <ele>58.97</ele>
        <time>2026-05-23T15:23:48Z</time>
      </trkpt>
      <trkpt lat="33.57412" lon="-117.76348">
        <ele>58.79</ele>
        <time>2026-05-23T15:23:51Z</time>
      </trkpt>
      <trkpt lat="33.57408" lon="-117.76349">
        <ele>58.71</ele>
        <time>2026-05-23T15:23:54Z</time>
      </trkpt>
      <trkpt lat="33.57405" lon="-117.7635">
        <ele>58.8</ele>
        <time>2026-05-23T15:23:56Z</time>
      </trkpt>
      <trkpt lat="33.57401" lon="-117.7635">
        <ele>58.8</ele>
        <time>2026-05-23T15:23:59Z</time>
      </trkpt>
      <trkpt lat="33.57397" lon="-117.76351">
        <ele>58.91</ele>
        <time>2026-05-23T15:24:02Z</time>
      </trkpt>
      <trkpt lat="33.57393" lon="-117.76352">
        <ele>59.02</ele>
        <time>2026-05-23T15:24:05Z</time>
      </trkpt>
      <trkpt lat="33.57389" lon="-117.76353">
        <ele>59.25</ele>
        <time>2026-05-23T15:24:08Z</time>
      </trkpt>
      <trkpt lat="33.57385" lon="-117.76353">
        <ele>59.2</ele>
        <time>2026-05-23T15:24:11Z</time>
      </trkpt>
      <trkpt lat="33.57382" lon="-117.76354">
        <ele>59.29</ele>
        <time>2026-05-23T15:24:14Z</time>
      </trkpt>
      <trkpt lat="33.57378" lon="-117.76354">
        <ele>59.23</ele>
        <time>2026-05-23T15:24:17Z</time>
      </trkpt>
      <trkpt lat="33.57374" lon="-117.76355">
        <ele>59.34</ele>
        <time>2026-05-23T15:24:20Z</time>
      </trkpt>
      <trkpt lat="33.57371" lon="-117.76356">
        <ele>59.45</ele>
        <time>2026-05-23T15:24:23Z</time>
      </trkpt>
      <trkpt lat="33.57368" lon="-117.76356">
        <ele>59.56</ele>
        <time>2026-05-23T15:24:26Z</time>
      </trkpt>
      <trkpt lat="33.57364" lon="-117.76357">
        <ele>59.94</ele>
        <time>2026-05-23T15:24:29Z</time>
      </trkpt>
      <trkpt lat="33.57361" lon="-117.76357">
        <ele>60.11</ele>
        <time>2026-05-23T15:24:32Z</time>
      </trkpt>
      <trkpt lat="33.57358" lon="-117.76356">
        <ele>59.75</ele>
        <time>2026-05-23T15:24:36Z</time>
      </trkpt>
      <trkpt lat="33.57356" lon="-117.76354">
        <ele>59.34</ele>
        <time>2026-05-23T15:24:38Z</time>
      </trkpt>
      <trkpt lat="33.57352" lon="-117.76353">
        <ele>59.13</ele>
        <time>2026-05-23T15:24:41Z</time>
      </trkpt>
      <trkpt lat="33.57349" lon="-117.76353">
        <ele>59.16</ele>
        <time>2026-05-23T15:24:43Z</time>
      </trkpt>
      <trkpt lat="33.57347" lon="-117.76352">
        <ele>59.02</ele>
        <time>2026-05-23T15:24:45Z</time>
      </trkpt>
      <trkpt lat="33.57344" lon="-117.76351">
        <ele>58.91</ele>
        <time>2026-05-23T15:24:47Z</time>
      </trkpt>
      <trkpt lat="33.57341" lon="-117.76351">
        <ele>58.91</ele>
        <time>2026-05-23T15:24:49Z</time>
      </trkpt>
      <trkpt lat="33.57338" lon="-117.76351">
        <ele>58.91</ele>
        <time>2026-05-23T15:24:51Z</time>
      </trkpt>
      <trkpt lat="33.57334" lon="-117.7635">
        <ele>58.8</ele>
        <time>2026-05-23T15:24:54Z</time>
      </trkpt>
      <trkpt lat="33.57331" lon="-117.7635">
        <ele>59.0</ele>
        <time>2026-05-23T15:24:57Z</time>
      </trkpt>
      <trkpt lat="33.57327" lon="-117.76349">
        <ele>59.17</ele>
        <time>2026-05-23T15:25:00Z</time>
      </trkpt>
      <trkpt lat="33.57323" lon="-117.76349">
        <ele>59.42</ele>
        <time>2026-05-23T15:25:03Z</time>
      </trkpt>
      <trkpt lat="33.57319" lon="-117.7635">
        <ele>59.71</ele>
        <time>2026-05-23T15:25:06Z</time>
      </trkpt>
      <trkpt lat="33.57315" lon="-117.76352">
        <ele>60.02</ele>
        <time>2026-05-23T15:25:09Z</time>
      </trkpt>
      <trkpt lat="33.57312" lon="-117.76354">
        <ele>60.0</ele>
        <time>2026-05-23T15:25:12Z</time>
      </trkpt>
      <trkpt lat="33.5731" lon="-117.76356">
        <ele>60.16</ele>
        <time>2026-05-23T15:25:14Z</time>
      </trkpt>
      <trkpt lat="33.57306" lon="-117.76358">
        <ele>60.34</ele>
        <time>2026-05-23T15:25:17Z</time>
      </trkpt>
      <trkpt lat="33.57303" lon="-117.7636">
        <ele>60.79</ele>
        <time>2026-05-23T15:25:20Z</time>
      </trkpt>
      <trkpt lat="33.57299" lon="-117.76361">
        <ele>60.98</ele>
        <time>2026-05-23T15:25:23Z</time>
      </trkpt>
      <trkpt lat="33.57296" lon="-117.7636">
        <ele>60.88</ele>
        <time>2026-05-23T15:25:26Z</time>
      </trkpt>
      <trkpt lat="33.57294" lon="-117.76359">
        <ele>60.77</ele>
        <time>2026-05-23T15:25:28Z</time>
      </trkpt>
      <trkpt lat="33.5729" lon="-117.76357">
        <ele>60.56</ele>
        <time>2026-05-23T15:25:31Z</time>
      </trkpt>
      <trkpt lat="33.57288" lon="-117.76355">
        <ele>60.34</ele>
        <time>2026-05-23T15:25:33Z</time>
      </trkpt>
      <trkpt lat="33.57286" lon="-117.76352">
        <ele>60.02</ele>
        <time>2026-05-23T15:25:35Z</time>
      </trkpt>
      <trkpt lat="33.57284" lon="-117.76349">
        <ele>59.69</ele>
        <time>2026-05-23T15:25:38Z</time>
      </trkpt>
      <trkpt lat="33.57281" lon="-117.76345">
        <ele>59.26</ele>
        <time>2026-05-23T15:25:41Z</time>
      </trkpt>
      <trkpt lat="33.57279" lon="-117.76342">
        <ele>58.94</ele>
        <time>2026-05-23T15:25:44Z</time>
      </trkpt>
      <trkpt lat="33.57276" lon="-117.76339">
        <ele>58.61</ele>
        <time>2026-05-23T15:25:47Z</time>
      </trkpt>
      <trkpt lat="33.57273" lon="-117.76336">
        <ele>58.29</ele>
        <time>2026-05-23T15:25:50Z</time>
      </trkpt>
      <trkpt lat="33.5727" lon="-117.76334">
        <ele>58.07</ele>
        <time>2026-05-23T15:25:53Z</time>
      </trkpt>
      <trkpt lat="33.57266" lon="-117.76332">
        <ele>57.48</ele>
        <time>2026-05-23T15:25:56Z</time>
      </trkpt>
      <trkpt lat="33.57263" lon="-117.76331">
        <ele>57.05</ele>
        <time>2026-05-23T15:25:59Z</time>
      </trkpt>
      <trkpt lat="33.57259" lon="-117.76331">
        <ele>56.77</ele>
        <time>2026-05-23T15:26:02Z</time>
      </trkpt>
      <trkpt lat="33.57256" lon="-117.76331">
        <ele>57.01</ele>
        <time>2026-05-23T15:26:05Z</time>
      </trkpt>
      <trkpt lat="33.57252" lon="-117.76329">
        <ele>56.95</ele>
        <time>2026-05-23T15:26:08Z</time>
      </trkpt>
      <trkpt lat="33.57248" lon="-117.76328">
        <ele>56.94</ele>
        <time>2026-05-23T15:26:11Z</time>
      </trkpt>
      <trkpt lat="33.57245" lon="-117.76327">
        <ele>56.8</ele>
        <time>2026-05-23T15:26:14Z</time>
      </trkpt>
      <trkpt lat="33.57241" lon="-117.76327">
        <ele>56.94</ele>
        <time>2026-05-23T15:26:17Z</time>
      </trkpt>
      <trkpt lat="33.57237" lon="-117.76326">
        <ele>57.03</ele>
        <time>2026-05-23T15:26:20Z</time>
      </trkpt>
      <trkpt lat="33.57233" lon="-117.76325">
        <ele>57.14</ele>
        <time>2026-05-23T15:26:23Z</time>
      </trkpt>
      <trkpt lat="33.5723" lon="-117.76323">
        <ele>56.77</ele>
        <time>2026-05-23T15:26:26Z</time>
      </trkpt>
      <trkpt lat="33.57226" lon="-117.76322">
        <ele>56.55</ele>
        <time>2026-05-23T15:26:29Z</time>
      </trkpt>
      <trkpt lat="33.57222" lon="-117.76321">
        <ele>56.33</ele>
        <time>2026-05-23T15:26:32Z</time>
      </trkpt>
      <trkpt lat="33.57218" lon="-117.7632">
        <ele>55.92</ele>
        <time>2026-05-23T15:26:35Z</time>
      </trkpt>
      <trkpt lat="33.57215" lon="-117.7632">
        <ele>55.78</ele>
        <time>2026-05-23T15:26:38Z</time>
      </trkpt>
      <trkpt lat="33.57211" lon="-117.76321">
        <ele>56.15</ele>
        <time>2026-05-23T15:26:41Z</time>
      </trkpt>
      <trkpt lat="33.57207" lon="-117.76322">
        <ele>56.83</ele>
        <time>2026-05-23T15:26:44Z</time>
      </trkpt>
      <trkpt lat="33.57203" lon="-117.76322">
        <ele>57.16</ele>
        <time>2026-05-23T15:26:47Z</time>
      </trkpt>
      <trkpt lat="33.572" lon="-117.76323">
        <ele>57.89</ele>
        <time>2026-05-23T15:26:50Z</time>
      </trkpt>
      <trkpt lat="33.57196" lon="-117.76324">
        <ele>58.79</ele>
        <time>2026-05-23T15:26:53Z</time>
      </trkpt>
      <trkpt lat="33.57193" lon="-117.76324">
        <ele>58.96</ele>
        <time>2026-05-23T15:26:56Z</time>
      </trkpt>
      <trkpt lat="33.57189" lon="-117.76325">
        <ele>59.4</ele>
        <time>2026-05-23T15:26:59Z</time>
      </trkpt>
      <trkpt lat="33.57185" lon="-117.76325">
        <ele>59.38</ele>
        <time>2026-05-23T15:27:02Z</time>
      </trkpt>
      <trkpt lat="33.57182" lon="-117.76325">
        <ele>59.06</ele>
        <time>2026-05-23T15:27:05Z</time>
      </trkpt>
      <trkpt lat="33.57178" lon="-117.76325">
        <ele>58.62</ele>
        <time>2026-05-23T15:27:08Z</time>
      </trkpt>
      <trkpt lat="33.57175" lon="-117.76325">
        <ele>58.3</ele>
        <time>2026-05-23T15:27:11Z</time>
      </trkpt>
      <trkpt lat="33.57172" lon="-117.76325">
        <ele>57.98</ele>
        <time>2026-05-23T15:27:14Z</time>
      </trkpt>
      <trkpt lat="33.57168" lon="-117.76325">
        <ele>57.54</ele>
        <time>2026-05-23T15:27:17Z</time>
      </trkpt>
      <trkpt lat="33.57165" lon="-117.76324">
        <ele>56.8</ele>
        <time>2026-05-23T15:27:20Z</time>
      </trkpt>
      <trkpt lat="33.57161" lon="-117.76324">
        <ele>56.37</ele>
        <time>2026-05-23T15:27:23Z</time>
      </trkpt>
      <trkpt lat="33.57158" lon="-117.76324">
        <ele>56.05</ele>
        <time>2026-05-23T15:27:26Z</time>
      </trkpt>
      <trkpt lat="33.57154" lon="-117.76324">
        <ele>55.62</ele>
        <time>2026-05-23T15:27:29Z</time>
      </trkpt>
      <trkpt lat="33.57151" lon="-117.76324">
        <ele>55.3</ele>
        <time>2026-05-23T15:27:32Z</time>
      </trkpt>
      <trkpt lat="33.57147" lon="-117.76325">
        <ele>55.39</ele>
        <time>2026-05-23T15:27:35Z</time>
      </trkpt>
      <trkpt lat="33.57144" lon="-117.76325">
        <ele>55.36</ele>
        <time>2026-05-23T15:27:38Z</time>
      </trkpt>
      <trkpt lat="33.5714" lon="-117.76326">
        <ele>55.65</ele>
        <time>2026-05-23T15:27:41Z</time>
      </trkpt>
      <trkpt lat="33.57137" lon="-117.76326">
        <ele>55.42</ele>
        <time>2026-05-23T15:27:43Z</time>
      </trkpt>
      <trkpt lat="33.57133" lon="-117.76327">
        <ele>55.31</ele>
        <time>2026-05-23T15:27:45Z</time>
      </trkpt>
      <trkpt lat="33.5713" lon="-117.76327">
        <ele>54.99</ele>
        <time>2026-05-23T15:27:47Z</time>
      </trkpt>
      <trkpt lat="33.57127" lon="-117.76329">
        <ele>55.75</ele>
        <time>2026-05-23T15:27:49Z</time>
      </trkpt>
      <trkpt lat="33.57124" lon="-117.7633">
        <ele>56.31</ele>
        <time>2026-05-23T15:27:52Z</time>
      </trkpt>
      <trkpt lat="33.5712" lon="-117.76331">
        <ele>56.96</ele>
        <time>2026-05-23T15:27:55Z</time>
      </trkpt>
      <trkpt lat="33.57117" lon="-117.76332">
        <ele>57.11</ele>
        <time>2026-05-23T15:27:58Z</time>
      </trkpt>
      <trkpt lat="33.57114" lon="-117.76334">
        <ele>57.55</ele>
        <time>2026-05-23T15:28:02Z</time>
      </trkpt>
      <trkpt lat="33.57111" lon="-117.76336">
        <ele>57.85</ele>
        <time>2026-05-23T15:28:06Z</time>
      </trkpt>
      <trkpt lat="33.57108" lon="-117.76337">
        <ele>57.85</ele>
        <time>2026-05-23T15:28:09Z</time>
      </trkpt>
      <trkpt lat="33.57105" lon="-117.76338">
        <ele>57.85</ele>
        <time>2026-05-23T15:28:12Z</time>
      </trkpt>
      <trkpt lat="33.57102" lon="-117.76339">
        <ele>57.85</ele>
        <time>2026-05-23T15:28:15Z</time>
      </trkpt>
      <trkpt lat="33.57099" lon="-117.7634">
        <ele>57.77</ele>
        <time>2026-05-23T15:28:18Z</time>
      </trkpt>
      <trkpt lat="33.57095" lon="-117.7634">
        <ele>57.21</ele>
        <time>2026-05-23T15:28:21Z</time>
      </trkpt>
      <trkpt lat="33.57092" lon="-117.76339">
        <ele>56.38</ele>
        <time>2026-05-23T15:28:24Z</time>
      </trkpt>
      <trkpt lat="33.57088" lon="-117.76339">
        <ele>55.95</ele>
        <time>2026-05-23T15:28:27Z</time>
      </trkpt>
      <trkpt lat="33.57085" lon="-117.7634">
        <ele>56.06</ele>
        <time>2026-05-23T15:28:30Z</time>
      </trkpt>
      <trkpt lat="33.57082" lon="-117.7634">
        <ele>55.78</ele>
        <time>2026-05-23T15:28:33Z</time>
      </trkpt>
      <trkpt lat="33.57078" lon="-117.7634">
        <ele>55.47</ele>
        <time>2026-05-23T15:28:36Z</time>
      </trkpt>
      <trkpt lat="33.57075" lon="-117.76342">
        <ele>55.9</ele>
        <time>2026-05-23T15:28:39Z</time>
      </trkpt>
      <trkpt lat="33.57073" lon="-117.76344">
        <ele>55.9</ele>
        <time>2026-05-23T15:28:42Z</time>
      </trkpt>
      <trkpt lat="33.57071" lon="-117.76348">
        <ele>55.86</ele>
        <time>2026-05-23T15:28:44Z</time>
      </trkpt>
      <trkpt lat="33.5707" lon="-117.76352">
        <ele>56.02</ele>
        <time>2026-05-23T15:28:46Z</time>
      </trkpt>
      <trkpt lat="33.57069" lon="-117.76355">
        <ele>56.34</ele>
        <time>2026-05-23T15:28:48Z</time>
      </trkpt>
      <trkpt lat="33.57068" lon="-117.76359">
        <ele>56.77</ele>
        <time>2026-05-23T15:28:51Z</time>
      </trkpt>
      <trkpt lat="33.57066" lon="-117.76362">
        <ele>57.26</ele>
        <time>2026-05-23T15:28:53Z</time>
      </trkpt>
      <trkpt lat="33.57063" lon="-117.76363">
        <ele>58.24</ele>
        <time>2026-05-23T15:28:55Z</time>
      </trkpt>
      <trkpt lat="33.5706" lon="-117.76364">
        <ele>59.66</ele>
        <time>2026-05-23T15:28:57Z</time>
      </trkpt>
      <trkpt lat="33.57057" lon="-117.76365">
        <ele>61.15</ele>
        <time>2026-05-23T15:28:59Z</time>
      </trkpt>
      <trkpt lat="33.57054" lon="-117.76364">
        <ele>61.58</ele>
        <time>2026-05-23T15:29:01Z</time>
      </trkpt>
      <trkpt lat="33.57051" lon="-117.76364">
        <ele>62.23</ele>
        <time>2026-05-23T15:29:04Z</time>
      </trkpt>
      <trkpt lat="33.57048" lon="-117.76364">
        <ele>62.88</ele>
        <time>2026-05-23T15:29:07Z</time>
      </trkpt>
      <trkpt lat="33.57045" lon="-117.76363">
        <ele>62.93</ele>
        <time>2026-05-23T15:29:10Z</time>
      </trkpt>
      <trkpt lat="33.57047" lon="-117.7636">
        <ele>61.49</ele>
        <time>2026-05-23T15:29:19Z</time>
      </trkpt>
      <trkpt lat="33.57049" lon="-117.7636">
        <ele>61.06</ele>
        <time>2026-05-23T15:29:24Z</time>
      </trkpt>
      <trkpt lat="33.57046" lon="-117.76359">
        <ele>61.34</ele>
        <time>2026-05-23T15:29:40Z</time>
      </trkpt>
      <trkpt lat="33.57042" lon="-117.76359">
        <ele>61.67</ele>
        <time>2026-05-23T15:29:43Z</time>
      </trkpt>
      <trkpt lat="33.57039" lon="-117.7636">
        <ele>62.33</ele>
        <time>2026-05-23T15:29:46Z</time>
      </trkpt>
      <trkpt lat="33.57036" lon="-117.76362">
        <ele>63.29</ele>
        <time>2026-05-23T15:29:49Z</time>
      </trkpt>
      <trkpt lat="33.57034" lon="-117.76364">
        <ele>63.94</ele>
        <time>2026-05-23T15:29:52Z</time>
      </trkpt>
      <trkpt lat="33.57031" lon="-117.76366">
        <ele>64.58</ele>
        <time>2026-05-23T15:29:55Z</time>
      </trkpt>
      <trkpt lat="33.57029" lon="-117.76367">
        <ele>64.91</ele>
        <time>2026-05-23T15:29:58Z</time>
      </trkpt>
      <trkpt lat="33.57026" lon="-117.76369">
        <ele>65.66</ele>
        <time>2026-05-23T15:30:02Z</time>
      </trkpt>
      <trkpt lat="33.57023" lon="-117.7637">
        <ele>66.33</ele>
        <time>2026-05-23T15:30:05Z</time>
      </trkpt>
      <trkpt lat="33.57021" lon="-117.76372">
        <ele>67.13</ele>
        <time>2026-05-23T15:30:08Z</time>
      </trkpt>
      <trkpt lat="33.57018" lon="-117.76373">
        <ele>67.53</ele>
        <time>2026-05-23T15:30:11Z</time>
      </trkpt>
      <trkpt lat="33.57016" lon="-117.76375">
        <ele>67.86</ele>
        <time>2026-05-23T15:30:14Z</time>
      </trkpt>
      <trkpt lat="33.57013" lon="-117.76376">
        <ele>67.98</ele>
        <time>2026-05-23T15:30:17Z</time>
      </trkpt>
      <trkpt lat="33.5701" lon="-117.76377">
        <ele>68.17</ele>
        <time>2026-05-23T15:30:20Z</time>
      </trkpt>
      <trkpt lat="33.57007" lon="-117.76379">
        <ele>68.78</ele>
        <time>2026-05-23T15:30:23Z</time>
      </trkpt>
      <trkpt lat="33.57004" lon="-117.7638">
        <ele>69.1</ele>
        <time>2026-05-23T15:30:26Z</time>
      </trkpt>
      <trkpt lat="33.57001" lon="-117.76381">
        <ele>69.31</ele>
        <time>2026-05-23T15:30:28Z</time>
      </trkpt>
      <trkpt lat="33.56998" lon="-117.76382">
        <ele>69.3</ele>
        <time>2026-05-23T15:30:30Z</time>
      </trkpt>
      <trkpt lat="33.56995" lon="-117.76384">
        <ele>69.4</ele>
        <time>2026-05-23T15:30:33Z</time>
      </trkpt>
      <trkpt lat="33.56992" lon="-117.76385">
        <ele>69.3</ele>
        <time>2026-05-23T15:30:36Z</time>
      </trkpt>
      <trkpt lat="33.56989" lon="-117.76385">
        <ele>69.0</ele>
        <time>2026-05-23T15:30:39Z</time>
      </trkpt>
      <trkpt lat="33.56986" lon="-117.76387">
        <ele>69.38</ele>
        <time>2026-05-23T15:30:54Z</time>
      </trkpt>
      <trkpt lat="33.56983" lon="-117.76387">
        <ele>69.25</ele>
        <time>2026-05-23T15:30:56Z</time>
      </trkpt>
      <trkpt lat="33.5698" lon="-117.76388">
        <ele>69.31</ele>
        <time>2026-05-23T15:30:59Z</time>
      </trkpt>
      <trkpt lat="33.56976" lon="-117.76389">
        <ele>68.85</ele>
        <time>2026-05-23T15:31:02Z</time>
      </trkpt>
      <trkpt lat="33.56973" lon="-117.7639">
        <ele>68.52</ele>
        <time>2026-05-23T15:31:05Z</time>
      </trkpt>
      <trkpt lat="33.56969" lon="-117.76391">
        <ele>68.95</ele>
        <time>2026-05-23T15:31:08Z</time>
      </trkpt>
      <trkpt lat="33.56965" lon="-117.76392">
        <ele>69.53</ele>
        <time>2026-05-23T15:31:11Z</time>
      </trkpt>
      <trkpt lat="33.56963" lon="-117.76392">
        <ele>69.67</ele>
        <time>2026-05-23T15:31:13Z</time>
      </trkpt>
      <trkpt lat="33.5696" lon="-117.76393">
        <ele>69.57</ele>
        <time>2026-05-23T15:31:15Z</time>
      </trkpt>
      <trkpt lat="33.56956" lon="-117.76393">
        <ele>69.14</ele>
        <time>2026-05-23T15:31:18Z</time>
      </trkpt>
      <trkpt lat="33.56952" lon="-117.76394">
        <ele>68.92</ele>
        <time>2026-05-23T15:31:21Z</time>
      </trkpt>
      <trkpt lat="33.56948" lon="-117.76395">
        <ele>68.7</ele>
        <time>2026-05-23T15:31:24Z</time>
      </trkpt>
      <trkpt lat="33.56944" lon="-117.76395">
        <ele>68.29</ele>
        <time>2026-05-23T15:31:27Z</time>
      </trkpt>
      <trkpt lat="33.56941" lon="-117.76395">
        <ele>68.07</ele>
        <time>2026-05-23T15:31:30Z</time>
      </trkpt>
      <trkpt lat="33.56937" lon="-117.76396">
        <ele>67.92</ele>
        <time>2026-05-23T15:31:33Z</time>
      </trkpt>
      <trkpt lat="33.56933" lon="-117.76396">
        <ele>67.48</ele>
        <time>2026-05-23T15:31:36Z</time>
      </trkpt>
      <trkpt lat="33.5693" lon="-117.76398">
        <ele>67.42</ele>
        <time>2026-05-23T15:31:39Z</time>
      </trkpt>
      <trkpt lat="33.56926" lon="-117.764">
        <ele>67.21</ele>
        <time>2026-05-23T15:31:42Z</time>
      </trkpt>
      <trkpt lat="33.56924" lon="-117.76402">
        <ele>66.88</ele>
        <time>2026-05-23T15:31:44Z</time>
      </trkpt>
      <trkpt lat="33.56921" lon="-117.76404">
        <ele>66.37</ele>
        <time>2026-05-23T15:31:46Z</time>
      </trkpt>
      <trkpt lat="33.56919" lon="-117.76406">
        <ele>66.24</ele>
        <time>2026-05-23T15:31:48Z</time>
      </trkpt>
      <trkpt lat="33.56917" lon="-117.76408">
        <ele>66.08</ele>
        <time>2026-05-23T15:31:50Z</time>
      </trkpt>
      <trkpt lat="33.56915" lon="-117.76411">
        <ele>65.53</ele>
        <time>2026-05-23T15:31:53Z</time>
      </trkpt>
      <trkpt lat="33.56913" lon="-117.76414">
        <ele>65.09</ele>
        <time>2026-05-23T15:31:56Z</time>
      </trkpt>
      <trkpt lat="33.56912" lon="-117.76417">
        <ele>65.01</ele>
        <time>2026-05-23T15:31:59Z</time>
      </trkpt>
      <trkpt lat="33.5691" lon="-117.7642">
        <ele>64.66</ele>
        <time>2026-05-23T15:32:02Z</time>
      </trkpt>
      <trkpt lat="33.56908" lon="-117.76422">
        <ele>64.16</ele>
        <time>2026-05-23T15:32:05Z</time>
      </trkpt>
      <trkpt lat="33.56905" lon="-117.76425">
        <ele>62.99</ele>
        <time>2026-05-23T15:32:08Z</time>
      </trkpt>
      <trkpt lat="33.56903" lon="-117.76428">
        <ele>62.2</ele>
        <time>2026-05-23T15:32:11Z</time>
      </trkpt>
      <trkpt lat="33.56901" lon="-117.7643">
        <ele>61.54</ele>
        <time>2026-05-23T15:32:14Z</time>
      </trkpt>
      <trkpt lat="33.56899" lon="-117.76433">
        <ele>61.06</ele>
        <time>2026-05-23T15:32:17Z</time>
      </trkpt>
      <trkpt lat="33.56896" lon="-117.76435">
        <ele>60.51</ele>
        <time>2026-05-23T15:32:20Z</time>
      </trkpt>
      <trkpt lat="33.56892" lon="-117.76435">
        <ele>59.64</ele>
        <time>2026-05-23T15:32:23Z</time>
      </trkpt>
      <trkpt lat="33.56889" lon="-117.76436">
        <ele>59.29</ele>
        <time>2026-05-23T15:32:26Z</time>
      </trkpt>
      <trkpt lat="33.56886" lon="-117.76436">
        <ele>58.25</ele>
        <time>2026-05-23T15:32:29Z</time>
      </trkpt>
      <trkpt lat="33.56883" lon="-117.76436">
        <ele>57.19</ele>
        <time>2026-05-23T15:32:32Z</time>
      </trkpt>
      <trkpt lat="33.56881" lon="-117.76437">
        <ele>56.53</ele>
        <time>2026-05-23T15:32:35Z</time>
      </trkpt>
      <trkpt lat="33.56877" lon="-117.76437">
        <ele>55.77</ele>
        <time>2026-05-23T15:32:39Z</time>
      </trkpt>
      <trkpt lat="33.56874" lon="-117.76437">
        <ele>55.51</ele>
        <time>2026-05-23T15:32:43Z</time>
      </trkpt>
      <trkpt lat="33.56871" lon="-117.76436">
        <ele>55.15</ele>
        <time>2026-05-23T15:32:48Z</time>
      </trkpt>
      <trkpt lat="33.56868" lon="-117.76436">
        <ele>54.83</ele>
        <time>2026-05-23T15:32:53Z</time>
      </trkpt>
      <trkpt lat="33.56865" lon="-117.76436">
        <ele>54.51</ele>
        <time>2026-05-23T15:32:57Z</time>
      </trkpt>
      <trkpt lat="33.56861" lon="-117.76436">
        <ele>54.09</ele>
        <time>2026-05-23T15:33:01Z</time>
      </trkpt>
      <trkpt lat="33.56857" lon="-117.76436">
        <ele>54.05</ele>
        <time>2026-05-23T15:33:04Z</time>
      </trkpt>
      <trkpt lat="33.56854" lon="-117.76437">
        <ele>54.05</ele>
        <time>2026-05-23T15:33:06Z</time>
      </trkpt>
      <trkpt lat="33.56851" lon="-117.76437">
        <ele>53.93</ele>
        <time>2026-05-23T15:33:08Z</time>
      </trkpt>
      <trkpt lat="33.56847" lon="-117.76438">
        <ele>53.64</ele>
        <time>2026-05-23T15:33:10Z</time>
      </trkpt>
      <trkpt lat="33.56845" lon="-117.7644">
        <ele>53.64</ele>
        <time>2026-05-23T15:33:12Z</time>
      </trkpt>
      <trkpt lat="33.56842" lon="-117.76442">
        <ele>53.69</ele>
        <time>2026-05-23T15:33:14Z</time>
      </trkpt>
      <trkpt lat="33.56839" lon="-117.76443">
        <ele>53.52</ele>
        <time>2026-05-23T15:33:16Z</time>
      </trkpt>
      <trkpt lat="33.56836" lon="-117.76444">
        <ele>53.27</ele>
        <time>2026-05-23T15:33:18Z</time>
      </trkpt>
      <trkpt lat="33.56833" lon="-117.76443">
        <ele>53.03</ele>
        <time>2026-05-23T15:33:21Z</time>
      </trkpt>
      <trkpt lat="33.56829" lon="-117.76443">
        <ele>53.39</ele>
        <time>2026-05-23T15:33:24Z</time>
      </trkpt>
      <trkpt lat="33.56825" lon="-117.76442">
        <ele>53.66</ele>
        <time>2026-05-23T15:33:27Z</time>
      </trkpt>
      <trkpt lat="33.56821" lon="-117.7644">
        <ele>53.36</ele>
        <time>2026-05-23T15:33:30Z</time>
      </trkpt>
      <trkpt lat="33.56818" lon="-117.76438">
        <ele>52.85</ele>
        <time>2026-05-23T15:33:33Z</time>
      </trkpt>
      <trkpt lat="33.56815" lon="-117.76436">
        <ele>52.19</ele>
        <time>2026-05-23T15:33:36Z</time>
      </trkpt>
      <trkpt lat="33.56811" lon="-117.76434">
        <ele>51.46</ele>
        <time>2026-05-23T15:33:39Z</time>
      </trkpt>
      <trkpt lat="33.56808" lon="-117.76432">
        <ele>50.92</ele>
        <time>2026-05-23T15:33:42Z</time>
      </trkpt>
      <trkpt lat="33.56805" lon="-117.76431">
        <ele>50.55</ele>
        <time>2026-05-23T15:33:45Z</time>
      </trkpt>
      <trkpt lat="33.56801" lon="-117.76429">
        <ele>50.33</ele>
        <time>2026-05-23T15:33:48Z</time>
      </trkpt>
      <trkpt lat="33.56798" lon="-117.76427">
        <ele>50.12</ele>
        <time>2026-05-23T15:33:51Z</time>
      </trkpt>
      <trkpt lat="33.56795" lon="-117.76425">
        <ele>49.99</ele>
        <time>2026-05-23T15:33:54Z</time>
      </trkpt>
      <trkpt lat="33.56791" lon="-117.76423">
        <ele>49.82</ele>
        <time>2026-05-23T15:33:57Z</time>
      </trkpt>
      <trkpt lat="33.56788" lon="-117.76421">
        <ele>49.52</ele>
        <time>2026-05-23T15:34:00Z</time>
      </trkpt>
      <trkpt lat="33.56785" lon="-117.7642">
        <ele>49.36</ele>
        <time>2026-05-23T15:34:03Z</time>
      </trkpt>
      <trkpt lat="33.56781" lon="-117.76418">
        <ele>49.14</ele>
        <time>2026-05-23T15:34:06Z</time>
      </trkpt>
      <trkpt lat="33.56778" lon="-117.76416">
        <ele>48.93</ele>
        <time>2026-05-23T15:34:09Z</time>
      </trkpt>
      <trkpt lat="33.56775" lon="-117.76415">
        <ele>48.57</ele>
        <time>2026-05-23T15:34:12Z</time>
      </trkpt>
      <trkpt lat="33.56771" lon="-117.76415">
        <ele>48.22</ele>
        <time>2026-05-23T15:34:15Z</time>
      </trkpt>
      <trkpt lat="33.56768" lon="-117.76416">
        <ele>48.0</ele>
        <time>2026-05-23T15:34:18Z</time>
      </trkpt>
      <trkpt lat="33.56764" lon="-117.76416">
        <ele>47.96</ele>
        <time>2026-05-23T15:34:21Z</time>
      </trkpt>
      <trkpt lat="33.56761" lon="-117.76417">
        <ele>48.01</ele>
        <time>2026-05-23T15:34:24Z</time>
      </trkpt>
      <trkpt lat="33.56757" lon="-117.76419">
        <ele>48.0</ele>
        <time>2026-05-23T15:34:27Z</time>
      </trkpt>
      <trkpt lat="33.56755" lon="-117.76421">
        <ele>48.0</ele>
        <time>2026-05-23T15:34:29Z</time>
      </trkpt>
      <trkpt lat="33.56752" lon="-117.76423">
        <ele>48.0</ele>
        <time>2026-05-23T15:34:31Z</time>
      </trkpt>
      <trkpt lat="33.5675" lon="-117.76424">
        <ele>48.0</ele>
        <time>2026-05-23T15:34:33Z</time>
      </trkpt>
      <trkpt lat="33.56746" lon="-117.76427">
        <ele>48.07</ele>
        <time>2026-05-23T15:34:36Z</time>
      </trkpt>
      <trkpt lat="33.56743" lon="-117.76429">
        <ele>48.08</ele>
        <time>2026-05-23T15:34:39Z</time>
      </trkpt>
      <trkpt lat="33.56739" lon="-117.7643">
        <ele>48.08</ele>
        <time>2026-05-23T15:34:42Z</time>
      </trkpt>
      <trkpt lat="33.56736" lon="-117.76433">
        <ele>48.39</ele>
        <time>2026-05-23T15:34:45Z</time>
      </trkpt>
      <trkpt lat="33.56732" lon="-117.76435">
        <ele>48.93</ele>
        <time>2026-05-23T15:34:48Z</time>
      </trkpt>
      <trkpt lat="33.56729" lon="-117.76437">
        <ele>48.78</ele>
        <time>2026-05-23T15:34:51Z</time>
      </trkpt>
      <trkpt lat="33.56725" lon="-117.76439">
        <ele>48.59</ele>
        <time>2026-05-23T15:34:54Z</time>
      </trkpt>
      <trkpt lat="33.56722" lon="-117.7644">
        <ele>48.52</ele>
        <time>2026-05-23T15:34:57Z</time>
      </trkpt>
      <trkpt lat="33.56719" lon="-117.76442">
        <ele>48.74</ele>
        <time>2026-05-23T15:35:00Z</time>
      </trkpt>
      <trkpt lat="33.56715" lon="-117.76444">
        <ele>48.95</ele>
        <time>2026-05-23T15:35:03Z</time>
      </trkpt>
      <trkpt lat="33.56712" lon="-117.76446">
        <ele>49.06</ele>
        <time>2026-05-23T15:35:06Z</time>
      </trkpt>
      <trkpt lat="33.56708" lon="-117.76447">
        <ele>48.74</ele>
        <time>2026-05-23T15:35:09Z</time>
      </trkpt>
      <trkpt lat="33.56705" lon="-117.76448">
        <ele>48.52</ele>
        <time>2026-05-23T15:35:12Z</time>
      </trkpt>
      <trkpt lat="33.56701" lon="-117.76446">
        <ele>48.17</ele>
        <time>2026-05-23T15:35:15Z</time>
      </trkpt>
      <trkpt lat="33.56697" lon="-117.76445">
        <ele>48.06</ele>
        <time>2026-05-23T15:35:18Z</time>
      </trkpt>
      <trkpt lat="33.56694" lon="-117.76445">
        <ele>48.06</ele>
        <time>2026-05-23T15:35:21Z</time>
      </trkpt>
      <trkpt lat="33.5669" lon="-117.76444">
        <ele>47.95</ele>
        <time>2026-05-23T15:35:24Z</time>
      </trkpt>
      <trkpt lat="33.56686" lon="-117.76444">
        <ele>47.95</ele>
        <time>2026-05-23T15:35:27Z</time>
      </trkpt>
      <trkpt lat="33.56683" lon="-117.76444">
        <ele>47.73</ele>
        <time>2026-05-23T15:35:30Z</time>
      </trkpt>
      <trkpt lat="33.56679" lon="-117.76444">
        <ele>47.32</ele>
        <time>2026-05-23T15:35:33Z</time>
      </trkpt>
      <trkpt lat="33.56676" lon="-117.76444">
        <ele>47.01</ele>
        <time>2026-05-23T15:35:35Z</time>
      </trkpt>
      <trkpt lat="33.56672" lon="-117.76445">
        <ele>47.03</ele>
        <time>2026-05-23T15:35:37Z</time>
      </trkpt>
      <trkpt lat="33.5667" lon="-117.76445">
        <ele>47.02</ele>
        <time>2026-05-23T15:35:39Z</time>
      </trkpt>
      <trkpt lat="33.56666" lon="-117.76445">
        <ele>47.0</ele>
        <time>2026-05-23T15:35:42Z</time>
      </trkpt>
      <trkpt lat="33.56662" lon="-117.76445">
        <ele>47.0</ele>
        <time>2026-05-23T15:35:45Z</time>
      </trkpt>
      <trkpt lat="33.56659" lon="-117.76446">
        <ele>47.0</ele>
        <time>2026-05-23T15:35:48Z</time>
      </trkpt>
      <trkpt lat="33.56656" lon="-117.76448">
        <ele>47.0</ele>
        <time>2026-05-23T15:35:50Z</time>
      </trkpt>
      <trkpt lat="33.56654" lon="-117.76449">
        <ele>47.0</ele>
        <time>2026-05-23T15:35:52Z</time>
      </trkpt>
      <trkpt lat="33.56651" lon="-117.76452">
        <ele>47.0</ele>
        <time>2026-05-23T15:35:55Z</time>
      </trkpt>
      <trkpt lat="33.56647" lon="-117.76454">
        <ele>47.03</ele>
        <time>2026-05-23T15:35:58Z</time>
      </trkpt>
      <trkpt lat="33.56644" lon="-117.76455">
        <ele>47.08</ele>
        <time>2026-05-23T15:36:01Z</time>
      </trkpt>
      <trkpt lat="33.5664" lon="-117.76457">
        <ele>47.04</ele>
        <time>2026-05-23T15:36:04Z</time>
      </trkpt>
      <trkpt lat="33.56637" lon="-117.76458">
        <ele>47.0</ele>
        <time>2026-05-23T15:36:07Z</time>
      </trkpt>
      <trkpt lat="33.56633" lon="-117.76459">
        <ele>47.0</ele>
        <time>2026-05-23T15:36:10Z</time>
      </trkpt>
      <trkpt lat="33.56629" lon="-117.76459">
        <ele>47.0</ele>
        <time>2026-05-23T15:36:13Z</time>
      </trkpt>
      <trkpt lat="33.56625" lon="-117.7646">
        <ele>47.0</ele>
        <time>2026-05-23T15:36:16Z</time>
      </trkpt>
      <trkpt lat="33.56622" lon="-117.76461">
        <ele>47.0</ele>
        <time>2026-05-23T15:36:19Z</time>
      </trkpt>
      <trkpt lat="33.56618" lon="-117.76461">
        <ele>47.0</ele>
        <time>2026-05-23T15:36:22Z</time>
      </trkpt>
      <trkpt lat="33.56614" lon="-117.76462">
        <ele>47.0</ele>
        <time>2026-05-23T15:36:25Z</time>
      </trkpt>
      <trkpt lat="33.5661" lon="-117.76462">
        <ele>46.99</ele>
        <time>2026-05-23T15:36:28Z</time>
      </trkpt>
      <trkpt lat="33.56606" lon="-117.76462">
        <ele>46.94</ele>
        <time>2026-05-23T15:36:31Z</time>
      </trkpt>
      <trkpt lat="33.56603" lon="-117.76463">
        <ele>47.0</ele>
        <time>2026-05-23T15:36:34Z</time>
      </trkpt>
      <trkpt lat="33.56599" lon="-117.76463">
        <ele>47.0</ele>
        <time>2026-05-23T15:36:37Z</time>
      </trkpt>
      <trkpt lat="33.56595" lon="-117.76463">
        <ele>47.0</ele>
        <time>2026-05-23T15:36:40Z</time>
      </trkpt>
      <trkpt lat="33.56591" lon="-117.76463">
        <ele>47.0</ele>
        <time>2026-05-23T15:36:43Z</time>
      </trkpt>
      <trkpt lat="33.56587" lon="-117.76462">
        <ele>46.9</ele>
        <time>2026-05-23T15:36:46Z</time>
      </trkpt>
      <trkpt lat="33.56583" lon="-117.76461">
        <ele>46.79</ele>
        <time>2026-05-23T15:36:49Z</time>
      </trkpt>
      <trkpt lat="33.56579" lon="-117.76461">
        <ele>46.79</ele>
        <time>2026-05-23T15:36:52Z</time>
      </trkpt>
      <trkpt lat="33.56576" lon="-117.76462">
        <ele>46.9</ele>
        <time>2026-05-23T15:36:55Z</time>
      </trkpt>
      <trkpt lat="33.56572" lon="-117.76462">
        <ele>46.9</ele>
        <time>2026-05-23T15:36:58Z</time>
      </trkpt>
      <trkpt lat="33.56568" lon="-117.76462">
        <ele>46.9</ele>
        <time>2026-05-23T15:37:01Z</time>
      </trkpt>
      <trkpt lat="33.56564" lon="-117.76462">
        <ele>46.98</ele>
        <time>2026-05-23T15:37:04Z</time>
      </trkpt>
      <trkpt lat="33.56561" lon="-117.76462">
        <ele>47.31</ele>
        <time>2026-05-23T15:37:07Z</time>
      </trkpt>
      <trkpt lat="33.56557" lon="-117.76462">
        <ele>47.74</ele>
        <time>2026-05-23T15:37:10Z</time>
      </trkpt>
      <trkpt lat="33.56554" lon="-117.76461">
        <ele>47.92</ele>
        <time>2026-05-23T15:37:13Z</time>
      </trkpt>
      <trkpt lat="33.5655" lon="-117.7646">
        <ele>48.09</ele>
        <time>2026-05-23T15:37:16Z</time>
      </trkpt>
      <trkpt lat="33.56546" lon="-117.76459">
        <ele>48.21</ele>
        <time>2026-05-23T15:37:19Z</time>
      </trkpt>
      <trkpt lat="33.56543" lon="-117.76459">
        <ele>48.86</ele>
        <time>2026-05-23T15:37:22Z</time>
      </trkpt>
      <trkpt lat="33.56539" lon="-117.76458">
        <ele>49.5</ele>
        <time>2026-05-23T15:37:25Z</time>
      </trkpt>
      <trkpt lat="33.56537" lon="-117.76457">
        <ele>49.73</ele>
        <time>2026-05-23T15:37:30Z</time>
      </trkpt>
      <trkpt lat="33.56534" lon="-117.76456">
        <ele>50.81</ele>
        <time>2026-05-23T15:37:36Z</time>
      </trkpt>
      <trkpt lat="33.5653" lon="-117.76456">
        <ele>52.54</ele>
        <time>2026-05-23T15:37:40Z</time>
      </trkpt>
      <trkpt lat="33.56527" lon="-117.76456">
        <ele>53.66</ele>
        <time>2026-05-23T15:37:45Z</time>
      </trkpt>
      <trkpt lat="33.56524" lon="-117.76456">
        <ele>54.31</ele>
        <time>2026-05-23T15:37:49Z</time>
      </trkpt>
      <trkpt lat="33.56521" lon="-117.76455">
        <ele>54.74</ele>
        <time>2026-05-23T15:37:53Z</time>
      </trkpt>
      <trkpt lat="33.56517" lon="-117.76455">
        <ele>55.63</ele>
        <time>2026-05-23T15:37:57Z</time>
      </trkpt>
      <trkpt lat="33.56514" lon="-117.76455">
        <ele>56.32</ele>
        <time>2026-05-23T15:38:01Z</time>
      </trkpt>
      <trkpt lat="33.56511" lon="-117.76454">
        <ele>56.71</ele>
        <time>2026-05-23T15:38:04Z</time>
      </trkpt>
      <trkpt lat="33.56509" lon="-117.76454">
        <ele>57.12</ele>
        <time>2026-05-23T15:38:07Z</time>
      </trkpt>
      <trkpt lat="33.56506" lon="-117.76454">
        <ele>57.46</ele>
        <time>2026-05-23T15:38:10Z</time>
      </trkpt>
      <trkpt lat="33.56503" lon="-117.76453">
        <ele>57.5</ele>
        <time>2026-05-23T15:38:13Z</time>
      </trkpt>
      <trkpt lat="33.565" lon="-117.76452">
        <ele>57.63</ele>
        <time>2026-05-23T15:38:16Z</time>
      </trkpt>
      <trkpt lat="33.56498" lon="-117.7645">
        <ele>57.63</ele>
        <time>2026-05-23T15:38:19Z</time>
      </trkpt>
      <trkpt lat="33.56495" lon="-117.76448">
        <ele>57.85</ele>
        <time>2026-05-23T15:38:22Z</time>
      </trkpt>
      <trkpt lat="33.56492" lon="-117.76447">
        <ele>58.28</ele>
        <time>2026-05-23T15:38:25Z</time>
      </trkpt>
      <trkpt lat="33.56489" lon="-117.76445">
        <ele>58.5</ele>
        <time>2026-05-23T15:38:28Z</time>
      </trkpt>
      <trkpt lat="33.56486" lon="-117.76445">
        <ele>59.14</ele>
        <time>2026-05-23T15:38:30Z</time>
      </trkpt>
      <trkpt lat="33.56483" lon="-117.76444">
        <ele>59.47</ele>
        <time>2026-05-23T15:38:32Z</time>
      </trkpt>
      <trkpt lat="33.5648" lon="-117.76443">
        <ele>59.45</ele>
        <time>2026-05-23T15:38:35Z</time>
      </trkpt>
      <trkpt lat="33.56476" lon="-117.76441">
        <ele>59.17</ele>
        <time>2026-05-23T15:38:38Z</time>
      </trkpt>
      <trkpt lat="33.56473" lon="-117.7644">
        <ele>59.4</ele>
        <time>2026-05-23T15:38:41Z</time>
      </trkpt>
      <trkpt lat="33.5647" lon="-117.76439">
        <ele>59.65</ele>
        <time>2026-05-23T15:38:44Z</time>
      </trkpt>
      <trkpt lat="33.56467" lon="-117.76438">
        <ele>59.87</ele>
        <time>2026-05-23T15:38:47Z</time>
      </trkpt>
      <trkpt lat="33.56463" lon="-117.76438">
        <ele>60.3</ele>
        <time>2026-05-23T15:38:50Z</time>
      </trkpt>
      <trkpt lat="33.5646" lon="-117.76437">
        <ele>60.84</ele>
        <time>2026-05-23T15:38:53Z</time>
      </trkpt>
      <trkpt lat="33.56457" lon="-117.76436">
        <ele>61.38</ele>
        <time>2026-05-23T15:38:56Z</time>
      </trkpt>
      <trkpt lat="33.56454" lon="-117.76435">
        <ele>61.9</ele>
        <time>2026-05-23T15:38:59Z</time>
      </trkpt>
      <trkpt lat="33.5645" lon="-117.76435">
        <ele>61.96</ele>
        <time>2026-05-23T15:39:02Z</time>
      </trkpt>
      <trkpt lat="33.56447" lon="-117.76434">
        <ele>61.74</ele>
        <time>2026-05-23T15:39:05Z</time>
      </trkpt>
      <trkpt lat="33.56444" lon="-117.76434">
        <ele>61.74</ele>
        <time>2026-05-23T15:39:08Z</time>
      </trkpt>
      <trkpt lat="33.5644" lon="-117.76436">
        <ele>62.05</ele>
        <time>2026-05-23T15:39:11Z</time>
      </trkpt>
      <trkpt lat="33.56437" lon="-117.76438">
        <ele>62.06</ele>
        <time>2026-05-23T15:39:14Z</time>
      </trkpt>
      <trkpt lat="33.56434" lon="-117.76441">
        <ele>61.95</ele>
        <time>2026-05-23T15:39:17Z</time>
      </trkpt>
      <trkpt lat="33.56431" lon="-117.76443">
        <ele>61.93</ele>
        <time>2026-05-23T15:39:20Z</time>
      </trkpt>
      <trkpt lat="33.56428" lon="-117.76445">
        <ele>62.01</ele>
        <time>2026-05-23T15:39:23Z</time>
      </trkpt>
      <trkpt lat="33.56425" lon="-117.76447">
        <ele>62.0</ele>
        <time>2026-05-23T15:39:26Z</time>
      </trkpt>
      <trkpt lat="33.56423" lon="-117.7645">
        <ele>62.0</ele>
        <time>2026-05-23T15:39:29Z</time>
      </trkpt>
      <trkpt lat="33.56421" lon="-117.76453">
        <ele>62.0</ele>
        <time>2026-05-23T15:39:33Z</time>
      </trkpt>
      <trkpt lat="33.5642" lon="-117.76456">
        <ele>62.25</ele>
        <time>2026-05-23T15:39:36Z</time>
      </trkpt>
      <trkpt lat="33.56418" lon="-117.76459">
        <ele>62.57</ele>
        <time>2026-05-23T15:39:39Z</time>
      </trkpt>
      <trkpt lat="33.56415" lon="-117.76463">
        <ele>62.82</ele>
        <time>2026-05-23T15:39:42Z</time>
      </trkpt>
      <trkpt lat="33.56413" lon="-117.76466">
        <ele>62.6</ele>
        <time>2026-05-23T15:39:45Z</time>
      </trkpt>
      <trkpt lat="33.56411" lon="-117.76469">
        <ele>62.39</ele>
        <time>2026-05-23T15:39:48Z</time>
      </trkpt>
      <trkpt lat="33.56408" lon="-117.76471">
        <ele>62.06</ele>
        <time>2026-05-23T15:39:51Z</time>
      </trkpt>
      <trkpt lat="33.56405" lon="-117.76473">
        <ele>61.82</ele>
        <time>2026-05-23T15:39:54Z</time>
      </trkpt>
      <trkpt lat="33.56402" lon="-117.76473">
        <ele>61.5</ele>
        <time>2026-05-23T15:39:56Z</time>
      </trkpt>
      <trkpt lat="33.56399" lon="-117.76474">
        <ele>61.28</ele>
        <time>2026-05-23T15:39:58Z</time>
      </trkpt>
      <trkpt lat="33.56395" lon="-117.76474">
        <ele>60.51</ele>
        <time>2026-05-23T15:40:01Z</time>
      </trkpt>
      <trkpt lat="33.56392" lon="-117.76476">
        <ele>60.08</ele>
        <time>2026-05-23T15:40:04Z</time>
      </trkpt>
      <trkpt lat="33.56389" lon="-117.76477">
        <ele>59.54</ele>
        <time>2026-05-23T15:40:08Z</time>
      </trkpt>
      <trkpt lat="33.56386" lon="-117.76478">
        <ele>59.31</ele>
        <time>2026-05-23T15:40:12Z</time>
      </trkpt>
      <trkpt lat="33.56383" lon="-117.76479">
        <ele>59.1</ele>
        <time>2026-05-23T15:40:15Z</time>
      </trkpt>
      <trkpt lat="33.56381" lon="-117.7648">
        <ele>58.99</ele>
        <time>2026-05-23T15:40:18Z</time>
      </trkpt>
      <trkpt lat="33.56378" lon="-117.76482">
        <ele>58.66</ele>
        <time>2026-05-23T15:40:21Z</time>
      </trkpt>
      <trkpt lat="33.56375" lon="-117.76486">
        <ele>58.24</ele>
        <time>2026-05-23T15:40:24Z</time>
      </trkpt>
      <trkpt lat="33.56373" lon="-117.76489">
        <ele>58.15</ele>
        <time>2026-05-23T15:40:26Z</time>
      </trkpt>
      <trkpt lat="33.56372" lon="-117.76492">
        <ele>58.22</ele>
        <time>2026-05-23T15:40:28Z</time>
      </trkpt>
      <trkpt lat="33.5637" lon="-117.76495">
        <ele>57.94</ele>
        <time>2026-05-23T15:40:30Z</time>
      </trkpt>
      <trkpt lat="33.56368" lon="-117.76498">
        <ele>57.69</ele>
        <time>2026-05-23T15:40:32Z</time>
      </trkpt>
      <trkpt lat="33.56367" lon="-117.76501">
        <ele>57.74</ele>
        <time>2026-05-23T15:40:34Z</time>
      </trkpt>
      <trkpt lat="33.56366" lon="-117.76504">
        <ele>57.96</ele>
        <time>2026-05-23T15:40:36Z</time>
      </trkpt>
      <trkpt lat="33.56364" lon="-117.76507">
        <ele>58.07</ele>
        <time>2026-05-23T15:40:38Z</time>
      </trkpt>
      <trkpt lat="33.56363" lon="-117.7651">
        <ele>58.24</ele>
        <time>2026-05-23T15:40:40Z</time>
      </trkpt>
      <trkpt lat="33.56362" lon="-117.76514">
        <ele>58.19</ele>
        <time>2026-05-23T15:40:43Z</time>
      </trkpt>
      <trkpt lat="33.56362" lon="-117.76519">
        <ele>58.34</ele>
        <time>2026-05-23T15:40:46Z</time>
      </trkpt>
      <trkpt lat="33.5636" lon="-117.76523">
        <ele>58.24</ele>
        <time>2026-05-23T15:40:49Z</time>
      </trkpt>
      <trkpt lat="33.56358" lon="-117.76527">
        <ele>58.24</ele>
        <time>2026-05-23T15:40:52Z</time>
      </trkpt>
      <trkpt lat="33.56357" lon="-117.76531">
        <ele>58.46</ele>
        <time>2026-05-23T15:40:55Z</time>
      </trkpt>
      <trkpt lat="33.56357" lon="-117.76535">
        <ele>58.89</ele>
        <time>2026-05-23T15:40:58Z</time>
      </trkpt>
      <trkpt lat="33.56356" lon="-117.76539">
        <ele>59.11</ele>
        <time>2026-05-23T15:41:01Z</time>
      </trkpt>
      <trkpt lat="33.56355" lon="-117.76544">
        <ele>59.43</ele>
        <time>2026-05-23T15:41:04Z</time>
      </trkpt>
      <trkpt lat="33.56354" lon="-117.76548">
        <ele>59.65</ele>
        <time>2026-05-23T15:41:07Z</time>
      </trkpt>
      <trkpt lat="33.56354" lon="-117.76552">
        <ele>60.08</ele>
        <time>2026-05-23T15:41:10Z</time>
      </trkpt>
      <trkpt lat="33.56353" lon="-117.76556">
        <ele>60.25</ele>
        <time>2026-05-23T15:41:13Z</time>
      </trkpt>
      <trkpt lat="33.56352" lon="-117.7656">
        <ele>60.04</ele>
        <time>2026-05-23T15:41:16Z</time>
      </trkpt>
      <trkpt lat="33.5635" lon="-117.76562">
        <ele>59.54</ele>
        <time>2026-05-23T15:41:19Z</time>
      </trkpt>
      <trkpt lat="33.56348" lon="-117.76564">
        <ele>59.13</ele>
        <time>2026-05-23T15:41:22Z</time>
      </trkpt>
      <trkpt lat="33.56346" lon="-117.76566">
        <ele>58.78</ele>
        <time>2026-05-23T15:41:25Z</time>
      </trkpt>
      <trkpt lat="33.56343" lon="-117.76567">
        <ele>58.1</ele>
        <time>2026-05-23T15:41:28Z</time>
      </trkpt>
      <trkpt lat="33.56341" lon="-117.76568">
        <ele>57.2</ele>
        <time>2026-05-23T15:41:31Z</time>
      </trkpt>
      <trkpt lat="33.56338" lon="-117.7657">
        <ele>55.8</ele>
        <time>2026-05-23T15:41:35Z</time>
      </trkpt>
      <trkpt lat="33.56336" lon="-117.76574">
        <ele>55.15</ele>
        <time>2026-05-23T15:41:38Z</time>
      </trkpt>
      <trkpt lat="33.56336" lon="-117.76578">
        <ele>55.45</ele>
        <time>2026-05-23T15:41:40Z</time>
      </trkpt>
      <trkpt lat="33.56336" lon="-117.76582">
        <ele>55.76</ele>
        <time>2026-05-23T15:41:42Z</time>
      </trkpt>
      <trkpt lat="33.56336" lon="-117.76585">
        <ele>55.74</ele>
        <time>2026-05-23T15:41:44Z</time>
      </trkpt>
      <trkpt lat="33.56335" lon="-117.76589">
        <ele>55.04</ele>
        <time>2026-05-23T15:41:46Z</time>
      </trkpt>
      <trkpt lat="33.56334" lon="-117.76593">
        <ele>54.28</ele>
        <time>2026-05-23T15:41:49Z</time>
      </trkpt>
      <trkpt lat="33.56333" lon="-117.76598">
        <ele>53.89</ele>
        <time>2026-05-23T15:41:52Z</time>
      </trkpt>
      <trkpt lat="33.56333" lon="-117.76602">
        <ele>53.89</ele>
        <time>2026-05-23T15:41:55Z</time>
      </trkpt>
      <trkpt lat="33.56333" lon="-117.76607">
        <ele>53.89</ele>
        <time>2026-05-23T15:41:58Z</time>
      </trkpt>
      <trkpt lat="33.56332" lon="-117.76611">
        <ele>53.57</ele>
        <time>2026-05-23T15:42:01Z</time>
      </trkpt>
      <trkpt lat="33.56332" lon="-117.76615">
        <ele>53.51</ele>
        <time>2026-05-23T15:42:04Z</time>
      </trkpt>
      <trkpt lat="33.56331" lon="-117.76619">
        <ele>53.03</ele>
        <time>2026-05-23T15:42:07Z</time>
      </trkpt>
      <trkpt lat="33.56331" lon="-117.76623">
        <ele>52.5</ele>
        <time>2026-05-23T15:42:10Z</time>
      </trkpt>
      <trkpt lat="33.5633" lon="-117.76627">
        <ele>51.39</ele>
        <time>2026-05-23T15:42:13Z</time>
      </trkpt>
      <trkpt lat="33.5633" lon="-117.76631">
        <ele>50.77</ele>
        <time>2026-05-23T15:42:16Z</time>
      </trkpt>
      <trkpt lat="33.56329" lon="-117.76635">
        <ele>50.02</ele>
        <time>2026-05-23T15:42:19Z</time>
      </trkpt>
      <trkpt lat="33.56328" lon="-117.76634">
        <ele>49.8</ele>
        <time>2026-05-23T15:42:26Z</time>
      </trkpt>
      <trkpt lat="33.56327" lon="-117.76638">
        <ele>49.04</ele>
        <time>2026-05-23T15:42:32Z</time>
      </trkpt>
      <trkpt lat="33.56327" lon="-117.76641">
        <ele>48.65</ele>
        <time>2026-05-23T15:42:35Z</time>
      </trkpt>
      <trkpt lat="33.56327" lon="-117.76645">
        <ele>48.08</ele>
        <time>2026-05-23T15:42:38Z</time>
      </trkpt>
      <trkpt lat="33.56327" lon="-117.76649">
        <ele>47.54</ele>
        <time>2026-05-23T15:42:41Z</time>
      </trkpt>
      <trkpt lat="33.56328" lon="-117.76653">
        <ele>47.32</ele>
        <time>2026-05-23T15:42:44Z</time>
      </trkpt>
      <trkpt lat="33.5633" lon="-117.76656">
        <ele>47.43</ele>
        <time>2026-05-23T15:42:46Z</time>
      </trkpt>
      <trkpt lat="33.56333" lon="-117.76658">
        <ele>47.86</ele>
        <time>2026-05-23T15:42:48Z</time>
      </trkpt>
      <trkpt lat="33.56335" lon="-117.76661">
        <ele>47.97</ele>
        <time>2026-05-23T15:42:51Z</time>
      </trkpt>
      <trkpt lat="33.56336" lon="-117.76665">
        <ele>47.76</ele>
        <time>2026-05-23T15:42:54Z</time>
      </trkpt>
      <trkpt lat="33.56335" lon="-117.76669">
        <ele>46.6</ele>
        <time>2026-05-23T15:42:58Z</time>
      </trkpt>
      <trkpt lat="33.56334" lon="-117.76672">
        <ele>45.42</ele>
        <time>2026-05-23T15:43:01Z</time>
      </trkpt>
      <trkpt lat="33.56333" lon="-117.76676">
        <ele>43.88</ele>
        <time>2026-05-23T15:43:06Z</time>
      </trkpt>
      <trkpt lat="33.56333" lon="-117.7668">
        <ele>43.04</ele>
        <time>2026-05-23T15:43:13Z</time>
      </trkpt>
      <trkpt lat="33.56333" lon="-117.76684">
        <ele>42.21</ele>
        <time>2026-05-23T15:43:21Z</time>
      </trkpt>
      <trkpt lat="33.56334" lon="-117.76688">
        <ele>41.77</ele>
        <time>2026-05-23T15:43:25Z</time>
      </trkpt>
      <trkpt lat="33.56336" lon="-117.76692">
        <ele>41.55</ele>
        <time>2026-05-23T15:43:28Z</time>
      </trkpt>
      <trkpt lat="33.56338" lon="-117.76694">
        <ele>41.55</ele>
        <time>2026-05-23T15:43:30Z</time>
      </trkpt>
      <trkpt lat="33.56341" lon="-117.76697">
        <ele>41.83</ele>
        <time>2026-05-23T15:43:32Z</time>
      </trkpt>
      <trkpt lat="33.56343" lon="-117.76699">
        <ele>42.0</ele>
        <time>2026-05-23T15:43:34Z</time>
      </trkpt>
      <trkpt lat="33.56345" lon="-117.76702">
        <ele>42.0</ele>
        <time>2026-05-23T15:43:36Z</time>
      </trkpt>
      <trkpt lat="33.56347" lon="-117.76705">
        <ele>41.93</ele>
        <time>2026-05-23T15:43:38Z</time>
      </trkpt>
      <trkpt lat="33.56349" lon="-117.76709">
        <ele>41.6</ele>
        <time>2026-05-23T15:43:40Z</time>
      </trkpt>
      <trkpt lat="33.5635" lon="-117.76713">
        <ele>41.2</ele>
        <time>2026-05-23T15:43:42Z</time>
      </trkpt>
      <trkpt lat="33.56351" lon="-117.76717">
        <ele>41.05</ele>
        <time>2026-05-23T15:43:44Z</time>
      </trkpt>
      <trkpt lat="33.56352" lon="-117.7672">
        <ele>41.0</ele>
        <time>2026-05-23T15:43:46Z</time>
      </trkpt>
      <trkpt lat="33.56353" lon="-117.76724">
        <ele>41.0</ele>
        <time>2026-05-23T15:43:49Z</time>
      </trkpt>
      <trkpt lat="33.56356" lon="-117.76728">
        <ele>41.0</ele>
        <time>2026-05-23T15:43:52Z</time>
      </trkpt>
      <trkpt lat="33.56358" lon="-117.76731">
        <ele>41.0</ele>
        <time>2026-05-23T15:43:55Z</time>
      </trkpt>
      <trkpt lat="33.5636" lon="-117.76735">
        <ele>41.0</ele>
        <time>2026-05-23T15:43:58Z</time>
      </trkpt>
      <trkpt lat="33.56363" lon="-117.76738">
        <ele>41.2</ele>
        <time>2026-05-23T15:44:01Z</time>
      </trkpt>
      <trkpt lat="33.56366" lon="-117.76741">
        <ele>41.53</ele>
        <time>2026-05-23T15:44:04Z</time>
      </trkpt>
      <trkpt lat="33.56369" lon="-117.76744">
        <ele>41.85</ele>
        <time>2026-05-23T15:44:07Z</time>
      </trkpt>
      <trkpt lat="33.56371" lon="-117.76747">
        <ele>42.07</ele>
        <time>2026-05-23T15:44:10Z</time>
      </trkpt>
      <trkpt lat="33.56373" lon="-117.76751">
        <ele>42.25</ele>
        <time>2026-05-23T15:44:13Z</time>
      </trkpt>
      <trkpt lat="33.56375" lon="-117.76754">
        <ele>42.28</ele>
        <time>2026-05-23T15:44:16Z</time>
      </trkpt>
      <trkpt lat="33.56377" lon="-117.76758">
        <ele>42.1</ele>
        <time>2026-05-23T15:44:19Z</time>
      </trkpt>
      <trkpt lat="33.56378" lon="-117.76762">
        <ele>42.0</ele>
        <time>2026-05-23T15:44:22Z</time>
      </trkpt>
      <trkpt lat="33.56379" lon="-117.76766">
        <ele>42.0</ele>
        <time>2026-05-23T15:44:25Z</time>
      </trkpt>
      <trkpt lat="33.56378" lon="-117.76769">
        <ele>42.0</ele>
        <time>2026-05-23T15:44:27Z</time>
      </trkpt>
      <trkpt lat="33.56375" lon="-117.76772">
        <ele>42.0</ele>
        <time>2026-05-23T15:44:29Z</time>
      </trkpt>
      <trkpt lat="33.56374" lon="-117.76776">
        <ele>42.0</ele>
        <time>2026-05-23T15:44:32Z</time>
      </trkpt>
      <trkpt lat="33.56374" lon="-117.7678">
        <ele>42.0</ele>
        <time>2026-05-23T15:44:35Z</time>
      </trkpt>
      <trkpt lat="33.56373" lon="-117.76784">
        <ele>42.0</ele>
        <time>2026-05-23T15:44:38Z</time>
      </trkpt>
      <trkpt lat="33.56372" lon="-117.76789">
        <ele>42.0</ele>
        <time>2026-05-23T15:44:41Z</time>
      </trkpt>
      <trkpt lat="33.56372" lon="-117.76793">
        <ele>42.0</ele>
        <time>2026-05-23T15:44:44Z</time>
      </trkpt>
      <trkpt lat="33.56371" lon="-117.76797">
        <ele>42.0</ele>
        <time>2026-05-23T15:44:47Z</time>
      </trkpt>
      <trkpt lat="33.56371" lon="-117.76802">
        <ele>42.0</ele>
        <time>2026-05-23T15:44:50Z</time>
      </trkpt>
      <trkpt lat="33.56373" lon="-117.76806">
        <ele>42.0</ele>
        <time>2026-05-23T15:44:53Z</time>
      </trkpt>
      <trkpt lat="33.56375" lon="-117.76809">
        <ele>42.0</ele>
        <time>2026-05-23T15:44:55Z</time>
      </trkpt>
      <trkpt lat="33.56377" lon="-117.76811">
        <ele>42.0</ele>
        <time>2026-05-23T15:44:57Z</time>
      </trkpt>
      <trkpt lat="33.5638" lon="-117.76814">
        <ele>42.19</ele>
        <time>2026-05-23T15:44:59Z</time>
      </trkpt>
      <trkpt lat="33.56383" lon="-117.76814">
        <ele>43.76</ele>
        <time>2026-05-23T15:45:03Z</time>
      </trkpt>
      <trkpt lat="33.56383" lon="-117.76811">
        <ele>43.52</ele>
        <time>2026-05-23T15:45:07Z</time>
      </trkpt>
      <trkpt lat="33.56381" lon="-117.76807">
        <ele>42.49</ele>
        <time>2026-05-23T15:45:13Z</time>
      </trkpt>
      <trkpt lat="33.56378" lon="-117.76806">
        <ele>42.0</ele>
        <time>2026-05-23T15:45:16Z</time>
      </trkpt>
      <trkpt lat="33.56379" lon="-117.7681">
        <ele>42.0</ele>
        <time>2026-05-23T15:46:42Z</time>
      </trkpt>
      <trkpt lat="33.5638" lon="-117.76816">
        <ele>42.2</ele>
        <time>2026-05-23T15:46:48Z</time>
      </trkpt>
      <trkpt lat="33.5638" lon="-117.76822">
        <ele>42.2</ele>
        <time>2026-05-23T15:46:50Z</time>
      </trkpt>
      <trkpt lat="33.56381" lon="-117.76827">
        <ele>42.79</ele>
        <time>2026-05-23T15:46:53Z</time>
      </trkpt>
      <trkpt lat="33.56382" lon="-117.76831">
        <ele>43.47</ele>
        <time>2026-05-23T15:46:59Z</time>
      </trkpt>
      <trkpt lat="33.56383" lon="-117.76835">
        <ele>44.36</ele>
        <time>2026-05-23T15:47:04Z</time>
      </trkpt>
      <trkpt lat="33.56384" lon="-117.76838">
        <ele>45.34</ele>
        <time>2026-05-23T15:47:09Z</time>
      </trkpt>
      <trkpt lat="33.56387" lon="-117.76841">
        <ele>47.6</ele>
        <time>2026-05-23T15:47:12Z</time>
      </trkpt>
      <trkpt lat="33.56389" lon="-117.76843">
        <ele>49.16</ele>
        <time>2026-05-23T15:47:15Z</time>
      </trkpt>
      <trkpt lat="33.5639" lon="-117.76846">
        <ele>50.41</ele>
        <time>2026-05-23T15:47:19Z</time>
      </trkpt>
      <trkpt lat="33.5639" lon="-117.7685">
        <ele>51.22</ele>
        <time>2026-05-23T15:47:23Z</time>
      </trkpt>
      <trkpt lat="33.56389" lon="-117.76854">
        <ele>51.06</ele>
        <time>2026-05-23T15:47:27Z</time>
      </trkpt>
      <trkpt lat="33.56388" lon="-117.76858">
        <ele>50.36</ele>
        <time>2026-05-23T15:47:31Z</time>
      </trkpt>
      <trkpt lat="33.56388" lon="-117.76862">
        <ele>50.52</ele>
        <time>2026-05-23T15:47:35Z</time>
      </trkpt>
      <trkpt lat="33.56387" lon="-117.76865">
        <ele>50.2</ele>
        <time>2026-05-23T15:47:39Z</time>
      </trkpt>
      <trkpt lat="33.56387" lon="-117.76869">
        <ele>50.63</ele>
        <time>2026-05-23T15:47:43Z</time>
      </trkpt>
      <trkpt lat="33.56386" lon="-117.76873">
        <ele>50.78</ele>
        <time>2026-05-23T15:47:47Z</time>
      </trkpt>
      <trkpt lat="33.56386" lon="-117.76876">
        <ele>51.53</ele>
        <time>2026-05-23T15:47:50Z</time>
      </trkpt>
      <trkpt lat="33.56385" lon="-117.76879">
        <ele>51.74</ele>
        <time>2026-05-23T15:47:53Z</time>
      </trkpt>
      <trkpt lat="33.56385" lon="-117.76884">
        <ele>52.77</ele>
        <time>2026-05-23T15:47:56Z</time>
      </trkpt>
      <trkpt lat="33.56384" lon="-117.76888">
        <ele>53.22</ele>
        <time>2026-05-23T15:47:59Z</time>
      </trkpt>
      <trkpt lat="33.56385" lon="-117.76891">
        <ele>53.97</ele>
        <time>2026-05-23T15:48:02Z</time>
      </trkpt>
      <trkpt lat="33.56384" lon="-117.76895">
        <ele>54.08</ele>
        <time>2026-05-23T15:48:06Z</time>
      </trkpt>
      <trkpt lat="33.56383" lon="-117.76897">
        <ele>53.97</ele>
        <time>2026-05-23T15:48:11Z</time>
      </trkpt>
      <trkpt lat="33.56382" lon="-117.76901">
        <ele>53.85</ele>
        <time>2026-05-23T15:48:18Z</time>
      </trkpt>
      <trkpt lat="33.56382" lon="-117.76904">
        <ele>53.93</ele>
        <time>2026-05-23T15:48:23Z</time>
      </trkpt>
      <trkpt lat="33.56382" lon="-117.76908">
        <ele>54.01</ele>
        <time>2026-05-23T15:48:29Z</time>
      </trkpt>
      <trkpt lat="33.56382" lon="-117.76911">
        <ele>53.92</ele>
        <time>2026-05-23T15:48:34Z</time>
      </trkpt>
      <trkpt lat="33.5638" lon="-117.76915">
        <ele>53.13</ele>
        <time>2026-05-23T15:48:40Z</time>
      </trkpt>
      <trkpt lat="33.56378" lon="-117.76917">
        <ele>52.27</ele>
        <time>2026-05-23T15:48:46Z</time>
      </trkpt>
      <trkpt lat="33.56375" lon="-117.76918">
        <ele>50.93</ele>
        <time>2026-05-23T15:48:50Z</time>
      </trkpt>
      <trkpt lat="33.56373" lon="-117.7692">
        <ele>50.03</ele>
        <time>2026-05-23T15:48:55Z</time>
      </trkpt>
      <trkpt lat="33.56372" lon="-117.76924">
        <ele>49.56</ele>
        <time>2026-05-23T15:49:02Z</time>
      </trkpt>
      <trkpt lat="33.56371" lon="-117.76927">
        <ele>48.86</ele>
        <time>2026-05-23T15:49:11Z</time>
      </trkpt>
      <trkpt lat="33.56369" lon="-117.7693">
        <ele>46.84</ele>
        <time>2026-05-23T15:49:19Z</time>
      </trkpt>
      <trkpt lat="33.56368" lon="-117.76934">
        <ele>45.26</ele>
        <time>2026-05-23T15:49:26Z</time>
      </trkpt>
      <trkpt lat="33.56368" lon="-117.76937">
        <ele>44.73</ele>
        <time>2026-05-23T15:49:32Z</time>
      </trkpt>
      <trkpt lat="33.56367" lon="-117.7694">
        <ele>44.07</ele>
        <time>2026-05-23T15:49:37Z</time>
      </trkpt>
      <trkpt lat="33.56365" lon="-117.76943">
        <ele>43.46</ele>
        <time>2026-05-23T15:49:41Z</time>
      </trkpt>
      <trkpt lat="33.56365" lon="-117.76946">
        <ele>43.25</ele>
        <time>2026-05-23T15:49:43Z</time>
      </trkpt>
      <trkpt lat="33.56364" lon="-117.76951">
        <ele>42.6</ele>
        <time>2026-05-23T15:49:45Z</time>
      </trkpt>
      <trkpt lat="33.56363" lon="-117.76955">
        <ele>42.2</ele>
        <time>2026-05-23T15:49:47Z</time>
      </trkpt>
      <trkpt lat="33.56362" lon="-117.76958">
        <ele>42.1</ele>
        <time>2026-05-23T15:49:49Z</time>
      </trkpt>
      <trkpt lat="33.56362" lon="-117.76962">
        <ele>42.1</ele>
        <time>2026-05-23T15:49:51Z</time>
      </trkpt>
      <trkpt lat="33.56361" lon="-117.76965">
        <ele>42.0</ele>
        <time>2026-05-23T15:49:53Z</time>
      </trkpt>
      <trkpt lat="33.56361" lon="-117.76968">
        <ele>42.0</ele>
        <time>2026-05-23T15:49:55Z</time>
      </trkpt>
      <trkpt lat="33.56359" lon="-117.76971">
        <ele>42.0</ele>
        <time>2026-05-23T15:49:57Z</time>
      </trkpt>
      <trkpt lat="33.56357" lon="-117.76974">
        <ele>42.11</ele>
        <time>2026-05-23T15:49:59Z</time>
      </trkpt>
      <trkpt lat="33.56354" lon="-117.76976">
        <ele>42.09</ele>
        <time>2026-05-23T15:50:01Z</time>
      </trkpt>
      <trkpt lat="33.56352" lon="-117.76979">
        <ele>42.01</ele>
        <time>2026-05-23T15:50:03Z</time>
      </trkpt>
      <trkpt lat="33.5635" lon="-117.76981">
        <ele>42.0</ele>
        <time>2026-05-23T15:50:05Z</time>
      </trkpt>
      <trkpt lat="33.56347" lon="-117.76982">
        <ele>41.95</ele>
        <time>2026-05-23T15:50:08Z</time>
      </trkpt>
      <trkpt lat="33.56344" lon="-117.76984">
        <ele>41.92</ele>
        <time>2026-05-23T15:50:11Z</time>
      </trkpt>
      <trkpt lat="33.56341" lon="-117.76986">
        <ele>41.83</ele>
        <time>2026-05-23T15:50:14Z</time>
      </trkpt>
      <trkpt lat="33.56339" lon="-117.7699">
        <ele>41.61</ele>
        <time>2026-05-23T15:50:17Z</time>
      </trkpt>
      <trkpt lat="33.56338" lon="-117.76994">
        <ele>41.5</ele>
        <time>2026-05-23T15:50:20Z</time>
      </trkpt>
      <trkpt lat="33.5634" lon="-117.76998">
        <ele>41.72</ele>
        <time>2026-05-23T15:50:23Z</time>
      </trkpt>
      <trkpt lat="33.56342" lon="-117.77">
        <ele>41.94</ele>
        <time>2026-05-23T15:50:25Z</time>
      </trkpt>
      <trkpt lat="33.56345" lon="-117.77003">
        <ele>42.08</ele>
        <time>2026-05-23T15:50:27Z</time>
      </trkpt>
      <trkpt lat="33.56346" lon="-117.77005">
        <ele>42.2</ele>
        <time>2026-05-23T15:50:29Z</time>
      </trkpt>
      <trkpt lat="33.56346" lon="-117.7701">
        <ele>42.32</ele>
        <time>2026-05-23T15:50:32Z</time>
      </trkpt>
      <trkpt lat="33.56344" lon="-117.77014">
        <ele>41.72</ele>
        <time>2026-05-23T15:50:35Z</time>
      </trkpt>
      <trkpt lat="33.56343" lon="-117.77016">
        <ele>41.35</ele>
        <time>2026-05-23T15:50:37Z</time>
      </trkpt>
      <trkpt lat="33.56341" lon="-117.7702">
        <ele>41.13</ele>
        <time>2026-05-23T15:50:40Z</time>
      </trkpt>
      <trkpt lat="33.56341" lon="-117.77017">
        <ele>41.14</ele>
        <time>2026-05-23T15:51:00Z</time>
      </trkpt>
      <trkpt lat="33.56344" lon="-117.77018">
        <ele>41.35</ele>
        <time>2026-05-23T15:51:21Z</time>
      </trkpt>
      <trkpt lat="33.56346" lon="-117.7702">
        <ele>41.9</ele>
        <time>2026-05-23T15:51:27Z</time>
      </trkpt>
      <trkpt lat="33.56349" lon="-117.7702">
        <ele>42.54</ele>
        <time>2026-05-23T15:51:29Z</time>
      </trkpt>
      <trkpt lat="33.56352" lon="-117.77021">
        <ele>43.3</ele>
        <time>2026-05-23T15:51:31Z</time>
      </trkpt>
      <trkpt lat="33.56355" lon="-117.77023">
        <ele>44.16</ele>
        <time>2026-05-23T15:51:34Z</time>
      </trkpt>
      <trkpt lat="33.56358" lon="-117.77026">
        <ele>45.14</ele>
        <time>2026-05-23T15:51:40Z</time>
      </trkpt>
      <trkpt lat="33.56359" lon="-117.77029">
        <ele>45.78</ele>
        <time>2026-05-23T15:51:43Z</time>
      </trkpt>
      <trkpt lat="33.5636" lon="-117.77032">
        <ele>46.62</ele>
        <time>2026-05-23T15:51:47Z</time>
      </trkpt>
      <trkpt lat="33.56362" lon="-117.77035">
        <ele>47.75</ele>
        <time>2026-05-23T15:51:52Z</time>
      </trkpt>
      <trkpt lat="33.56364" lon="-117.77037">
        <ele>48.62</ele>
        <time>2026-05-23T15:51:57Z</time>
      </trkpt>
      <trkpt lat="33.56366" lon="-117.7704">
        <ele>49.09</ele>
        <time>2026-05-23T15:52:02Z</time>
      </trkpt>
      <trkpt lat="33.56369" lon="-117.77042">
        <ele>50.46</ele>
        <time>2026-05-23T15:52:07Z</time>
      </trkpt>
      <trkpt lat="33.56371" lon="-117.77044">
        <ele>51.57</ele>
        <time>2026-05-23T15:52:11Z</time>
      </trkpt>
      <trkpt lat="33.56373" lon="-117.77046">
        <ele>52.22</ele>
        <time>2026-05-23T15:52:16Z</time>
      </trkpt>
      <trkpt lat="33.56375" lon="-117.77048">
        <ele>52.78</ele>
        <time>2026-05-23T15:52:21Z</time>
      </trkpt>
      <trkpt lat="33.56377" lon="-117.77051">
        <ele>53.59</ele>
        <time>2026-05-23T15:52:26Z</time>
      </trkpt>
      <trkpt lat="33.56379" lon="-117.77053">
        <ele>54.33</ele>
        <time>2026-05-23T15:52:31Z</time>
      </trkpt>
      <trkpt lat="33.5638" lon="-117.77056">
        <ele>55.18</ele>
        <time>2026-05-23T15:52:38Z</time>
      </trkpt>
      <trkpt lat="33.56382" lon="-117.77058">
        <ele>56.04</ele>
        <time>2026-05-23T15:52:52Z</time>
      </trkpt>
      <trkpt lat="33.56384" lon="-117.7706">
        <ele>56.9</ele>
        <time>2026-05-23T15:52:56Z</time>
      </trkpt>
      <trkpt lat="33.56386" lon="-117.77062">
        <ele>57.77</ele>
        <time>2026-05-23T15:53:00Z</time>
      </trkpt>
      <trkpt lat="33.56387" lon="-117.77065">
        <ele>58.61</ele>
        <time>2026-05-23T15:53:05Z</time>
      </trkpt>
      <trkpt lat="33.56389" lon="-117.77068">
        <ele>59.71</ele>
        <time>2026-05-23T15:53:10Z</time>
      </trkpt>
      <trkpt lat="33.5639" lon="-117.77071">
        <ele>60.58</ele>
        <time>2026-05-23T15:53:15Z</time>
      </trkpt>
      <trkpt lat="33.56392" lon="-117.77074">
        <ele>61.66</ele>
        <time>2026-05-23T15:53:20Z</time>
      </trkpt>
      <trkpt lat="33.56393" lon="-117.77077">
        <ele>62.66</ele>
        <time>2026-05-23T15:53:25Z</time>
      </trkpt>
      <trkpt lat="33.56392" lon="-117.7708">
        <ele>63.17</ele>
        <time>2026-05-23T15:53:31Z</time>
      </trkpt>
      <trkpt lat="33.56392" lon="-117.77084">
        <ele>64.25</ele>
        <time>2026-05-23T15:53:48Z</time>
      </trkpt>
      <trkpt lat="33.56393" lon="-117.77088">
        <ele>65.9</ele>
        <time>2026-05-23T15:53:53Z</time>
      </trkpt>
      <trkpt lat="33.56393" lon="-117.77091">
        <ele>66.91</ele>
        <time>2026-05-23T15:53:57Z</time>
      </trkpt>
      <trkpt lat="33.56393" lon="-117.77094">
        <ele>67.85</ele>
        <time>2026-05-23T15:54:01Z</time>
      </trkpt>
      <trkpt lat="33.56393" lon="-117.77098">
        <ele>69.0</ele>
        <time>2026-05-23T15:54:06Z</time>
      </trkpt>
      <trkpt lat="33.56394" lon="-117.77101">
        <ele>69.68</ele>
        <time>2026-05-23T15:54:11Z</time>
      </trkpt>
      <trkpt lat="33.56395" lon="-117.77104">
        <ele>70.45</ele>
        <time>2026-05-23T15:54:16Z</time>
      </trkpt>
      <trkpt lat="33.56398" lon="-117.77106">
        <ele>70.81</ele>
        <time>2026-05-23T15:54:20Z</time>
      </trkpt>
      <trkpt lat="33.56402" lon="-117.77107">
        <ele>71.78</ele>
        <time>2026-05-23T15:54:23Z</time>
      </trkpt>
      <trkpt lat="33.56404" lon="-117.77109">
        <ele>72.52</ele>
        <time>2026-05-23T15:54:28Z</time>
      </trkpt>
      <trkpt lat="33.56407" lon="-117.7711">
        <ele>72.86</ele>
        <time>2026-05-23T15:54:36Z</time>
      </trkpt>
      <trkpt lat="33.5641" lon="-117.77109">
        <ele>73.18</ele>
        <time>2026-05-23T15:54:40Z</time>
      </trkpt>
      <trkpt lat="33.56413" lon="-117.77109">
        <ele>73.65</ele>
        <time>2026-05-23T15:54:45Z</time>
      </trkpt>
      <trkpt lat="33.56416" lon="-117.77109">
        <ele>74.12</ele>
        <time>2026-05-23T15:54:49Z</time>
      </trkpt>
      <trkpt lat="33.56419" lon="-117.77111">
        <ele>74.52</ele>
        <time>2026-05-23T15:54:53Z</time>
      </trkpt>
      <trkpt lat="33.56421" lon="-117.77113">
        <ele>75.25</ele>
        <time>2026-05-23T15:54:56Z</time>
      </trkpt>
      <trkpt lat="33.56423" lon="-117.77116">
        <ele>76.06</ele>
        <time>2026-05-23T15:55:00Z</time>
      </trkpt>
      <trkpt lat="33.56423" lon="-117.7712">
        <ele>76.63</ele>
        <time>2026-05-23T15:55:05Z</time>
      </trkpt>
      <trkpt lat="33.56422" lon="-117.77123">
        <ele>77.38</ele>
        <time>2026-05-23T15:55:10Z</time>
      </trkpt>
      <trkpt lat="33.56422" lon="-117.77126">
        <ele>78.31</ele>
        <time>2026-05-23T15:55:15Z</time>
      </trkpt>
      <trkpt lat="33.56422" lon="-117.77129">
        <ele>79.23</ele>
        <time>2026-05-23T15:55:22Z</time>
      </trkpt>
      <trkpt lat="33.56425" lon="-117.77132">
        <ele>79.87</ele>
        <time>2026-05-23T15:55:28Z</time>
      </trkpt>
      <trkpt lat="33.56427" lon="-117.7713">
        <ele>79.23</ele>
        <time>2026-05-23T15:55:39Z</time>
      </trkpt>
      <trkpt lat="33.5643" lon="-117.77132">
        <ele>80.1</ele>
        <time>2026-05-23T15:56:59Z</time>
      </trkpt>
      <trkpt lat="33.56431" lon="-117.77134">
        <ele>80.71</ele>
        <time>2026-05-23T15:57:08Z</time>
      </trkpt>
      <trkpt lat="33.56433" lon="-117.77137">
        <ele>81.54</ele>
        <time>2026-05-23T15:57:16Z</time>
      </trkpt>
      <trkpt lat="33.56434" lon="-117.7714">
        <ele>82.48</ele>
        <time>2026-05-23T15:57:18Z</time>
      </trkpt>
      <trkpt lat="33.56437" lon="-117.77143">
        <ele>83.88</ele>
        <time>2026-05-23T15:57:20Z</time>
      </trkpt>
      <trkpt lat="33.5644" lon="-117.77145">
        <ele>84.82</ele>
        <time>2026-05-23T15:57:22Z</time>
      </trkpt>
      <trkpt lat="33.56443" lon="-117.77147">
        <ele>85.61</ele>
        <time>2026-05-23T15:57:25Z</time>
      </trkpt>
      <trkpt lat="33.56445" lon="-117.77149">
        <ele>86.33</ele>
        <time>2026-05-23T15:57:28Z</time>
      </trkpt>
      <trkpt lat="33.56448" lon="-117.77151">
        <ele>87.19</ele>
        <time>2026-05-23T15:57:32Z</time>
      </trkpt>
      <trkpt lat="33.5645" lon="-117.77154">
        <ele>88.12</ele>
        <time>2026-05-23T15:57:37Z</time>
      </trkpt>
      <trkpt lat="33.56451" lon="-117.77156">
        <ele>88.65</ele>
        <time>2026-05-23T15:57:43Z</time>
      </trkpt>
      <trkpt lat="33.56453" lon="-117.77159">
        <ele>89.34</ele>
        <time>2026-05-23T15:57:49Z</time>
      </trkpt>
      <trkpt lat="33.56455" lon="-117.77162">
        <ele>90.13</ele>
        <time>2026-05-23T15:57:54Z</time>
      </trkpt>
      <trkpt lat="33.56457" lon="-117.77165">
        <ele>91.0</ele>
        <time>2026-05-23T15:57:59Z</time>
      </trkpt>
      <trkpt lat="33.56459" lon="-117.77167">
        <ele>91.64</ele>
        <time>2026-05-23T15:58:03Z</time>
      </trkpt>
      <trkpt lat="33.56462" lon="-117.77169">
        <ele>92.2</ele>
        <time>2026-05-23T15:58:07Z</time>
      </trkpt>
      <trkpt lat="33.56465" lon="-117.7717">
        <ele>92.58</ele>
        <time>2026-05-23T15:58:11Z</time>
      </trkpt>
      <trkpt lat="33.56467" lon="-117.77172">
        <ele>93.01</ele>
        <time>2026-05-23T15:58:15Z</time>
      </trkpt>
      <trkpt lat="33.5647" lon="-117.77174">
        <ele>93.55</ele>
        <time>2026-05-23T15:58:19Z</time>
      </trkpt>
      <trkpt lat="33.56472" lon="-117.77176">
        <ele>94.0</ele>
        <time>2026-05-23T15:58:23Z</time>
      </trkpt>
      <trkpt lat="33.56472" lon="-117.77179">
        <ele>94.97</ele>
        <time>2026-05-23T15:58:29Z</time>
      </trkpt>
      <trkpt lat="33.5647" lon="-117.77182">
        <ele>95.73</ele>
        <time>2026-05-23T15:58:34Z</time>
      </trkpt>
      <trkpt lat="33.56469" lon="-117.77185">
        <ele>96.59</ele>
        <time>2026-05-23T15:58:39Z</time>
      </trkpt>
      <trkpt lat="33.56468" lon="-117.77188">
        <ele>97.29</ele>
        <time>2026-05-23T15:58:44Z</time>
      </trkpt>
      <trkpt lat="33.56466" lon="-117.77191">
        <ele>98.01</ele>
        <time>2026-05-23T15:58:48Z</time>
      </trkpt>
      <trkpt lat="33.56464" lon="-117.77193">
        <ele>98.55</ele>
        <time>2026-05-23T15:58:52Z</time>
      </trkpt>
      <trkpt lat="33.56462" lon="-117.77196">
        <ele>99.32</ele>
        <time>2026-05-23T15:58:56Z</time>
      </trkpt>
      <trkpt lat="33.56461" lon="-117.772">
        <ele>100.07</ele>
        <time>2026-05-23T15:59:00Z</time>
      </trkpt>
      <trkpt lat="33.56459" lon="-117.77202">
        <ele>100.28</ele>
        <time>2026-05-23T15:59:04Z</time>
      </trkpt>
      <trkpt lat="33.56456" lon="-117.77204">
        <ele>100.34</ele>
        <time>2026-05-23T15:59:08Z</time>
      </trkpt>
      <trkpt lat="33.56453" lon="-117.77206">
        <ele>100.74</ele>
        <time>2026-05-23T15:59:11Z</time>
      </trkpt>
      <trkpt lat="33.5645" lon="-117.77207">
        <ele>101.07</ele>
        <time>2026-05-23T15:59:14Z</time>
      </trkpt>
      <trkpt lat="33.56449" lon="-117.7721">
        <ele>102.04</ele>
        <time>2026-05-23T15:59:21Z</time>
      </trkpt>
      <trkpt lat="33.56451" lon="-117.77213">
        <ele>103.01</ele>
        <time>2026-05-23T15:59:37Z</time>
      </trkpt>
      <trkpt lat="33.56452" lon="-117.77216">
        <ele>103.92</ele>
        <time>2026-05-23T15:59:44Z</time>
      </trkpt>
      <trkpt lat="33.56454" lon="-117.77217">
        <ele>104.34</ele>
        <time>2026-05-23T15:59:50Z</time>
      </trkpt>
      <trkpt lat="33.56457" lon="-117.77218">
        <ele>104.99</ele>
        <time>2026-05-23T15:59:55Z</time>
      </trkpt>
      <trkpt lat="33.56459" lon="-117.7722">
        <ele>105.85</ele>
        <time>2026-05-23T16:00:00Z</time>
      </trkpt>
      <trkpt lat="33.56461" lon="-117.77222">
        <ele>106.72</ele>
        <time>2026-05-23T16:00:05Z</time>
      </trkpt>
      <trkpt lat="33.56463" lon="-117.77225">
        <ele>107.91</ele>
        <time>2026-05-23T16:00:10Z</time>
      </trkpt>
      <trkpt lat="33.56465" lon="-117.77228">
        <ele>109.17</ele>
        <time>2026-05-23T16:00:14Z</time>
      </trkpt>
      <trkpt lat="33.56466" lon="-117.77231">
        <ele>110.19</ele>
        <time>2026-05-23T16:00:17Z</time>
      </trkpt>
      <trkpt lat="33.56467" lon="-117.77234">
        <ele>110.98</ele>
        <time>2026-05-23T16:00:21Z</time>
      </trkpt>
      <trkpt lat="33.56469" lon="-117.77237">
        <ele>111.84</ele>
        <time>2026-05-23T16:00:26Z</time>
      </trkpt>
      <trkpt lat="33.56471" lon="-117.7724">
        <ele>112.71</ele>
        <time>2026-05-23T16:00:32Z</time>
      </trkpt>
      <trkpt lat="33.56473" lon="-117.77242">
        <ele>113.22</ele>
        <time>2026-05-23T16:00:37Z</time>
      </trkpt>
      <trkpt lat="33.56476" lon="-117.77242">
        <ele>113.54</ele>
        <time>2026-05-23T16:00:44Z</time>
      </trkpt>
      <trkpt lat="33.56477" lon="-117.77245">
        <ele>113.98</ele>
        <time>2026-05-23T16:01:54Z</time>
      </trkpt>
      <trkpt lat="33.56477" lon="-117.7725">
        <ele>114.52</ele>
        <time>2026-05-23T16:01:58Z</time>
      </trkpt>
      <trkpt lat="33.56477" lon="-117.77257">
        <ele>116.03</ele>
        <time>2026-05-23T16:02:00Z</time>
      </trkpt>
      <trkpt lat="33.56477" lon="-117.77261">
        <ele>116.52</ele>
        <time>2026-05-23T16:02:02Z</time>
      </trkpt>
      <trkpt lat="33.56479" lon="-117.77263">
        <ele>116.73</ele>
        <time>2026-05-23T16:02:05Z</time>
      </trkpt>
      <trkpt lat="33.56483" lon="-117.77262">
        <ele>117.33</ele>
        <time>2026-05-23T16:02:08Z</time>
      </trkpt>
      <trkpt lat="33.56487" lon="-117.77263">
        <ele>118.19</ele>
        <time>2026-05-23T16:02:11Z</time>
      </trkpt>
      <trkpt lat="33.5649" lon="-117.77265">
        <ele>118.84</ele>
        <time>2026-05-23T16:02:15Z</time>
      </trkpt>
      <trkpt lat="33.56492" lon="-117.77267">
        <ele>119.14</ele>
        <time>2026-05-23T16:02:19Z</time>
      </trkpt>
      <trkpt lat="33.56495" lon="-117.77268">
        <ele>119.46</ele>
        <time>2026-05-23T16:02:23Z</time>
      </trkpt>
      <trkpt lat="33.56498" lon="-117.77269">
        <ele>119.82</ele>
        <time>2026-05-23T16:02:27Z</time>
      </trkpt>
      <trkpt lat="33.56501" lon="-117.7727">
        <ele>120.36</ele>
        <time>2026-05-23T16:02:31Z</time>
      </trkpt>
      <trkpt lat="33.56504" lon="-117.77272">
        <ele>121.08</ele>
        <time>2026-05-23T16:02:35Z</time>
      </trkpt>
      <trkpt lat="33.56507" lon="-117.77273">
        <ele>121.63</ele>
        <time>2026-05-23T16:02:39Z</time>
      </trkpt>
      <trkpt lat="33.5651" lon="-117.77275">
        <ele>122.16</ele>
        <time>2026-05-23T16:02:43Z</time>
      </trkpt>
      <trkpt lat="33.56513" lon="-117.77276">
        <ele>122.81</ele>
        <time>2026-05-23T16:02:47Z</time>
      </trkpt>
      <trkpt lat="33.56516" lon="-117.77278">
        <ele>123.46</ele>
        <time>2026-05-23T16:02:51Z</time>
      </trkpt>
      <trkpt lat="33.56518" lon="-117.7728">
        <ele>123.89</ele>
        <time>2026-05-23T16:02:55Z</time>
      </trkpt>
      <trkpt lat="33.56521" lon="-117.77282">
        <ele>124.54</ele>
        <time>2026-05-23T16:02:58Z</time>
      </trkpt>
      <trkpt lat="33.56523" lon="-117.77284">
        <ele>124.97</ele>
        <time>2026-05-23T16:03:01Z</time>
      </trkpt>
      <trkpt lat="33.56525" lon="-117.77286">
        <ele>125.4</ele>
        <time>2026-05-23T16:03:04Z</time>
      </trkpt>
      <trkpt lat="33.56527" lon="-117.77289">
        <ele>125.6</ele>
        <time>2026-05-23T16:03:08Z</time>
      </trkpt>
      <trkpt lat="33.5653" lon="-117.77291">
        <ele>126.05</ele>
        <time>2026-05-23T16:03:12Z</time>
      </trkpt>
      <trkpt lat="33.56533" lon="-117.77293">
        <ele>126.48</ele>
        <time>2026-05-23T16:03:16Z</time>
      </trkpt>
      <trkpt lat="33.56536" lon="-117.77295">
        <ele>126.92</ele>
        <time>2026-05-23T16:03:20Z</time>
      </trkpt>
      <trkpt lat="33.56539" lon="-117.77297">
        <ele>127.29</ele>
        <time>2026-05-23T16:03:24Z</time>
      </trkpt>
      <trkpt lat="33.56542" lon="-117.77298">
        <ele>127.8</ele>
        <time>2026-05-23T16:03:28Z</time>
      </trkpt>
      <trkpt lat="33.56545" lon="-117.77301">
        <ele>128.14</ele>
        <time>2026-05-23T16:03:32Z</time>
      </trkpt>
      <trkpt lat="33.56548" lon="-117.77302">
        <ele>128.68</ele>
        <time>2026-05-23T16:03:36Z</time>
      </trkpt>
      <trkpt lat="33.56551" lon="-117.77302">
        <ele>129.2</ele>
        <time>2026-05-23T16:03:40Z</time>
      </trkpt>
      <trkpt lat="33.56554" lon="-117.77304">
        <ele>129.69</ele>
        <time>2026-05-23T16:03:44Z</time>
      </trkpt>
      <trkpt lat="33.56556" lon="-117.77307">
        <ele>130.1</ele>
        <time>2026-05-23T16:03:48Z</time>
      </trkpt>
      <trkpt lat="33.56558" lon="-117.7731">
        <ele>130.53</ele>
        <time>2026-05-23T16:03:53Z</time>
      </trkpt>
      <trkpt lat="33.56561" lon="-117.77312">
        <ele>131.18</ele>
        <time>2026-05-23T16:03:57Z</time>
      </trkpt>
      <trkpt lat="33.56564" lon="-117.77314">
        <ele>131.82</ele>
        <time>2026-05-23T16:04:01Z</time>
      </trkpt>
      <trkpt lat="33.56566" lon="-117.77316">
        <ele>132.03</ele>
        <time>2026-05-23T16:04:05Z</time>
      </trkpt>
      <trkpt lat="33.56569" lon="-117.77318">
        <ele>132.42</ele>
        <time>2026-05-23T16:04:09Z</time>
      </trkpt>
      <trkpt lat="33.56571" lon="-117.77321">
        <ele>132.89</ele>
        <time>2026-05-23T16:04:13Z</time>
      </trkpt>
      <trkpt lat="33.56572" lon="-117.77324">
        <ele>133.32</ele>
        <time>2026-05-23T16:04:16Z</time>
      </trkpt>
      <trkpt lat="33.56574" lon="-117.77328">
        <ele>133.55</ele>
        <time>2026-05-23T16:04:20Z</time>
      </trkpt>
      <trkpt lat="33.56576" lon="-117.77329">
        <ele>133.79</ele>
        <time>2026-05-23T16:04:24Z</time>
      </trkpt>
      <trkpt lat="33.56579" lon="-117.77331">
        <ele>134.18</ele>
        <time>2026-05-23T16:04:28Z</time>
      </trkpt>
      <trkpt lat="33.56581" lon="-117.77334">
        <ele>134.46</ele>
        <time>2026-05-23T16:04:32Z</time>
      </trkpt>
      <trkpt lat="33.56583" lon="-117.77336">
        <ele>134.91</ele>
        <time>2026-05-23T16:04:36Z</time>
      </trkpt>
      <trkpt lat="33.56586" lon="-117.7734">
        <ele>135.78</ele>
        <time>2026-05-23T16:04:40Z</time>
      </trkpt>
      <trkpt lat="33.56588" lon="-117.77342">
        <ele>136.48</ele>
        <time>2026-05-23T16:04:44Z</time>
      </trkpt>
      <trkpt lat="33.5659" lon="-117.77345">
        <ele>136.75</ele>
        <time>2026-05-23T16:04:48Z</time>
      </trkpt>
      <trkpt lat="33.56592" lon="-117.77347">
        <ele>137.27</ele>
        <time>2026-05-23T16:04:52Z</time>
      </trkpt>
      <trkpt lat="33.56595" lon="-117.7735">
        <ele>137.62</ele>
        <time>2026-05-23T16:04:56Z</time>
      </trkpt>
      <trkpt lat="33.56597" lon="-117.77352">
        <ele>137.95</ele>
        <time>2026-05-23T16:05:00Z</time>
      </trkpt>
      <trkpt lat="33.56599" lon="-117.77355">
        <ele>138.51</ele>
        <time>2026-05-23T16:05:04Z</time>
      </trkpt>
      <trkpt lat="33.56601" lon="-117.77358">
        <ele>139.36</ele>
        <time>2026-05-23T16:05:08Z</time>
      </trkpt>
      <trkpt lat="33.56603" lon="-117.77361">
        <ele>140.23</ele>
        <time>2026-05-23T16:05:12Z</time>
      </trkpt>
      <trkpt lat="33.56605" lon="-117.77363">
        <ele>140.75</ele>
        <time>2026-05-23T16:05:16Z</time>
      </trkpt>
      <trkpt lat="33.56607" lon="-117.77366">
        <ele>141.41</ele>
        <time>2026-05-23T16:05:20Z</time>
      </trkpt>
      <trkpt lat="33.56609" lon="-117.77368">
        <ele>142.12</ele>
        <time>2026-05-23T16:05:24Z</time>
      </trkpt>
      <trkpt lat="33.5661" lon="-117.77371">
        <ele>142.7</ele>
        <time>2026-05-23T16:05:28Z</time>
      </trkpt>
      <trkpt lat="33.56612" lon="-117.77373">
        <ele>143.48</ele>
        <time>2026-05-23T16:05:32Z</time>
      </trkpt>
      <trkpt lat="33.56614" lon="-117.77376">
        <ele>144.23</ele>
        <time>2026-05-23T16:05:36Z</time>
      </trkpt>
      <trkpt lat="33.56616" lon="-117.77378">
        <ele>144.88</ele>
        <time>2026-05-23T16:05:41Z</time>
      </trkpt>
      <trkpt lat="33.56617" lon="-117.77381">
        <ele>145.37</ele>
        <time>2026-05-23T16:05:46Z</time>
      </trkpt>
      <trkpt lat="33.56618" lon="-117.77384">
        <ele>145.84</ele>
        <time>2026-05-23T16:05:51Z</time>
      </trkpt>
      <trkpt lat="33.56619" lon="-117.77388">
        <ele>146.47</ele>
        <time>2026-05-23T16:05:55Z</time>
      </trkpt>
      <trkpt lat="33.56619" lon="-117.77391">
        <ele>146.94</ele>
        <time>2026-05-23T16:05:58Z</time>
      </trkpt>
      <trkpt lat="33.56619" lon="-117.77394">
        <ele>147.5</ele>
        <time>2026-05-23T16:06:01Z</time>
      </trkpt>
      <trkpt lat="33.56619" lon="-117.77398">
        <ele>148.23</ele>
        <time>2026-05-23T16:06:04Z</time>
      </trkpt>
      <trkpt lat="33.56619" lon="-117.77402">
        <ele>148.68</ele>
        <time>2026-05-23T16:06:09Z</time>
      </trkpt>
      <trkpt lat="33.5662" lon="-117.77405">
        <ele>149.54</ele>
        <time>2026-05-23T16:06:13Z</time>
      </trkpt>
      <trkpt lat="33.56621" lon="-117.77409">
        <ele>150.2</ele>
        <time>2026-05-23T16:06:17Z</time>
      </trkpt>
      <trkpt lat="33.56622" lon="-117.77412">
        <ele>150.53</ele>
        <time>2026-05-23T16:06:21Z</time>
      </trkpt>
      <trkpt lat="33.56623" lon="-117.77416">
        <ele>150.85</ele>
        <time>2026-05-23T16:06:25Z</time>
      </trkpt>
      <trkpt lat="33.56624" lon="-117.7742">
        <ele>151.18</ele>
        <time>2026-05-23T16:06:29Z</time>
      </trkpt>
      <trkpt lat="33.56625" lon="-117.77423">
        <ele>151.5</ele>
        <time>2026-05-23T16:06:32Z</time>
      </trkpt>
      <trkpt lat="33.56626" lon="-117.77427">
        <ele>151.94</ele>
        <time>2026-05-23T16:06:36Z</time>
      </trkpt>
      <trkpt lat="33.56626" lon="-117.77431">
        <ele>152.37</ele>
        <time>2026-05-23T16:06:40Z</time>
      </trkpt>
      <trkpt lat="33.56627" lon="-117.77435">
        <ele>153.13</ele>
        <time>2026-05-23T16:06:44Z</time>
      </trkpt>
      <trkpt lat="33.56629" lon="-117.77438">
        <ele>153.8</ele>
        <time>2026-05-23T16:06:48Z</time>
      </trkpt>
      <trkpt lat="33.56632" lon="-117.77439">
        <ele>154.41</ele>
        <time>2026-05-23T16:06:51Z</time>
      </trkpt>
      <trkpt lat="33.56636" lon="-117.77438">
        <ele>155.17</ele>
        <time>2026-05-23T16:06:54Z</time>
      </trkpt>
      <trkpt lat="33.56638" lon="-117.77439">
        <ele>155.44</ele>
        <time>2026-05-23T16:06:59Z</time>
      </trkpt>
      <trkpt lat="33.56638" lon="-117.77442">
        <ele>155.14</ele>
        <time>2026-05-23T16:07:23Z</time>
      </trkpt>
      <trkpt lat="33.56639" lon="-117.77447">
        <ele>155.0</ele>
        <time>2026-05-23T16:07:27Z</time>
      </trkpt>
      <trkpt lat="33.56639" lon="-117.7745">
        <ele>154.99</ele>
        <time>2026-05-23T16:07:29Z</time>
      </trkpt>
      <trkpt lat="33.56639" lon="-117.77454">
        <ele>154.99</ele>
        <time>2026-05-23T16:07:32Z</time>
      </trkpt>
      <trkpt lat="33.56639" lon="-117.77457">
        <ele>154.99</ele>
        <time>2026-05-23T16:07:35Z</time>
      </trkpt>
      <trkpt lat="33.56636" lon="-117.7746">
        <ele>154.9</ele>
        <time>2026-05-23T16:07:38Z</time>
      </trkpt>
      <trkpt lat="33.56634" lon="-117.77462">
        <ele>154.95</ele>
        <time>2026-05-23T16:07:42Z</time>
      </trkpt>
      <trkpt lat="33.56633" lon="-117.77465">
        <ele>155.22</ele>
        <time>2026-05-23T16:08:36Z</time>
      </trkpt>
      <trkpt lat="33.56633" lon="-117.77469">
        <ele>155.65</ele>
        <time>2026-05-23T16:08:43Z</time>
      </trkpt>
      <trkpt lat="33.56633" lon="-117.77473">
        <ele>156.17</ele>
        <time>2026-05-23T16:08:45Z</time>
      </trkpt>
      <trkpt lat="33.56633" lon="-117.77476">
        <ele>156.82</ele>
        <time>2026-05-23T16:08:48Z</time>
      </trkpt>
      <trkpt lat="33.56635" lon="-117.77475">
        <ele>156.6</ele>
        <time>2026-05-23T16:09:51Z</time>
      </trkpt>
      <trkpt lat="33.56637" lon="-117.77478">
        <ele>157.25</ele>
        <time>2026-05-23T16:10:31Z</time>
      </trkpt>
      <trkpt lat="33.56637" lon="-117.77483">
        <ele>158.29</ele>
        <time>2026-05-23T16:10:33Z</time>
      </trkpt>
      <trkpt lat="33.56637" lon="-117.77488">
        <ele>159.26</ele>
        <time>2026-05-23T16:10:35Z</time>
      </trkpt>
      <trkpt lat="33.56637" lon="-117.77492">
        <ele>159.93</ele>
        <time>2026-05-23T16:10:37Z</time>
      </trkpt>
      <trkpt lat="33.56637" lon="-117.77495">
        <ele>160.26</ele>
        <time>2026-05-23T16:10:40Z</time>
      </trkpt>
      <trkpt lat="33.56637" lon="-117.77499">
        <ele>160.69</ele>
        <time>2026-05-23T16:10:45Z</time>
      </trkpt>
      <trkpt lat="33.56637" lon="-117.77502">
        <ele>161.4</ele>
        <time>2026-05-23T16:10:50Z</time>
      </trkpt>
      <trkpt lat="33.56637" lon="-117.77506">
        <ele>162.61</ele>
        <time>2026-05-23T16:10:55Z</time>
      </trkpt>
      <trkpt lat="33.56638" lon="-117.7751">
        <ele>163.98</ele>
        <time>2026-05-23T16:11:01Z</time>
      </trkpt>
      <trkpt lat="33.56642" lon="-117.77511">
        <ele>164.1</ele>
        <time>2026-05-23T16:11:04Z</time>
      </trkpt>
      <trkpt lat="33.56644" lon="-117.77513">
        <ele>164.48</ele>
        <time>2026-05-23T16:11:07Z</time>
      </trkpt>
      <trkpt lat="33.56646" lon="-117.77515">
        <ele>164.95</ele>
        <time>2026-05-23T16:11:11Z</time>
      </trkpt>
      <trkpt lat="33.56647" lon="-117.77518">
        <ele>165.84</ele>
        <time>2026-05-23T16:11:16Z</time>
      </trkpt>
      <trkpt lat="33.56646" lon="-117.77521">
        <ele>166.8</ele>
        <time>2026-05-23T16:11:20Z</time>
      </trkpt>
      <trkpt lat="33.56642" lon="-117.77523">
        <ele>167.45</ele>
        <time>2026-05-23T16:11:23Z</time>
      </trkpt>
      <trkpt lat="33.5664" lon="-117.77525">
        <ele>168.1</ele>
        <time>2026-05-23T16:11:26Z</time>
      </trkpt>
      <trkpt lat="33.56638" lon="-117.77527">
        <ele>168.65</ele>
        <time>2026-05-23T16:11:29Z</time>
      </trkpt>
      <trkpt lat="33.56636" lon="-117.77529">
        <ele>169.08</ele>
        <time>2026-05-23T16:11:33Z</time>
      </trkpt>
      <trkpt lat="33.56638" lon="-117.77529">
        <ele>169.3</ele>
        <time>2026-05-23T16:11:43Z</time>
      </trkpt>
      <trkpt lat="33.56641" lon="-117.7753">
        <ele>169.77</ele>
        <time>2026-05-23T16:11:47Z</time>
      </trkpt>
      <trkpt lat="33.56644" lon="-117.7753">
        <ele>169.85</ele>
        <time>2026-05-23T16:11:53Z</time>
      </trkpt>
      <trkpt lat="33.56647" lon="-117.77531">
        <ele>170.35</ele>
        <time>2026-05-23T16:11:59Z</time>
      </trkpt>
      <trkpt lat="33.56648" lon="-117.77535">
        <ele>172.11</ele>
        <time>2026-05-23T16:12:03Z</time>
      </trkpt>
      <trkpt lat="33.56647" lon="-117.77538">
        <ele>173.19</ele>
        <time>2026-05-23T16:12:09Z</time>
      </trkpt>
      <trkpt lat="33.56644" lon="-117.77541">
        <ele>173.84</ele>
        <time>2026-05-23T16:12:13Z</time>
      </trkpt>
      <trkpt lat="33.56642" lon="-117.77544">
        <ele>174.59</ele>
        <time>2026-05-23T16:12:18Z</time>
      </trkpt>
      <trkpt lat="33.56641" lon="-117.77546">
        <ele>175.13</ele>
        <time>2026-05-23T16:12:27Z</time>
      </trkpt>
      <trkpt lat="33.5664" lon="-117.77549">
        <ele>175.96</ele>
        <time>2026-05-23T16:12:52Z</time>
      </trkpt>
      <trkpt lat="33.56638" lon="-117.77552">
        <ele>176.85</ele>
        <time>2026-05-23T16:12:59Z</time>
      </trkpt>
      <trkpt lat="33.56635" lon="-117.77553">
        <ele>177.17</ele>
        <time>2026-05-23T16:13:01Z</time>
      </trkpt>
      <trkpt lat="33.56632" lon="-117.77553">
        <ele>177.17</ele>
        <time>2026-05-23T16:13:03Z</time>
      </trkpt>
      <trkpt lat="33.5663" lon="-117.77554">
        <ele>177.5</ele>
        <time>2026-05-23T16:13:05Z</time>
      </trkpt>
      <trkpt lat="33.56626" lon="-117.77554">
        <ele>177.95</ele>
        <time>2026-05-23T16:13:08Z</time>
      </trkpt>
      <trkpt lat="33.56623" lon="-117.77555">
        <ele>178.58</ele>
        <time>2026-05-23T16:13:11Z</time>
      </trkpt>
      <trkpt lat="33.5662" lon="-117.77556">
        <ele>179.14</ele>
        <time>2026-05-23T16:13:15Z</time>
      </trkpt>
      <trkpt lat="33.56617" lon="-117.77557">
        <ele>179.47</ele>
        <time>2026-05-23T16:13:19Z</time>
      </trkpt>
      <trkpt lat="33.56614" lon="-117.77558">
        <ele>179.79</ele>
        <time>2026-05-23T16:13:23Z</time>
      </trkpt>
      <trkpt lat="33.56612" lon="-117.77559">
        <ele>180.12</ele>
        <time>2026-05-23T16:13:27Z</time>
      </trkpt>
      <trkpt lat="33.56608" lon="-117.7756">
        <ele>180.78</ele>
        <time>2026-05-23T16:13:31Z</time>
      </trkpt>
      <trkpt lat="33.56606" lon="-117.77561">
        <ele>181.32</ele>
        <time>2026-05-23T16:13:34Z</time>
      </trkpt>
      <trkpt lat="33.56603" lon="-117.77562">
        <ele>181.96</ele>
        <time>2026-05-23T16:13:37Z</time>
      </trkpt>
      <trkpt lat="33.566" lon="-117.77562">
        <ele>182.35</ele>
        <time>2026-05-23T16:13:40Z</time>
      </trkpt>
      <trkpt lat="33.56598" lon="-117.77563">
        <ele>182.91</ele>
        <time>2026-05-23T16:13:43Z</time>
      </trkpt>
      <trkpt lat="33.56594" lon="-117.77563">
        <ele>183.43</ele>
        <time>2026-05-23T16:13:47Z</time>
      </trkpt>
      <trkpt lat="33.56591" lon="-117.77563">
        <ele>183.78</ele>
        <time>2026-05-23T16:13:51Z</time>
      </trkpt>
      <trkpt lat="33.56588" lon="-117.77562">
        <ele>183.89</ele>
        <time>2026-05-23T16:13:55Z</time>
      </trkpt>
      <trkpt lat="33.56584" lon="-117.77562">
        <ele>184.32</ele>
        <time>2026-05-23T16:13:59Z</time>
      </trkpt>
      <trkpt lat="33.56581" lon="-117.77562">
        <ele>184.64</ele>
        <time>2026-05-23T16:14:03Z</time>
      </trkpt>
      <trkpt lat="33.56578" lon="-117.77563">
        <ele>185.18</ele>
        <time>2026-05-23T16:14:06Z</time>
      </trkpt>
      <trkpt lat="33.56576" lon="-117.77564">
        <ele>185.62</ele>
        <time>2026-05-23T16:14:09Z</time>
      </trkpt>
      <trkpt lat="33.56573" lon="-117.77564">
        <ele>185.82</ele>
        <time>2026-05-23T16:14:12Z</time>
      </trkpt>
      <trkpt lat="33.5657" lon="-117.77566">
        <ele>186.2</ele>
        <time>2026-05-23T16:14:15Z</time>
      </trkpt>
      <trkpt lat="33.56568" lon="-117.77569">
        <ele>186.61</ele>
        <time>2026-05-23T16:14:18Z</time>
      </trkpt>
      <trkpt lat="33.56566" lon="-117.77572">
        <ele>186.88</ele>
        <time>2026-05-23T16:14:21Z</time>
      </trkpt>
      <trkpt lat="33.56568" lon="-117.77575">
        <ele>187.54</ele>
        <time>2026-05-23T16:14:24Z</time>
      </trkpt>
      <trkpt lat="33.56571" lon="-117.77577">
        <ele>188.3</ele>
        <time>2026-05-23T16:14:27Z</time>
      </trkpt>
      <trkpt lat="33.56574" lon="-117.77579">
        <ele>189.06</ele>
        <time>2026-05-23T16:14:30Z</time>
      </trkpt>
      <trkpt lat="33.56577" lon="-117.7758">
        <ele>189.28</ele>
        <time>2026-05-23T16:14:33Z</time>
      </trkpt>
      <trkpt lat="33.5658" lon="-117.77581">
        <ele>189.5</ele>
        <time>2026-05-23T16:14:36Z</time>
      </trkpt>
      <trkpt lat="33.56583" lon="-117.77582">
        <ele>189.71</ele>
        <time>2026-05-23T16:14:39Z</time>
      </trkpt>
      <trkpt lat="33.56586" lon="-117.77583">
        <ele>189.92</ele>
        <time>2026-05-23T16:14:43Z</time>
      </trkpt>
      <trkpt lat="33.56588" lon="-117.77586">
        <ele>190.72</ele>
        <time>2026-05-23T16:14:47Z</time>
      </trkpt>
      <trkpt lat="33.56591" lon="-117.77588">
        <ele>191.09</ele>
        <time>2026-05-23T16:14:51Z</time>
      </trkpt>
      <trkpt lat="33.56594" lon="-117.7759">
        <ele>191.4</ele>
        <time>2026-05-23T16:14:55Z</time>
      </trkpt>
      <trkpt lat="33.56597" lon="-117.77592">
        <ele>191.84</ele>
        <time>2026-05-23T16:14:59Z</time>
      </trkpt>
      <trkpt lat="33.566" lon="-117.77594">
        <ele>192.33</ele>
        <time>2026-05-23T16:15:03Z</time>
      </trkpt>
      <trkpt lat="33.56603" lon="-117.77596">
        <ele>192.61</ele>
        <time>2026-05-23T16:15:07Z</time>
      </trkpt>
      <trkpt lat="33.56606" lon="-117.77598">
        <ele>192.72</ele>
        <time>2026-05-23T16:15:11Z</time>
      </trkpt>
      <trkpt lat="33.56604" lon="-117.77601">
        <ele>193.58</ele>
        <time>2026-05-23T16:15:16Z</time>
      </trkpt>
      <trkpt lat="33.56602" lon="-117.77603">
        <ele>194.23</ele>
        <time>2026-05-23T16:15:19Z</time>
      </trkpt>
      <trkpt lat="33.56599" lon="-117.77604">
        <ele>194.7</ele>
        <time>2026-05-23T16:15:22Z</time>
      </trkpt>
      <trkpt lat="33.56596" lon="-117.77601">
        <ele>194.39</ele>
        <time>2026-05-23T16:15:25Z</time>
      </trkpt>
      <trkpt lat="33.56593" lon="-117.77599">
        <ele>194.05</ele>
        <time>2026-05-23T16:15:28Z</time>
      </trkpt>
      <trkpt lat="33.5659" lon="-117.77598">
        <ele>193.87</ele>
        <time>2026-05-23T16:15:31Z</time>
      </trkpt>
      <trkpt lat="33.56588" lon="-117.77599">
        <ele>194.23</ele>
        <time>2026-05-23T16:15:34Z</time>
      </trkpt>
      <trkpt lat="33.56586" lon="-117.77602">
        <ele>195.02</ele>
        <time>2026-05-23T16:15:37Z</time>
      </trkpt>
      <trkpt lat="33.56584" lon="-117.77605">
        <ele>195.34</ele>
        <time>2026-05-23T16:15:40Z</time>
      </trkpt>
      <trkpt lat="33.56583" lon="-117.77609">
        <ele>195.74</ele>
        <time>2026-05-23T16:15:44Z</time>
      </trkpt>
      <trkpt lat="33.56582" lon="-117.77612">
        <ele>195.97</ele>
        <time>2026-05-23T16:15:48Z</time>
      </trkpt>
      <trkpt lat="33.56582" lon="-117.77617">
        <ele>196.58</ele>
        <time>2026-05-23T16:15:52Z</time>
      </trkpt>
      <trkpt lat="33.56582" lon="-117.7762">
        <ele>196.95</ele>
        <time>2026-05-23T16:15:55Z</time>
      </trkpt>
      <trkpt lat="33.56581" lon="-117.77623">
        <ele>197.14</ele>
        <time>2026-05-23T16:15:58Z</time>
      </trkpt>
      <trkpt lat="33.56581" lon="-117.77627">
        <ele>197.36</ele>
        <time>2026-05-23T16:16:01Z</time>
      </trkpt>
      <trkpt lat="33.56581" lon="-117.7763">
        <ele>197.5</ele>
        <time>2026-05-23T16:16:04Z</time>
      </trkpt>
      <trkpt lat="33.56581" lon="-117.77633">
        <ele>197.5</ele>
        <time>2026-05-23T16:16:07Z</time>
      </trkpt>
      <trkpt lat="33.56582" lon="-117.77637">
        <ele>197.71</ele>
        <time>2026-05-23T16:16:11Z</time>
      </trkpt>
      <trkpt lat="33.56583" lon="-117.77641">
        <ele>198.15</ele>
        <time>2026-05-23T16:16:15Z</time>
      </trkpt>
      <trkpt lat="33.56585" lon="-117.77644">
        <ele>198.81</ele>
        <time>2026-05-23T16:16:19Z</time>
      </trkpt>
      <trkpt lat="33.56589" lon="-117.77645">
        <ele>199.48</ele>
        <time>2026-05-23T16:16:22Z</time>
      </trkpt>
      <trkpt lat="33.56591" lon="-117.77647">
        <ele>199.81</ele>
        <time>2026-05-23T16:16:25Z</time>
      </trkpt>
      <trkpt lat="33.56594" lon="-117.77649">
        <ele>200.24</ele>
        <time>2026-05-23T16:16:29Z</time>
      </trkpt>
      <trkpt lat="33.56597" lon="-117.7765">
        <ele>200.68</ele>
        <time>2026-05-23T16:16:33Z</time>
      </trkpt>
      <trkpt lat="33.566" lon="-117.7765">
        <ele>201.0</ele>
        <time>2026-05-23T16:16:37Z</time>
      </trkpt>
      <trkpt lat="33.56603" lon="-117.77651">
        <ele>201.43</ele>
        <time>2026-05-23T16:16:41Z</time>
      </trkpt>
      <trkpt lat="33.56607" lon="-117.77651">
        <ele>201.86</ele>
        <time>2026-05-23T16:16:45Z</time>
      </trkpt>
      <trkpt lat="33.5661" lon="-117.77652">
        <ele>202.3</ele>
        <time>2026-05-23T16:16:49Z</time>
      </trkpt>
      <trkpt lat="33.56613" lon="-117.77653">
        <ele>202.52</ele>
        <time>2026-05-23T16:16:53Z</time>
      </trkpt>
      <trkpt lat="33.56616" lon="-117.77655">
        <ele>202.74</ele>
        <time>2026-05-23T16:16:57Z</time>
      </trkpt>
      <trkpt lat="33.56619" lon="-117.77656">
        <ele>202.85</ele>
        <time>2026-05-23T16:17:01Z</time>
      </trkpt>
      <trkpt lat="33.56622" lon="-117.77658">
        <ele>203.12</ele>
        <time>2026-05-23T16:17:04Z</time>
      </trkpt>
      <trkpt lat="33.56624" lon="-117.77659">
        <ele>203.28</ele>
        <time>2026-05-23T16:17:07Z</time>
      </trkpt>
      <trkpt lat="33.56627" lon="-117.7766">
        <ele>203.36</ele>
        <time>2026-05-23T16:17:10Z</time>
      </trkpt>
      <trkpt lat="33.5663" lon="-117.77662">
        <ele>203.5</ele>
        <time>2026-05-23T16:17:13Z</time>
      </trkpt>
      <trkpt lat="33.56632" lon="-117.77665">
        <ele>203.82</ele>
        <time>2026-05-23T16:17:16Z</time>
      </trkpt>
      <trkpt lat="33.56634" lon="-117.77668">
        <ele>204.29</ele>
        <time>2026-05-23T16:17:19Z</time>
      </trkpt>
      <trkpt lat="33.56637" lon="-117.77671">
        <ele>204.94</ele>
        <time>2026-05-23T16:17:22Z</time>
      </trkpt>
      <trkpt lat="33.56639" lon="-117.77673">
        <ele>205.37</ele>
        <time>2026-05-23T16:17:25Z</time>
      </trkpt>
      <trkpt lat="33.56641" lon="-117.77675">
        <ele>205.8</ele>
        <time>2026-05-23T16:17:28Z</time>
      </trkpt>
      <trkpt lat="33.56643" lon="-117.77677">
        <ele>206.06</ele>
        <time>2026-05-23T16:17:31Z</time>
      </trkpt>
      <trkpt lat="33.56645" lon="-117.7768">
        <ele>206.15</ele>
        <time>2026-05-23T16:17:34Z</time>
      </trkpt>
      <trkpt lat="33.56648" lon="-117.77683">
        <ele>206.01</ele>
        <time>2026-05-23T16:17:38Z</time>
      </trkpt>
      <trkpt lat="33.56648" lon="-117.77687">
        <ele>206.21</ele>
        <time>2026-05-23T16:17:42Z</time>
      </trkpt>
      <trkpt lat="33.56649" lon="-117.7769">
        <ele>206.47</ele>
        <time>2026-05-23T16:17:45Z</time>
      </trkpt>
      <trkpt lat="33.56649" lon="-117.77695">
        <ele>206.96</ele>
        <time>2026-05-23T16:17:48Z</time>
      </trkpt>
      <trkpt lat="33.56649" lon="-117.77699">
        <ele>207.35</ele>
        <time>2026-05-23T16:17:51Z</time>
      </trkpt>
      <trkpt lat="33.5665" lon="-117.77703">
        <ele>207.54</ele>
        <time>2026-05-23T16:17:54Z</time>
      </trkpt>
      <trkpt lat="33.56651" lon="-117.77706">
        <ele>207.54</ele>
        <time>2026-05-23T16:17:57Z</time>
      </trkpt>
      <trkpt lat="33.56652" lon="-117.77709">
        <ele>207.64</ele>
        <time>2026-05-23T16:18:00Z</time>
      </trkpt>
      <trkpt lat="33.56654" lon="-117.77712">
        <ele>207.87</ele>
        <time>2026-05-23T16:18:03Z</time>
      </trkpt>
      <trkpt lat="33.56655" lon="-117.77714">
        <ele>208.22</ele>
        <time>2026-05-23T16:18:06Z</time>
      </trkpt>
      <trkpt lat="33.56657" lon="-117.77717">
        <ele>208.87</ele>
        <time>2026-05-23T16:18:09Z</time>
      </trkpt>
      <trkpt lat="33.56659" lon="-117.7772">
        <ele>209.18</ele>
        <time>2026-05-23T16:18:12Z</time>
      </trkpt>
      <trkpt lat="33.5666" lon="-117.77723">
        <ele>209.55</ele>
        <time>2026-05-23T16:18:15Z</time>
      </trkpt>
      <trkpt lat="33.56662" lon="-117.77726">
        <ele>209.62</ele>
        <time>2026-05-23T16:18:19Z</time>
      </trkpt>
      <trkpt lat="33.56663" lon="-117.7773">
        <ele>210.14</ele>
        <time>2026-05-23T16:18:23Z</time>
      </trkpt>
      <trkpt lat="33.56663" lon="-117.77733">
        <ele>210.79</ele>
        <time>2026-05-23T16:18:27Z</time>
      </trkpt>
      <trkpt lat="33.56663" lon="-117.77737">
        <ele>211.82</ele>
        <time>2026-05-23T16:18:31Z</time>
      </trkpt>
      <trkpt lat="33.56665" lon="-117.7774">
        <ele>212.19</ele>
        <time>2026-05-23T16:18:35Z</time>
      </trkpt>
      <trkpt lat="33.56667" lon="-117.77743">
        <ele>212.45</ele>
        <time>2026-05-23T16:18:38Z</time>
      </trkpt>
      <trkpt lat="33.56668" lon="-117.77747">
        <ele>213.21</ele>
        <time>2026-05-23T16:18:42Z</time>
      </trkpt>
      <trkpt lat="33.56669" lon="-117.7775">
        <ele>213.75</ele>
        <time>2026-05-23T16:18:46Z</time>
      </trkpt>
      <trkpt lat="33.5667" lon="-117.77753">
        <ele>214.08</ele>
        <time>2026-05-23T16:18:51Z</time>
      </trkpt>
      <trkpt lat="33.56671" lon="-117.7775">
        <ele>213.53</ele>
        <time>2026-05-23T16:18:56Z</time>
      </trkpt>
      <trkpt lat="33.56672" lon="-117.77754">
        <ele>214.1</ele>
        <time>2026-05-23T16:19:07Z</time>
      </trkpt>
      <trkpt lat="33.56673" lon="-117.77758">
        <ele>214.77</ele>
        <time>2026-05-23T16:19:10Z</time>
      </trkpt>
      <trkpt lat="33.56674" lon="-117.77762">
        <ele>215.3</ele>
        <time>2026-05-23T16:19:13Z</time>
      </trkpt>
      <trkpt lat="33.56675" lon="-117.77765">
        <ele>215.62</ele>
        <time>2026-05-23T16:19:16Z</time>
      </trkpt>
      <trkpt lat="33.56675" lon="-117.77769">
        <ele>216.0</ele>
        <time>2026-05-23T16:19:19Z</time>
      </trkpt>
      <trkpt lat="33.56676" lon="-117.77773">
        <ele>215.99</ele>
        <time>2026-05-23T16:19:22Z</time>
      </trkpt>
      <trkpt lat="33.56675" lon="-117.77776">
        <ele>216.0</ele>
        <time>2026-05-23T16:19:25Z</time>
      </trkpt>
      <trkpt lat="33.56673" lon="-117.77779">
        <ele>215.96</ele>
        <time>2026-05-23T16:19:28Z</time>
      </trkpt>
      <trkpt lat="33.56672" lon="-117.77782">
        <ele>215.81</ele>
        <time>2026-05-23T16:19:32Z</time>
      </trkpt>
      <trkpt lat="33.56675" lon="-117.77783">
        <ele>215.94</ele>
        <time>2026-05-23T16:20:08Z</time>
      </trkpt>
      <trkpt lat="33.56677" lon="-117.77786">
        <ele>215.99</ele>
        <time>2026-05-23T16:20:15Z</time>
      </trkpt>
      <trkpt lat="33.5668" lon="-117.77788">
        <ele>215.99</ele>
        <time>2026-05-23T16:20:21Z</time>
      </trkpt>
      <trkpt lat="33.56683" lon="-117.77789">
        <ele>216.11</ele>
        <time>2026-05-23T16:20:23Z</time>
      </trkpt>
      <trkpt lat="33.56685" lon="-117.7779">
        <ele>216.31</ele>
        <time>2026-05-23T16:20:25Z</time>
      </trkpt>
      <trkpt lat="33.56688" lon="-117.77791">
        <ele>215.82</ele>
        <time>2026-05-23T16:20:28Z</time>
      </trkpt>
      <trkpt lat="33.56691" lon="-117.77793">
        <ele>215.39</ele>
        <time>2026-05-23T16:20:31Z</time>
      </trkpt>
      <trkpt lat="33.56693" lon="-117.77797">
        <ele>215.43</ele>
        <time>2026-05-23T16:20:34Z</time>
      </trkpt>
      <trkpt lat="33.56694" lon="-117.77801">
        <ele>216.04</ele>
        <time>2026-05-23T16:20:36Z</time>
      </trkpt>
      <trkpt lat="33.56696" lon="-117.77804">
        <ele>216.36</ele>
        <time>2026-05-23T16:20:38Z</time>
      </trkpt>
      <trkpt lat="33.56697" lon="-117.77808">
        <ele>216.4</ele>
        <time>2026-05-23T16:20:41Z</time>
      </trkpt>
      <trkpt lat="33.56699" lon="-117.77811">
        <ele>216.3</ele>
        <time>2026-05-23T16:20:44Z</time>
      </trkpt>
      <trkpt lat="33.567" lon="-117.77814">
        <ele>216.53</ele>
        <time>2026-05-23T16:20:47Z</time>
      </trkpt>
      <trkpt lat="33.56702" lon="-117.77817">
        <ele>216.97</ele>
        <time>2026-05-23T16:20:50Z</time>
      </trkpt>
      <trkpt lat="33.56704" lon="-117.77819">
        <ele>217.43</ele>
        <time>2026-05-23T16:20:53Z</time>
      </trkpt>
      <trkpt lat="33.56706" lon="-117.77822">
        <ele>217.72</ele>
        <time>2026-05-23T16:20:56Z</time>
      </trkpt>
      <trkpt lat="33.56708" lon="-117.77824">
        <ele>217.99</ele>
        <time>2026-05-23T16:20:59Z</time>
      </trkpt>
      <trkpt lat="33.56709" lon="-117.77827">
        <ele>218.18</ele>
        <time>2026-05-23T16:21:02Z</time>
      </trkpt>
      <trkpt lat="33.56711" lon="-117.77829">
        <ele>218.42</ele>
        <time>2026-05-23T16:21:05Z</time>
      </trkpt>
      <trkpt lat="33.56713" lon="-117.77832">
        <ele>218.86</ele>
        <time>2026-05-23T16:21:08Z</time>
      </trkpt>
      <trkpt lat="33.56715" lon="-117.77834">
        <ele>219.29</ele>
        <time>2026-05-23T16:21:11Z</time>
      </trkpt>
      <trkpt lat="33.56718" lon="-117.77837">
        <ele>219.94</ele>
        <time>2026-05-23T16:21:15Z</time>
      </trkpt>
      <trkpt lat="33.5672" lon="-117.77839">
        <ele>220.37</ele>
        <time>2026-05-23T16:21:19Z</time>
      </trkpt>
      <trkpt lat="33.56723" lon="-117.77842">
        <ele>220.93</ele>
        <time>2026-05-23T16:21:23Z</time>
      </trkpt>
      <trkpt lat="33.56726" lon="-117.77845">
        <ele>221.26</ele>
        <time>2026-05-23T16:21:27Z</time>
      </trkpt>
      <trkpt lat="33.56728" lon="-117.77847">
        <ele>221.48</ele>
        <time>2026-05-23T16:21:30Z</time>
      </trkpt>
      <trkpt lat="33.5673" lon="-117.77849">
        <ele>221.69</ele>
        <time>2026-05-23T16:21:33Z</time>
      </trkpt>
      <trkpt lat="33.56733" lon="-117.77851">
        <ele>222.04</ele>
        <time>2026-05-23T16:21:36Z</time>
      </trkpt>
      <trkpt lat="33.56735" lon="-117.77853">
        <ele>222.43</ele>
        <time>2026-05-23T16:21:39Z</time>
      </trkpt>
      <trkpt lat="33.56737" lon="-117.77855">
        <ele>222.8</ele>
        <time>2026-05-23T16:21:42Z</time>
      </trkpt>
      <trkpt lat="33.56739" lon="-117.77857">
        <ele>223.26</ele>
        <time>2026-05-23T16:21:45Z</time>
      </trkpt>
      <trkpt lat="33.56741" lon="-117.77859">
        <ele>223.79</ele>
        <time>2026-05-23T16:21:48Z</time>
      </trkpt>
      <trkpt lat="33.56743" lon="-117.77861">
        <ele>224.23</ele>
        <time>2026-05-23T16:21:51Z</time>
      </trkpt>
      <trkpt lat="33.56745" lon="-117.77863">
        <ele>224.44</ele>
        <time>2026-05-23T16:21:54Z</time>
      </trkpt>
      <trkpt lat="33.56747" lon="-117.77865">
        <ele>224.82</ele>
        <time>2026-05-23T16:21:57Z</time>
      </trkpt>
      <trkpt lat="33.5675" lon="-117.77868">
        <ele>225.74</ele>
        <time>2026-05-23T16:22:01Z</time>
      </trkpt>
      <trkpt lat="33.56752" lon="-117.7787">
        <ele>226.16</ele>
        <time>2026-05-23T16:22:05Z</time>
      </trkpt>
      <trkpt lat="33.56755" lon="-117.77873">
        <ele>226.41</ele>
        <time>2026-05-23T16:22:09Z</time>
      </trkpt>
      <trkpt lat="33.56757" lon="-117.77876">
        <ele>226.61</ele>
        <time>2026-05-23T16:22:13Z</time>
      </trkpt>
      <trkpt lat="33.5676" lon="-117.77878">
        <ele>227.05</ele>
        <time>2026-05-23T16:22:17Z</time>
      </trkpt>
      <trkpt lat="33.5676" lon="-117.77881">
        <ele>227.23</ele>
        <time>2026-05-23T16:22:22Z</time>
      </trkpt>
      <trkpt lat="33.56762" lon="-117.77884">
        <ele>227.77</ele>
        <time>2026-05-23T16:22:26Z</time>
      </trkpt>
      <trkpt lat="33.56765" lon="-117.77885">
        <ele>228.2</ele>
        <time>2026-05-23T16:22:30Z</time>
      </trkpt>
      <trkpt lat="33.56768" lon="-117.77886">
        <ele>228.63</ele>
        <time>2026-05-23T16:22:34Z</time>
      </trkpt>
      <trkpt lat="33.56771" lon="-117.77886">
        <ele>228.6</ele>
        <time>2026-05-23T16:22:37Z</time>
      </trkpt>
      <trkpt lat="33.56774" lon="-117.77888">
        <ele>228.85</ele>
        <time>2026-05-23T16:22:40Z</time>
      </trkpt>
      <trkpt lat="33.56777" lon="-117.77889">
        <ele>229.02</ele>
        <time>2026-05-23T16:22:43Z</time>
      </trkpt>
      <trkpt lat="33.5678" lon="-117.77891">
        <ele>229.22</ele>
        <time>2026-05-23T16:22:46Z</time>
      </trkpt>
      <trkpt lat="33.56783" lon="-117.77894">
        <ele>229.54</ele>
        <time>2026-05-23T16:22:49Z</time>
      </trkpt>
      <trkpt lat="33.56785" lon="-117.77897">
        <ele>229.97</ele>
        <time>2026-05-23T16:22:52Z</time>
      </trkpt>
      <trkpt lat="33.56785" lon="-117.779">
        <ele>230.58</ele>
        <time>2026-05-23T16:22:55Z</time>
      </trkpt>
      <trkpt lat="33.56785" lon="-117.77904">
        <ele>231.34</ele>
        <time>2026-05-23T16:22:58Z</time>
      </trkpt>
      <trkpt lat="33.56786" lon="-117.77907">
        <ele>231.92</ele>
        <time>2026-05-23T16:23:01Z</time>
      </trkpt>
      <trkpt lat="33.56787" lon="-117.7791">
        <ele>232.28</ele>
        <time>2026-05-23T16:23:05Z</time>
      </trkpt>
      <trkpt lat="33.56789" lon="-117.77914">
        <ele>232.65</ele>
        <time>2026-05-23T16:23:09Z</time>
      </trkpt>
      <trkpt lat="33.56791" lon="-117.77916">
        <ele>232.9</ele>
        <time>2026-05-23T16:23:12Z</time>
      </trkpt>
      <trkpt lat="33.56793" lon="-117.77918">
        <ele>233.24</ele>
        <time>2026-05-23T16:23:15Z</time>
      </trkpt>
      <trkpt lat="33.56796" lon="-117.77919">
        <ele>233.5</ele>
        <time>2026-05-23T16:23:18Z</time>
      </trkpt>
      <trkpt lat="33.56798" lon="-117.77922">
        <ele>233.97</ele>
        <time>2026-05-23T16:23:22Z</time>
      </trkpt>
      <trkpt lat="33.56801" lon="-117.77925">
        <ele>234.29</ele>
        <time>2026-05-23T16:23:26Z</time>
      </trkpt>
      <trkpt lat="33.56803" lon="-117.77928">
        <ele>234.6</ele>
        <time>2026-05-23T16:23:30Z</time>
      </trkpt>
      <trkpt lat="33.56805" lon="-117.7793">
        <ele>234.89</ele>
        <time>2026-05-23T16:23:33Z</time>
      </trkpt>
      <trkpt lat="33.56808" lon="-117.77933">
        <ele>235.47</ele>
        <time>2026-05-23T16:23:36Z</time>
      </trkpt>
      <trkpt lat="33.5681" lon="-117.77935">
        <ele>235.95</ele>
        <time>2026-05-23T16:23:40Z</time>
      </trkpt>
      <trkpt lat="33.56812" lon="-117.77938">
        <ele>236.4</ele>
        <time>2026-05-23T16:23:44Z</time>
      </trkpt>
      <trkpt lat="33.56814" lon="-117.77942">
        <ele>236.8</ele>
        <time>2026-05-23T16:23:48Z</time>
      </trkpt>
      <trkpt lat="33.56814" lon="-117.77946">
        <ele>237.56</ele>
        <time>2026-05-23T16:23:53Z</time>
      </trkpt>
      <trkpt lat="33.56815" lon="-117.77949">
        <ele>238.48</ele>
        <time>2026-05-23T16:23:57Z</time>
      </trkpt>
      <trkpt lat="33.56818" lon="-117.7795">
        <ele>238.8</ele>
        <time>2026-05-23T16:24:02Z</time>
      </trkpt>
      <trkpt lat="33.56821" lon="-117.77951">
        <ele>239.12</ele>
        <time>2026-05-23T16:24:06Z</time>
      </trkpt>
      <trkpt lat="33.56825" lon="-117.77952">
        <ele>239.27</ele>
        <time>2026-05-23T16:24:10Z</time>
      </trkpt>
      <trkpt lat="33.56828" lon="-117.77953">
        <ele>238.96</ele>
        <time>2026-05-23T16:24:14Z</time>
      </trkpt>
      <trkpt lat="33.56831" lon="-117.77955">
        <ele>238.89</ele>
        <time>2026-05-23T16:24:18Z</time>
      </trkpt>
      <trkpt lat="33.56834" lon="-117.77957">
        <ele>238.97</ele>
        <time>2026-05-23T16:24:22Z</time>
      </trkpt>
      <trkpt lat="33.56836" lon="-117.7796">
        <ele>239.56</ele>
        <time>2026-05-23T16:24:26Z</time>
      </trkpt>
      <trkpt lat="33.56837" lon="-117.77962">
        <ele>239.94</ele>
        <time>2026-05-23T16:24:30Z</time>
      </trkpt>
      <trkpt lat="33.56839" lon="-117.77965">
        <ele>240.66</ele>
        <time>2026-05-23T16:24:34Z</time>
      </trkpt>
      <trkpt lat="33.56841" lon="-117.77969">
        <ele>241.95</ele>
        <time>2026-05-23T16:24:40Z</time>
      </trkpt>
      <trkpt lat="33.56843" lon="-117.77971">
        <ele>242.38</ele>
        <time>2026-05-23T16:24:45Z</time>
      </trkpt>
      <trkpt lat="33.56845" lon="-117.77974">
        <ele>243.25</ele>
        <time>2026-05-23T16:24:50Z</time>
      </trkpt>
      <trkpt lat="33.56847" lon="-117.77977">
        <ele>244.11</ele>
        <time>2026-05-23T16:24:55Z</time>
      </trkpt>
      <trkpt lat="33.56849" lon="-117.7798">
        <ele>244.98</ele>
        <time>2026-05-23T16:24:59Z</time>
      </trkpt>
      <trkpt lat="33.5685" lon="-117.77983">
        <ele>245.89</ele>
        <time>2026-05-23T16:25:03Z</time>
      </trkpt>
      <trkpt lat="33.56851" lon="-117.77986">
        <ele>246.65</ele>
        <time>2026-05-23T16:25:06Z</time>
      </trkpt>
      <trkpt lat="33.56852" lon="-117.7799">
        <ele>247.71</ele>
        <time>2026-05-23T16:25:10Z</time>
      </trkpt>
      <trkpt lat="33.56854" lon="-117.77993">
        <ele>248.28</ele>
        <time>2026-05-23T16:25:15Z</time>
      </trkpt>
      <trkpt lat="33.56856" lon="-117.77996">
        <ele>248.93</ele>
        <time>2026-05-23T16:25:20Z</time>
      </trkpt>
      <trkpt lat="33.56857" lon="-117.77999">
        <ele>249.9</ele>
        <time>2026-05-23T16:25:25Z</time>
      </trkpt>
      <trkpt lat="33.56858" lon="-117.78002">
        <ele>250.8</ele>
        <time>2026-05-23T16:25:30Z</time>
      </trkpt>
      <trkpt lat="33.56858" lon="-117.78006">
        <ele>252.38</ele>
        <time>2026-05-23T16:25:37Z</time>
      </trkpt>
      <trkpt lat="33.56861" lon="-117.78004">
        <ele>250.76</ele>
        <time>2026-05-23T16:27:16Z</time>
      </trkpt>
      <trkpt lat="33.56864" lon="-117.78008">
        <ele>251.56</ele>
        <time>2026-05-23T16:27:28Z</time>
      </trkpt>
      <trkpt lat="33.56867" lon="-117.78015">
        <ele>252.95</ele>
        <time>2026-05-23T16:27:31Z</time>
      </trkpt>
      <trkpt lat="33.56869" lon="-117.7802">
        <ele>254.06</ele>
        <time>2026-05-23T16:27:32Z</time>
      </trkpt>
      <trkpt lat="33.56871" lon="-117.78026">
        <ele>256.1</ele>
        <time>2026-05-23T16:27:34Z</time>
      </trkpt>
      <trkpt lat="33.56873" lon="-117.78029">
        <ele>257.0</ele>
        <time>2026-05-23T16:27:37Z</time>
      </trkpt>
      <trkpt lat="33.56876" lon="-117.7803">
        <ele>256.89</ele>
        <time>2026-05-23T16:27:41Z</time>
      </trkpt>
      <trkpt lat="33.56878" lon="-117.78031">
        <ele>257.03</ele>
        <time>2026-05-23T16:27:46Z</time>
      </trkpt>
      <trkpt lat="33.56877" lon="-117.78034">
        <ele>258.74</ele>
        <time>2026-05-23T16:27:50Z</time>
      </trkpt>
      <trkpt lat="33.56874" lon="-117.78034">
        <ele>259.17</ele>
        <time>2026-05-23T16:27:53Z</time>
      </trkpt>
      <trkpt lat="33.5687" lon="-117.78033">
        <ele>259.34</ele>
        <time>2026-05-23T16:27:56Z</time>
      </trkpt>
      <trkpt lat="33.56867" lon="-117.78032">
        <ele>259.55</ele>
        <time>2026-05-23T16:27:59Z</time>
      </trkpt>
      <trkpt lat="33.56864" lon="-117.78031">
        <ele>259.77</ele>
        <time>2026-05-23T16:28:02Z</time>
      </trkpt>
      <trkpt lat="33.56861" lon="-117.7803">
        <ele>259.98</ele>
        <time>2026-05-23T16:28:05Z</time>
      </trkpt>
      <trkpt lat="33.56858" lon="-117.7803">
        <ele>260.47</ele>
        <time>2026-05-23T16:28:09Z</time>
      </trkpt>
      <trkpt lat="33.56854" lon="-117.78029">
        <ele>260.86</ele>
        <time>2026-05-23T16:28:13Z</time>
      </trkpt>
      <trkpt lat="33.56851" lon="-117.78028">
        <ele>261.05</ele>
        <time>2026-05-23T16:28:17Z</time>
      </trkpt>
      <trkpt lat="33.56848" lon="-117.78027">
        <ele>260.75</ele>
        <time>2026-05-23T16:28:21Z</time>
      </trkpt>
      <trkpt lat="33.56848" lon="-117.78031">
        <ele>261.7</ele>
        <time>2026-05-23T16:28:41Z</time>
      </trkpt>
      <trkpt lat="33.5685" lon="-117.78033">
        <ele>262.13</ele>
        <time>2026-05-23T16:28:45Z</time>
      </trkpt>
      <trkpt lat="33.56853" lon="-117.78035">
        <ele>262.51</ele>
        <time>2026-05-23T16:28:48Z</time>
      </trkpt>
      <trkpt lat="33.56855" lon="-117.78037">
        <ele>262.99</ele>
        <time>2026-05-23T16:28:51Z</time>
      </trkpt>
      <trkpt lat="33.56858" lon="-117.78038">
        <ele>263.35</ele>
        <time>2026-05-23T16:28:54Z</time>
      </trkpt>
      <trkpt lat="33.56861" lon="-117.78039">
        <ele>263.64</ele>
        <time>2026-05-23T16:28:57Z</time>
      </trkpt>
      <trkpt lat="33.56863" lon="-117.78041">
        <ele>263.88</ele>
        <time>2026-05-23T16:29:00Z</time>
      </trkpt>
      <trkpt lat="33.56866" lon="-117.78042">
        <ele>263.55</ele>
        <time>2026-05-23T16:29:03Z</time>
      </trkpt>
      <trkpt lat="33.56869" lon="-117.78044">
        <ele>263.55</ele>
        <time>2026-05-23T16:29:06Z</time>
      </trkpt>
      <trkpt lat="33.56871" lon="-117.78045">
        <ele>263.57</ele>
        <time>2026-05-23T16:29:09Z</time>
      </trkpt>
      <trkpt lat="33.56874" lon="-117.78046">
        <ele>263.89</ele>
        <time>2026-05-23T16:29:12Z</time>
      </trkpt>
      <trkpt lat="33.56877" lon="-117.78047">
        <ele>264.2</ele>
        <time>2026-05-23T16:29:16Z</time>
      </trkpt>
      <trkpt lat="33.5688" lon="-117.78049">
        <ele>264.52</ele>
        <time>2026-05-23T16:29:20Z</time>
      </trkpt>
      <trkpt lat="33.56882" lon="-117.78051">
        <ele>264.63</ele>
        <time>2026-05-23T16:29:25Z</time>
      </trkpt>
      <trkpt lat="33.56885" lon="-117.78054">
        <ele>264.99</ele>
        <time>2026-05-23T16:29:29Z</time>
      </trkpt>
      <trkpt lat="33.56887" lon="-117.78057">
        <ele>265.58</ele>
        <time>2026-05-23T16:29:32Z</time>
      </trkpt>
      <trkpt lat="33.56889" lon="-117.7806">
        <ele>265.94</ele>
        <time>2026-05-23T16:29:35Z</time>
      </trkpt>
      <trkpt lat="33.56891" lon="-117.78064">
        <ele>266.37</ele>
        <time>2026-05-23T16:29:38Z</time>
      </trkpt>
      <trkpt lat="33.56893" lon="-117.78067">
        <ele>266.48</ele>
        <time>2026-05-23T16:29:41Z</time>
      </trkpt>
      <trkpt lat="33.56895" lon="-117.78071">
        <ele>266.58</ele>
        <time>2026-05-23T16:29:44Z</time>
      </trkpt>
      <trkpt lat="33.56896" lon="-117.78075">
        <ele>266.82</ele>
        <time>2026-05-23T16:29:47Z</time>
      </trkpt>
      <trkpt lat="33.56898" lon="-117.78078">
        <ele>266.48</ele>
        <time>2026-05-23T16:29:50Z</time>
      </trkpt>
      <trkpt lat="33.56899" lon="-117.78082">
        <ele>266.58</ele>
        <time>2026-05-23T16:29:53Z</time>
      </trkpt>
      <trkpt lat="33.569" lon="-117.78085">
        <ele>266.76</ele>
        <time>2026-05-23T16:29:56Z</time>
      </trkpt>
      <trkpt lat="33.56902" lon="-117.78089">
        <ele>266.98</ele>
        <time>2026-05-23T16:29:59Z</time>
      </trkpt>
      <trkpt lat="33.56902" lon="-117.78092">
        <ele>267.62</ele>
        <time>2026-05-23T16:30:02Z</time>
      </trkpt>
      <trkpt lat="33.56901" lon="-117.78096">
        <ele>268.56</ele>
        <time>2026-05-23T16:30:10Z</time>
      </trkpt>
      <trkpt lat="33.56902" lon="-117.78099">
        <ele>268.73</ele>
        <time>2026-05-23T16:30:14Z</time>
      </trkpt>
      <trkpt lat="33.56903" lon="-117.78103">
        <ele>268.95</ele>
        <time>2026-05-23T16:30:18Z</time>
      </trkpt>
      <trkpt lat="33.56903" lon="-117.78107">
        <ele>268.95</ele>
        <time>2026-05-23T16:30:22Z</time>
      </trkpt>
      <trkpt lat="33.56903" lon="-117.78111">
        <ele>268.95</ele>
        <time>2026-05-23T16:30:26Z</time>
      </trkpt>
      <trkpt lat="33.56901" lon="-117.78112">
        <ele>269.48</ele>
        <time>2026-05-23T16:30:29Z</time>
      </trkpt>
      <trkpt lat="33.56897" lon="-117.78111">
        <ele>270.37</ele>
        <time>2026-05-23T16:30:32Z</time>
      </trkpt>
      <trkpt lat="33.56894" lon="-117.78109">
        <ele>271.24</ele>
        <time>2026-05-23T16:30:35Z</time>
      </trkpt>
      <trkpt lat="33.56892" lon="-117.78106">
        <ele>271.63</ele>
        <time>2026-05-23T16:30:38Z</time>
      </trkpt>
      <trkpt lat="33.5689" lon="-117.78104">
        <ele>271.96</ele>
        <time>2026-05-23T16:30:41Z</time>
      </trkpt>
      <trkpt lat="33.56888" lon="-117.78101">
        <ele>272.38</ele>
        <time>2026-05-23T16:30:44Z</time>
      </trkpt>
      <trkpt lat="33.56886" lon="-117.78099">
        <ele>273.15</ele>
        <time>2026-05-23T16:30:47Z</time>
      </trkpt>
      <trkpt lat="33.56884" lon="-117.78096">
        <ele>273.78</ele>
        <time>2026-05-23T16:30:50Z</time>
      </trkpt>
      <trkpt lat="33.56883" lon="-117.78093">
        <ele>273.94</ele>
        <time>2026-05-23T16:30:53Z</time>
      </trkpt>
      <trkpt lat="33.56881" lon="-117.78091">
        <ele>274.38</ele>
        <time>2026-05-23T16:30:56Z</time>
      </trkpt>
      <trkpt lat="33.56879" lon="-117.78088">
        <ele>274.67</ele>
        <time>2026-05-23T16:30:59Z</time>
      </trkpt>
      <trkpt lat="33.56877" lon="-117.78084">
        <ele>274.66</ele>
        <time>2026-05-23T16:31:03Z</time>
      </trkpt>
      <trkpt lat="33.56876" lon="-117.78082">
        <ele>274.55</ele>
        <time>2026-05-23T16:31:06Z</time>
      </trkpt>
      <trkpt lat="33.56873" lon="-117.78078">
        <ele>274.69</ele>
        <time>2026-05-23T16:31:10Z</time>
      </trkpt>
      <trkpt lat="33.56871" lon="-117.78075">
        <ele>274.9</ele>
        <time>2026-05-23T16:31:14Z</time>
      </trkpt>
      <trkpt lat="33.56868" lon="-117.78073">
        <ele>274.82</ele>
        <time>2026-05-23T16:31:18Z</time>
      </trkpt>
      <trkpt lat="33.56866" lon="-117.78071">
        <ele>274.3</ele>
        <time>2026-05-23T16:31:21Z</time>
      </trkpt>
      <trkpt lat="33.56863" lon="-117.78069">
        <ele>274.04</ele>
        <time>2026-05-23T16:31:25Z</time>
      </trkpt>
      <trkpt lat="33.56861" lon="-117.78073">
        <ele>275.63</ele>
        <time>2026-05-23T16:31:28Z</time>
      </trkpt>
      <trkpt lat="33.56858" lon="-117.78075">
        <ele>275.43</ele>
        <time>2026-05-23T16:31:31Z</time>
      </trkpt>
      <trkpt lat="33.56857" lon="-117.78078">
        <ele>275.54</ele>
        <time>2026-05-23T16:31:34Z</time>
      </trkpt>
      <trkpt lat="33.56857" lon="-117.78081">
        <ele>275.86</ele>
        <time>2026-05-23T16:31:38Z</time>
      </trkpt>
      <trkpt lat="33.56858" lon="-117.78084">
        <ele>276.38</ele>
        <time>2026-05-23T16:31:50Z</time>
      </trkpt>
      <trkpt lat="33.56857" lon="-117.78087">
        <ele>276.33</ele>
        <time>2026-05-23T16:33:53Z</time>
      </trkpt>
      <trkpt lat="33.56857" lon="-117.78093">
        <ele>276.62</ele>
        <time>2026-05-23T16:33:56Z</time>
      </trkpt>
      <trkpt lat="33.56857" lon="-117.78097">
        <ele>276.19</ele>
        <time>2026-05-23T16:33:59Z</time>
      </trkpt>
      <trkpt lat="33.56859" lon="-117.781">
        <ele>276.52</ele>
        <time>2026-05-23T16:34:02Z</time>
      </trkpt>
      <trkpt lat="33.56861" lon="-117.78104">
        <ele>276.97</ele>
        <time>2026-05-23T16:34:05Z</time>
      </trkpt>
      <trkpt lat="33.56863" lon="-117.78107">
        <ele>277.09</ele>
        <time>2026-05-23T16:34:08Z</time>
      </trkpt>
      <trkpt lat="33.56864" lon="-117.78111">
        <ele>277.0</ele>
        <time>2026-05-23T16:34:11Z</time>
      </trkpt>
      <trkpt lat="33.56863" lon="-117.78114">
        <ele>276.75</ele>
        <time>2026-05-23T16:34:14Z</time>
      </trkpt>
      <trkpt lat="33.56862" lon="-117.78118">
        <ele>276.33</ele>
        <time>2026-05-23T16:34:17Z</time>
      </trkpt>
      <trkpt lat="33.56862" lon="-117.78121">
        <ele>275.96</ele>
        <time>2026-05-23T16:34:20Z</time>
      </trkpt>
      <trkpt lat="33.56863" lon="-117.78125">
        <ele>275.2</ele>
        <time>2026-05-23T16:34:24Z</time>
      </trkpt>
      <trkpt lat="33.56864" lon="-117.78129">
        <ele>274.45</ele>
        <time>2026-05-23T16:34:28Z</time>
      </trkpt>
      <trkpt lat="33.56866" lon="-117.78132">
        <ele>274.53</ele>
        <time>2026-05-23T16:34:32Z</time>
      </trkpt>
      <trkpt lat="33.56869" lon="-117.78135">
        <ele>274.85</ele>
        <time>2026-05-23T16:34:35Z</time>
      </trkpt>
      <trkpt lat="33.56872" lon="-117.78137">
        <ele>274.86</ele>
        <time>2026-05-23T16:34:37Z</time>
      </trkpt>
      <trkpt lat="33.56875" lon="-117.78138">
        <ele>274.55</ele>
        <time>2026-05-23T16:34:39Z</time>
      </trkpt>
      <trkpt lat="33.56877" lon="-117.7814">
        <ele>274.13</ele>
        <time>2026-05-23T16:34:41Z</time>
      </trkpt>
      <trkpt lat="33.56881" lon="-117.78141">
        <ele>273.62</ele>
        <time>2026-05-23T16:34:44Z</time>
      </trkpt>
      <trkpt lat="33.56884" lon="-117.78141">
        <ele>273.3</ele>
        <time>2026-05-23T16:34:47Z</time>
      </trkpt>
      <trkpt lat="33.56887" lon="-117.78143">
        <ele>272.76</ele>
        <time>2026-05-23T16:34:50Z</time>
      </trkpt>
      <trkpt lat="33.5689" lon="-117.78144">
        <ele>272.33</ele>
        <time>2026-05-23T16:34:53Z</time>
      </trkpt>
      <trkpt lat="33.56893" lon="-117.78147">
        <ele>271.68</ele>
        <time>2026-05-23T16:34:56Z</time>
      </trkpt>
      <trkpt lat="33.56896" lon="-117.78149">
        <ele>271.23</ele>
        <time>2026-05-23T16:34:59Z</time>
      </trkpt>
      <trkpt lat="33.56899" lon="-117.78151">
        <ele>270.94</ele>
        <time>2026-05-23T16:35:02Z</time>
      </trkpt>
      <trkpt lat="33.56902" lon="-117.78153">
        <ele>270.8</ele>
        <time>2026-05-23T16:35:05Z</time>
      </trkpt>
      <trkpt lat="33.56906" lon="-117.78155">
        <ele>270.78</ele>
        <time>2026-05-23T16:35:08Z</time>
      </trkpt>
      <trkpt lat="33.56909" lon="-117.78157">
        <ele>270.78</ele>
        <time>2026-05-23T16:35:11Z</time>
      </trkpt>
      <trkpt lat="33.56912" lon="-117.78159">
        <ele>270.59</ele>
        <time>2026-05-23T16:35:14Z</time>
      </trkpt>
      <trkpt lat="33.56915" lon="-117.78161">
        <ele>270.5</ele>
        <time>2026-05-23T16:35:17Z</time>
      </trkpt>
      <trkpt lat="33.56919" lon="-117.78163">
        <ele>270.5</ele>
        <time>2026-05-23T16:35:20Z</time>
      </trkpt>
      <trkpt lat="33.56922" lon="-117.78165">
        <ele>270.72</ele>
        <time>2026-05-23T16:35:23Z</time>
      </trkpt>
      <trkpt lat="33.56925" lon="-117.78167">
        <ele>271.03</ele>
        <time>2026-05-23T16:35:26Z</time>
      </trkpt>
      <trkpt lat="33.56928" lon="-117.78169">
        <ele>270.97</ele>
        <time>2026-05-23T16:35:29Z</time>
      </trkpt>
      <trkpt lat="33.56932" lon="-117.7817">
        <ele>270.47</ele>
        <time>2026-05-23T16:35:32Z</time>
      </trkpt>
      <trkpt lat="33.56935" lon="-117.78171">
        <ele>270.03</ele>
        <time>2026-05-23T16:35:35Z</time>
      </trkpt>
      <trkpt lat="33.56938" lon="-117.78172">
        <ele>269.52</ele>
        <time>2026-05-23T16:35:38Z</time>
      </trkpt>
      <trkpt lat="33.5694" lon="-117.78173">
        <ele>269.12</ele>
        <time>2026-05-23T16:35:41Z</time>
      </trkpt>
      <trkpt lat="33.56943" lon="-117.78174">
        <ele>268.49</ele>
        <time>2026-05-23T16:35:44Z</time>
      </trkpt>
      <trkpt lat="33.56946" lon="-117.78172">
        <ele>268.18</ele>
        <time>2026-05-23T16:35:47Z</time>
      </trkpt>
      <trkpt lat="33.56949" lon="-117.78171">
        <ele>267.78</ele>
        <time>2026-05-23T16:35:50Z</time>
      </trkpt>
      <trkpt lat="33.56952" lon="-117.78171">
        <ele>267.28</ele>
        <time>2026-05-23T16:35:53Z</time>
      </trkpt>
      <trkpt lat="33.56955" lon="-117.78171">
        <ele>266.86</ele>
        <time>2026-05-23T16:35:56Z</time>
      </trkpt>
      <trkpt lat="33.56958" lon="-117.78171">
        <ele>266.54</ele>
        <time>2026-05-23T16:35:59Z</time>
      </trkpt>
      <trkpt lat="33.56961" lon="-117.78172">
        <ele>266.21</ele>
        <time>2026-05-23T16:36:02Z</time>
      </trkpt>
      <trkpt lat="33.56964" lon="-117.78172">
        <ele>266.0</ele>
        <time>2026-05-23T16:36:05Z</time>
      </trkpt>
      <trkpt lat="33.56967" lon="-117.78173">
        <ele>266.0</ele>
        <time>2026-05-23T16:36:08Z</time>
      </trkpt>
      <trkpt lat="33.5697" lon="-117.78174">
        <ele>266.0</ele>
        <time>2026-05-23T16:36:11Z</time>
      </trkpt>
      <trkpt lat="33.56973" lon="-117.78175">
        <ele>266.0</ele>
        <time>2026-05-23T16:36:14Z</time>
      </trkpt>
      <trkpt lat="33.56976" lon="-117.78176">
        <ele>265.98</ele>
        <time>2026-05-23T16:36:17Z</time>
      </trkpt>
      <trkpt lat="33.56974" lon="-117.7818">
        <ele>264.85</ele>
        <time>2026-05-23T16:36:20Z</time>
      </trkpt>
      <trkpt lat="33.56974" lon="-117.78184">
        <ele>263.72</ele>
        <time>2026-05-23T16:36:23Z</time>
      </trkpt>
      <trkpt lat="33.56976" lon="-117.78186">
        <ele>263.57</ele>
        <time>2026-05-23T16:36:27Z</time>
      </trkpt>
      <trkpt lat="33.56978" lon="-117.78188">
        <ele>263.26</ele>
        <time>2026-05-23T16:36:31Z</time>
      </trkpt>
      <trkpt lat="33.5698" lon="-117.78191">
        <ele>262.37</ele>
        <time>2026-05-23T16:36:34Z</time>
      </trkpt>
      <trkpt lat="33.56983" lon="-117.78193">
        <ele>261.62</ele>
        <time>2026-05-23T16:36:38Z</time>
      </trkpt>
      <trkpt lat="33.56985" lon="-117.78195">
        <ele>260.82</ele>
        <time>2026-05-23T16:36:41Z</time>
      </trkpt>
      <trkpt lat="33.56988" lon="-117.78196">
        <ele>260.5</ele>
        <time>2026-05-23T16:36:44Z</time>
      </trkpt>
      <trkpt lat="33.5699" lon="-117.78198">
        <ele>259.85</ele>
        <time>2026-05-23T16:36:47Z</time>
      </trkpt>
      <trkpt lat="33.56993" lon="-117.782">
        <ele>259.2</ele>
        <time>2026-05-23T16:36:50Z</time>
      </trkpt>
      <trkpt lat="33.56996" lon="-117.78202">
        <ele>258.55</ele>
        <time>2026-05-23T16:36:53Z</time>
      </trkpt>
      <trkpt lat="33.56999" lon="-117.78203">
        <ele>258.23</ele>
        <time>2026-05-23T16:36:55Z</time>
      </trkpt>
      <trkpt lat="33.57003" lon="-117.78204">
        <ele>258.56</ele>
        <time>2026-05-23T16:36:57Z</time>
      </trkpt>
      <trkpt lat="33.57006" lon="-117.78206">
        <ele>258.71</ele>
        <time>2026-05-23T16:36:59Z</time>
      </trkpt>
      <trkpt lat="33.57009" lon="-117.78207">
        <ele>259.22</ele>
        <time>2026-05-23T16:37:01Z</time>
      </trkpt>
      <trkpt lat="33.57012" lon="-117.78208">
        <ele>259.69</ele>
        <time>2026-05-23T16:37:03Z</time>
      </trkpt>
      <trkpt lat="33.57015" lon="-117.78209">
        <ele>260.01</ele>
        <time>2026-05-23T16:37:06Z</time>
      </trkpt>
      <trkpt lat="33.57019" lon="-117.78211">
        <ele>259.94</ele>
        <time>2026-05-23T16:37:09Z</time>
      </trkpt>
      <trkpt lat="33.57022" lon="-117.78212">
        <ele>260.13</ele>
        <time>2026-05-23T16:37:12Z</time>
      </trkpt>
      <trkpt lat="33.57025" lon="-117.78213">
        <ele>260.39</ele>
        <time>2026-05-23T16:37:15Z</time>
      </trkpt>
      <trkpt lat="33.57028" lon="-117.78214">
        <ele>260.67</ele>
        <time>2026-05-23T16:37:18Z</time>
      </trkpt>
      <trkpt lat="33.57032" lon="-117.78215">
        <ele>260.44</ele>
        <time>2026-05-23T16:37:21Z</time>
      </trkpt>
      <trkpt lat="33.57035" lon="-117.78213">
        <ele>260.99</ele>
        <time>2026-05-23T16:37:24Z</time>
      </trkpt>
      <trkpt lat="33.57039" lon="-117.78211">
        <ele>261.38</ele>
        <time>2026-05-23T16:37:27Z</time>
      </trkpt>
      <trkpt lat="33.57042" lon="-117.7821">
        <ele>261.25</ele>
        <time>2026-05-23T16:37:30Z</time>
      </trkpt>
      <trkpt lat="33.57045" lon="-117.78209">
        <ele>261.06</ele>
        <time>2026-05-23T16:37:33Z</time>
      </trkpt>
      <trkpt lat="33.57048" lon="-117.78208">
        <ele>261.06</ele>
        <time>2026-05-23T16:37:36Z</time>
      </trkpt>
      <trkpt lat="33.57051" lon="-117.78206">
        <ele>261.25</ele>
        <time>2026-05-23T16:37:39Z</time>
      </trkpt>
      <trkpt lat="33.57054" lon="-117.78203">
        <ele>261.24</ele>
        <time>2026-05-23T16:37:42Z</time>
      </trkpt>
      <trkpt lat="33.57055" lon="-117.78199">
        <ele>261.57</ele>
        <time>2026-05-23T16:37:45Z</time>
      </trkpt>
      <trkpt lat="33.57056" lon="-117.78195">
        <ele>261.89</ele>
        <time>2026-05-23T16:37:48Z</time>
      </trkpt>
      <trkpt lat="33.57057" lon="-117.78192">
        <ele>261.84</ele>
        <time>2026-05-23T16:37:51Z</time>
      </trkpt>
      <trkpt lat="33.57058" lon="-117.78188">
        <ele>261.74</ele>
        <time>2026-05-23T16:37:54Z</time>
      </trkpt>
      <trkpt lat="33.57059" lon="-117.78184">
        <ele>261.66</ele>
        <time>2026-05-23T16:37:57Z</time>
      </trkpt>
      <trkpt lat="33.57059" lon="-117.7818">
        <ele>261.77</ele>
        <time>2026-05-23T16:38:00Z</time>
      </trkpt>
      <trkpt lat="33.57059" lon="-117.78177">
        <ele>261.85</ele>
        <time>2026-05-23T16:38:03Z</time>
      </trkpt>
      <trkpt lat="33.57059" lon="-117.78172">
        <ele>261.62</ele>
        <time>2026-05-23T16:38:07Z</time>
      </trkpt>
      <trkpt lat="33.57059" lon="-117.78169">
        <ele>261.41</ele>
        <time>2026-05-23T16:38:10Z</time>
      </trkpt>
      <trkpt lat="33.57059" lon="-117.78165">
        <ele>261.3</ele>
        <time>2026-05-23T16:38:13Z</time>
      </trkpt>
      <trkpt lat="33.57059" lon="-117.78161">
        <ele>261.41</ele>
        <time>2026-05-23T16:38:16Z</time>
      </trkpt>
      <trkpt lat="33.57059" lon="-117.78157">
        <ele>261.5</ele>
        <time>2026-05-23T16:38:19Z</time>
      </trkpt>
      <trkpt lat="33.57059" lon="-117.78152">
        <ele>261.29</ele>
        <time>2026-05-23T16:38:22Z</time>
      </trkpt>
      <trkpt lat="33.5706" lon="-117.78149">
        <ele>260.64</ele>
        <time>2026-05-23T16:38:24Z</time>
      </trkpt>
      <trkpt lat="33.5706" lon="-117.78145">
        <ele>260.41</ele>
        <time>2026-05-23T16:38:26Z</time>
      </trkpt>
      <trkpt lat="33.57061" lon="-117.78142">
        <ele>259.9</ele>
        <time>2026-05-23T16:38:28Z</time>
      </trkpt>
      <trkpt lat="33.57061" lon="-117.78138">
        <ele>259.69</ele>
        <time>2026-05-23T16:38:31Z</time>
      </trkpt>
      <trkpt lat="33.57062" lon="-117.78133">
        <ele>258.78</ele>
        <time>2026-05-23T16:38:34Z</time>
      </trkpt>
      <trkpt lat="33.57063" lon="-117.78129">
        <ele>258.03</ele>
        <time>2026-05-23T16:38:37Z</time>
      </trkpt>
      <trkpt lat="33.57065" lon="-117.78126">
        <ele>257.19</ele>
        <time>2026-05-23T16:38:40Z</time>
      </trkpt>
      <trkpt lat="33.57068" lon="-117.78123">
        <ele>256.37</ele>
        <time>2026-05-23T16:38:43Z</time>
      </trkpt>
      <trkpt lat="33.5707" lon="-117.78119">
        <ele>255.66</ele>
        <time>2026-05-23T16:38:46Z</time>
      </trkpt>
      <trkpt lat="33.57071" lon="-117.78116">
        <ele>255.06</ele>
        <time>2026-05-23T16:38:49Z</time>
      </trkpt>
      <trkpt lat="33.57073" lon="-117.78113">
        <ele>254.93</ele>
        <time>2026-05-23T16:38:52Z</time>
      </trkpt>
      <trkpt lat="33.57075" lon="-117.78109">
        <ele>254.16</ele>
        <time>2026-05-23T16:38:55Z</time>
      </trkpt>
      <trkpt lat="33.57076" lon="-117.78106">
        <ele>253.14</ele>
        <time>2026-05-23T16:38:58Z</time>
      </trkpt>
      <trkpt lat="33.57078" lon="-117.78103">
        <ele>252.61</ele>
        <time>2026-05-23T16:39:01Z</time>
      </trkpt>
      <trkpt lat="33.57079" lon="-117.78099">
        <ele>252.14</ele>
        <time>2026-05-23T16:39:04Z</time>
      </trkpt>
      <trkpt lat="33.57081" lon="-117.78096">
        <ele>252.45</ele>
        <time>2026-05-23T16:39:07Z</time>
      </trkpt>
      <trkpt lat="33.57083" lon="-117.78093">
        <ele>252.9</ele>
        <time>2026-05-23T16:39:10Z</time>
      </trkpt>
      <trkpt lat="33.57084" lon="-117.7809">
        <ele>252.29</ele>
        <time>2026-05-23T16:39:13Z</time>
      </trkpt>
      <trkpt lat="33.57083" lon="-117.78093">
        <ele>252.9</ele>
        <time>2026-05-23T16:39:18Z</time>
      </trkpt>
      <trkpt lat="33.57086" lon="-117.78091">
        <ele>252.92</ele>
        <time>2026-05-23T16:39:27Z</time>
      </trkpt>
      <trkpt lat="33.57087" lon="-117.78089">
        <ele>252.69</ele>
        <time>2026-05-23T16:39:29Z</time>
      </trkpt>
      <trkpt lat="33.57089" lon="-117.78085">
        <ele>252.66</ele>
        <time>2026-05-23T16:39:32Z</time>
      </trkpt>
      <trkpt lat="33.57091" lon="-117.78081">
        <ele>253.06</ele>
        <time>2026-05-23T16:39:35Z</time>
      </trkpt>
      <trkpt lat="33.57092" lon="-117.78078">
        <ele>253.17</ele>
        <time>2026-05-23T16:39:37Z</time>
      </trkpt>
      <trkpt lat="33.57094" lon="-117.78074">
        <ele>252.98</ele>
        <time>2026-05-23T16:39:40Z</time>
      </trkpt>
      <trkpt lat="33.57096" lon="-117.7807">
        <ele>252.17</ele>
        <time>2026-05-23T16:39:43Z</time>
      </trkpt>
      <trkpt lat="33.57099" lon="-117.78066">
        <ele>252.19</ele>
        <time>2026-05-23T16:39:46Z</time>
      </trkpt>
      <trkpt lat="33.57101" lon="-117.78062">
        <ele>252.36</ele>
        <time>2026-05-23T16:39:49Z</time>
      </trkpt>
      <trkpt lat="33.57103" lon="-117.78059">
        <ele>252.45</ele>
        <time>2026-05-23T16:39:52Z</time>
      </trkpt>
      <trkpt lat="33.57104" lon="-117.78055">
        <ele>252.09</ele>
        <time>2026-05-23T16:39:55Z</time>
      </trkpt>
      <trkpt lat="33.57106" lon="-117.78052">
        <ele>251.81</ele>
        <time>2026-05-23T16:39:58Z</time>
      </trkpt>
      <trkpt lat="33.57108" lon="-117.78049">
        <ele>251.95</ele>
        <time>2026-05-23T16:40:01Z</time>
      </trkpt>
      <trkpt lat="33.57111" lon="-117.78046">
        <ele>252.95</ele>
        <time>2026-05-23T16:40:04Z</time>
      </trkpt>
      <trkpt lat="33.57114" lon="-117.78043">
        <ele>252.69</ele>
        <time>2026-05-23T16:40:07Z</time>
      </trkpt>
      <trkpt lat="33.57117" lon="-117.78039">
        <ele>252.36</ele>
        <time>2026-05-23T16:40:10Z</time>
      </trkpt>
      <trkpt lat="33.57119" lon="-117.78036">
        <ele>252.08</ele>
        <time>2026-05-23T16:40:13Z</time>
      </trkpt>
      <trkpt lat="33.57121" lon="-117.78033">
        <ele>251.89</ele>
        <time>2026-05-23T16:40:16Z</time>
      </trkpt>
      <trkpt lat="33.57124" lon="-117.7803">
        <ele>251.51</ele>
        <time>2026-05-23T16:40:19Z</time>
      </trkpt>
      <trkpt lat="33.57127" lon="-117.78027">
        <ele>251.18</ele>
        <time>2026-05-23T16:40:22Z</time>
      </trkpt>
      <trkpt lat="33.57129" lon="-117.78024">
        <ele>250.63</ele>
        <time>2026-05-23T16:40:25Z</time>
      </trkpt>
      <trkpt lat="33.57132" lon="-117.78021">
        <ele>249.94</ele>
        <time>2026-05-23T16:40:28Z</time>
      </trkpt>
      <trkpt lat="33.57134" lon="-117.78018">
        <ele>249.47</ele>
        <time>2026-05-23T16:40:31Z</time>
      </trkpt>
      <trkpt lat="33.57136" lon="-117.78015">
        <ele>249.07</ele>
        <time>2026-05-23T16:40:34Z</time>
      </trkpt>
      <trkpt lat="33.57139" lon="-117.78012">
        <ele>248.98</ele>
        <time>2026-05-23T16:40:37Z</time>
      </trkpt>
      <trkpt lat="33.57141" lon="-117.7801">
        <ele>248.56</ele>
        <time>2026-05-23T16:40:40Z</time>
      </trkpt>
      <trkpt lat="33.57143" lon="-117.78008">
        <ele>247.73</ele>
        <time>2026-05-23T16:40:43Z</time>
      </trkpt>
      <trkpt lat="33.57146" lon="-117.78006">
        <ele>247.06</ele>
        <time>2026-05-23T16:40:46Z</time>
      </trkpt>
      <trkpt lat="33.57148" lon="-117.78003">
        <ele>246.98</ele>
        <time>2026-05-23T16:40:49Z</time>
      </trkpt>
      <trkpt lat="33.57151" lon="-117.78001">
        <ele>247.0</ele>
        <time>2026-05-23T16:40:52Z</time>
      </trkpt>
      <trkpt lat="33.57154" lon="-117.77998">
        <ele>246.7</ele>
        <time>2026-05-23T16:40:55Z</time>
      </trkpt>
      <trkpt lat="33.57157" lon="-117.77995">
        <ele>246.44</ele>
        <time>2026-05-23T16:40:58Z</time>
      </trkpt>
      <trkpt lat="33.5716" lon="-117.77994">
        <ele>246.25</ele>
        <time>2026-05-23T16:41:00Z</time>
      </trkpt>
      <trkpt lat="33.57163" lon="-117.77991">
        <ele>246.01</ele>
        <time>2026-05-23T16:41:03Z</time>
      </trkpt>
      <trkpt lat="33.57166" lon="-117.77989">
        <ele>245.6</ele>
        <time>2026-05-23T16:41:06Z</time>
      </trkpt>
      <trkpt lat="33.57169" lon="-117.77987">
        <ele>245.14</ele>
        <time>2026-05-23T16:41:09Z</time>
      </trkpt>
      <trkpt lat="33.57172" lon="-117.77985">
        <ele>244.9</ele>
        <time>2026-05-23T16:41:12Z</time>
      </trkpt>
      <trkpt lat="33.57175" lon="-117.77983">
        <ele>244.93</ele>
        <time>2026-05-23T16:41:15Z</time>
      </trkpt>
      <trkpt lat="33.57178" lon="-117.77981">
        <ele>244.83</ele>
        <time>2026-05-23T16:41:18Z</time>
      </trkpt>
      <trkpt lat="33.57181" lon="-117.77979">
        <ele>244.37</ele>
        <time>2026-05-23T16:41:21Z</time>
      </trkpt>
      <trkpt lat="33.57185" lon="-117.77977">
        <ele>244.49</ele>
        <time>2026-05-23T16:41:24Z</time>
      </trkpt>
      <trkpt lat="33.57188" lon="-117.77976">
        <ele>244.59</ele>
        <time>2026-05-23T16:41:27Z</time>
      </trkpt>
      <trkpt lat="33.57191" lon="-117.77975">
        <ele>244.74</ele>
        <time>2026-05-23T16:41:30Z</time>
      </trkpt>
      <trkpt lat="33.57195" lon="-117.77973">
        <ele>245.0</ele>
        <time>2026-05-23T16:41:33Z</time>
      </trkpt>
      <trkpt lat="33.57198" lon="-117.77972">
        <ele>244.98</ele>
        <time>2026-05-23T16:41:36Z</time>
      </trkpt>
      <trkpt lat="33.57202" lon="-117.77972">
        <ele>244.98</ele>
        <time>2026-05-23T16:41:39Z</time>
      </trkpt>
      <trkpt lat="33.57205" lon="-117.77972">
        <ele>244.98</ele>
        <time>2026-05-23T16:41:41Z</time>
      </trkpt>
      <trkpt lat="33.57208" lon="-117.77972">
        <ele>244.98</ele>
        <time>2026-05-23T16:41:43Z</time>
      </trkpt>
      <trkpt lat="33.5721" lon="-117.77972">
        <ele>244.98</ele>
        <time>2026-05-23T16:41:45Z</time>
      </trkpt>
      <trkpt lat="33.57214" lon="-117.77971">
        <ele>244.85</ele>
        <time>2026-05-23T16:41:48Z</time>
      </trkpt>
      <trkpt lat="33.57218" lon="-117.7797">
        <ele>244.63</ele>
        <time>2026-05-23T16:41:51Z</time>
      </trkpt>
      <trkpt lat="33.57221" lon="-117.77969">
        <ele>244.35</ele>
        <time>2026-05-23T16:41:54Z</time>
      </trkpt>
      <trkpt lat="33.57225" lon="-117.77968">
        <ele>244.06</ele>
        <time>2026-05-23T16:41:57Z</time>
      </trkpt>
      <trkpt lat="33.57228" lon="-117.77968">
        <ele>244.03</ele>
        <time>2026-05-23T16:42:00Z</time>
      </trkpt>
      <trkpt lat="33.57232" lon="-117.77967">
        <ele>244.0</ele>
        <time>2026-05-23T16:42:03Z</time>
      </trkpt>
      <trkpt lat="33.57235" lon="-117.77967">
        <ele>244.0</ele>
        <time>2026-05-23T16:42:06Z</time>
      </trkpt>
      <trkpt lat="33.57238" lon="-117.77966">
        <ele>244.0</ele>
        <time>2026-05-23T16:42:09Z</time>
      </trkpt>
      <trkpt lat="33.57242" lon="-117.77965">
        <ele>243.89</ele>
        <time>2026-05-23T16:42:12Z</time>
      </trkpt>
      <trkpt lat="33.57245" lon="-117.77965">
        <ele>243.64</ele>
        <time>2026-05-23T16:42:15Z</time>
      </trkpt>
      <trkpt lat="33.57249" lon="-117.77964">
        <ele>243.21</ele>
        <time>2026-05-23T16:42:18Z</time>
      </trkpt>
      <trkpt lat="33.57253" lon="-117.77964">
        <ele>243.36</ele>
        <time>2026-05-23T16:42:21Z</time>
      </trkpt>
      <trkpt lat="33.57256" lon="-117.77963">
        <ele>243.65</ele>
        <time>2026-05-23T16:42:24Z</time>
      </trkpt>
      <trkpt lat="33.5726" lon="-117.77962">
        <ele>243.7</ele>
        <time>2026-05-23T16:42:27Z</time>
      </trkpt>
      <trkpt lat="33.57263" lon="-117.77962">
        <ele>243.73</ele>
        <time>2026-05-23T16:42:30Z</time>
      </trkpt>
      <trkpt lat="33.57267" lon="-117.77961">
        <ele>243.54</ele>
        <time>2026-05-23T16:42:33Z</time>
      </trkpt>
      <trkpt lat="33.5727" lon="-117.77961">
        <ele>243.61</ele>
        <time>2026-05-23T16:42:36Z</time>
      </trkpt>
      <trkpt lat="33.57274" lon="-117.7796">
        <ele>243.55</ele>
        <time>2026-05-23T16:42:39Z</time>
      </trkpt>
      <trkpt lat="33.57278" lon="-117.7796">
        <ele>243.7</ele>
        <time>2026-05-23T16:42:42Z</time>
      </trkpt>
      <trkpt lat="33.57281" lon="-117.7796">
        <ele>244.03</ele>
        <time>2026-05-23T16:42:45Z</time>
      </trkpt>
      <trkpt lat="33.57285" lon="-117.77959">
        <ele>244.35</ele>
        <time>2026-05-23T16:42:48Z</time>
      </trkpt>
      <trkpt lat="33.57288" lon="-117.77959">
        <ele>244.62</ele>
        <time>2026-05-23T16:42:51Z</time>
      </trkpt>
      <trkpt lat="33.57292" lon="-117.77958">
        <ele>244.75</ele>
        <time>2026-05-23T16:42:54Z</time>
      </trkpt>
      <trkpt lat="33.57295" lon="-117.77958">
        <ele>244.92</ele>
        <time>2026-05-23T16:42:57Z</time>
      </trkpt>
      <trkpt lat="33.57298" lon="-117.77957">
        <ele>245.25</ele>
        <time>2026-05-23T16:43:00Z</time>
      </trkpt>
      <trkpt lat="33.57301" lon="-117.77954">
        <ele>245.52</ele>
        <time>2026-05-23T16:43:03Z</time>
      </trkpt>
      <trkpt lat="33.57303" lon="-117.77952">
        <ele>245.44</ele>
        <time>2026-05-23T16:43:06Z</time>
      </trkpt>
      <trkpt lat="33.57306" lon="-117.7795">
        <ele>245.76</ele>
        <time>2026-05-23T16:43:10Z</time>
      </trkpt>
      <trkpt lat="33.57308" lon="-117.77948">
        <ele>246.34</ele>
        <time>2026-05-23T16:43:14Z</time>
      </trkpt>
      <trkpt lat="33.5731" lon="-117.77945">
        <ele>246.95</ele>
        <time>2026-05-23T16:43:18Z</time>
      </trkpt>
      <trkpt lat="33.57313" lon="-117.77943">
        <ele>248.03</ele>
        <time>2026-05-23T16:43:22Z</time>
      </trkpt>
      <trkpt lat="33.57315" lon="-117.7794">
        <ele>248.55</ele>
        <time>2026-05-23T16:43:26Z</time>
      </trkpt>
      <trkpt lat="33.57318" lon="-117.77938">
        <ele>248.75</ele>
        <time>2026-05-23T16:43:30Z</time>
      </trkpt>
      <trkpt lat="33.5732" lon="-117.77935">
        <ele>248.52</ele>
        <time>2026-05-23T16:43:33Z</time>
      </trkpt>
      <trkpt lat="33.57322" lon="-117.77933">
        <ele>248.43</ele>
        <time>2026-05-23T16:43:36Z</time>
      </trkpt>
      <trkpt lat="33.57325" lon="-117.77931">
        <ele>248.75</ele>
        <time>2026-05-23T16:43:39Z</time>
      </trkpt>
      <trkpt lat="33.57327" lon="-117.77929">
        <ele>248.96</ele>
        <time>2026-05-23T16:43:42Z</time>
      </trkpt>
      <trkpt lat="33.5733" lon="-117.77926">
        <ele>249.29</ele>
        <time>2026-05-23T16:43:45Z</time>
      </trkpt>
      <trkpt lat="33.57332" lon="-117.77924">
        <ele>249.65</ele>
        <time>2026-05-23T16:43:48Z</time>
      </trkpt>
      <trkpt lat="33.57334" lon="-117.77921">
        <ele>250.14</ele>
        <time>2026-05-23T16:43:51Z</time>
      </trkpt>
      <trkpt lat="33.57337" lon="-117.77918">
        <ele>250.79</ele>
        <time>2026-05-23T16:43:54Z</time>
      </trkpt>
      <trkpt lat="33.57339" lon="-117.77915">
        <ele>251.4</ele>
        <time>2026-05-23T16:43:57Z</time>
      </trkpt>
      <trkpt lat="33.57341" lon="-117.77912">
        <ele>252.16</ele>
        <time>2026-05-23T16:44:00Z</time>
      </trkpt>
      <trkpt lat="33.57343" lon="-117.77908">
        <ele>252.98</ele>
        <time>2026-05-23T16:44:03Z</time>
      </trkpt>
      <trkpt lat="33.57345" lon="-117.77905">
        <ele>253.45</ele>
        <time>2026-05-23T16:44:06Z</time>
      </trkpt>
      <trkpt lat="33.57345" lon="-117.77902">
        <ele>253.69</ele>
        <time>2026-05-23T16:44:09Z</time>
      </trkpt>
      <trkpt lat="33.57346" lon="-117.77899">
        <ele>253.94</ele>
        <time>2026-05-23T16:44:12Z</time>
      </trkpt>
      <trkpt lat="33.57346" lon="-117.77896">
        <ele>254.02</ele>
        <time>2026-05-23T16:44:15Z</time>
      </trkpt>
      <trkpt lat="33.57348" lon="-117.77893">
        <ele>254.42</ele>
        <time>2026-05-23T16:44:18Z</time>
      </trkpt>
      <trkpt lat="33.57348" lon="-117.7789">
        <ele>254.66</ele>
        <time>2026-05-23T16:44:21Z</time>
      </trkpt>
      <trkpt lat="33.57349" lon="-117.77886">
        <ele>254.67</ele>
        <time>2026-05-23T16:44:25Z</time>
      </trkpt>
      <trkpt lat="33.5735" lon="-117.77882">
        <ele>254.51</ele>
        <time>2026-05-23T16:44:28Z</time>
      </trkpt>
      <trkpt lat="33.57352" lon="-117.77879">
        <ele>254.93</ele>
        <time>2026-05-23T16:44:31Z</time>
      </trkpt>
      <trkpt lat="33.57353" lon="-117.77876">
        <ele>254.66</ele>
        <time>2026-05-23T16:44:34Z</time>
      </trkpt>
      <trkpt lat="33.57354" lon="-117.77872">
        <ele>254.37</ele>
        <time>2026-05-23T16:44:37Z</time>
      </trkpt>
      <trkpt lat="33.57354" lon="-117.77868">
        <ele>254.23</ele>
        <time>2026-05-23T16:44:40Z</time>
      </trkpt>
      <trkpt lat="33.57355" lon="-117.77864">
        <ele>254.34</ele>
        <time>2026-05-23T16:44:43Z</time>
      </trkpt>
      <trkpt lat="33.57356" lon="-117.7786">
        <ele>254.44</ele>
        <time>2026-05-23T16:44:46Z</time>
      </trkpt>
      <trkpt lat="33.57358" lon="-117.77857">
        <ele>254.81</ele>
        <time>2026-05-23T16:44:53Z</time>
      </trkpt>
      <trkpt lat="33.57359" lon="-117.77853">
        <ele>255.25</ele>
        <time>2026-05-23T16:44:56Z</time>
      </trkpt>
      <trkpt lat="33.5736" lon="-117.77849">
        <ele>255.6</ele>
        <time>2026-05-23T16:44:59Z</time>
      </trkpt>
      <trkpt lat="33.5736" lon="-117.77844">
        <ele>255.54</ele>
        <time>2026-05-23T16:45:02Z</time>
      </trkpt>
      <trkpt lat="33.57361" lon="-117.7784">
        <ele>255.95</ele>
        <time>2026-05-23T16:45:05Z</time>
      </trkpt>
      <trkpt lat="33.57362" lon="-117.77835">
        <ele>256.0</ele>
        <time>2026-05-23T16:45:08Z</time>
      </trkpt>
      <trkpt lat="33.57363" lon="-117.77831">
        <ele>255.8</ele>
        <time>2026-05-23T16:45:11Z</time>
      </trkpt>
      <trkpt lat="33.57364" lon="-117.77827">
        <ele>255.53</ele>
        <time>2026-05-23T16:45:14Z</time>
      </trkpt>
      <trkpt lat="33.57365" lon="-117.77823">
        <ele>255.42</ele>
        <time>2026-05-23T16:45:17Z</time>
      </trkpt>
      <trkpt lat="33.57366" lon="-117.77818">
        <ele>255.53</ele>
        <time>2026-05-23T16:45:20Z</time>
      </trkpt>
      <trkpt lat="33.57367" lon="-117.77815">
        <ele>255.64</ele>
        <time>2026-05-23T16:45:23Z</time>
      </trkpt>
      <trkpt lat="33.57368" lon="-117.77811">
        <ele>256.16</ele>
        <time>2026-05-23T16:45:26Z</time>
      </trkpt>
      <trkpt lat="33.5737" lon="-117.77807">
        <ele>256.8</ele>
        <time>2026-05-23T16:45:29Z</time>
      </trkpt>
      <trkpt lat="33.57371" lon="-117.77804">
        <ele>257.03</ele>
        <time>2026-05-23T16:45:31Z</time>
      </trkpt>
      <trkpt lat="33.57373" lon="-117.77802">
        <ele>256.82</ele>
        <time>2026-05-23T16:45:33Z</time>
      </trkpt>
      <trkpt lat="33.57375" lon="-117.77799">
        <ele>256.71</ele>
        <time>2026-05-23T16:45:35Z</time>
      </trkpt>
      <trkpt lat="33.57377" lon="-117.77797">
        <ele>256.49</ele>
        <time>2026-05-23T16:45:37Z</time>
      </trkpt>
      <trkpt lat="33.5738" lon="-117.77793">
        <ele>256.32</ele>
        <time>2026-05-23T16:45:40Z</time>
      </trkpt>
      <trkpt lat="33.57382" lon="-117.77791">
        <ele>256.32</ele>
        <time>2026-05-23T16:45:43Z</time>
      </trkpt>
      <trkpt lat="33.57385" lon="-117.7779">
        <ele>256.1</ele>
        <time>2026-05-23T16:45:47Z</time>
      </trkpt>
      <trkpt lat="33.57388" lon="-117.77787">
        <ele>256.09</ele>
        <time>2026-05-23T16:45:50Z</time>
      </trkpt>
      <trkpt lat="33.5739" lon="-117.77785">
        <ele>255.69</ele>
        <time>2026-05-23T16:45:53Z</time>
      </trkpt>
      <trkpt lat="33.57393" lon="-117.77782">
        <ele>255.25</ele>
        <time>2026-05-23T16:45:56Z</time>
      </trkpt>
      <trkpt lat="33.57396" lon="-117.77779">
        <ele>255.03</ele>
        <time>2026-05-23T16:45:59Z</time>
      </trkpt>
      <trkpt lat="33.57399" lon="-117.77777">
        <ele>254.92</ele>
        <time>2026-05-23T16:46:02Z</time>
      </trkpt>
      <trkpt lat="33.57403" lon="-117.77774">
        <ele>254.81</ele>
        <time>2026-05-23T16:46:05Z</time>
      </trkpt>
      <trkpt lat="33.57406" lon="-117.77772">
        <ele>254.91</ele>
        <time>2026-05-23T16:46:08Z</time>
      </trkpt>
      <trkpt lat="33.57409" lon="-117.7777">
        <ele>255.14</ele>
        <time>2026-05-23T16:46:11Z</time>
      </trkpt>
      <trkpt lat="33.57413" lon="-117.77768">
        <ele>255.55</ele>
        <time>2026-05-23T16:46:14Z</time>
      </trkpt>
      <trkpt lat="33.57416" lon="-117.77766">
        <ele>255.66</ele>
        <time>2026-05-23T16:46:17Z</time>
      </trkpt>
      <trkpt lat="33.5742" lon="-117.77765">
        <ele>255.89</ele>
        <time>2026-05-23T16:46:20Z</time>
      </trkpt>
      <trkpt lat="33.57423" lon="-117.77763">
        <ele>256.22</ele>
        <time>2026-05-23T16:46:23Z</time>
      </trkpt>
      <trkpt lat="33.57426" lon="-117.77761">
        <ele>256.82</ele>
        <time>2026-05-23T16:46:26Z</time>
      </trkpt>
      <trkpt lat="33.5743" lon="-117.7776">
        <ele>257.36</ele>
        <time>2026-05-23T16:46:29Z</time>
      </trkpt>
      <trkpt lat="33.57433" lon="-117.77758">
        <ele>257.73</ele>
        <time>2026-05-23T16:46:32Z</time>
      </trkpt>
      <trkpt lat="33.57436" lon="-117.77757">
        <ele>258.02</ele>
        <time>2026-05-23T16:46:35Z</time>
      </trkpt>
      <trkpt lat="33.57439" lon="-117.77756">
        <ele>258.15</ele>
        <time>2026-05-23T16:46:38Z</time>
      </trkpt>
      <trkpt lat="33.57442" lon="-117.77757">
        <ele>258.18</ele>
        <time>2026-05-23T16:46:41Z</time>
      </trkpt>
      <trkpt lat="33.57445" lon="-117.77757">
        <ele>258.24</ele>
        <time>2026-05-23T16:46:44Z</time>
      </trkpt>
      <trkpt lat="33.57448" lon="-117.77755">
        <ele>258.46</ele>
        <time>2026-05-23T16:46:48Z</time>
      </trkpt>
      <trkpt lat="33.57451" lon="-117.77754">
        <ele>258.57</ele>
        <time>2026-05-23T16:46:52Z</time>
      </trkpt>
      <trkpt lat="33.57454" lon="-117.77752">
        <ele>258.78</ele>
        <time>2026-05-23T16:46:55Z</time>
      </trkpt>
      <trkpt lat="33.57457" lon="-117.77751">
        <ele>258.89</ele>
        <time>2026-05-23T16:46:58Z</time>
      </trkpt>
      <trkpt lat="33.5746" lon="-117.7775">
        <ele>259.0</ele>
        <time>2026-05-23T16:47:01Z</time>
      </trkpt>
      <trkpt lat="33.57463" lon="-117.77749">
        <ele>258.89</ele>
        <time>2026-05-23T16:47:04Z</time>
      </trkpt>
      <trkpt lat="33.57467" lon="-117.77748">
        <ele>258.78</ele>
        <time>2026-05-23T16:47:07Z</time>
      </trkpt>
      <trkpt lat="33.5747" lon="-117.77747">
        <ele>258.68</ele>
        <time>2026-05-23T16:47:10Z</time>
      </trkpt>
      <trkpt lat="33.57474" lon="-117.77747">
        <ele>258.68</ele>
        <time>2026-05-23T16:47:13Z</time>
      </trkpt>
      <trkpt lat="33.57477" lon="-117.77746">
        <ele>258.57</ele>
        <time>2026-05-23T16:47:16Z</time>
      </trkpt>
      <trkpt lat="33.57481" lon="-117.77747">
        <ele>258.68</ele>
        <time>2026-05-23T16:47:19Z</time>
      </trkpt>
      <trkpt lat="33.57484" lon="-117.77749">
        <ele>258.89</ele>
        <time>2026-05-23T16:47:22Z</time>
      </trkpt>
      <trkpt lat="33.57488" lon="-117.7775">
        <ele>259.0</ele>
        <time>2026-05-23T16:47:25Z</time>
      </trkpt>
      <trkpt lat="33.57491" lon="-117.7775">
        <ele>259.03</ele>
        <time>2026-05-23T16:47:27Z</time>
      </trkpt>
      <trkpt lat="33.57494" lon="-117.77751">
        <ele>259.35</ele>
        <time>2026-05-23T16:47:29Z</time>
      </trkpt>
      <trkpt lat="33.57496" lon="-117.77751">
        <ele>259.57</ele>
        <time>2026-05-23T16:47:31Z</time>
      </trkpt>
      <trkpt lat="33.575" lon="-117.77752">
        <ele>260.0</ele>
        <time>2026-05-23T16:47:34Z</time>
      </trkpt>
      <trkpt lat="33.57503" lon="-117.77752">
        <ele>260.07</ele>
        <time>2026-05-23T16:47:37Z</time>
      </trkpt>
      <trkpt lat="33.57506" lon="-117.77753">
        <ele>260.21</ele>
        <time>2026-05-23T16:47:40Z</time>
      </trkpt>
      <trkpt lat="33.57509" lon="-117.77752">
        <ele>260.21</ele>
        <time>2026-05-23T16:47:43Z</time>
      </trkpt>
      <trkpt lat="33.57511" lon="-117.77752">
        <ele>260.55</ele>
        <time>2026-05-23T16:47:46Z</time>
      </trkpt>
      <trkpt lat="33.57514" lon="-117.77751">
        <ele>261.08</ele>
        <time>2026-05-23T16:47:49Z</time>
      </trkpt>
      <trkpt lat="33.57517" lon="-117.7775">
        <ele>261.67</ele>
        <time>2026-05-23T16:47:52Z</time>
      </trkpt>
      <trkpt lat="33.5752" lon="-117.7775">
        <ele>262.16</ele>
        <time>2026-05-23T16:47:55Z</time>
      </trkpt>
      <trkpt lat="33.57523" lon="-117.7775">
        <ele>262.48</ele>
        <time>2026-05-23T16:47:58Z</time>
      </trkpt>
      <trkpt lat="33.57526" lon="-117.7775">
        <ele>262.81</ele>
        <time>2026-05-23T16:48:01Z</time>
      </trkpt>
      <trkpt lat="33.5753" lon="-117.7775">
        <ele>263.0</ele>
        <time>2026-05-23T16:48:04Z</time>
      </trkpt>
      <trkpt lat="33.57533" lon="-117.7775">
        <ele>263.0</ele>
        <time>2026-05-23T16:48:07Z</time>
      </trkpt>
      <trkpt lat="33.57536" lon="-117.7775">
        <ele>263.0</ele>
        <time>2026-05-23T16:48:10Z</time>
      </trkpt>
      <trkpt lat="33.57539" lon="-117.77749">
        <ele>263.02</ele>
        <time>2026-05-23T16:48:13Z</time>
      </trkpt>
      <trkpt lat="33.57542" lon="-117.77749">
        <ele>263.38</ele>
        <time>2026-05-23T16:48:16Z</time>
      </trkpt>
      <trkpt lat="33.57546" lon="-117.77748">
        <ele>263.75</ele>
        <time>2026-05-23T16:48:19Z</time>
      </trkpt>
      <trkpt lat="33.57549" lon="-117.77748">
        <ele>264.08</ele>
        <time>2026-05-23T16:48:22Z</time>
      </trkpt>
      <trkpt lat="33.57552" lon="-117.77747">
        <ele>264.29</ele>
        <time>2026-05-23T16:48:25Z</time>
      </trkpt>
      <trkpt lat="33.57555" lon="-117.77745">
        <ele>264.4</ele>
        <time>2026-05-23T16:48:28Z</time>
      </trkpt>
      <trkpt lat="33.57558" lon="-117.77743">
        <ele>264.71</ele>
        <time>2026-05-23T16:48:31Z</time>
      </trkpt>
      <trkpt lat="33.57561" lon="-117.77741">
        <ele>265.19</ele>
        <time>2026-05-23T16:48:34Z</time>
      </trkpt>
      <trkpt lat="33.57564" lon="-117.77739">
        <ele>265.46</ele>
        <time>2026-05-23T16:48:37Z</time>
      </trkpt>
      <trkpt lat="33.57567" lon="-117.77737">
        <ele>265.38</ele>
        <time>2026-05-23T16:48:40Z</time>
      </trkpt>
      <trkpt lat="33.5757" lon="-117.77735">
        <ele>265.45</ele>
        <time>2026-05-23T16:48:43Z</time>
      </trkpt>
      <trkpt lat="33.57573" lon="-117.77733">
        <ele>265.81</ele>
        <time>2026-05-23T16:48:46Z</time>
      </trkpt>
      <trkpt lat="33.57576" lon="-117.77731">
        <ele>266.17</ele>
        <time>2026-05-23T16:48:49Z</time>
      </trkpt>
      <trkpt lat="33.57579" lon="-117.7773">
        <ele>266.46</ele>
        <time>2026-05-23T16:48:52Z</time>
      </trkpt>
      <trkpt lat="33.57582" lon="-117.77728">
        <ele>266.8</ele>
        <time>2026-05-23T16:48:55Z</time>
      </trkpt>
      <trkpt lat="33.57585" lon="-117.77725">
        <ele>267.18</ele>
        <time>2026-05-23T16:48:58Z</time>
      </trkpt>
      <trkpt lat="33.57588" lon="-117.77723">
        <ele>267.5</ele>
        <time>2026-05-23T16:49:01Z</time>
      </trkpt>
      <trkpt lat="33.5759" lon="-117.7772">
        <ele>267.48</ele>
        <time>2026-05-23T16:49:05Z</time>
      </trkpt>
      <trkpt lat="33.57592" lon="-117.77718">
        <ele>267.48</ele>
        <time>2026-05-23T16:49:08Z</time>
      </trkpt>
      <trkpt lat="33.57594" lon="-117.77716">
        <ele>267.58</ele>
        <time>2026-05-23T16:49:11Z</time>
      </trkpt>
      <trkpt lat="33.57597" lon="-117.77713">
        <ele>267.95</ele>
        <time>2026-05-23T16:49:14Z</time>
      </trkpt>
      <trkpt lat="33.57599" lon="-117.77711">
        <ele>268.53</ele>
        <time>2026-05-23T16:49:17Z</time>
      </trkpt>
      <trkpt lat="33.57602" lon="-117.77708">
        <ele>269.54</ele>
        <time>2026-05-23T16:49:20Z</time>
      </trkpt>
      <trkpt lat="33.57604" lon="-117.77706">
        <ele>269.81</ele>
        <time>2026-05-23T16:49:23Z</time>
      </trkpt>
      <trkpt lat="33.57606" lon="-117.77703">
        <ele>269.96</ele>
        <time>2026-05-23T16:49:26Z</time>
      </trkpt>
      <trkpt lat="33.57608" lon="-117.77701">
        <ele>269.9</ele>
        <time>2026-05-23T16:49:29Z</time>
      </trkpt>
      <trkpt lat="33.57609" lon="-117.77699">
        <ele>269.88</ele>
        <time>2026-05-23T16:49:32Z</time>
      </trkpt>
      <trkpt lat="33.57611" lon="-117.77696">
        <ele>269.99</ele>
        <time>2026-05-23T16:49:35Z</time>
      </trkpt>
      <trkpt lat="33.57613" lon="-117.77693">
        <ele>269.55</ele>
        <time>2026-05-23T16:49:38Z</time>
      </trkpt>
      <trkpt lat="33.57615" lon="-117.77691">
        <ele>269.15</ele>
        <time>2026-05-23T16:49:41Z</time>
      </trkpt>
      <trkpt lat="33.57616" lon="-117.77688">
        <ele>268.81</ele>
        <time>2026-05-23T16:49:44Z</time>
      </trkpt>
      <trkpt lat="33.57618" lon="-117.77685">
        <ele>268.72</ele>
        <time>2026-05-23T16:49:47Z</time>
      </trkpt>
      <trkpt lat="33.5762" lon="-117.77682">
        <ele>268.6</ele>
        <time>2026-05-23T16:49:50Z</time>
      </trkpt>
      <trkpt lat="33.57622" lon="-117.77679">
        <ele>268.21</ele>
        <time>2026-05-23T16:49:53Z</time>
      </trkpt>
      <trkpt lat="33.57623" lon="-117.77676">
        <ele>267.73</ele>
        <time>2026-05-23T16:49:55Z</time>
      </trkpt>
      <trkpt lat="33.57624" lon="-117.77672">
        <ele>267.09</ele>
        <time>2026-05-23T16:49:57Z</time>
      </trkpt>
      <trkpt lat="33.57626" lon="-117.77667">
        <ele>266.64</ele>
        <time>2026-05-23T16:49:59Z</time>
      </trkpt>
      <trkpt lat="33.57627" lon="-117.77664">
        <ele>266.35</ele>
        <time>2026-05-23T16:50:01Z</time>
      </trkpt>
      <trkpt lat="33.57629" lon="-117.7766">
        <ele>266.16</ele>
        <time>2026-05-23T16:50:04Z</time>
      </trkpt>
      <trkpt lat="33.57631" lon="-117.77656">
        <ele>265.89</ele>
        <time>2026-05-23T16:50:07Z</time>
      </trkpt>
      <trkpt lat="33.57633" lon="-117.77653">
        <ele>265.76</ele>
        <time>2026-05-23T16:50:10Z</time>
      </trkpt>
      <trkpt lat="33.57635" lon="-117.7765">
        <ele>265.91</ele>
        <time>2026-05-23T16:50:13Z</time>
      </trkpt>
      <trkpt lat="33.57636" lon="-117.77654">
        <ele>266.46</ele>
        <time>2026-05-23T16:50:18Z</time>
      </trkpt>
      <trkpt lat="33.57638" lon="-117.77651">
        <ele>266.77</ele>
        <time>2026-05-23T16:50:25Z</time>
      </trkpt>
      <trkpt lat="33.5764" lon="-117.77648">
        <ele>266.99</ele>
        <time>2026-05-23T16:50:28Z</time>
      </trkpt>
      <trkpt lat="33.57641" lon="-117.77645">
        <ele>266.74</ele>
        <time>2026-05-23T16:50:31Z</time>
      </trkpt>
      <trkpt lat="33.57643" lon="-117.77642">
        <ele>266.63</ele>
        <time>2026-05-23T16:50:34Z</time>
      </trkpt>
      <trkpt lat="33.57645" lon="-117.77638">
        <ele>266.56</ele>
        <time>2026-05-23T16:50:37Z</time>
      </trkpt>
      <trkpt lat="33.57647" lon="-117.77635">
        <ele>266.46</ele>
        <time>2026-05-23T16:50:40Z</time>
      </trkpt>
      <trkpt lat="33.57649" lon="-117.77631">
        <ele>266.15</ele>
        <time>2026-05-23T16:50:43Z</time>
      </trkpt>
      <trkpt lat="33.57651" lon="-117.77628">
        <ele>265.88</ele>
        <time>2026-05-23T16:50:46Z</time>
      </trkpt>
      <trkpt lat="33.57653" lon="-117.77624">
        <ele>265.71</ele>
        <time>2026-05-23T16:50:49Z</time>
      </trkpt>
      <trkpt lat="33.57655" lon="-117.77621">
        <ele>265.76</ele>
        <time>2026-05-23T16:50:52Z</time>
      </trkpt>
      <trkpt lat="33.57657" lon="-117.77618">
        <ele>266.19</ele>
        <time>2026-05-23T16:50:55Z</time>
      </trkpt>
      <trkpt lat="33.57659" lon="-117.77614">
        <ele>266.74</ele>
        <time>2026-05-23T16:50:58Z</time>
      </trkpt>
      <trkpt lat="33.57661" lon="-117.77611">
        <ele>266.99</ele>
        <time>2026-05-23T16:51:01Z</time>
      </trkpt>
      <trkpt lat="33.57663" lon="-117.77607">
        <ele>266.65</ele>
        <time>2026-05-23T16:51:04Z</time>
      </trkpt>
      <trkpt lat="33.57665" lon="-117.77604">
        <ele>266.72</ele>
        <time>2026-05-23T16:51:06Z</time>
      </trkpt>
      <trkpt lat="33.57667" lon="-117.77601">
        <ele>266.91</ele>
        <time>2026-05-23T16:51:08Z</time>
      </trkpt>
      <trkpt lat="33.57669" lon="-117.77597">
        <ele>266.74</ele>
        <time>2026-05-23T16:51:10Z</time>
      </trkpt>
      <trkpt lat="33.57671" lon="-117.77594">
        <ele>266.95</ele>
        <time>2026-05-23T16:51:12Z</time>
      </trkpt>
      <trkpt lat="33.57673" lon="-117.77592">
        <ele>267.43</ele>
        <time>2026-05-23T16:51:14Z</time>
      </trkpt>
      <trkpt lat="33.57675" lon="-117.77589">
        <ele>268.19</ele>
        <time>2026-05-23T16:51:16Z</time>
      </trkpt>
      <trkpt lat="33.57677" lon="-117.77586">
        <ele>268.71</ele>
        <time>2026-05-23T16:51:19Z</time>
      </trkpt>
      <trkpt lat="33.57679" lon="-117.77582">
        <ele>268.81</ele>
        <time>2026-05-23T16:51:22Z</time>
      </trkpt>
      <trkpt lat="33.57681" lon="-117.77579">
        <ele>268.58</ele>
        <time>2026-05-23T16:51:25Z</time>
      </trkpt>
      <trkpt lat="33.57682" lon="-117.77576">
        <ele>268.46</ele>
        <time>2026-05-23T16:51:29Z</time>
      </trkpt>
      <trkpt lat="33.57685" lon="-117.77575">
        <ele>268.96</ele>
        <time>2026-05-23T16:51:34Z</time>
      </trkpt>
      <trkpt lat="33.57687" lon="-117.77573">
        <ele>269.01</ele>
        <time>2026-05-23T16:51:38Z</time>
      </trkpt>
      <trkpt lat="33.5769" lon="-117.7757">
        <ele>269.1</ele>
        <time>2026-05-23T16:51:42Z</time>
      </trkpt>
      <trkpt lat="33.57692" lon="-117.77568">
        <ele>269.39</ele>
        <time>2026-05-23T16:51:45Z</time>
      </trkpt>
      <trkpt lat="33.57695" lon="-117.77566">
        <ele>270.05</ele>
        <time>2026-05-23T16:51:48Z</time>
      </trkpt>
      <trkpt lat="33.57698" lon="-117.77564">
        <ele>270.24</ele>
        <time>2026-05-23T16:51:51Z</time>
      </trkpt>
      <trkpt lat="33.57702" lon="-117.77563">
        <ele>270.58</ele>
        <time>2026-05-23T16:51:54Z</time>
      </trkpt>
      <trkpt lat="33.57705" lon="-117.77561">
        <ele>270.65</ele>
        <time>2026-05-23T16:51:57Z</time>
      </trkpt>
      <trkpt lat="33.57709" lon="-117.7756">
        <ele>270.78</ele>
        <time>2026-05-23T16:52:00Z</time>
      </trkpt>
      <trkpt lat="33.57712" lon="-117.7756">
        <ele>270.95</ele>
        <time>2026-05-23T16:52:03Z</time>
      </trkpt>
      <trkpt lat="33.57715" lon="-117.7756">
        <ele>271.33</ele>
        <time>2026-05-23T16:52:06Z</time>
      </trkpt>
      <trkpt lat="33.57718" lon="-117.77559">
        <ele>271.89</ele>
        <time>2026-05-23T16:52:09Z</time>
      </trkpt>
      <trkpt lat="33.57722" lon="-117.77558">
        <ele>272.69</ele>
        <time>2026-05-23T16:52:12Z</time>
      </trkpt>
      <trkpt lat="33.57725" lon="-117.77557">
        <ele>272.84</ele>
        <time>2026-05-23T16:52:15Z</time>
      </trkpt>
      <trkpt lat="33.57728" lon="-117.77556">
        <ele>272.95</ele>
        <time>2026-05-23T16:52:18Z</time>
      </trkpt>
      <trkpt lat="33.57731" lon="-117.77554">
        <ele>272.99</ele>
        <time>2026-05-23T16:52:21Z</time>
      </trkpt>
      <trkpt lat="33.57735" lon="-117.77553">
        <ele>272.83</ele>
        <time>2026-05-23T16:52:24Z</time>
      </trkpt>
      <trkpt lat="33.57738" lon="-117.77552">
        <ele>272.84</ele>
        <time>2026-05-23T16:52:27Z</time>
      </trkpt>
      <trkpt lat="33.57742" lon="-117.7755">
        <ele>273.12</ele>
        <time>2026-05-23T16:52:30Z</time>
      </trkpt>
      <trkpt lat="33.57745" lon="-117.77549">
        <ele>273.09</ele>
        <time>2026-05-23T16:52:33Z</time>
      </trkpt>
      <trkpt lat="33.57748" lon="-117.77548">
        <ele>272.99</ele>
        <time>2026-05-23T16:52:36Z</time>
      </trkpt>
      <trkpt lat="33.57751" lon="-117.77546">
        <ele>272.82</ele>
        <time>2026-05-23T16:52:39Z</time>
      </trkpt>
      <trkpt lat="33.57754" lon="-117.77545">
        <ele>272.34</ele>
        <time>2026-05-23T16:52:42Z</time>
      </trkpt>
      <trkpt lat="33.57757" lon="-117.77543">
        <ele>272.11</ele>
        <time>2026-05-23T16:52:45Z</time>
      </trkpt>
      <trkpt lat="33.5776" lon="-117.77541">
        <ele>272.05</ele>
        <time>2026-05-23T16:52:48Z</time>
      </trkpt>
      <trkpt lat="33.57764" lon="-117.7754">
        <ele>271.66</ele>
        <time>2026-05-23T16:52:51Z</time>
      </trkpt>
      <trkpt lat="33.57767" lon="-117.77538">
        <ele>271.29</ele>
        <time>2026-05-23T16:52:54Z</time>
      </trkpt>
      <trkpt lat="33.5777" lon="-117.77536">
        <ele>270.84</ele>
        <time>2026-05-23T16:52:57Z</time>
      </trkpt>
      <trkpt lat="33.57773" lon="-117.77535">
        <ele>270.52</ele>
        <time>2026-05-23T16:53:00Z</time>
      </trkpt>
      <trkpt lat="33.57777" lon="-117.77533">
        <ele>270.08</ele>
        <time>2026-05-23T16:53:03Z</time>
      </trkpt>
      <trkpt lat="33.5778" lon="-117.77531">
        <ele>270.08</ele>
        <time>2026-05-23T16:53:06Z</time>
      </trkpt>
      <trkpt lat="33.57783" lon="-117.7753">
        <ele>270.14</ele>
        <time>2026-05-23T16:53:09Z</time>
      </trkpt>
      <trkpt lat="33.57787" lon="-117.77528">
        <ele>270.02</ele>
        <time>2026-05-23T16:53:12Z</time>
      </trkpt>
      <trkpt lat="33.5779" lon="-117.77527">
        <ele>270.07</ele>
        <time>2026-05-23T16:53:15Z</time>
      </trkpt>
      <trkpt lat="33.57793" lon="-117.77526">
        <ele>270.07</ele>
        <time>2026-05-23T16:53:18Z</time>
      </trkpt>
      <trkpt lat="33.57796" lon="-117.77527">
        <ele>270.72</ele>
        <time>2026-05-23T16:53:21Z</time>
      </trkpt>
      <trkpt lat="33.57799" lon="-117.77528">
        <ele>271.29</ele>
        <time>2026-05-23T16:53:24Z</time>
      </trkpt>
      <trkpt lat="33.57803" lon="-117.77527">
        <ele>271.47</ele>
        <time>2026-05-23T16:53:27Z</time>
      </trkpt>
      <trkpt lat="33.57806" lon="-117.77526">
        <ele>271.44</ele>
        <time>2026-05-23T16:53:30Z</time>
      </trkpt>
      <trkpt lat="33.57809" lon="-117.77525">
        <ele>271.32</ele>
        <time>2026-05-23T16:53:33Z</time>
      </trkpt>
      <trkpt lat="33.57812" lon="-117.77524">
        <ele>271.34</ele>
        <time>2026-05-23T16:53:36Z</time>
      </trkpt>
      <trkpt lat="33.57814" lon="-117.77522">
        <ele>271.27</ele>
        <time>2026-05-23T16:53:48Z</time>
      </trkpt>
      <trkpt lat="33.57818" lon="-117.77521">
        <ele>271.61</ele>
        <time>2026-05-23T16:53:51Z</time>
      </trkpt>
      <trkpt lat="33.57821" lon="-117.7752">
        <ele>271.83</ele>
        <time>2026-05-23T16:53:54Z</time>
      </trkpt>
      <trkpt lat="33.57824" lon="-117.77519">
        <ele>272.04</ele>
        <time>2026-05-23T16:53:57Z</time>
      </trkpt>
      <trkpt lat="33.57827" lon="-117.77518">
        <ele>272.2</ele>
        <time>2026-05-23T16:54:00Z</time>
      </trkpt>
      <trkpt lat="33.5783" lon="-117.77517">
        <ele>272.31</ele>
        <time>2026-05-23T16:54:03Z</time>
      </trkpt>
      <trkpt lat="33.57834" lon="-117.77515">
        <ele>272.27</ele>
        <time>2026-05-23T16:54:06Z</time>
      </trkpt>
      <trkpt lat="33.57837" lon="-117.77514">
        <ele>272.22</ele>
        <time>2026-05-23T16:54:09Z</time>
      </trkpt>
      <trkpt lat="33.5784" lon="-117.77512">
        <ele>272.1</ele>
        <time>2026-05-23T16:54:12Z</time>
      </trkpt>
      <trkpt lat="33.57844" lon="-117.7751">
        <ele>272.22</ele>
        <time>2026-05-23T16:54:15Z</time>
      </trkpt>
      <trkpt lat="33.57848" lon="-117.77508">
        <ele>272.33</ele>
        <time>2026-05-23T16:54:18Z</time>
      </trkpt>
      <trkpt lat="33.5785" lon="-117.77506">
        <ele>272.31</ele>
        <time>2026-05-23T16:54:20Z</time>
      </trkpt>
      <trkpt lat="33.57853" lon="-117.77503">
        <ele>272.62</ele>
        <time>2026-05-23T16:54:22Z</time>
      </trkpt>
      <trkpt lat="33.57855" lon="-117.775">
        <ele>273.02</ele>
        <time>2026-05-23T16:54:24Z</time>
      </trkpt>
      <trkpt lat="33.57857" lon="-117.77498">
        <ele>273.55</ele>
        <time>2026-05-23T16:54:26Z</time>
      </trkpt>
      <trkpt lat="33.57859" lon="-117.77496">
        <ele>273.98</ele>
        <time>2026-05-23T16:54:28Z</time>
      </trkpt>
      <trkpt lat="33.57862" lon="-117.77494">
        <ele>274.48</ele>
        <time>2026-05-23T16:54:31Z</time>
      </trkpt>
      <trkpt lat="33.57865" lon="-117.77493">
        <ele>274.88</ele>
        <time>2026-05-23T16:54:35Z</time>
      </trkpt>
      <trkpt lat="33.57868" lon="-117.77492">
        <ele>275.42</ele>
        <time>2026-05-23T16:54:39Z</time>
      </trkpt>
      <trkpt lat="33.5787" lon="-117.7749">
        <ele>275.92</ele>
        <time>2026-05-23T16:54:42Z</time>
      </trkpt>
      <trkpt lat="33.57872" lon="-117.77488">
        <ele>276.05</ele>
        <time>2026-05-23T16:54:45Z</time>
      </trkpt>
      <trkpt lat="33.57874" lon="-117.77486">
        <ele>276.2</ele>
        <time>2026-05-23T16:54:48Z</time>
      </trkpt>
      <trkpt lat="33.57877" lon="-117.77484">
        <ele>276.52</ele>
        <time>2026-05-23T16:54:51Z</time>
      </trkpt>
      <trkpt lat="33.57879" lon="-117.77482">
        <ele>276.88</ele>
        <time>2026-05-23T16:54:54Z</time>
      </trkpt>
      <trkpt lat="33.57882" lon="-117.77479">
        <ele>277.14</ele>
        <time>2026-05-23T16:54:57Z</time>
      </trkpt>
      <trkpt lat="33.57884" lon="-117.77477">
        <ele>277.46</ele>
        <time>2026-05-23T16:55:00Z</time>
      </trkpt>
      <trkpt lat="33.57886" lon="-117.77475">
        <ele>277.96</ele>
        <time>2026-05-23T16:55:03Z</time>
      </trkpt>
      <trkpt lat="33.57889" lon="-117.77473">
        <ele>278.85</ele>
        <time>2026-05-23T16:55:06Z</time>
      </trkpt>
      <trkpt lat="33.57891" lon="-117.77471">
        <ele>278.99</ele>
        <time>2026-05-23T16:55:09Z</time>
      </trkpt>
      <trkpt lat="33.57894" lon="-117.77469">
        <ele>279.05</ele>
        <time>2026-05-23T16:55:12Z</time>
      </trkpt>
      <trkpt lat="33.57896" lon="-117.77467">
        <ele>279.07</ele>
        <time>2026-05-23T16:55:15Z</time>
      </trkpt>
      <trkpt lat="33.57899" lon="-117.77465">
        <ele>279.36</ele>
        <time>2026-05-23T16:55:18Z</time>
      </trkpt>
      <trkpt lat="33.57902" lon="-117.77463">
        <ele>279.83</ele>
        <time>2026-05-23T16:55:21Z</time>
      </trkpt>
      <trkpt lat="33.57904" lon="-117.77462">
        <ele>280.33</ele>
        <time>2026-05-23T16:55:24Z</time>
      </trkpt>
      <trkpt lat="33.57906" lon="-117.7746">
        <ele>280.97</ele>
        <time>2026-05-23T16:55:27Z</time>
      </trkpt>
      <trkpt lat="33.57909" lon="-117.77458">
        <ele>281.54</ele>
        <time>2026-05-23T16:55:30Z</time>
      </trkpt>
      <trkpt lat="33.57912" lon="-117.77456">
        <ele>281.75</ele>
        <time>2026-05-23T16:55:33Z</time>
      </trkpt>
      <trkpt lat="33.57915" lon="-117.77454">
        <ele>281.97</ele>
        <time>2026-05-23T16:55:36Z</time>
      </trkpt>
      <trkpt lat="33.57918" lon="-117.77453">
        <ele>281.92</ele>
        <time>2026-05-23T16:55:39Z</time>
      </trkpt>
      <trkpt lat="33.57921" lon="-117.77451">
        <ele>281.71</ele>
        <time>2026-05-23T16:55:42Z</time>
      </trkpt>
      <trkpt lat="33.57925" lon="-117.7745">
        <ele>281.6</ele>
        <time>2026-05-23T16:55:45Z</time>
      </trkpt>
      <trkpt lat="33.57928" lon="-117.7745">
        <ele>281.24</ele>
        <time>2026-05-23T16:55:48Z</time>
      </trkpt>
      <trkpt lat="33.57931" lon="-117.77451">
        <ele>280.77</ele>
        <time>2026-05-23T16:55:50Z</time>
      </trkpt>
      <trkpt lat="33.57934" lon="-117.77451">
        <ele>280.22</ele>
        <time>2026-05-23T16:55:52Z</time>
      </trkpt>
      <trkpt lat="33.57937" lon="-117.77451">
        <ele>280.06</ele>
        <time>2026-05-23T16:55:54Z</time>
      </trkpt>
      <trkpt lat="33.57936" lon="-117.77454">
        <ele>280.0</ele>
        <time>2026-05-23T16:56:03Z</time>
      </trkpt>
      <trkpt lat="33.57934" lon="-117.77456">
        <ele>280.19</ele>
        <time>2026-05-23T16:56:22Z</time>
      </trkpt>
      <trkpt lat="33.57935" lon="-117.77452">
        <ele>280.04</ele>
        <time>2026-05-23T16:57:29Z</time>
      </trkpt>
      <trkpt lat="33.57938" lon="-117.77451">
        <ele>280.09</ele>
        <time>2026-05-23T16:57:34Z</time>
      </trkpt>
      <trkpt lat="33.57942" lon="-117.77451">
        <ele>280.21</ele>
        <time>2026-05-23T16:57:35Z</time>
      </trkpt>
      <trkpt lat="33.57947" lon="-117.77451">
        <ele>280.49</ele>
        <time>2026-05-23T16:57:36Z</time>
      </trkpt>
      <trkpt lat="33.57951" lon="-117.77451">
        <ele>280.79</ele>
        <time>2026-05-23T16:57:37Z</time>
      </trkpt>
      <trkpt lat="33.57954" lon="-117.7745">
        <ele>281.03</ele>
        <time>2026-05-23T16:57:38Z</time>
      </trkpt>
      <trkpt lat="33.57959" lon="-117.7745">
        <ele>281.46</ele>
        <time>2026-05-23T16:57:40Z</time>
      </trkpt>
      <trkpt lat="33.57962" lon="-117.77449">
        <ele>281.91</ele>
        <time>2026-05-23T16:57:42Z</time>
      </trkpt>
      <trkpt lat="33.57965" lon="-117.77449">
        <ele>282.12</ele>
        <time>2026-05-23T16:57:44Z</time>
      </trkpt>
      <trkpt lat="33.57969" lon="-117.77448">
        <ele>282.48</ele>
        <time>2026-05-23T16:57:47Z</time>
      </trkpt>
      <trkpt lat="33.57972" lon="-117.77447">
        <ele>282.72</ele>
        <time>2026-05-23T16:57:50Z</time>
      </trkpt>
      <trkpt lat="33.57975" lon="-117.77447">
        <ele>283.02</ele>
        <time>2026-05-23T16:57:53Z</time>
      </trkpt>
      <trkpt lat="33.57978" lon="-117.77446">
        <ele>283.46</ele>
        <time>2026-05-23T16:57:56Z</time>
      </trkpt>
      <trkpt lat="33.57981" lon="-117.77445">
        <ele>283.89</ele>
        <time>2026-05-23T16:57:59Z</time>
      </trkpt>
      <trkpt lat="33.57984" lon="-117.77445">
        <ele>283.94</ele>
        <time>2026-05-23T16:58:02Z</time>
      </trkpt>
      <trkpt lat="33.57987" lon="-117.77444">
        <ele>283.98</ele>
        <time>2026-05-23T16:58:05Z</time>
      </trkpt>
      <trkpt lat="33.5799" lon="-117.77443">
        <ele>283.99</ele>
        <time>2026-05-23T16:58:08Z</time>
      </trkpt>
      <trkpt lat="33.57993" lon="-117.77443">
        <ele>284.0</ele>
        <time>2026-05-23T16:58:11Z</time>
      </trkpt>
      <trkpt lat="33.57996" lon="-117.77442">
        <ele>284.0</ele>
        <time>2026-05-23T16:58:14Z</time>
      </trkpt>
      <trkpt lat="33.58" lon="-117.77442">
        <ele>284.0</ele>
        <time>2026-05-23T16:58:17Z</time>
      </trkpt>
      <trkpt lat="33.58003" lon="-117.77442">
        <ele>284.24</ele>
        <time>2026-05-23T16:58:20Z</time>
      </trkpt>
      <trkpt lat="33.58006" lon="-117.77441">
        <ele>284.41</ele>
        <time>2026-05-23T16:58:24Z</time>
      </trkpt>
      <trkpt lat="33.58009" lon="-117.77443">
        <ele>284.82</ele>
        <time>2026-05-23T16:58:27Z</time>
      </trkpt>
      <trkpt lat="33.58013" lon="-117.77443">
        <ele>285.18</ele>
        <time>2026-05-23T16:58:30Z</time>
      </trkpt>
      <trkpt lat="33.58017" lon="-117.77445">
        <ele>285.79</ele>
        <time>2026-05-23T16:58:33Z</time>
      </trkpt>
      <trkpt lat="33.5802" lon="-117.77446">
        <ele>285.83</ele>
        <time>2026-05-23T16:58:36Z</time>
      </trkpt>
      <trkpt lat="33.58024" lon="-117.77448">
        <ele>285.62</ele>
        <time>2026-05-23T16:58:39Z</time>
      </trkpt>
      <trkpt lat="33.58028" lon="-117.77449">
        <ele>285.52</ele>
        <time>2026-05-23T16:58:42Z</time>
      </trkpt>
      <trkpt lat="33.58031" lon="-117.77451">
        <ele>285.54</ele>
        <time>2026-05-23T16:58:45Z</time>
      </trkpt>
      <trkpt lat="33.58035" lon="-117.77452">
        <ele>285.82</ele>
        <time>2026-05-23T16:58:48Z</time>
      </trkpt>
      <trkpt lat="33.58038" lon="-117.77454">
        <ele>286.13</ele>
        <time>2026-05-23T16:58:51Z</time>
      </trkpt>
      <trkpt lat="33.58041" lon="-117.77455">
        <ele>286.51</ele>
        <time>2026-05-23T16:58:54Z</time>
      </trkpt>
      <trkpt lat="33.58045" lon="-117.77456">
        <ele>286.89</ele>
        <time>2026-05-23T16:58:57Z</time>
      </trkpt>
      <trkpt lat="33.58048" lon="-117.77457">
        <ele>286.88</ele>
        <time>2026-05-23T16:59:00Z</time>
      </trkpt>
      <trkpt lat="33.58051" lon="-117.77458">
        <ele>286.73</ele>
        <time>2026-05-23T16:59:03Z</time>
      </trkpt>
      <trkpt lat="33.58055" lon="-117.77459">
        <ele>286.6</ele>
        <time>2026-05-23T16:59:06Z</time>
      </trkpt>
      <trkpt lat="33.58058" lon="-117.7746">
        <ele>286.86</ele>
        <time>2026-05-23T16:59:09Z</time>
      </trkpt>
      <trkpt lat="33.58061" lon="-117.77461">
        <ele>287.25</ele>
        <time>2026-05-23T16:59:12Z</time>
      </trkpt>
      <trkpt lat="33.58065" lon="-117.77462">
        <ele>287.79</ele>
        <time>2026-05-23T16:59:15Z</time>
      </trkpt>
      <trkpt lat="33.58068" lon="-117.77463">
        <ele>288.0</ele>
        <time>2026-05-23T16:59:18Z</time>
      </trkpt>
      <trkpt lat="33.58072" lon="-117.77464">
        <ele>288.03</ele>
        <time>2026-05-23T16:59:21Z</time>
      </trkpt>
      <trkpt lat="33.58075" lon="-117.77465">
        <ele>287.92</ele>
        <time>2026-05-23T16:59:24Z</time>
      </trkpt>
      <trkpt lat="33.58079" lon="-117.77466">
        <ele>287.64</ele>
        <time>2026-05-23T16:59:27Z</time>
      </trkpt>
      <trkpt lat="33.58083" lon="-117.77467">
        <ele>287.46</ele>
        <time>2026-05-23T16:59:30Z</time>
      </trkpt>
      <trkpt lat="33.58086" lon="-117.77467">
        <ele>287.44</ele>
        <time>2026-05-23T16:59:33Z</time>
      </trkpt>
      <trkpt lat="33.5809" lon="-117.77467">
        <ele>287.44</ele>
        <time>2026-05-23T16:59:36Z</time>
      </trkpt>
      <trkpt lat="33.58094" lon="-117.77467">
        <ele>287.59</ele>
        <time>2026-05-23T16:59:39Z</time>
      </trkpt>
      <trkpt lat="33.58097" lon="-117.77466">
        <ele>287.8</ele>
        <time>2026-05-23T16:59:42Z</time>
      </trkpt>
      <trkpt lat="33.58101" lon="-117.77465">
        <ele>288.13</ele>
        <time>2026-05-23T16:59:45Z</time>
      </trkpt>
      <trkpt lat="33.58105" lon="-117.77465">
        <ele>288.56</ele>
        <time>2026-05-23T16:59:48Z</time>
      </trkpt>
      <trkpt lat="33.58108" lon="-117.77464">
        <ele>288.78</ele>
        <time>2026-05-23T16:59:51Z</time>
      </trkpt>
      <trkpt lat="33.58112" lon="-117.77464">
        <ele>289.11</ele>
        <time>2026-05-23T16:59:54Z</time>
      </trkpt>
      <trkpt lat="33.58115" lon="-117.77464">
        <ele>289.11</ele>
        <time>2026-05-23T16:59:57Z</time>
      </trkpt>
      <trkpt lat="33.58118" lon="-117.77463">
        <ele>289.0</ele>
        <time>2026-05-23T17:00:00Z</time>
      </trkpt>
      <trkpt lat="33.58121" lon="-117.77464">
        <ele>289.04</ele>
        <time>2026-05-23T17:00:04Z</time>
      </trkpt>
      <trkpt lat="33.58124" lon="-117.77466">
        <ele>288.94</ele>
        <time>2026-05-23T17:00:08Z</time>
      </trkpt>
      <trkpt lat="33.58127" lon="-117.77467">
        <ele>288.72</ele>
        <time>2026-05-23T17:00:10Z</time>
      </trkpt>
      <trkpt lat="33.58129" lon="-117.77469">
        <ele>288.72</ele>
        <time>2026-05-23T17:00:12Z</time>
      </trkpt>
      <trkpt lat="33.58131" lon="-117.77471">
        <ele>288.79</ele>
        <time>2026-05-23T17:00:14Z</time>
      </trkpt>
      <trkpt lat="33.58133" lon="-117.77474">
        <ele>289.37</ele>
        <time>2026-05-23T17:00:21Z</time>
      </trkpt>
      <trkpt lat="33.58136" lon="-117.77477">
        <ele>289.48</ele>
        <time>2026-05-23T17:00:25Z</time>
      </trkpt>
      <trkpt lat="33.58138" lon="-117.77479">
        <ele>289.21</ele>
        <time>2026-05-23T17:00:28Z</time>
      </trkpt>
      <trkpt lat="33.5814" lon="-117.77482">
        <ele>288.86</ele>
        <time>2026-05-23T17:00:31Z</time>
      </trkpt>
      <trkpt lat="33.58143" lon="-117.77486">
        <ele>288.65</ele>
        <time>2026-05-23T17:00:34Z</time>
      </trkpt>
      <trkpt lat="33.58144" lon="-117.77489">
        <ele>288.62</ele>
        <time>2026-05-23T17:00:36Z</time>
      </trkpt>
      <trkpt lat="33.58146" lon="-117.77492">
        <ele>287.94</ele>
        <time>2026-05-23T17:00:38Z</time>
      </trkpt>
      <trkpt lat="33.58149" lon="-117.77495">
        <ele>287.32</ele>
        <time>2026-05-23T17:00:41Z</time>
      </trkpt>
      <trkpt lat="33.58151" lon="-117.77498">
        <ele>287.41</ele>
        <time>2026-05-23T17:00:44Z</time>
      </trkpt>
      <trkpt lat="33.58154" lon="-117.77501">
        <ele>287.4</ele>
        <time>2026-05-23T17:00:47Z</time>
      </trkpt>
      <trkpt lat="33.58157" lon="-117.77504">
        <ele>287.44</ele>
        <time>2026-05-23T17:00:50Z</time>
      </trkpt>
      <trkpt lat="33.5816" lon="-117.77507">
        <ele>287.2</ele>
        <time>2026-05-23T17:00:53Z</time>
      </trkpt>
      <trkpt lat="33.58163" lon="-117.7751">
        <ele>286.73</ele>
        <time>2026-05-23T17:00:56Z</time>
      </trkpt>
      <trkpt lat="33.58166" lon="-117.77512">
        <ele>286.1</ele>
        <time>2026-05-23T17:00:59Z</time>
      </trkpt>
      <trkpt lat="33.58169" lon="-117.77514">
        <ele>285.63</ele>
        <time>2026-05-23T17:01:02Z</time>
      </trkpt>
      <trkpt lat="33.58171" lon="-117.77516">
        <ele>285.4</ele>
        <time>2026-05-23T17:01:05Z</time>
      </trkpt>
      <trkpt lat="33.58175" lon="-117.77518">
        <ele>285.05</ele>
        <time>2026-05-23T17:01:08Z</time>
      </trkpt>
      <trkpt lat="33.58178" lon="-117.77519">
        <ele>284.79</ele>
        <time>2026-05-23T17:01:11Z</time>
      </trkpt>
      <trkpt lat="33.58182" lon="-117.7752">
        <ele>284.45</ele>
        <time>2026-05-23T17:01:14Z</time>
      </trkpt>
      <trkpt lat="33.58185" lon="-117.77521">
        <ele>284.28</ele>
        <time>2026-05-23T17:01:17Z</time>
      </trkpt>
      <trkpt lat="33.58188" lon="-117.77522">
        <ele>284.07</ele>
        <time>2026-05-23T17:01:20Z</time>
      </trkpt>
      <trkpt lat="33.58191" lon="-117.77523">
        <ele>283.86</ele>
        <time>2026-05-23T17:01:24Z</time>
      </trkpt>
      <trkpt lat="33.58193" lon="-117.77524">
        <ele>283.75</ele>
        <time>2026-05-23T17:01:27Z</time>
      </trkpt>
      <trkpt lat="33.58196" lon="-117.77525">
        <ele>283.77</ele>
        <time>2026-05-23T17:01:30Z</time>
      </trkpt>
      <trkpt lat="33.58198" lon="-117.77526">
        <ele>284.04</ele>
        <time>2026-05-23T17:01:33Z</time>
      </trkpt>
      <trkpt lat="33.58201" lon="-117.77527">
        <ele>284.51</ele>
        <time>2026-05-23T17:01:36Z</time>
      </trkpt>
      <trkpt lat="33.58204" lon="-117.77528">
        <ele>284.99</ele>
        <time>2026-05-23T17:01:39Z</time>
      </trkpt>
      <trkpt lat="33.58206" lon="-117.77529">
        <ele>284.88</ele>
        <time>2026-05-23T17:01:42Z</time>
      </trkpt>
      <trkpt lat="33.58209" lon="-117.7753">
        <ele>284.67</ele>
        <time>2026-05-23T17:01:45Z</time>
      </trkpt>
      <trkpt lat="33.58212" lon="-117.77531">
        <ele>284.45</ele>
        <time>2026-05-23T17:01:48Z</time>
      </trkpt>
      <trkpt lat="33.58215" lon="-117.77532">
        <ele>284.12</ele>
        <time>2026-05-23T17:01:51Z</time>
      </trkpt>
      <trkpt lat="33.58219" lon="-117.77533">
        <ele>283.63</ele>
        <time>2026-05-23T17:01:54Z</time>
      </trkpt>
      <trkpt lat="33.58222" lon="-117.77534">
        <ele>283.38</ele>
        <time>2026-05-23T17:01:56Z</time>
      </trkpt>
      <trkpt lat="33.58225" lon="-117.77535">
        <ele>283.26</ele>
        <time>2026-05-23T17:01:59Z</time>
      </trkpt>
      <trkpt lat="33.58229" lon="-117.77536">
        <ele>283.04</ele>
        <time>2026-05-23T17:02:02Z</time>
      </trkpt>
      <trkpt lat="33.58232" lon="-117.77537">
        <ele>282.94</ele>
        <time>2026-05-23T17:02:05Z</time>
      </trkpt>
      <trkpt lat="33.58236" lon="-117.77538">
        <ele>282.62</ele>
        <time>2026-05-23T17:02:08Z</time>
      </trkpt>
      <trkpt lat="33.58239" lon="-117.77538">
        <ele>282.29</ele>
        <time>2026-05-23T17:02:11Z</time>
      </trkpt>
      <trkpt lat="33.58242" lon="-117.77537">
        <ele>281.99</ele>
        <time>2026-05-23T17:02:14Z</time>
      </trkpt>
      <trkpt lat="33.58246" lon="-117.77537">
        <ele>281.99</ele>
        <time>2026-05-23T17:02:17Z</time>
      </trkpt>
      <trkpt lat="33.58249" lon="-117.77537">
        <ele>281.99</ele>
        <time>2026-05-23T17:02:20Z</time>
      </trkpt>
      <trkpt lat="33.58253" lon="-117.77537">
        <ele>281.67</ele>
        <time>2026-05-23T17:02:23Z</time>
      </trkpt>
      <trkpt lat="33.58256" lon="-117.77537">
        <ele>281.34</ele>
        <time>2026-05-23T17:02:26Z</time>
      </trkpt>
      <trkpt lat="33.5826" lon="-117.77536">
        <ele>280.77</ele>
        <time>2026-05-23T17:02:29Z</time>
      </trkpt>
      <trkpt lat="33.58263" lon="-117.77535">
        <ele>280.47</ele>
        <time>2026-05-23T17:02:32Z</time>
      </trkpt>
      <trkpt lat="33.58266" lon="-117.77535">
        <ele>280.4</ele>
        <time>2026-05-23T17:02:35Z</time>
      </trkpt>
      <trkpt lat="33.5827" lon="-117.77534">
        <ele>279.91</ele>
        <time>2026-05-23T17:02:38Z</time>
      </trkpt>
      <trkpt lat="33.58273" lon="-117.77534">
        <ele>279.69</ele>
        <time>2026-05-23T17:02:41Z</time>
      </trkpt>
      <trkpt lat="33.58276" lon="-117.77533">
        <ele>279.24</ele>
        <time>2026-05-23T17:02:44Z</time>
      </trkpt>
      <trkpt lat="33.5828" lon="-117.77532">
        <ele>279.15</ele>
        <time>2026-05-23T17:02:47Z</time>
      </trkpt>
      <trkpt lat="33.58283" lon="-117.77531">
        <ele>279.26</ele>
        <time>2026-05-23T17:02:50Z</time>
      </trkpt>
      <trkpt lat="33.58286" lon="-117.7753">
        <ele>279.37</ele>
        <time>2026-05-23T17:02:53Z</time>
      </trkpt>
      <trkpt lat="33.5829" lon="-117.77529">
        <ele>279.26</ele>
        <time>2026-05-23T17:02:56Z</time>
      </trkpt>
      <trkpt lat="33.58293" lon="-117.77527">
        <ele>278.72</ele>
        <time>2026-05-23T17:02:59Z</time>
      </trkpt>
      <trkpt lat="33.58296" lon="-117.77526">
        <ele>278.42</ele>
        <time>2026-05-23T17:03:02Z</time>
      </trkpt>
      <trkpt lat="33.583" lon="-117.77524">
        <ele>277.7</ele>
        <time>2026-05-23T17:03:05Z</time>
      </trkpt>
      <trkpt lat="33.58303" lon="-117.77523">
        <ele>277.48</ele>
        <time>2026-05-23T17:03:08Z</time>
      </trkpt>
      <trkpt lat="33.58306" lon="-117.77522">
        <ele>277.39</ele>
        <time>2026-05-23T17:03:11Z</time>
      </trkpt>
      <trkpt lat="33.58309" lon="-117.77521">
        <ele>277.37</ele>
        <time>2026-05-23T17:03:14Z</time>
      </trkpt>
      <trkpt lat="33.58313" lon="-117.7752">
        <ele>277.29</ele>
        <time>2026-05-23T17:03:17Z</time>
      </trkpt>
      <trkpt lat="33.58316" lon="-117.77519">
        <ele>277.1</ele>
        <time>2026-05-23T17:03:20Z</time>
      </trkpt>
      <trkpt lat="33.5832" lon="-117.77518">
        <ele>276.86</ele>
        <time>2026-05-23T17:03:23Z</time>
      </trkpt>
      <trkpt lat="33.58323" lon="-117.77517">
        <ele>276.65</ele>
        <time>2026-05-23T17:03:26Z</time>
      </trkpt>
      <trkpt lat="33.58326" lon="-117.77516">
        <ele>276.51</ele>
        <time>2026-05-23T17:03:29Z</time>
      </trkpt>
      <trkpt lat="33.5833" lon="-117.77515">
        <ele>276.48</ele>
        <time>2026-05-23T17:03:32Z</time>
      </trkpt>
      <trkpt lat="33.58333" lon="-117.77514">
        <ele>276.49</ele>
        <time>2026-05-23T17:03:35Z</time>
      </trkpt>
      <trkpt lat="33.58336" lon="-117.77513">
        <ele>276.4</ele>
        <time>2026-05-23T17:03:38Z</time>
      </trkpt>
      <trkpt lat="33.58339" lon="-117.77512">
        <ele>276.3</ele>
        <time>2026-05-23T17:03:41Z</time>
      </trkpt>
      <trkpt lat="33.58342" lon="-117.7751">
        <ele>276.08</ele>
        <time>2026-05-23T17:03:44Z</time>
      </trkpt>
      <trkpt lat="33.58345" lon="-117.77509">
        <ele>275.96</ele>
        <time>2026-05-23T17:03:47Z</time>
      </trkpt>
      <trkpt lat="33.58348" lon="-117.77508">
        <ele>275.89</ele>
        <time>2026-05-23T17:03:50Z</time>
      </trkpt>
      <trkpt lat="33.58351" lon="-117.77506">
        <ele>275.94</ele>
        <time>2026-05-23T17:03:53Z</time>
      </trkpt>
      <trkpt lat="33.58355" lon="-117.77505">
        <ele>276.18</ele>
        <time>2026-05-23T17:03:56Z</time>
      </trkpt>
      <trkpt lat="33.58358" lon="-117.77504">
        <ele>276.29</ele>
        <time>2026-05-23T17:03:59Z</time>
      </trkpt>
      <trkpt lat="33.58361" lon="-117.77503">
        <ele>276.32</ele>
        <time>2026-05-23T17:04:02Z</time>
      </trkpt>
      <trkpt lat="33.58364" lon="-117.77501">
        <ele>276.42</ele>
        <time>2026-05-23T17:04:05Z</time>
      </trkpt>
      <trkpt lat="33.58367" lon="-117.77499">
        <ele>276.53</ele>
        <time>2026-05-23T17:04:08Z</time>
      </trkpt>
      <trkpt lat="33.5837" lon="-117.77496">
        <ele>276.53</ele>
        <time>2026-05-23T17:04:11Z</time>
      </trkpt>
      <trkpt lat="33.58374" lon="-117.77493">
        <ele>276.34</ele>
        <time>2026-05-23T17:04:14Z</time>
      </trkpt>
      <trkpt lat="33.58377" lon="-117.7749">
        <ele>275.9</ele>
        <time>2026-05-23T17:04:17Z</time>
      </trkpt>
      <trkpt lat="33.5838" lon="-117.77488">
        <ele>275.76</ele>
        <time>2026-05-23T17:04:20Z</time>
      </trkpt>
      <trkpt lat="33.58383" lon="-117.77486">
        <ele>276.04</ele>
        <time>2026-05-23T17:04:23Z</time>
      </trkpt>
      <trkpt lat="33.58386" lon="-117.77483">
        <ele>276.43</ele>
        <time>2026-05-23T17:04:26Z</time>
      </trkpt>
      <trkpt lat="33.58389" lon="-117.77481">
        <ele>276.9</ele>
        <time>2026-05-23T17:04:29Z</time>
      </trkpt>
      <trkpt lat="33.58392" lon="-117.77478">
        <ele>276.37</ele>
        <time>2026-05-23T17:04:32Z</time>
      </trkpt>
      <trkpt lat="33.58396" lon="-117.77476">
        <ele>276.27</ele>
        <time>2026-05-23T17:04:35Z</time>
      </trkpt>
      <trkpt lat="33.58399" lon="-117.77474">
        <ele>276.27</ele>
        <time>2026-05-23T17:04:38Z</time>
      </trkpt>
      <trkpt lat="33.58402" lon="-117.77472">
        <ele>276.42</ele>
        <time>2026-05-23T17:04:41Z</time>
      </trkpt>
      <trkpt lat="33.58405" lon="-117.77469">
        <ele>276.74</ele>
        <time>2026-05-23T17:04:44Z</time>
      </trkpt>
      <trkpt lat="33.58408" lon="-117.77467">
        <ele>277.06</ele>
        <time>2026-05-23T17:04:47Z</time>
      </trkpt>
      <trkpt lat="33.58411" lon="-117.77465">
        <ele>277.39</ele>
        <time>2026-05-23T17:04:50Z</time>
      </trkpt>
      <trkpt lat="33.58414" lon="-117.77463">
        <ele>277.71</ele>
        <time>2026-05-23T17:04:53Z</time>
      </trkpt>
      <trkpt lat="33.58418" lon="-117.77462">
        <ele>277.91</ele>
        <time>2026-05-23T17:04:56Z</time>
      </trkpt>
      <trkpt lat="33.58421" lon="-117.77461">
        <ele>277.89</ele>
        <time>2026-05-23T17:04:59Z</time>
      </trkpt>
      <trkpt lat="33.58424" lon="-117.77461">
        <ele>277.96</ele>
        <time>2026-05-23T17:05:02Z</time>
      </trkpt>
      <trkpt lat="33.58427" lon="-117.7746">
        <ele>278.04</ele>
        <time>2026-05-23T17:05:05Z</time>
      </trkpt>
      <trkpt lat="33.58429" lon="-117.77459">
        <ele>278.14</ele>
        <time>2026-05-23T17:05:08Z</time>
      </trkpt>
      <trkpt lat="33.58432" lon="-117.77457">
        <ele>278.42</ele>
        <time>2026-05-23T17:05:12Z</time>
      </trkpt>
      <trkpt lat="33.58435" lon="-117.77456">
        <ele>278.74</ele>
        <time>2026-05-23T17:05:15Z</time>
      </trkpt>
      <trkpt lat="33.58437" lon="-117.77454">
        <ele>278.97</ele>
        <time>2026-05-23T17:05:18Z</time>
      </trkpt>
      <trkpt lat="33.5844" lon="-117.77453">
        <ele>279.04</ele>
        <time>2026-05-23T17:05:21Z</time>
      </trkpt>
      <trkpt lat="33.58443" lon="-117.77452">
        <ele>279.16</ele>
        <time>2026-05-23T17:05:24Z</time>
      </trkpt>
      <trkpt lat="33.58446" lon="-117.77451">
        <ele>279.29</ele>
        <time>2026-05-23T17:05:27Z</time>
      </trkpt>
      <trkpt lat="33.58449" lon="-117.77449">
        <ele>279.51</ele>
        <time>2026-05-23T17:05:30Z</time>
      </trkpt>
      <trkpt lat="33.58452" lon="-117.77448">
        <ele>279.62</ele>
        <time>2026-05-23T17:05:33Z</time>
      </trkpt>
      <trkpt lat="33.58455" lon="-117.77447">
        <ele>279.76</ele>
        <time>2026-05-23T17:05:36Z</time>
      </trkpt>
      <trkpt lat="33.58458" lon="-117.77446">
        <ele>279.91</ele>
        <time>2026-05-23T17:05:39Z</time>
      </trkpt>
      <trkpt lat="33.58461" lon="-117.77444">
        <ele>280.04</ele>
        <time>2026-05-23T17:05:42Z</time>
      </trkpt>
      <trkpt lat="33.58464" lon="-117.77443">
        <ele>280.17</ele>
        <time>2026-05-23T17:05:45Z</time>
      </trkpt>
      <trkpt lat="33.58468" lon="-117.77442">
        <ele>280.41</ele>
        <time>2026-05-23T17:05:48Z</time>
      </trkpt>
      <trkpt lat="33.58471" lon="-117.77441">
        <ele>280.69</ele>
        <time>2026-05-23T17:05:51Z</time>
      </trkpt>
      <trkpt lat="33.58474" lon="-117.7744">
        <ele>281.06</ele>
        <time>2026-05-23T17:05:54Z</time>
      </trkpt>
      <trkpt lat="33.58477" lon="-117.77438">
        <ele>281.55</ele>
        <time>2026-05-23T17:05:57Z</time>
      </trkpt>
      <trkpt lat="33.5848" lon="-117.77437">
        <ele>281.77</ele>
        <time>2026-05-23T17:06:00Z</time>
      </trkpt>
      <trkpt lat="33.58483" lon="-117.77436">
        <ele>281.91</ele>
        <time>2026-05-23T17:06:03Z</time>
      </trkpt>
      <trkpt lat="33.58486" lon="-117.77435">
        <ele>282.0</ele>
        <time>2026-05-23T17:06:06Z</time>
      </trkpt>
      <trkpt lat="33.58489" lon="-117.77433">
        <ele>282.0</ele>
        <time>2026-05-23T17:06:09Z</time>
      </trkpt>
      <trkpt lat="33.58493" lon="-117.77432">
        <ele>282.08</ele>
        <time>2026-05-23T17:06:12Z</time>
      </trkpt>
      <trkpt lat="33.58496" lon="-117.7743">
        <ele>282.32</ele>
        <time>2026-05-23T17:06:15Z</time>
      </trkpt>
      <trkpt lat="33.58499" lon="-117.77429">
        <ele>282.6</ele>
        <time>2026-05-23T17:06:18Z</time>
      </trkpt>
      <trkpt lat="33.58502" lon="-117.77428">
        <ele>282.99</ele>
        <time>2026-05-23T17:06:21Z</time>
      </trkpt>
      <trkpt lat="33.58505" lon="-117.77428">
        <ele>283.32</ele>
        <time>2026-05-23T17:06:26Z</time>
      </trkpt>
      <trkpt lat="33.58508" lon="-117.77428">
        <ele>283.64</ele>
        <time>2026-05-23T17:06:29Z</time>
      </trkpt>
      <trkpt lat="33.58511" lon="-117.77428">
        <ele>283.78</ele>
        <time>2026-05-23T17:06:32Z</time>
      </trkpt>
      <trkpt lat="33.58514" lon="-117.77428">
        <ele>283.78</ele>
        <time>2026-05-23T17:06:35Z</time>
      </trkpt>
      <trkpt lat="33.58517" lon="-117.77427">
        <ele>283.88</ele>
        <time>2026-05-23T17:06:38Z</time>
      </trkpt>
      <trkpt lat="33.58521" lon="-117.77427">
        <ele>284.15</ele>
        <time>2026-05-23T17:06:41Z</time>
      </trkpt>
      <trkpt lat="33.58524" lon="-117.77427">
        <ele>284.48</ele>
        <time>2026-05-23T17:06:44Z</time>
      </trkpt>
      <trkpt lat="33.58528" lon="-117.77427">
        <ele>284.88</ele>
        <time>2026-05-23T17:06:47Z</time>
      </trkpt>
      <trkpt lat="33.58531" lon="-117.77427">
        <ele>284.84</ele>
        <time>2026-05-23T17:06:49Z</time>
      </trkpt>
      <trkpt lat="33.58534" lon="-117.77427">
        <ele>284.81</ele>
        <time>2026-05-23T17:06:51Z</time>
      </trkpt>
      <trkpt lat="33.58537" lon="-117.77427">
        <ele>284.77</ele>
        <time>2026-05-23T17:06:53Z</time>
      </trkpt>
      <trkpt lat="33.58541" lon="-117.77427">
        <ele>284.77</ele>
        <time>2026-05-23T17:06:56Z</time>
      </trkpt>
      <trkpt lat="33.58545" lon="-117.77427">
        <ele>284.77</ele>
        <time>2026-05-23T17:06:59Z</time>
      </trkpt>
      <trkpt lat="33.58549" lon="-117.77427">
        <ele>284.77</ele>
        <time>2026-05-23T17:07:02Z</time>
      </trkpt>
      <trkpt lat="33.58552" lon="-117.77427">
        <ele>284.77</ele>
        <time>2026-05-23T17:07:05Z</time>
      </trkpt>
      <trkpt lat="33.58556" lon="-117.77427">
        <ele>284.72</ele>
        <time>2026-05-23T17:07:08Z</time>
      </trkpt>
      <trkpt lat="33.58559" lon="-117.77427">
        <ele>284.4</ele>
        <time>2026-05-23T17:07:11Z</time>
      </trkpt>
      <trkpt lat="33.58563" lon="-117.77428">
        <ele>283.75</ele>
        <time>2026-05-23T17:07:14Z</time>
      </trkpt>
      <trkpt lat="33.58566" lon="-117.77428">
        <ele>283.45</ele>
        <time>2026-05-23T17:07:17Z</time>
      </trkpt>
      <trkpt lat="33.5857" lon="-117.77428">
        <ele>283.12</ele>
        <time>2026-05-23T17:07:20Z</time>
      </trkpt>
      <trkpt lat="33.58573" lon="-117.77428">
        <ele>282.87</ele>
        <time>2026-05-23T17:07:23Z</time>
      </trkpt>
      <trkpt lat="33.58577" lon="-117.77429">
        <ele>282.56</ele>
        <time>2026-05-23T17:07:26Z</time>
      </trkpt>
      <trkpt lat="33.5858" lon="-117.77429">
        <ele>282.46</ele>
        <time>2026-05-23T17:07:29Z</time>
      </trkpt>
      <trkpt lat="33.58584" lon="-117.77429">
        <ele>282.29</ele>
        <time>2026-05-23T17:07:32Z</time>
      </trkpt>
      <trkpt lat="33.58587" lon="-117.77429">
        <ele>282.07</ele>
        <time>2026-05-23T17:07:35Z</time>
      </trkpt>
      <trkpt lat="33.58591" lon="-117.77429">
        <ele>281.78</ele>
        <time>2026-05-23T17:07:38Z</time>
      </trkpt>
      <trkpt lat="33.58594" lon="-117.7743">
        <ele>281.47</ele>
        <time>2026-05-23T17:07:41Z</time>
      </trkpt>
      <trkpt lat="33.58598" lon="-117.77431">
        <ele>281.19</ele>
        <time>2026-05-23T17:07:44Z</time>
      </trkpt>
      <trkpt lat="33.58602" lon="-117.77432">
        <ele>280.99</ele>
        <time>2026-05-23T17:07:47Z</time>
      </trkpt>
      <trkpt lat="33.58605" lon="-117.77433">
        <ele>280.92</ele>
        <time>2026-05-23T17:07:50Z</time>
      </trkpt>
      <trkpt lat="33.58609" lon="-117.77434">
        <ele>280.9</ele>
        <time>2026-05-23T17:07:53Z</time>
      </trkpt>
      <trkpt lat="33.58612" lon="-117.77436">
        <ele>280.92</ele>
        <time>2026-05-23T17:07:56Z</time>
      </trkpt>
      <trkpt lat="33.58616" lon="-117.77438">
        <ele>280.86</ele>
        <time>2026-05-23T17:07:59Z</time>
      </trkpt>
      <trkpt lat="33.58619" lon="-117.77439">
        <ele>280.94</ele>
        <time>2026-05-23T17:08:02Z</time>
      </trkpt>
      <trkpt lat="33.58622" lon="-117.77441">
        <ele>281.11</ele>
        <time>2026-05-23T17:08:05Z</time>
      </trkpt>
      <trkpt lat="33.58625" lon="-117.77444">
        <ele>281.48</ele>
        <time>2026-05-23T17:08:08Z</time>
      </trkpt>
      <trkpt lat="33.58627" lon="-117.77446">
        <ele>281.55</ele>
        <time>2026-05-23T17:08:11Z</time>
      </trkpt>
      <trkpt lat="33.5863" lon="-117.77448">
        <ele>281.63</ele>
        <time>2026-05-23T17:08:14Z</time>
      </trkpt>
      <trkpt lat="33.58633" lon="-117.7745">
        <ele>281.62</ele>
        <time>2026-05-23T17:08:17Z</time>
      </trkpt>
      <trkpt lat="33.58636" lon="-117.77452">
        <ele>281.75</ele>
        <time>2026-05-23T17:08:20Z</time>
      </trkpt>
      <trkpt lat="33.58639" lon="-117.77454">
        <ele>281.97</ele>
        <time>2026-05-23T17:08:23Z</time>
      </trkpt>
      <trkpt lat="33.58642" lon="-117.77455">
        <ele>281.86</ele>
        <time>2026-05-23T17:08:26Z</time>
      </trkpt>
      <trkpt lat="33.58645" lon="-117.77456">
        <ele>281.75</ele>
        <time>2026-05-23T17:08:29Z</time>
      </trkpt>
      <trkpt lat="33.58649" lon="-117.77457">
        <ele>281.55</ele>
        <time>2026-05-23T17:08:32Z</time>
      </trkpt>
      <trkpt lat="33.58652" lon="-117.77458">
        <ele>281.12</ele>
        <time>2026-05-23T17:08:35Z</time>
      </trkpt>
      <trkpt lat="33.58655" lon="-117.77459">
        <ele>280.69</ele>
        <time>2026-05-23T17:08:38Z</time>
      </trkpt>
      <trkpt lat="33.58658" lon="-117.7746">
        <ele>280.26</ele>
        <time>2026-05-23T17:08:41Z</time>
      </trkpt>
      <trkpt lat="33.58661" lon="-117.77461">
        <ele>279.82</ele>
        <time>2026-05-23T17:08:44Z</time>
      </trkpt>
      <trkpt lat="33.58664" lon="-117.77462">
        <ele>279.39</ele>
        <time>2026-05-23T17:08:47Z</time>
      </trkpt>
      <trkpt lat="33.58668" lon="-117.77463">
        <ele>278.86</ele>
        <time>2026-05-23T17:08:50Z</time>
      </trkpt>
      <trkpt lat="33.58671" lon="-117.77464">
        <ele>278.53</ele>
        <time>2026-05-23T17:08:53Z</time>
      </trkpt>
      <trkpt lat="33.58674" lon="-117.77466">
        <ele>278.21</ele>
        <time>2026-05-23T17:08:56Z</time>
      </trkpt>
      <trkpt lat="33.58677" lon="-117.77467">
        <ele>277.88</ele>
        <time>2026-05-23T17:08:59Z</time>
      </trkpt>
      <trkpt lat="33.58681" lon="-117.77467">
        <ele>277.45</ele>
        <time>2026-05-23T17:09:02Z</time>
      </trkpt>
      <trkpt lat="33.58684" lon="-117.77469">
        <ele>277.13</ele>
        <time>2026-05-23T17:09:05Z</time>
      </trkpt>
      <trkpt lat="33.58687" lon="-117.7747">
        <ele>276.8</ele>
        <time>2026-05-23T17:09:08Z</time>
      </trkpt>
      <trkpt lat="33.5869" lon="-117.77471">
        <ele>276.48</ele>
        <time>2026-05-23T17:09:11Z</time>
      </trkpt>
      <trkpt lat="33.58694" lon="-117.77472">
        <ele>276.05</ele>
        <time>2026-05-23T17:09:14Z</time>
      </trkpt>
      <trkpt lat="33.58697" lon="-117.77473">
        <ele>276.06</ele>
        <time>2026-05-23T17:09:17Z</time>
      </trkpt>
      <trkpt lat="33.587" lon="-117.77474">
        <ele>276.08</ele>
        <time>2026-05-23T17:09:20Z</time>
      </trkpt>
      <trkpt lat="33.58703" lon="-117.77475">
        <ele>276.02</ele>
        <time>2026-05-23T17:09:23Z</time>
      </trkpt>
      <trkpt lat="33.58706" lon="-117.77476">
        <ele>275.75</ele>
        <time>2026-05-23T17:09:26Z</time>
      </trkpt>
      <trkpt lat="33.5871" lon="-117.77478">
        <ele>275.32</ele>
        <time>2026-05-23T17:09:29Z</time>
      </trkpt>
      <trkpt lat="33.58713" lon="-117.77479">
        <ele>275.0</ele>
        <time>2026-05-23T17:09:32Z</time>
      </trkpt>
      <trkpt lat="33.58716" lon="-117.7748">
        <ele>275.0</ele>
        <time>2026-05-23T17:09:35Z</time>
      </trkpt>
      <trkpt lat="33.58719" lon="-117.77482">
        <ele>275.02</ele>
        <time>2026-05-23T17:09:38Z</time>
      </trkpt>
      <trkpt lat="33.58723" lon="-117.77483">
        <ele>274.93</ele>
        <time>2026-05-23T17:09:41Z</time>
      </trkpt>
      <trkpt lat="33.58726" lon="-117.77484">
        <ele>274.7</ele>
        <time>2026-05-23T17:09:44Z</time>
      </trkpt>
      <trkpt lat="33.58729" lon="-117.77485">
        <ele>274.55</ele>
        <time>2026-05-23T17:09:47Z</time>
      </trkpt>
      <trkpt lat="33.58733" lon="-117.77486">
        <ele>274.57</ele>
        <time>2026-05-23T17:09:50Z</time>
      </trkpt>
      <trkpt lat="33.58736" lon="-117.77488">
        <ele>274.85</ele>
        <time>2026-05-23T17:09:53Z</time>
      </trkpt>
      <trkpt lat="33.58739" lon="-117.77489">
        <ele>274.96</ele>
        <time>2026-05-23T17:09:56Z</time>
      </trkpt>
      <trkpt lat="33.58742" lon="-117.7749">
        <ele>274.99</ele>
        <time>2026-05-23T17:09:59Z</time>
      </trkpt>
      <trkpt lat="33.58746" lon="-117.77491">
        <ele>274.98</ele>
        <time>2026-05-23T17:10:02Z</time>
      </trkpt>
      <trkpt lat="33.58749" lon="-117.77493">
        <ele>274.78</ele>
        <time>2026-05-23T17:10:05Z</time>
      </trkpt>
      <trkpt lat="33.58752" lon="-117.77494">
        <ele>274.51</ele>
        <time>2026-05-23T17:10:08Z</time>
      </trkpt>
      <trkpt lat="33.58756" lon="-117.77495">
        <ele>274.19</ele>
        <time>2026-05-23T17:10:11Z</time>
      </trkpt>
      <trkpt lat="33.58759" lon="-117.77498">
        <ele>274.01</ele>
        <time>2026-05-23T17:10:14Z</time>
      </trkpt>
      <trkpt lat="33.58761" lon="-117.775">
        <ele>274.0</ele>
        <time>2026-05-23T17:10:16Z</time>
      </trkpt>
      <trkpt lat="33.58763" lon="-117.77502">
        <ele>273.91</ele>
        <time>2026-05-23T17:10:18Z</time>
      </trkpt>
      <trkpt lat="33.58766" lon="-117.77505">
        <ele>273.61</ele>
        <time>2026-05-23T17:10:21Z</time>
      </trkpt>
      <trkpt lat="33.5877" lon="-117.77507">
        <ele>273.2</ele>
        <time>2026-05-23T17:10:24Z</time>
      </trkpt>
      <trkpt lat="33.58773" lon="-117.7751">
        <ele>272.96</ele>
        <time>2026-05-23T17:10:27Z</time>
      </trkpt>
      <trkpt lat="33.58776" lon="-117.77512">
        <ele>272.76</ele>
        <time>2026-05-23T17:10:30Z</time>
      </trkpt>
      <trkpt lat="33.58779" lon="-117.77515">
        <ele>272.41</ele>
        <time>2026-05-23T17:10:33Z</time>
      </trkpt>
      <trkpt lat="33.58781" lon="-117.77517">
        <ele>272.4</ele>
        <time>2026-05-23T17:10:36Z</time>
      </trkpt>
      <trkpt lat="33.58783" lon="-117.7752">
        <ele>272.47</ele>
        <time>2026-05-23T17:10:39Z</time>
      </trkpt>
      <trkpt lat="33.58786" lon="-117.77522">
        <ele>272.55</ele>
        <time>2026-05-23T17:10:42Z</time>
      </trkpt>
      <trkpt lat="33.58788" lon="-117.77525">
        <ele>272.27</ele>
        <time>2026-05-23T17:10:45Z</time>
      </trkpt>
      <trkpt lat="33.58791" lon="-117.77527">
        <ele>272.05</ele>
        <time>2026-05-23T17:10:48Z</time>
      </trkpt>
      <trkpt lat="33.58794" lon="-117.7753">
        <ele>271.76</ele>
        <time>2026-05-23T17:10:51Z</time>
      </trkpt>
      <trkpt lat="33.58797" lon="-117.77532">
        <ele>271.5</ele>
        <time>2026-05-23T17:10:54Z</time>
      </trkpt>
      <trkpt lat="33.58799" lon="-117.77535">
        <ele>271.16</ele>
        <time>2026-05-23T17:10:57Z</time>
      </trkpt>
      <trkpt lat="33.58802" lon="-117.77537">
        <ele>271.0</ele>
        <time>2026-05-23T17:11:00Z</time>
      </trkpt>
      <trkpt lat="33.58804" lon="-117.7754">
        <ele>271.0</ele>
        <time>2026-05-23T17:11:03Z</time>
      </trkpt>
      <trkpt lat="33.58807" lon="-117.77543">
        <ele>270.94</ele>
        <time>2026-05-23T17:11:06Z</time>
      </trkpt>
      <trkpt lat="33.58809" lon="-117.77546">
        <ele>270.99</ele>
        <time>2026-05-23T17:11:09Z</time>
      </trkpt>
      <trkpt lat="33.58811" lon="-117.77548">
        <ele>271.08</ele>
        <time>2026-05-23T17:11:12Z</time>
      </trkpt>
      <trkpt lat="33.58814" lon="-117.77551">
        <ele>271.04</ele>
        <time>2026-05-23T17:11:15Z</time>
      </trkpt>
      <trkpt lat="33.58816" lon="-117.77554">
        <ele>271.08</ele>
        <time>2026-05-23T17:11:18Z</time>
      </trkpt>
      <trkpt lat="33.58819" lon="-117.77557">
        <ele>271.54</ele>
        <time>2026-05-23T17:11:21Z</time>
      </trkpt>
      <trkpt lat="33.58821" lon="-117.7756">
        <ele>271.83</ele>
        <time>2026-05-23T17:11:24Z</time>
      </trkpt>
      <trkpt lat="33.58822" lon="-117.77564">
        <ele>271.98</ele>
        <time>2026-05-23T17:11:27Z</time>
      </trkpt>
      <trkpt lat="33.58822" lon="-117.77568">
        <ele>271.66</ele>
        <time>2026-05-23T17:11:30Z</time>
      </trkpt>
      <trkpt lat="33.58822" lon="-117.77572">
        <ele>271.22</ele>
        <time>2026-05-23T17:11:33Z</time>
      </trkpt>
      <trkpt lat="33.58823" lon="-117.77575">
        <ele>270.99</ele>
        <time>2026-05-23T17:11:36Z</time>
      </trkpt>
      <trkpt lat="33.58825" lon="-117.77579">
        <ele>271.0</ele>
        <time>2026-05-23T17:11:40Z</time>
      </trkpt>
      <trkpt lat="33.58826" lon="-117.77582">
        <ele>271.0</ele>
        <time>2026-05-23T17:11:43Z</time>
      </trkpt>
      <trkpt lat="33.58828" lon="-117.77585">
        <ele>271.0</ele>
        <time>2026-05-23T17:11:46Z</time>
      </trkpt>
      <trkpt lat="33.58829" lon="-117.77589">
        <ele>271.0</ele>
        <time>2026-05-23T17:11:49Z</time>
      </trkpt>
      <trkpt lat="33.58831" lon="-117.77592">
        <ele>271.0</ele>
        <time>2026-05-23T17:11:52Z</time>
      </trkpt>
      <trkpt lat="33.58833" lon="-117.77596">
        <ele>271.35</ele>
        <time>2026-05-23T17:11:55Z</time>
      </trkpt>
      <trkpt lat="33.58834" lon="-117.776">
        <ele>271.73</ele>
        <time>2026-05-23T17:11:58Z</time>
      </trkpt>
      <trkpt lat="33.58836" lon="-117.77603">
        <ele>271.84</ele>
        <time>2026-05-23T17:12:01Z</time>
      </trkpt>
      <trkpt lat="33.58837" lon="-117.77607">
        <ele>272.16</ele>
        <time>2026-05-23T17:12:04Z</time>
      </trkpt>
      <trkpt lat="33.58839" lon="-117.7761">
        <ele>272.27</ele>
        <time>2026-05-23T17:12:07Z</time>
      </trkpt>
      <trkpt lat="33.5884" lon="-117.77613">
        <ele>272.43</ele>
        <time>2026-05-23T17:12:10Z</time>
      </trkpt>
      <trkpt lat="33.58841" lon="-117.77617">
        <ele>272.7</ele>
        <time>2026-05-23T17:12:13Z</time>
      </trkpt>
      <trkpt lat="33.58842" lon="-117.7762">
        <ele>272.96</ele>
        <time>2026-05-23T17:12:16Z</time>
      </trkpt>
      <trkpt lat="33.58842" lon="-117.77623">
        <ele>273.27</ele>
        <time>2026-05-23T17:12:19Z</time>
      </trkpt>
      <trkpt lat="33.58842" lon="-117.77627">
        <ele>273.67</ele>
        <time>2026-05-23T17:12:22Z</time>
      </trkpt>
      <trkpt lat="33.58842" lon="-117.7763">
        <ele>273.89</ele>
        <time>2026-05-23T17:12:33Z</time>
      </trkpt>
      <trkpt lat="33.58845" lon="-117.77632">
        <ele>273.55</ele>
        <time>2026-05-23T17:12:36Z</time>
      </trkpt>
      <trkpt lat="33.58848" lon="-117.77633">
        <ele>273.26</ele>
        <time>2026-05-23T17:12:39Z</time>
      </trkpt>
      <trkpt lat="33.58851" lon="-117.77635">
        <ele>273.04</ele>
        <time>2026-05-23T17:12:43Z</time>
      </trkpt>
      <trkpt lat="33.58853" lon="-117.77637">
        <ele>272.88</ele>
        <time>2026-05-23T17:12:46Z</time>
      </trkpt>
      <trkpt lat="33.58856" lon="-117.7764">
        <ele>272.49</ele>
        <time>2026-05-23T17:12:49Z</time>
      </trkpt>
      <trkpt lat="33.58858" lon="-117.77642">
        <ele>272.22</ele>
        <time>2026-05-23T17:12:52Z</time>
      </trkpt>
      <trkpt lat="33.58861" lon="-117.77646">
        <ele>272.0</ele>
        <time>2026-05-23T17:12:55Z</time>
      </trkpt>
      <trkpt lat="33.58863" lon="-117.77648">
        <ele>271.8</ele>
        <time>2026-05-23T17:12:58Z</time>
      </trkpt>
      <trkpt lat="33.58866" lon="-117.7765">
        <ele>271.18</ele>
        <time>2026-05-23T17:13:01Z</time>
      </trkpt>
      <trkpt lat="33.58869" lon="-117.77652">
        <ele>270.67</ele>
        <time>2026-05-23T17:13:04Z</time>
      </trkpt>
      <trkpt lat="33.58872" lon="-117.77653">
        <ele>270.3</ele>
        <time>2026-05-23T17:13:06Z</time>
      </trkpt>
      <trkpt lat="33.58875" lon="-117.77656">
        <ele>269.65</ele>
        <time>2026-05-23T17:13:09Z</time>
      </trkpt>
      <trkpt lat="33.58878" lon="-117.77657">
        <ele>269.22</ele>
        <time>2026-05-23T17:13:12Z</time>
      </trkpt>
      <trkpt lat="33.58881" lon="-117.77659">
        <ele>268.71</ele>
        <time>2026-05-23T17:13:15Z</time>
      </trkpt>
      <trkpt lat="33.58884" lon="-117.7766">
        <ele>268.38</ele>
        <time>2026-05-23T17:13:18Z</time>
      </trkpt>
      <trkpt lat="33.58886" lon="-117.7766">
        <ele>268.22</ele>
        <time>2026-05-23T17:13:21Z</time>
      </trkpt>
      <trkpt lat="33.58889" lon="-117.77658">
        <ele>267.99</ele>
        <time>2026-05-23T17:13:24Z</time>
      </trkpt>
      <trkpt lat="33.58892" lon="-117.77655">
        <ele>267.66</ele>
        <time>2026-05-23T17:13:27Z</time>
      </trkpt>
      <trkpt lat="33.58895" lon="-117.77653">
        <ele>267.34</ele>
        <time>2026-05-23T17:13:30Z</time>
      </trkpt>
      <trkpt lat="33.58897" lon="-117.77651">
        <ele>267.12</ele>
        <time>2026-05-23T17:13:45Z</time>
      </trkpt>
      <trkpt lat="33.589" lon="-117.77649">
        <ele>266.82</ele>
        <time>2026-05-23T17:13:52Z</time>
      </trkpt>
      <trkpt lat="33.58903" lon="-117.77647">
        <ele>266.41</ele>
        <time>2026-05-23T17:13:57Z</time>
      </trkpt>
      <trkpt lat="33.58906" lon="-117.77646">
        <ele>265.96</ele>
        <time>2026-05-23T17:14:00Z</time>
      </trkpt>
      <trkpt lat="33.5891" lon="-117.77644">
        <ele>265.12</ele>
        <time>2026-05-23T17:14:03Z</time>
      </trkpt>
      <trkpt lat="33.58912" lon="-117.77643">
        <ele>264.73</ele>
        <time>2026-05-23T17:14:06Z</time>
      </trkpt>
      <trkpt lat="33.58915" lon="-117.77641">
        <ele>264.22</ele>
        <time>2026-05-23T17:14:09Z</time>
      </trkpt>
      <trkpt lat="33.58918" lon="-117.77639">
        <ele>263.86</ele>
        <time>2026-05-23T17:14:13Z</time>
      </trkpt>
      <trkpt lat="33.58921" lon="-117.77638">
        <ele>263.49</ele>
        <time>2026-05-23T17:14:16Z</time>
      </trkpt>
      <trkpt lat="33.58924" lon="-117.77636">
        <ele>262.96</ele>
        <time>2026-05-23T17:14:19Z</time>
      </trkpt>
      <trkpt lat="33.58927" lon="-117.77635">
        <ele>262.4</ele>
        <time>2026-05-23T17:14:22Z</time>
      </trkpt>
      <trkpt lat="33.5893" lon="-117.77634">
        <ele>261.82</ele>
        <time>2026-05-23T17:14:25Z</time>
      </trkpt>
      <trkpt lat="33.58933" lon="-117.77632">
        <ele>261.3</ele>
        <time>2026-05-23T17:14:28Z</time>
      </trkpt>
      <trkpt lat="33.58935" lon="-117.77631">
        <ele>261.02</ele>
        <time>2026-05-23T17:14:31Z</time>
      </trkpt>
      <trkpt lat="33.58938" lon="-117.77629">
        <ele>260.34</ele>
        <time>2026-05-23T17:14:34Z</time>
      </trkpt>
      <trkpt lat="33.58941" lon="-117.77627">
        <ele>259.64</ele>
        <time>2026-05-23T17:14:37Z</time>
      </trkpt>
      <trkpt lat="33.58943" lon="-117.77625">
        <ele>259.23</ele>
        <time>2026-05-23T17:14:40Z</time>
      </trkpt>
      <trkpt lat="33.58946" lon="-117.77624">
        <ele>258.9</ele>
        <time>2026-05-23T17:14:43Z</time>
      </trkpt>
      <trkpt lat="33.58949" lon="-117.77622">
        <ele>258.59</ele>
        <time>2026-05-23T17:14:46Z</time>
      </trkpt>
      <trkpt lat="33.58951" lon="-117.7762">
        <ele>258.25</ele>
        <time>2026-05-23T17:14:49Z</time>
      </trkpt>
      <trkpt lat="33.58954" lon="-117.77618">
        <ele>257.71</ele>
        <time>2026-05-23T17:14:52Z</time>
      </trkpt>
      <trkpt lat="33.58956" lon="-117.77616">
        <ele>257.28</ele>
        <time>2026-05-23T17:14:55Z</time>
      </trkpt>
      <trkpt lat="33.58959" lon="-117.77614">
        <ele>256.74</ele>
        <time>2026-05-23T17:14:58Z</time>
      </trkpt>
      <trkpt lat="33.58961" lon="-117.77612">
        <ele>256.31</ele>
        <time>2026-05-23T17:15:01Z</time>
      </trkpt>
      <trkpt lat="33.58964" lon="-117.7761">
        <ele>255.77</ele>
        <time>2026-05-23T17:15:04Z</time>
      </trkpt>
      <trkpt lat="33.58966" lon="-117.77608">
        <ele>255.34</ele>
        <time>2026-05-23T17:15:07Z</time>
      </trkpt>
      <trkpt lat="33.58968" lon="-117.77606">
        <ele>254.9</ele>
        <time>2026-05-23T17:15:10Z</time>
      </trkpt>
      <trkpt lat="33.58971" lon="-117.77604">
        <ele>254.36</ele>
        <time>2026-05-23T17:15:13Z</time>
      </trkpt>
      <trkpt lat="33.58975" lon="-117.77598">
        <ele>253.41</ele>
        <time>2026-05-23T17:15:19Z</time>
      </trkpt>
    </trkseg>
    <trkseg>
      <trkpt lat="33.59167" lon="-117.7765">
        <ele>240.4</ele>
        <time>2026-05-23T17:19:02Z</time>
      </trkpt>
      <trkpt lat="33.5917" lon="-117.77649">
        <ele>240.18</ele>
        <time>2026-05-23T17:19:07Z</time>
      </trkpt>
      <trkpt lat="33.59172" lon="-117.77647">
        <ele>239.75</ele>
        <time>2026-05-23T17:19:10Z</time>
      </trkpt>
      <trkpt lat="33.59175" lon="-117.77644">
        <ele>239.1</ele>
        <time>2026-05-23T17:19:14Z</time>
      </trkpt>
      <trkpt lat="33.59178" lon="-117.77642">
        <ele>238.6</ele>
        <time>2026-05-23T17:19:17Z</time>
      </trkpt>
      <trkpt lat="33.5918" lon="-117.77639">
        <ele>238.02</ele>
        <time>2026-05-23T17:19:20Z</time>
      </trkpt>
      <trkpt lat="33.59182" lon="-117.77636">
        <ele>237.58</ele>
        <time>2026-05-23T17:19:23Z</time>
      </trkpt>
      <trkpt lat="33.59184" lon="-117.77633">
        <ele>237.28</ele>
        <time>2026-05-23T17:19:26Z</time>
      </trkpt>
      <trkpt lat="33.59186" lon="-117.77629">
        <ele>236.96</ele>
        <time>2026-05-23T17:19:29Z</time>
      </trkpt>
      <trkpt lat="33.59188" lon="-117.77625">
        <ele>236.46</ele>
        <time>2026-05-23T17:19:32Z</time>
      </trkpt>
      <trkpt lat="33.5919" lon="-117.77621">
        <ele>236.14</ele>
        <time>2026-05-23T17:19:35Z</time>
      </trkpt>
      <trkpt lat="33.59191" lon="-117.77618">
        <ele>236.16</ele>
        <time>2026-05-23T17:19:38Z</time>
      </trkpt>
      <trkpt lat="33.59193" lon="-117.77614">
        <ele>236.58</ele>
        <time>2026-05-23T17:19:41Z</time>
      </trkpt>
      <trkpt lat="33.59194" lon="-117.7761">
        <ele>236.62</ele>
        <time>2026-05-23T17:19:44Z</time>
      </trkpt>
      <trkpt lat="33.59196" lon="-117.77607">
        <ele>235.93</ele>
        <time>2026-05-23T17:19:47Z</time>
      </trkpt>
      <trkpt lat="33.59198" lon="-117.77603">
        <ele>235.15</ele>
        <time>2026-05-23T17:19:50Z</time>
      </trkpt>
      <trkpt lat="33.592" lon="-117.776">
        <ele>234.52</ele>
        <time>2026-05-23T17:19:53Z</time>
      </trkpt>
      <trkpt lat="33.59202" lon="-117.77598">
        <ele>234.09</ele>
        <time>2026-05-23T17:19:56Z</time>
      </trkpt>
      <trkpt lat="33.59204" lon="-117.77595">
        <ele>233.48</ele>
        <time>2026-05-23T17:19:59Z</time>
      </trkpt>
      <trkpt lat="33.59207" lon="-117.77593">
        <ele>232.72</ele>
        <time>2026-05-23T17:20:02Z</time>
      </trkpt>
      <trkpt lat="33.5921" lon="-117.77594">
        <ele>232.52</ele>
        <time>2026-05-23T17:20:06Z</time>
      </trkpt>
      <trkpt lat="33.59213" lon="-117.77594">
        <ele>232.15</ele>
        <time>2026-05-23T17:20:10Z</time>
      </trkpt>
      <trkpt lat="33.59216" lon="-117.77593">
        <ele>231.7</ele>
        <time>2026-05-23T17:20:14Z</time>
      </trkpt>
      <trkpt lat="33.5922" lon="-117.77594">
        <ele>231.28</ele>
        <time>2026-05-23T17:20:17Z</time>
      </trkpt>
      <trkpt lat="33.59223" lon="-117.77594">
        <ele>230.83</ele>
        <time>2026-05-23T17:20:19Z</time>
      </trkpt>
      <trkpt lat="33.59226" lon="-117.77594">
        <ele>230.18</ele>
        <time>2026-05-23T17:20:21Z</time>
      </trkpt>
      <trkpt lat="33.59229" lon="-117.77595">
        <ele>229.54</ele>
        <time>2026-05-23T17:20:23Z</time>
      </trkpt>
      <trkpt lat="33.59232" lon="-117.77595">
        <ele>228.9</ele>
        <time>2026-05-23T17:20:26Z</time>
      </trkpt>
      <trkpt lat="33.59236" lon="-117.77595">
        <ele>228.15</ele>
        <time>2026-05-23T17:20:29Z</time>
      </trkpt>
      <trkpt lat="33.59239" lon="-117.77596">
        <ele>227.67</ele>
        <time>2026-05-23T17:20:32Z</time>
      </trkpt>
      <trkpt lat="33.59242" lon="-117.77597">
        <ele>227.27</ele>
        <time>2026-05-23T17:20:35Z</time>
      </trkpt>
      <trkpt lat="33.59245" lon="-117.77597">
        <ele>226.77</ele>
        <time>2026-05-23T17:20:38Z</time>
      </trkpt>
      <trkpt lat="33.59248" lon="-117.77598">
        <ele>226.47</ele>
        <time>2026-05-23T17:20:41Z</time>
      </trkpt>
      <trkpt lat="33.59252" lon="-117.77598">
        <ele>225.74</ele>
        <time>2026-05-23T17:20:44Z</time>
      </trkpt>
      <trkpt lat="33.59255" lon="-117.77599">
        <ele>225.3</ele>
        <time>2026-05-23T17:20:47Z</time>
      </trkpt>
      <trkpt lat="33.59258" lon="-117.77599">
        <ele>224.66</ele>
        <time>2026-05-23T17:20:50Z</time>
      </trkpt>
      <trkpt lat="33.59261" lon="-117.776">
        <ele>224.19</ele>
        <time>2026-05-23T17:20:53Z</time>
      </trkpt>
      <trkpt lat="33.59264" lon="-117.77601">
        <ele>223.74</ele>
        <time>2026-05-23T17:20:56Z</time>
      </trkpt>
      <trkpt lat="33.59266" lon="-117.77602">
        <ele>223.56</ele>
        <time>2026-05-23T17:20:59Z</time>
      </trkpt>
      <trkpt lat="33.59269" lon="-117.77604">
        <ele>223.06</ele>
        <time>2026-05-23T17:21:02Z</time>
      </trkpt>
      <trkpt lat="33.59272" lon="-117.77604">
        <ele>221.99</ele>
        <time>2026-05-23T17:21:05Z</time>
      </trkpt>
      <trkpt lat="33.59275" lon="-117.77605">
        <ele>221.25</ele>
        <time>2026-05-23T17:21:08Z</time>
      </trkpt>
      <trkpt lat="33.59278" lon="-117.77605">
        <ele>220.38</ele>
        <time>2026-05-23T17:21:11Z</time>
      </trkpt>
      <trkpt lat="33.59281" lon="-117.77605">
        <ele>220.59</ele>
        <time>2026-05-23T17:21:15Z</time>
      </trkpt>
      <trkpt lat="33.59285" lon="-117.77605">
        <ele>220.87</ele>
        <time>2026-05-23T17:21:19Z</time>
      </trkpt>
      <trkpt lat="33.59288" lon="-117.77604">
        <ele>220.62</ele>
        <time>2026-05-23T17:21:23Z</time>
      </trkpt>
      <trkpt lat="33.5929" lon="-117.77601">
        <ele>219.34</ele>
        <time>2026-05-23T17:21:25Z</time>
      </trkpt>
      <trkpt lat="33.59291" lon="-117.77598">
        <ele>218.09</ele>
        <time>2026-05-23T17:21:27Z</time>
      </trkpt>
      <trkpt lat="33.59294" lon="-117.77596">
        <ele>217.2</ele>
        <time>2026-05-23T17:21:30Z</time>
      </trkpt>
      <trkpt lat="33.59297" lon="-117.77595">
        <ele>216.7</ele>
        <time>2026-05-23T17:21:34Z</time>
      </trkpt>
      <trkpt lat="33.593" lon="-117.77594">
        <ele>216.06</ele>
        <time>2026-05-23T17:21:37Z</time>
      </trkpt>
      <trkpt lat="33.59302" lon="-117.77593">
        <ele>215.52</ele>
        <time>2026-05-23T17:21:40Z</time>
      </trkpt>
      <trkpt lat="33.59305" lon="-117.77592">
        <ele>214.86</ele>
        <time>2026-05-23T17:21:43Z</time>
      </trkpt>
      <trkpt lat="33.59308" lon="-117.77591">
        <ele>214.48</ele>
        <time>2026-05-23T17:21:46Z</time>
      </trkpt>
      <trkpt lat="33.5931" lon="-117.7759">
        <ele>214.16</ele>
        <time>2026-05-23T17:21:49Z</time>
      </trkpt>
      <trkpt lat="33.59313" lon="-117.77589">
        <ele>213.84</ele>
        <time>2026-05-23T17:21:52Z</time>
      </trkpt>
      <trkpt lat="33.59316" lon="-117.77588">
        <ele>213.38</ele>
        <time>2026-05-23T17:21:55Z</time>
      </trkpt>
      <trkpt lat="33.59319" lon="-117.77587">
        <ele>212.74</ele>
        <time>2026-05-23T17:21:58Z</time>
      </trkpt>
      <trkpt lat="33.59321" lon="-117.77586">
        <ele>212.2</ele>
        <time>2026-05-23T17:22:01Z</time>
      </trkpt>
      <trkpt lat="33.59324" lon="-117.77585">
        <ele>211.55</ele>
        <time>2026-05-23T17:22:04Z</time>
      </trkpt>
      <trkpt lat="33.59327" lon="-117.77584">
        <ele>211.17</ele>
        <time>2026-05-23T17:22:07Z</time>
      </trkpt>
      <trkpt lat="33.5933" lon="-117.77584">
        <ele>211.12</ele>
        <time>2026-05-23T17:22:10Z</time>
      </trkpt>
      <trkpt lat="33.59333" lon="-117.77583">
        <ele>210.86</ele>
        <time>2026-05-23T17:22:13Z</time>
      </trkpt>
      <trkpt lat="33.59335" lon="-117.77583">
        <ele>210.69</ele>
        <time>2026-05-23T17:22:16Z</time>
      </trkpt>
      <trkpt lat="33.59338" lon="-117.77582">
        <ele>210.07</ele>
        <time>2026-05-23T17:22:19Z</time>
      </trkpt>
      <trkpt lat="33.59341" lon="-117.77582">
        <ele>209.83</ele>
        <time>2026-05-23T17:22:22Z</time>
      </trkpt>
      <trkpt lat="33.59344" lon="-117.77582">
        <ele>209.56</ele>
        <time>2026-05-23T17:22:25Z</time>
      </trkpt>
      <trkpt lat="33.59347" lon="-117.77581">
        <ele>209.02</ele>
        <time>2026-05-23T17:22:28Z</time>
      </trkpt>
      <trkpt lat="33.5935" lon="-117.77581">
        <ele>208.7</ele>
        <time>2026-05-23T17:22:31Z</time>
      </trkpt>
      <trkpt lat="33.59353" lon="-117.7758">
        <ele>208.16</ele>
        <time>2026-05-23T17:22:34Z</time>
      </trkpt>
      <trkpt lat="33.59355" lon="-117.7758">
        <ele>207.94</ele>
        <time>2026-05-23T17:22:37Z</time>
      </trkpt>
      <trkpt lat="33.59358" lon="-117.7758">
        <ele>207.62</ele>
        <time>2026-05-23T17:22:40Z</time>
      </trkpt>
      <trkpt lat="33.59361" lon="-117.77579">
        <ele>207.08</ele>
        <time>2026-05-23T17:22:43Z</time>
      </trkpt>
      <trkpt lat="33.59364" lon="-117.77579">
        <ele>206.73</ele>
        <time>2026-05-23T17:22:46Z</time>
      </trkpt>
      <trkpt lat="33.59367" lon="-117.77578">
        <ele>206.31</ele>
        <time>2026-05-23T17:22:49Z</time>
      </trkpt>
      <trkpt lat="33.5937" lon="-117.77577">
        <ele>206.03</ele>
        <time>2026-05-23T17:22:52Z</time>
      </trkpt>
      <trkpt lat="33.59373" lon="-117.77576">
        <ele>205.72</ele>
        <time>2026-05-23T17:22:55Z</time>
      </trkpt>
      <trkpt lat="33.59375" lon="-117.77576">
        <ele>205.5</ele>
        <time>2026-05-23T17:22:58Z</time>
      </trkpt>
      <trkpt lat="33.59378" lon="-117.77575">
        <ele>205.18</ele>
        <time>2026-05-23T17:23:01Z</time>
      </trkpt>
      <trkpt lat="33.59381" lon="-117.77574">
        <ele>204.54</ele>
        <time>2026-05-23T17:23:04Z</time>
      </trkpt>
      <trkpt lat="33.59384" lon="-117.77571">
        <ele>203.23</ele>
        <time>2026-05-23T17:23:07Z</time>
      </trkpt>
      <trkpt lat="33.59386" lon="-117.77569">
        <ele>202.59</ele>
        <time>2026-05-23T17:23:09Z</time>
      </trkpt>
      <trkpt lat="33.59388" lon="-117.77566">
        <ele>202.12</ele>
        <time>2026-05-23T17:23:11Z</time>
      </trkpt>
      <trkpt lat="33.59391" lon="-117.77564">
        <ele>201.68</ele>
        <time>2026-05-23T17:23:14Z</time>
      </trkpt>
      <trkpt lat="33.59393" lon="-117.77562">
        <ele>201.25</ele>
        <time>2026-05-23T17:23:17Z</time>
      </trkpt>
      <trkpt lat="33.59396" lon="-117.77561">
        <ele>200.82</ele>
        <time>2026-05-23T17:23:20Z</time>
      </trkpt>
      <trkpt lat="33.59399" lon="-117.7756">
        <ele>200.44</ele>
        <time>2026-05-23T17:23:23Z</time>
      </trkpt>
      <trkpt lat="33.59402" lon="-117.7756">
        <ele>200.28</ele>
        <time>2026-05-23T17:23:26Z</time>
      </trkpt>
      <trkpt lat="33.59405" lon="-117.77561">
        <ele>200.15</ele>
        <time>2026-05-23T17:23:29Z</time>
      </trkpt>
      <trkpt lat="33.59407" lon="-117.77563">
        <ele>200.04</ele>
        <time>2026-05-23T17:23:31Z</time>
      </trkpt>
      <trkpt lat="33.5941" lon="-117.77565">
        <ele>199.43</ele>
        <time>2026-05-23T17:23:34Z</time>
      </trkpt>
      <trkpt lat="33.59412" lon="-117.77566">
        <ele>198.88</ele>
        <time>2026-05-23T17:23:37Z</time>
      </trkpt>
      <trkpt lat="33.59415" lon="-117.77568">
        <ele>197.8</ele>
        <time>2026-05-23T17:23:40Z</time>
      </trkpt>
      <trkpt lat="33.59418" lon="-117.77571">
        <ele>196.18</ele>
        <time>2026-05-23T17:23:43Z</time>
      </trkpt>
      <trkpt lat="33.5942" lon="-117.77574">
        <ele>195.28</ele>
        <time>2026-05-23T17:23:46Z</time>
      </trkpt>
      <trkpt lat="33.5942" lon="-117.77578">
        <ele>195.13</ele>
        <time>2026-05-23T17:23:50Z</time>
      </trkpt>
      <trkpt lat="33.59419" lon="-117.77581">
        <ele>195.31</ele>
        <time>2026-05-23T17:23:54Z</time>
      </trkpt>
      <trkpt lat="33.5942" lon="-117.77585">
        <ele>194.74</ele>
        <time>2026-05-23T17:23:58Z</time>
      </trkpt>
      <trkpt lat="33.59421" lon="-117.77589">
        <ele>193.98</ele>
        <time>2026-05-23T17:24:02Z</time>
      </trkpt>
      <trkpt lat="33.59421" lon="-117.77592">
        <ele>193.66</ele>
        <time>2026-05-23T17:24:05Z</time>
      </trkpt>
      <trkpt lat="33.59421" lon="-117.77596">
        <ele>193.23</ele>
        <time>2026-05-23T17:24:08Z</time>
      </trkpt>
      <trkpt lat="33.59421" lon="-117.77599">
        <ele>192.9</ele>
        <time>2026-05-23T17:24:10Z</time>
      </trkpt>
      <trkpt lat="33.59421" lon="-117.77603">
        <ele>192.54</ele>
        <time>2026-05-23T17:24:12Z</time>
      </trkpt>
      <trkpt lat="33.59421" lon="-117.77608">
        <ele>192.29</ele>
        <time>2026-05-23T17:24:15Z</time>
      </trkpt>
      <trkpt lat="33.5942" lon="-117.77612">
        <ele>192.33</ele>
        <time>2026-05-23T17:24:18Z</time>
      </trkpt>
      <trkpt lat="33.5942" lon="-117.77616">
        <ele>191.31</ele>
        <time>2026-05-23T17:24:21Z</time>
      </trkpt>
      <trkpt lat="33.59419" lon="-117.77619">
        <ele>191.07</ele>
        <time>2026-05-23T17:24:24Z</time>
      </trkpt>
      <trkpt lat="33.59419" lon="-117.77623">
        <ele>190.24</ele>
        <time>2026-05-23T17:24:27Z</time>
      </trkpt>
      <trkpt lat="33.59419" lon="-117.77626">
        <ele>189.68</ele>
        <time>2026-05-23T17:24:30Z</time>
      </trkpt>
      <trkpt lat="33.59418" lon="-117.7763">
        <ele>189.42</ele>
        <time>2026-05-23T17:24:33Z</time>
      </trkpt>
      <trkpt lat="33.59417" lon="-117.77634">
        <ele>189.84</ele>
        <time>2026-05-23T17:24:36Z</time>
      </trkpt>
      <trkpt lat="33.59417" lon="-117.77638">
        <ele>189.82</ele>
        <time>2026-05-23T17:24:39Z</time>
      </trkpt>
      <trkpt lat="33.59416" lon="-117.77642">
        <ele>189.88</ele>
        <time>2026-05-23T17:24:42Z</time>
      </trkpt>
      <trkpt lat="33.59415" lon="-117.77646">
        <ele>189.77</ele>
        <time>2026-05-23T17:24:45Z</time>
      </trkpt>
      <trkpt lat="33.59414" lon="-117.7765">
        <ele>189.32</ele>
        <time>2026-05-23T17:24:48Z</time>
      </trkpt>
      <trkpt lat="33.59413" lon="-117.77654">
        <ele>188.54</ele>
        <time>2026-05-23T17:24:51Z</time>
      </trkpt>
      <trkpt lat="33.59412" lon="-117.77658">
        <ele>187.92</ele>
        <time>2026-05-23T17:24:54Z</time>
      </trkpt>
      <trkpt lat="33.59411" lon="-117.77662">
        <ele>187.76</ele>
        <time>2026-05-23T17:24:57Z</time>
      </trkpt>
      <trkpt lat="33.5941" lon="-117.77666">
        <ele>187.69</ele>
        <time>2026-05-23T17:25:00Z</time>
      </trkpt>
      <trkpt lat="33.59409" lon="-117.7767">
        <ele>188.44</ele>
        <time>2026-05-23T17:25:03Z</time>
      </trkpt>
      <trkpt lat="33.59408" lon="-117.77673">
        <ele>189.32</ele>
        <time>2026-05-23T17:25:07Z</time>
      </trkpt>
      <trkpt lat="33.59406" lon="-117.77675">
        <ele>190.64</ele>
        <time>2026-05-23T17:25:13Z</time>
      </trkpt>
      <trkpt lat="33.59405" lon="-117.77678">
        <ele>191.3</ele>
        <time>2026-05-23T17:25:17Z</time>
      </trkpt>
      <trkpt lat="33.59404" lon="-117.77682">
        <ele>191.84</ele>
        <time>2026-05-23T17:25:21Z</time>
      </trkpt>
      <trkpt lat="33.59403" lon="-117.77685">
        <ele>192.38</ele>
        <time>2026-05-23T17:25:25Z</time>
      </trkpt>
      <trkpt lat="33.59406" lon="-117.77688">
        <ele>190.97</ele>
        <time>2026-05-23T17:25:29Z</time>
      </trkpt>
      <trkpt lat="33.5941" lon="-117.77689">
        <ele>190.3</ele>
        <time>2026-05-23T17:25:32Z</time>
      </trkpt>
      <trkpt lat="33.59413" lon="-117.77689">
        <ele>190.16</ele>
        <time>2026-05-23T17:25:35Z</time>
      </trkpt>
      <trkpt lat="33.59416" lon="-117.77686">
        <ele>190.01</ele>
        <time>2026-05-23T17:25:38Z</time>
      </trkpt>
      <trkpt lat="33.59418" lon="-117.77684">
        <ele>189.12</ele>
        <time>2026-05-23T17:25:40Z</time>
      </trkpt>
      <trkpt lat="33.59421" lon="-117.77681">
        <ele>187.24</ele>
        <time>2026-05-23T17:25:43Z</time>
      </trkpt>
      <trkpt lat="33.59424" lon="-117.7768">
        <ele>186.74</ele>
        <time>2026-05-23T17:25:46Z</time>
      </trkpt>
      <trkpt lat="33.59427" lon="-117.77677">
        <ele>185.76</ele>
        <time>2026-05-23T17:25:49Z</time>
      </trkpt>
      <trkpt lat="33.5943" lon="-117.77676">
        <ele>186.34</ele>
        <time>2026-05-23T17:25:52Z</time>
      </trkpt>
      <trkpt lat="33.59433" lon="-117.77675">
        <ele>186.92</ele>
        <time>2026-05-23T17:25:55Z</time>
      </trkpt>
      <trkpt lat="33.59436" lon="-117.77674">
        <ele>187.1</ele>
        <time>2026-05-23T17:25:58Z</time>
      </trkpt>
      <trkpt lat="33.59439" lon="-117.77674">
        <ele>186.84</ele>
        <time>2026-05-23T17:26:01Z</time>
      </trkpt>
      <trkpt lat="33.59442" lon="-117.77673">
        <ele>186.23</ele>
        <time>2026-05-23T17:26:04Z</time>
      </trkpt>
      <trkpt lat="33.59445" lon="-117.77673">
        <ele>185.91</ele>
        <time>2026-05-23T17:26:07Z</time>
      </trkpt>
      <trkpt lat="33.59448" lon="-117.77672">
        <ele>184.9</ele>
        <time>2026-05-23T17:26:11Z</time>
      </trkpt>
      <trkpt lat="33.59452" lon="-117.77672">
        <ele>183.97</ele>
        <time>2026-05-23T17:26:15Z</time>
      </trkpt>
      <trkpt lat="33.59455" lon="-117.77672">
        <ele>183.24</ele>
        <time>2026-05-23T17:26:19Z</time>
      </trkpt>
      <trkpt lat="33.59458" lon="-117.77672">
        <ele>182.45</ele>
        <time>2026-05-23T17:26:23Z</time>
      </trkpt>
      <trkpt lat="33.59461" lon="-117.77672">
        <ele>181.67</ele>
        <time>2026-05-23T17:26:27Z</time>
      </trkpt>
      <trkpt lat="33.59464" lon="-117.77671">
        <ele>180.82</ele>
        <time>2026-05-23T17:26:31Z</time>
      </trkpt>
      <trkpt lat="33.59466" lon="-117.7767">
        <ele>180.39</ele>
        <time>2026-05-23T17:26:35Z</time>
      </trkpt>
      <trkpt lat="33.59467" lon="-117.77668">
        <ele>179.85</ele>
        <time>2026-05-23T17:26:42Z</time>
      </trkpt>
      <trkpt lat="33.59468" lon="-117.77664">
        <ele>179.01</ele>
        <time>2026-05-23T17:26:47Z</time>
      </trkpt>
      <trkpt lat="33.5947" lon="-117.77659">
        <ele>177.78</ele>
        <time>2026-05-23T17:26:50Z</time>
      </trkpt>
      <trkpt lat="33.5947" lon="-117.77656">
        <ele>177.26</ele>
        <time>2026-05-23T17:26:53Z</time>
      </trkpt>
      <trkpt lat="33.59471" lon="-117.77652">
        <ele>176.53</ele>
        <time>2026-05-23T17:26:57Z</time>
      </trkpt>
      <trkpt lat="33.59471" lon="-117.77648">
        <ele>176.0</ele>
        <time>2026-05-23T17:27:00Z</time>
      </trkpt>
      <trkpt lat="33.59471" lon="-117.77645">
        <ele>176.04</ele>
        <time>2026-05-23T17:27:03Z</time>
      </trkpt>
      <trkpt lat="33.59471" lon="-117.77642">
        <ele>176.09</ele>
        <time>2026-05-23T17:27:09Z</time>
      </trkpt>
      <trkpt lat="33.59472" lon="-117.77638">
        <ele>176.12</ele>
        <time>2026-05-23T17:27:28Z</time>
      </trkpt>
      <trkpt lat="33.59471" lon="-117.77631">
        <ele>176.98</ele>
        <time>2026-05-23T17:28:12Z</time>
      </trkpt>
      <trkpt lat="33.59472" lon="-117.77626">
        <ele>177.02</ele>
        <time>2026-05-23T17:28:24Z</time>
      </trkpt>
      <trkpt lat="33.59474" lon="-117.77622">
        <ele>176.62</ele>
        <time>2026-05-23T17:28:34Z</time>
      </trkpt>
      <trkpt lat="33.59476" lon="-117.77624">
        <ele>176.18</ele>
        <time>2026-05-23T17:28:46Z</time>
      </trkpt>
      <trkpt lat="33.59476" lon="-117.77628">
        <ele>176.18</ele>
        <time>2026-05-23T17:28:50Z</time>
      </trkpt>
      <trkpt lat="33.59477" lon="-117.77632">
        <ele>175.71</ele>
        <time>2026-05-23T17:29:10Z</time>
      </trkpt>
      <trkpt lat="33.59477" lon="-117.77636">
        <ele>175.28</ele>
        <time>2026-05-23T17:29:12Z</time>
      </trkpt>
      <trkpt lat="33.59477" lon="-117.7764">
        <ele>175.15</ele>
        <time>2026-05-23T17:29:14Z</time>
      </trkpt>
      <trkpt lat="33.59477" lon="-117.77643">
        <ele>175.66</ele>
        <time>2026-05-23T17:29:16Z</time>
      </trkpt>
      <trkpt lat="33.59477" lon="-117.7764">
        <ele>175.15</ele>
        <time>2026-05-23T17:29:22Z</time>
      </trkpt>
      <trkpt lat="33.59477" lon="-117.77635">
        <ele>175.39</ele>
        <time>2026-05-23T17:29:24Z</time>
      </trkpt>
      <trkpt lat="33.59477" lon="-117.7763">
        <ele>175.93</ele>
        <time>2026-05-23T17:29:26Z</time>
      </trkpt>
      <trkpt lat="33.59477" lon="-117.77624">
        <ele>175.97</ele>
        <time>2026-05-23T17:29:28Z</time>
      </trkpt>
      <trkpt lat="33.59477" lon="-117.7762">
        <ele>175.95</ele>
        <time>2026-05-23T17:29:30Z</time>
      </trkpt>
      <trkpt lat="33.59477" lon="-117.77624">
        <ele>175.97</ele>
        <time>2026-05-23T17:29:37Z</time>
      </trkpt>
      <trkpt lat="33.59477" lon="-117.77627">
        <ele>175.97</ele>
        <time>2026-05-23T17:29:42Z</time>
      </trkpt>
      <trkpt lat="33.59477" lon="-117.77632">
        <ele>175.71</ele>
        <time>2026-05-23T17:29:45Z</time>
      </trkpt>
      <trkpt lat="33.59477" lon="-117.77635">
        <ele>175.39</ele>
        <time>2026-05-23T17:29:47Z</time>
      </trkpt>
      <trkpt lat="33.59477" lon="-117.77639">
        <ele>174.99</ele>
        <time>2026-05-23T17:29:49Z</time>
      </trkpt>
      <trkpt lat="33.59477" lon="-117.77636">
        <ele>175.28</ele>
        <time>2026-05-23T17:29:55Z</time>
      </trkpt>
      <trkpt lat="33.59477" lon="-117.77631">
        <ele>175.82</ele>
        <time>2026-05-23T17:29:57Z</time>
      </trkpt>
      <trkpt lat="33.59477" lon="-117.77626">
        <ele>175.97</ele>
        <time>2026-05-23T17:29:59Z</time>
      </trkpt>
      <trkpt lat="33.59477" lon="-117.77623">
        <ele>175.97</ele>
        <time>2026-05-23T17:30:01Z</time>
      </trkpt>
      <trkpt lat="33.59477" lon="-117.77619">
        <ele>175.9</ele>
        <time>2026-05-23T17:30:03Z</time>
      </trkpt>
      <trkpt lat="33.59476" lon="-117.77616">
        <ele>175.9</ele>
        <time>2026-05-23T17:30:07Z</time>
      </trkpt>
      <trkpt lat="33.59477" lon="-117.77613">
        <ele>175.58</ele>
        <time>2026-05-23T17:30:11Z</time>
      </trkpt>
      <trkpt lat="33.59477" lon="-117.77609">
        <ele>175.48</ele>
        <time>2026-05-23T17:30:17Z</time>
      </trkpt>
      <trkpt lat="33.59477" lon="-117.77605">
        <ele>175.48</ele>
        <time>2026-05-23T17:30:22Z</time>
      </trkpt>
      <trkpt lat="33.59477" lon="-117.77602">
        <ele>175.48</ele>
        <time>2026-05-23T17:30:26Z</time>
      </trkpt>
      <trkpt lat="33.59478" lon="-117.77598">
        <ele>174.96</ele>
        <time>2026-05-23T17:30:30Z</time>
      </trkpt>
      <trkpt lat="33.59479" lon="-117.77595">
        <ele>174.53</ele>
        <time>2026-05-23T17:30:35Z</time>
      </trkpt>
      <trkpt lat="33.59481" lon="-117.77592">
        <ele>173.99</ele>
        <time>2026-05-23T17:30:38Z</time>
      </trkpt>
      <trkpt lat="33.59483" lon="-117.77589">
        <ele>173.35</ele>
        <time>2026-05-23T17:30:41Z</time>
      </trkpt>
      <trkpt lat="33.59483" lon="-117.77585">
        <ele>172.99</ele>
        <time>2026-05-23T17:30:45Z</time>
      </trkpt>
      <trkpt lat="33.59483" lon="-117.77581">
        <ele>172.63</ele>
        <time>2026-05-23T17:30:49Z</time>
      </trkpt>
      <trkpt lat="33.59484" lon="-117.77585">
        <ele>172.86</ele>
        <time>2026-05-23T17:31:05Z</time>
      </trkpt>
      <trkpt lat="33.59481" lon="-117.77578">
        <ele>172.48</ele>
        <time>2026-05-23T17:34:54Z</time>
      </trkpt>
      <trkpt lat="33.59477" lon="-117.77572">
        <ele>172.48</ele>
        <time>2026-05-23T17:34:56Z</time>
      </trkpt>
      <trkpt lat="33.59472" lon="-117.77567">
        <ele>173.02</ele>
        <time>2026-05-23T17:34:58Z</time>
      </trkpt>
      <trkpt lat="33.59469" lon="-117.77563">
        <ele>172.74</ele>
        <time>2026-05-23T17:35:00Z</time>
      </trkpt>
      <trkpt lat="33.59465" lon="-117.7756">
        <ele>172.77</ele>
        <time>2026-05-23T17:35:03Z</time>
      </trkpt>
      <trkpt lat="33.5946" lon="-117.77558">
        <ele>173.81</ele>
        <time>2026-05-23T17:35:07Z</time>
      </trkpt>
      <trkpt lat="33.59456" lon="-117.77556">
        <ele>174.58</ele>
        <time>2026-05-23T17:35:11Z</time>
      </trkpt>
      <trkpt lat="33.59452" lon="-117.77554">
        <ele>175.17</ele>
        <time>2026-05-23T17:35:15Z</time>
      </trkpt>
      <trkpt lat="33.59449" lon="-117.77552">
        <ele>175.49</ele>
        <time>2026-05-23T17:35:19Z</time>
      </trkpt>
      <trkpt lat="33.59446" lon="-117.77549">
        <ele>175.03</ele>
        <time>2026-05-23T17:35:23Z</time>
      </trkpt>
      <trkpt lat="33.59444" lon="-117.77545">
        <ele>174.04</ele>
        <time>2026-05-23T17:35:26Z</time>
      </trkpt>
      <trkpt lat="33.59442" lon="-117.77542">
        <ele>174.55</ele>
        <time>2026-05-23T17:35:29Z</time>
      </trkpt>
      <trkpt lat="33.59439" lon="-117.77538">
        <ele>174.74</ele>
        <time>2026-05-23T17:35:32Z</time>
      </trkpt>
      <trkpt lat="33.59436" lon="-117.77534">
        <ele>174.34</ele>
        <time>2026-05-23T17:35:35Z</time>
      </trkpt>
      <trkpt lat="33.59434" lon="-117.7753">
        <ele>174.05</ele>
        <time>2026-05-23T17:35:38Z</time>
      </trkpt>
      <trkpt lat="33.59432" lon="-117.77526">
        <ele>174.84</ele>
        <time>2026-05-23T17:35:41Z</time>
      </trkpt>
      <trkpt lat="33.5943" lon="-117.77521">
        <ele>175.9</ele>
        <time>2026-05-23T17:35:44Z</time>
      </trkpt>
      <trkpt lat="33.59432" lon="-117.77517">
        <ele>173.58</ele>
        <time>2026-05-23T17:35:47Z</time>
      </trkpt>
      <trkpt lat="33.59432" lon="-117.77513">
        <ele>173.14</ele>
        <time>2026-05-23T17:35:50Z</time>
      </trkpt>
      <trkpt lat="33.59432" lon="-117.77508">
        <ele>172.54</ele>
        <time>2026-05-23T17:35:53Z</time>
      </trkpt>
      <trkpt lat="33.59433" lon="-117.77503">
        <ele>171.34</ele>
        <time>2026-05-23T17:35:56Z</time>
      </trkpt>
      <trkpt lat="33.59434" lon="-117.77498">
        <ele>170.46</ele>
        <time>2026-05-23T17:35:59Z</time>
      </trkpt>
      <trkpt lat="33.59434" lon="-117.77494">
        <ele>170.35</ele>
        <time>2026-05-23T17:36:02Z</time>
      </trkpt>
      <trkpt lat="33.59433" lon="-117.77489">
        <ele>170.24</ele>
        <time>2026-05-23T17:36:05Z</time>
      </trkpt>
      <trkpt lat="33.59433" lon="-117.77484">
        <ele>169.57</ele>
        <time>2026-05-23T17:36:08Z</time>
      </trkpt>
      <trkpt lat="33.59431" lon="-117.7748">
        <ele>169.29</ele>
        <time>2026-05-23T17:36:11Z</time>
      </trkpt>
      <trkpt lat="33.59429" lon="-117.77476">
        <ele>169.08</ele>
        <time>2026-05-23T17:36:14Z</time>
      </trkpt>
      <trkpt lat="33.59427" lon="-117.77472">
        <ele>168.84</ele>
        <time>2026-05-23T17:36:17Z</time>
      </trkpt>
      <trkpt lat="33.59426" lon="-117.77468">
        <ele>168.09</ele>
        <time>2026-05-23T17:36:20Z</time>
      </trkpt>
      <trkpt lat="33.59424" lon="-117.77463">
        <ele>168.05</ele>
        <time>2026-05-23T17:36:23Z</time>
      </trkpt>
      <trkpt lat="33.59422" lon="-117.77459">
        <ele>168.82</ele>
        <time>2026-05-23T17:36:26Z</time>
      </trkpt>
      <trkpt lat="33.59421" lon="-117.77455">
        <ele>168.69</ele>
        <time>2026-05-23T17:36:29Z</time>
      </trkpt>
      <trkpt lat="33.59419" lon="-117.77451">
        <ele>168.53</ele>
        <time>2026-05-23T17:36:32Z</time>
      </trkpt>
      <trkpt lat="33.59417" lon="-117.77448">
        <ele>168.37</ele>
        <time>2026-05-23T17:36:34Z</time>
      </trkpt>
      <trkpt lat="33.59415" lon="-117.77445">
        <ele>168.43</ele>
        <time>2026-05-23T17:36:36Z</time>
      </trkpt>
      <trkpt lat="33.59411" lon="-117.77442">
        <ele>168.7</ele>
        <time>2026-05-23T17:36:38Z</time>
      </trkpt>
      <trkpt lat="33.59408" lon="-117.7744">
        <ele>168.91</ele>
        <time>2026-05-23T17:36:40Z</time>
      </trkpt>
      <trkpt lat="33.59406" lon="-117.77437">
        <ele>168.51</ele>
        <time>2026-05-23T17:36:42Z</time>
      </trkpt>
      <trkpt lat="33.59405" lon="-117.77434">
        <ele>168.26</ele>
        <time>2026-05-23T17:36:44Z</time>
      </trkpt>
      <trkpt lat="33.59403" lon="-117.77432">
        <ele>168.48</ele>
        <time>2026-05-23T17:36:46Z</time>
      </trkpt>
      <trkpt lat="33.59402" lon="-117.77428">
        <ele>168.58</ele>
        <time>2026-05-23T17:36:49Z</time>
      </trkpt>
      <trkpt lat="33.59401" lon="-117.77424">
        <ele>168.48</ele>
        <time>2026-05-23T17:36:52Z</time>
      </trkpt>
      <trkpt lat="33.594" lon="-117.7742">
        <ele>168.16</ele>
        <time>2026-05-23T17:36:55Z</time>
      </trkpt>
      <trkpt lat="33.594" lon="-117.77417">
        <ele>167.84</ele>
        <time>2026-05-23T17:36:58Z</time>
      </trkpt>
      <trkpt lat="33.59398" lon="-117.77415">
        <ele>167.85</ele>
        <time>2026-05-23T17:37:06Z</time>
      </trkpt>
      <trkpt lat="33.59396" lon="-117.7741">
        <ele>167.74</ele>
        <time>2026-05-23T17:37:10Z</time>
      </trkpt>
      <trkpt lat="33.59395" lon="-117.77406">
        <ele>167.63</ele>
        <time>2026-05-23T17:37:13Z</time>
      </trkpt>
      <trkpt lat="33.59394" lon="-117.77403">
        <ele>167.68</ele>
        <time>2026-05-23T17:37:16Z</time>
      </trkpt>
      <trkpt lat="33.59393" lon="-117.774">
        <ele>167.67</ele>
        <time>2026-05-23T17:37:19Z</time>
      </trkpt>
      <trkpt lat="33.59391" lon="-117.77396">
        <ele>167.54</ele>
        <time>2026-05-23T17:37:23Z</time>
      </trkpt>
      <trkpt lat="33.59389" lon="-117.77392">
        <ele>167.32</ele>
        <time>2026-05-23T17:37:26Z</time>
      </trkpt>
      <trkpt lat="33.59387" lon="-117.77389">
        <ele>167.42</ele>
        <time>2026-05-23T17:37:29Z</time>
      </trkpt>
      <trkpt lat="33.59386" lon="-117.77385">
        <ele>166.92</ele>
        <time>2026-05-23T17:37:32Z</time>
      </trkpt>
      <trkpt lat="33.59384" lon="-117.7738">
        <ele>166.64</ele>
        <time>2026-05-23T17:37:35Z</time>
      </trkpt>
      <trkpt lat="33.59383" lon="-117.77375">
        <ele>166.59</ele>
        <time>2026-05-23T17:37:38Z</time>
      </trkpt>
      <trkpt lat="33.59381" lon="-117.77371">
        <ele>166.76</ele>
        <time>2026-05-23T17:37:41Z</time>
      </trkpt>
      <trkpt lat="33.59379" lon="-117.77367">
        <ele>166.75</ele>
        <time>2026-05-23T17:37:44Z</time>
      </trkpt>
      <trkpt lat="33.59377" lon="-117.77363">
        <ele>166.55</ele>
        <time>2026-05-23T17:37:47Z</time>
      </trkpt>
      <trkpt lat="33.59376" lon="-117.77359">
        <ele>166.39</ele>
        <time>2026-05-23T17:37:50Z</time>
      </trkpt>
      <trkpt lat="33.59374" lon="-117.77355">
        <ele>166.61</ele>
        <time>2026-05-23T17:37:53Z</time>
      </trkpt>
      <trkpt lat="33.59373" lon="-117.77351">
        <ele>166.78</ele>
        <time>2026-05-23T17:37:56Z</time>
      </trkpt>
      <trkpt lat="33.59371" lon="-117.77347">
        <ele>167.42</ele>
        <time>2026-05-23T17:37:59Z</time>
      </trkpt>
      <trkpt lat="33.5937" lon="-117.77343">
        <ele>168.12</ele>
        <time>2026-05-23T17:38:02Z</time>
      </trkpt>
      <trkpt lat="33.59369" lon="-117.77338">
        <ele>169.09</ele>
        <time>2026-05-23T17:38:05Z</time>
      </trkpt>
      <trkpt lat="33.59368" lon="-117.77334">
        <ele>169.95</ele>
        <time>2026-05-23T17:38:08Z</time>
      </trkpt>
      <trkpt lat="33.5937" lon="-117.7733">
        <ele>169.15</ele>
        <time>2026-05-23T17:38:11Z</time>
      </trkpt>
      <trkpt lat="33.59374" lon="-117.77327">
        <ele>167.58</ele>
        <time>2026-05-23T17:38:13Z</time>
      </trkpt>
      <trkpt lat="33.59377" lon="-117.77323">
        <ele>166.82</ele>
        <time>2026-05-23T17:38:16Z</time>
      </trkpt>
      <trkpt lat="33.59378" lon="-117.77318">
        <ele>166.41</ele>
        <time>2026-05-23T17:38:20Z</time>
      </trkpt>
      <trkpt lat="33.59379" lon="-117.77315">
        <ele>166.14</ele>
        <time>2026-05-23T17:38:23Z</time>
      </trkpt>
      <trkpt lat="33.59379" lon="-117.77311">
        <ele>165.7</ele>
        <time>2026-05-23T17:38:26Z</time>
      </trkpt>
      <trkpt lat="33.59378" lon="-117.77308">
        <ele>165.49</ele>
        <time>2026-05-23T17:38:29Z</time>
      </trkpt>
      <trkpt lat="33.59376" lon="-117.77306">
        <ele>165.46</ele>
        <time>2026-05-23T17:38:31Z</time>
      </trkpt>
      <trkpt lat="33.59373" lon="-117.77303">
        <ele>165.52</ele>
        <time>2026-05-23T17:38:33Z</time>
      </trkpt>
      <trkpt lat="33.5937" lon="-117.77301">
        <ele>165.59</ele>
        <time>2026-05-23T17:38:35Z</time>
      </trkpt>
      <trkpt lat="33.59368" lon="-117.77298">
        <ele>165.53</ele>
        <time>2026-05-23T17:38:37Z</time>
      </trkpt>
      <trkpt lat="33.59366" lon="-117.77296">
        <ele>165.44</ele>
        <time>2026-05-23T17:38:39Z</time>
      </trkpt>
      <trkpt lat="33.59363" lon="-117.77295">
        <ele>165.66</ele>
        <time>2026-05-23T17:38:42Z</time>
      </trkpt>
      <trkpt lat="33.5936" lon="-117.77293">
        <ele>165.96</ele>
        <time>2026-05-23T17:38:45Z</time>
      </trkpt>
      <trkpt lat="33.59358" lon="-117.7729">
        <ele>166.1</ele>
        <time>2026-05-23T17:38:48Z</time>
      </trkpt>
      <trkpt lat="33.59356" lon="-117.77287">
        <ele>166.1</ele>
        <time>2026-05-23T17:38:51Z</time>
      </trkpt>
      <trkpt lat="33.59354" lon="-117.77284">
        <ele>165.7</ele>
        <time>2026-05-23T17:38:54Z</time>
      </trkpt>
      <trkpt lat="33.59351" lon="-117.77281">
        <ele>165.26</ele>
        <time>2026-05-23T17:38:57Z</time>
      </trkpt>
      <trkpt lat="33.59348" lon="-117.77278">
        <ele>165.3</ele>
        <time>2026-05-23T17:39:00Z</time>
      </trkpt>
      <trkpt lat="33.59345" lon="-117.77275">
        <ele>165.32</ele>
        <time>2026-05-23T17:39:03Z</time>
      </trkpt>
      <trkpt lat="33.59342" lon="-117.77272">
        <ele>165.26</ele>
        <time>2026-05-23T17:39:06Z</time>
      </trkpt>
      <trkpt lat="33.59339" lon="-117.77269">
        <ele>164.93</ele>
        <time>2026-05-23T17:39:09Z</time>
      </trkpt>
      <trkpt lat="33.59336" lon="-117.77266">
        <ele>164.34</ele>
        <time>2026-05-23T17:39:12Z</time>
      </trkpt>
      <trkpt lat="33.59334" lon="-117.77263">
        <ele>163.47</ele>
        <time>2026-05-23T17:39:14Z</time>
      </trkpt>
      <trkpt lat="33.59332" lon="-117.77262">
        <ele>163.76</ele>
        <time>2026-05-23T17:39:16Z</time>
      </trkpt>
      <trkpt lat="33.5933" lon="-117.7726">
        <ele>163.76</ele>
        <time>2026-05-23T17:39:18Z</time>
      </trkpt>
      <trkpt lat="33.59327" lon="-117.77258">
        <ele>164.41</ele>
        <time>2026-05-23T17:39:20Z</time>
      </trkpt>
      <trkpt lat="33.59325" lon="-117.77257">
        <ele>164.92</ele>
        <time>2026-05-23T17:39:22Z</time>
      </trkpt>
      <trkpt lat="33.59323" lon="-117.77255">
        <ele>165.21</ele>
        <time>2026-05-23T17:39:24Z</time>
      </trkpt>
      <trkpt lat="33.59321" lon="-117.77253">
        <ele>165.52</ele>
        <time>2026-05-23T17:39:26Z</time>
      </trkpt>
      <trkpt lat="33.59318" lon="-117.77249">
        <ele>165.12</ele>
        <time>2026-05-23T17:39:29Z</time>
      </trkpt>
      <trkpt lat="33.59315" lon="-117.77246">
        <ele>164.36</ele>
        <time>2026-05-23T17:39:32Z</time>
      </trkpt>
      <trkpt lat="33.59313" lon="-117.77243">
        <ele>163.64</ele>
        <time>2026-05-23T17:39:35Z</time>
      </trkpt>
      <trkpt lat="33.59311" lon="-117.77241">
        <ele>163.64</ele>
        <time>2026-05-23T17:39:38Z</time>
      </trkpt>
      <trkpt lat="33.59308" lon="-117.77237">
        <ele>163.82</ele>
        <time>2026-05-23T17:39:42Z</time>
      </trkpt>
      <trkpt lat="33.59305" lon="-117.77235">
        <ele>164.16</ele>
        <time>2026-05-23T17:39:45Z</time>
      </trkpt>
      <trkpt lat="33.59303" lon="-117.77232">
        <ele>163.4</ele>
        <time>2026-05-23T17:39:48Z</time>
      </trkpt>
      <trkpt lat="33.593" lon="-117.77228">
        <ele>162.44</ele>
        <time>2026-05-23T17:39:52Z</time>
      </trkpt>
      <trkpt lat="33.59298" lon="-117.77225">
        <ele>161.32</ele>
        <time>2026-05-23T17:39:55Z</time>
      </trkpt>
      <trkpt lat="33.59295" lon="-117.77222">
        <ele>160.65</ele>
        <time>2026-05-23T17:39:58Z</time>
      </trkpt>
      <trkpt lat="33.59293" lon="-117.7722">
        <ele>161.13</ele>
        <time>2026-05-23T17:40:01Z</time>
      </trkpt>
      <trkpt lat="33.5929" lon="-117.77218">
        <ele>161.87</ele>
        <time>2026-05-23T17:40:04Z</time>
      </trkpt>
      <trkpt lat="33.59287" lon="-117.77215">
        <ele>161.9</ele>
        <time>2026-05-23T17:40:07Z</time>
      </trkpt>
      <trkpt lat="33.59285" lon="-117.77213">
        <ele>161.9</ele>
        <time>2026-05-23T17:40:10Z</time>
      </trkpt>
      <trkpt lat="33.59283" lon="-117.7721">
        <ele>161.87</ele>
        <time>2026-05-23T17:40:13Z</time>
      </trkpt>
      <trkpt lat="33.59281" lon="-117.77207">
        <ele>161.28</ele>
        <time>2026-05-23T17:40:16Z</time>
      </trkpt>
      <trkpt lat="33.59279" lon="-117.77204">
        <ele>160.14</ele>
        <time>2026-05-23T17:40:19Z</time>
      </trkpt>
      <trkpt lat="33.59276" lon="-117.77201">
        <ele>160.5</ele>
        <time>2026-05-23T17:40:22Z</time>
      </trkpt>
      <trkpt lat="33.59274" lon="-117.77198">
        <ele>160.67</ele>
        <time>2026-05-23T17:40:25Z</time>
      </trkpt>
      <trkpt lat="33.59272" lon="-117.77196">
        <ele>160.73</ele>
        <time>2026-05-23T17:40:28Z</time>
      </trkpt>
      <trkpt lat="33.59269" lon="-117.77193">
        <ele>160.58</ele>
        <time>2026-05-23T17:40:31Z</time>
      </trkpt>
      <trkpt lat="33.59267" lon="-117.7719">
        <ele>160.7</ele>
        <time>2026-05-23T17:40:34Z</time>
      </trkpt>
      <trkpt lat="33.59265" lon="-117.77187">
        <ele>160.91</ele>
        <time>2026-05-23T17:40:37Z</time>
      </trkpt>
      <trkpt lat="33.59262" lon="-117.77183">
        <ele>161.48</ele>
        <time>2026-05-23T17:40:41Z</time>
      </trkpt>
      <trkpt lat="33.59259" lon="-117.77179">
        <ele>161.72</ele>
        <time>2026-05-23T17:40:45Z</time>
      </trkpt>
      <trkpt lat="33.59257" lon="-117.77175">
        <ele>161.34</ele>
        <time>2026-05-23T17:40:49Z</time>
      </trkpt>
      <trkpt lat="33.59255" lon="-117.77171">
        <ele>160.9</ele>
        <time>2026-05-23T17:40:53Z</time>
      </trkpt>
      <trkpt lat="33.59258" lon="-117.77167">
        <ele>160.05</ele>
        <time>2026-05-23T17:40:56Z</time>
      </trkpt>
      <trkpt lat="33.59261" lon="-117.77165">
        <ele>159.12</ele>
        <time>2026-05-23T17:40:58Z</time>
      </trkpt>
      <trkpt lat="33.59263" lon="-117.77162">
        <ele>157.88</ele>
        <time>2026-05-23T17:41:01Z</time>
      </trkpt>
      <trkpt lat="33.59263" lon="-117.77158">
        <ele>156.76</ele>
        <time>2026-05-23T17:41:05Z</time>
      </trkpt>
      <trkpt lat="33.59263" lon="-117.77154">
        <ele>155.94</ele>
        <time>2026-05-23T17:41:09Z</time>
      </trkpt>
      <trkpt lat="33.59263" lon="-117.7715">
        <ele>155.17</ele>
        <time>2026-05-23T17:41:13Z</time>
      </trkpt>
      <trkpt lat="33.59262" lon="-117.77146">
        <ele>153.78</ele>
        <time>2026-05-23T17:41:17Z</time>
      </trkpt>
      <trkpt lat="33.59262" lon="-117.77142">
        <ele>152.25</ele>
        <time>2026-05-23T17:41:21Z</time>
      </trkpt>
      <trkpt lat="33.59263" lon="-117.77138">
        <ele>151.56</ele>
        <time>2026-05-23T17:41:25Z</time>
      </trkpt>
      <trkpt lat="33.59263" lon="-117.77134">
        <ele>150.36</ele>
        <time>2026-05-23T17:41:29Z</time>
      </trkpt>
      <trkpt lat="33.59264" lon="-117.7713">
        <ele>150.22</ele>
        <time>2026-05-23T17:41:33Z</time>
      </trkpt>
      <trkpt lat="33.59264" lon="-117.77126">
        <ele>148.74</ele>
        <time>2026-05-23T17:41:37Z</time>
      </trkpt>
      <trkpt lat="33.59265" lon="-117.77122">
        <ele>148.22</ele>
        <time>2026-05-23T17:41:41Z</time>
      </trkpt>
      <trkpt lat="33.59266" lon="-117.7712">
        <ele>148.48</ele>
        <time>2026-05-23T17:41:50Z</time>
      </trkpt>
      <trkpt lat="33.59267" lon="-117.77116">
        <ele>148.66</ele>
        <time>2026-05-23T17:41:55Z</time>
      </trkpt>
      <trkpt lat="33.59267" lon="-117.77113">
        <ele>148.06</ele>
        <time>2026-05-23T17:41:59Z</time>
      </trkpt>
      <trkpt lat="33.59267" lon="-117.77109">
        <ele>147.5</ele>
        <time>2026-05-23T17:42:04Z</time>
      </trkpt>
      <trkpt lat="33.59268" lon="-117.77105">
        <ele>147.93</ele>
        <time>2026-05-23T17:42:09Z</time>
      </trkpt>
      <trkpt lat="33.59268" lon="-117.77101">
        <ele>147.53</ele>
        <time>2026-05-23T17:42:15Z</time>
      </trkpt>
      <trkpt lat="33.59265" lon="-117.77099">
        <ele>145.27</ele>
        <time>2026-05-23T17:42:18Z</time>
      </trkpt>
      <trkpt lat="33.59263" lon="-117.77097">
        <ele>143.93</ele>
        <time>2026-05-23T17:42:22Z</time>
      </trkpt>
      <trkpt lat="33.59262" lon="-117.77093">
        <ele>143.46</ele>
        <time>2026-05-23T17:42:27Z</time>
      </trkpt>
      <trkpt lat="33.59262" lon="-117.7709">
        <ele>143.12</ele>
        <time>2026-05-23T17:42:32Z</time>
      </trkpt>
      <trkpt lat="33.59261" lon="-117.77087">
        <ele>142.22</ele>
        <time>2026-05-23T17:42:36Z</time>
      </trkpt>
      <trkpt lat="33.59261" lon="-117.77084">
        <ele>141.84</ele>
        <time>2026-05-23T17:42:40Z</time>
      </trkpt>
      <trkpt lat="33.5926" lon="-117.7708">
        <ele>141.71</ele>
        <time>2026-05-23T17:42:44Z</time>
      </trkpt>
      <trkpt lat="33.59259" lon="-117.77077">
        <ele>141.45</ele>
        <time>2026-05-23T17:42:48Z</time>
      </trkpt>
      <trkpt lat="33.59259" lon="-117.77073">
        <ele>141.64</ele>
        <time>2026-05-23T17:42:52Z</time>
      </trkpt>
      <trkpt lat="33.59258" lon="-117.77069">
        <ele>140.3</ele>
        <time>2026-05-23T17:42:55Z</time>
      </trkpt>
      <trkpt lat="33.59258" lon="-117.77065">
        <ele>139.93</ele>
        <time>2026-05-23T17:42:58Z</time>
      </trkpt>
      <trkpt lat="33.59258" lon="-117.77062">
        <ele>139.08</ele>
        <time>2026-05-23T17:43:02Z</time>
      </trkpt>
      <trkpt lat="33.59257" lon="-117.77059">
        <ele>137.47</ele>
        <time>2026-05-23T17:43:06Z</time>
      </trkpt>
      <trkpt lat="33.59257" lon="-117.77055">
        <ele>136.57</ele>
        <time>2026-05-23T17:43:10Z</time>
      </trkpt>
      <trkpt lat="33.59259" lon="-117.77051">
        <ele>137.86</ele>
        <time>2026-05-23T17:43:14Z</time>
      </trkpt>
      <trkpt lat="33.5926" lon="-117.77048">
        <ele>138.66</ele>
        <time>2026-05-23T17:43:17Z</time>
      </trkpt>
      <trkpt lat="33.59259" lon="-117.77045">
        <ele>138.71</ele>
        <time>2026-05-23T17:43:21Z</time>
      </trkpt>
      <trkpt lat="33.59257" lon="-117.77043">
        <ele>138.73</ele>
        <time>2026-05-23T17:43:27Z</time>
      </trkpt>
      <trkpt lat="33.59255" lon="-117.77042">
        <ele>137.88</ele>
        <time>2026-05-23T17:43:32Z</time>
      </trkpt>
      <trkpt lat="33.59252" lon="-117.7704">
        <ele>136.28</ele>
        <time>2026-05-23T17:43:37Z</time>
      </trkpt>
      <trkpt lat="33.5925" lon="-117.77038">
        <ele>134.9</ele>
        <time>2026-05-23T17:43:42Z</time>
      </trkpt>
      <trkpt lat="33.59248" lon="-117.77036">
        <ele>134.92</ele>
        <time>2026-05-23T17:43:47Z</time>
      </trkpt>
      <trkpt lat="33.59245" lon="-117.77034">
        <ele>134.52</ele>
        <time>2026-05-23T17:43:52Z</time>
      </trkpt>
      <trkpt lat="33.59243" lon="-117.77032">
        <ele>134.02</ele>
        <time>2026-05-23T17:43:56Z</time>
      </trkpt>
      <trkpt lat="33.59241" lon="-117.7703">
        <ele>133.14</ele>
        <time>2026-05-23T17:44:00Z</time>
      </trkpt>
      <trkpt lat="33.59238" lon="-117.77028">
        <ele>131.48</ele>
        <time>2026-05-23T17:44:04Z</time>
      </trkpt>
      <trkpt lat="33.59235" lon="-117.77026">
        <ele>130.16</ele>
        <time>2026-05-23T17:44:07Z</time>
      </trkpt>
      <trkpt lat="33.59233" lon="-117.77024">
        <ele>129.29</ele>
        <time>2026-05-23T17:44:11Z</time>
      </trkpt>
      <trkpt lat="33.5923" lon="-117.77022">
        <ele>127.74</ele>
        <time>2026-05-23T17:44:16Z</time>
      </trkpt>
      <trkpt lat="33.59228" lon="-117.77019">
        <ele>127.37</ele>
        <time>2026-05-23T17:44:22Z</time>
      </trkpt>
      <trkpt lat="33.59226" lon="-117.77017">
        <ele>127.03</ele>
        <time>2026-05-23T17:44:27Z</time>
      </trkpt>
      <trkpt lat="33.59224" lon="-117.77015">
        <ele>126.6</ele>
        <time>2026-05-23T17:44:32Z</time>
      </trkpt>
      <trkpt lat="33.59222" lon="-117.77012">
        <ele>126.3</ele>
        <time>2026-05-23T17:44:37Z</time>
      </trkpt>
      <trkpt lat="33.5922" lon="-117.7701">
        <ele>125.84</ele>
        <time>2026-05-23T17:44:41Z</time>
      </trkpt>
      <trkpt lat="33.59217" lon="-117.77007">
        <ele>125.13</ele>
        <time>2026-05-23T17:44:45Z</time>
      </trkpt>
      <trkpt lat="33.59215" lon="-117.77004">
        <ele>124.89</ele>
        <time>2026-05-23T17:44:48Z</time>
      </trkpt>
      <trkpt lat="33.59214" lon="-117.77">
        <ele>125.34</ele>
        <time>2026-05-23T17:44:51Z</time>
      </trkpt>
      <trkpt lat="33.59212" lon="-117.76997">
        <ele>123.87</ele>
        <time>2026-05-23T17:44:54Z</time>
      </trkpt>
      <trkpt lat="33.5921" lon="-117.76994">
        <ele>122.31</ele>
        <time>2026-05-23T17:44:59Z</time>
      </trkpt>
      <trkpt lat="33.59208" lon="-117.76991">
        <ele>120.9</ele>
        <time>2026-05-23T17:45:03Z</time>
      </trkpt>
      <trkpt lat="33.59208" lon="-117.76988">
        <ele>120.54</ele>
        <time>2026-05-23T17:45:07Z</time>
      </trkpt>
      <trkpt lat="33.59207" lon="-117.76984">
        <ele>119.49</ele>
        <time>2026-05-23T17:45:12Z</time>
      </trkpt>
      <trkpt lat="33.59206" lon="-117.76981">
        <ele>118.61</ele>
        <time>2026-05-23T17:45:16Z</time>
      </trkpt>
      <trkpt lat="33.59205" lon="-117.76977">
        <ele>119.09</ele>
        <time>2026-05-23T17:45:20Z</time>
      </trkpt>
      <trkpt lat="33.59203" lon="-117.76974">
        <ele>119.12</ele>
        <time>2026-05-23T17:45:23Z</time>
      </trkpt>
      <trkpt lat="33.59202" lon="-117.76971">
        <ele>119.15</ele>
        <time>2026-05-23T17:45:26Z</time>
      </trkpt>
      <trkpt lat="33.59201" lon="-117.76968">
        <ele>118.94</ele>
        <time>2026-05-23T17:45:29Z</time>
      </trkpt>
      <trkpt lat="33.59199" lon="-117.76965">
        <ele>118.65</ele>
        <time>2026-05-23T17:45:32Z</time>
      </trkpt>
      <trkpt lat="33.59198" lon="-117.76962">
        <ele>119.26</ele>
        <time>2026-05-23T17:45:35Z</time>
      </trkpt>
      <trkpt lat="33.59197" lon="-117.76959">
        <ele>120.5</ele>
        <time>2026-05-23T17:45:38Z</time>
      </trkpt>
      <trkpt lat="33.59195" lon="-117.76956">
        <ele>121.22</ele>
        <time>2026-05-23T17:45:42Z</time>
      </trkpt>
      <trkpt lat="33.59192" lon="-117.76957">
        <ele>119.71</ele>
        <time>2026-05-23T17:45:47Z</time>
      </trkpt>
      <trkpt lat="33.59189" lon="-117.76956">
        <ele>118.95</ele>
        <time>2026-05-23T17:45:51Z</time>
      </trkpt>
      <trkpt lat="33.59186" lon="-117.76955">
        <ele>118.05</ele>
        <time>2026-05-23T17:45:53Z</time>
      </trkpt>
      <trkpt lat="33.59183" lon="-117.76954">
        <ele>116.78</ele>
        <time>2026-05-23T17:45:55Z</time>
      </trkpt>
      <trkpt lat="33.5918" lon="-117.76951">
        <ele>115.95</ele>
        <time>2026-05-23T17:45:58Z</time>
      </trkpt>
      <trkpt lat="33.59178" lon="-117.76949">
        <ele>115.53</ele>
        <time>2026-05-23T17:46:01Z</time>
      </trkpt>
      <trkpt lat="33.59176" lon="-117.76945">
        <ele>115.85</ele>
        <time>2026-05-23T17:46:05Z</time>
      </trkpt>
      <trkpt lat="33.59175" lon="-117.76942">
        <ele>115.74</ele>
        <time>2026-05-23T17:46:07Z</time>
      </trkpt>
      <trkpt lat="33.59174" lon="-117.76938">
        <ele>115.51</ele>
        <time>2026-05-23T17:46:09Z</time>
      </trkpt>
      <trkpt lat="33.59173" lon="-117.76934">
        <ele>115.19</ele>
        <time>2026-05-23T17:46:11Z</time>
      </trkpt>
      <trkpt lat="33.59171" lon="-117.76931">
        <ele>114.02</ele>
        <time>2026-05-23T17:46:13Z</time>
      </trkpt>
      <trkpt lat="33.59169" lon="-117.76928">
        <ele>112.71</ele>
        <time>2026-05-23T17:46:16Z</time>
      </trkpt>
      <trkpt lat="33.59168" lon="-117.76924">
        <ele>112.84</ele>
        <time>2026-05-23T17:46:19Z</time>
      </trkpt>
      <trkpt lat="33.59166" lon="-117.76921">
        <ele>113.0</ele>
        <time>2026-05-23T17:46:22Z</time>
      </trkpt>
      <trkpt lat="33.59165" lon="-117.76918">
        <ele>113.71</ele>
        <time>2026-05-23T17:46:25Z</time>
      </trkpt>
      <trkpt lat="33.59165" lon="-117.76915">
        <ele>114.13</ele>
        <time>2026-05-23T17:46:28Z</time>
      </trkpt>
      <trkpt lat="33.59165" lon="-117.76912">
        <ele>114.19</ele>
        <time>2026-05-23T17:46:31Z</time>
      </trkpt>
      <trkpt lat="33.59164" lon="-117.76908">
        <ele>113.83</ele>
        <time>2026-05-23T17:46:34Z</time>
      </trkpt>
      <trkpt lat="33.59162" lon="-117.76905">
        <ele>114.02</ele>
        <time>2026-05-23T17:46:37Z</time>
      </trkpt>
      <trkpt lat="33.59161" lon="-117.76902">
        <ele>114.76</ele>
        <time>2026-05-23T17:46:40Z</time>
      </trkpt>
      <trkpt lat="33.59158" lon="-117.769">
        <ele>113.76</ele>
        <time>2026-05-23T17:46:43Z</time>
      </trkpt>
      <trkpt lat="33.59156" lon="-117.76898">
        <ele>113.75</ele>
        <time>2026-05-23T17:46:46Z</time>
      </trkpt>
      <trkpt lat="33.59152" lon="-117.76897">
        <ele>113.11</ele>
        <time>2026-05-23T17:46:50Z</time>
      </trkpt>
      <trkpt lat="33.5915" lon="-117.76894">
        <ele>113.12</ele>
        <time>2026-05-23T17:46:53Z</time>
      </trkpt>
      <trkpt lat="33.59147" lon="-117.76891">
        <ele>112.4</ele>
        <time>2026-05-23T17:46:56Z</time>
      </trkpt>
      <trkpt lat="33.59145" lon="-117.76889">
        <ele>111.97</ele>
        <time>2026-05-23T17:46:59Z</time>
      </trkpt>
      <trkpt lat="33.59143" lon="-117.76886">
        <ele>112.06</ele>
        <time>2026-05-23T17:47:02Z</time>
      </trkpt>
      <trkpt lat="33.5914" lon="-117.76884">
        <ele>111.08</ele>
        <time>2026-05-23T17:47:05Z</time>
      </trkpt>
      <trkpt lat="33.59138" lon="-117.76881">
        <ele>110.47</ele>
        <time>2026-05-23T17:47:08Z</time>
      </trkpt>
      <trkpt lat="33.59136" lon="-117.76879">
        <ele>110.03</ele>
        <time>2026-05-23T17:47:11Z</time>
      </trkpt>
      <trkpt lat="33.59134" lon="-117.76877">
        <ele>109.86</ele>
        <time>2026-05-23T17:47:14Z</time>
      </trkpt>
      <trkpt lat="33.59132" lon="-117.76874">
        <ele>109.71</ele>
        <time>2026-05-23T17:47:17Z</time>
      </trkpt>
      <trkpt lat="33.59129" lon="-117.76872">
        <ele>108.52</ele>
        <time>2026-05-23T17:47:20Z</time>
      </trkpt>
      <trkpt lat="33.59127" lon="-117.7687">
        <ele>108.23</ele>
        <time>2026-05-23T17:47:23Z</time>
      </trkpt>
      <trkpt lat="33.59125" lon="-117.76868">
        <ele>108.01</ele>
        <time>2026-05-23T17:47:26Z</time>
      </trkpt>
      <trkpt lat="33.59122" lon="-117.76866">
        <ele>107.47</ele>
        <time>2026-05-23T17:47:29Z</time>
      </trkpt>
      <trkpt lat="33.5912" lon="-117.76863">
        <ele>107.58</ele>
        <time>2026-05-23T17:47:32Z</time>
      </trkpt>
      <trkpt lat="33.59117" lon="-117.76861">
        <ele>108.02</ele>
        <time>2026-05-23T17:47:35Z</time>
      </trkpt>
      <trkpt lat="33.59115" lon="-117.76858">
        <ele>108.42</ele>
        <time>2026-05-23T17:47:38Z</time>
      </trkpt>
      <trkpt lat="33.59113" lon="-117.76856">
        <ele>108.34</ele>
        <time>2026-05-23T17:47:41Z</time>
      </trkpt>
      <trkpt lat="33.59111" lon="-117.76853">
        <ele>107.94</ele>
        <time>2026-05-23T17:47:44Z</time>
      </trkpt>
      <trkpt lat="33.59109" lon="-117.7685">
        <ele>106.6</ele>
        <time>2026-05-23T17:47:48Z</time>
      </trkpt>
      <trkpt lat="33.59109" lon="-117.76847">
        <ele>106.17</ele>
        <time>2026-05-23T17:47:52Z</time>
      </trkpt>
      <trkpt lat="33.59108" lon="-117.76843">
        <ele>105.37</ele>
        <time>2026-05-23T17:47:56Z</time>
      </trkpt>
      <trkpt lat="33.59107" lon="-117.7684">
        <ele>105.08</ele>
        <time>2026-05-23T17:48:00Z</time>
      </trkpt>
      <trkpt lat="33.59107" lon="-117.76837">
        <ele>105.04</ele>
        <time>2026-05-23T17:48:04Z</time>
      </trkpt>
      <trkpt lat="33.59107" lon="-117.76833">
        <ele>104.97</ele>
        <time>2026-05-23T17:48:09Z</time>
      </trkpt>
      <trkpt lat="33.59106" lon="-117.76829">
        <ele>104.43</ele>
        <time>2026-05-23T17:48:14Z</time>
      </trkpt>
      <trkpt lat="33.59105" lon="-117.76826">
        <ele>103.7</ele>
        <time>2026-05-23T17:48:19Z</time>
      </trkpt>
      <trkpt lat="33.59104" lon="-117.76822">
        <ele>103.08</ele>
        <time>2026-05-23T17:48:24Z</time>
      </trkpt>
      <trkpt lat="33.59104" lon="-117.76819">
        <ele>103.31</ele>
        <time>2026-05-23T17:48:29Z</time>
      </trkpt>
      <trkpt lat="33.59101" lon="-117.76816">
        <ele>102.13</ele>
        <time>2026-05-23T17:48:37Z</time>
      </trkpt>
      <trkpt lat="33.59099" lon="-117.76812">
        <ele>103.06</ele>
        <time>2026-05-23T17:48:41Z</time>
      </trkpt>
      <trkpt lat="33.59096" lon="-117.76811">
        <ele>102.98</ele>
        <time>2026-05-23T17:48:43Z</time>
      </trkpt>
      <trkpt lat="33.59093" lon="-117.7681">
        <ele>102.55</ele>
        <time>2026-05-23T17:48:45Z</time>
      </trkpt>
      <trkpt lat="33.59091" lon="-117.76808">
        <ele>102.66</ele>
        <time>2026-05-23T17:48:47Z</time>
      </trkpt>
      <trkpt lat="33.59088" lon="-117.76805">
        <ele>102.44</ele>
        <time>2026-05-23T17:48:50Z</time>
      </trkpt>
      <trkpt lat="33.59087" lon="-117.76801">
        <ele>101.91</ele>
        <time>2026-05-23T17:48:53Z</time>
      </trkpt>
      <trkpt lat="33.59085" lon="-117.76798">
        <ele>100.96</ele>
        <time>2026-05-23T17:48:56Z</time>
      </trkpt>
      <trkpt lat="33.59084" lon="-117.76794">
        <ele>100.23</ele>
        <time>2026-05-23T17:48:59Z</time>
      </trkpt>
      <trkpt lat="33.59083" lon="-117.7679">
        <ele>100.1</ele>
        <time>2026-05-23T17:49:02Z</time>
      </trkpt>
      <trkpt lat="33.59082" lon="-117.76787">
        <ele>100.29</ele>
        <time>2026-05-23T17:49:05Z</time>
      </trkpt>
      <trkpt lat="33.5908" lon="-117.76783">
        <ele>100.84</ele>
        <time>2026-05-23T17:49:09Z</time>
      </trkpt>
      <trkpt lat="33.59078" lon="-117.7678">
        <ele>101.04</ele>
        <time>2026-05-23T17:49:13Z</time>
      </trkpt>
      <trkpt lat="33.59076" lon="-117.76777">
        <ele>100.9</ele>
        <time>2026-05-23T17:49:17Z</time>
      </trkpt>
      <trkpt lat="33.59073" lon="-117.76774">
        <ele>100.16</ele>
        <time>2026-05-23T17:49:21Z</time>
      </trkpt>
      <trkpt lat="33.59071" lon="-117.76773">
        <ele>99.98</ele>
        <time>2026-05-23T17:49:25Z</time>
      </trkpt>
      <trkpt lat="33.59068" lon="-117.76773">
        <ele>99.99</ele>
        <time>2026-05-23T17:49:29Z</time>
      </trkpt>
      <trkpt lat="33.59065" lon="-117.76774">
        <ele>100.0</ele>
        <time>2026-05-23T17:49:33Z</time>
      </trkpt>
      <trkpt lat="33.59062" lon="-117.76774">
        <ele>99.75</ele>
        <time>2026-05-23T17:49:35Z</time>
      </trkpt>
      <trkpt lat="33.59059" lon="-117.76774">
        <ele>99.49</ele>
        <time>2026-05-23T17:49:37Z</time>
      </trkpt>
      <trkpt lat="33.59055" lon="-117.76774">
        <ele>99.11</ele>
        <time>2026-05-23T17:49:40Z</time>
      </trkpt>
      <trkpt lat="33.59052" lon="-117.76774">
        <ele>98.73</ele>
        <time>2026-05-23T17:49:43Z</time>
      </trkpt>
      <trkpt lat="33.59048" lon="-117.76775">
        <ele>98.26</ele>
        <time>2026-05-23T17:49:46Z</time>
      </trkpt>
      <trkpt lat="33.59045" lon="-117.76775">
        <ele>97.99</ele>
        <time>2026-05-23T17:49:50Z</time>
      </trkpt>
      <trkpt lat="33.59042" lon="-117.76775">
        <ele>97.95</ele>
        <time>2026-05-23T17:49:54Z</time>
      </trkpt>
      <trkpt lat="33.59039" lon="-117.76775">
        <ele>97.92</ele>
        <time>2026-05-23T17:49:58Z</time>
      </trkpt>
      <trkpt lat="33.59035" lon="-117.76775">
        <ele>97.68</ele>
        <time>2026-05-23T17:50:02Z</time>
      </trkpt>
      <trkpt lat="33.59032" lon="-117.76776">
        <ele>97.03</ele>
        <time>2026-05-23T17:50:06Z</time>
      </trkpt>
      <trkpt lat="33.59029" lon="-117.76776">
        <ele>96.71</ele>
        <time>2026-05-23T17:50:17Z</time>
      </trkpt>
      <trkpt lat="33.59029" lon="-117.76773">
        <ele>97.68</ele>
        <time>2026-05-23T17:50:20Z</time>
      </trkpt>
      <trkpt lat="33.59026" lon="-117.7677">
        <ele>98.33</ele>
        <time>2026-05-23T17:50:24Z</time>
      </trkpt>
      <trkpt lat="33.59024" lon="-117.76771">
        <ele>97.79</ele>
        <time>2026-05-23T17:50:28Z</time>
      </trkpt>
      <trkpt lat="33.59021" lon="-117.76772">
        <ele>97.14</ele>
        <time>2026-05-23T17:50:31Z</time>
      </trkpt>
      <trkpt lat="33.59017" lon="-117.76773">
        <ele>96.54</ele>
        <time>2026-05-23T17:50:33Z</time>
      </trkpt>
      <trkpt lat="33.59014" lon="-117.76773">
        <ele>96.53</ele>
        <time>2026-05-23T17:50:35Z</time>
      </trkpt>
      <trkpt lat="33.59011" lon="-117.76773">
        <ele>96.52</ele>
        <time>2026-05-23T17:50:37Z</time>
      </trkpt>
      <trkpt lat="33.59007" lon="-117.76772">
        <ele>97.3</ele>
        <time>2026-05-23T17:50:40Z</time>
      </trkpt>
      <trkpt lat="33.59005" lon="-117.7677">
        <ele>97.91</ele>
        <time>2026-05-23T17:50:42Z</time>
      </trkpt>
      <trkpt lat="33.59003" lon="-117.76767">
        <ele>97.91</ele>
        <time>2026-05-23T17:50:44Z</time>
      </trkpt>
      <trkpt lat="33.59002" lon="-117.76763">
        <ele>96.7</ele>
        <time>2026-05-23T17:50:46Z</time>
      </trkpt>
      <trkpt lat="33.59002" lon="-117.76759">
        <ele>95.44</ele>
        <time>2026-05-23T17:50:48Z</time>
      </trkpt>
      <trkpt lat="33.59001" lon="-117.76756">
        <ele>95.29</ele>
        <time>2026-05-23T17:50:50Z</time>
      </trkpt>
      <trkpt lat="33.59" lon="-117.76752">
        <ele>95.0</ele>
        <time>2026-05-23T17:50:53Z</time>
      </trkpt>
      <trkpt lat="33.58999" lon="-117.76748">
        <ele>95.34</ele>
        <time>2026-05-23T17:50:56Z</time>
      </trkpt>
      <trkpt lat="33.58997" lon="-117.76744">
        <ele>95.46</ele>
        <time>2026-05-23T17:50:59Z</time>
      </trkpt>
      <trkpt lat="33.58996" lon="-117.76741">
        <ele>95.26</ele>
        <time>2026-05-23T17:51:02Z</time>
      </trkpt>
      <trkpt lat="33.58994" lon="-117.76737">
        <ele>95.76</ele>
        <time>2026-05-23T17:51:05Z</time>
      </trkpt>
      <trkpt lat="33.58992" lon="-117.76734">
        <ele>95.83</ele>
        <time>2026-05-23T17:51:08Z</time>
      </trkpt>
      <trkpt lat="33.58991" lon="-117.76731">
        <ele>96.24</ele>
        <time>2026-05-23T17:51:11Z</time>
      </trkpt>
      <trkpt lat="33.58989" lon="-117.76728">
        <ele>96.31</ele>
        <time>2026-05-23T17:51:14Z</time>
      </trkpt>
      <trkpt lat="33.58986" lon="-117.76725">
        <ele>96.02</ele>
        <time>2026-05-23T17:51:17Z</time>
      </trkpt>
      <trkpt lat="33.58984" lon="-117.76722">
        <ele>95.81</ele>
        <time>2026-05-23T17:51:20Z</time>
      </trkpt>
      <trkpt lat="33.58982" lon="-117.76719">
        <ele>95.15</ele>
        <time>2026-05-23T17:51:23Z</time>
      </trkpt>
      <trkpt lat="33.5898" lon="-117.76716">
        <ele>94.41</ele>
        <time>2026-05-23T17:51:26Z</time>
      </trkpt>
      <trkpt lat="33.58978" lon="-117.76713">
        <ele>93.5</ele>
        <time>2026-05-23T17:51:29Z</time>
      </trkpt>
      <trkpt lat="33.58976" lon="-117.7671">
        <ele>92.69</ele>
        <time>2026-05-23T17:51:32Z</time>
      </trkpt>
      <trkpt lat="33.58974" lon="-117.76707">
        <ele>92.16</ele>
        <time>2026-05-23T17:51:35Z</time>
      </trkpt>
      <trkpt lat="33.58975" lon="-117.76704">
        <ele>92.59</ele>
        <time>2026-05-23T17:51:38Z</time>
      </trkpt>
      <trkpt lat="33.58975" lon="-117.767">
        <ele>92.6</ele>
        <time>2026-05-23T17:51:41Z</time>
      </trkpt>
      <trkpt lat="33.58975" lon="-117.76697">
        <ele>92.6</ele>
        <time>2026-05-23T17:51:44Z</time>
      </trkpt>
      <trkpt lat="33.58974" lon="-117.76693">
        <ele>92.57</ele>
        <time>2026-05-23T17:51:47Z</time>
      </trkpt>
      <trkpt lat="33.58974" lon="-117.76689">
        <ele>93.08</ele>
        <time>2026-05-23T17:51:50Z</time>
      </trkpt>
      <trkpt lat="33.58973" lon="-117.76686">
        <ele>93.16</ele>
        <time>2026-05-23T17:51:53Z</time>
      </trkpt>
      <trkpt lat="33.58972" lon="-117.76682">
        <ele>93.28</ele>
        <time>2026-05-23T17:51:56Z</time>
      </trkpt>
      <trkpt lat="33.5897" lon="-117.76679">
        <ele>92.87</ele>
        <time>2026-05-23T17:51:59Z</time>
      </trkpt>
      <trkpt lat="33.58968" lon="-117.76675">
        <ele>92.28</ele>
        <time>2026-05-23T17:52:02Z</time>
      </trkpt>
      <trkpt lat="33.58967" lon="-117.76672">
        <ele>92.17</ele>
        <time>2026-05-23T17:52:05Z</time>
      </trkpt>
      <trkpt lat="33.58965" lon="-117.76669">
        <ele>91.63</ele>
        <time>2026-05-23T17:52:08Z</time>
      </trkpt>
      <trkpt lat="33.58963" lon="-117.76665">
        <ele>91.2</ele>
        <time>2026-05-23T17:52:11Z</time>
      </trkpt>
      <trkpt lat="33.58961" lon="-117.76662">
        <ele>91.4</ele>
        <time>2026-05-23T17:52:14Z</time>
      </trkpt>
      <trkpt lat="33.5896" lon="-117.76659">
        <ele>91.56</ele>
        <time>2026-05-23T17:52:17Z</time>
      </trkpt>
      <trkpt lat="33.58959" lon="-117.76655">
        <ele>91.5</ele>
        <time>2026-05-23T17:52:20Z</time>
      </trkpt>
      <trkpt lat="33.58957" lon="-117.76652">
        <ele>90.81</ele>
        <time>2026-05-23T17:52:23Z</time>
      </trkpt>
      <trkpt lat="33.58956" lon="-117.76649">
        <ele>90.11</ele>
        <time>2026-05-23T17:52:26Z</time>
      </trkpt>
      <trkpt lat="33.58954" lon="-117.76646">
        <ele>89.15</ele>
        <time>2026-05-23T17:52:29Z</time>
      </trkpt>
      <trkpt lat="33.58952" lon="-117.76649">
        <ele>89.89</ele>
        <time>2026-05-23T17:52:34Z</time>
      </trkpt>
      <trkpt lat="33.5895" lon="-117.76646">
        <ele>90.51</ele>
        <time>2026-05-23T17:52:41Z</time>
      </trkpt>
      <trkpt lat="33.58949" lon="-117.76643">
        <ele>90.75</ele>
        <time>2026-05-23T17:52:44Z</time>
      </trkpt>
      <trkpt lat="33.58948" lon="-117.76639">
        <ele>90.86</ele>
        <time>2026-05-23T17:52:47Z</time>
      </trkpt>
      <trkpt lat="33.58947" lon="-117.76636">
        <ele>90.81</ele>
        <time>2026-05-23T17:52:50Z</time>
      </trkpt>
      <trkpt lat="33.58945" lon="-117.76633">
        <ele>90.66</ele>
        <time>2026-05-23T17:52:54Z</time>
      </trkpt>
      <trkpt lat="33.58943" lon="-117.76629">
        <ele>90.15</ele>
        <time>2026-05-23T17:52:58Z</time>
      </trkpt>
      <trkpt lat="33.58942" lon="-117.76627">
        <ele>90.19</ele>
        <time>2026-05-23T17:53:01Z</time>
      </trkpt>
      <trkpt lat="33.5894" lon="-117.76624">
        <ele>90.19</ele>
        <time>2026-05-23T17:53:05Z</time>
      </trkpt>
      <trkpt lat="33.58936" lon="-117.76622">
        <ele>90.16</ele>
        <time>2026-05-23T17:53:08Z</time>
      </trkpt>
      <trkpt lat="33.58932" lon="-117.76621">
        <ele>90.09</ele>
        <time>2026-05-23T17:53:10Z</time>
      </trkpt>
      <trkpt lat="33.58929" lon="-117.7662">
        <ele>89.89</ele>
        <time>2026-05-23T17:53:13Z</time>
      </trkpt>
      <trkpt lat="33.58926" lon="-117.76619">
        <ele>89.56</ele>
        <time>2026-05-23T17:53:15Z</time>
      </trkpt>
      <trkpt lat="33.58922" lon="-117.76618">
        <ele>89.55</ele>
        <time>2026-05-23T17:53:18Z</time>
      </trkpt>
      <trkpt lat="33.58919" lon="-117.76616">
        <ele>88.98</ele>
        <time>2026-05-23T17:53:21Z</time>
      </trkpt>
      <trkpt lat="33.58916" lon="-117.76614">
        <ele>88.41</ele>
        <time>2026-05-23T17:53:24Z</time>
      </trkpt>
      <trkpt lat="33.58912" lon="-117.76613">
        <ele>88.93</ele>
        <time>2026-05-23T17:53:27Z</time>
      </trkpt>
      <trkpt lat="33.58909" lon="-117.76611">
        <ele>88.64</ele>
        <time>2026-05-23T17:53:30Z</time>
      </trkpt>
      <trkpt lat="33.58906" lon="-117.76608">
        <ele>88.99</ele>
        <time>2026-05-23T17:53:33Z</time>
      </trkpt>
      <trkpt lat="33.58903" lon="-117.76606">
        <ele>89.75</ele>
        <time>2026-05-23T17:53:36Z</time>
      </trkpt>
      <trkpt lat="33.589" lon="-117.76604">
        <ele>90.24</ele>
        <time>2026-05-23T17:53:39Z</time>
      </trkpt>
      <trkpt lat="33.58897" lon="-117.76602">
        <ele>90.81</ele>
        <time>2026-05-23T17:53:43Z</time>
      </trkpt>
      <trkpt lat="33.58894" lon="-117.766">
        <ele>92.09</ele>
        <time>2026-05-23T17:53:46Z</time>
      </trkpt>
      <trkpt lat="33.58892" lon="-117.76597">
        <ele>92.41</ele>
        <time>2026-05-23T17:53:50Z</time>
      </trkpt>
      <trkpt lat="33.5889" lon="-117.76594">
        <ele>92.74</ele>
        <time>2026-05-23T17:53:54Z</time>
      </trkpt>
      <trkpt lat="33.58892" lon="-117.76591">
        <ele>90.53</ele>
        <time>2026-05-23T17:53:58Z</time>
      </trkpt>
      <trkpt lat="33.58894" lon="-117.76589">
        <ele>88.99</ele>
        <time>2026-05-23T17:54:02Z</time>
      </trkpt>
      <trkpt lat="33.58893" lon="-117.76585">
        <ele>88.51</ele>
        <time>2026-05-23T17:54:07Z</time>
      </trkpt>
      <trkpt lat="33.58892" lon="-117.76582">
        <ele>88.14</ele>
        <time>2026-05-23T17:54:11Z</time>
      </trkpt>
      <trkpt lat="33.5889" lon="-117.76579">
        <ele>87.94</ele>
        <time>2026-05-23T17:54:14Z</time>
      </trkpt>
      <trkpt lat="33.58887" lon="-117.76577">
        <ele>87.76</ele>
        <time>2026-05-23T17:54:17Z</time>
      </trkpt>
      <trkpt lat="33.58885" lon="-117.76574">
        <ele>87.0</ele>
        <time>2026-05-23T17:54:20Z</time>
      </trkpt>
      <trkpt lat="33.58882" lon="-117.76572">
        <ele>87.11</ele>
        <time>2026-05-23T17:54:23Z</time>
      </trkpt>
      <trkpt lat="33.58879" lon="-117.7657">
        <ele>87.45</ele>
        <time>2026-05-23T17:54:26Z</time>
      </trkpt>
      <trkpt lat="33.58875" lon="-117.76567">
        <ele>87.5</ele>
        <time>2026-05-23T17:54:29Z</time>
      </trkpt>
      <trkpt lat="33.58872" lon="-117.76566">
        <ele>87.26</ele>
        <time>2026-05-23T17:54:31Z</time>
      </trkpt>
      <trkpt lat="33.58868" lon="-117.76565">
        <ele>87.01</ele>
        <time>2026-05-23T17:54:33Z</time>
      </trkpt>
      <trkpt lat="33.58865" lon="-117.76564">
        <ele>86.77</ele>
        <time>2026-05-23T17:54:35Z</time>
      </trkpt>
      <trkpt lat="33.58861" lon="-117.76562">
        <ele>86.08</ele>
        <time>2026-05-23T17:54:38Z</time>
      </trkpt>
      <trkpt lat="33.58858" lon="-117.76562">
        <ele>85.85</ele>
        <time>2026-05-23T17:54:41Z</time>
      </trkpt>
      <trkpt lat="33.58855" lon="-117.76564">
        <ele>86.13</ele>
        <time>2026-05-23T17:54:44Z</time>
      </trkpt>
      <trkpt lat="33.58852" lon="-117.76565">
        <ele>86.06</ele>
        <time>2026-05-23T17:54:47Z</time>
      </trkpt>
      <trkpt lat="33.58849" lon="-117.76566">
        <ele>86.3</ele>
        <time>2026-05-23T17:54:50Z</time>
      </trkpt>
      <trkpt lat="33.58846" lon="-117.76565">
        <ele>86.05</ele>
        <time>2026-05-23T17:54:53Z</time>
      </trkpt>
      <trkpt lat="33.58843" lon="-117.76564">
        <ele>85.91</ele>
        <time>2026-05-23T17:54:56Z</time>
      </trkpt>
      <trkpt lat="33.58839" lon="-117.76564">
        <ele>85.59</ele>
        <time>2026-05-23T17:54:59Z</time>
      </trkpt>
      <trkpt lat="33.58835" lon="-117.76563">
        <ele>85.31</ele>
        <time>2026-05-23T17:55:02Z</time>
      </trkpt>
      <trkpt lat="33.58832" lon="-117.76563">
        <ele>85.28</ele>
        <time>2026-05-23T17:55:05Z</time>
      </trkpt>
      <trkpt lat="33.58828" lon="-117.76561">
        <ele>85.51</ele>
        <time>2026-05-23T17:55:08Z</time>
      </trkpt>
      <trkpt lat="33.58825" lon="-117.7656">
        <ele>85.48</ele>
        <time>2026-05-23T17:55:11Z</time>
      </trkpt>
      <trkpt lat="33.58821" lon="-117.76558">
        <ele>85.35</ele>
        <time>2026-05-23T17:55:14Z</time>
      </trkpt>
      <trkpt lat="33.58818" lon="-117.76557">
        <ele>85.26</ele>
        <time>2026-05-23T17:55:17Z</time>
      </trkpt>
      <trkpt lat="33.58814" lon="-117.76556">
        <ele>85.1</ele>
        <time>2026-05-23T17:55:20Z</time>
      </trkpt>
      <trkpt lat="33.58811" lon="-117.76555">
        <ele>85.0</ele>
        <time>2026-05-23T17:55:23Z</time>
      </trkpt>
      <trkpt lat="33.58808" lon="-117.76554">
        <ele>85.0</ele>
        <time>2026-05-23T17:55:26Z</time>
      </trkpt>
      <trkpt lat="33.58804" lon="-117.76553">
        <ele>85.24</ele>
        <time>2026-05-23T17:55:29Z</time>
      </trkpt>
      <trkpt lat="33.58801" lon="-117.76551">
        <ele>85.5</ele>
        <time>2026-05-23T17:55:32Z</time>
      </trkpt>
      <trkpt lat="33.58798" lon="-117.7655">
        <ele>85.65</ele>
        <time>2026-05-23T17:55:35Z</time>
      </trkpt>
      <trkpt lat="33.58795" lon="-117.76549">
        <ele>85.44</ele>
        <time>2026-05-23T17:55:38Z</time>
      </trkpt>
      <trkpt lat="33.58791" lon="-117.76548">
        <ele>84.8</ele>
        <time>2026-05-23T17:55:41Z</time>
      </trkpt>
      <trkpt lat="33.58788" lon="-117.76547">
        <ele>84.26</ele>
        <time>2026-05-23T17:55:44Z</time>
      </trkpt>
      <trkpt lat="33.58785" lon="-117.76546">
        <ele>84.21</ele>
        <time>2026-05-23T17:55:47Z</time>
      </trkpt>
      <trkpt lat="33.58782" lon="-117.76545">
        <ele>84.47</ele>
        <time>2026-05-23T17:55:50Z</time>
      </trkpt>
      <trkpt lat="33.58778" lon="-117.76543">
        <ele>84.63</ele>
        <time>2026-05-23T17:55:53Z</time>
      </trkpt>
      <trkpt lat="33.58775" lon="-117.76542">
        <ele>84.54</ele>
        <time>2026-05-23T17:55:56Z</time>
      </trkpt>
      <trkpt lat="33.58772" lon="-117.76541">
        <ele>84.43</ele>
        <time>2026-05-23T17:55:59Z</time>
      </trkpt>
      <trkpt lat="33.58769" lon="-117.76539">
        <ele>84.21</ele>
        <time>2026-05-23T17:56:02Z</time>
      </trkpt>
      <trkpt lat="33.58766" lon="-117.76538">
        <ele>84.1</ele>
        <time>2026-05-23T17:56:05Z</time>
      </trkpt>
      <trkpt lat="33.58763" lon="-117.76537">
        <ele>84.0</ele>
        <time>2026-05-23T17:56:08Z</time>
      </trkpt>
      <trkpt lat="33.58759" lon="-117.76535">
        <ele>84.02</ele>
        <time>2026-05-23T17:56:11Z</time>
      </trkpt>
      <trkpt lat="33.58756" lon="-117.76533">
        <ele>84.2</ele>
        <time>2026-05-23T17:56:14Z</time>
      </trkpt>
      <trkpt lat="33.58753" lon="-117.7653">
        <ele>84.16</ele>
        <time>2026-05-23T17:56:17Z</time>
      </trkpt>
      <trkpt lat="33.5875" lon="-117.76529">
        <ele>84.13</ele>
        <time>2026-05-23T17:56:20Z</time>
      </trkpt>
      <trkpt lat="33.58747" lon="-117.76528">
        <ele>84.02</ele>
        <time>2026-05-23T17:56:23Z</time>
      </trkpt>
      <trkpt lat="33.58744" lon="-117.76527">
        <ele>83.94</ele>
        <time>2026-05-23T17:56:26Z</time>
      </trkpt>
      <trkpt lat="33.58741" lon="-117.76526">
        <ele>83.99</ele>
        <time>2026-05-23T17:56:29Z</time>
      </trkpt>
      <trkpt lat="33.58737" lon="-117.76525">
        <ele>83.88</ele>
        <time>2026-05-23T17:56:32Z</time>
      </trkpt>
      <trkpt lat="33.58734" lon="-117.76524">
        <ele>83.7</ele>
        <time>2026-05-23T17:56:35Z</time>
      </trkpt>
      <trkpt lat="33.58731" lon="-117.76522">
        <ele>83.41</ele>
        <time>2026-05-23T17:56:38Z</time>
      </trkpt>
      <trkpt lat="33.58728" lon="-117.7652">
        <ele>83.48</ele>
        <time>2026-05-23T17:56:41Z</time>
      </trkpt>
      <trkpt lat="33.58725" lon="-117.76518">
        <ele>83.63</ele>
        <time>2026-05-23T17:56:44Z</time>
      </trkpt>
      <trkpt lat="33.58722" lon="-117.76517">
        <ele>83.82</ele>
        <time>2026-05-23T17:56:47Z</time>
      </trkpt>
      <trkpt lat="33.58718" lon="-117.76515">
        <ele>83.34</ele>
        <time>2026-05-23T17:56:50Z</time>
      </trkpt>
      <trkpt lat="33.58715" lon="-117.76513">
        <ele>83.09</ele>
        <time>2026-05-23T17:56:53Z</time>
      </trkpt>
      <trkpt lat="33.58712" lon="-117.76511">
        <ele>83.0</ele>
        <time>2026-05-23T17:56:56Z</time>
      </trkpt>
      <trkpt lat="33.58709" lon="-117.76509">
        <ele>82.99</ele>
        <time>2026-05-23T17:56:59Z</time>
      </trkpt>
      <trkpt lat="33.58706" lon="-117.76507">
        <ele>82.82</ele>
        <time>2026-05-23T17:57:02Z</time>
      </trkpt>
      <trkpt lat="33.58703" lon="-117.76505">
        <ele>82.57</ele>
        <time>2026-05-23T17:57:05Z</time>
      </trkpt>
      <trkpt lat="33.587" lon="-117.76503">
        <ele>82.59</ele>
        <time>2026-05-23T17:57:08Z</time>
      </trkpt>
      <trkpt lat="33.58697" lon="-117.76501">
        <ele>82.75</ele>
        <time>2026-05-23T17:57:11Z</time>
      </trkpt>
      <trkpt lat="33.58694" lon="-117.76499">
        <ele>82.89</ele>
        <time>2026-05-23T17:57:14Z</time>
      </trkpt>
      <trkpt lat="33.58692" lon="-117.76496">
        <ele>82.57</ele>
        <time>2026-05-23T17:57:19Z</time>
      </trkpt>
      <trkpt lat="33.5869" lon="-117.76493">
        <ele>82.24</ele>
        <time>2026-05-23T17:57:23Z</time>
      </trkpt>
      <trkpt lat="33.58687" lon="-117.76491">
        <ele>82.03</ele>
        <time>2026-05-23T17:57:27Z</time>
      </trkpt>
      <trkpt lat="33.58687" lon="-117.76488">
        <ele>81.41</ele>
        <time>2026-05-23T17:57:33Z</time>
      </trkpt>
      <trkpt lat="33.58684" lon="-117.76488">
        <ele>81.45</ele>
        <time>2026-05-23T17:58:02Z</time>
      </trkpt>
      <trkpt lat="33.5868" lon="-117.76488">
        <ele>81.57</ele>
        <time>2026-05-23T17:58:05Z</time>
      </trkpt>
      <trkpt lat="33.58677" lon="-117.76488">
        <ele>81.67</ele>
        <time>2026-05-23T17:58:07Z</time>
      </trkpt>
      <trkpt lat="33.58674" lon="-117.76488">
        <ele>81.77</ele>
        <time>2026-05-23T17:58:09Z</time>
      </trkpt>
      <trkpt lat="33.58671" lon="-117.76488">
        <ele>81.86</ele>
        <time>2026-05-23T17:58:11Z</time>
      </trkpt>
      <trkpt lat="33.58668" lon="-117.76488">
        <ele>81.96</ele>
        <time>2026-05-23T17:58:13Z</time>
      </trkpt>
      <trkpt lat="33.58665" lon="-117.76487">
        <ele>82.0</ele>
        <time>2026-05-23T17:58:16Z</time>
      </trkpt>
      <trkpt lat="33.58661" lon="-117.76486">
        <ele>82.0</ele>
        <time>2026-05-23T17:58:19Z</time>
      </trkpt>
      <trkpt lat="33.58658" lon="-117.76486">
        <ele>82.0</ele>
        <time>2026-05-23T17:58:21Z</time>
      </trkpt>
      <trkpt lat="33.58655" lon="-117.76485">
        <ele>82.0</ele>
        <time>2026-05-23T17:58:23Z</time>
      </trkpt>
      <trkpt lat="33.58652" lon="-117.76485">
        <ele>82.0</ele>
        <time>2026-05-23T17:58:25Z</time>
      </trkpt>
      <trkpt lat="33.58649" lon="-117.76484">
        <ele>82.0</ele>
        <time>2026-05-23T17:58:27Z</time>
      </trkpt>
      <trkpt lat="33.58646" lon="-117.76484">
        <ele>82.06</ele>
        <time>2026-05-23T17:58:29Z</time>
      </trkpt>
      <trkpt lat="33.58644" lon="-117.76483">
        <ele>82.07</ele>
        <time>2026-05-23T17:58:31Z</time>
      </trkpt>
      <trkpt lat="33.58641" lon="-117.76483">
        <ele>82.13</ele>
        <time>2026-05-23T17:58:33Z</time>
      </trkpt>
      <trkpt lat="33.58638" lon="-117.76482">
        <ele>82.08</ele>
        <time>2026-05-23T17:58:35Z</time>
      </trkpt>
      <trkpt lat="33.58635" lon="-117.76482">
        <ele>82.15</ele>
        <time>2026-05-23T17:58:37Z</time>
      </trkpt>
      <trkpt lat="33.58631" lon="-117.76481">
        <ele>82.0</ele>
        <time>2026-05-23T17:58:40Z</time>
      </trkpt>
      <trkpt lat="33.58628" lon="-117.7648">
        <ele>82.15</ele>
        <time>2026-05-23T17:58:43Z</time>
      </trkpt>
      <trkpt lat="33.58624" lon="-117.76479">
        <ele>82.45</ele>
        <time>2026-05-23T17:58:46Z</time>
      </trkpt>
      <trkpt lat="33.58621" lon="-117.76478">
        <ele>82.58</ele>
        <time>2026-05-23T17:58:49Z</time>
      </trkpt>
      <trkpt lat="33.58617" lon="-117.76476">
        <ele>82.56</ele>
        <time>2026-05-23T17:58:52Z</time>
      </trkpt>
      <trkpt lat="33.58615" lon="-117.76474">
        <ele>82.3</ele>
        <time>2026-05-23T17:58:54Z</time>
      </trkpt>
      <trkpt lat="33.58611" lon="-117.76472">
        <ele>81.99</ele>
        <time>2026-05-23T17:58:57Z</time>
      </trkpt>
      <trkpt lat="33.58608" lon="-117.76471">
        <ele>82.2</ele>
        <time>2026-05-23T17:59:00Z</time>
      </trkpt>
      <trkpt lat="33.58605" lon="-117.76468">
        <ele>82.2</ele>
        <time>2026-05-23T17:59:03Z</time>
      </trkpt>
      <trkpt lat="33.58603" lon="-117.76464">
        <ele>81.99</ele>
        <time>2026-05-23T17:59:06Z</time>
      </trkpt>
      <trkpt lat="33.58601" lon="-117.76461">
        <ele>81.88</ele>
        <time>2026-05-23T17:59:09Z</time>
      </trkpt>
      <trkpt lat="33.58599" lon="-117.76457">
        <ele>81.66</ele>
        <time>2026-05-23T17:59:12Z</time>
      </trkpt>
      <trkpt lat="33.58597" lon="-117.76454">
        <ele>81.56</ele>
        <time>2026-05-23T17:59:15Z</time>
      </trkpt>
      <trkpt lat="33.58596" lon="-117.7645">
        <ele>81.38</ele>
        <time>2026-05-23T17:59:18Z</time>
      </trkpt>
      <trkpt lat="33.58594" lon="-117.76446">
        <ele>81.14</ele>
        <time>2026-05-23T17:59:21Z</time>
      </trkpt>
      <trkpt lat="33.58592" lon="-117.76443">
        <ele>80.99</ele>
        <time>2026-05-23T17:59:23Z</time>
      </trkpt>
      <trkpt lat="33.58589" lon="-117.7644">
        <ele>80.81</ele>
        <time>2026-05-23T17:59:26Z</time>
      </trkpt>
      <trkpt lat="33.58586" lon="-117.76437">
        <ele>80.43</ele>
        <time>2026-05-23T17:59:29Z</time>
      </trkpt>
      <trkpt lat="33.58583" lon="-117.76434">
        <ele>80.0</ele>
        <time>2026-05-23T17:59:32Z</time>
      </trkpt>
      <trkpt lat="33.5858" lon="-117.76431">
        <ele>80.0</ele>
        <time>2026-05-23T17:59:35Z</time>
      </trkpt>
      <trkpt lat="33.58577" lon="-117.76428">
        <ele>80.0</ele>
        <time>2026-05-23T17:59:38Z</time>
      </trkpt>
      <trkpt lat="33.58575" lon="-117.76425">
        <ele>80.0</ele>
        <time>2026-05-23T17:59:41Z</time>
      </trkpt>
      <trkpt lat="33.58572" lon="-117.76422">
        <ele>80.0</ele>
        <time>2026-05-23T17:59:44Z</time>
      </trkpt>
      <trkpt lat="33.5857" lon="-117.76418">
        <ele>80.0</ele>
        <time>2026-05-23T17:59:47Z</time>
      </trkpt>
      <trkpt lat="33.58567" lon="-117.76415">
        <ele>80.0</ele>
        <time>2026-05-23T17:59:50Z</time>
      </trkpt>
      <trkpt lat="33.58564" lon="-117.76412">
        <ele>80.0</ele>
        <time>2026-05-23T17:59:53Z</time>
      </trkpt>
      <trkpt lat="33.58562" lon="-117.76409">
        <ele>80.0</ele>
        <time>2026-05-23T17:59:56Z</time>
      </trkpt>
      <trkpt lat="33.5856" lon="-117.76405">
        <ele>79.86</ele>
        <time>2026-05-23T17:59:59Z</time>
      </trkpt>
      <trkpt lat="33.58557" lon="-117.76402">
        <ele>79.51</ele>
        <time>2026-05-23T18:00:02Z</time>
      </trkpt>
      <trkpt lat="33.58555" lon="-117.76399">
        <ele>79.09</ele>
        <time>2026-05-23T18:00:05Z</time>
      </trkpt>
      <trkpt lat="33.58552" lon="-117.76396">
        <ele>79.0</ele>
        <time>2026-05-23T18:00:08Z</time>
      </trkpt>
      <trkpt lat="33.5855" lon="-117.76393">
        <ele>79.0</ele>
        <time>2026-05-23T18:00:11Z</time>
      </trkpt>
      <trkpt lat="33.58547" lon="-117.7639">
        <ele>79.0</ele>
        <time>2026-05-23T18:00:14Z</time>
      </trkpt>
      <trkpt lat="33.58545" lon="-117.76387">
        <ele>79.0</ele>
        <time>2026-05-23T18:00:17Z</time>
      </trkpt>
      <trkpt lat="33.58543" lon="-117.76383">
        <ele>79.0</ele>
        <time>2026-05-23T18:00:20Z</time>
      </trkpt>
      <trkpt lat="33.5854" lon="-117.7638">
        <ele>79.0</ele>
        <time>2026-05-23T18:00:23Z</time>
      </trkpt>
      <trkpt lat="33.58538" lon="-117.76377">
        <ele>79.0</ele>
        <time>2026-05-23T18:00:26Z</time>
      </trkpt>
      <trkpt lat="33.58535" lon="-117.76374">
        <ele>78.87</ele>
        <time>2026-05-23T18:00:29Z</time>
      </trkpt>
      <trkpt lat="33.58533" lon="-117.76371">
        <ele>78.59</ele>
        <time>2026-05-23T18:00:32Z</time>
      </trkpt>
      <trkpt lat="33.5853" lon="-117.76368">
        <ele>78.24</ele>
        <time>2026-05-23T18:00:35Z</time>
      </trkpt>
      <trkpt lat="33.58528" lon="-117.76365">
        <ele>78.02</ele>
        <time>2026-05-23T18:00:38Z</time>
      </trkpt>
      <trkpt lat="33.58525" lon="-117.76362">
        <ele>78.0</ele>
        <time>2026-05-23T18:00:41Z</time>
      </trkpt>
      <trkpt lat="33.58523" lon="-117.76359">
        <ele>78.0</ele>
        <time>2026-05-23T18:00:44Z</time>
      </trkpt>
      <trkpt lat="33.58521" lon="-117.76356">
        <ele>78.0</ele>
        <time>2026-05-23T18:00:47Z</time>
      </trkpt>
      <trkpt lat="33.58518" lon="-117.76353">
        <ele>78.0</ele>
        <time>2026-05-23T18:00:50Z</time>
      </trkpt>
      <trkpt lat="33.58515" lon="-117.7635">
        <ele>78.0</ele>
        <time>2026-05-23T18:00:53Z</time>
      </trkpt>
      <trkpt lat="33.58513" lon="-117.76347">
        <ele>78.0</ele>
        <time>2026-05-23T18:00:56Z</time>
      </trkpt>
      <trkpt lat="33.5851" lon="-117.76344">
        <ele>78.0</ele>
        <time>2026-05-23T18:00:59Z</time>
      </trkpt>
      <trkpt lat="33.58508" lon="-117.76341">
        <ele>77.98</ele>
        <time>2026-05-23T18:01:02Z</time>
      </trkpt>
      <trkpt lat="33.58505" lon="-117.76338">
        <ele>77.77</ele>
        <time>2026-05-23T18:01:05Z</time>
      </trkpt>
      <trkpt lat="33.58503" lon="-117.76335">
        <ele>77.45</ele>
        <time>2026-05-23T18:01:08Z</time>
      </trkpt>
      <trkpt lat="33.585" lon="-117.76333">
        <ele>77.0</ele>
        <time>2026-05-23T18:01:11Z</time>
      </trkpt>
      <trkpt lat="33.58497" lon="-117.76333">
        <ele>77.0</ele>
        <time>2026-05-23T18:01:15Z</time>
      </trkpt>
      <trkpt lat="33.58494" lon="-117.76331">
        <ele>77.0</ele>
        <time>2026-05-23T18:01:19Z</time>
      </trkpt>
      <trkpt lat="33.58492" lon="-117.7633">
        <ele>77.0</ele>
        <time>2026-05-23T18:01:22Z</time>
      </trkpt>
      <trkpt lat="33.58489" lon="-117.76327">
        <ele>77.0</ele>
        <time>2026-05-23T18:01:25Z</time>
      </trkpt>
      <trkpt lat="33.58487" lon="-117.76324">
        <ele>77.0</ele>
        <time>2026-05-23T18:01:28Z</time>
      </trkpt>
      <trkpt lat="33.58485" lon="-117.76321">
        <ele>77.0</ele>
        <time>2026-05-23T18:01:31Z</time>
      </trkpt>
      <trkpt lat="33.58482" lon="-117.76318">
        <ele>77.0</ele>
        <time>2026-05-23T18:01:34Z</time>
      </trkpt>
      <trkpt lat="33.5848" lon="-117.76316">
        <ele>77.0</ele>
        <time>2026-05-23T18:01:37Z</time>
      </trkpt>
      <trkpt lat="33.58478" lon="-117.76313">
        <ele>77.0</ele>
        <time>2026-05-23T18:01:40Z</time>
      </trkpt>
      <trkpt lat="33.58475" lon="-117.7631">
        <ele>77.0</ele>
        <time>2026-05-23T18:01:43Z</time>
      </trkpt>
      <trkpt lat="33.58473" lon="-117.76307">
        <ele>77.0</ele>
        <time>2026-05-23T18:01:46Z</time>
      </trkpt>
      <trkpt lat="33.5847" lon="-117.76305">
        <ele>76.99</ele>
        <time>2026-05-23T18:01:49Z</time>
      </trkpt>
      <trkpt lat="33.58468" lon="-117.76302">
        <ele>76.82</ele>
        <time>2026-05-23T18:01:52Z</time>
      </trkpt>
      <trkpt lat="33.58466" lon="-117.763">
        <ele>76.6</ele>
        <time>2026-05-23T18:01:55Z</time>
      </trkpt>
      <trkpt lat="33.58463" lon="-117.76298">
        <ele>76.19</ele>
        <time>2026-05-23T18:01:58Z</time>
      </trkpt>
      <trkpt lat="33.5846" lon="-117.76295">
        <ele>76.28</ele>
        <time>2026-05-23T18:02:01Z</time>
      </trkpt>
      <trkpt lat="33.58458" lon="-117.76292">
        <ele>76.29</ele>
        <time>2026-05-23T18:02:04Z</time>
      </trkpt>
      <trkpt lat="33.58456" lon="-117.76289">
        <ele>76.16</ele>
        <time>2026-05-23T18:02:06Z</time>
      </trkpt>
      <trkpt lat="33.58455" lon="-117.76285">
        <ele>76.0</ele>
        <time>2026-05-23T18:02:08Z</time>
      </trkpt>
      <trkpt lat="33.58453" lon="-117.76283">
        <ele>76.0</ele>
        <time>2026-05-23T18:02:10Z</time>
      </trkpt>
      <trkpt lat="33.5845" lon="-117.76279">
        <ele>76.0</ele>
        <time>2026-05-23T18:02:13Z</time>
      </trkpt>
      <trkpt lat="33.58448" lon="-117.76276">
        <ele>76.0</ele>
        <time>2026-05-23T18:02:16Z</time>
      </trkpt>
      <trkpt lat="33.58444" lon="-117.76276">
        <ele>75.99</ele>
        <time>2026-05-23T18:02:20Z</time>
      </trkpt>
      <trkpt lat="33.58442" lon="-117.76278">
        <ele>76.0</ele>
        <time>2026-05-23T18:02:23Z</time>
      </trkpt>
      <trkpt lat="33.58445" lon="-117.7628">
        <ele>76.0</ele>
        <time>2026-05-23T18:02:32Z</time>
      </trkpt>
      <trkpt lat="33.58439" lon="-117.76278">
        <ele>76.0</ele>
        <time>2026-05-23T18:03:12Z</time>
      </trkpt>
      <trkpt lat="33.58435" lon="-117.76274">
        <ele>75.58</ele>
        <time>2026-05-23T18:03:18Z</time>
      </trkpt>
      <trkpt lat="33.58431" lon="-117.76269">
        <ele>75.03</ele>
        <time>2026-05-23T18:03:23Z</time>
      </trkpt>
      <trkpt lat="33.5843" lon="-117.76262">
        <ele>75.0</ele>
        <time>2026-05-23T18:03:25Z</time>
      </trkpt>
      <trkpt lat="33.58429" lon="-117.76256">
        <ele>75.0</ele>
        <time>2026-05-23T18:03:27Z</time>
      </trkpt>
      <trkpt lat="33.58426" lon="-117.76251">
        <ele>75.0</ele>
        <time>2026-05-23T18:03:30Z</time>
      </trkpt>
      <trkpt lat="33.58424" lon="-117.76246">
        <ele>75.0</ele>
        <time>2026-05-23T18:03:33Z</time>
      </trkpt>
      <trkpt lat="33.58422" lon="-117.76242">
        <ele>75.0</ele>
        <time>2026-05-23T18:03:36Z</time>
      </trkpt>
      <trkpt lat="33.58419" lon="-117.76239">
        <ele>75.0</ele>
        <time>2026-05-23T18:03:39Z</time>
      </trkpt>
      <trkpt lat="33.58416" lon="-117.76235">
        <ele>74.96</ele>
        <time>2026-05-23T18:03:42Z</time>
      </trkpt>
      <trkpt lat="33.58413" lon="-117.76232">
        <ele>74.63</ele>
        <time>2026-05-23T18:03:45Z</time>
      </trkpt>
      <trkpt lat="33.58408" lon="-117.7623">
        <ele>74.06</ele>
        <time>2026-05-23T18:03:47Z</time>
      </trkpt>
      <trkpt lat="33.58403" lon="-117.76228">
        <ele>74.0</ele>
        <time>2026-05-23T18:03:49Z</time>
      </trkpt>
      <trkpt lat="33.584" lon="-117.76225">
        <ele>74.0</ele>
        <time>2026-05-23T18:03:52Z</time>
      </trkpt>
      <trkpt lat="33.58398" lon="-117.76222">
        <ele>74.0</ele>
        <time>2026-05-23T18:03:59Z</time>
      </trkpt>
      <trkpt lat="33.58395" lon="-117.7622">
        <ele>74.0</ele>
        <time>2026-05-23T18:04:03Z</time>
      </trkpt>
      <trkpt lat="33.58393" lon="-117.76218">
        <ele>74.0</ele>
        <time>2026-05-23T18:04:06Z</time>
      </trkpt>
      <trkpt lat="33.58389" lon="-117.76216">
        <ele>74.0</ele>
        <time>2026-05-23T18:04:10Z</time>
      </trkpt>
      <trkpt lat="33.58386" lon="-117.76218">
        <ele>74.0</ele>
        <time>2026-05-23T18:04:14Z</time>
      </trkpt>
      <trkpt lat="33.58383" lon="-117.76217">
        <ele>74.0</ele>
        <time>2026-05-23T18:04:18Z</time>
      </trkpt>
      <trkpt lat="33.58381" lon="-117.76214">
        <ele>74.0</ele>
        <time>2026-05-23T18:04:21Z</time>
      </trkpt>
      <trkpt lat="33.58378" lon="-117.76212">
        <ele>73.82</ele>
        <time>2026-05-23T18:04:24Z</time>
      </trkpt>
      <trkpt lat="33.58375" lon="-117.7621">
        <ele>73.5</ele>
        <time>2026-05-23T18:04:27Z</time>
      </trkpt>
      <trkpt lat="33.58371" lon="-117.76208">
        <ele>73.07</ele>
        <time>2026-05-23T18:04:30Z</time>
      </trkpt>
      <trkpt lat="33.58368" lon="-117.76206">
        <ele>73.0</ele>
        <time>2026-05-23T18:04:33Z</time>
      </trkpt>
      <trkpt lat="33.58365" lon="-117.76204">
        <ele>73.0</ele>
        <time>2026-05-23T18:04:36Z</time>
      </trkpt>
      <trkpt lat="33.58362" lon="-117.76202">
        <ele>73.18</ele>
        <time>2026-05-23T18:04:39Z</time>
      </trkpt>
      <trkpt lat="33.58359" lon="-117.762">
        <ele>73.31</ele>
        <time>2026-05-23T18:04:42Z</time>
      </trkpt>
      <trkpt lat="33.58356" lon="-117.76198">
        <ele>73.28</ele>
        <time>2026-05-23T18:04:45Z</time>
      </trkpt>
      <trkpt lat="33.58352" lon="-117.76196">
        <ele>73.01</ele>
        <time>2026-05-23T18:04:48Z</time>
      </trkpt>
      <trkpt lat="33.58349" lon="-117.76195">
        <ele>73.0</ele>
        <time>2026-05-23T18:04:51Z</time>
      </trkpt>
      <trkpt lat="33.58345" lon="-117.76194">
        <ele>73.0</ele>
        <time>2026-05-23T18:04:54Z</time>
      </trkpt>
      <trkpt lat="33.58342" lon="-117.76193">
        <ele>72.94</ele>
        <time>2026-05-23T18:04:57Z</time>
      </trkpt>
      <trkpt lat="33.58338" lon="-117.76192">
        <ele>72.5</ele>
        <time>2026-05-23T18:05:00Z</time>
      </trkpt>
      <trkpt lat="33.58335" lon="-117.76191">
        <ele>72.18</ele>
        <time>2026-05-23T18:05:03Z</time>
      </trkpt>
      <trkpt lat="33.58332" lon="-117.7619">
        <ele>72.0</ele>
        <time>2026-05-23T18:05:06Z</time>
      </trkpt>
      <trkpt lat="33.58329" lon="-117.76189">
        <ele>72.0</ele>
        <time>2026-05-23T18:05:09Z</time>
      </trkpt>
      <trkpt lat="33.58325" lon="-117.76188">
        <ele>72.0</ele>
        <time>2026-05-23T18:05:12Z</time>
      </trkpt>
      <trkpt lat="33.58322" lon="-117.76187">
        <ele>72.0</ele>
        <time>2026-05-23T18:05:15Z</time>
      </trkpt>
      <trkpt lat="33.58318" lon="-117.76186">
        <ele>72.0</ele>
        <time>2026-05-23T18:05:18Z</time>
      </trkpt>
      <trkpt lat="33.58315" lon="-117.76185">
        <ele>72.0</ele>
        <time>2026-05-23T18:05:21Z</time>
      </trkpt>
      <trkpt lat="33.58312" lon="-117.76184">
        <ele>72.0</ele>
        <time>2026-05-23T18:05:24Z</time>
      </trkpt>
      <trkpt lat="33.58309" lon="-117.76184">
        <ele>72.0</ele>
        <time>2026-05-23T18:05:27Z</time>
      </trkpt>
      <trkpt lat="33.58305" lon="-117.76183">
        <ele>71.94</ele>
        <time>2026-05-23T18:05:30Z</time>
      </trkpt>
      <trkpt lat="33.58302" lon="-117.76182">
        <ele>71.62</ele>
        <time>2026-05-23T18:05:33Z</time>
      </trkpt>
      <trkpt lat="33.58299" lon="-117.76182">
        <ele>71.29</ele>
        <time>2026-05-23T18:05:36Z</time>
      </trkpt>
      <trkpt lat="33.58296" lon="-117.76181">
        <ele>71.0</ele>
        <time>2026-05-23T18:05:39Z</time>
      </trkpt>
      <trkpt lat="33.58292" lon="-117.7618">
        <ele>71.0</ele>
        <time>2026-05-23T18:05:42Z</time>
      </trkpt>
      <trkpt lat="33.58289" lon="-117.7618">
        <ele>71.0</ele>
        <time>2026-05-23T18:05:45Z</time>
      </trkpt>
      <trkpt lat="33.58285" lon="-117.76179">
        <ele>71.0</ele>
        <time>2026-05-23T18:05:48Z</time>
      </trkpt>
      <trkpt lat="33.58282" lon="-117.76178">
        <ele>71.0</ele>
        <time>2026-05-23T18:05:51Z</time>
      </trkpt>
      <trkpt lat="33.58277" lon="-117.76178">
        <ele>71.0</ele>
        <time>2026-05-23T18:05:54Z</time>
      </trkpt>
      <trkpt lat="33.58272" lon="-117.7618">
        <ele>71.0</ele>
        <time>2026-05-23T18:05:56Z</time>
      </trkpt>
      <trkpt lat="33.58269" lon="-117.76182">
        <ele>71.0</ele>
        <time>2026-05-23T18:05:58Z</time>
      </trkpt>
      <trkpt lat="33.58265" lon="-117.76184">
        <ele>71.0</ele>
        <time>2026-05-23T18:06:00Z</time>
      </trkpt>
      <trkpt lat="33.58262" lon="-117.76183">
        <ele>71.0</ele>
        <time>2026-05-23T18:06:03Z</time>
      </trkpt>
      <trkpt lat="33.58259" lon="-117.76181">
        <ele>71.02</ele>
        <time>2026-05-23T18:06:06Z</time>
      </trkpt>
      <trkpt lat="33.58255" lon="-117.76181">
        <ele>71.25</ele>
        <time>2026-05-23T18:06:09Z</time>
      </trkpt>
      <trkpt lat="33.58252" lon="-117.76181">
        <ele>71.43</ele>
        <time>2026-05-23T18:06:12Z</time>
      </trkpt>
      <trkpt lat="33.58248" lon="-117.76181">
        <ele>71.76</ele>
        <time>2026-05-23T18:06:15Z</time>
      </trkpt>
      <trkpt lat="33.58245" lon="-117.76182">
        <ele>72.2</ele>
        <time>2026-05-23T18:06:18Z</time>
      </trkpt>
      <trkpt lat="33.58242" lon="-117.76182">
        <ele>72.52</ele>
        <time>2026-05-23T18:06:22Z</time>
      </trkpt>
      <trkpt lat="33.58239" lon="-117.76182">
        <ele>73.16</ele>
        <time>2026-05-23T18:06:26Z</time>
      </trkpt>
      <trkpt lat="33.58236" lon="-117.76182">
        <ele>74.03</ele>
        <time>2026-05-23T18:06:30Z</time>
      </trkpt>
      <trkpt lat="33.58233" lon="-117.76182">
        <ele>74.9</ele>
        <time>2026-05-23T18:06:35Z</time>
      </trkpt>
      <trkpt lat="33.58229" lon="-117.76182">
        <ele>76.15</ele>
        <time>2026-05-23T18:06:39Z</time>
      </trkpt>
      <trkpt lat="33.58226" lon="-117.76182">
        <ele>77.12</ele>
        <time>2026-05-23T18:06:43Z</time>
      </trkpt>
      <trkpt lat="33.58223" lon="-117.76183">
        <ele>77.98</ele>
        <time>2026-05-23T18:06:47Z</time>
      </trkpt>
      <trkpt lat="33.5822" lon="-117.76183">
        <ele>79.14</ele>
        <time>2026-05-23T18:06:51Z</time>
      </trkpt>
      <trkpt lat="33.58217" lon="-117.76183">
        <ele>80.36</ele>
        <time>2026-05-23T18:06:55Z</time>
      </trkpt>
      <trkpt lat="33.58215" lon="-117.76183">
        <ele>81.17</ele>
        <time>2026-05-23T18:06:59Z</time>
      </trkpt>
      <trkpt lat="33.58212" lon="-117.76183">
        <ele>82.18</ele>
        <time>2026-05-23T18:07:04Z</time>
      </trkpt>
      <trkpt lat="33.5821" lon="-117.7618">
        <ele>82.46</ele>
        <time>2026-05-23T18:07:20Z</time>
      </trkpt>
      <trkpt lat="33.58208" lon="-117.76176">
        <ele>82.54</ele>
        <time>2026-05-23T18:07:23Z</time>
      </trkpt>
      <trkpt lat="33.58205" lon="-117.76174">
        <ele>82.09</ele>
        <time>2026-05-23T18:07:27Z</time>
      </trkpt>
      <trkpt lat="33.58202" lon="-117.76174">
        <ele>82.02</ele>
        <time>2026-05-23T18:07:31Z</time>
      </trkpt>
      <trkpt lat="33.58198" lon="-117.76175">
        <ele>82.05</ele>
        <time>2026-05-23T18:07:34Z</time>
      </trkpt>
      <trkpt lat="33.58195" lon="-117.76176">
        <ele>82.06</ele>
        <time>2026-05-23T18:07:37Z</time>
      </trkpt>
      <trkpt lat="33.58192" lon="-117.76177">
        <ele>81.47</ele>
        <time>2026-05-23T18:07:40Z</time>
      </trkpt>
      <trkpt lat="33.58189" lon="-117.76179">
        <ele>80.82</ele>
        <time>2026-05-23T18:07:43Z</time>
      </trkpt>
      <trkpt lat="33.58186" lon="-117.7618">
        <ele>80.18</ele>
        <time>2026-05-23T18:07:47Z</time>
      </trkpt>
      <trkpt lat="33.58183" lon="-117.76182">
        <ele>79.6</ele>
        <time>2026-05-23T18:07:51Z</time>
      </trkpt>
      <trkpt lat="33.58181" lon="-117.76184">
        <ele>79.43</ele>
        <time>2026-05-23T18:07:55Z</time>
      </trkpt>
      <trkpt lat="33.58178" lon="-117.76187">
        <ele>79.27</ele>
        <time>2026-05-23T18:07:59Z</time>
      </trkpt>
      <trkpt lat="33.58176" lon="-117.76191">
        <ele>79.01</ele>
        <time>2026-05-23T18:08:02Z</time>
      </trkpt>
      <trkpt lat="33.58174" lon="-117.76193">
        <ele>78.79</ele>
        <time>2026-05-23T18:08:05Z</time>
      </trkpt>
      <trkpt lat="33.58171" lon="-117.76195">
        <ele>78.56</ele>
        <time>2026-05-23T18:08:08Z</time>
      </trkpt>
      <trkpt lat="33.58169" lon="-117.76197">
        <ele>78.6</ele>
        <time>2026-05-23T18:08:11Z</time>
      </trkpt>
      <trkpt lat="33.58165" lon="-117.76198">
        <ele>78.02</ele>
        <time>2026-05-23T18:08:15Z</time>
      </trkpt>
      <trkpt lat="33.58162" lon="-117.76199">
        <ele>77.48</ele>
        <time>2026-05-23T18:08:19Z</time>
      </trkpt>
      <trkpt lat="33.58159" lon="-117.762">
        <ele>76.94</ele>
        <time>2026-05-23T18:08:23Z</time>
      </trkpt>
      <trkpt lat="33.58156" lon="-117.76202">
        <ele>76.79</ele>
        <time>2026-05-23T18:08:27Z</time>
      </trkpt>
      <trkpt lat="33.58154" lon="-117.76203">
        <ele>76.9</ele>
        <time>2026-05-23T18:08:30Z</time>
      </trkpt>
      <trkpt lat="33.58151" lon="-117.76203">
        <ele>76.87</ele>
        <time>2026-05-23T18:08:33Z</time>
      </trkpt>
      <trkpt lat="33.58148" lon="-117.76202">
        <ele>76.62</ele>
        <time>2026-05-23T18:08:36Z</time>
      </trkpt>
      <trkpt lat="33.58145" lon="-117.76202">
        <ele>76.29</ele>
        <time>2026-05-23T18:08:39Z</time>
      </trkpt>
      <trkpt lat="33.58142" lon="-117.76202">
        <ele>75.97</ele>
        <time>2026-05-23T18:08:42Z</time>
      </trkpt>
      <trkpt lat="33.58138" lon="-117.76201">
        <ele>75.51</ele>
        <time>2026-05-23T18:08:45Z</time>
      </trkpt>
      <trkpt lat="33.58135" lon="-117.76202">
        <ele>76.05</ele>
        <time>2026-05-23T18:08:47Z</time>
      </trkpt>
      <trkpt lat="33.58132" lon="-117.76201">
        <ele>76.16</ele>
        <time>2026-05-23T18:08:50Z</time>
      </trkpt>
      <trkpt lat="33.58129" lon="-117.76201">
        <ele>76.37</ele>
        <time>2026-05-23T18:08:53Z</time>
      </trkpt>
      <trkpt lat="33.58125" lon="-117.76201">
        <ele>76.06</ele>
        <time>2026-05-23T18:08:56Z</time>
      </trkpt>
      <trkpt lat="33.58122" lon="-117.76201">
        <ele>75.83</ele>
        <time>2026-05-23T18:08:59Z</time>
      </trkpt>
      <trkpt lat="33.58119" lon="-117.76201">
        <ele>75.66</ele>
        <time>2026-05-23T18:09:02Z</time>
      </trkpt>
      <trkpt lat="33.58116" lon="-117.76202">
        <ele>75.73</ele>
        <time>2026-05-23T18:09:05Z</time>
      </trkpt>
      <trkpt lat="33.58113" lon="-117.76202">
        <ele>75.67</ele>
        <time>2026-05-23T18:09:08Z</time>
      </trkpt>
      <trkpt lat="33.5811" lon="-117.76202">
        <ele>75.51</ele>
        <time>2026-05-23T18:09:11Z</time>
      </trkpt>
      <trkpt lat="33.58107" lon="-117.76202">
        <ele>75.19</ele>
        <time>2026-05-23T18:09:14Z</time>
      </trkpt>
      <trkpt lat="33.58103" lon="-117.76203">
        <ele>74.97</ele>
        <time>2026-05-23T18:09:17Z</time>
      </trkpt>
      <trkpt lat="33.581" lon="-117.76203">
        <ele>74.65</ele>
        <time>2026-05-23T18:09:20Z</time>
      </trkpt>
      <trkpt lat="33.58097" lon="-117.76203">
        <ele>74.32</ele>
        <time>2026-05-23T18:09:23Z</time>
      </trkpt>
      <trkpt lat="33.58094" lon="-117.76204">
        <ele>74.24</ele>
        <time>2026-05-23T18:09:26Z</time>
      </trkpt>
      <trkpt lat="33.5809" lon="-117.76204">
        <ele>74.09</ele>
        <time>2026-05-23T18:09:29Z</time>
      </trkpt>
      <trkpt lat="33.58087" lon="-117.76204">
        <ele>74.08</ele>
        <time>2026-05-23T18:09:32Z</time>
      </trkpt>
      <trkpt lat="33.58084" lon="-117.76204">
        <ele>74.07</ele>
        <time>2026-05-23T18:09:35Z</time>
      </trkpt>
      <trkpt lat="33.58081" lon="-117.76205">
        <ele>73.99</ele>
        <time>2026-05-23T18:09:38Z</time>
      </trkpt>
      <trkpt lat="33.58077" lon="-117.76205">
        <ele>73.5</ele>
        <time>2026-05-23T18:09:41Z</time>
      </trkpt>
      <trkpt lat="33.58074" lon="-117.76205">
        <ele>73.13</ele>
        <time>2026-05-23T18:09:44Z</time>
      </trkpt>
      <trkpt lat="33.58071" lon="-117.76206">
        <ele>72.67</ele>
        <time>2026-05-23T18:09:47Z</time>
      </trkpt>
      <trkpt lat="33.58067" lon="-117.76206">
        <ele>71.91</ele>
        <time>2026-05-23T18:09:50Z</time>
      </trkpt>
      <trkpt lat="33.58064" lon="-117.76207">
        <ele>71.54</ele>
        <time>2026-05-23T18:09:53Z</time>
      </trkpt>
      <trkpt lat="33.58061" lon="-117.7621">
        <ele>71.54</ele>
        <time>2026-05-23T18:09:56Z</time>
      </trkpt>
      <trkpt lat="33.58058" lon="-117.76212">
        <ele>71.32</ele>
        <time>2026-05-23T18:09:59Z</time>
      </trkpt>
      <trkpt lat="33.58055" lon="-117.76214">
        <ele>70.99</ele>
        <time>2026-05-23T18:10:02Z</time>
      </trkpt>
      <trkpt lat="33.58052" lon="-117.76216">
        <ele>70.56</ele>
        <time>2026-05-23T18:10:05Z</time>
      </trkpt>
      <trkpt lat="33.58049" lon="-117.76219">
        <ele>70.24</ele>
        <time>2026-05-23T18:10:08Z</time>
      </trkpt>
      <trkpt lat="33.58047" lon="-117.76222">
        <ele>70.13</ele>
        <time>2026-05-23T18:10:12Z</time>
      </trkpt>
      <trkpt lat="33.58046" lon="-117.76225">
        <ele>70.54</ele>
        <time>2026-05-23T18:10:15Z</time>
      </trkpt>
      <trkpt lat="33.58046" lon="-117.76229">
        <ele>71.4</ele>
        <time>2026-05-23T18:10:20Z</time>
      </trkpt>
      <trkpt lat="33.58046" lon="-117.76232">
        <ele>71.88</ele>
        <time>2026-05-23T18:10:26Z</time>
      </trkpt>
      <trkpt lat="33.58043" lon="-117.76234">
        <ele>71.02</ele>
        <time>2026-05-23T18:10:38Z</time>
      </trkpt>
      <trkpt lat="33.58041" lon="-117.76236">
        <ele>70.37</ele>
        <time>2026-05-23T18:10:43Z</time>
      </trkpt>
      <trkpt lat="33.58039" lon="-117.76239">
        <ele>69.61</ele>
        <time>2026-05-23T18:10:47Z</time>
      </trkpt>
      <trkpt lat="33.58036" lon="-117.76241">
        <ele>68.92</ele>
        <time>2026-05-23T18:10:50Z</time>
      </trkpt>
      <trkpt lat="33.58033" lon="-117.76243">
        <ele>68.81</ele>
        <time>2026-05-23T18:10:53Z</time>
      </trkpt>
      <trkpt lat="33.5803" lon="-117.76246">
        <ele>68.81</ele>
        <time>2026-05-23T18:10:56Z</time>
      </trkpt>
      <trkpt lat="33.58028" lon="-117.76248">
        <ele>68.81</ele>
        <time>2026-05-23T18:10:59Z</time>
      </trkpt>
      <trkpt lat="33.58026" lon="-117.7625">
        <ele>69.0</ele>
        <time>2026-05-23T18:11:02Z</time>
      </trkpt>
      <trkpt lat="33.58023" lon="-117.76252">
        <ele>69.0</ele>
        <time>2026-05-23T18:11:05Z</time>
      </trkpt>
      <trkpt lat="33.58021" lon="-117.76254">
        <ele>69.0</ele>
        <time>2026-05-23T18:11:08Z</time>
      </trkpt>
      <trkpt lat="33.58018" lon="-117.76256">
        <ele>69.0</ele>
        <time>2026-05-23T18:11:11Z</time>
      </trkpt>
      <trkpt lat="33.58016" lon="-117.76258">
        <ele>69.0</ele>
        <time>2026-05-23T18:11:14Z</time>
      </trkpt>
      <trkpt lat="33.58013" lon="-117.7626">
        <ele>69.03</ele>
        <time>2026-05-23T18:11:17Z</time>
      </trkpt>
      <trkpt lat="33.5801" lon="-117.76262">
        <ele>69.02</ele>
        <time>2026-05-23T18:11:20Z</time>
      </trkpt>
      <trkpt lat="33.58008" lon="-117.76261">
        <ele>69.03</ele>
        <time>2026-05-23T18:11:23Z</time>
      </trkpt>
      <trkpt lat="33.58005" lon="-117.76259">
        <ele>69.0</ele>
        <time>2026-05-23T18:11:26Z</time>
      </trkpt>
      <trkpt lat="33.58003" lon="-117.76259">
        <ele>69.0</ele>
        <time>2026-05-23T18:11:29Z</time>
      </trkpt>
      <trkpt lat="33.58" lon="-117.76257">
        <ele>69.0</ele>
        <time>2026-05-23T18:11:32Z</time>
      </trkpt>
      <trkpt lat="33.57997" lon="-117.76256">
        <ele>69.0</ele>
        <time>2026-05-23T18:11:36Z</time>
      </trkpt>
      <trkpt lat="33.57999" lon="-117.76254">
        <ele>69.0</ele>
        <time>2026-05-23T18:11:44Z</time>
      </trkpt>
      <trkpt lat="33.58001" lon="-117.76255">
        <ele>69.0</ele>
        <time>2026-05-23T18:11:49Z</time>
      </trkpt>
    </trkseg>
  </trk>
</gpx>
