<?xml version="1.0"?>
<gpx xmlns="http://www.topografix.com/GPX/1/1" xmlns:xsi="http://www.w3.org/2001/XMLSchema-instance" version="1.1" creator="AllTrails.com" xsi:schemaLocation="http://www.topografix.com/GPX/1/1 http://www.topografix.com/GPX/1/1/gpx.xsd">
  <metadata>
    <name><![CDATA[NIX Nature Center - North Loop]]></name>
    <desc><![CDATA[]]></desc>
    <link href="http://www.alltrails.com">
      <text>AllTrails, LLC</text>
    </link>
    <bounds minlat="33.60754" minlon="-120.63445" maxlat="77.53152" maxlon="92.82052"/>
  </metadata>
  <wpt lat="36.19389" lon="-120.63445">
    <name><![CDATA[Waypoint 1]]></name>
    <desc><![CDATA[]]></desc>
  </wpt>
  <trk>
    <name><![CDATA[NIX Nature Center - North Loop]]></name>
    <src>AllTrails</src>
    <trkseg>
      <trkpt lat="33.60797" lon="-117.76419">
        <ele>127.0</ele>
        <time>2026-02-28T16:22:53Z</time>
      </trkpt>
      <trkpt lat="33.60799" lon="-117.76416">
        <ele>127.0</ele>
        <time>2026-02-28T16:22:56Z</time>
      </trkpt>
      <trkpt lat="33.60802" lon="-117.76417">
        <ele>127.0</ele>
        <time>2026-02-28T16:23:09Z</time>
      </trkpt>
      <trkpt lat="33.60806" lon="-117.76418">
        <ele>127.0</ele>
        <time>2026-02-28T16:23:14Z</time>
      </trkpt>
      <trkpt lat="33.60808" lon="-117.76422">
        <ele>127.0</ele>
        <time>2026-02-28T16:23:18Z</time>
      </trkpt>
      <trkpt lat="33.60809" lon="-117.76426">
        <ele>127.01</ele>
        <time>2026-02-28T16:23:22Z</time>
      </trkpt>
      <trkpt lat="33.60811" lon="-117.76429">
        <ele>127.14</ele>
        <time>2026-02-28T16:23:25Z</time>
      </trkpt>
      <trkpt lat="33.60813" lon="-117.76432">
        <ele>127.13</ele>
        <time>2026-02-28T16:23:28Z</time>
      </trkpt>
      <trkpt lat="33.60815" lon="-117.76434">
        <ele>127.02</ele>
        <time>2026-02-28T16:23:31Z</time>
      </trkpt>
      <trkpt lat="33.60817" lon="-117.76436">
        <ele>127.37</ele>
        <time>2026-02-28T16:23:34Z</time>
      </trkpt>
      <trkpt lat="33.60821" lon="-117.76438">
        <ele>127.87</ele>
        <time>2026-02-28T16:23:37Z</time>
      </trkpt>
      <trkpt lat="33.60824" lon="-117.7644">
        <ele>128.0</ele>
        <time>2026-02-28T16:23:39Z</time>
      </trkpt>
      <trkpt lat="33.60826" lon="-117.76441">
        <ele>128.0</ele>
        <time>2026-02-28T16:23:41Z</time>
      </trkpt>
      <trkpt lat="33.60829" lon="-117.76443">
        <ele>128.0</ele>
        <time>2026-02-28T16:23:44Z</time>
      </trkpt>
      <trkpt lat="33.60831" lon="-117.76446">
        <ele>128.21</ele>
        <time>2026-02-28T16:23:47Z</time>
      </trkpt>
      <trkpt lat="33.60833" lon="-117.76449">
        <ele>128.51</ele>
        <time>2026-02-28T16:23:50Z</time>
      </trkpt>
      <trkpt lat="33.60835" lon="-117.76451">
        <ele>128.71</ele>
        <time>2026-02-28T16:23:53Z</time>
      </trkpt>
      <trkpt lat="33.60837" lon="-117.76454">
        <ele>129.04</ele>
        <time>2026-02-28T16:23:56Z</time>
      </trkpt>
      <trkpt lat="33.6084" lon="-117.76457">
        <ele>129.2</ele>
        <time>2026-02-28T16:23:59Z</time>
      </trkpt>
      <trkpt lat="33.60841" lon="-117.7646">
        <ele>129.23</ele>
        <time>2026-02-28T16:24:01Z</time>
      </trkpt>
      <trkpt lat="33.60842" lon="-117.76465">
        <ele>129.35</ele>
        <time>2026-02-28T16:24:03Z</time>
      </trkpt>
      <trkpt lat="33.60843" lon="-117.76468">
        <ele>129.54</ele>
        <time>2026-02-28T16:24:05Z</time>
      </trkpt>
      <trkpt lat="33.60844" lon="-117.76471">
        <ele>129.87</ele>
        <time>2026-02-28T16:24:07Z</time>
      </trkpt>
      <trkpt lat="33.60845" lon="-117.76476">
        <ele>130.3</ele>
        <time>2026-02-28T16:24:10Z</time>
      </trkpt>
      <trkpt lat="33.60847" lon="-117.7648">
        <ele>130.44</ele>
        <time>2026-02-28T16:24:13Z</time>
      </trkpt>
      <trkpt lat="33.60848" lon="-117.76484">
        <ele>130.69</ele>
        <time>2026-02-28T16:24:16Z</time>
      </trkpt>
      <trkpt lat="33.60847" lon="-117.76487">
        <ele>131.12</ele>
        <time>2026-02-28T16:24:19Z</time>
      </trkpt>
      <trkpt lat="33.60846" lon="-117.7649">
        <ele>131.55</ele>
        <time>2026-02-28T16:24:21Z</time>
      </trkpt>
      <trkpt lat="33.60846" lon="-117.76495">
        <ele>131.63</ele>
        <time>2026-02-28T16:24:24Z</time>
      </trkpt>
      <trkpt lat="33.60846" lon="-117.76499">
        <ele>131.63</ele>
        <time>2026-02-28T16:24:27Z</time>
      </trkpt>
      <trkpt lat="33.60847" lon="-117.76503">
        <ele>131.68</ele>
        <time>2026-02-28T16:24:30Z</time>
      </trkpt>
      <trkpt lat="33.60848" lon="-117.76506">
        <ele>131.79</ele>
        <time>2026-02-28T16:24:33Z</time>
      </trkpt>
      <trkpt lat="33.60851" lon="-117.76509">
        <ele>131.97</ele>
        <time>2026-02-28T16:24:36Z</time>
      </trkpt>
      <trkpt lat="33.60853" lon="-117.76507">
        <ele>131.76</ele>
        <time>2026-02-28T16:24:39Z</time>
      </trkpt>
      <trkpt lat="33.60855" lon="-117.76501">
        <ele>131.11</ele>
        <time>2026-02-28T16:24:41Z</time>
      </trkpt>
      <trkpt lat="33.60857" lon="-117.76496">
        <ele>130.76</ele>
        <time>2026-02-28T16:24:43Z</time>
      </trkpt>
      <trkpt lat="33.60859" lon="-117.76493">
        <ele>130.42</ele>
        <time>2026-02-28T16:24:46Z</time>
      </trkpt>
      <trkpt lat="33.60861" lon="-117.7649">
        <ele>130.01</ele>
        <time>2026-02-28T16:24:49Z</time>
      </trkpt>
      <trkpt lat="33.60863" lon="-117.76486">
        <ele>130.3</ele>
        <time>2026-02-28T16:24:52Z</time>
      </trkpt>
      <trkpt lat="33.60865" lon="-117.76483">
        <ele>130.49</ele>
        <time>2026-02-28T16:24:55Z</time>
      </trkpt>
      <trkpt lat="33.60867" lon="-117.76479">
        <ele>130.54</ele>
        <time>2026-02-28T16:24:58Z</time>
      </trkpt>
      <trkpt lat="33.60869" lon="-117.76476">
        <ele>130.76</ele>
        <time>2026-02-28T16:25:01Z</time>
      </trkpt>
      <trkpt lat="33.60872" lon="-117.76476">
        <ele>131.35</ele>
        <time>2026-02-28T16:25:07Z</time>
      </trkpt>
      <trkpt lat="33.60873" lon="-117.7648">
        <ele>131.57</ele>
        <time>2026-02-28T16:25:09Z</time>
      </trkpt>
      <trkpt lat="33.60875" lon="-117.76482">
        <ele>132.06</ele>
        <time>2026-02-28T16:25:13Z</time>
      </trkpt>
      <trkpt lat="33.60879" lon="-117.76482">
        <ele>132.92</ele>
        <time>2026-02-28T16:25:16Z</time>
      </trkpt>
      <trkpt lat="33.60881" lon="-117.76483">
        <ele>132.97</ele>
        <time>2026-02-28T16:25:18Z</time>
      </trkpt>
      <trkpt lat="33.60884" lon="-117.76484">
        <ele>132.54</ele>
        <time>2026-02-28T16:25:21Z</time>
      </trkpt>
      <trkpt lat="33.60887" lon="-117.76486">
        <ele>131.92</ele>
        <time>2026-02-28T16:25:25Z</time>
      </trkpt>
      <trkpt lat="33.60889" lon="-117.76489">
        <ele>131.17</ele>
        <time>2026-02-28T16:25:28Z</time>
      </trkpt>
      <trkpt lat="33.60892" lon="-117.76491">
        <ele>130.67</ele>
        <time>2026-02-28T16:25:31Z</time>
      </trkpt>
      <trkpt lat="33.60895" lon="-117.76494">
        <ele>130.57</ele>
        <time>2026-02-28T16:25:34Z</time>
      </trkpt>
      <trkpt lat="33.60898" lon="-117.76497">
        <ele>130.68</ele>
        <time>2026-02-28T16:25:37Z</time>
      </trkpt>
      <trkpt lat="33.609" lon="-117.765">
        <ele>130.8</ele>
        <time>2026-02-28T16:25:40Z</time>
      </trkpt>
      <trkpt lat="33.60902" lon="-117.76503">
        <ele>131.04</ele>
        <time>2026-02-28T16:25:43Z</time>
      </trkpt>
      <trkpt lat="33.60904" lon="-117.76506">
        <ele>131.43</ele>
        <time>2026-02-28T16:25:46Z</time>
      </trkpt>
      <trkpt lat="33.60905" lon="-117.76509">
        <ele>131.95</ele>
        <time>2026-02-28T16:25:49Z</time>
      </trkpt>
      <trkpt lat="33.60907" lon="-117.76512">
        <ele>132.59</ele>
        <time>2026-02-28T16:25:52Z</time>
      </trkpt>
      <trkpt lat="33.60909" lon="-117.76515">
        <ele>132.9</ele>
        <time>2026-02-28T16:25:55Z</time>
      </trkpt>
      <trkpt lat="33.6091" lon="-117.76518">
        <ele>133.33</ele>
        <time>2026-02-28T16:25:59Z</time>
      </trkpt>
      <trkpt lat="33.6091" lon="-117.76522">
        <ele>134.57</ele>
        <time>2026-02-28T16:26:03Z</time>
      </trkpt>
      <trkpt lat="33.60908" lon="-117.76524">
        <ele>135.65</ele>
        <time>2026-02-28T16:26:06Z</time>
      </trkpt>
      <trkpt lat="33.60908" lon="-117.76528">
        <ele>136.92</ele>
        <time>2026-02-28T16:26:10Z</time>
      </trkpt>
      <trkpt lat="33.60907" lon="-117.76531">
        <ele>137.68</ele>
        <time>2026-02-28T16:26:14Z</time>
      </trkpt>
      <trkpt lat="33.60907" lon="-117.76534">
        <ele>138.31</ele>
        <time>2026-02-28T16:26:18Z</time>
      </trkpt>
      <trkpt lat="33.60908" lon="-117.76537">
        <ele>138.86</ele>
        <time>2026-02-28T16:26:22Z</time>
      </trkpt>
      <trkpt lat="33.60908" lon="-117.76541">
        <ele>139.73</ele>
        <time>2026-02-28T16:26:26Z</time>
      </trkpt>
      <trkpt lat="33.60908" lon="-117.76544">
        <ele>140.38</ele>
        <time>2026-02-28T16:26:30Z</time>
      </trkpt>
      <trkpt lat="33.60907" lon="-117.76547">
        <ele>140.99</ele>
        <time>2026-02-28T16:26:34Z</time>
      </trkpt>
      <trkpt lat="33.60907" lon="-117.7655">
        <ele>141.31</ele>
        <time>2026-02-28T16:26:38Z</time>
      </trkpt>
      <trkpt lat="33.60907" lon="-117.76554">
        <ele>141.74</ele>
        <time>2026-02-28T16:26:42Z</time>
      </trkpt>
      <trkpt lat="33.60907" lon="-117.76557">
        <ele>142.07</ele>
        <time>2026-02-28T16:26:46Z</time>
      </trkpt>
      <trkpt lat="33.60908" lon="-117.76561">
        <ele>142.49</ele>
        <time>2026-02-28T16:26:50Z</time>
      </trkpt>
      <trkpt lat="33.60908" lon="-117.76565">
        <ele>142.89</ele>
        <time>2026-02-28T16:26:54Z</time>
      </trkpt>
      <trkpt lat="33.60909" lon="-117.76568">
        <ele>143.06</ele>
        <time>2026-02-28T16:26:58Z</time>
      </trkpt>
      <trkpt lat="33.60909" lon="-117.76572">
        <ele>143.57</ele>
        <time>2026-02-28T16:27:02Z</time>
      </trkpt>
      <trkpt lat="33.6091" lon="-117.76576">
        <ele>143.93</ele>
        <time>2026-02-28T16:27:05Z</time>
      </trkpt>
      <trkpt lat="33.6091" lon="-117.7658">
        <ele>144.36</ele>
        <time>2026-02-28T16:27:07Z</time>
      </trkpt>
      <trkpt lat="33.6091" lon="-117.76584">
        <ele>144.79</ele>
        <time>2026-02-28T16:27:10Z</time>
      </trkpt>
      <trkpt lat="33.60911" lon="-117.76588">
        <ele>145.12</ele>
        <time>2026-02-28T16:27:14Z</time>
      </trkpt>
      <trkpt lat="33.60913" lon="-117.76592">
        <ele>145.33</ele>
        <time>2026-02-28T16:27:18Z</time>
      </trkpt>
      <trkpt lat="33.60916" lon="-117.76594">
        <ele>145.37</ele>
        <time>2026-02-28T16:27:21Z</time>
      </trkpt>
      <trkpt lat="33.60918" lon="-117.76597">
        <ele>145.66</ele>
        <time>2026-02-28T16:27:24Z</time>
      </trkpt>
      <trkpt lat="33.60919" lon="-117.76601">
        <ele>146.31</ele>
        <time>2026-02-28T16:27:28Z</time>
      </trkpt>
      <trkpt lat="33.6092" lon="-117.76604">
        <ele>146.51</ele>
        <time>2026-02-28T16:27:32Z</time>
      </trkpt>
      <trkpt lat="33.60921" lon="-117.76608">
        <ele>146.73</ele>
        <time>2026-02-28T16:27:36Z</time>
      </trkpt>
      <trkpt lat="33.60921" lon="-117.76611">
        <ele>147.05</ele>
        <time>2026-02-28T16:27:40Z</time>
      </trkpt>
      <trkpt lat="33.60922" lon="-117.76615">
        <ele>147.51</ele>
        <time>2026-02-28T16:27:44Z</time>
      </trkpt>
      <trkpt lat="33.60922" lon="-117.76619">
        <ele>148.19</ele>
        <time>2026-02-28T16:27:48Z</time>
      </trkpt>
      <trkpt lat="33.60923" lon="-117.76622">
        <ele>148.67</ele>
        <time>2026-02-28T16:27:52Z</time>
      </trkpt>
      <trkpt lat="33.60923" lon="-117.76625">
        <ele>149.32</ele>
        <time>2026-02-28T16:27:56Z</time>
      </trkpt>
      <trkpt lat="33.60924" lon="-117.76629">
        <ele>150.07</ele>
        <time>2026-02-28T16:28:01Z</time>
      </trkpt>
      <trkpt lat="33.60925" lon="-117.76633">
        <ele>150.76</ele>
        <time>2026-02-28T16:28:06Z</time>
      </trkpt>
      <trkpt lat="33.60925" lon="-117.76636">
        <ele>151.34</ele>
        <time>2026-02-28T16:28:10Z</time>
      </trkpt>
      <trkpt lat="33.60925" lon="-117.76639">
        <ele>151.9</ele>
        <time>2026-02-28T16:28:14Z</time>
      </trkpt>
      <trkpt lat="33.60926" lon="-117.76643">
        <ele>151.99</ele>
        <time>2026-02-28T16:28:18Z</time>
      </trkpt>
      <trkpt lat="33.60926" lon="-117.76646">
        <ele>151.99</ele>
        <time>2026-02-28T16:28:23Z</time>
      </trkpt>
      <trkpt lat="33.60927" lon="-117.76643">
        <ele>151.82</ele>
        <time>2026-02-28T16:28:34Z</time>
      </trkpt>
      <trkpt lat="33.60927" lon="-117.76648">
        <ele>151.88</ele>
        <time>2026-02-28T16:29:25Z</time>
      </trkpt>
      <trkpt lat="33.60927" lon="-117.76653">
        <ele>152.35</ele>
        <time>2026-02-28T16:29:28Z</time>
      </trkpt>
      <trkpt lat="33.60927" lon="-117.76658">
        <ele>152.77</ele>
        <time>2026-02-28T16:29:30Z</time>
      </trkpt>
      <trkpt lat="33.60927" lon="-117.76663">
        <ele>152.77</ele>
        <time>2026-02-28T16:29:32Z</time>
      </trkpt>
      <trkpt lat="33.60927" lon="-117.76667">
        <ele>152.81</ele>
        <time>2026-02-28T16:29:34Z</time>
      </trkpt>
      <trkpt lat="33.60927" lon="-117.76671">
        <ele>153.29</ele>
        <time>2026-02-28T16:29:37Z</time>
      </trkpt>
      <trkpt lat="33.60927" lon="-117.76674">
        <ele>153.65</ele>
        <time>2026-02-28T16:29:40Z</time>
      </trkpt>
      <trkpt lat="33.60927" lon="-117.76678">
        <ele>154.13</ele>
        <time>2026-02-28T16:29:44Z</time>
      </trkpt>
      <trkpt lat="33.60928" lon="-117.76682">
        <ele>154.58</ele>
        <time>2026-02-28T16:29:48Z</time>
      </trkpt>
      <trkpt lat="33.60928" lon="-117.76685">
        <ele>154.98</ele>
        <time>2026-02-28T16:29:52Z</time>
      </trkpt>
      <trkpt lat="33.60928" lon="-117.76689">
        <ele>155.5</ele>
        <time>2026-02-28T16:29:57Z</time>
      </trkpt>
      <trkpt lat="33.60929" lon="-117.76692">
        <ele>155.98</ele>
        <time>2026-02-28T16:30:02Z</time>
      </trkpt>
      <trkpt lat="33.60929" lon="-117.76695">
        <ele>156.45</ele>
        <time>2026-02-28T16:30:07Z</time>
      </trkpt>
      <trkpt lat="33.6093" lon="-117.76698">
        <ele>157.21</ele>
        <time>2026-02-28T16:30:12Z</time>
      </trkpt>
      <trkpt lat="33.60931" lon="-117.76701">
        <ele>157.96</ele>
        <time>2026-02-28T16:30:17Z</time>
      </trkpt>
      <trkpt lat="33.60933" lon="-117.76703">
        <ele>158.61</ele>
        <time>2026-02-28T16:30:23Z</time>
      </trkpt>
      <trkpt lat="33.60935" lon="-117.76702">
        <ele>158.61</ele>
        <time>2026-02-28T16:30:26Z</time>
      </trkpt>
      <trkpt lat="33.60938" lon="-117.76703">
        <ele>159.13</ele>
        <time>2026-02-28T16:30:32Z</time>
      </trkpt>
      <trkpt lat="33.6094" lon="-117.76706">
        <ele>160.02</ele>
        <time>2026-02-28T16:30:39Z</time>
      </trkpt>
      <trkpt lat="33.60941" lon="-117.76708">
        <ele>160.56</ele>
        <time>2026-02-28T16:30:44Z</time>
      </trkpt>
      <trkpt lat="33.60943" lon="-117.76712">
        <ele>161.64</ele>
        <time>2026-02-28T16:30:49Z</time>
      </trkpt>
      <trkpt lat="33.60944" lon="-117.76715">
        <ele>162.38</ele>
        <time>2026-02-28T16:30:53Z</time>
      </trkpt>
      <trkpt lat="33.60946" lon="-117.76718">
        <ele>163.1</ele>
        <time>2026-02-28T16:30:57Z</time>
      </trkpt>
      <trkpt lat="33.60947" lon="-117.76721">
        <ele>163.94</ele>
        <time>2026-02-28T16:31:01Z</time>
      </trkpt>
      <trkpt lat="33.60948" lon="-117.76724">
        <ele>164.89</ele>
        <time>2026-02-28T16:31:05Z</time>
      </trkpt>
      <trkpt lat="33.6095" lon="-117.76727">
        <ele>165.84</ele>
        <time>2026-02-28T16:31:09Z</time>
      </trkpt>
      <trkpt lat="33.60951" lon="-117.76731">
        <ele>166.88</ele>
        <time>2026-02-28T16:31:13Z</time>
      </trkpt>
      <trkpt lat="33.60952" lon="-117.76735">
        <ele>167.38</ele>
        <time>2026-02-28T16:31:15Z</time>
      </trkpt>
      <trkpt lat="33.60953" lon="-117.76739">
        <ele>167.81</ele>
        <time>2026-02-28T16:31:17Z</time>
      </trkpt>
      <trkpt lat="33.60953" lon="-117.76743">
        <ele>168.24</ele>
        <time>2026-02-28T16:31:20Z</time>
      </trkpt>
      <trkpt lat="33.60954" lon="-117.76746">
        <ele>168.57</ele>
        <time>2026-02-28T16:31:23Z</time>
      </trkpt>
      <trkpt lat="33.60953" lon="-117.7675">
        <ele>169.0</ele>
        <time>2026-02-28T16:31:27Z</time>
      </trkpt>
      <trkpt lat="33.60952" lon="-117.76754">
        <ele>169.51</ele>
        <time>2026-02-28T16:31:31Z</time>
      </trkpt>
      <trkpt lat="33.60952" lon="-117.76751">
        <ele>169.13</ele>
        <time>2026-02-28T16:31:41Z</time>
      </trkpt>
      <trkpt lat="33.60952" lon="-117.76755">
        <ele>169.64</ele>
        <time>2026-02-28T16:32:25Z</time>
      </trkpt>
      <trkpt lat="33.60952" lon="-117.76759">
        <ele>170.15</ele>
        <time>2026-02-28T16:32:32Z</time>
      </trkpt>
      <trkpt lat="33.60951" lon="-117.76763">
        <ele>170.7</ele>
        <time>2026-02-28T16:32:38Z</time>
      </trkpt>
      <trkpt lat="33.60951" lon="-117.76766">
        <ele>171.02</ele>
        <time>2026-02-28T16:32:43Z</time>
      </trkpt>
      <trkpt lat="33.60951" lon="-117.7677">
        <ele>171.61</ele>
        <time>2026-02-28T16:32:45Z</time>
      </trkpt>
      <trkpt lat="33.60951" lon="-117.76774">
        <ele>172.48</ele>
        <time>2026-02-28T16:32:47Z</time>
      </trkpt>
      <trkpt lat="33.60951" lon="-117.76778">
        <ele>173.34</ele>
        <time>2026-02-28T16:32:49Z</time>
      </trkpt>
      <trkpt lat="33.60951" lon="-117.76782">
        <ele>174.2</ele>
        <time>2026-02-28T16:32:52Z</time>
      </trkpt>
      <trkpt lat="33.60951" lon="-117.76785">
        <ele>174.85</ele>
        <time>2026-02-28T16:32:56Z</time>
      </trkpt>
      <trkpt lat="33.60951" lon="-117.76789">
        <ele>175.5</ele>
        <time>2026-02-28T16:33:00Z</time>
      </trkpt>
      <trkpt lat="33.60951" lon="-117.76793">
        <ele>175.94</ele>
        <time>2026-02-28T16:33:04Z</time>
      </trkpt>
      <trkpt lat="33.60951" lon="-117.76796">
        <ele>176.26</ele>
        <time>2026-02-28T16:33:08Z</time>
      </trkpt>
      <trkpt lat="33.60954" lon="-117.76799">
        <ele>176.57</ele>
        <time>2026-02-28T16:33:12Z</time>
      </trkpt>
      <trkpt lat="33.60956" lon="-117.76801">
        <ele>176.76</ele>
        <time>2026-02-28T16:33:14Z</time>
      </trkpt>
      <trkpt lat="33.60959" lon="-117.76803">
        <ele>176.62</ele>
        <time>2026-02-28T16:33:16Z</time>
      </trkpt>
      <trkpt lat="33.60962" lon="-117.76804">
        <ele>176.17</ele>
        <time>2026-02-28T16:33:18Z</time>
      </trkpt>
      <trkpt lat="33.60965" lon="-117.76806">
        <ele>176.09</ele>
        <time>2026-02-28T16:33:21Z</time>
      </trkpt>
      <trkpt lat="33.60967" lon="-117.76805">
        <ele>175.95</ele>
        <time>2026-02-28T16:33:24Z</time>
      </trkpt>
      <trkpt lat="33.6097" lon="-117.76805">
        <ele>175.91</ele>
        <time>2026-02-28T16:33:27Z</time>
      </trkpt>
      <trkpt lat="33.60973" lon="-117.76804">
        <ele>175.59</ele>
        <time>2026-02-28T16:33:30Z</time>
      </trkpt>
      <trkpt lat="33.60975" lon="-117.76803">
        <ele>175.23</ele>
        <time>2026-02-28T16:33:33Z</time>
      </trkpt>
      <trkpt lat="33.60978" lon="-117.76801">
        <ele>174.7</ele>
        <time>2026-02-28T16:33:36Z</time>
      </trkpt>
      <trkpt lat="33.60981" lon="-117.76799">
        <ele>174.31</ele>
        <time>2026-02-28T16:33:39Z</time>
      </trkpt>
      <trkpt lat="33.60983" lon="-117.76798">
        <ele>174.18</ele>
        <time>2026-02-28T16:33:42Z</time>
      </trkpt>
      <trkpt lat="33.60986" lon="-117.76797">
        <ele>174.08</ele>
        <time>2026-02-28T16:33:45Z</time>
      </trkpt>
      <trkpt lat="33.60989" lon="-117.76795">
        <ele>173.75</ele>
        <time>2026-02-28T16:33:48Z</time>
      </trkpt>
      <trkpt lat="33.60992" lon="-117.76793">
        <ele>173.2</ele>
        <time>2026-02-28T16:33:51Z</time>
      </trkpt>
      <trkpt lat="33.60995" lon="-117.76792">
        <ele>172.83</ele>
        <time>2026-02-28T16:33:54Z</time>
      </trkpt>
      <trkpt lat="33.60998" lon="-117.76791">
        <ele>172.52</ele>
        <time>2026-02-28T16:33:57Z</time>
      </trkpt>
      <trkpt lat="33.61002" lon="-117.7679">
        <ele>172.32</ele>
        <time>2026-02-28T16:34:00Z</time>
      </trkpt>
      <trkpt lat="33.61006" lon="-117.76792">
        <ele>172.54</ele>
        <time>2026-02-28T16:34:03Z</time>
      </trkpt>
      <trkpt lat="33.61008" lon="-117.76795">
        <ele>172.86</ele>
        <time>2026-02-28T16:34:05Z</time>
      </trkpt>
      <trkpt lat="33.6101" lon="-117.76797">
        <ele>173.0</ele>
        <time>2026-02-28T16:34:07Z</time>
      </trkpt>
      <trkpt lat="33.61013" lon="-117.768">
        <ele>173.0</ele>
        <time>2026-02-28T16:34:09Z</time>
      </trkpt>
      <trkpt lat="33.61015" lon="-117.76802">
        <ele>173.0</ele>
        <time>2026-02-28T16:34:11Z</time>
      </trkpt>
      <trkpt lat="33.61017" lon="-117.76804">
        <ele>173.0</ele>
        <time>2026-02-28T16:34:13Z</time>
      </trkpt>
      <trkpt lat="33.61019" lon="-117.76806">
        <ele>172.9</ele>
        <time>2026-02-28T16:34:15Z</time>
      </trkpt>
      <trkpt lat="33.61023" lon="-117.76809">
        <ele>172.03</ele>
        <time>2026-02-28T16:34:18Z</time>
      </trkpt>
      <trkpt lat="33.61026" lon="-117.76811">
        <ele>171.38</ele>
        <time>2026-02-28T16:34:21Z</time>
      </trkpt>
      <trkpt lat="33.61029" lon="-117.76813">
        <ele>170.5</ele>
        <time>2026-02-28T16:34:24Z</time>
      </trkpt>
      <trkpt lat="33.61032" lon="-117.76815">
        <ele>169.2</ele>
        <time>2026-02-28T16:34:27Z</time>
      </trkpt>
      <trkpt lat="33.61035" lon="-117.76818">
        <ele>168.68</ele>
        <time>2026-02-28T16:34:30Z</time>
      </trkpt>
      <trkpt lat="33.61038" lon="-117.7682">
        <ele>168.37</ele>
        <time>2026-02-28T16:34:33Z</time>
      </trkpt>
      <trkpt lat="33.61041" lon="-117.76822">
        <ele>168.04</ele>
        <time>2026-02-28T16:34:36Z</time>
      </trkpt>
      <trkpt lat="33.61044" lon="-117.76824">
        <ele>167.72</ele>
        <time>2026-02-28T16:34:39Z</time>
      </trkpt>
      <trkpt lat="33.61045" lon="-117.76827">
        <ele>168.1</ele>
        <time>2026-02-28T16:34:43Z</time>
      </trkpt>
      <trkpt lat="33.61046" lon="-117.76831">
        <ele>168.62</ele>
        <time>2026-02-28T16:34:47Z</time>
      </trkpt>
      <trkpt lat="33.61047" lon="-117.76834">
        <ele>168.7</ele>
        <time>2026-02-28T16:34:50Z</time>
      </trkpt>
      <trkpt lat="33.61048" lon="-117.76838">
        <ele>168.77</ele>
        <time>2026-02-28T16:34:53Z</time>
      </trkpt>
      <trkpt lat="33.6105" lon="-117.76841">
        <ele>168.49</ele>
        <time>2026-02-28T16:34:56Z</time>
      </trkpt>
      <trkpt lat="33.61053" lon="-117.76843">
        <ele>168.01</ele>
        <time>2026-02-28T16:34:59Z</time>
      </trkpt>
      <trkpt lat="33.61056" lon="-117.76841">
        <ele>166.56</ele>
        <time>2026-02-28T16:35:02Z</time>
      </trkpt>
      <trkpt lat="33.61059" lon="-117.76839">
        <ele>166.15</ele>
        <time>2026-02-28T16:35:05Z</time>
      </trkpt>
      <trkpt lat="33.61062" lon="-117.76838">
        <ele>165.87</ele>
        <time>2026-02-28T16:35:08Z</time>
      </trkpt>
      <trkpt lat="33.61065" lon="-117.76836">
        <ele>164.76</ele>
        <time>2026-02-28T16:35:11Z</time>
      </trkpt>
      <trkpt lat="33.61068" lon="-117.76835">
        <ele>164.64</ele>
        <time>2026-02-28T16:35:14Z</time>
      </trkpt>
      <trkpt lat="33.61072" lon="-117.76834">
        <ele>164.87</ele>
        <time>2026-02-28T16:35:17Z</time>
      </trkpt>
      <trkpt lat="33.61075" lon="-117.76835">
        <ele>165.62</ele>
        <time>2026-02-28T16:35:20Z</time>
      </trkpt>
      <trkpt lat="33.61079" lon="-117.76836">
        <ele>165.62</ele>
        <time>2026-02-28T16:35:23Z</time>
      </trkpt>
      <trkpt lat="33.61083" lon="-117.76837">
        <ele>165.62</ele>
        <time>2026-02-28T16:35:26Z</time>
      </trkpt>
      <trkpt lat="33.61086" lon="-117.76839">
        <ele>166.1</ele>
        <time>2026-02-28T16:35:29Z</time>
      </trkpt>
      <trkpt lat="33.6109" lon="-117.76841">
        <ele>166.12</ele>
        <time>2026-02-28T16:35:32Z</time>
      </trkpt>
      <trkpt lat="33.61093" lon="-117.76843">
        <ele>165.96</ele>
        <time>2026-02-28T16:35:35Z</time>
      </trkpt>
      <trkpt lat="33.61096" lon="-117.76846">
        <ele>165.77</ele>
        <time>2026-02-28T16:35:37Z</time>
      </trkpt>
      <trkpt lat="33.61098" lon="-117.7685">
        <ele>166.32</ele>
        <time>2026-02-28T16:35:39Z</time>
      </trkpt>
      <trkpt lat="33.611" lon="-117.76853">
        <ele>166.7</ele>
        <time>2026-02-28T16:35:41Z</time>
      </trkpt>
      <trkpt lat="33.61102" lon="-117.76856">
        <ele>166.85</ele>
        <time>2026-02-28T16:35:43Z</time>
      </trkpt>
      <trkpt lat="33.61105" lon="-117.76859">
        <ele>166.34</ele>
        <time>2026-02-28T16:35:45Z</time>
      </trkpt>
      <trkpt lat="33.61107" lon="-117.76861">
        <ele>165.77</ele>
        <time>2026-02-28T16:35:47Z</time>
      </trkpt>
      <trkpt lat="33.61109" lon="-117.76864">
        <ele>166.4</ele>
        <time>2026-02-28T16:35:49Z</time>
      </trkpt>
      <trkpt lat="33.61111" lon="-117.76866">
        <ele>166.68</ele>
        <time>2026-02-28T16:35:51Z</time>
      </trkpt>
      <trkpt lat="33.61113" lon="-117.7687">
        <ele>168.8</ele>
        <time>2026-02-28T16:35:54Z</time>
      </trkpt>
      <trkpt lat="33.61116" lon="-117.76872">
        <ele>169.44</ele>
        <time>2026-02-28T16:35:57Z</time>
      </trkpt>
      <trkpt lat="33.61119" lon="-117.76874">
        <ele>169.84</ele>
        <time>2026-02-28T16:36:00Z</time>
      </trkpt>
      <trkpt lat="33.61121" lon="-117.76873">
        <ele>169.45</ele>
        <time>2026-02-28T16:36:03Z</time>
      </trkpt>
      <trkpt lat="33.61124" lon="-117.76871">
        <ele>168.38</ele>
        <time>2026-02-28T16:36:06Z</time>
      </trkpt>
      <trkpt lat="33.61127" lon="-117.76871">
        <ele>167.75</ele>
        <time>2026-02-28T16:36:10Z</time>
      </trkpt>
      <trkpt lat="33.61128" lon="-117.76874">
        <ele>168.46</ele>
        <time>2026-02-28T16:36:18Z</time>
      </trkpt>
      <trkpt lat="33.61131" lon="-117.76875">
        <ele>168.65</ele>
        <time>2026-02-28T16:36:22Z</time>
      </trkpt>
      <trkpt lat="33.61134" lon="-117.76875">
        <ele>168.97</ele>
        <time>2026-02-28T16:36:25Z</time>
      </trkpt>
      <trkpt lat="33.61137" lon="-117.76876">
        <ele>169.62</ele>
        <time>2026-02-28T16:36:28Z</time>
      </trkpt>
      <trkpt lat="33.6114" lon="-117.76876">
        <ele>169.99</ele>
        <time>2026-02-28T16:36:31Z</time>
      </trkpt>
      <trkpt lat="33.61143" lon="-117.76877">
        <ele>170.72</ele>
        <time>2026-02-28T16:36:34Z</time>
      </trkpt>
      <trkpt lat="33.61146" lon="-117.76878">
        <ele>171.38</ele>
        <time>2026-02-28T16:36:37Z</time>
      </trkpt>
      <trkpt lat="33.61149" lon="-117.76878">
        <ele>171.6</ele>
        <time>2026-02-28T16:36:40Z</time>
      </trkpt>
      <trkpt lat="33.61152" lon="-117.76879">
        <ele>171.78</ele>
        <time>2026-02-28T16:36:43Z</time>
      </trkpt>
      <trkpt lat="33.61156" lon="-117.7688">
        <ele>172.09</ele>
        <time>2026-02-28T16:36:46Z</time>
      </trkpt>
      <trkpt lat="33.61159" lon="-117.76881">
        <ele>171.98</ele>
        <time>2026-02-28T16:36:49Z</time>
      </trkpt>
      <trkpt lat="33.61162" lon="-117.76882">
        <ele>171.65</ele>
        <time>2026-02-28T16:36:52Z</time>
      </trkpt>
      <trkpt lat="33.61165" lon="-117.76883">
        <ele>171.39</ele>
        <time>2026-02-28T16:36:55Z</time>
      </trkpt>
      <trkpt lat="33.61168" lon="-117.76884">
        <ele>171.27</ele>
        <time>2026-02-28T16:36:58Z</time>
      </trkpt>
      <trkpt lat="33.61171" lon="-117.76885">
        <ele>171.27</ele>
        <time>2026-02-28T16:37:01Z</time>
      </trkpt>
      <trkpt lat="33.61174" lon="-117.76886">
        <ele>171.27</ele>
        <time>2026-02-28T16:37:04Z</time>
      </trkpt>
      <trkpt lat="33.61178" lon="-117.76887">
        <ele>171.61</ele>
        <time>2026-02-28T16:37:07Z</time>
      </trkpt>
      <trkpt lat="33.61181" lon="-117.76888">
        <ele>172.26</ele>
        <time>2026-02-28T16:37:10Z</time>
      </trkpt>
      <trkpt lat="33.61184" lon="-117.7689">
        <ele>173.01</ele>
        <time>2026-02-28T16:37:13Z</time>
      </trkpt>
      <trkpt lat="33.61187" lon="-117.76891">
        <ele>173.27</ele>
        <time>2026-02-28T16:37:16Z</time>
      </trkpt>
      <trkpt lat="33.6119" lon="-117.76892">
        <ele>173.51</ele>
        <time>2026-02-28T16:37:19Z</time>
      </trkpt>
      <trkpt lat="33.61193" lon="-117.76894">
        <ele>174.02</ele>
        <time>2026-02-28T16:37:22Z</time>
      </trkpt>
      <trkpt lat="33.61196" lon="-117.76896">
        <ele>174.54</ele>
        <time>2026-02-28T16:37:25Z</time>
      </trkpt>
      <trkpt lat="33.61198" lon="-117.76899">
        <ele>175.18</ele>
        <time>2026-02-28T16:37:27Z</time>
      </trkpt>
      <trkpt lat="33.612" lon="-117.76902">
        <ele>175.83</ele>
        <time>2026-02-28T16:37:29Z</time>
      </trkpt>
      <trkpt lat="33.61202" lon="-117.76906">
        <ele>176.7</ele>
        <time>2026-02-28T16:37:32Z</time>
      </trkpt>
      <trkpt lat="33.61205" lon="-117.76908">
        <ele>177.06</ele>
        <time>2026-02-28T16:37:35Z</time>
      </trkpt>
      <trkpt lat="33.61208" lon="-117.7691">
        <ele>177.28</ele>
        <time>2026-02-28T16:37:38Z</time>
      </trkpt>
      <trkpt lat="33.6121" lon="-117.76912">
        <ele>177.5</ele>
        <time>2026-02-28T16:37:41Z</time>
      </trkpt>
      <trkpt lat="33.61213" lon="-117.76914">
        <ele>177.71</ele>
        <time>2026-02-28T16:37:44Z</time>
      </trkpt>
      <trkpt lat="33.61216" lon="-117.76916">
        <ele>177.93</ele>
        <time>2026-02-28T16:37:47Z</time>
      </trkpt>
      <trkpt lat="33.61218" lon="-117.76918">
        <ele>178.07</ele>
        <time>2026-02-28T16:37:50Z</time>
      </trkpt>
      <trkpt lat="33.6122" lon="-117.76921">
        <ele>178.11</ele>
        <time>2026-02-28T16:37:55Z</time>
      </trkpt>
      <trkpt lat="33.61223" lon="-117.76924">
        <ele>177.98</ele>
        <time>2026-02-28T16:37:59Z</time>
      </trkpt>
      <trkpt lat="33.61226" lon="-117.76925">
        <ele>177.96</ele>
        <time>2026-02-28T16:38:02Z</time>
      </trkpt>
      <trkpt lat="33.61229" lon="-117.76927">
        <ele>178.03</ele>
        <time>2026-02-28T16:38:05Z</time>
      </trkpt>
      <trkpt lat="33.61231" lon="-117.76929">
        <ele>178.02</ele>
        <time>2026-02-28T16:38:08Z</time>
      </trkpt>
      <trkpt lat="33.61234" lon="-117.7693">
        <ele>178.0</ele>
        <time>2026-02-28T16:38:11Z</time>
      </trkpt>
      <trkpt lat="33.61237" lon="-117.76931">
        <ele>178.0</ele>
        <time>2026-02-28T16:38:14Z</time>
      </trkpt>
      <trkpt lat="33.6124" lon="-117.76932">
        <ele>178.0</ele>
        <time>2026-02-28T16:38:17Z</time>
      </trkpt>
      <trkpt lat="33.61243" lon="-117.76933">
        <ele>177.57</ele>
        <time>2026-02-28T16:38:20Z</time>
      </trkpt>
      <trkpt lat="33.61246" lon="-117.76935">
        <ele>176.88</ele>
        <time>2026-02-28T16:38:23Z</time>
      </trkpt>
      <trkpt lat="33.61248" lon="-117.76936">
        <ele>176.43</ele>
        <time>2026-02-28T16:38:26Z</time>
      </trkpt>
      <trkpt lat="33.61252" lon="-117.76936">
        <ele>175.55</ele>
        <time>2026-02-28T16:38:30Z</time>
      </trkpt>
      <trkpt lat="33.61255" lon="-117.76935">
        <ele>174.94</ele>
        <time>2026-02-28T16:38:34Z</time>
      </trkpt>
      <trkpt lat="33.61258" lon="-117.76936">
        <ele>174.2</ele>
        <time>2026-02-28T16:38:38Z</time>
      </trkpt>
      <trkpt lat="33.6126" lon="-117.76937">
        <ele>173.6</ele>
        <time>2026-02-28T16:38:41Z</time>
      </trkpt>
      <trkpt lat="33.61263" lon="-117.76939">
        <ele>172.71</ele>
        <time>2026-02-28T16:38:44Z</time>
      </trkpt>
      <trkpt lat="33.61266" lon="-117.76941">
        <ele>172.1</ele>
        <time>2026-02-28T16:38:47Z</time>
      </trkpt>
      <trkpt lat="33.61269" lon="-117.76942">
        <ele>171.81</ele>
        <time>2026-02-28T16:38:51Z</time>
      </trkpt>
      <trkpt lat="33.61272" lon="-117.76942">
        <ele>172.29</ele>
        <time>2026-02-28T16:38:53Z</time>
      </trkpt>
      <trkpt lat="33.61275" lon="-117.76942">
        <ele>172.77</ele>
        <time>2026-02-28T16:38:55Z</time>
      </trkpt>
      <trkpt lat="33.61279" lon="-117.76942">
        <ele>173.28</ele>
        <time>2026-02-28T16:38:57Z</time>
      </trkpt>
      <trkpt lat="33.61282" lon="-117.76943">
        <ele>173.67</ele>
        <time>2026-02-28T16:38:59Z</time>
      </trkpt>
      <trkpt lat="33.61285" lon="-117.76944">
        <ele>173.93</ele>
        <time>2026-02-28T16:39:02Z</time>
      </trkpt>
      <trkpt lat="33.61288" lon="-117.76946">
        <ele>174.25</ele>
        <time>2026-02-28T16:39:06Z</time>
      </trkpt>
      <trkpt lat="33.6129" lon="-117.76948">
        <ele>174.58</ele>
        <time>2026-02-28T16:39:10Z</time>
      </trkpt>
      <trkpt lat="33.61293" lon="-117.76949">
        <ele>174.82</ele>
        <time>2026-02-28T16:39:14Z</time>
      </trkpt>
      <trkpt lat="33.61296" lon="-117.7695">
        <ele>174.99</ele>
        <time>2026-02-28T16:39:17Z</time>
      </trkpt>
      <trkpt lat="33.61299" lon="-117.7695">
        <ele>174.88</ele>
        <time>2026-02-28T16:39:21Z</time>
      </trkpt>
      <trkpt lat="33.61302" lon="-117.76951">
        <ele>174.82</ele>
        <time>2026-02-28T16:39:24Z</time>
      </trkpt>
      <trkpt lat="33.61305" lon="-117.76952">
        <ele>174.83</ele>
        <time>2026-02-28T16:39:27Z</time>
      </trkpt>
      <trkpt lat="33.61308" lon="-117.76953">
        <ele>174.92</ele>
        <time>2026-02-28T16:39:30Z</time>
      </trkpt>
      <trkpt lat="33.61311" lon="-117.76954">
        <ele>175.01</ele>
        <time>2026-02-28T16:39:33Z</time>
      </trkpt>
      <trkpt lat="33.61314" lon="-117.76955">
        <ele>175.01</ele>
        <time>2026-02-28T16:39:36Z</time>
      </trkpt>
      <trkpt lat="33.61318" lon="-117.76956">
        <ele>175.0</ele>
        <time>2026-02-28T16:39:39Z</time>
      </trkpt>
      <trkpt lat="33.61321" lon="-117.76956">
        <ele>175.0</ele>
        <time>2026-02-28T16:39:42Z</time>
      </trkpt>
      <trkpt lat="33.61324" lon="-117.76957">
        <ele>175.0</ele>
        <time>2026-02-28T16:39:44Z</time>
      </trkpt>
      <trkpt lat="33.61328" lon="-117.76957">
        <ele>174.73</ele>
        <time>2026-02-28T16:39:46Z</time>
      </trkpt>
      <trkpt lat="33.61332" lon="-117.76958">
        <ele>174.54</ele>
        <time>2026-02-28T16:39:48Z</time>
      </trkpt>
      <trkpt lat="33.61335" lon="-117.76958">
        <ele>174.28</ele>
        <time>2026-02-28T16:39:50Z</time>
      </trkpt>
      <trkpt lat="33.61338" lon="-117.76959">
        <ele>174.07</ele>
        <time>2026-02-28T16:39:52Z</time>
      </trkpt>
      <trkpt lat="33.61341" lon="-117.76961">
        <ele>173.96</ele>
        <time>2026-02-28T16:39:55Z</time>
      </trkpt>
      <trkpt lat="33.61344" lon="-117.76964">
        <ele>173.96</ele>
        <time>2026-02-28T16:39:57Z</time>
      </trkpt>
      <trkpt lat="33.61347" lon="-117.76965">
        <ele>173.74</ele>
        <time>2026-02-28T16:40:00Z</time>
      </trkpt>
      <trkpt lat="33.61351" lon="-117.76965">
        <ele>173.31</ele>
        <time>2026-02-28T16:40:03Z</time>
      </trkpt>
      <trkpt lat="33.61355" lon="-117.76967">
        <ele>173.44</ele>
        <time>2026-02-28T16:40:06Z</time>
      </trkpt>
      <trkpt lat="33.61357" lon="-117.76969">
        <ele>173.65</ele>
        <time>2026-02-28T16:40:08Z</time>
      </trkpt>
      <trkpt lat="33.6136" lon="-117.76971">
        <ele>173.87</ele>
        <time>2026-02-28T16:40:11Z</time>
      </trkpt>
      <trkpt lat="33.61363" lon="-117.76974">
        <ele>174.31</ele>
        <time>2026-02-28T16:40:14Z</time>
      </trkpt>
      <trkpt lat="33.61367" lon="-117.76975">
        <ele>174.22</ele>
        <time>2026-02-28T16:40:17Z</time>
      </trkpt>
      <trkpt lat="33.6137" lon="-117.76976">
        <ele>174.03</ele>
        <time>2026-02-28T16:40:20Z</time>
      </trkpt>
      <trkpt lat="33.61373" lon="-117.76978">
        <ele>173.93</ele>
        <time>2026-02-28T16:40:23Z</time>
      </trkpt>
      <trkpt lat="33.61376" lon="-117.7698">
        <ele>173.59</ele>
        <time>2026-02-28T16:40:26Z</time>
      </trkpt>
      <trkpt lat="33.61379" lon="-117.76982">
        <ele>173.18</ele>
        <time>2026-02-28T16:40:29Z</time>
      </trkpt>
      <trkpt lat="33.61382" lon="-117.76984">
        <ele>173.85</ele>
        <time>2026-02-28T16:40:32Z</time>
      </trkpt>
      <trkpt lat="33.61385" lon="-117.76987">
        <ele>174.31</ele>
        <time>2026-02-28T16:40:35Z</time>
      </trkpt>
      <trkpt lat="33.61388" lon="-117.76989">
        <ele>174.23</ele>
        <time>2026-02-28T16:40:38Z</time>
      </trkpt>
      <trkpt lat="33.61391" lon="-117.76992">
        <ele>174.63</ele>
        <time>2026-02-28T16:40:41Z</time>
      </trkpt>
      <trkpt lat="33.61393" lon="-117.76994">
        <ele>175.12</ele>
        <time>2026-02-28T16:40:44Z</time>
      </trkpt>
      <trkpt lat="33.61396" lon="-117.76997">
        <ele>175.33</ele>
        <time>2026-02-28T16:40:47Z</time>
      </trkpt>
      <trkpt lat="33.61393" lon="-117.77">
        <ele>175.56</ele>
        <time>2026-02-28T16:40:51Z</time>
      </trkpt>
      <trkpt lat="33.61393" lon="-117.77004">
        <ele>176.23</ele>
        <time>2026-02-28T16:40:55Z</time>
      </trkpt>
      <trkpt lat="33.61395" lon="-117.77006">
        <ele>176.21</ele>
        <time>2026-02-28T16:40:58Z</time>
      </trkpt>
      <trkpt lat="33.61397" lon="-117.77009">
        <ele>176.22</ele>
        <time>2026-02-28T16:41:01Z</time>
      </trkpt>
      <trkpt lat="33.61399" lon="-117.77012">
        <ele>176.56</ele>
        <time>2026-02-28T16:41:04Z</time>
      </trkpt>
      <trkpt lat="33.614" lon="-117.77014">
        <ele>176.92</ele>
        <time>2026-02-28T16:41:07Z</time>
      </trkpt>
      <trkpt lat="33.61403" lon="-117.77017">
        <ele>177.23</ele>
        <time>2026-02-28T16:41:10Z</time>
      </trkpt>
      <trkpt lat="33.61405" lon="-117.77019">
        <ele>177.36</ele>
        <time>2026-02-28T16:41:13Z</time>
      </trkpt>
      <trkpt lat="33.61407" lon="-117.77022">
        <ele>177.8</ele>
        <time>2026-02-28T16:41:16Z</time>
      </trkpt>
      <trkpt lat="33.6141" lon="-117.77024">
        <ele>178.35</ele>
        <time>2026-02-28T16:41:20Z</time>
      </trkpt>
      <trkpt lat="33.61412" lon="-117.77026">
        <ele>179.02</ele>
        <time>2026-02-28T16:41:23Z</time>
      </trkpt>
      <trkpt lat="33.61415" lon="-117.77027">
        <ele>179.58</ele>
        <time>2026-02-28T16:41:26Z</time>
      </trkpt>
      <trkpt lat="33.61418" lon="-117.77029">
        <ele>179.89</ele>
        <time>2026-02-28T16:41:29Z</time>
      </trkpt>
      <trkpt lat="33.6142" lon="-117.7703">
        <ele>179.81</ele>
        <time>2026-02-28T16:41:32Z</time>
      </trkpt>
      <trkpt lat="33.61423" lon="-117.77032">
        <ele>179.94</ele>
        <time>2026-02-28T16:41:35Z</time>
      </trkpt>
      <trkpt lat="33.61426" lon="-117.77029">
        <ele>179.27</ele>
        <time>2026-02-28T16:41:38Z</time>
      </trkpt>
      <trkpt lat="33.6143" lon="-117.77028">
        <ele>179.48</ele>
        <time>2026-02-28T16:41:41Z</time>
      </trkpt>
      <trkpt lat="33.61432" lon="-117.77029">
        <ele>179.83</ele>
        <time>2026-02-28T16:41:44Z</time>
      </trkpt>
      <trkpt lat="33.61435" lon="-117.77032">
        <ele>180.45</ele>
        <time>2026-02-28T16:41:47Z</time>
      </trkpt>
      <trkpt lat="33.61437" lon="-117.77035">
        <ele>180.34</ele>
        <time>2026-02-28T16:41:50Z</time>
      </trkpt>
      <trkpt lat="33.61439" lon="-117.77039">
        <ele>180.39</ele>
        <time>2026-02-28T16:41:53Z</time>
      </trkpt>
      <trkpt lat="33.61441" lon="-117.77042">
        <ele>180.28</ele>
        <time>2026-02-28T16:41:56Z</time>
      </trkpt>
      <trkpt lat="33.61443" lon="-117.77046">
        <ele>180.28</ele>
        <time>2026-02-28T16:41:59Z</time>
      </trkpt>
      <trkpt lat="33.61445" lon="-117.7705">
        <ele>180.28</ele>
        <time>2026-02-28T16:42:02Z</time>
      </trkpt>
      <trkpt lat="33.61446" lon="-117.77054">
        <ele>180.5</ele>
        <time>2026-02-28T16:42:05Z</time>
      </trkpt>
      <trkpt lat="33.61448" lon="-117.77057">
        <ele>180.17</ele>
        <time>2026-02-28T16:42:08Z</time>
      </trkpt>
      <trkpt lat="33.6145" lon="-117.77061">
        <ele>179.45</ele>
        <time>2026-02-28T16:42:11Z</time>
      </trkpt>
      <trkpt lat="33.6145" lon="-117.77065">
        <ele>179.22</ele>
        <time>2026-02-28T16:42:14Z</time>
      </trkpt>
      <trkpt lat="33.61449" lon="-117.77069">
        <ele>179.98</ele>
        <time>2026-02-28T16:42:17Z</time>
      </trkpt>
      <trkpt lat="33.61449" lon="-117.77072">
        <ele>180.3</ele>
        <time>2026-02-28T16:42:20Z</time>
      </trkpt>
      <trkpt lat="33.61449" lon="-117.77076">
        <ele>180.62</ele>
        <time>2026-02-28T16:42:23Z</time>
      </trkpt>
      <trkpt lat="33.6145" lon="-117.77079">
        <ele>180.63</ele>
        <time>2026-02-28T16:42:26Z</time>
      </trkpt>
      <trkpt lat="33.6145" lon="-117.77083">
        <ele>180.97</ele>
        <time>2026-02-28T16:42:29Z</time>
      </trkpt>
      <trkpt lat="33.61451" lon="-117.77086">
        <ele>180.8</ele>
        <time>2026-02-28T16:42:32Z</time>
      </trkpt>
      <trkpt lat="33.61452" lon="-117.77089">
        <ele>180.5</ele>
        <time>2026-02-28T16:42:35Z</time>
      </trkpt>
      <trkpt lat="33.61454" lon="-117.77093">
        <ele>180.16</ele>
        <time>2026-02-28T16:42:38Z</time>
      </trkpt>
      <trkpt lat="33.61456" lon="-117.77096">
        <ele>181.26</ele>
        <time>2026-02-28T16:42:41Z</time>
      </trkpt>
      <trkpt lat="33.61458" lon="-117.77099">
        <ele>182.22</ele>
        <time>2026-02-28T16:42:44Z</time>
      </trkpt>
      <trkpt lat="33.61461" lon="-117.77101">
        <ele>182.8</ele>
        <time>2026-02-28T16:42:47Z</time>
      </trkpt>
      <trkpt lat="33.61463" lon="-117.77103">
        <ele>183.24</ele>
        <time>2026-02-28T16:42:49Z</time>
      </trkpt>
      <trkpt lat="33.61465" lon="-117.77105">
        <ele>183.09</ele>
        <time>2026-02-28T16:42:52Z</time>
      </trkpt>
      <trkpt lat="33.61468" lon="-117.77106">
        <ele>182.32</ele>
        <time>2026-02-28T16:42:57Z</time>
      </trkpt>
      <trkpt lat="33.61471" lon="-117.77106">
        <ele>181.38</ele>
        <time>2026-02-28T16:43:01Z</time>
      </trkpt>
      <trkpt lat="33.61474" lon="-117.77106">
        <ele>181.28</ele>
        <time>2026-02-28T16:43:05Z</time>
      </trkpt>
      <trkpt lat="33.61477" lon="-117.77107">
        <ele>181.8</ele>
        <time>2026-02-28T16:43:09Z</time>
      </trkpt>
      <trkpt lat="33.6148" lon="-117.77107">
        <ele>182.31</ele>
        <time>2026-02-28T16:43:12Z</time>
      </trkpt>
      <trkpt lat="33.61483" lon="-117.77107">
        <ele>182.5</ele>
        <time>2026-02-28T16:43:16Z</time>
      </trkpt>
      <trkpt lat="33.61487" lon="-117.77108">
        <ele>182.66</ele>
        <time>2026-02-28T16:43:20Z</time>
      </trkpt>
      <trkpt lat="33.6149" lon="-117.77107">
        <ele>182.25</ele>
        <time>2026-02-28T16:43:24Z</time>
      </trkpt>
      <trkpt lat="33.61493" lon="-117.77107">
        <ele>182.66</ele>
        <time>2026-02-28T16:43:27Z</time>
      </trkpt>
      <trkpt lat="33.61497" lon="-117.77106">
        <ele>183.28</ele>
        <time>2026-02-28T16:43:31Z</time>
      </trkpt>
      <trkpt lat="33.615" lon="-117.77105">
        <ele>184.0</ele>
        <time>2026-02-28T16:43:35Z</time>
      </trkpt>
      <trkpt lat="33.61503" lon="-117.77105">
        <ele>184.97</ele>
        <time>2026-02-28T16:43:39Z</time>
      </trkpt>
      <trkpt lat="33.61507" lon="-117.77105">
        <ele>186.27</ele>
        <time>2026-02-28T16:43:43Z</time>
      </trkpt>
      <trkpt lat="33.6151" lon="-117.77105">
        <ele>187.13</ele>
        <time>2026-02-28T16:43:47Z</time>
      </trkpt>
      <trkpt lat="33.61513" lon="-117.77104">
        <ele>187.71</ele>
        <time>2026-02-28T16:43:51Z</time>
      </trkpt>
      <trkpt lat="33.61516" lon="-117.77104">
        <ele>188.29</ele>
        <time>2026-02-28T16:43:55Z</time>
      </trkpt>
      <trkpt lat="33.6152" lon="-117.77103">
        <ele>189.04</ele>
        <time>2026-02-28T16:43:59Z</time>
      </trkpt>
      <trkpt lat="33.61523" lon="-117.77103">
        <ele>189.36</ele>
        <time>2026-02-28T16:44:03Z</time>
      </trkpt>
      <trkpt lat="33.61527" lon="-117.77103">
        <ele>189.79</ele>
        <time>2026-02-28T16:44:07Z</time>
      </trkpt>
      <trkpt lat="33.61529" lon="-117.77105">
        <ele>189.79</ele>
        <time>2026-02-28T16:44:10Z</time>
      </trkpt>
      <trkpt lat="33.61532" lon="-117.77108">
        <ele>189.79</ele>
        <time>2026-02-28T16:44:13Z</time>
      </trkpt>
      <trkpt lat="33.61535" lon="-117.77109">
        <ele>190.01</ele>
        <time>2026-02-28T16:44:16Z</time>
      </trkpt>
      <trkpt lat="33.61537" lon="-117.77112">
        <ele>190.0</ele>
        <time>2026-02-28T16:44:19Z</time>
      </trkpt>
      <trkpt lat="33.6154" lon="-117.77114">
        <ele>190.12</ele>
        <time>2026-02-28T16:44:22Z</time>
      </trkpt>
      <trkpt lat="33.61543" lon="-117.77116">
        <ele>189.96</ele>
        <time>2026-02-28T16:44:25Z</time>
      </trkpt>
      <trkpt lat="33.61545" lon="-117.77119">
        <ele>189.39</ele>
        <time>2026-02-28T16:44:28Z</time>
      </trkpt>
      <trkpt lat="33.61548" lon="-117.77122">
        <ele>188.7</ele>
        <time>2026-02-28T16:44:31Z</time>
      </trkpt>
      <trkpt lat="33.6155" lon="-117.77125">
        <ele>188.5</ele>
        <time>2026-02-28T16:44:34Z</time>
      </trkpt>
      <trkpt lat="33.61553" lon="-117.77128">
        <ele>188.65</ele>
        <time>2026-02-28T16:44:37Z</time>
      </trkpt>
      <trkpt lat="33.61555" lon="-117.77131">
        <ele>189.06</ele>
        <time>2026-02-28T16:44:40Z</time>
      </trkpt>
      <trkpt lat="33.61558" lon="-117.77133">
        <ele>190.06</ele>
        <time>2026-02-28T16:44:43Z</time>
      </trkpt>
      <trkpt lat="33.61558" lon="-117.77137">
        <ele>190.38</ele>
        <time>2026-02-28T16:44:47Z</time>
      </trkpt>
      <trkpt lat="33.61558" lon="-117.77141">
        <ele>190.92</ele>
        <time>2026-02-28T16:44:51Z</time>
      </trkpt>
      <trkpt lat="33.61558" lon="-117.77145">
        <ele>191.67</ele>
        <time>2026-02-28T16:44:55Z</time>
      </trkpt>
      <trkpt lat="33.61558" lon="-117.77148">
        <ele>192.24</ele>
        <time>2026-02-28T16:44:59Z</time>
      </trkpt>
      <trkpt lat="33.61561" lon="-117.77145">
        <ele>192.11</ele>
        <time>2026-02-28T16:45:04Z</time>
      </trkpt>
      <trkpt lat="33.61562" lon="-117.77142">
        <ele>191.83</ele>
        <time>2026-02-28T16:45:07Z</time>
      </trkpt>
      <trkpt lat="33.61564" lon="-117.77139">
        <ele>191.84</ele>
        <time>2026-02-28T16:45:10Z</time>
      </trkpt>
      <trkpt lat="33.61566" lon="-117.77136">
        <ele>192.22</ele>
        <time>2026-02-28T16:45:14Z</time>
      </trkpt>
      <trkpt lat="33.61568" lon="-117.77134">
        <ele>192.51</ele>
        <time>2026-02-28T16:45:21Z</time>
      </trkpt>
      <trkpt lat="33.61571" lon="-117.77133">
        <ele>192.91</ele>
        <time>2026-02-28T16:45:52Z</time>
      </trkpt>
      <trkpt lat="33.61573" lon="-117.77133">
        <ele>193.21</ele>
        <time>2026-02-28T16:46:02Z</time>
      </trkpt>
      <trkpt lat="33.61576" lon="-117.77136">
        <ele>193.9</ele>
        <time>2026-02-28T16:46:07Z</time>
      </trkpt>
      <trkpt lat="33.61579" lon="-117.77139">
        <ele>194.53</ele>
        <time>2026-02-28T16:46:10Z</time>
      </trkpt>
      <trkpt lat="33.61582" lon="-117.77141">
        <ele>194.86</ele>
        <time>2026-02-28T16:46:13Z</time>
      </trkpt>
      <trkpt lat="33.61585" lon="-117.77141">
        <ele>195.22</ele>
        <time>2026-02-28T16:46:16Z</time>
      </trkpt>
      <trkpt lat="33.61588" lon="-117.77142">
        <ele>195.67</ele>
        <time>2026-02-28T16:46:19Z</time>
      </trkpt>
      <trkpt lat="33.6159" lon="-117.77144">
        <ele>196.12</ele>
        <time>2026-02-28T16:46:22Z</time>
      </trkpt>
      <trkpt lat="33.61593" lon="-117.77146">
        <ele>196.86</ele>
        <time>2026-02-28T16:46:26Z</time>
      </trkpt>
      <trkpt lat="33.61596" lon="-117.77147">
        <ele>197.61</ele>
        <time>2026-02-28T16:46:30Z</time>
      </trkpt>
      <trkpt lat="33.61599" lon="-117.77148">
        <ele>198.37</ele>
        <time>2026-02-28T16:46:34Z</time>
      </trkpt>
      <trkpt lat="33.61602" lon="-117.77148">
        <ele>199.0</ele>
        <time>2026-02-28T16:46:38Z</time>
      </trkpt>
      <trkpt lat="33.61605" lon="-117.77149">
        <ele>199.37</ele>
        <time>2026-02-28T16:46:42Z</time>
      </trkpt>
      <trkpt lat="33.61608" lon="-117.7715">
        <ele>199.8</ele>
        <time>2026-02-28T16:46:46Z</time>
      </trkpt>
      <trkpt lat="33.61611" lon="-117.77151">
        <ele>200.29</ele>
        <time>2026-02-28T16:46:50Z</time>
      </trkpt>
      <trkpt lat="33.61614" lon="-117.77152">
        <ele>201.22</ele>
        <time>2026-02-28T16:46:55Z</time>
      </trkpt>
      <trkpt lat="33.61616" lon="-117.77153">
        <ele>201.83</ele>
        <time>2026-02-28T16:46:59Z</time>
      </trkpt>
      <trkpt lat="33.61619" lon="-117.77154">
        <ele>202.65</ele>
        <time>2026-02-28T16:47:03Z</time>
      </trkpt>
      <trkpt lat="33.61622" lon="-117.77155">
        <ele>203.48</ele>
        <time>2026-02-28T16:47:07Z</time>
      </trkpt>
      <trkpt lat="33.61625" lon="-117.77155">
        <ele>204.37</ele>
        <time>2026-02-28T16:47:12Z</time>
      </trkpt>
      <trkpt lat="33.61627" lon="-117.77152">
        <ele>204.73</ele>
        <time>2026-02-28T16:47:16Z</time>
      </trkpt>
      <trkpt lat="33.61629" lon="-117.77148">
        <ele>204.86</ele>
        <time>2026-02-28T16:47:19Z</time>
      </trkpt>
      <trkpt lat="33.61632" lon="-117.77146">
        <ele>205.71</ele>
        <time>2026-02-28T16:47:23Z</time>
      </trkpt>
      <trkpt lat="33.61634" lon="-117.77145">
        <ele>206.26</ele>
        <time>2026-02-28T16:47:27Z</time>
      </trkpt>
      <trkpt lat="33.61637" lon="-117.77144">
        <ele>207.03</ele>
        <time>2026-02-28T16:47:31Z</time>
      </trkpt>
      <trkpt lat="33.6164" lon="-117.77143">
        <ele>207.68</ele>
        <time>2026-02-28T16:47:36Z</time>
      </trkpt>
      <trkpt lat="33.61643" lon="-117.77142">
        <ele>208.22</ele>
        <time>2026-02-28T16:47:41Z</time>
      </trkpt>
      <trkpt lat="33.61646" lon="-117.77141">
        <ele>208.76</ele>
        <time>2026-02-28T16:47:46Z</time>
      </trkpt>
      <trkpt lat="33.61649" lon="-117.7714">
        <ele>209.3</ele>
        <time>2026-02-28T16:47:52Z</time>
      </trkpt>
      <trkpt lat="33.61645" lon="-117.77139">
        <ele>208.33</ele>
        <time>2026-02-28T16:47:58Z</time>
      </trkpt>
      <trkpt lat="33.61642" lon="-117.77139">
        <ele>207.68</ele>
        <time>2026-02-28T16:48:02Z</time>
      </trkpt>
      <trkpt lat="33.61646" lon="-117.77138">
        <ele>208.44</ele>
        <time>2026-02-28T16:49:22Z</time>
      </trkpt>
      <trkpt lat="33.6165" lon="-117.77138">
        <ele>209.3</ele>
        <time>2026-02-28T16:49:30Z</time>
      </trkpt>
      <trkpt lat="33.61654" lon="-117.77137">
        <ele>210.06</ele>
        <time>2026-02-28T16:49:32Z</time>
      </trkpt>
      <trkpt lat="33.61659" lon="-117.77137">
        <ele>211.18</ele>
        <time>2026-02-28T16:49:34Z</time>
      </trkpt>
      <trkpt lat="33.61663" lon="-117.77137">
        <ele>212.13</ele>
        <time>2026-02-28T16:49:36Z</time>
      </trkpt>
      <trkpt lat="33.61666" lon="-117.77137">
        <ele>212.84</ele>
        <time>2026-02-28T16:49:39Z</time>
      </trkpt>
      <trkpt lat="33.6167" lon="-117.77136">
        <ele>213.72</ele>
        <time>2026-02-28T16:49:43Z</time>
      </trkpt>
      <trkpt lat="33.61673" lon="-117.77135">
        <ele>214.37</ele>
        <time>2026-02-28T16:49:48Z</time>
      </trkpt>
      <trkpt lat="33.61676" lon="-117.77134">
        <ele>215.02</ele>
        <time>2026-02-28T16:49:53Z</time>
      </trkpt>
      <trkpt lat="33.61679" lon="-117.77133">
        <ele>216.0</ele>
        <time>2026-02-28T16:49:58Z</time>
      </trkpt>
      <trkpt lat="33.61681" lon="-117.77132">
        <ele>216.64</ele>
        <time>2026-02-28T16:50:03Z</time>
      </trkpt>
      <trkpt lat="33.61684" lon="-117.77132">
        <ele>217.62</ele>
        <time>2026-02-28T16:50:08Z</time>
      </trkpt>
      <trkpt lat="33.61687" lon="-117.77131">
        <ele>218.39</ele>
        <time>2026-02-28T16:50:13Z</time>
      </trkpt>
      <trkpt lat="33.6169" lon="-117.7713">
        <ele>219.04</ele>
        <time>2026-02-28T16:50:18Z</time>
      </trkpt>
      <trkpt lat="33.61693" lon="-117.77129">
        <ele>219.55</ele>
        <time>2026-02-28T16:50:23Z</time>
      </trkpt>
      <trkpt lat="33.61696" lon="-117.77128">
        <ele>219.98</ele>
        <time>2026-02-28T16:50:28Z</time>
      </trkpt>
      <trkpt lat="33.61699" lon="-117.77128">
        <ele>220.63</ele>
        <time>2026-02-28T16:50:33Z</time>
      </trkpt>
      <trkpt lat="33.61702" lon="-117.77127">
        <ele>221.06</ele>
        <time>2026-02-28T16:50:38Z</time>
      </trkpt>
      <trkpt lat="33.61705" lon="-117.77127">
        <ele>221.89</ele>
        <time>2026-02-28T16:50:43Z</time>
      </trkpt>
      <trkpt lat="33.61708" lon="-117.77126">
        <ele>222.79</ele>
        <time>2026-02-28T16:50:48Z</time>
      </trkpt>
      <trkpt lat="33.61711" lon="-117.77125">
        <ele>223.76</ele>
        <time>2026-02-28T16:50:53Z</time>
      </trkpt>
      <trkpt lat="33.61714" lon="-117.77125">
        <ele>224.72</ele>
        <time>2026-02-28T16:50:58Z</time>
      </trkpt>
      <trkpt lat="33.61717" lon="-117.77125">
        <ele>225.37</ele>
        <time>2026-02-28T16:51:03Z</time>
      </trkpt>
      <trkpt lat="33.61721" lon="-117.77124">
        <ele>226.13</ele>
        <time>2026-02-28T16:51:08Z</time>
      </trkpt>
      <trkpt lat="33.61724" lon="-117.77123">
        <ele>226.48</ele>
        <time>2026-02-28T16:51:13Z</time>
      </trkpt>
      <trkpt lat="33.61727" lon="-117.77122">
        <ele>226.69</ele>
        <time>2026-02-28T16:51:17Z</time>
      </trkpt>
      <trkpt lat="33.61729" lon="-117.77119">
        <ele>226.25</ele>
        <time>2026-02-28T16:51:20Z</time>
      </trkpt>
      <trkpt lat="33.61731" lon="-117.77117">
        <ele>225.84</ele>
        <time>2026-02-28T16:51:23Z</time>
      </trkpt>
      <trkpt lat="33.61733" lon="-117.77115">
        <ele>225.36</ele>
        <time>2026-02-28T16:51:26Z</time>
      </trkpt>
      <trkpt lat="33.61736" lon="-117.77114">
        <ele>225.27</ele>
        <time>2026-02-28T16:51:28Z</time>
      </trkpt>
      <trkpt lat="33.6174" lon="-117.77113">
        <ele>225.34</ele>
        <time>2026-02-28T16:51:30Z</time>
      </trkpt>
      <trkpt lat="33.61743" lon="-117.77112">
        <ele>225.63</ele>
        <time>2026-02-28T16:51:32Z</time>
      </trkpt>
      <trkpt lat="33.61746" lon="-117.7711">
        <ele>225.78</ele>
        <time>2026-02-28T16:51:35Z</time>
      </trkpt>
      <trkpt lat="33.61749" lon="-117.77109">
        <ele>226.1</ele>
        <time>2026-02-28T16:51:38Z</time>
      </trkpt>
      <trkpt lat="33.61752" lon="-117.77107">
        <ele>225.98</ele>
        <time>2026-02-28T16:51:41Z</time>
      </trkpt>
      <trkpt lat="33.61754" lon="-117.77106">
        <ele>226.01</ele>
        <time>2026-02-28T16:51:44Z</time>
      </trkpt>
      <trkpt lat="33.61757" lon="-117.77104">
        <ele>226.03</ele>
        <time>2026-02-28T16:51:47Z</time>
      </trkpt>
      <trkpt lat="33.61759" lon="-117.77102">
        <ele>225.98</ele>
        <time>2026-02-28T16:51:50Z</time>
      </trkpt>
      <trkpt lat="33.61761" lon="-117.771">
        <ele>226.36</ele>
        <time>2026-02-28T16:51:53Z</time>
      </trkpt>
      <trkpt lat="33.61764" lon="-117.77098">
        <ele>227.12</ele>
        <time>2026-02-28T16:51:57Z</time>
      </trkpt>
      <trkpt lat="33.61767" lon="-117.77096">
        <ele>227.88</ele>
        <time>2026-02-28T16:52:01Z</time>
      </trkpt>
      <trkpt lat="33.6177" lon="-117.77094">
        <ele>228.58</ele>
        <time>2026-02-28T16:52:05Z</time>
      </trkpt>
      <trkpt lat="33.61772" lon="-117.77093">
        <ele>229.14</ele>
        <time>2026-02-28T16:52:09Z</time>
      </trkpt>
      <trkpt lat="33.61775" lon="-117.77091">
        <ele>229.81</ele>
        <time>2026-02-28T16:52:13Z</time>
      </trkpt>
      <trkpt lat="33.61778" lon="-117.77089">
        <ele>230.27</ele>
        <time>2026-02-28T16:52:18Z</time>
      </trkpt>
      <trkpt lat="33.61781" lon="-117.77087">
        <ele>230.56</ele>
        <time>2026-02-28T16:52:23Z</time>
      </trkpt>
      <trkpt lat="33.61781" lon="-117.77084">
        <ele>230.14</ele>
        <time>2026-02-28T16:52:31Z</time>
      </trkpt>
      <trkpt lat="33.61784" lon="-117.77083">
        <ele>230.94</ele>
        <time>2026-02-28T16:52:36Z</time>
      </trkpt>
      <trkpt lat="33.61786" lon="-117.77081">
        <ele>231.16</ele>
        <time>2026-02-28T16:52:40Z</time>
      </trkpt>
      <trkpt lat="33.61789" lon="-117.77082">
        <ele>232.14</ele>
        <time>2026-02-28T16:52:44Z</time>
      </trkpt>
      <trkpt lat="33.61791" lon="-117.77084">
        <ele>232.86</ele>
        <time>2026-02-28T16:52:50Z</time>
      </trkpt>
      <trkpt lat="33.61794" lon="-117.77084">
        <ele>233.5</ele>
        <time>2026-02-28T16:53:01Z</time>
      </trkpt>
      <trkpt lat="33.61796" lon="-117.77082">
        <ele>233.65</ele>
        <time>2026-02-28T16:53:08Z</time>
      </trkpt>
      <trkpt lat="33.61799" lon="-117.77082">
        <ele>234.59</ele>
        <time>2026-02-28T16:53:14Z</time>
      </trkpt>
      <trkpt lat="33.61802" lon="-117.77082">
        <ele>235.56</ele>
        <time>2026-02-28T16:53:19Z</time>
      </trkpt>
      <trkpt lat="33.61805" lon="-117.77082">
        <ele>236.53</ele>
        <time>2026-02-28T16:53:25Z</time>
      </trkpt>
      <trkpt lat="33.6181" lon="-117.7708">
        <ele>236.93</ele>
        <time>2026-02-28T16:55:22Z</time>
      </trkpt>
      <trkpt lat="33.61815" lon="-117.7708">
        <ele>237.7</ele>
        <time>2026-02-28T16:55:24Z</time>
      </trkpt>
      <trkpt lat="33.61819" lon="-117.7708">
        <ele>239.0</ele>
        <time>2026-02-28T16:55:27Z</time>
      </trkpt>
      <trkpt lat="33.61823" lon="-117.7708">
        <ele>240.29</ele>
        <time>2026-02-28T16:55:34Z</time>
      </trkpt>
      <trkpt lat="33.61826" lon="-117.7708">
        <ele>241.34</ele>
        <time>2026-02-28T16:55:39Z</time>
      </trkpt>
      <trkpt lat="33.61829" lon="-117.77079">
        <ele>242.38</ele>
        <time>2026-02-28T16:55:44Z</time>
      </trkpt>
      <trkpt lat="33.61832" lon="-117.77079">
        <ele>243.5</ele>
        <time>2026-02-28T16:55:48Z</time>
      </trkpt>
      <trkpt lat="33.61835" lon="-117.7708">
        <ele>244.42</ele>
        <time>2026-02-28T16:55:53Z</time>
      </trkpt>
      <trkpt lat="33.61838" lon="-117.7708">
        <ele>245.19</ele>
        <time>2026-02-28T16:55:58Z</time>
      </trkpt>
      <trkpt lat="33.6184" lon="-117.7708">
        <ele>245.7</ele>
        <time>2026-02-28T16:56:02Z</time>
      </trkpt>
      <trkpt lat="33.61843" lon="-117.7708">
        <ele>246.51</ele>
        <time>2026-02-28T16:56:07Z</time>
      </trkpt>
      <trkpt lat="33.61846" lon="-117.7708">
        <ele>247.6</ele>
        <time>2026-02-28T16:56:11Z</time>
      </trkpt>
      <trkpt lat="33.6185" lon="-117.7708">
        <ele>249.05</ele>
        <time>2026-02-28T16:56:15Z</time>
      </trkpt>
      <trkpt lat="33.61853" lon="-117.7708">
        <ele>249.76</ele>
        <time>2026-02-28T16:56:19Z</time>
      </trkpt>
      <trkpt lat="33.61856" lon="-117.7708">
        <ele>249.88</ele>
        <time>2026-02-28T16:56:23Z</time>
      </trkpt>
      <trkpt lat="33.61852" lon="-117.7708">
        <ele>249.73</ele>
        <time>2026-02-28T16:56:34Z</time>
      </trkpt>
      <trkpt lat="33.6185" lon="-117.77078">
        <ele>249.44</ele>
        <time>2026-02-28T16:56:37Z</time>
      </trkpt>
      <trkpt lat="33.61848" lon="-117.77074">
        <ele>249.34</ele>
        <time>2026-02-28T16:56:39Z</time>
      </trkpt>
      <trkpt lat="33.61847" lon="-117.7707">
        <ele>248.9</ele>
        <time>2026-02-28T16:56:42Z</time>
      </trkpt>
      <trkpt lat="33.61845" lon="-117.77067">
        <ele>248.04</ele>
        <time>2026-02-28T16:56:46Z</time>
      </trkpt>
      <trkpt lat="33.61843" lon="-117.77066">
        <ele>247.18</ele>
        <time>2026-02-28T16:57:03Z</time>
      </trkpt>
      <trkpt lat="33.61845" lon="-117.77064">
        <ele>247.8</ele>
        <time>2026-02-28T16:57:15Z</time>
      </trkpt>
      <trkpt lat="33.61848" lon="-117.77059">
        <ele>247.82</ele>
        <time>2026-02-28T16:58:34Z</time>
      </trkpt>
      <trkpt lat="33.61849" lon="-117.77054">
        <ele>246.96</ele>
        <time>2026-02-28T16:58:36Z</time>
      </trkpt>
      <trkpt lat="33.61849" lon="-117.77049">
        <ele>245.34</ele>
        <time>2026-02-28T16:58:38Z</time>
      </trkpt>
      <trkpt lat="33.61849" lon="-117.77044">
        <ele>244.14</ele>
        <time>2026-02-28T16:58:41Z</time>
      </trkpt>
      <trkpt lat="33.6185" lon="-117.7704">
        <ele>244.18</ele>
        <time>2026-02-28T16:58:44Z</time>
      </trkpt>
      <trkpt lat="33.61851" lon="-117.77036">
        <ele>244.12</ele>
        <time>2026-02-28T16:58:47Z</time>
      </trkpt>
      <trkpt lat="33.61851" lon="-117.77032">
        <ele>242.87</ele>
        <time>2026-02-28T16:58:50Z</time>
      </trkpt>
      <trkpt lat="33.61852" lon="-117.77028">
        <ele>242.14</ele>
        <time>2026-02-28T16:58:53Z</time>
      </trkpt>
      <trkpt lat="33.61852" lon="-117.77023">
        <ele>241.56</ele>
        <time>2026-02-28T16:58:56Z</time>
      </trkpt>
      <trkpt lat="33.61853" lon="-117.77019">
        <ele>241.78</ele>
        <time>2026-02-28T16:58:59Z</time>
      </trkpt>
      <trkpt lat="33.61854" lon="-117.77014">
        <ele>242.88</ele>
        <time>2026-02-28T16:59:02Z</time>
      </trkpt>
      <trkpt lat="33.61854" lon="-117.7701">
        <ele>243.31</ele>
        <time>2026-02-28T16:59:05Z</time>
      </trkpt>
      <trkpt lat="33.61855" lon="-117.77005">
        <ele>244.8</ele>
        <time>2026-02-28T16:59:08Z</time>
      </trkpt>
      <trkpt lat="33.61855" lon="-117.77001">
        <ele>245.52</ele>
        <time>2026-02-28T16:59:11Z</time>
      </trkpt>
      <trkpt lat="33.61856" lon="-117.76997">
        <ele>245.88</ele>
        <time>2026-02-28T16:59:14Z</time>
      </trkpt>
      <trkpt lat="33.61856" lon="-117.76994">
        <ele>245.52</ele>
        <time>2026-02-28T16:59:17Z</time>
      </trkpt>
      <trkpt lat="33.61858" lon="-117.76991">
        <ele>246.67</ele>
        <time>2026-02-28T16:59:26Z</time>
      </trkpt>
      <trkpt lat="33.61859" lon="-117.76987">
        <ele>247.81</ele>
        <time>2026-02-28T16:59:31Z</time>
      </trkpt>
      <trkpt lat="33.61859" lon="-117.76982">
        <ele>248.35</ele>
        <time>2026-02-28T16:59:35Z</time>
      </trkpt>
      <trkpt lat="33.6186" lon="-117.76978">
        <ele>249.96</ele>
        <time>2026-02-28T16:59:39Z</time>
      </trkpt>
      <trkpt lat="33.6186" lon="-117.76974">
        <ele>250.87</ele>
        <time>2026-02-28T16:59:43Z</time>
      </trkpt>
      <trkpt lat="33.6186" lon="-117.76971">
        <ele>251.49</ele>
        <time>2026-02-28T16:59:47Z</time>
      </trkpt>
      <trkpt lat="33.61859" lon="-117.76968">
        <ele>251.61</ele>
        <time>2026-02-28T16:59:50Z</time>
      </trkpt>
      <trkpt lat="33.61857" lon="-117.76965">
        <ele>251.85</ele>
        <time>2026-02-28T16:59:53Z</time>
      </trkpt>
      <trkpt lat="33.61855" lon="-117.76962">
        <ele>252.3</ele>
        <time>2026-02-28T16:59:56Z</time>
      </trkpt>
      <trkpt lat="33.61852" lon="-117.76959">
        <ele>252.42</ele>
        <time>2026-02-28T16:59:59Z</time>
      </trkpt>
      <trkpt lat="33.6185" lon="-117.76956">
        <ele>252.55</ele>
        <time>2026-02-28T17:00:02Z</time>
      </trkpt>
      <trkpt lat="33.61848" lon="-117.76953">
        <ele>253.02</ele>
        <time>2026-02-28T17:00:05Z</time>
      </trkpt>
      <trkpt lat="33.61845" lon="-117.76951">
        <ele>253.36</ele>
        <time>2026-02-28T17:00:08Z</time>
      </trkpt>
      <trkpt lat="33.61843" lon="-117.76948">
        <ele>254.15</ele>
        <time>2026-02-28T17:00:11Z</time>
      </trkpt>
      <trkpt lat="33.61842" lon="-117.76946">
        <ele>254.58</ele>
        <time>2026-02-28T17:00:14Z</time>
      </trkpt>
      <trkpt lat="33.6184" lon="-117.76943">
        <ele>254.92</ele>
        <time>2026-02-28T17:00:17Z</time>
      </trkpt>
      <trkpt lat="33.61838" lon="-117.7694">
        <ele>255.22</ele>
        <time>2026-02-28T17:00:21Z</time>
      </trkpt>
      <trkpt lat="33.61836" lon="-117.76937">
        <ele>255.66</ele>
        <time>2026-02-28T17:00:25Z</time>
      </trkpt>
      <trkpt lat="33.61834" lon="-117.76933">
        <ele>256.25</ele>
        <time>2026-02-28T17:00:29Z</time>
      </trkpt>
      <trkpt lat="33.61832" lon="-117.7693">
        <ele>255.92</ele>
        <time>2026-02-28T17:00:33Z</time>
      </trkpt>
      <trkpt lat="33.61831" lon="-117.76927">
        <ele>255.85</ele>
        <time>2026-02-28T17:00:37Z</time>
      </trkpt>
      <trkpt lat="33.61833" lon="-117.76924">
        <ele>257.26</ele>
        <time>2026-02-28T17:00:41Z</time>
      </trkpt>
      <trkpt lat="33.61833" lon="-117.7692">
        <ele>258.11</ele>
        <time>2026-02-28T17:00:45Z</time>
      </trkpt>
      <trkpt lat="33.61833" lon="-117.76917">
        <ele>258.75</ele>
        <time>2026-02-28T17:00:49Z</time>
      </trkpt>
      <trkpt lat="33.61833" lon="-117.76913">
        <ele>259.23</ele>
        <time>2026-02-28T17:00:53Z</time>
      </trkpt>
      <trkpt lat="33.61833" lon="-117.76909">
        <ele>259.68</ele>
        <time>2026-02-28T17:00:57Z</time>
      </trkpt>
      <trkpt lat="33.61832" lon="-117.76906">
        <ele>259.58</ele>
        <time>2026-02-28T17:01:01Z</time>
      </trkpt>
      <trkpt lat="33.61832" lon="-117.76902">
        <ele>260.01</ele>
        <time>2026-02-28T17:01:05Z</time>
      </trkpt>
      <trkpt lat="33.61832" lon="-117.76898">
        <ele>260.43</ele>
        <time>2026-02-28T17:01:08Z</time>
      </trkpt>
      <trkpt lat="33.61832" lon="-117.76894">
        <ele>260.49</ele>
        <time>2026-02-28T17:01:10Z</time>
      </trkpt>
      <trkpt lat="33.61832" lon="-117.7689">
        <ele>260.55</ele>
        <time>2026-02-28T17:01:13Z</time>
      </trkpt>
      <trkpt lat="33.61832" lon="-117.76886">
        <ele>260.88</ele>
        <time>2026-02-28T17:01:16Z</time>
      </trkpt>
      <trkpt lat="33.61832" lon="-117.76882">
        <ele>261.31</ele>
        <time>2026-02-28T17:01:19Z</time>
      </trkpt>
      <trkpt lat="33.61832" lon="-117.76878">
        <ele>261.95</ele>
        <time>2026-02-28T17:01:22Z</time>
      </trkpt>
      <trkpt lat="33.61832" lon="-117.76875">
        <ele>262.64</ele>
        <time>2026-02-28T17:01:25Z</time>
      </trkpt>
      <trkpt lat="33.61832" lon="-117.76871">
        <ele>263.57</ele>
        <time>2026-02-28T17:01:28Z</time>
      </trkpt>
      <trkpt lat="33.61832" lon="-117.76868">
        <ele>264.3</ele>
        <time>2026-02-28T17:01:31Z</time>
      </trkpt>
      <trkpt lat="33.61833" lon="-117.76864">
        <ele>265.35</ele>
        <time>2026-02-28T17:01:34Z</time>
      </trkpt>
      <trkpt lat="33.61834" lon="-117.76861">
        <ele>265.75</ele>
        <time>2026-02-28T17:01:37Z</time>
      </trkpt>
      <trkpt lat="33.61837" lon="-117.76858">
        <ele>265.16</ele>
        <time>2026-02-28T17:01:40Z</time>
      </trkpt>
      <trkpt lat="33.61839" lon="-117.76854">
        <ele>264.92</ele>
        <time>2026-02-28T17:01:43Z</time>
      </trkpt>
      <trkpt lat="33.61841" lon="-117.7685">
        <ele>264.34</ele>
        <time>2026-02-28T17:01:46Z</time>
      </trkpt>
      <trkpt lat="33.61843" lon="-117.76847">
        <ele>263.32</ele>
        <time>2026-02-28T17:01:49Z</time>
      </trkpt>
      <trkpt lat="33.61846" lon="-117.76844">
        <ele>262.06</ele>
        <time>2026-02-28T17:01:52Z</time>
      </trkpt>
      <trkpt lat="33.61848" lon="-117.7684">
        <ele>261.31</ele>
        <time>2026-02-28T17:01:55Z</time>
      </trkpt>
      <trkpt lat="33.61848" lon="-117.76837">
        <ele>261.58</ele>
        <time>2026-02-28T17:01:58Z</time>
      </trkpt>
      <trkpt lat="33.61847" lon="-117.76833">
        <ele>262.72</ele>
        <time>2026-02-28T17:02:01Z</time>
      </trkpt>
      <trkpt lat="33.61845" lon="-117.7683">
        <ele>264.63</ele>
        <time>2026-02-28T17:02:03Z</time>
      </trkpt>
      <trkpt lat="33.61844" lon="-117.76826">
        <ele>265.85</ele>
        <time>2026-02-28T17:02:06Z</time>
      </trkpt>
      <trkpt lat="33.61845" lon="-117.76822">
        <ele>266.29</ele>
        <time>2026-02-28T17:02:09Z</time>
      </trkpt>
      <trkpt lat="33.61847" lon="-117.76821">
        <ele>265.61</ele>
        <time>2026-02-28T17:02:14Z</time>
      </trkpt>
      <trkpt lat="33.6185" lon="-117.7682">
        <ele>264.58</ele>
        <time>2026-02-28T17:02:17Z</time>
      </trkpt>
      <trkpt lat="33.61854" lon="-117.76819">
        <ele>263.34</ele>
        <time>2026-02-28T17:02:19Z</time>
      </trkpt>
      <trkpt lat="33.61859" lon="-117.76818">
        <ele>261.61</ele>
        <time>2026-02-28T17:02:21Z</time>
      </trkpt>
      <trkpt lat="33.61862" lon="-117.76817">
        <ele>260.77</ele>
        <time>2026-02-28T17:02:23Z</time>
      </trkpt>
      <trkpt lat="33.61866" lon="-117.76816">
        <ele>259.9</ele>
        <time>2026-02-28T17:02:26Z</time>
      </trkpt>
      <trkpt lat="33.61869" lon="-117.76814">
        <ele>259.82</ele>
        <time>2026-02-28T17:02:29Z</time>
      </trkpt>
      <trkpt lat="33.61872" lon="-117.76812">
        <ele>259.69</ele>
        <time>2026-02-28T17:02:32Z</time>
      </trkpt>
      <trkpt lat="33.61874" lon="-117.76809">
        <ele>260.34</ele>
        <time>2026-02-28T17:02:35Z</time>
      </trkpt>
      <trkpt lat="33.61877" lon="-117.76806">
        <ele>260.66</ele>
        <time>2026-02-28T17:02:38Z</time>
      </trkpt>
      <trkpt lat="33.61879" lon="-117.76803">
        <ele>260.28</ele>
        <time>2026-02-28T17:02:41Z</time>
      </trkpt>
      <trkpt lat="33.61881" lon="-117.768">
        <ele>259.53</ele>
        <time>2026-02-28T17:02:44Z</time>
      </trkpt>
      <trkpt lat="33.61883" lon="-117.76798">
        <ele>259.07</ele>
        <time>2026-02-28T17:02:47Z</time>
      </trkpt>
      <trkpt lat="33.61884" lon="-117.76794">
        <ele>259.94</ele>
        <time>2026-02-28T17:02:51Z</time>
      </trkpt>
      <trkpt lat="33.61884" lon="-117.7679">
        <ele>261.49</ele>
        <time>2026-02-28T17:02:55Z</time>
      </trkpt>
      <trkpt lat="33.61885" lon="-117.76787">
        <ele>262.12</ele>
        <time>2026-02-28T17:02:58Z</time>
      </trkpt>
      <trkpt lat="33.61887" lon="-117.76784">
        <ele>262.53</ele>
        <time>2026-02-28T17:03:01Z</time>
      </trkpt>
      <trkpt lat="33.61889" lon="-117.76781">
        <ele>263.21</ele>
        <time>2026-02-28T17:03:04Z</time>
      </trkpt>
      <trkpt lat="33.61891" lon="-117.76779">
        <ele>263.29</ele>
        <time>2026-02-28T17:03:07Z</time>
      </trkpt>
      <trkpt lat="33.61894" lon="-117.76776">
        <ele>263.03</ele>
        <time>2026-02-28T17:03:10Z</time>
      </trkpt>
      <trkpt lat="33.61897" lon="-117.76773">
        <ele>263.07</ele>
        <time>2026-02-28T17:03:13Z</time>
      </trkpt>
      <trkpt lat="33.61899" lon="-117.76771">
        <ele>263.34</ele>
        <time>2026-02-28T17:03:16Z</time>
      </trkpt>
      <trkpt lat="33.61902" lon="-117.76768">
        <ele>263.46</ele>
        <time>2026-02-28T17:03:19Z</time>
      </trkpt>
      <trkpt lat="33.61904" lon="-117.76765">
        <ele>263.57</ele>
        <time>2026-02-28T17:03:22Z</time>
      </trkpt>
      <trkpt lat="33.61906" lon="-117.76763">
        <ele>263.72</ele>
        <time>2026-02-28T17:03:25Z</time>
      </trkpt>
      <trkpt lat="33.61908" lon="-117.7676">
        <ele>264.55</ele>
        <time>2026-02-28T17:03:28Z</time>
      </trkpt>
      <trkpt lat="33.6191" lon="-117.76758">
        <ele>264.48</ele>
        <time>2026-02-28T17:03:31Z</time>
      </trkpt>
      <trkpt lat="33.61912" lon="-117.76754">
        <ele>264.29</ele>
        <time>2026-02-28T17:03:35Z</time>
      </trkpt>
      <trkpt lat="33.61914" lon="-117.76751">
        <ele>264.21</ele>
        <time>2026-02-28T17:03:39Z</time>
      </trkpt>
      <trkpt lat="33.61913" lon="-117.76747">
        <ele>263.69</ele>
        <time>2026-02-28T17:03:44Z</time>
      </trkpt>
      <trkpt lat="33.61913" lon="-117.76743">
        <ele>262.74</ele>
        <time>2026-02-28T17:03:49Z</time>
      </trkpt>
      <trkpt lat="33.61916" lon="-117.76744">
        <ele>263.28</ele>
        <time>2026-02-28T17:05:31Z</time>
      </trkpt>
      <trkpt lat="33.61919" lon="-117.76745">
        <ele>263.21</ele>
        <time>2026-02-28T17:05:36Z</time>
      </trkpt>
      <trkpt lat="33.61923" lon="-117.76746">
        <ele>262.88</ele>
        <time>2026-02-28T17:05:38Z</time>
      </trkpt>
      <trkpt lat="33.61926" lon="-117.76746">
        <ele>262.55</ele>
        <time>2026-02-28T17:05:41Z</time>
      </trkpt>
      <trkpt lat="33.61929" lon="-117.76747">
        <ele>261.9</ele>
        <time>2026-02-28T17:05:44Z</time>
      </trkpt>
      <trkpt lat="33.61931" lon="-117.76749">
        <ele>261.74</ele>
        <time>2026-02-28T17:05:46Z</time>
      </trkpt>
      <trkpt lat="33.61934" lon="-117.76752">
        <ele>261.42</ele>
        <time>2026-02-28T17:05:48Z</time>
      </trkpt>
      <trkpt lat="33.61936" lon="-117.76754">
        <ele>261.29</ele>
        <time>2026-02-28T17:05:50Z</time>
      </trkpt>
      <trkpt lat="33.6194" lon="-117.76755">
        <ele>260.78</ele>
        <time>2026-02-28T17:05:53Z</time>
      </trkpt>
      <trkpt lat="33.61943" lon="-117.76756">
        <ele>260.51</ele>
        <time>2026-02-28T17:05:56Z</time>
      </trkpt>
      <trkpt lat="33.61946" lon="-117.76756">
        <ele>260.36</ele>
        <time>2026-02-28T17:05:59Z</time>
      </trkpt>
      <trkpt lat="33.61949" lon="-117.76756">
        <ele>260.47</ele>
        <time>2026-02-28T17:06:02Z</time>
      </trkpt>
      <trkpt lat="33.61952" lon="-117.76757">
        <ele>260.71</ele>
        <time>2026-02-28T17:06:05Z</time>
      </trkpt>
      <trkpt lat="33.61956" lon="-117.76757">
        <ele>260.45</ele>
        <time>2026-02-28T17:06:08Z</time>
      </trkpt>
      <trkpt lat="33.61959" lon="-117.76758">
        <ele>260.21</ele>
        <time>2026-02-28T17:06:11Z</time>
      </trkpt>
      <trkpt lat="33.61963" lon="-117.76758">
        <ele>259.72</ele>
        <time>2026-02-28T17:06:14Z</time>
      </trkpt>
      <trkpt lat="33.61966" lon="-117.76759">
        <ele>259.6</ele>
        <time>2026-02-28T17:06:17Z</time>
      </trkpt>
      <trkpt lat="33.61969" lon="-117.7676">
        <ele>259.29</ele>
        <time>2026-02-28T17:06:20Z</time>
      </trkpt>
      <trkpt lat="33.61973" lon="-117.76761">
        <ele>258.86</ele>
        <time>2026-02-28T17:06:23Z</time>
      </trkpt>
      <trkpt lat="33.61976" lon="-117.76762">
        <ele>258.43</ele>
        <time>2026-02-28T17:06:26Z</time>
      </trkpt>
      <trkpt lat="33.6198" lon="-117.76763">
        <ele>258.0</ele>
        <time>2026-02-28T17:06:29Z</time>
      </trkpt>
      <trkpt lat="33.61983" lon="-117.76764">
        <ele>258.02</ele>
        <time>2026-02-28T17:06:32Z</time>
      </trkpt>
      <trkpt lat="33.61986" lon="-117.76765">
        <ele>258.24</ele>
        <time>2026-02-28T17:06:35Z</time>
      </trkpt>
      <trkpt lat="33.61989" lon="-117.76765">
        <ele>258.24</ele>
        <time>2026-02-28T17:06:38Z</time>
      </trkpt>
      <trkpt lat="33.61993" lon="-117.76766">
        <ele>258.46</ele>
        <time>2026-02-28T17:06:41Z</time>
      </trkpt>
      <trkpt lat="33.61996" lon="-117.76766">
        <ele>258.46</ele>
        <time>2026-02-28T17:06:44Z</time>
      </trkpt>
      <trkpt lat="33.61999" lon="-117.76766">
        <ele>258.46</ele>
        <time>2026-02-28T17:06:47Z</time>
      </trkpt>
      <trkpt lat="33.62003" lon="-117.76766">
        <ele>258.46</ele>
        <time>2026-02-28T17:06:50Z</time>
      </trkpt>
      <trkpt lat="33.62005" lon="-117.76763">
        <ele>257.81</ele>
        <time>2026-02-28T17:06:52Z</time>
      </trkpt>
      <trkpt lat="33.62007" lon="-117.76761">
        <ele>257.38</ele>
        <time>2026-02-28T17:06:54Z</time>
      </trkpt>
      <trkpt lat="33.6201" lon="-117.76759">
        <ele>256.73</ele>
        <time>2026-02-28T17:06:57Z</time>
      </trkpt>
      <trkpt lat="33.62013" lon="-117.76758">
        <ele>255.7</ele>
        <time>2026-02-28T17:07:00Z</time>
      </trkpt>
      <trkpt lat="33.62017" lon="-117.76756">
        <ele>253.99</ele>
        <time>2026-02-28T17:07:03Z</time>
      </trkpt>
      <trkpt lat="33.6202" lon="-117.76756">
        <ele>253.62</ele>
        <time>2026-02-28T17:07:06Z</time>
      </trkpt>
      <trkpt lat="33.62023" lon="-117.76755">
        <ele>252.49</ele>
        <time>2026-02-28T17:07:09Z</time>
      </trkpt>
      <trkpt lat="33.62026" lon="-117.76755">
        <ele>252.0</ele>
        <time>2026-02-28T17:07:12Z</time>
      </trkpt>
      <trkpt lat="33.62029" lon="-117.76756">
        <ele>252.15</ele>
        <time>2026-02-28T17:07:15Z</time>
      </trkpt>
      <trkpt lat="33.62032" lon="-117.76756">
        <ele>251.94</ele>
        <time>2026-02-28T17:07:18Z</time>
      </trkpt>
      <trkpt lat="33.62035" lon="-117.76756">
        <ele>251.73</ele>
        <time>2026-02-28T17:07:21Z</time>
      </trkpt>
      <trkpt lat="33.62038" lon="-117.76756">
        <ele>251.63</ele>
        <time>2026-02-28T17:07:24Z</time>
      </trkpt>
      <trkpt lat="33.62041" lon="-117.76755">
        <ele>251.36</ele>
        <time>2026-02-28T17:07:27Z</time>
      </trkpt>
      <trkpt lat="33.62044" lon="-117.76755">
        <ele>251.51</ele>
        <time>2026-02-28T17:07:30Z</time>
      </trkpt>
      <trkpt lat="33.62047" lon="-117.76755">
        <ele>251.84</ele>
        <time>2026-02-28T17:07:33Z</time>
      </trkpt>
      <trkpt lat="33.6205" lon="-117.76755">
        <ele>252.79</ele>
        <time>2026-02-28T17:07:36Z</time>
      </trkpt>
      <trkpt lat="33.62053" lon="-117.76755">
        <ele>253.73</ele>
        <time>2026-02-28T17:07:39Z</time>
      </trkpt>
      <trkpt lat="33.62056" lon="-117.76755">
        <ele>254.64</ele>
        <time>2026-02-28T17:07:42Z</time>
      </trkpt>
      <trkpt lat="33.62059" lon="-117.76754">
        <ele>255.18</ele>
        <time>2026-02-28T17:07:45Z</time>
      </trkpt>
      <trkpt lat="33.62062" lon="-117.76754">
        <ele>255.82</ele>
        <time>2026-02-28T17:07:56Z</time>
      </trkpt>
      <trkpt lat="33.62065" lon="-117.76753">
        <ele>256.34</ele>
        <time>2026-02-28T17:08:01Z</time>
      </trkpt>
      <trkpt lat="33.62068" lon="-117.76753">
        <ele>256.67</ele>
        <time>2026-02-28T17:08:05Z</time>
      </trkpt>
      <trkpt lat="33.62071" lon="-117.76753">
        <ele>256.99</ele>
        <time>2026-02-28T17:08:08Z</time>
      </trkpt>
      <trkpt lat="33.62074" lon="-117.76752">
        <ele>257.21</ele>
        <time>2026-02-28T17:08:11Z</time>
      </trkpt>
      <trkpt lat="33.62077" lon="-117.76752">
        <ele>257.53</ele>
        <time>2026-02-28T17:08:14Z</time>
      </trkpt>
      <trkpt lat="33.6208" lon="-117.76752">
        <ele>257.86</ele>
        <time>2026-02-28T17:08:17Z</time>
      </trkpt>
      <trkpt lat="33.62083" lon="-117.76751">
        <ele>258.07</ele>
        <time>2026-02-28T17:08:20Z</time>
      </trkpt>
      <trkpt lat="33.62086" lon="-117.76751">
        <ele>258.33</ele>
        <time>2026-02-28T17:08:23Z</time>
      </trkpt>
      <trkpt lat="33.62089" lon="-117.7675">
        <ele>258.61</ele>
        <time>2026-02-28T17:08:26Z</time>
      </trkpt>
      <trkpt lat="33.62092" lon="-117.7675">
        <ele>258.94</ele>
        <time>2026-02-28T17:08:29Z</time>
      </trkpt>
      <trkpt lat="33.62095" lon="-117.76749">
        <ele>258.26</ele>
        <time>2026-02-28T17:08:32Z</time>
      </trkpt>
      <trkpt lat="33.62098" lon="-117.76749">
        <ele>258.0</ele>
        <time>2026-02-28T17:08:35Z</time>
      </trkpt>
      <trkpt lat="33.62102" lon="-117.76748">
        <ele>257.39</ele>
        <time>2026-02-28T17:08:38Z</time>
      </trkpt>
      <trkpt lat="33.62105" lon="-117.76746">
        <ele>257.53</ele>
        <time>2026-02-28T17:08:40Z</time>
      </trkpt>
      <trkpt lat="33.62108" lon="-117.76743">
        <ele>257.56</ele>
        <time>2026-02-28T17:08:42Z</time>
      </trkpt>
      <trkpt lat="33.6211" lon="-117.76741">
        <ele>257.7</ele>
        <time>2026-02-28T17:08:44Z</time>
      </trkpt>
      <trkpt lat="33.62113" lon="-117.7674">
        <ele>257.77</ele>
        <time>2026-02-28T17:08:47Z</time>
      </trkpt>
      <trkpt lat="33.62116" lon="-117.76738">
        <ele>257.22</ele>
        <time>2026-02-28T17:08:51Z</time>
      </trkpt>
      <trkpt lat="33.62119" lon="-117.76736">
        <ele>257.09</ele>
        <time>2026-02-28T17:08:55Z</time>
      </trkpt>
      <trkpt lat="33.62122" lon="-117.76733">
        <ele>257.2</ele>
        <time>2026-02-28T17:08:59Z</time>
      </trkpt>
      <trkpt lat="33.62124" lon="-117.76732">
        <ele>257.74</ele>
        <time>2026-02-28T17:09:02Z</time>
      </trkpt>
      <trkpt lat="33.62127" lon="-117.7673">
        <ele>258.06</ele>
        <time>2026-02-28T17:09:05Z</time>
      </trkpt>
      <trkpt lat="33.6213" lon="-117.76728">
        <ele>258.23</ele>
        <time>2026-02-28T17:09:09Z</time>
      </trkpt>
      <trkpt lat="33.62133" lon="-117.76727">
        <ele>258.66</ele>
        <time>2026-02-28T17:09:13Z</time>
      </trkpt>
      <trkpt lat="33.62136" lon="-117.76726">
        <ele>259.23</ele>
        <time>2026-02-28T17:09:17Z</time>
      </trkpt>
      <trkpt lat="33.62139" lon="-117.76725">
        <ele>259.92</ele>
        <time>2026-02-28T17:09:21Z</time>
      </trkpt>
      <trkpt lat="33.62142" lon="-117.76724">
        <ele>260.25</ele>
        <time>2026-02-28T17:09:25Z</time>
      </trkpt>
      <trkpt lat="33.62145" lon="-117.76725">
        <ele>261.22</ele>
        <time>2026-02-28T17:09:29Z</time>
      </trkpt>
      <trkpt lat="33.62147" lon="-117.76728">
        <ele>262.62</ele>
        <time>2026-02-28T17:09:31Z</time>
      </trkpt>
      <trkpt lat="33.62149" lon="-117.76731">
        <ele>263.94</ele>
        <time>2026-02-28T17:09:34Z</time>
      </trkpt>
      <trkpt lat="33.62152" lon="-117.76733">
        <ele>264.51</ele>
        <time>2026-02-28T17:09:37Z</time>
      </trkpt>
      <trkpt lat="33.62155" lon="-117.76735">
        <ele>264.84</ele>
        <time>2026-02-28T17:09:40Z</time>
      </trkpt>
      <trkpt lat="33.62158" lon="-117.76737">
        <ele>264.91</ele>
        <time>2026-02-28T17:09:43Z</time>
      </trkpt>
      <trkpt lat="33.6216" lon="-117.76738">
        <ele>264.64</ele>
        <time>2026-02-28T17:09:46Z</time>
      </trkpt>
      <trkpt lat="33.62163" lon="-117.7674">
        <ele>264.35</ele>
        <time>2026-02-28T17:09:49Z</time>
      </trkpt>
      <trkpt lat="33.62166" lon="-117.76742">
        <ele>264.06</ele>
        <time>2026-02-28T17:09:52Z</time>
      </trkpt>
      <trkpt lat="33.62168" lon="-117.76744">
        <ele>263.86</ele>
        <time>2026-02-28T17:09:55Z</time>
      </trkpt>
      <trkpt lat="33.62171" lon="-117.76746">
        <ele>263.53</ele>
        <time>2026-02-28T17:09:58Z</time>
      </trkpt>
      <trkpt lat="33.62174" lon="-117.76747">
        <ele>263.21</ele>
        <time>2026-02-28T17:10:01Z</time>
      </trkpt>
      <trkpt lat="33.62177" lon="-117.76749">
        <ele>262.86</ele>
        <time>2026-02-28T17:10:04Z</time>
      </trkpt>
      <trkpt lat="33.6218" lon="-117.7675">
        <ele>262.56</ele>
        <time>2026-02-28T17:10:07Z</time>
      </trkpt>
      <trkpt lat="33.62182" lon="-117.76751">
        <ele>262.24</ele>
        <time>2026-02-28T17:10:10Z</time>
      </trkpt>
      <trkpt lat="33.62185" lon="-117.76752">
        <ele>261.8</ele>
        <time>2026-02-28T17:10:13Z</time>
      </trkpt>
      <trkpt lat="33.62188" lon="-117.76753">
        <ele>261.17</ele>
        <time>2026-02-28T17:10:16Z</time>
      </trkpt>
      <trkpt lat="33.62191" lon="-117.76754">
        <ele>260.58</ele>
        <time>2026-02-28T17:10:19Z</time>
      </trkpt>
      <trkpt lat="33.62194" lon="-117.76755">
        <ele>260.07</ele>
        <time>2026-02-28T17:10:21Z</time>
      </trkpt>
      <trkpt lat="33.62197" lon="-117.76756">
        <ele>259.63</ele>
        <time>2026-02-28T17:10:23Z</time>
      </trkpt>
      <trkpt lat="33.622" lon="-117.76757">
        <ele>259.25</ele>
        <time>2026-02-28T17:10:25Z</time>
      </trkpt>
      <trkpt lat="33.62203" lon="-117.76757">
        <ele>258.85</ele>
        <time>2026-02-28T17:10:27Z</time>
      </trkpt>
      <trkpt lat="33.62206" lon="-117.76758">
        <ele>258.58</ele>
        <time>2026-02-28T17:10:29Z</time>
      </trkpt>
      <trkpt lat="33.62209" lon="-117.76759">
        <ele>258.38</ele>
        <time>2026-02-28T17:10:31Z</time>
      </trkpt>
      <trkpt lat="33.62212" lon="-117.7676">
        <ele>258.09</ele>
        <time>2026-02-28T17:10:34Z</time>
      </trkpt>
      <trkpt lat="33.62216" lon="-117.76761">
        <ele>257.94</ele>
        <time>2026-02-28T17:10:37Z</time>
      </trkpt>
      <trkpt lat="33.62219" lon="-117.76762">
        <ele>257.81</ele>
        <time>2026-02-28T17:10:40Z</time>
      </trkpt>
      <trkpt lat="33.62222" lon="-117.76763">
        <ele>257.61</ele>
        <time>2026-02-28T17:10:43Z</time>
      </trkpt>
      <trkpt lat="33.62225" lon="-117.76764">
        <ele>257.34</ele>
        <time>2026-02-28T17:10:46Z</time>
      </trkpt>
      <trkpt lat="33.62228" lon="-117.76765">
        <ele>257.14</ele>
        <time>2026-02-28T17:10:49Z</time>
      </trkpt>
      <trkpt lat="33.62231" lon="-117.76764">
        <ele>257.03</ele>
        <time>2026-02-28T17:10:52Z</time>
      </trkpt>
      <trkpt lat="33.62234" lon="-117.76764">
        <ele>256.73</ele>
        <time>2026-02-28T17:10:55Z</time>
      </trkpt>
      <trkpt lat="33.62237" lon="-117.76764">
        <ele>256.4</ele>
        <time>2026-02-28T17:10:58Z</time>
      </trkpt>
      <trkpt lat="33.6224" lon="-117.76765">
        <ele>256.08</ele>
        <time>2026-02-28T17:11:02Z</time>
      </trkpt>
      <trkpt lat="33.62244" lon="-117.76766">
        <ele>255.55</ele>
        <time>2026-02-28T17:11:08Z</time>
      </trkpt>
      <trkpt lat="33.62247" lon="-117.76766">
        <ele>255.14</ele>
        <time>2026-02-28T17:11:13Z</time>
      </trkpt>
      <trkpt lat="33.6225" lon="-117.76766">
        <ele>254.73</ele>
        <time>2026-02-28T17:11:17Z</time>
      </trkpt>
      <trkpt lat="33.62253" lon="-117.76767">
        <ele>254.46</ele>
        <time>2026-02-28T17:11:21Z</time>
      </trkpt>
      <trkpt lat="33.62256" lon="-117.76767">
        <ele>254.08</ele>
        <time>2026-02-28T17:11:25Z</time>
      </trkpt>
      <trkpt lat="33.62259" lon="-117.76767">
        <ele>253.7</ele>
        <time>2026-02-28T17:11:29Z</time>
      </trkpt>
      <trkpt lat="33.62263" lon="-117.76767">
        <ele>252.93</ele>
        <time>2026-02-28T17:11:33Z</time>
      </trkpt>
      <trkpt lat="33.62266" lon="-117.76767">
        <ele>252.34</ele>
        <time>2026-02-28T17:11:37Z</time>
      </trkpt>
      <trkpt lat="33.6227" lon="-117.76768">
        <ele>251.62</ele>
        <time>2026-02-28T17:11:41Z</time>
      </trkpt>
      <trkpt lat="33.62273" lon="-117.76767">
        <ele>250.87</ele>
        <time>2026-02-28T17:11:45Z</time>
      </trkpt>
      <trkpt lat="33.62276" lon="-117.76767">
        <ele>250.22</ele>
        <time>2026-02-28T17:11:48Z</time>
      </trkpt>
      <trkpt lat="33.62279" lon="-117.76767">
        <ele>249.57</ele>
        <time>2026-02-28T17:11:52Z</time>
      </trkpt>
      <trkpt lat="33.62283" lon="-117.76767">
        <ele>248.71</ele>
        <time>2026-02-28T17:11:56Z</time>
      </trkpt>
      <trkpt lat="33.62286" lon="-117.76767">
        <ele>248.06</ele>
        <time>2026-02-28T17:12:00Z</time>
      </trkpt>
      <trkpt lat="33.62288" lon="-117.76767">
        <ele>247.71</ele>
        <time>2026-02-28T17:12:03Z</time>
      </trkpt>
      <trkpt lat="33.62292" lon="-117.76767">
        <ele>247.21</ele>
        <time>2026-02-28T17:12:07Z</time>
      </trkpt>
      <trkpt lat="33.62295" lon="-117.76767">
        <ele>246.83</ele>
        <time>2026-02-28T17:12:11Z</time>
      </trkpt>
      <trkpt lat="33.62298" lon="-117.76767">
        <ele>246.33</ele>
        <time>2026-02-28T17:12:14Z</time>
      </trkpt>
      <trkpt lat="33.62301" lon="-117.76767">
        <ele>245.74</ele>
        <time>2026-02-28T17:12:17Z</time>
      </trkpt>
      <trkpt lat="33.62304" lon="-117.76767">
        <ele>245.14</ele>
        <time>2026-02-28T17:12:20Z</time>
      </trkpt>
      <trkpt lat="33.62308" lon="-117.76767">
        <ele>244.57</ele>
        <time>2026-02-28T17:12:23Z</time>
      </trkpt>
      <trkpt lat="33.62311" lon="-117.76768">
        <ele>244.36</ele>
        <time>2026-02-28T17:12:25Z</time>
      </trkpt>
      <trkpt lat="33.62314" lon="-117.76768">
        <ele>244.03</ele>
        <time>2026-02-28T17:12:27Z</time>
      </trkpt>
      <trkpt lat="33.62317" lon="-117.76768">
        <ele>243.94</ele>
        <time>2026-02-28T17:12:29Z</time>
      </trkpt>
      <trkpt lat="33.62321" lon="-117.76769">
        <ele>244.0</ele>
        <time>2026-02-28T17:12:32Z</time>
      </trkpt>
      <trkpt lat="33.62324" lon="-117.7677">
        <ele>244.0</ele>
        <time>2026-02-28T17:12:35Z</time>
      </trkpt>
      <trkpt lat="33.62328" lon="-117.76772">
        <ele>243.84</ele>
        <time>2026-02-28T17:12:38Z</time>
      </trkpt>
      <trkpt lat="33.62331" lon="-117.76774">
        <ele>243.56</ele>
        <time>2026-02-28T17:12:41Z</time>
      </trkpt>
      <trkpt lat="33.62334" lon="-117.76776">
        <ele>243.28</ele>
        <time>2026-02-28T17:12:44Z</time>
      </trkpt>
      <trkpt lat="33.62337" lon="-117.76778">
        <ele>243.37</ele>
        <time>2026-02-28T17:12:47Z</time>
      </trkpt>
      <trkpt lat="33.6234" lon="-117.7678">
        <ele>243.48</ele>
        <time>2026-02-28T17:12:50Z</time>
      </trkpt>
      <trkpt lat="33.62343" lon="-117.76782">
        <ele>243.61</ele>
        <time>2026-02-28T17:12:53Z</time>
      </trkpt>
      <trkpt lat="33.62346" lon="-117.76783">
        <ele>243.96</ele>
        <time>2026-02-28T17:12:56Z</time>
      </trkpt>
      <trkpt lat="33.62349" lon="-117.76785">
        <ele>244.06</ele>
        <time>2026-02-28T17:12:59Z</time>
      </trkpt>
      <trkpt lat="33.62352" lon="-117.76787">
        <ele>244.04</ele>
        <time>2026-02-28T17:13:02Z</time>
      </trkpt>
      <trkpt lat="33.62355" lon="-117.7679">
        <ele>244.25</ele>
        <time>2026-02-28T17:13:05Z</time>
      </trkpt>
      <trkpt lat="33.62358" lon="-117.76792">
        <ele>244.44</ele>
        <time>2026-02-28T17:13:08Z</time>
      </trkpt>
      <trkpt lat="33.62361" lon="-117.76794">
        <ele>244.48</ele>
        <time>2026-02-28T17:13:11Z</time>
      </trkpt>
      <trkpt lat="33.62364" lon="-117.76796">
        <ele>244.69</ele>
        <time>2026-02-28T17:13:14Z</time>
      </trkpt>
      <trkpt lat="33.62367" lon="-117.76799">
        <ele>244.5</ele>
        <time>2026-02-28T17:13:17Z</time>
      </trkpt>
      <trkpt lat="33.6237" lon="-117.76801">
        <ele>244.42</ele>
        <time>2026-02-28T17:13:20Z</time>
      </trkpt>
      <trkpt lat="33.62372" lon="-117.76803">
        <ele>244.36</ele>
        <time>2026-02-28T17:13:23Z</time>
      </trkpt>
      <trkpt lat="33.62375" lon="-117.76806">
        <ele>244.43</ele>
        <time>2026-02-28T17:13:26Z</time>
      </trkpt>
      <trkpt lat="33.62378" lon="-117.76808">
        <ele>244.99</ele>
        <time>2026-02-28T17:13:29Z</time>
      </trkpt>
      <trkpt lat="33.62381" lon="-117.7681">
        <ele>245.19</ele>
        <time>2026-02-28T17:13:32Z</time>
      </trkpt>
      <trkpt lat="33.62383" lon="-117.76812">
        <ele>244.83</ele>
        <time>2026-02-28T17:13:35Z</time>
      </trkpt>
      <trkpt lat="33.62386" lon="-117.76811">
        <ele>245.39</ele>
        <time>2026-02-28T17:13:38Z</time>
      </trkpt>
      <trkpt lat="33.62389" lon="-117.76811">
        <ele>245.66</ele>
        <time>2026-02-28T17:13:41Z</time>
      </trkpt>
      <trkpt lat="33.62392" lon="-117.7681">
        <ele>246.4</ele>
        <time>2026-02-28T17:13:44Z</time>
      </trkpt>
      <trkpt lat="33.62395" lon="-117.76809">
        <ele>247.0</ele>
        <time>2026-02-28T17:13:47Z</time>
      </trkpt>
      <trkpt lat="33.62398" lon="-117.76808">
        <ele>247.46</ele>
        <time>2026-02-28T17:13:50Z</time>
      </trkpt>
      <trkpt lat="33.624" lon="-117.76807">
        <ele>247.69</ele>
        <time>2026-02-28T17:13:53Z</time>
      </trkpt>
      <trkpt lat="33.62403" lon="-117.76806">
        <ele>247.9</ele>
        <time>2026-02-28T17:14:03Z</time>
      </trkpt>
      <trkpt lat="33.62407" lon="-117.76806">
        <ele>247.9</ele>
        <time>2026-02-28T17:14:07Z</time>
      </trkpt>
      <trkpt lat="33.6241" lon="-117.76805">
        <ele>248.18</ele>
        <time>2026-02-28T17:14:10Z</time>
      </trkpt>
      <trkpt lat="33.62413" lon="-117.76805">
        <ele>248.18</ele>
        <time>2026-02-28T17:14:13Z</time>
      </trkpt>
      <trkpt lat="33.62417" lon="-117.76805">
        <ele>248.14</ele>
        <time>2026-02-28T17:14:16Z</time>
      </trkpt>
      <trkpt lat="33.62421" lon="-117.76804">
        <ele>248.04</ele>
        <time>2026-02-28T17:14:18Z</time>
      </trkpt>
      <trkpt lat="33.62424" lon="-117.76804">
        <ele>247.71</ele>
        <time>2026-02-28T17:14:20Z</time>
      </trkpt>
      <trkpt lat="33.62427" lon="-117.76804">
        <ele>247.39</ele>
        <time>2026-02-28T17:14:22Z</time>
      </trkpt>
      <trkpt lat="33.6243" lon="-117.76804">
        <ele>247.06</ele>
        <time>2026-02-28T17:14:24Z</time>
      </trkpt>
      <trkpt lat="33.62434" lon="-117.76803">
        <ele>246.96</ele>
        <time>2026-02-28T17:14:27Z</time>
      </trkpt>
      <trkpt lat="33.62437" lon="-117.76803">
        <ele>246.83</ele>
        <time>2026-02-28T17:14:30Z</time>
      </trkpt>
      <trkpt lat="33.62441" lon="-117.76803">
        <ele>246.83</ele>
        <time>2026-02-28T17:14:33Z</time>
      </trkpt>
      <trkpt lat="33.62444" lon="-117.76802">
        <ele>247.15</ele>
        <time>2026-02-28T17:14:36Z</time>
      </trkpt>
      <trkpt lat="33.62448" lon="-117.76801">
        <ele>247.09</ele>
        <time>2026-02-28T17:14:39Z</time>
      </trkpt>
      <trkpt lat="33.62451" lon="-117.76801">
        <ele>246.77</ele>
        <time>2026-02-28T17:14:42Z</time>
      </trkpt>
      <trkpt lat="33.62454" lon="-117.768">
        <ele>246.78</ele>
        <time>2026-02-28T17:14:45Z</time>
      </trkpt>
      <trkpt lat="33.62458" lon="-117.76799">
        <ele>246.8</ele>
        <time>2026-02-28T17:14:48Z</time>
      </trkpt>
      <trkpt lat="33.62461" lon="-117.76799">
        <ele>246.57</ele>
        <time>2026-02-28T17:14:51Z</time>
      </trkpt>
      <trkpt lat="33.62464" lon="-117.76798">
        <ele>246.43</ele>
        <time>2026-02-28T17:14:54Z</time>
      </trkpt>
      <trkpt lat="33.62468" lon="-117.76797">
        <ele>245.8</ele>
        <time>2026-02-28T17:14:57Z</time>
      </trkpt>
      <trkpt lat="33.62471" lon="-117.76797">
        <ele>245.18</ele>
        <time>2026-02-28T17:15:00Z</time>
      </trkpt>
      <trkpt lat="33.62474" lon="-117.76796">
        <ele>245.29</ele>
        <time>2026-02-28T17:15:03Z</time>
      </trkpt>
      <trkpt lat="33.62476" lon="-117.76794">
        <ele>246.15</ele>
        <time>2026-02-28T17:15:10Z</time>
      </trkpt>
      <trkpt lat="33.62478" lon="-117.76792">
        <ele>247.02</ele>
        <time>2026-02-28T17:15:15Z</time>
      </trkpt>
      <trkpt lat="33.62482" lon="-117.76791">
        <ele>247.71</ele>
        <time>2026-02-28T17:15:19Z</time>
      </trkpt>
      <trkpt lat="33.62484" lon="-117.7679">
        <ele>247.94</ele>
        <time>2026-02-28T17:15:22Z</time>
      </trkpt>
      <trkpt lat="33.62487" lon="-117.76789">
        <ele>248.02</ele>
        <time>2026-02-28T17:15:25Z</time>
      </trkpt>
      <trkpt lat="33.6249" lon="-117.76788">
        <ele>247.96</ele>
        <time>2026-02-28T17:15:28Z</time>
      </trkpt>
      <trkpt lat="33.62493" lon="-117.76787">
        <ele>248.01</ele>
        <time>2026-02-28T17:15:31Z</time>
      </trkpt>
      <trkpt lat="33.62496" lon="-117.76786">
        <ele>248.34</ele>
        <time>2026-02-28T17:15:34Z</time>
      </trkpt>
      <trkpt lat="33.62499" lon="-117.76786">
        <ele>248.34</ele>
        <time>2026-02-28T17:15:37Z</time>
      </trkpt>
      <trkpt lat="33.62503" lon="-117.76785">
        <ele>248.66</ele>
        <time>2026-02-28T17:15:40Z</time>
      </trkpt>
      <trkpt lat="33.62506" lon="-117.76784">
        <ele>248.98</ele>
        <time>2026-02-28T17:15:43Z</time>
      </trkpt>
      <trkpt lat="33.62509" lon="-117.76783">
        <ele>249.31</ele>
        <time>2026-02-28T17:15:46Z</time>
      </trkpt>
      <trkpt lat="33.62512" lon="-117.76783">
        <ele>249.6</ele>
        <time>2026-02-28T17:15:49Z</time>
      </trkpt>
      <trkpt lat="33.62514" lon="-117.76782">
        <ele>250.14</ele>
        <time>2026-02-28T17:15:52Z</time>
      </trkpt>
      <trkpt lat="33.62517" lon="-117.76781">
        <ele>250.79</ele>
        <time>2026-02-28T17:15:55Z</time>
      </trkpt>
      <trkpt lat="33.6252" lon="-117.76781">
        <ele>250.91</ele>
        <time>2026-02-28T17:15:58Z</time>
      </trkpt>
      <trkpt lat="33.62523" lon="-117.7678">
        <ele>251.03</ele>
        <time>2026-02-28T17:16:01Z</time>
      </trkpt>
      <trkpt lat="33.62525" lon="-117.76779">
        <ele>251.09</ele>
        <time>2026-02-28T17:16:04Z</time>
      </trkpt>
      <trkpt lat="33.62528" lon="-117.76778">
        <ele>250.93</ele>
        <time>2026-02-28T17:16:07Z</time>
      </trkpt>
      <trkpt lat="33.62531" lon="-117.76775">
        <ele>250.6</ele>
        <time>2026-02-28T17:16:10Z</time>
      </trkpt>
      <trkpt lat="33.62533" lon="-117.76772">
        <ele>250.5</ele>
        <time>2026-02-28T17:16:13Z</time>
      </trkpt>
      <trkpt lat="33.62536" lon="-117.7677">
        <ele>250.06</ele>
        <time>2026-02-28T17:16:16Z</time>
      </trkpt>
      <trkpt lat="33.62539" lon="-117.76769">
        <ele>249.54</ele>
        <time>2026-02-28T17:16:20Z</time>
      </trkpt>
      <trkpt lat="33.62542" lon="-117.76768">
        <ele>248.95</ele>
        <time>2026-02-28T17:16:24Z</time>
      </trkpt>
      <trkpt lat="33.62546" lon="-117.76767">
        <ele>248.07</ele>
        <time>2026-02-28T17:16:28Z</time>
      </trkpt>
      <trkpt lat="33.62548" lon="-117.76766">
        <ele>247.73</ele>
        <time>2026-02-28T17:16:31Z</time>
      </trkpt>
      <trkpt lat="33.62552" lon="-117.76766">
        <ele>247.1</ele>
        <time>2026-02-28T17:16:35Z</time>
      </trkpt>
      <trkpt lat="33.62555" lon="-117.76765">
        <ele>246.83</ele>
        <time>2026-02-28T17:16:38Z</time>
      </trkpt>
      <trkpt lat="33.62557" lon="-117.76765">
        <ele>246.49</ele>
        <time>2026-02-28T17:16:41Z</time>
      </trkpt>
      <trkpt lat="33.6256" lon="-117.76765">
        <ele>245.92</ele>
        <time>2026-02-28T17:16:44Z</time>
      </trkpt>
      <trkpt lat="33.62563" lon="-117.76766">
        <ele>245.3</ele>
        <time>2026-02-28T17:16:47Z</time>
      </trkpt>
      <trkpt lat="33.62565" lon="-117.76768">
        <ele>244.98</ele>
        <time>2026-02-28T17:16:50Z</time>
      </trkpt>
      <trkpt lat="33.62568" lon="-117.76768">
        <ele>244.66</ele>
        <time>2026-02-28T17:16:53Z</time>
      </trkpt>
      <trkpt lat="33.62571" lon="-117.76769">
        <ele>244.3</ele>
        <time>2026-02-28T17:16:56Z</time>
      </trkpt>
      <trkpt lat="33.62573" lon="-117.76769">
        <ele>244.07</ele>
        <time>2026-02-28T17:16:59Z</time>
      </trkpt>
      <trkpt lat="33.62576" lon="-117.76769">
        <ele>243.54</ele>
        <time>2026-02-28T17:17:02Z</time>
      </trkpt>
      <trkpt lat="33.62579" lon="-117.7677">
        <ele>242.86</ele>
        <time>2026-02-28T17:17:05Z</time>
      </trkpt>
      <trkpt lat="33.62582" lon="-117.7677">
        <ele>242.26</ele>
        <time>2026-02-28T17:17:08Z</time>
      </trkpt>
      <trkpt lat="33.62585" lon="-117.76771">
        <ele>241.64</ele>
        <time>2026-02-28T17:17:11Z</time>
      </trkpt>
      <trkpt lat="33.62588" lon="-117.76772">
        <ele>240.99</ele>
        <time>2026-02-28T17:17:14Z</time>
      </trkpt>
      <trkpt lat="33.62591" lon="-117.76772">
        <ele>240.34</ele>
        <time>2026-02-28T17:17:16Z</time>
      </trkpt>
      <trkpt lat="33.62595" lon="-117.76773">
        <ele>239.74</ele>
        <time>2026-02-28T17:17:18Z</time>
      </trkpt>
      <trkpt lat="33.62599" lon="-117.76773">
        <ele>239.31</ele>
        <time>2026-02-28T17:17:20Z</time>
      </trkpt>
      <trkpt lat="33.62602" lon="-117.76774">
        <ele>238.99</ele>
        <time>2026-02-28T17:17:22Z</time>
      </trkpt>
      <trkpt lat="33.62605" lon="-117.76775">
        <ele>238.9</ele>
        <time>2026-02-28T17:17:24Z</time>
      </trkpt>
      <trkpt lat="33.62609" lon="-117.76776">
        <ele>238.85</ele>
        <time>2026-02-28T17:17:27Z</time>
      </trkpt>
      <trkpt lat="33.62612" lon="-117.76776">
        <ele>238.83</ele>
        <time>2026-02-28T17:17:30Z</time>
      </trkpt>
      <trkpt lat="33.62616" lon="-117.76777">
        <ele>238.96</ele>
        <time>2026-02-28T17:17:33Z</time>
      </trkpt>
      <trkpt lat="33.62619" lon="-117.76778">
        <ele>238.93</ele>
        <time>2026-02-28T17:17:36Z</time>
      </trkpt>
      <trkpt lat="33.62622" lon="-117.76778">
        <ele>238.76</ele>
        <time>2026-02-28T17:17:39Z</time>
      </trkpt>
      <trkpt lat="33.62624" lon="-117.7678">
        <ele>237.98</ele>
        <time>2026-02-28T17:17:46Z</time>
      </trkpt>
      <trkpt lat="33.62627" lon="-117.76781">
        <ele>237.49</ele>
        <time>2026-02-28T17:17:49Z</time>
      </trkpt>
      <trkpt lat="33.6263" lon="-117.7678">
        <ele>237.44</ele>
        <time>2026-02-28T17:17:52Z</time>
      </trkpt>
      <trkpt lat="33.62633" lon="-117.76778">
        <ele>237.22</ele>
        <time>2026-02-28T17:17:54Z</time>
      </trkpt>
      <trkpt lat="33.62636" lon="-117.76775">
        <ele>237.13</ele>
        <time>2026-02-28T17:17:57Z</time>
      </trkpt>
      <trkpt lat="33.62638" lon="-117.76773">
        <ele>237.17</ele>
        <time>2026-02-28T17:17:59Z</time>
      </trkpt>
      <trkpt lat="33.6264" lon="-117.76772">
        <ele>237.13</ele>
        <time>2026-02-28T17:18:01Z</time>
      </trkpt>
      <trkpt lat="33.62644" lon="-117.7677">
        <ele>237.13</ele>
        <time>2026-02-28T17:18:04Z</time>
      </trkpt>
      <trkpt lat="33.62648" lon="-117.76768">
        <ele>236.9</ele>
        <time>2026-02-28T17:18:07Z</time>
      </trkpt>
      <trkpt lat="33.62652" lon="-117.76767">
        <ele>236.32</ele>
        <time>2026-02-28T17:18:10Z</time>
      </trkpt>
      <trkpt lat="33.62656" lon="-117.76766">
        <ele>235.84</ele>
        <time>2026-02-28T17:18:13Z</time>
      </trkpt>
      <trkpt lat="33.62659" lon="-117.76766">
        <ele>235.68</ele>
        <time>2026-02-28T17:18:16Z</time>
      </trkpt>
      <trkpt lat="33.62663" lon="-117.76765">
        <ele>235.39</ele>
        <time>2026-02-28T17:18:19Z</time>
      </trkpt>
      <trkpt lat="33.62666" lon="-117.76766">
        <ele>235.48</ele>
        <time>2026-02-28T17:18:22Z</time>
      </trkpt>
      <trkpt lat="33.6267" lon="-117.76767">
        <ele>235.31</ele>
        <time>2026-02-28T17:18:25Z</time>
      </trkpt>
      <trkpt lat="33.62673" lon="-117.76768">
        <ele>235.2</ele>
        <time>2026-02-28T17:18:28Z</time>
      </trkpt>
      <trkpt lat="33.62676" lon="-117.76767">
        <ele>234.67</ele>
        <time>2026-02-28T17:18:31Z</time>
      </trkpt>
      <trkpt lat="33.6268" lon="-117.76766">
        <ele>234.14</ele>
        <time>2026-02-28T17:18:34Z</time>
      </trkpt>
      <trkpt lat="33.62683" lon="-117.76766">
        <ele>233.9</ele>
        <time>2026-02-28T17:18:37Z</time>
      </trkpt>
      <trkpt lat="33.62686" lon="-117.76766">
        <ele>233.64</ele>
        <time>2026-02-28T17:18:40Z</time>
      </trkpt>
      <trkpt lat="33.6269" lon="-117.76766">
        <ele>233.21</ele>
        <time>2026-02-28T17:18:43Z</time>
      </trkpt>
      <trkpt lat="33.62693" lon="-117.76766">
        <ele>232.88</ele>
        <time>2026-02-28T17:18:46Z</time>
      </trkpt>
      <trkpt lat="33.62696" lon="-117.76766">
        <ele>232.47</ele>
        <time>2026-02-28T17:18:49Z</time>
      </trkpt>
      <trkpt lat="33.62699" lon="-117.76767">
        <ele>232.18</ele>
        <time>2026-02-28T17:18:52Z</time>
      </trkpt>
      <trkpt lat="33.62702" lon="-117.76767">
        <ele>231.75</ele>
        <time>2026-02-28T17:18:55Z</time>
      </trkpt>
      <trkpt lat="33.62705" lon="-117.76767">
        <ele>231.21</ele>
        <time>2026-02-28T17:18:58Z</time>
      </trkpt>
      <trkpt lat="33.62708" lon="-117.76768">
        <ele>230.88</ele>
        <time>2026-02-28T17:19:01Z</time>
      </trkpt>
      <trkpt lat="33.62712" lon="-117.76768">
        <ele>229.99</ele>
        <time>2026-02-28T17:19:04Z</time>
      </trkpt>
      <trkpt lat="33.62715" lon="-117.76768">
        <ele>229.35</ele>
        <time>2026-02-28T17:19:07Z</time>
      </trkpt>
      <trkpt lat="33.62718" lon="-117.76768">
        <ele>228.72</ele>
        <time>2026-02-28T17:19:10Z</time>
      </trkpt>
      <trkpt lat="33.62721" lon="-117.76769">
        <ele>228.32</ele>
        <time>2026-02-28T17:19:13Z</time>
      </trkpt>
      <trkpt lat="33.62724" lon="-117.76769">
        <ele>227.86</ele>
        <time>2026-02-28T17:19:16Z</time>
      </trkpt>
      <trkpt lat="33.62727" lon="-117.76769">
        <ele>227.54</ele>
        <time>2026-02-28T17:19:19Z</time>
      </trkpt>
      <trkpt lat="33.6273" lon="-117.7677">
        <ele>227.32</ele>
        <time>2026-02-28T17:19:22Z</time>
      </trkpt>
      <trkpt lat="33.62732" lon="-117.7677">
        <ele>227.1</ele>
        <time>2026-02-28T17:19:25Z</time>
      </trkpt>
      <trkpt lat="33.62735" lon="-117.7677">
        <ele>226.78</ele>
        <time>2026-02-28T17:19:28Z</time>
      </trkpt>
      <trkpt lat="33.62738" lon="-117.76771">
        <ele>226.56</ele>
        <time>2026-02-28T17:19:31Z</time>
      </trkpt>
      <trkpt lat="33.62741" lon="-117.76771">
        <ele>226.25</ele>
        <time>2026-02-28T17:19:34Z</time>
      </trkpt>
      <trkpt lat="33.62744" lon="-117.76772">
        <ele>226.16</ele>
        <time>2026-02-28T17:19:37Z</time>
      </trkpt>
      <trkpt lat="33.62747" lon="-117.76773">
        <ele>226.14</ele>
        <time>2026-02-28T17:19:40Z</time>
      </trkpt>
      <trkpt lat="33.62748" lon="-117.76777">
        <ele>226.85</ele>
        <time>2026-02-28T17:19:44Z</time>
      </trkpt>
      <trkpt lat="33.6275" lon="-117.76779">
        <ele>227.0</ele>
        <time>2026-02-28T17:19:48Z</time>
      </trkpt>
      <trkpt lat="33.62753" lon="-117.7678">
        <ele>226.43</ele>
        <time>2026-02-28T17:19:52Z</time>
      </trkpt>
      <trkpt lat="33.62756" lon="-117.76781">
        <ele>225.93</ele>
        <time>2026-02-28T17:19:55Z</time>
      </trkpt>
      <trkpt lat="33.62759" lon="-117.76782">
        <ele>225.5</ele>
        <time>2026-02-28T17:19:59Z</time>
      </trkpt>
      <trkpt lat="33.62762" lon="-117.76783">
        <ele>224.97</ele>
        <time>2026-02-28T17:20:03Z</time>
      </trkpt>
      <trkpt lat="33.62765" lon="-117.76784">
        <ele>224.43</ele>
        <time>2026-02-28T17:20:08Z</time>
      </trkpt>
      <trkpt lat="33.62768" lon="-117.76784">
        <ele>223.78</ele>
        <time>2026-02-28T17:20:13Z</time>
      </trkpt>
      <trkpt lat="33.62771" lon="-117.76784">
        <ele>222.96</ele>
        <time>2026-02-28T17:20:18Z</time>
      </trkpt>
      <trkpt lat="33.62774" lon="-117.76784">
        <ele>222.09</ele>
        <time>2026-02-28T17:20:23Z</time>
      </trkpt>
      <trkpt lat="33.62777" lon="-117.76785">
        <ele>221.23</ele>
        <time>2026-02-28T17:20:28Z</time>
      </trkpt>
      <trkpt lat="33.6278" lon="-117.76785">
        <ele>220.57</ele>
        <time>2026-02-28T17:20:33Z</time>
      </trkpt>
      <trkpt lat="33.62783" lon="-117.76784">
        <ele>220.06</ele>
        <time>2026-02-28T17:20:37Z</time>
      </trkpt>
      <trkpt lat="33.62785" lon="-117.76782">
        <ele>219.86</ele>
        <time>2026-02-28T17:20:40Z</time>
      </trkpt>
      <trkpt lat="33.62788" lon="-117.76781">
        <ele>219.58</ele>
        <time>2026-02-28T17:20:44Z</time>
      </trkpt>
      <trkpt lat="33.62791" lon="-117.76781">
        <ele>219.35</ele>
        <time>2026-02-28T17:20:46Z</time>
      </trkpt>
      <trkpt lat="33.62795" lon="-117.7678">
        <ele>219.35</ele>
        <time>2026-02-28T17:20:48Z</time>
      </trkpt>
      <trkpt lat="33.62798" lon="-117.7678">
        <ele>218.91</ele>
        <time>2026-02-28T17:20:51Z</time>
      </trkpt>
      <trkpt lat="33.62801" lon="-117.7678">
        <ele>218.26</ele>
        <time>2026-02-28T17:20:54Z</time>
      </trkpt>
      <trkpt lat="33.62805" lon="-117.76779">
        <ele>217.72</ele>
        <time>2026-02-28T17:20:57Z</time>
      </trkpt>
      <trkpt lat="33.62808" lon="-117.76779">
        <ele>217.11</ele>
        <time>2026-02-28T17:21:00Z</time>
      </trkpt>
      <trkpt lat="33.62812" lon="-117.76779">
        <ele>216.3</ele>
        <time>2026-02-28T17:21:03Z</time>
      </trkpt>
      <trkpt lat="33.62816" lon="-117.76778">
        <ele>215.7</ele>
        <time>2026-02-28T17:21:06Z</time>
      </trkpt>
      <trkpt lat="33.62819" lon="-117.76777">
        <ele>214.93</ele>
        <time>2026-02-28T17:21:09Z</time>
      </trkpt>
      <trkpt lat="33.62822" lon="-117.76776">
        <ele>214.06</ele>
        <time>2026-02-28T17:21:14Z</time>
      </trkpt>
      <trkpt lat="33.62824" lon="-117.76775">
        <ele>213.42</ele>
        <time>2026-02-28T17:21:21Z</time>
      </trkpt>
      <trkpt lat="33.62827" lon="-117.76773">
        <ele>212.18</ele>
        <time>2026-02-28T17:21:26Z</time>
      </trkpt>
      <trkpt lat="33.62829" lon="-117.76772">
        <ele>211.49</ele>
        <time>2026-02-28T17:21:30Z</time>
      </trkpt>
      <trkpt lat="33.62833" lon="-117.76771">
        <ele>210.35</ele>
        <time>2026-02-28T17:21:34Z</time>
      </trkpt>
      <trkpt lat="33.62837" lon="-117.7677">
        <ele>209.43</ele>
        <time>2026-02-28T17:21:37Z</time>
      </trkpt>
      <trkpt lat="33.62839" lon="-117.7677">
        <ele>209.03</ele>
        <time>2026-02-28T17:21:39Z</time>
      </trkpt>
      <trkpt lat="33.62843" lon="-117.76769">
        <ele>208.01</ele>
        <time>2026-02-28T17:21:42Z</time>
      </trkpt>
      <trkpt lat="33.62846" lon="-117.76769">
        <ele>207.35</ele>
        <time>2026-02-28T17:21:45Z</time>
      </trkpt>
      <trkpt lat="33.62849" lon="-117.76768">
        <ele>206.35</ele>
        <time>2026-02-28T17:21:48Z</time>
      </trkpt>
      <trkpt lat="33.62852" lon="-117.76768">
        <ele>205.67</ele>
        <time>2026-02-28T17:21:51Z</time>
      </trkpt>
      <trkpt lat="33.62855" lon="-117.76768">
        <ele>204.72</ele>
        <time>2026-02-28T17:21:54Z</time>
      </trkpt>
      <trkpt lat="33.62858" lon="-117.7677">
        <ele>204.27</ele>
        <time>2026-02-28T17:21:57Z</time>
      </trkpt>
      <trkpt lat="33.6286" lon="-117.76772">
        <ele>204.07</ele>
        <time>2026-02-28T17:21:59Z</time>
      </trkpt>
      <trkpt lat="33.62863" lon="-117.76775">
        <ele>204.13</ele>
        <time>2026-02-28T17:22:02Z</time>
      </trkpt>
      <trkpt lat="33.62866" lon="-117.76776">
        <ele>203.99</ele>
        <time>2026-02-28T17:22:05Z</time>
      </trkpt>
      <trkpt lat="33.62869" lon="-117.76778">
        <ele>204.2</ele>
        <time>2026-02-28T17:22:08Z</time>
      </trkpt>
      <trkpt lat="33.62872" lon="-117.76779">
        <ele>203.89</ele>
        <time>2026-02-28T17:22:11Z</time>
      </trkpt>
      <trkpt lat="33.62875" lon="-117.76781">
        <ele>203.52</ele>
        <time>2026-02-28T17:22:14Z</time>
      </trkpt>
      <trkpt lat="33.62877" lon="-117.76782">
        <ele>203.15</ele>
        <time>2026-02-28T17:22:17Z</time>
      </trkpt>
      <trkpt lat="33.6288" lon="-117.76783">
        <ele>202.47</ele>
        <time>2026-02-28T17:22:20Z</time>
      </trkpt>
      <trkpt lat="33.62883" lon="-117.76784">
        <ele>201.82</ele>
        <time>2026-02-28T17:22:23Z</time>
      </trkpt>
      <trkpt lat="33.62885" lon="-117.76785">
        <ele>201.49</ele>
        <time>2026-02-28T17:22:26Z</time>
      </trkpt>
      <trkpt lat="33.62887" lon="-117.76787">
        <ele>201.4</ele>
        <time>2026-02-28T17:22:29Z</time>
      </trkpt>
      <trkpt lat="33.6289" lon="-117.76788">
        <ele>200.97</ele>
        <time>2026-02-28T17:22:32Z</time>
      </trkpt>
      <trkpt lat="33.62893" lon="-117.76789">
        <ele>200.54</ele>
        <time>2026-02-28T17:22:36Z</time>
      </trkpt>
      <trkpt lat="33.62897" lon="-117.76791">
        <ele>200.1</ele>
        <time>2026-02-28T17:22:40Z</time>
      </trkpt>
      <trkpt lat="33.62899" lon="-117.76792">
        <ele>199.84</ele>
        <time>2026-02-28T17:22:44Z</time>
      </trkpt>
      <trkpt lat="33.62902" lon="-117.76793">
        <ele>199.19</ele>
        <time>2026-02-28T17:22:50Z</time>
      </trkpt>
      <trkpt lat="33.62905" lon="-117.76794">
        <ele>198.47</ele>
        <time>2026-02-28T17:22:54Z</time>
      </trkpt>
      <trkpt lat="33.62907" lon="-117.76795">
        <ele>197.99</ele>
        <time>2026-02-28T17:22:58Z</time>
      </trkpt>
      <trkpt lat="33.62911" lon="-117.76796">
        <ele>197.18</ele>
        <time>2026-02-28T17:23:02Z</time>
      </trkpt>
      <trkpt lat="33.62913" lon="-117.76797">
        <ele>196.87</ele>
        <time>2026-02-28T17:23:05Z</time>
      </trkpt>
      <trkpt lat="33.62916" lon="-117.76798">
        <ele>196.33</ele>
        <time>2026-02-28T17:23:08Z</time>
      </trkpt>
      <trkpt lat="33.62919" lon="-117.76799">
        <ele>195.79</ele>
        <time>2026-02-28T17:23:11Z</time>
      </trkpt>
      <trkpt lat="33.62921" lon="-117.768">
        <ele>195.46</ele>
        <time>2026-02-28T17:23:14Z</time>
      </trkpt>
      <trkpt lat="33.62924" lon="-117.76801">
        <ele>194.92</ele>
        <time>2026-02-28T17:23:17Z</time>
      </trkpt>
      <trkpt lat="33.62927" lon="-117.76801">
        <ele>194.28</ele>
        <time>2026-02-28T17:23:20Z</time>
      </trkpt>
      <trkpt lat="33.6293" lon="-117.76802">
        <ele>193.74</ele>
        <time>2026-02-28T17:23:23Z</time>
      </trkpt>
      <trkpt lat="33.62934" lon="-117.76803">
        <ele>192.98</ele>
        <time>2026-02-28T17:23:25Z</time>
      </trkpt>
      <trkpt lat="33.62937" lon="-117.76803">
        <ele>192.47</ele>
        <time>2026-02-28T17:23:27Z</time>
      </trkpt>
      <trkpt lat="33.6294" lon="-117.76804">
        <ele>192.22</ele>
        <time>2026-02-28T17:23:29Z</time>
      </trkpt>
      <trkpt lat="33.62943" lon="-117.76804">
        <ele>191.85</ele>
        <time>2026-02-28T17:23:31Z</time>
      </trkpt>
      <trkpt lat="33.62946" lon="-117.76804">
        <ele>191.52</ele>
        <time>2026-02-28T17:23:33Z</time>
      </trkpt>
      <trkpt lat="33.62948" lon="-117.76802">
        <ele>191.0</ele>
        <time>2026-02-28T17:23:35Z</time>
      </trkpt>
      <trkpt lat="33.62952" lon="-117.76801">
        <ele>190.6</ele>
        <time>2026-02-28T17:23:38Z</time>
      </trkpt>
      <trkpt lat="33.62955" lon="-117.76801">
        <ele>190.44</ele>
        <time>2026-02-28T17:23:41Z</time>
      </trkpt>
      <trkpt lat="33.62958" lon="-117.76801">
        <ele>190.27</ele>
        <time>2026-02-28T17:23:44Z</time>
      </trkpt>
      <trkpt lat="33.62961" lon="-117.76801">
        <ele>190.11</ele>
        <time>2026-02-28T17:23:47Z</time>
      </trkpt>
      <trkpt lat="33.62965" lon="-117.76801">
        <ele>189.78</ele>
        <time>2026-02-28T17:23:50Z</time>
      </trkpt>
      <trkpt lat="33.62968" lon="-117.76801">
        <ele>189.46</ele>
        <time>2026-02-28T17:23:53Z</time>
      </trkpt>
      <trkpt lat="33.62971" lon="-117.76801">
        <ele>189.15</ele>
        <time>2026-02-28T17:23:56Z</time>
      </trkpt>
      <trkpt lat="33.62975" lon="-117.76801">
        <ele>188.72</ele>
        <time>2026-02-28T17:23:59Z</time>
      </trkpt>
      <trkpt lat="33.62978" lon="-117.76801">
        <ele>188.39</ele>
        <time>2026-02-28T17:24:02Z</time>
      </trkpt>
      <trkpt lat="33.62981" lon="-117.76802">
        <ele>188.28</ele>
        <time>2026-02-28T17:24:05Z</time>
      </trkpt>
      <trkpt lat="33.62984" lon="-117.76803">
        <ele>188.18</ele>
        <time>2026-02-28T17:24:08Z</time>
      </trkpt>
      <trkpt lat="33.62987" lon="-117.76804">
        <ele>188.07</ele>
        <time>2026-02-28T17:24:11Z</time>
      </trkpt>
      <trkpt lat="33.62989" lon="-117.76807">
        <ele>188.03</ele>
        <time>2026-02-28T17:24:14Z</time>
      </trkpt>
      <trkpt lat="33.62991" lon="-117.76811">
        <ele>187.39</ele>
        <time>2026-02-28T17:24:17Z</time>
      </trkpt>
      <trkpt lat="33.62992" lon="-117.76815">
        <ele>186.98</ele>
        <time>2026-02-28T17:24:20Z</time>
      </trkpt>
      <trkpt lat="33.62994" lon="-117.76818">
        <ele>186.53</ele>
        <time>2026-02-28T17:24:23Z</time>
      </trkpt>
      <trkpt lat="33.62997" lon="-117.76821">
        <ele>185.88</ele>
        <time>2026-02-28T17:24:26Z</time>
      </trkpt>
      <trkpt lat="33.62999" lon="-117.76823">
        <ele>185.33</ele>
        <time>2026-02-28T17:24:29Z</time>
      </trkpt>
      <trkpt lat="33.63002" lon="-117.76825">
        <ele>184.88</ele>
        <time>2026-02-28T17:24:32Z</time>
      </trkpt>
      <trkpt lat="33.63004" lon="-117.76827">
        <ele>184.55</ele>
        <time>2026-02-28T17:24:35Z</time>
      </trkpt>
      <trkpt lat="33.63006" lon="-117.76829">
        <ele>184.12</ele>
        <time>2026-02-28T17:24:38Z</time>
      </trkpt>
      <trkpt lat="33.63008" lon="-117.76831">
        <ele>183.61</ele>
        <time>2026-02-28T17:24:41Z</time>
      </trkpt>
      <trkpt lat="33.63011" lon="-117.76834">
        <ele>182.91</ele>
        <time>2026-02-28T17:24:45Z</time>
      </trkpt>
      <trkpt lat="33.63013" lon="-117.76837">
        <ele>182.44</ele>
        <time>2026-02-28T17:24:49Z</time>
      </trkpt>
      <trkpt lat="33.63015" lon="-117.7684">
        <ele>181.83</ele>
        <time>2026-02-28T17:24:53Z</time>
      </trkpt>
      <trkpt lat="33.63017" lon="-117.76842">
        <ele>181.28</ele>
        <time>2026-02-28T17:24:57Z</time>
      </trkpt>
      <trkpt lat="33.6302" lon="-117.76845">
        <ele>180.96</ele>
        <time>2026-02-28T17:25:01Z</time>
      </trkpt>
      <trkpt lat="33.63023" lon="-117.76847">
        <ele>180.77</ele>
        <time>2026-02-28T17:25:05Z</time>
      </trkpt>
      <trkpt lat="33.63025" lon="-117.76849">
        <ele>180.52</ele>
        <time>2026-02-28T17:25:08Z</time>
      </trkpt>
      <trkpt lat="33.63028" lon="-117.7685">
        <ele>180.18</ele>
        <time>2026-02-28T17:25:11Z</time>
      </trkpt>
      <trkpt lat="33.63032" lon="-117.76851">
        <ele>179.64</ele>
        <time>2026-02-28T17:25:13Z</time>
      </trkpt>
      <trkpt lat="33.63036" lon="-117.76853">
        <ele>179.1</ele>
        <time>2026-02-28T17:25:15Z</time>
      </trkpt>
      <trkpt lat="33.63039" lon="-117.76854">
        <ele>179.0</ele>
        <time>2026-02-28T17:25:17Z</time>
      </trkpt>
      <trkpt lat="33.63041" lon="-117.76855">
        <ele>179.0</ele>
        <time>2026-02-28T17:25:19Z</time>
      </trkpt>
      <trkpt lat="33.63044" lon="-117.76857">
        <ele>179.0</ele>
        <time>2026-02-28T17:25:22Z</time>
      </trkpt>
      <trkpt lat="33.63047" lon="-117.76859">
        <ele>178.91</ele>
        <time>2026-02-28T17:25:25Z</time>
      </trkpt>
      <trkpt lat="33.6305" lon="-117.76862">
        <ele>178.54</ele>
        <time>2026-02-28T17:25:28Z</time>
      </trkpt>
      <trkpt lat="33.63053" lon="-117.76864">
        <ele>178.19</ele>
        <time>2026-02-28T17:25:31Z</time>
      </trkpt>
      <trkpt lat="33.63055" lon="-117.76867">
        <ele>178.02</ele>
        <time>2026-02-28T17:25:34Z</time>
      </trkpt>
      <trkpt lat="33.63057" lon="-117.76869">
        <ele>177.98</ele>
        <time>2026-02-28T17:25:36Z</time>
      </trkpt>
      <trkpt lat="33.63059" lon="-117.76872">
        <ele>178.0</ele>
        <time>2026-02-28T17:25:38Z</time>
      </trkpt>
      <trkpt lat="33.63061" lon="-117.76875">
        <ele>178.0</ele>
        <time>2026-02-28T17:25:40Z</time>
      </trkpt>
      <trkpt lat="33.63063" lon="-117.76878">
        <ele>178.0</ele>
        <time>2026-02-28T17:25:43Z</time>
      </trkpt>
      <trkpt lat="33.63066" lon="-117.76881">
        <ele>178.11</ele>
        <time>2026-02-28T17:25:46Z</time>
      </trkpt>
      <trkpt lat="33.63069" lon="-117.76884">
        <ele>178.24</ele>
        <time>2026-02-28T17:25:49Z</time>
      </trkpt>
      <trkpt lat="33.63071" lon="-117.76886">
        <ele>178.21</ele>
        <time>2026-02-28T17:25:52Z</time>
      </trkpt>
      <trkpt lat="33.63074" lon="-117.76889">
        <ele>178.0</ele>
        <time>2026-02-28T17:25:55Z</time>
      </trkpt>
      <trkpt lat="33.63077" lon="-117.76891">
        <ele>178.0</ele>
        <time>2026-02-28T17:25:58Z</time>
      </trkpt>
      <trkpt lat="33.6308" lon="-117.76893">
        <ele>178.0</ele>
        <time>2026-02-28T17:26:01Z</time>
      </trkpt>
      <trkpt lat="33.63083" lon="-117.76893">
        <ele>178.0</ele>
        <time>2026-02-28T17:26:04Z</time>
      </trkpt>
      <trkpt lat="33.63084" lon="-117.76889">
        <ele>178.07</ele>
        <time>2026-02-28T17:26:06Z</time>
      </trkpt>
      <trkpt lat="33.63085" lon="-117.76886">
        <ele>177.87</ele>
        <time>2026-02-28T17:26:08Z</time>
      </trkpt>
      <trkpt lat="33.63084" lon="-117.76882">
        <ele>177.33</ele>
        <time>2026-02-28T17:26:12Z</time>
      </trkpt>
      <trkpt lat="33.63082" lon="-117.76879">
        <ele>177.21</ele>
        <time>2026-02-28T17:27:19Z</time>
      </trkpt>
      <trkpt lat="33.63082" lon="-117.76875">
        <ele>176.72</ele>
        <time>2026-02-28T17:27:22Z</time>
      </trkpt>
      <trkpt lat="33.63081" lon="-117.76872">
        <ele>176.47</ele>
        <time>2026-02-28T17:27:26Z</time>
      </trkpt>
      <trkpt lat="33.63077" lon="-117.76869">
        <ele>176.33</ele>
        <time>2026-02-28T17:27:29Z</time>
      </trkpt>
      <trkpt lat="33.63075" lon="-117.76867">
        <ele>175.88</ele>
        <time>2026-02-28T17:27:31Z</time>
      </trkpt>
      <trkpt lat="33.63072" lon="-117.76864">
        <ele>175.47</ele>
        <time>2026-02-28T17:27:34Z</time>
      </trkpt>
      <trkpt lat="33.63071" lon="-117.76861">
        <ele>174.98</ele>
        <time>2026-02-28T17:27:37Z</time>
      </trkpt>
      <trkpt lat="33.6307" lon="-117.76858">
        <ele>174.84</ele>
        <time>2026-02-28T17:27:40Z</time>
      </trkpt>
      <trkpt lat="33.63069" lon="-117.76854">
        <ele>174.46</ele>
        <time>2026-02-28T17:27:43Z</time>
      </trkpt>
      <trkpt lat="33.63068" lon="-117.76851">
        <ele>174.16</ele>
        <time>2026-02-28T17:27:46Z</time>
      </trkpt>
      <trkpt lat="33.63066" lon="-117.76847">
        <ele>173.76</ele>
        <time>2026-02-28T17:27:49Z</time>
      </trkpt>
      <trkpt lat="33.63065" lon="-117.76844">
        <ele>173.28</ele>
        <time>2026-02-28T17:27:52Z</time>
      </trkpt>
      <trkpt lat="33.63064" lon="-117.7684">
        <ele>172.64</ele>
        <time>2026-02-28T17:27:55Z</time>
      </trkpt>
      <trkpt lat="33.63063" lon="-117.76837">
        <ele>172.3</ele>
        <time>2026-02-28T17:27:58Z</time>
      </trkpt>
      <trkpt lat="33.63062" lon="-117.76833">
        <ele>171.88</ele>
        <time>2026-02-28T17:28:01Z</time>
      </trkpt>
      <trkpt lat="33.63061" lon="-117.7683">
        <ele>171.88</ele>
        <time>2026-02-28T17:28:04Z</time>
      </trkpt>
      <trkpt lat="33.6306" lon="-117.76826">
        <ele>171.77</ele>
        <time>2026-02-28T17:28:07Z</time>
      </trkpt>
      <trkpt lat="33.63059" lon="-117.76822">
        <ele>171.52</ele>
        <time>2026-02-28T17:28:10Z</time>
      </trkpt>
      <trkpt lat="33.63058" lon="-117.76819">
        <ele>171.26</ele>
        <time>2026-02-28T17:28:13Z</time>
      </trkpt>
      <trkpt lat="33.63057" lon="-117.76815">
        <ele>170.72</ele>
        <time>2026-02-28T17:28:16Z</time>
      </trkpt>
      <trkpt lat="33.63056" lon="-117.76811">
        <ele>170.86</ele>
        <time>2026-02-28T17:28:19Z</time>
      </trkpt>
      <trkpt lat="33.63056" lon="-117.76808">
        <ele>170.83</ele>
        <time>2026-02-28T17:28:21Z</time>
      </trkpt>
      <trkpt lat="33.63055" lon="-117.76804">
        <ele>170.69</ele>
        <time>2026-02-28T17:28:23Z</time>
      </trkpt>
      <trkpt lat="33.63055" lon="-117.76799">
        <ele>169.1</ele>
        <time>2026-02-28T17:28:26Z</time>
      </trkpt>
      <trkpt lat="33.63054" lon="-117.76795">
        <ele>168.51</ele>
        <time>2026-02-28T17:28:29Z</time>
      </trkpt>
      <trkpt lat="33.63053" lon="-117.76791">
        <ele>168.37</ele>
        <time>2026-02-28T17:28:32Z</time>
      </trkpt>
      <trkpt lat="33.63052" lon="-117.76786">
        <ele>167.88</ele>
        <time>2026-02-28T17:28:35Z</time>
      </trkpt>
      <trkpt lat="33.63051" lon="-117.76782">
        <ele>167.12</ele>
        <time>2026-02-28T17:28:38Z</time>
      </trkpt>
      <trkpt lat="33.63049" lon="-117.76779">
        <ele>166.77</ele>
        <time>2026-02-28T17:28:41Z</time>
      </trkpt>
      <trkpt lat="33.63048" lon="-117.76776">
        <ele>166.25</ele>
        <time>2026-02-28T17:28:44Z</time>
      </trkpt>
      <trkpt lat="33.63047" lon="-117.76772">
        <ele>165.6</ele>
        <time>2026-02-28T17:28:47Z</time>
      </trkpt>
      <trkpt lat="33.63044" lon="-117.76769">
        <ele>165.63</ele>
        <time>2026-02-28T17:28:50Z</time>
      </trkpt>
      <trkpt lat="33.63041" lon="-117.76766">
        <ele>165.33</ele>
        <time>2026-02-28T17:28:52Z</time>
      </trkpt>
      <trkpt lat="33.63039" lon="-117.76764">
        <ele>165.11</ele>
        <time>2026-02-28T17:28:54Z</time>
      </trkpt>
      <trkpt lat="33.63037" lon="-117.76762">
        <ele>164.9</ele>
        <time>2026-02-28T17:28:56Z</time>
      </trkpt>
      <trkpt lat="33.63034" lon="-117.76758">
        <ele>164.62</ele>
        <time>2026-02-28T17:28:59Z</time>
      </trkpt>
      <trkpt lat="33.63032" lon="-117.76755">
        <ele>164.21</ele>
        <time>2026-02-28T17:29:02Z</time>
      </trkpt>
      <trkpt lat="33.6303" lon="-117.76752">
        <ele>163.52</ele>
        <time>2026-02-28T17:29:05Z</time>
      </trkpt>
      <trkpt lat="33.63027" lon="-117.76749">
        <ele>163.01</ele>
        <time>2026-02-28T17:29:08Z</time>
      </trkpt>
      <trkpt lat="33.63025" lon="-117.76746">
        <ele>162.65</ele>
        <time>2026-02-28T17:29:11Z</time>
      </trkpt>
      <trkpt lat="33.63022" lon="-117.76743">
        <ele>161.94</ele>
        <time>2026-02-28T17:29:14Z</time>
      </trkpt>
      <trkpt lat="33.6302" lon="-117.7674">
        <ele>160.73</ele>
        <time>2026-02-28T17:29:17Z</time>
      </trkpt>
      <trkpt lat="33.63018" lon="-117.76737">
        <ele>159.88</ele>
        <time>2026-02-28T17:29:20Z</time>
      </trkpt>
      <trkpt lat="33.63015" lon="-117.76735">
        <ele>159.66</ele>
        <time>2026-02-28T17:29:23Z</time>
      </trkpt>
      <trkpt lat="33.63012" lon="-117.76732">
        <ele>158.91</ele>
        <time>2026-02-28T17:29:26Z</time>
      </trkpt>
      <trkpt lat="33.6301" lon="-117.76729">
        <ele>158.36</ele>
        <time>2026-02-28T17:29:29Z</time>
      </trkpt>
      <trkpt lat="33.63007" lon="-117.76726">
        <ele>157.87</ele>
        <time>2026-02-28T17:29:32Z</time>
      </trkpt>
      <trkpt lat="33.63004" lon="-117.76726">
        <ele>157.94</ele>
        <time>2026-02-28T17:29:35Z</time>
      </trkpt>
      <trkpt lat="33.63001" lon="-117.76727">
        <ele>158.52</ele>
        <time>2026-02-28T17:29:38Z</time>
      </trkpt>
      <trkpt lat="33.62998" lon="-117.76724">
        <ele>157.18</ele>
        <time>2026-02-28T17:29:41Z</time>
      </trkpt>
      <trkpt lat="33.62996" lon="-117.76722">
        <ele>156.39</ele>
        <time>2026-02-28T17:29:44Z</time>
      </trkpt>
      <trkpt lat="33.62993" lon="-117.76719">
        <ele>155.88</ele>
        <time>2026-02-28T17:29:47Z</time>
      </trkpt>
      <trkpt lat="33.6299" lon="-117.76717">
        <ele>155.39</ele>
        <time>2026-02-28T17:29:50Z</time>
      </trkpt>
      <trkpt lat="33.62988" lon="-117.76714">
        <ele>154.63</ele>
        <time>2026-02-28T17:29:53Z</time>
      </trkpt>
      <trkpt lat="33.62985" lon="-117.76712">
        <ele>154.39</ele>
        <time>2026-02-28T17:29:56Z</time>
      </trkpt>
      <trkpt lat="33.62983" lon="-117.7671">
        <ele>153.98</ele>
        <time>2026-02-28T17:29:59Z</time>
      </trkpt>
      <trkpt lat="33.6298" lon="-117.76708">
        <ele>153.55</ele>
        <time>2026-02-28T17:30:02Z</time>
      </trkpt>
      <trkpt lat="33.62978" lon="-117.76706">
        <ele>153.12</ele>
        <time>2026-02-28T17:30:05Z</time>
      </trkpt>
      <trkpt lat="33.62976" lon="-117.76704">
        <ele>152.69</ele>
        <time>2026-02-28T17:30:08Z</time>
      </trkpt>
      <trkpt lat="33.62973" lon="-117.76702">
        <ele>152.39</ele>
        <time>2026-02-28T17:30:11Z</time>
      </trkpt>
      <trkpt lat="33.62971" lon="-117.76701">
        <ele>152.39</ele>
        <time>2026-02-28T17:30:14Z</time>
      </trkpt>
      <trkpt lat="33.62968" lon="-117.76698">
        <ele>152.06</ele>
        <time>2026-02-28T17:30:18Z</time>
      </trkpt>
      <trkpt lat="33.62966" lon="-117.76697">
        <ele>152.17</ele>
        <time>2026-02-28T17:30:21Z</time>
      </trkpt>
      <trkpt lat="33.62963" lon="-117.76694">
        <ele>151.9</ele>
        <time>2026-02-28T17:30:24Z</time>
      </trkpt>
      <trkpt lat="33.62961" lon="-117.76692">
        <ele>151.68</ele>
        <time>2026-02-28T17:30:27Z</time>
      </trkpt>
      <trkpt lat="33.62958" lon="-117.7669">
        <ele>151.58</ele>
        <time>2026-02-28T17:30:30Z</time>
      </trkpt>
      <trkpt lat="33.62956" lon="-117.76687">
        <ele>151.14</ele>
        <time>2026-02-28T17:30:33Z</time>
      </trkpt>
      <trkpt lat="33.62954" lon="-117.76685">
        <ele>150.93</ele>
        <time>2026-02-28T17:30:36Z</time>
      </trkpt>
      <trkpt lat="33.62952" lon="-117.76683">
        <ele>150.85</ele>
        <time>2026-02-28T17:30:39Z</time>
      </trkpt>
      <trkpt lat="33.62949" lon="-117.76681">
        <ele>150.88</ele>
        <time>2026-02-28T17:30:42Z</time>
      </trkpt>
      <trkpt lat="33.62947" lon="-117.76679">
        <ele>150.63</ele>
        <time>2026-02-28T17:30:45Z</time>
      </trkpt>
      <trkpt lat="33.62945" lon="-117.76676">
        <ele>149.96</ele>
        <time>2026-02-28T17:30:48Z</time>
      </trkpt>
      <trkpt lat="33.62942" lon="-117.76674">
        <ele>150.0</ele>
        <time>2026-02-28T17:30:51Z</time>
      </trkpt>
      <trkpt lat="33.6294" lon="-117.76672">
        <ele>149.85</ele>
        <time>2026-02-28T17:30:54Z</time>
      </trkpt>
      <trkpt lat="33.62937" lon="-117.76669">
        <ele>149.45</ele>
        <time>2026-02-28T17:30:57Z</time>
      </trkpt>
      <trkpt lat="33.62935" lon="-117.76667">
        <ele>149.11</ele>
        <time>2026-02-28T17:31:00Z</time>
      </trkpt>
      <trkpt lat="33.62932" lon="-117.76664">
        <ele>149.11</ele>
        <time>2026-02-28T17:31:03Z</time>
      </trkpt>
      <trkpt lat="33.6293" lon="-117.76662">
        <ele>149.11</ele>
        <time>2026-02-28T17:31:06Z</time>
      </trkpt>
      <trkpt lat="33.62927" lon="-117.76659">
        <ele>149.11</ele>
        <time>2026-02-28T17:31:09Z</time>
      </trkpt>
      <trkpt lat="33.62925" lon="-117.76657">
        <ele>148.97</ele>
        <time>2026-02-28T17:31:12Z</time>
      </trkpt>
      <trkpt lat="33.62923" lon="-117.76654">
        <ele>148.33</ele>
        <time>2026-02-28T17:31:15Z</time>
      </trkpt>
      <trkpt lat="33.6292" lon="-117.76652">
        <ele>148.26</ele>
        <time>2026-02-28T17:31:18Z</time>
      </trkpt>
      <trkpt lat="33.62918" lon="-117.7665">
        <ele>148.14</ele>
        <time>2026-02-28T17:31:21Z</time>
      </trkpt>
      <trkpt lat="33.62921" lon="-117.76649">
        <ele>147.29</ele>
        <time>2026-02-28T17:31:25Z</time>
      </trkpt>
      <trkpt lat="33.62918" lon="-117.7665">
        <ele>148.14</ele>
        <time>2026-02-28T17:31:33Z</time>
      </trkpt>
      <trkpt lat="33.62915" lon="-117.7665">
        <ele>148.4</ele>
        <time>2026-02-28T17:31:36Z</time>
      </trkpt>
      <trkpt lat="33.62912" lon="-117.7665">
        <ele>148.4</ele>
        <time>2026-02-28T17:31:39Z</time>
      </trkpt>
      <trkpt lat="33.62909" lon="-117.76649">
        <ele>148.18</ele>
        <time>2026-02-28T17:31:42Z</time>
      </trkpt>
      <trkpt lat="33.62905" lon="-117.76649">
        <ele>148.7</ele>
        <time>2026-02-28T17:31:45Z</time>
      </trkpt>
      <trkpt lat="33.62902" lon="-117.76648">
        <ele>149.15</ele>
        <time>2026-02-28T17:31:48Z</time>
      </trkpt>
      <trkpt lat="33.62899" lon="-117.76647">
        <ele>149.69</ele>
        <time>2026-02-28T17:31:51Z</time>
      </trkpt>
      <trkpt lat="33.62897" lon="-117.76646">
        <ele>150.11</ele>
        <time>2026-02-28T17:31:54Z</time>
      </trkpt>
      <trkpt lat="33.62894" lon="-117.76645">
        <ele>150.85</ele>
        <time>2026-02-28T17:31:57Z</time>
      </trkpt>
      <trkpt lat="33.62891" lon="-117.76644">
        <ele>151.52</ele>
        <time>2026-02-28T17:32:00Z</time>
      </trkpt>
      <trkpt lat="33.62888" lon="-117.76643">
        <ele>152.08</ele>
        <time>2026-02-28T17:32:03Z</time>
      </trkpt>
      <trkpt lat="33.62885" lon="-117.76642">
        <ele>152.51</ele>
        <time>2026-02-28T17:32:06Z</time>
      </trkpt>
      <trkpt lat="33.62882" lon="-117.7664">
        <ele>152.73</ele>
        <time>2026-02-28T17:32:09Z</time>
      </trkpt>
      <trkpt lat="33.62879" lon="-117.76639">
        <ele>153.23</ele>
        <time>2026-02-28T17:32:12Z</time>
      </trkpt>
      <trkpt lat="33.62877" lon="-117.76637">
        <ele>153.59</ele>
        <time>2026-02-28T17:32:15Z</time>
      </trkpt>
      <trkpt lat="33.62874" lon="-117.76636">
        <ele>154.32</ele>
        <time>2026-02-28T17:32:18Z</time>
      </trkpt>
      <trkpt lat="33.62871" lon="-117.76635">
        <ele>154.98</ele>
        <time>2026-02-28T17:32:21Z</time>
      </trkpt>
      <trkpt lat="33.62868" lon="-117.76633">
        <ele>155.24</ele>
        <time>2026-02-28T17:32:25Z</time>
      </trkpt>
      <trkpt lat="33.62865" lon="-117.76631">
        <ele>155.46</ele>
        <time>2026-02-28T17:32:29Z</time>
      </trkpt>
      <trkpt lat="33.62862" lon="-117.7663">
        <ele>155.89</ele>
        <time>2026-02-28T17:32:33Z</time>
      </trkpt>
      <trkpt lat="33.62859" lon="-117.76629">
        <ele>156.11</ele>
        <time>2026-02-28T17:32:36Z</time>
      </trkpt>
      <trkpt lat="33.62856" lon="-117.76628">
        <ele>156.3</ele>
        <time>2026-02-28T17:32:39Z</time>
      </trkpt>
      <trkpt lat="33.62854" lon="-117.76627">
        <ele>156.42</ele>
        <time>2026-02-28T17:32:42Z</time>
      </trkpt>
      <trkpt lat="33.62851" lon="-117.76626">
        <ele>156.79</ele>
        <time>2026-02-28T17:32:45Z</time>
      </trkpt>
      <trkpt lat="33.62848" lon="-117.76625">
        <ele>157.33</ele>
        <time>2026-02-28T17:32:49Z</time>
      </trkpt>
      <trkpt lat="33.62849" lon="-117.76622">
        <ele>156.79</ele>
        <time>2026-02-28T17:33:02Z</time>
      </trkpt>
      <trkpt lat="33.62849" lon="-117.76625">
        <ele>157.12</ele>
        <time>2026-02-28T17:33:10Z</time>
      </trkpt>
      <trkpt lat="33.62846" lon="-117.76625">
        <ele>157.76</ele>
        <time>2026-02-28T17:34:01Z</time>
      </trkpt>
      <trkpt lat="33.62842" lon="-117.76625">
        <ele>158.56</ele>
        <time>2026-02-28T17:34:04Z</time>
      </trkpt>
      <trkpt lat="33.62838" lon="-117.76625">
        <ele>159.0</ele>
        <time>2026-02-28T17:34:06Z</time>
      </trkpt>
      <trkpt lat="33.62835" lon="-117.76626">
        <ele>159.43</ele>
        <time>2026-02-28T17:34:08Z</time>
      </trkpt>
      <trkpt lat="33.62832" lon="-117.76626">
        <ele>159.84</ele>
        <time>2026-02-28T17:34:11Z</time>
      </trkpt>
      <trkpt lat="33.6283" lon="-117.76626">
        <ele>160.19</ele>
        <time>2026-02-28T17:34:14Z</time>
      </trkpt>
      <trkpt lat="33.62827" lon="-117.76627">
        <ele>160.89</ele>
        <time>2026-02-28T17:34:18Z</time>
      </trkpt>
      <trkpt lat="33.62824" lon="-117.76628">
        <ele>161.66</ele>
        <time>2026-02-28T17:34:22Z</time>
      </trkpt>
      <trkpt lat="33.62822" lon="-117.76629">
        <ele>162.1</ele>
        <time>2026-02-28T17:34:26Z</time>
      </trkpt>
      <trkpt lat="33.6282" lon="-117.76633">
        <ele>162.96</ele>
        <time>2026-02-28T17:34:29Z</time>
      </trkpt>
      <trkpt lat="33.62817" lon="-117.76635">
        <ele>163.79</ele>
        <time>2026-02-28T17:34:32Z</time>
      </trkpt>
      <trkpt lat="33.62815" lon="-117.76638">
        <ele>164.77</ele>
        <time>2026-02-28T17:34:36Z</time>
      </trkpt>
      <trkpt lat="33.62812" lon="-117.76639">
        <ele>165.32</ele>
        <time>2026-02-28T17:34:40Z</time>
      </trkpt>
      <trkpt lat="33.62809" lon="-117.76641">
        <ele>165.94</ele>
        <time>2026-02-28T17:34:44Z</time>
      </trkpt>
      <trkpt lat="33.62806" lon="-117.76643">
        <ele>166.42</ele>
        <time>2026-02-28T17:34:48Z</time>
      </trkpt>
      <trkpt lat="33.62803" lon="-117.76644">
        <ele>166.55</ele>
        <time>2026-02-28T17:34:52Z</time>
      </trkpt>
      <trkpt lat="33.62802" lon="-117.76647">
        <ele>166.88</ele>
        <time>2026-02-28T17:35:15Z</time>
      </trkpt>
      <trkpt lat="33.62799" lon="-117.76649">
        <ele>167.12</ele>
        <time>2026-02-28T17:35:21Z</time>
      </trkpt>
      <trkpt lat="33.62796" lon="-117.7665">
        <ele>167.18</ele>
        <time>2026-02-28T17:35:26Z</time>
      </trkpt>
      <trkpt lat="33.62793" lon="-117.76652">
        <ele>167.36</ele>
        <time>2026-02-28T17:35:30Z</time>
      </trkpt>
      <trkpt lat="33.6279" lon="-117.76653">
        <ele>167.56</ele>
        <time>2026-02-28T17:35:32Z</time>
      </trkpt>
      <trkpt lat="33.62786" lon="-117.76654">
        <ele>167.97</ele>
        <time>2026-02-28T17:35:35Z</time>
      </trkpt>
      <trkpt lat="33.62784" lon="-117.76655">
        <ele>168.46</ele>
        <time>2026-02-28T17:35:37Z</time>
      </trkpt>
      <trkpt lat="33.6278" lon="-117.76656">
        <ele>169.19</ele>
        <time>2026-02-28T17:35:40Z</time>
      </trkpt>
      <trkpt lat="33.62777" lon="-117.76657">
        <ele>169.83</ele>
        <time>2026-02-28T17:35:43Z</time>
      </trkpt>
      <trkpt lat="33.62774" lon="-117.76658">
        <ele>170.3</ele>
        <time>2026-02-28T17:35:46Z</time>
      </trkpt>
      <trkpt lat="33.6277" lon="-117.76657">
        <ele>169.86</ele>
        <time>2026-02-28T17:35:49Z</time>
      </trkpt>
      <trkpt lat="33.62767" lon="-117.76656">
        <ele>169.71</ele>
        <time>2026-02-28T17:35:52Z</time>
      </trkpt>
      <trkpt lat="33.62764" lon="-117.76655">
        <ele>169.71</ele>
        <time>2026-02-28T17:35:55Z</time>
      </trkpt>
      <trkpt lat="33.62761" lon="-117.76654">
        <ele>169.71</ele>
        <time>2026-02-28T17:35:58Z</time>
      </trkpt>
      <trkpt lat="33.62758" lon="-117.76653">
        <ele>169.71</ele>
        <time>2026-02-28T17:36:01Z</time>
      </trkpt>
      <trkpt lat="33.62754" lon="-117.76652">
        <ele>169.82</ele>
        <time>2026-02-28T17:36:04Z</time>
      </trkpt>
      <trkpt lat="33.62751" lon="-117.76651">
        <ele>169.82</ele>
        <time>2026-02-28T17:36:07Z</time>
      </trkpt>
      <trkpt lat="33.62747" lon="-117.7665">
        <ele>170.64</ele>
        <time>2026-02-28T17:36:10Z</time>
      </trkpt>
      <trkpt lat="33.62744" lon="-117.76649">
        <ele>171.28</ele>
        <time>2026-02-28T17:36:13Z</time>
      </trkpt>
      <trkpt lat="33.62741" lon="-117.76649">
        <ele>172.28</ele>
        <time>2026-02-28T17:36:16Z</time>
      </trkpt>
      <trkpt lat="33.62738" lon="-117.76648">
        <ele>172.22</ele>
        <time>2026-02-28T17:36:19Z</time>
      </trkpt>
      <trkpt lat="33.62735" lon="-117.76648">
        <ele>172.54</ele>
        <time>2026-02-28T17:36:22Z</time>
      </trkpt>
      <trkpt lat="33.62732" lon="-117.76647">
        <ele>172.32</ele>
        <time>2026-02-28T17:36:25Z</time>
      </trkpt>
      <trkpt lat="33.62729" lon="-117.76647">
        <ele>172.65</ele>
        <time>2026-02-28T17:36:28Z</time>
      </trkpt>
      <trkpt lat="33.62726" lon="-117.76647">
        <ele>172.97</ele>
        <time>2026-02-28T17:36:31Z</time>
      </trkpt>
      <trkpt lat="33.62723" lon="-117.76646">
        <ele>172.76</ele>
        <time>2026-02-28T17:36:34Z</time>
      </trkpt>
      <trkpt lat="33.6272" lon="-117.76645">
        <ele>172.54</ele>
        <time>2026-02-28T17:36:37Z</time>
      </trkpt>
      <trkpt lat="33.62716" lon="-117.76645">
        <ele>172.97</ele>
        <time>2026-02-28T17:36:40Z</time>
      </trkpt>
      <trkpt lat="33.62713" lon="-117.76644">
        <ele>172.76</ele>
        <time>2026-02-28T17:36:43Z</time>
      </trkpt>
      <trkpt lat="33.6271" lon="-117.76644">
        <ele>172.9</ele>
        <time>2026-02-28T17:36:46Z</time>
      </trkpt>
      <trkpt lat="33.62707" lon="-117.76643">
        <ele>172.58</ele>
        <time>2026-02-28T17:36:49Z</time>
      </trkpt>
      <trkpt lat="33.62703" lon="-117.76643">
        <ele>172.85</ele>
        <time>2026-02-28T17:36:52Z</time>
      </trkpt>
      <trkpt lat="33.627" lon="-117.76643">
        <ele>173.18</ele>
        <time>2026-02-28T17:36:55Z</time>
      </trkpt>
      <trkpt lat="33.62697" lon="-117.76643">
        <ele>173.5</ele>
        <time>2026-02-28T17:36:58Z</time>
      </trkpt>
      <trkpt lat="33.62694" lon="-117.76642">
        <ele>173.47</ele>
        <time>2026-02-28T17:37:02Z</time>
      </trkpt>
      <trkpt lat="33.62691" lon="-117.76641">
        <ele>173.94</ele>
        <time>2026-02-28T17:37:09Z</time>
      </trkpt>
      <trkpt lat="33.62687" lon="-117.76641">
        <ele>175.14</ele>
        <time>2026-02-28T17:37:13Z</time>
      </trkpt>
      <trkpt lat="33.62684" lon="-117.7664">
        <ele>175.66</ele>
        <time>2026-02-28T17:37:16Z</time>
      </trkpt>
      <trkpt lat="33.62681" lon="-117.76639">
        <ele>175.96</ele>
        <time>2026-02-28T17:37:20Z</time>
      </trkpt>
      <trkpt lat="33.62678" lon="-117.76636">
        <ele>175.55</ele>
        <time>2026-02-28T17:37:23Z</time>
      </trkpt>
      <trkpt lat="33.62676" lon="-117.76633">
        <ele>175.07</ele>
        <time>2026-02-28T17:37:25Z</time>
      </trkpt>
      <trkpt lat="33.62674" lon="-117.76632">
        <ele>175.08</ele>
        <time>2026-02-28T17:37:28Z</time>
      </trkpt>
      <trkpt lat="33.62671" lon="-117.7663">
        <ele>174.69</ele>
        <time>2026-02-28T17:37:31Z</time>
      </trkpt>
      <trkpt lat="33.62667" lon="-117.76628">
        <ele>174.61</ele>
        <time>2026-02-28T17:37:34Z</time>
      </trkpt>
      <trkpt lat="33.62664" lon="-117.76627">
        <ele>174.43</ele>
        <time>2026-02-28T17:37:37Z</time>
      </trkpt>
      <trkpt lat="33.62661" lon="-117.76626">
        <ele>174.22</ele>
        <time>2026-02-28T17:37:40Z</time>
      </trkpt>
      <trkpt lat="33.62658" lon="-117.76625">
        <ele>174.0</ele>
        <time>2026-02-28T17:37:43Z</time>
      </trkpt>
      <trkpt lat="33.62654" lon="-117.76625">
        <ele>173.82</ele>
        <time>2026-02-28T17:37:46Z</time>
      </trkpt>
      <trkpt lat="33.62651" lon="-117.76626">
        <ele>173.94</ele>
        <time>2026-02-28T17:37:49Z</time>
      </trkpt>
      <trkpt lat="33.62648" lon="-117.76628">
        <ele>174.47</ele>
        <time>2026-02-28T17:37:52Z</time>
      </trkpt>
      <trkpt lat="33.62644" lon="-117.76629">
        <ele>174.77</ele>
        <time>2026-02-28T17:37:55Z</time>
      </trkpt>
      <trkpt lat="33.62641" lon="-117.7663">
        <ele>175.1</ele>
        <time>2026-02-28T17:37:57Z</time>
      </trkpt>
      <trkpt lat="33.62637" lon="-117.7663">
        <ele>175.08</ele>
        <time>2026-02-28T17:37:59Z</time>
      </trkpt>
      <trkpt lat="33.62634" lon="-117.76631">
        <ele>175.3</ele>
        <time>2026-02-28T17:38:01Z</time>
      </trkpt>
      <trkpt lat="33.62631" lon="-117.76631">
        <ele>175.3</ele>
        <time>2026-02-28T17:38:03Z</time>
      </trkpt>
      <trkpt lat="33.62627" lon="-117.76631">
        <ele>176.19</ele>
        <time>2026-02-28T17:38:06Z</time>
      </trkpt>
      <trkpt lat="33.62623" lon="-117.76631">
        <ele>177.55</ele>
        <time>2026-02-28T17:38:09Z</time>
      </trkpt>
      <trkpt lat="33.6262" lon="-117.7663">
        <ele>178.16</ele>
        <time>2026-02-28T17:38:12Z</time>
      </trkpt>
      <trkpt lat="33.62616" lon="-117.76627">
        <ele>177.77</ele>
        <time>2026-02-28T17:38:15Z</time>
      </trkpt>
      <trkpt lat="33.62614" lon="-117.76624">
        <ele>177.05</ele>
        <time>2026-02-28T17:38:17Z</time>
      </trkpt>
      <trkpt lat="33.62612" lon="-117.76621">
        <ele>176.2</ele>
        <time>2026-02-28T17:38:19Z</time>
      </trkpt>
      <trkpt lat="33.6261" lon="-117.76619">
        <ele>175.95</ele>
        <time>2026-02-28T17:38:21Z</time>
      </trkpt>
      <trkpt lat="33.62608" lon="-117.76616">
        <ele>175.71</ele>
        <time>2026-02-28T17:38:24Z</time>
      </trkpt>
      <trkpt lat="33.62605" lon="-117.76614">
        <ele>175.52</ele>
        <time>2026-02-28T17:38:27Z</time>
      </trkpt>
      <trkpt lat="33.62602" lon="-117.76612">
        <ele>175.19</ele>
        <time>2026-02-28T17:38:30Z</time>
      </trkpt>
      <trkpt lat="33.62599" lon="-117.7661">
        <ele>175.02</ele>
        <time>2026-02-28T17:38:33Z</time>
      </trkpt>
      <trkpt lat="33.62596" lon="-117.76608">
        <ele>175.05</ele>
        <time>2026-02-28T17:38:36Z</time>
      </trkpt>
      <trkpt lat="33.62593" lon="-117.76606">
        <ele>175.36</ele>
        <time>2026-02-28T17:38:39Z</time>
      </trkpt>
      <trkpt lat="33.6259" lon="-117.76605">
        <ele>175.63</ele>
        <time>2026-02-28T17:38:42Z</time>
      </trkpt>
      <trkpt lat="33.62586" lon="-117.76603">
        <ele>175.39</ele>
        <time>2026-02-28T17:38:45Z</time>
      </trkpt>
      <trkpt lat="33.62583" lon="-117.76601">
        <ele>175.07</ele>
        <time>2026-02-28T17:38:48Z</time>
      </trkpt>
      <trkpt lat="33.6258" lon="-117.766">
        <ele>175.65</ele>
        <time>2026-02-28T17:38:51Z</time>
      </trkpt>
      <trkpt lat="33.62577" lon="-117.76598">
        <ele>176.08</ele>
        <time>2026-02-28T17:38:54Z</time>
      </trkpt>
      <trkpt lat="33.62575" lon="-117.76597">
        <ele>176.33</ele>
        <time>2026-02-28T17:38:57Z</time>
      </trkpt>
      <trkpt lat="33.62572" lon="-117.76595">
        <ele>176.15</ele>
        <time>2026-02-28T17:39:00Z</time>
      </trkpt>
      <trkpt lat="33.62569" lon="-117.76594">
        <ele>175.77</ele>
        <time>2026-02-28T17:39:03Z</time>
      </trkpt>
      <trkpt lat="33.62565" lon="-117.76593">
        <ele>175.15</ele>
        <time>2026-02-28T17:39:06Z</time>
      </trkpt>
      <trkpt lat="33.62562" lon="-117.76592">
        <ele>174.77</ele>
        <time>2026-02-28T17:39:09Z</time>
      </trkpt>
      <trkpt lat="33.62559" lon="-117.76593">
        <ele>175.16</ele>
        <time>2026-02-28T17:39:12Z</time>
      </trkpt>
      <trkpt lat="33.62556" lon="-117.76594">
        <ele>175.6</ele>
        <time>2026-02-28T17:39:15Z</time>
      </trkpt>
      <trkpt lat="33.62552" lon="-117.76594">
        <ele>175.99</ele>
        <time>2026-02-28T17:39:18Z</time>
      </trkpt>
      <trkpt lat="33.62549" lon="-117.76593">
        <ele>175.88</ele>
        <time>2026-02-28T17:39:21Z</time>
      </trkpt>
      <trkpt lat="33.62545" lon="-117.76592">
        <ele>176.17</ele>
        <time>2026-02-28T17:39:24Z</time>
      </trkpt>
      <trkpt lat="33.62542" lon="-117.76591">
        <ele>176.78</ele>
        <time>2026-02-28T17:39:27Z</time>
      </trkpt>
      <trkpt lat="33.62538" lon="-117.76589">
        <ele>177.48</ele>
        <time>2026-02-28T17:39:30Z</time>
      </trkpt>
      <trkpt lat="33.62535" lon="-117.76588">
        <ele>177.84</ele>
        <time>2026-02-28T17:39:33Z</time>
      </trkpt>
      <trkpt lat="33.62532" lon="-117.76586">
        <ele>177.56</ele>
        <time>2026-02-28T17:39:36Z</time>
      </trkpt>
      <trkpt lat="33.62528" lon="-117.76584">
        <ele>177.26</ele>
        <time>2026-02-28T17:39:39Z</time>
      </trkpt>
      <trkpt lat="33.62525" lon="-117.76581">
        <ele>176.84</ele>
        <time>2026-02-28T17:39:42Z</time>
      </trkpt>
      <trkpt lat="33.62522" lon="-117.76579">
        <ele>176.84</ele>
        <time>2026-02-28T17:39:45Z</time>
      </trkpt>
      <trkpt lat="33.62518" lon="-117.76578">
        <ele>177.35</ele>
        <time>2026-02-28T17:39:48Z</time>
      </trkpt>
      <trkpt lat="33.62515" lon="-117.76576">
        <ele>177.08</ele>
        <time>2026-02-28T17:39:51Z</time>
      </trkpt>
      <trkpt lat="33.62512" lon="-117.76574">
        <ele>176.67</ele>
        <time>2026-02-28T17:39:54Z</time>
      </trkpt>
      <trkpt lat="33.62509" lon="-117.76573">
        <ele>176.73</ele>
        <time>2026-02-28T17:39:57Z</time>
      </trkpt>
      <trkpt lat="33.62506" lon="-117.76571">
        <ele>176.94</ele>
        <time>2026-02-28T17:40:00Z</time>
      </trkpt>
      <trkpt lat="33.62503" lon="-117.7657">
        <ele>177.41</ele>
        <time>2026-02-28T17:40:03Z</time>
      </trkpt>
      <trkpt lat="33.62499" lon="-117.76568">
        <ele>177.66</ele>
        <time>2026-02-28T17:40:06Z</time>
      </trkpt>
      <trkpt lat="33.62496" lon="-117.76566">
        <ele>177.75</ele>
        <time>2026-02-28T17:40:09Z</time>
      </trkpt>
      <trkpt lat="33.62493" lon="-117.76564">
        <ele>178.09</ele>
        <time>2026-02-28T17:40:12Z</time>
      </trkpt>
      <trkpt lat="33.62492" lon="-117.76561">
        <ele>177.77</ele>
        <time>2026-02-28T17:40:15Z</time>
      </trkpt>
      <trkpt lat="33.62491" lon="-117.76558">
        <ele>177.44</ele>
        <time>2026-02-28T17:40:17Z</time>
      </trkpt>
      <trkpt lat="33.62491" lon="-117.76554">
        <ele>176.42</ele>
        <time>2026-02-28T17:40:19Z</time>
      </trkpt>
      <trkpt lat="33.62491" lon="-117.76551">
        <ele>175.45</ele>
        <time>2026-02-28T17:40:22Z</time>
      </trkpt>
      <trkpt lat="33.6249" lon="-117.76548">
        <ele>174.7</ele>
        <time>2026-02-28T17:40:26Z</time>
      </trkpt>
      <trkpt lat="33.62487" lon="-117.76546">
        <ele>174.73</ele>
        <time>2026-02-28T17:40:29Z</time>
      </trkpt>
      <trkpt lat="33.62485" lon="-117.76544">
        <ele>174.59</ele>
        <time>2026-02-28T17:40:32Z</time>
      </trkpt>
      <trkpt lat="33.62483" lon="-117.76542">
        <ele>174.36</ele>
        <time>2026-02-28T17:40:35Z</time>
      </trkpt>
      <trkpt lat="33.62481" lon="-117.76539">
        <ele>173.57</ele>
        <time>2026-02-28T17:40:38Z</time>
      </trkpt>
      <trkpt lat="33.6248" lon="-117.76537">
        <ele>172.84</ele>
        <time>2026-02-28T17:40:41Z</time>
      </trkpt>
      <trkpt lat="33.62478" lon="-117.76534">
        <ele>172.3</ele>
        <time>2026-02-28T17:40:44Z</time>
      </trkpt>
      <trkpt lat="33.62476" lon="-117.76531">
        <ele>171.76</ele>
        <time>2026-02-28T17:40:47Z</time>
      </trkpt>
      <trkpt lat="33.62474" lon="-117.76528">
        <ele>171.22</ele>
        <time>2026-02-28T17:40:50Z</time>
      </trkpt>
      <trkpt lat="33.62473" lon="-117.76525">
        <ele>170.81</ele>
        <time>2026-02-28T17:40:53Z</time>
      </trkpt>
      <trkpt lat="33.62471" lon="-117.76522">
        <ele>170.01</ele>
        <time>2026-02-28T17:40:56Z</time>
      </trkpt>
      <trkpt lat="33.6247" lon="-117.76518">
        <ele>169.51</ele>
        <time>2026-02-28T17:40:59Z</time>
      </trkpt>
      <trkpt lat="33.6247" lon="-117.76515">
        <ele>169.43</ele>
        <time>2026-02-28T17:41:02Z</time>
      </trkpt>
      <trkpt lat="33.6247" lon="-117.76511">
        <ele>169.33</ele>
        <time>2026-02-28T17:41:05Z</time>
      </trkpt>
      <trkpt lat="33.62471" lon="-117.76507">
        <ele>169.6</ele>
        <time>2026-02-28T17:41:08Z</time>
      </trkpt>
      <trkpt lat="33.62471" lon="-117.76503">
        <ele>169.6</ele>
        <time>2026-02-28T17:41:10Z</time>
      </trkpt>
      <trkpt lat="33.62471" lon="-117.76499">
        <ele>169.5</ele>
        <time>2026-02-28T17:41:12Z</time>
      </trkpt>
      <trkpt lat="33.62471" lon="-117.76496">
        <ele>169.17</ele>
        <time>2026-02-28T17:41:14Z</time>
      </trkpt>
      <trkpt lat="33.62472" lon="-117.76492">
        <ele>169.06</ele>
        <time>2026-02-28T17:41:17Z</time>
      </trkpt>
      <trkpt lat="33.62472" lon="-117.76488">
        <ele>168.63</ele>
        <time>2026-02-28T17:41:20Z</time>
      </trkpt>
      <trkpt lat="33.62473" lon="-117.76484">
        <ele>168.33</ele>
        <time>2026-02-28T17:41:23Z</time>
      </trkpt>
      <trkpt lat="33.62474" lon="-117.7648">
        <ele>168.19</ele>
        <time>2026-02-28T17:41:26Z</time>
      </trkpt>
      <trkpt lat="33.62475" lon="-117.76476">
        <ele>168.3</ele>
        <time>2026-02-28T17:41:29Z</time>
      </trkpt>
      <trkpt lat="33.62476" lon="-117.76472">
        <ele>168.39</ele>
        <time>2026-02-28T17:41:32Z</time>
      </trkpt>
      <trkpt lat="33.62477" lon="-117.76469">
        <ele>168.35</ele>
        <time>2026-02-28T17:41:35Z</time>
      </trkpt>
      <trkpt lat="33.62478" lon="-117.76465">
        <ele>168.33</ele>
        <time>2026-02-28T17:41:38Z</time>
      </trkpt>
      <trkpt lat="33.62479" lon="-117.76461">
        <ele>168.31</ele>
        <time>2026-02-28T17:41:41Z</time>
      </trkpt>
      <trkpt lat="33.6248" lon="-117.76458">
        <ele>168.23</ele>
        <time>2026-02-28T17:41:44Z</time>
      </trkpt>
      <trkpt lat="33.62481" lon="-117.76454">
        <ele>167.98</ele>
        <time>2026-02-28T17:41:47Z</time>
      </trkpt>
      <trkpt lat="33.62482" lon="-117.7645">
        <ele>168.0</ele>
        <time>2026-02-28T17:41:50Z</time>
      </trkpt>
      <trkpt lat="33.62483" lon="-117.76446">
        <ele>168.0</ele>
        <time>2026-02-28T17:41:53Z</time>
      </trkpt>
      <trkpt lat="33.62484" lon="-117.76443">
        <ele>167.89</ele>
        <time>2026-02-28T17:41:56Z</time>
      </trkpt>
      <trkpt lat="33.62485" lon="-117.76439">
        <ele>167.64</ele>
        <time>2026-02-28T17:41:59Z</time>
      </trkpt>
      <trkpt lat="33.62487" lon="-117.76435">
        <ele>167.6</ele>
        <time>2026-02-28T17:42:02Z</time>
      </trkpt>
      <trkpt lat="33.62488" lon="-117.76432">
        <ele>167.7</ele>
        <time>2026-02-28T17:42:05Z</time>
      </trkpt>
      <trkpt lat="33.6249" lon="-117.76428">
        <ele>167.92</ele>
        <time>2026-02-28T17:42:08Z</time>
      </trkpt>
      <trkpt lat="33.62492" lon="-117.76426">
        <ele>167.73</ele>
        <time>2026-02-28T17:42:10Z</time>
      </trkpt>
      <trkpt lat="33.62494" lon="-117.76424">
        <ele>167.09</ele>
        <time>2026-02-28T17:42:12Z</time>
      </trkpt>
      <trkpt lat="33.62496" lon="-117.7642">
        <ele>166.22</ele>
        <time>2026-02-28T17:42:15Z</time>
      </trkpt>
      <trkpt lat="33.62497" lon="-117.76417">
        <ele>165.68</ele>
        <time>2026-02-28T17:42:18Z</time>
      </trkpt>
      <trkpt lat="33.62497" lon="-117.76413">
        <ele>165.25</ele>
        <time>2026-02-28T17:42:21Z</time>
      </trkpt>
      <trkpt lat="33.62499" lon="-117.7641">
        <ele>164.5</ele>
        <time>2026-02-28T17:42:24Z</time>
      </trkpt>
      <trkpt lat="33.62498" lon="-117.76406">
        <ele>164.4</ele>
        <time>2026-02-28T17:42:27Z</time>
      </trkpt>
      <trkpt lat="33.62497" lon="-117.76403">
        <ele>164.49</ele>
        <time>2026-02-28T17:42:30Z</time>
      </trkpt>
      <trkpt lat="33.62495" lon="-117.76399">
        <ele>164.59</ele>
        <time>2026-02-28T17:42:33Z</time>
      </trkpt>
      <trkpt lat="33.62494" lon="-117.76396">
        <ele>164.18</ele>
        <time>2026-02-28T17:42:36Z</time>
      </trkpt>
      <trkpt lat="33.62492" lon="-117.76392">
        <ele>163.54</ele>
        <time>2026-02-28T17:42:39Z</time>
      </trkpt>
      <trkpt lat="33.6249" lon="-117.7639">
        <ele>163.24</ele>
        <time>2026-02-28T17:42:43Z</time>
      </trkpt>
      <trkpt lat="33.62487" lon="-117.76387">
        <ele>162.67</ele>
        <time>2026-02-28T17:42:47Z</time>
      </trkpt>
      <trkpt lat="33.62484" lon="-117.76386">
        <ele>162.6</ele>
        <time>2026-02-28T17:42:51Z</time>
      </trkpt>
      <trkpt lat="33.62481" lon="-117.76384">
        <ele>162.47</ele>
        <time>2026-02-28T17:42:54Z</time>
      </trkpt>
      <trkpt lat="33.62477" lon="-117.76383">
        <ele>162.36</ele>
        <time>2026-02-28T17:42:57Z</time>
      </trkpt>
      <trkpt lat="33.62474" lon="-117.76382">
        <ele>162.26</ele>
        <time>2026-02-28T17:42:59Z</time>
      </trkpt>
      <trkpt lat="33.62471" lon="-117.76381">
        <ele>162.0</ele>
        <time>2026-02-28T17:43:02Z</time>
      </trkpt>
      <trkpt lat="33.62467" lon="-117.7638">
        <ele>161.45</ele>
        <time>2026-02-28T17:43:05Z</time>
      </trkpt>
      <trkpt lat="33.62464" lon="-117.7638">
        <ele>161.12</ele>
        <time>2026-02-28T17:43:08Z</time>
      </trkpt>
      <trkpt lat="33.62461" lon="-117.76381">
        <ele>160.58</ele>
        <time>2026-02-28T17:43:11Z</time>
      </trkpt>
      <trkpt lat="33.62458" lon="-117.76383">
        <ele>159.93</ele>
        <time>2026-02-28T17:43:14Z</time>
      </trkpt>
      <trkpt lat="33.62456" lon="-117.76385">
        <ele>159.5</ele>
        <time>2026-02-28T17:43:18Z</time>
      </trkpt>
      <trkpt lat="33.62454" lon="-117.76388">
        <ele>159.06</ele>
        <time>2026-02-28T17:43:22Z</time>
      </trkpt>
      <trkpt lat="33.62453" lon="-117.76391">
        <ele>158.98</ele>
        <time>2026-02-28T17:43:26Z</time>
      </trkpt>
      <trkpt lat="33.62451" lon="-117.76395">
        <ele>158.59</ele>
        <time>2026-02-28T17:43:30Z</time>
      </trkpt>
      <trkpt lat="33.6245" lon="-117.76399">
        <ele>158.34</ele>
        <time>2026-02-28T17:43:34Z</time>
      </trkpt>
      <trkpt lat="33.62449" lon="-117.76402">
        <ele>157.76</ele>
        <time>2026-02-28T17:43:37Z</time>
      </trkpt>
      <trkpt lat="33.62447" lon="-117.76405">
        <ele>156.9</ele>
        <time>2026-02-28T17:43:41Z</time>
      </trkpt>
      <trkpt lat="33.62446" lon="-117.76409">
        <ele>156.48</ele>
        <time>2026-02-28T17:43:45Z</time>
      </trkpt>
      <trkpt lat="33.62445" lon="-117.76412">
        <ele>156.15</ele>
        <time>2026-02-28T17:43:49Z</time>
      </trkpt>
      <trkpt lat="33.62443" lon="-117.76416">
        <ele>155.06</ele>
        <time>2026-02-28T17:43:53Z</time>
      </trkpt>
      <trkpt lat="33.62443" lon="-117.76419">
        <ele>155.1</ele>
        <time>2026-02-28T17:43:56Z</time>
      </trkpt>
      <trkpt lat="33.62442" lon="-117.76423">
        <ele>154.6</ele>
        <time>2026-02-28T17:43:58Z</time>
      </trkpt>
      <trkpt lat="33.62441" lon="-117.76427">
        <ele>154.07</ele>
        <time>2026-02-28T17:44:00Z</time>
      </trkpt>
      <trkpt lat="33.62441" lon="-117.7643">
        <ele>153.86</ele>
        <time>2026-02-28T17:44:02Z</time>
      </trkpt>
      <trkpt lat="33.6244" lon="-117.76434">
        <ele>153.15</ele>
        <time>2026-02-28T17:44:05Z</time>
      </trkpt>
      <trkpt lat="33.62439" lon="-117.76439">
        <ele>152.48</ele>
        <time>2026-02-28T17:44:08Z</time>
      </trkpt>
      <trkpt lat="33.62438" lon="-117.76442">
        <ele>151.99</ele>
        <time>2026-02-28T17:44:11Z</time>
      </trkpt>
      <trkpt lat="33.62437" lon="-117.76445">
        <ele>151.61</ele>
        <time>2026-02-28T17:44:14Z</time>
      </trkpt>
      <trkpt lat="33.62437" lon="-117.76449">
        <ele>151.78</ele>
        <time>2026-02-28T17:44:17Z</time>
      </trkpt>
      <trkpt lat="33.62436" lon="-117.76452">
        <ele>151.41</ele>
        <time>2026-02-28T17:44:20Z</time>
      </trkpt>
      <trkpt lat="33.62435" lon="-117.76455">
        <ele>150.94</ele>
        <time>2026-02-28T17:44:23Z</time>
      </trkpt>
      <trkpt lat="33.62433" lon="-117.76458">
        <ele>150.29</ele>
        <time>2026-02-28T17:44:26Z</time>
      </trkpt>
      <trkpt lat="33.62432" lon="-117.76461">
        <ele>149.97</ele>
        <time>2026-02-28T17:44:29Z</time>
      </trkpt>
      <trkpt lat="33.6243" lon="-117.76464">
        <ele>149.48</ele>
        <time>2026-02-28T17:44:32Z</time>
      </trkpt>
      <trkpt lat="33.62427" lon="-117.76465">
        <ele>148.59</ele>
        <time>2026-02-28T17:44:34Z</time>
      </trkpt>
      <trkpt lat="33.62425" lon="-117.76468">
        <ele>148.74</ele>
        <time>2026-02-28T17:44:37Z</time>
      </trkpt>
      <trkpt lat="33.62424" lon="-117.76471">
        <ele>149.28</ele>
        <time>2026-02-28T17:44:40Z</time>
      </trkpt>
      <trkpt lat="33.62422" lon="-117.76468">
        <ele>149.39</ele>
        <time>2026-02-28T17:44:45Z</time>
      </trkpt>
      <trkpt lat="33.62423" lon="-117.76465">
        <ele>148.85</ele>
        <time>2026-02-28T17:44:49Z</time>
      </trkpt>
      <trkpt lat="33.62425" lon="-117.76463">
        <ele>148.2</ele>
        <time>2026-02-28T17:45:06Z</time>
      </trkpt>
      <trkpt lat="33.62425" lon="-117.76469">
        <ele>148.85</ele>
        <time>2026-02-28T17:51:59Z</time>
      </trkpt>
      <trkpt lat="33.62423" lon="-117.76473">
        <ele>149.69</ele>
        <time>2026-02-28T17:52:00Z</time>
      </trkpt>
      <trkpt lat="33.6242" lon="-117.76476">
        <ele>150.43</ele>
        <time>2026-02-28T17:52:01Z</time>
      </trkpt>
      <trkpt lat="33.62414" lon="-117.76479">
        <ele>151.79</ele>
        <time>2026-02-28T17:52:03Z</time>
      </trkpt>
      <trkpt lat="33.6241" lon="-117.76479">
        <ele>152.97</ele>
        <time>2026-02-28T17:52:05Z</time>
      </trkpt>
      <trkpt lat="33.62407" lon="-117.76477">
        <ele>153.65</ele>
        <time>2026-02-28T17:52:08Z</time>
      </trkpt>
      <trkpt lat="33.62405" lon="-117.76473">
        <ele>153.86</ele>
        <time>2026-02-28T17:52:11Z</time>
      </trkpt>
      <trkpt lat="33.62404" lon="-117.76469">
        <ele>153.63</ele>
        <time>2026-02-28T17:52:14Z</time>
      </trkpt>
      <trkpt lat="33.62404" lon="-117.76465">
        <ele>153.04</ele>
        <time>2026-02-28T17:52:17Z</time>
      </trkpt>
      <trkpt lat="33.62405" lon="-117.7646">
        <ele>152.44</ele>
        <time>2026-02-28T17:52:19Z</time>
      </trkpt>
      <trkpt lat="33.62406" lon="-117.76455">
        <ele>152.17</ele>
        <time>2026-02-28T17:52:21Z</time>
      </trkpt>
      <trkpt lat="33.62406" lon="-117.76451">
        <ele>151.61</ele>
        <time>2026-02-28T17:52:23Z</time>
      </trkpt>
      <trkpt lat="33.62407" lon="-117.76447">
        <ele>150.63</ele>
        <time>2026-02-28T17:52:25Z</time>
      </trkpt>
      <trkpt lat="33.62407" lon="-117.76443">
        <ele>149.78</ele>
        <time>2026-02-28T17:52:28Z</time>
      </trkpt>
      <trkpt lat="33.62408" lon="-117.76439">
        <ele>148.73</ele>
        <time>2026-02-28T17:52:31Z</time>
      </trkpt>
      <trkpt lat="33.62408" lon="-117.76436">
        <ele>148.11</ele>
        <time>2026-02-28T17:52:34Z</time>
      </trkpt>
      <trkpt lat="33.62408" lon="-117.76432">
        <ele>146.93</ele>
        <time>2026-02-28T17:52:38Z</time>
      </trkpt>
      <trkpt lat="33.62408" lon="-117.76429">
        <ele>145.97</ele>
        <time>2026-02-28T17:52:42Z</time>
      </trkpt>
      <trkpt lat="33.62408" lon="-117.76425">
        <ele>144.9</ele>
        <time>2026-02-28T17:52:46Z</time>
      </trkpt>
      <trkpt lat="33.62405" lon="-117.76422">
        <ele>145.25</ele>
        <time>2026-02-28T17:52:49Z</time>
      </trkpt>
      <trkpt lat="33.62403" lon="-117.76419">
        <ele>145.32</ele>
        <time>2026-02-28T17:52:52Z</time>
      </trkpt>
      <trkpt lat="33.62402" lon="-117.76415">
        <ele>144.88</ele>
        <time>2026-02-28T17:52:55Z</time>
      </trkpt>
      <trkpt lat="33.62401" lon="-117.76412">
        <ele>144.53</ele>
        <time>2026-02-28T17:52:58Z</time>
      </trkpt>
      <trkpt lat="33.624" lon="-117.76409">
        <ele>144.11</ele>
        <time>2026-02-28T17:53:01Z</time>
      </trkpt>
      <trkpt lat="33.62399" lon="-117.76405">
        <ele>143.44</ele>
        <time>2026-02-28T17:53:04Z</time>
      </trkpt>
      <trkpt lat="33.62397" lon="-117.76402">
        <ele>142.9</ele>
        <time>2026-02-28T17:53:07Z</time>
      </trkpt>
      <trkpt lat="33.62395" lon="-117.76399">
        <ele>142.49</ele>
        <time>2026-02-28T17:53:10Z</time>
      </trkpt>
      <trkpt lat="33.62394" lon="-117.76396">
        <ele>141.88</ele>
        <time>2026-02-28T17:53:13Z</time>
      </trkpt>
      <trkpt lat="33.62392" lon="-117.76393">
        <ele>141.18</ele>
        <time>2026-02-28T17:53:16Z</time>
      </trkpt>
      <trkpt lat="33.6239" lon="-117.7639">
        <ele>140.35</ele>
        <time>2026-02-28T17:53:19Z</time>
      </trkpt>
      <trkpt lat="33.62388" lon="-117.76388">
        <ele>140.09</ele>
        <time>2026-02-28T17:53:23Z</time>
      </trkpt>
      <trkpt lat="33.62385" lon="-117.76387">
        <ele>140.33</ele>
        <time>2026-02-28T17:53:27Z</time>
      </trkpt>
      <trkpt lat="33.62383" lon="-117.76384">
        <ele>140.3</ele>
        <time>2026-02-28T17:53:30Z</time>
      </trkpt>
      <trkpt lat="33.6238" lon="-117.76381">
        <ele>140.14</ele>
        <time>2026-02-28T17:53:33Z</time>
      </trkpt>
      <trkpt lat="33.62377" lon="-117.76379">
        <ele>141.17</ele>
        <time>2026-02-28T17:53:35Z</time>
      </trkpt>
      <trkpt lat="33.62375" lon="-117.76376">
        <ele>142.0</ele>
        <time>2026-02-28T17:53:37Z</time>
      </trkpt>
      <trkpt lat="33.62372" lon="-117.76373">
        <ele>142.83</ele>
        <time>2026-02-28T17:53:40Z</time>
      </trkpt>
      <trkpt lat="33.62369" lon="-117.7637">
        <ele>143.54</ele>
        <time>2026-02-28T17:53:43Z</time>
      </trkpt>
      <trkpt lat="33.62367" lon="-117.76367">
        <ele>143.83</ele>
        <time>2026-02-28T17:53:46Z</time>
      </trkpt>
      <trkpt lat="33.62364" lon="-117.76364">
        <ele>144.12</ele>
        <time>2026-02-28T17:53:49Z</time>
      </trkpt>
      <trkpt lat="33.62362" lon="-117.76362">
        <ele>144.08</ele>
        <time>2026-02-28T17:53:52Z</time>
      </trkpt>
      <trkpt lat="33.62359" lon="-117.7636">
        <ele>144.74</ele>
        <time>2026-02-28T17:53:55Z</time>
      </trkpt>
      <trkpt lat="33.62357" lon="-117.76357">
        <ele>144.94</ele>
        <time>2026-02-28T17:53:59Z</time>
      </trkpt>
      <trkpt lat="33.62354" lon="-117.76355">
        <ele>145.4</ele>
        <time>2026-02-28T17:54:03Z</time>
      </trkpt>
      <trkpt lat="33.62352" lon="-117.76353">
        <ele>145.34</ele>
        <time>2026-02-28T17:54:07Z</time>
      </trkpt>
      <trkpt lat="33.62349" lon="-117.76351">
        <ele>145.18</ele>
        <time>2026-02-28T17:54:11Z</time>
      </trkpt>
      <trkpt lat="33.62347" lon="-117.76349">
        <ele>145.23</ele>
        <time>2026-02-28T17:54:15Z</time>
      </trkpt>
      <trkpt lat="33.62344" lon="-117.76348">
        <ele>145.72</ele>
        <time>2026-02-28T17:54:19Z</time>
      </trkpt>
      <trkpt lat="33.62341" lon="-117.76349">
        <ele>146.29</ele>
        <time>2026-02-28T17:54:23Z</time>
      </trkpt>
      <trkpt lat="33.62338" lon="-117.7635">
        <ele>146.89</ele>
        <time>2026-02-28T17:54:27Z</time>
      </trkpt>
      <trkpt lat="33.62335" lon="-117.7635">
        <ele>147.48</ele>
        <time>2026-02-28T17:54:31Z</time>
      </trkpt>
      <trkpt lat="33.62332" lon="-117.7635">
        <ele>147.77</ele>
        <time>2026-02-28T17:54:35Z</time>
      </trkpt>
      <trkpt lat="33.62328" lon="-117.7635">
        <ele>147.68</ele>
        <time>2026-02-28T17:54:39Z</time>
      </trkpt>
      <trkpt lat="33.62325" lon="-117.76351">
        <ele>147.83</ele>
        <time>2026-02-28T17:54:43Z</time>
      </trkpt>
      <trkpt lat="33.62322" lon="-117.76353">
        <ele>148.22</ele>
        <time>2026-02-28T17:54:47Z</time>
      </trkpt>
      <trkpt lat="33.62319" lon="-117.76356">
        <ele>148.65</ele>
        <time>2026-02-28T17:54:51Z</time>
      </trkpt>
      <trkpt lat="33.62317" lon="-117.76358">
        <ele>148.82</ele>
        <time>2026-02-28T17:54:54Z</time>
      </trkpt>
      <trkpt lat="33.62315" lon="-117.76362">
        <ele>149.21</ele>
        <time>2026-02-28T17:54:57Z</time>
      </trkpt>
      <trkpt lat="33.62313" lon="-117.76366">
        <ele>150.25</ele>
        <time>2026-02-28T17:55:00Z</time>
      </trkpt>
      <trkpt lat="33.62311" lon="-117.76369">
        <ele>151.12</ele>
        <time>2026-02-28T17:55:03Z</time>
      </trkpt>
      <trkpt lat="33.62309" lon="-117.76371">
        <ele>151.79</ele>
        <time>2026-02-28T17:55:07Z</time>
      </trkpt>
      <trkpt lat="33.62306" lon="-117.76373">
        <ele>152.53</ele>
        <time>2026-02-28T17:55:11Z</time>
      </trkpt>
      <trkpt lat="33.62303" lon="-117.76374">
        <ele>153.44</ele>
        <time>2026-02-28T17:55:15Z</time>
      </trkpt>
      <trkpt lat="33.623" lon="-117.76376">
        <ele>154.78</ele>
        <time>2026-02-28T17:55:19Z</time>
      </trkpt>
      <trkpt lat="33.62298" lon="-117.76376">
        <ele>155.34</ele>
        <time>2026-02-28T17:55:23Z</time>
      </trkpt>
      <trkpt lat="33.62296" lon="-117.76374">
        <ele>155.25</ele>
        <time>2026-02-28T17:55:32Z</time>
      </trkpt>
      <trkpt lat="33.62293" lon="-117.76372">
        <ele>155.3</ele>
        <time>2026-02-28T17:55:45Z</time>
      </trkpt>
      <trkpt lat="33.62291" lon="-117.76371">
        <ele>155.39</ele>
        <time>2026-02-28T17:55:50Z</time>
      </trkpt>
      <trkpt lat="33.62288" lon="-117.7637">
        <ele>155.75</ele>
        <time>2026-02-28T17:55:54Z</time>
      </trkpt>
      <trkpt lat="33.62285" lon="-117.76368">
        <ele>156.51</ele>
        <time>2026-02-28T17:55:58Z</time>
      </trkpt>
      <trkpt lat="33.62281" lon="-117.76366">
        <ele>157.52</ele>
        <time>2026-02-28T17:56:02Z</time>
      </trkpt>
      <trkpt lat="33.62278" lon="-117.76364">
        <ele>157.87</ele>
        <time>2026-02-28T17:56:06Z</time>
      </trkpt>
      <trkpt lat="33.62276" lon="-117.76362">
        <ele>158.04</ele>
        <time>2026-02-28T17:56:09Z</time>
      </trkpt>
      <trkpt lat="33.62273" lon="-117.76361">
        <ele>159.05</ele>
        <time>2026-02-28T17:56:12Z</time>
      </trkpt>
      <trkpt lat="33.62271" lon="-117.76359">
        <ele>159.59</ele>
        <time>2026-02-28T17:56:15Z</time>
      </trkpt>
      <trkpt lat="33.62269" lon="-117.76357">
        <ele>159.95</ele>
        <time>2026-02-28T17:56:18Z</time>
      </trkpt>
      <trkpt lat="33.62267" lon="-117.76355">
        <ele>159.95</ele>
        <time>2026-02-28T17:56:21Z</time>
      </trkpt>
      <trkpt lat="33.62264" lon="-117.76353">
        <ele>160.16</ele>
        <time>2026-02-28T17:56:24Z</time>
      </trkpt>
      <trkpt lat="33.62262" lon="-117.7635">
        <ele>160.27</ele>
        <time>2026-02-28T17:56:27Z</time>
      </trkpt>
      <trkpt lat="33.62261" lon="-117.76347">
        <ele>160.2</ele>
        <time>2026-02-28T17:56:29Z</time>
      </trkpt>
      <trkpt lat="33.62258" lon="-117.76343">
        <ele>160.04</ele>
        <time>2026-02-28T17:56:32Z</time>
      </trkpt>
      <trkpt lat="33.62256" lon="-117.76342">
        <ele>159.94</ele>
        <time>2026-02-28T17:56:34Z</time>
      </trkpt>
      <trkpt lat="33.62252" lon="-117.76339">
        <ele>159.61</ele>
        <time>2026-02-28T17:56:37Z</time>
      </trkpt>
      <trkpt lat="33.62248" lon="-117.76338">
        <ele>159.5</ele>
        <time>2026-02-28T17:56:40Z</time>
      </trkpt>
      <trkpt lat="33.62245" lon="-117.76336">
        <ele>159.29</ele>
        <time>2026-02-28T17:56:43Z</time>
      </trkpt>
      <trkpt lat="33.62243" lon="-117.76334">
        <ele>159.07</ele>
        <time>2026-02-28T17:56:46Z</time>
      </trkpt>
      <trkpt lat="33.6224" lon="-117.76332">
        <ele>158.51</ele>
        <time>2026-02-28T17:56:49Z</time>
      </trkpt>
      <trkpt lat="33.62238" lon="-117.7633">
        <ele>157.71</ele>
        <time>2026-02-28T17:56:52Z</time>
      </trkpt>
      <trkpt lat="33.62236" lon="-117.76327">
        <ele>157.15</ele>
        <time>2026-02-28T17:56:55Z</time>
      </trkpt>
      <trkpt lat="33.62234" lon="-117.76325">
        <ele>156.98</ele>
        <time>2026-02-28T17:56:58Z</time>
      </trkpt>
      <trkpt lat="33.62232" lon="-117.76322">
        <ele>156.56</ele>
        <time>2026-02-28T17:57:02Z</time>
      </trkpt>
      <trkpt lat="33.62229" lon="-117.76319">
        <ele>155.13</ele>
        <time>2026-02-28T17:57:06Z</time>
      </trkpt>
      <trkpt lat="33.62227" lon="-117.76316">
        <ele>154.16</ele>
        <time>2026-02-28T17:57:10Z</time>
      </trkpt>
      <trkpt lat="33.62225" lon="-117.76314">
        <ele>153.57</ele>
        <time>2026-02-28T17:57:14Z</time>
      </trkpt>
      <trkpt lat="33.62222" lon="-117.7631">
        <ele>152.95</ele>
        <time>2026-02-28T17:57:18Z</time>
      </trkpt>
      <trkpt lat="33.62221" lon="-117.76308">
        <ele>152.67</ele>
        <time>2026-02-28T17:57:21Z</time>
      </trkpt>
      <trkpt lat="33.62219" lon="-117.76306">
        <ele>151.99</ele>
        <time>2026-02-28T17:57:24Z</time>
      </trkpt>
      <trkpt lat="33.62217" lon="-117.76303">
        <ele>151.62</ele>
        <time>2026-02-28T17:57:27Z</time>
      </trkpt>
      <trkpt lat="33.62215" lon="-117.76301">
        <ele>151.43</ele>
        <time>2026-02-28T17:57:30Z</time>
      </trkpt>
      <trkpt lat="33.62213" lon="-117.76298">
        <ele>151.64</ele>
        <time>2026-02-28T17:57:33Z</time>
      </trkpt>
      <trkpt lat="33.62211" lon="-117.76296">
        <ele>151.53</ele>
        <time>2026-02-28T17:57:36Z</time>
      </trkpt>
      <trkpt lat="33.62209" lon="-117.76294">
        <ele>150.86</ele>
        <time>2026-02-28T17:57:39Z</time>
      </trkpt>
      <trkpt lat="33.62207" lon="-117.76291">
        <ele>150.3</ele>
        <time>2026-02-28T17:57:42Z</time>
      </trkpt>
      <trkpt lat="33.62206" lon="-117.76289">
        <ele>150.11</ele>
        <time>2026-02-28T17:57:45Z</time>
      </trkpt>
      <trkpt lat="33.62204" lon="-117.76286">
        <ele>149.89</ele>
        <time>2026-02-28T17:57:48Z</time>
      </trkpt>
      <trkpt lat="33.62202" lon="-117.76284">
        <ele>149.43</ele>
        <time>2026-02-28T17:57:51Z</time>
      </trkpt>
      <trkpt lat="33.62201" lon="-117.7628">
        <ele>148.73</ele>
        <time>2026-02-28T17:57:55Z</time>
      </trkpt>
      <trkpt lat="33.622" lon="-117.76277">
        <ele>148.23</ele>
        <time>2026-02-28T17:57:59Z</time>
      </trkpt>
      <trkpt lat="33.62198" lon="-117.76275">
        <ele>147.95</ele>
        <time>2026-02-28T17:58:02Z</time>
      </trkpt>
      <trkpt lat="33.62195" lon="-117.76273">
        <ele>147.61</ele>
        <time>2026-02-28T17:58:05Z</time>
      </trkpt>
      <trkpt lat="33.62192" lon="-117.76273">
        <ele>147.52</ele>
        <time>2026-02-28T17:58:08Z</time>
      </trkpt>
      <trkpt lat="33.62189" lon="-117.76275">
        <ele>147.3</ele>
        <time>2026-02-28T17:58:10Z</time>
      </trkpt>
      <trkpt lat="33.62186" lon="-117.76275">
        <ele>147.3</ele>
        <time>2026-02-28T17:58:12Z</time>
      </trkpt>
      <trkpt lat="33.62182" lon="-117.76276">
        <ele>147.06</ele>
        <time>2026-02-28T17:58:14Z</time>
      </trkpt>
      <trkpt lat="33.62179" lon="-117.76277">
        <ele>146.97</ele>
        <time>2026-02-28T17:58:16Z</time>
      </trkpt>
      <trkpt lat="33.62177" lon="-117.76277">
        <ele>146.94</ele>
        <time>2026-02-28T17:58:18Z</time>
      </trkpt>
      <trkpt lat="33.62174" lon="-117.76276">
        <ele>146.89</ele>
        <time>2026-02-28T17:58:20Z</time>
      </trkpt>
      <trkpt lat="33.62171" lon="-117.76275">
        <ele>147.02</ele>
        <time>2026-02-28T17:58:22Z</time>
      </trkpt>
      <trkpt lat="33.62168" lon="-117.76275">
        <ele>147.21</ele>
        <time>2026-02-28T17:58:24Z</time>
      </trkpt>
      <trkpt lat="33.62165" lon="-117.76275">
        <ele>147.37</ele>
        <time>2026-02-28T17:58:26Z</time>
      </trkpt>
      <trkpt lat="33.62163" lon="-117.76274">
        <ele>147.48</ele>
        <time>2026-02-28T17:58:28Z</time>
      </trkpt>
      <trkpt lat="33.62159" lon="-117.76273">
        <ele>147.49</ele>
        <time>2026-02-28T17:58:31Z</time>
      </trkpt>
      <trkpt lat="33.62155" lon="-117.76273">
        <ele>147.48</ele>
        <time>2026-02-28T17:58:34Z</time>
      </trkpt>
      <trkpt lat="33.62152" lon="-117.76273">
        <ele>147.48</ele>
        <time>2026-02-28T17:58:37Z</time>
      </trkpt>
      <trkpt lat="33.6215" lon="-117.76272">
        <ele>147.38</ele>
        <time>2026-02-28T17:58:42Z</time>
      </trkpt>
      <trkpt lat="33.62146" lon="-117.76271">
        <ele>147.27</ele>
        <time>2026-02-28T17:58:46Z</time>
      </trkpt>
      <trkpt lat="33.62143" lon="-117.7627">
        <ele>147.16</ele>
        <time>2026-02-28T17:58:49Z</time>
      </trkpt>
      <trkpt lat="33.62139" lon="-117.76269">
        <ele>147.05</ele>
        <time>2026-02-28T17:58:52Z</time>
      </trkpt>
      <trkpt lat="33.62137" lon="-117.76268">
        <ele>146.99</ele>
        <time>2026-02-28T17:58:54Z</time>
      </trkpt>
      <trkpt lat="33.62133" lon="-117.76267">
        <ele>146.9</ele>
        <time>2026-02-28T17:58:57Z</time>
      </trkpt>
      <trkpt lat="33.62129" lon="-117.76266">
        <ele>146.73</ele>
        <time>2026-02-28T17:59:00Z</time>
      </trkpt>
      <trkpt lat="33.62126" lon="-117.76266">
        <ele>146.73</ele>
        <time>2026-02-28T17:59:03Z</time>
      </trkpt>
      <trkpt lat="33.62122" lon="-117.76265">
        <ele>146.62</ele>
        <time>2026-02-28T17:59:06Z</time>
      </trkpt>
      <trkpt lat="33.62118" lon="-117.76264">
        <ele>146.51</ele>
        <time>2026-02-28T17:59:09Z</time>
      </trkpt>
      <trkpt lat="33.62114" lon="-117.76264">
        <ele>146.51</ele>
        <time>2026-02-28T17:59:12Z</time>
      </trkpt>
      <trkpt lat="33.6211" lon="-117.76263">
        <ele>146.4</ele>
        <time>2026-02-28T17:59:15Z</time>
      </trkpt>
      <trkpt lat="33.62106" lon="-117.76263">
        <ele>146.4</ele>
        <time>2026-02-28T17:59:18Z</time>
      </trkpt>
      <trkpt lat="33.62103" lon="-117.76263">
        <ele>146.4</ele>
        <time>2026-02-28T17:59:21Z</time>
      </trkpt>
      <trkpt lat="33.62099" lon="-117.76262">
        <ele>146.39</ele>
        <time>2026-02-28T17:59:24Z</time>
      </trkpt>
      <trkpt lat="33.62096" lon="-117.76261">
        <ele>146.31</ele>
        <time>2026-02-28T17:59:27Z</time>
      </trkpt>
      <trkpt lat="33.62092" lon="-117.76261">
        <ele>146.38</ele>
        <time>2026-02-28T17:59:30Z</time>
      </trkpt>
      <trkpt lat="33.62088" lon="-117.7626">
        <ele>146.16</ele>
        <time>2026-02-28T17:59:33Z</time>
      </trkpt>
      <trkpt lat="33.62085" lon="-117.7626">
        <ele>146.16</ele>
        <time>2026-02-28T17:59:36Z</time>
      </trkpt>
      <trkpt lat="33.62081" lon="-117.76259">
        <ele>146.22</ele>
        <time>2026-02-28T17:59:39Z</time>
      </trkpt>
      <trkpt lat="33.62078" lon="-117.76259">
        <ele>146.53</ele>
        <time>2026-02-28T17:59:42Z</time>
      </trkpt>
      <trkpt lat="33.62075" lon="-117.76258">
        <ele>146.64</ele>
        <time>2026-02-28T17:59:45Z</time>
      </trkpt>
      <trkpt lat="33.62072" lon="-117.76258">
        <ele>146.76</ele>
        <time>2026-02-28T17:59:48Z</time>
      </trkpt>
      <trkpt lat="33.62068" lon="-117.76258">
        <ele>146.82</ele>
        <time>2026-02-28T17:59:51Z</time>
      </trkpt>
      <trkpt lat="33.62065" lon="-117.76257">
        <ele>146.75</ele>
        <time>2026-02-28T17:59:54Z</time>
      </trkpt>
      <trkpt lat="33.62062" lon="-117.76257">
        <ele>146.99</ele>
        <time>2026-02-28T17:59:57Z</time>
      </trkpt>
      <trkpt lat="33.62058" lon="-117.76256">
        <ele>147.12</ele>
        <time>2026-02-28T18:00:00Z</time>
      </trkpt>
      <trkpt lat="33.62055" lon="-117.76256">
        <ele>147.36</ele>
        <time>2026-02-28T18:00:03Z</time>
      </trkpt>
      <trkpt lat="33.62052" lon="-117.76256">
        <ele>147.68</ele>
        <time>2026-02-28T18:00:06Z</time>
      </trkpt>
      <trkpt lat="33.62048" lon="-117.76256">
        <ele>148.11</ele>
        <time>2026-02-28T18:00:09Z</time>
      </trkpt>
      <trkpt lat="33.62045" lon="-117.76255">
        <ele>148.22</ele>
        <time>2026-02-28T18:00:12Z</time>
      </trkpt>
      <trkpt lat="33.62042" lon="-117.76255">
        <ele>148.54</ele>
        <time>2026-02-28T18:00:15Z</time>
      </trkpt>
      <trkpt lat="33.62039" lon="-117.76255">
        <ele>148.87</ele>
        <time>2026-02-28T18:00:18Z</time>
      </trkpt>
      <trkpt lat="33.62037" lon="-117.76254">
        <ele>148.86</ele>
        <time>2026-02-28T18:00:25Z</time>
      </trkpt>
      <trkpt lat="33.62033" lon="-117.76253">
        <ele>148.65</ele>
        <time>2026-02-28T18:00:29Z</time>
      </trkpt>
      <trkpt lat="33.6203" lon="-117.76253">
        <ele>148.65</ele>
        <time>2026-02-28T18:00:32Z</time>
      </trkpt>
      <trkpt lat="33.62027" lon="-117.76253">
        <ele>148.65</ele>
        <time>2026-02-28T18:00:35Z</time>
      </trkpt>
      <trkpt lat="33.62024" lon="-117.76252">
        <ele>148.43</ele>
        <time>2026-02-28T18:00:38Z</time>
      </trkpt>
      <trkpt lat="33.6202" lon="-117.76252">
        <ele>148.43</ele>
        <time>2026-02-28T18:00:41Z</time>
      </trkpt>
      <trkpt lat="33.62016" lon="-117.76252">
        <ele>148.43</ele>
        <time>2026-02-28T18:00:44Z</time>
      </trkpt>
      <trkpt lat="33.62012" lon="-117.76251">
        <ele>148.22</ele>
        <time>2026-02-28T18:00:47Z</time>
      </trkpt>
      <trkpt lat="33.62008" lon="-117.76251">
        <ele>148.08</ele>
        <time>2026-02-28T18:00:50Z</time>
      </trkpt>
      <trkpt lat="33.62004" lon="-117.76251">
        <ele>147.65</ele>
        <time>2026-02-28T18:00:53Z</time>
      </trkpt>
      <trkpt lat="33.62001" lon="-117.7625">
        <ele>147.11</ele>
        <time>2026-02-28T18:00:56Z</time>
      </trkpt>
      <trkpt lat="33.61997" lon="-117.7625">
        <ele>146.68</ele>
        <time>2026-02-28T18:00:59Z</time>
      </trkpt>
      <trkpt lat="33.61994" lon="-117.7625">
        <ele>146.35</ele>
        <time>2026-02-28T18:01:02Z</time>
      </trkpt>
      <trkpt lat="33.6199" lon="-117.76249">
        <ele>145.78</ele>
        <time>2026-02-28T18:01:05Z</time>
      </trkpt>
      <trkpt lat="33.61987" lon="-117.76249">
        <ele>145.78</ele>
        <time>2026-02-28T18:01:08Z</time>
      </trkpt>
      <trkpt lat="33.61985" lon="-117.76251">
        <ele>146.15</ele>
        <time>2026-02-28T18:01:38Z</time>
      </trkpt>
      <trkpt lat="33.61981" lon="-117.76251">
        <ele>146.06</ele>
        <time>2026-02-28T18:01:43Z</time>
      </trkpt>
      <trkpt lat="33.61977" lon="-117.76251">
        <ele>145.62</ele>
        <time>2026-02-28T18:01:45Z</time>
      </trkpt>
      <trkpt lat="33.61974" lon="-117.76251">
        <ele>145.3</ele>
        <time>2026-02-28T18:01:47Z</time>
      </trkpt>
      <trkpt lat="33.61971" lon="-117.76251">
        <ele>144.99</ele>
        <time>2026-02-28T18:01:49Z</time>
      </trkpt>
      <trkpt lat="33.61967" lon="-117.76251">
        <ele>144.6</ele>
        <time>2026-02-28T18:01:52Z</time>
      </trkpt>
      <trkpt lat="33.61963" lon="-117.7625">
        <ele>144.0</ele>
        <time>2026-02-28T18:01:55Z</time>
      </trkpt>
      <trkpt lat="33.6196" lon="-117.7625">
        <ele>144.0</ele>
        <time>2026-02-28T18:01:58Z</time>
      </trkpt>
      <trkpt lat="33.61956" lon="-117.7625">
        <ele>144.0</ele>
        <time>2026-02-28T18:02:01Z</time>
      </trkpt>
      <trkpt lat="33.61952" lon="-117.7625">
        <ele>144.0</ele>
        <time>2026-02-28T18:02:04Z</time>
      </trkpt>
      <trkpt lat="33.61948" lon="-117.76249">
        <ele>143.89</ele>
        <time>2026-02-28T18:02:07Z</time>
      </trkpt>
      <trkpt lat="33.61944" lon="-117.76249">
        <ele>143.89</ele>
        <time>2026-02-28T18:02:10Z</time>
      </trkpt>
      <trkpt lat="33.61941" lon="-117.76249">
        <ele>143.89</ele>
        <time>2026-02-28T18:02:13Z</time>
      </trkpt>
      <trkpt lat="33.61937" lon="-117.76249">
        <ele>143.89</ele>
        <time>2026-02-28T18:02:16Z</time>
      </trkpt>
      <trkpt lat="33.61933" lon="-117.76248">
        <ele>144.02</ele>
        <time>2026-02-28T18:02:19Z</time>
      </trkpt>
      <trkpt lat="33.6193" lon="-117.76248">
        <ele>144.34</ele>
        <time>2026-02-28T18:02:22Z</time>
      </trkpt>
      <trkpt lat="33.61927" lon="-117.76248">
        <ele>144.67</ele>
        <time>2026-02-28T18:02:25Z</time>
      </trkpt>
      <trkpt lat="33.61924" lon="-117.76248">
        <ele>144.99</ele>
        <time>2026-02-28T18:02:28Z</time>
      </trkpt>
      <trkpt lat="33.61921" lon="-117.76248">
        <ele>145.32</ele>
        <time>2026-02-28T18:02:32Z</time>
      </trkpt>
      <trkpt lat="33.61918" lon="-117.76247">
        <ele>145.53</ele>
        <time>2026-02-28T18:02:37Z</time>
      </trkpt>
      <trkpt lat="33.61914" lon="-117.76247">
        <ele>145.96</ele>
        <time>2026-02-28T18:02:41Z</time>
      </trkpt>
      <trkpt lat="33.61911" lon="-117.76247">
        <ele>146.29</ele>
        <time>2026-02-28T18:02:44Z</time>
      </trkpt>
      <trkpt lat="33.61908" lon="-117.76247">
        <ele>146.61</ele>
        <time>2026-02-28T18:02:47Z</time>
      </trkpt>
      <trkpt lat="33.61904" lon="-117.76247">
        <ele>146.68</ele>
        <time>2026-02-28T18:02:50Z</time>
      </trkpt>
      <trkpt lat="33.61901" lon="-117.76247">
        <ele>146.68</ele>
        <time>2026-02-28T18:02:53Z</time>
      </trkpt>
      <trkpt lat="33.61897" lon="-117.76247">
        <ele>146.55</ele>
        <time>2026-02-28T18:02:56Z</time>
      </trkpt>
      <trkpt lat="33.61894" lon="-117.76248">
        <ele>146.34</ele>
        <time>2026-02-28T18:02:59Z</time>
      </trkpt>
      <trkpt lat="33.6189" lon="-117.76248">
        <ele>145.9</ele>
        <time>2026-02-28T18:03:02Z</time>
      </trkpt>
      <trkpt lat="33.61886" lon="-117.76248">
        <ele>145.47</ele>
        <time>2026-02-28T18:03:05Z</time>
      </trkpt>
      <trkpt lat="33.61883" lon="-117.76249">
        <ele>145.26</ele>
        <time>2026-02-28T18:03:08Z</time>
      </trkpt>
      <trkpt lat="33.61879" lon="-117.76251">
        <ele>144.91</ele>
        <time>2026-02-28T18:03:11Z</time>
      </trkpt>
      <trkpt lat="33.61876" lon="-117.76253">
        <ele>144.28</ele>
        <time>2026-02-28T18:03:14Z</time>
      </trkpt>
      <trkpt lat="33.61873" lon="-117.76255">
        <ele>143.78</ele>
        <time>2026-02-28T18:03:17Z</time>
      </trkpt>
      <trkpt lat="33.6187" lon="-117.76255">
        <ele>143.0</ele>
        <time>2026-02-28T18:03:20Z</time>
      </trkpt>
      <trkpt lat="33.61867" lon="-117.76256">
        <ele>142.57</ele>
        <time>2026-02-28T18:03:23Z</time>
      </trkpt>
      <trkpt lat="33.61864" lon="-117.76257">
        <ele>142.14</ele>
        <time>2026-02-28T18:03:26Z</time>
      </trkpt>
      <trkpt lat="33.61861" lon="-117.76258">
        <ele>141.72</ele>
        <time>2026-02-28T18:03:29Z</time>
      </trkpt>
      <trkpt lat="33.61858" lon="-117.76259">
        <ele>141.61</ele>
        <time>2026-02-28T18:03:32Z</time>
      </trkpt>
      <trkpt lat="33.61855" lon="-117.7626">
        <ele>141.39</ele>
        <time>2026-02-28T18:03:35Z</time>
      </trkpt>
      <trkpt lat="33.61852" lon="-117.76262">
        <ele>141.03</ele>
        <time>2026-02-28T18:03:38Z</time>
      </trkpt>
      <trkpt lat="33.61849" lon="-117.76264">
        <ele>140.23</ele>
        <time>2026-02-28T18:03:41Z</time>
      </trkpt>
      <trkpt lat="33.61847" lon="-117.76268">
        <ele>139.92</ele>
        <time>2026-02-28T18:03:44Z</time>
      </trkpt>
      <trkpt lat="33.61847" lon="-117.76271">
        <ele>139.81</ele>
        <time>2026-02-28T18:03:46Z</time>
      </trkpt>
      <trkpt lat="33.61848" lon="-117.76277">
        <ele>139.79</ele>
        <time>2026-02-28T18:03:48Z</time>
      </trkpt>
      <trkpt lat="33.61849" lon="-117.76281">
        <ele>140.08</ele>
        <time>2026-02-28T18:03:50Z</time>
      </trkpt>
      <trkpt lat="33.61849" lon="-117.76285">
        <ele>140.08</ele>
        <time>2026-02-28T18:03:52Z</time>
      </trkpt>
      <trkpt lat="33.6185" lon="-117.76288">
        <ele>140.32</ele>
        <time>2026-02-28T18:03:54Z</time>
      </trkpt>
      <trkpt lat="33.61849" lon="-117.76292">
        <ele>139.71</ele>
        <time>2026-02-28T18:03:57Z</time>
      </trkpt>
      <trkpt lat="33.61848" lon="-117.76295">
        <ele>139.25</ele>
        <time>2026-02-28T18:04:00Z</time>
      </trkpt>
      <trkpt lat="33.61846" lon="-117.76298">
        <ele>138.92</ele>
        <time>2026-02-28T18:04:04Z</time>
      </trkpt>
      <trkpt lat="33.61843" lon="-117.76298">
        <ele>138.27</ele>
        <time>2026-02-28T18:04:08Z</time>
      </trkpt>
      <trkpt lat="33.61841" lon="-117.76297">
        <ele>137.9</ele>
        <time>2026-02-28T18:04:11Z</time>
      </trkpt>
      <trkpt lat="33.61838" lon="-117.76296">
        <ele>137.49</ele>
        <time>2026-02-28T18:04:14Z</time>
      </trkpt>
      <trkpt lat="33.61834" lon="-117.76295">
        <ele>136.94</ele>
        <time>2026-02-28T18:04:17Z</time>
      </trkpt>
      <trkpt lat="33.6183" lon="-117.76294">
        <ele>136.48</ele>
        <time>2026-02-28T18:04:19Z</time>
      </trkpt>
      <trkpt lat="33.61826" lon="-117.76293">
        <ele>136.13</ele>
        <time>2026-02-28T18:04:21Z</time>
      </trkpt>
      <trkpt lat="33.61823" lon="-117.76293">
        <ele>136.19</ele>
        <time>2026-02-28T18:04:23Z</time>
      </trkpt>
      <trkpt lat="33.6182" lon="-117.76292">
        <ele>136.68</ele>
        <time>2026-02-28T18:04:25Z</time>
      </trkpt>
      <trkpt lat="33.61818" lon="-117.7629">
        <ele>136.87</ele>
        <time>2026-02-28T18:04:27Z</time>
      </trkpt>
      <trkpt lat="33.61814" lon="-117.76288">
        <ele>137.19</ele>
        <time>2026-02-28T18:04:30Z</time>
      </trkpt>
      <trkpt lat="33.61811" lon="-117.76285">
        <ele>137.19</ele>
        <time>2026-02-28T18:04:33Z</time>
      </trkpt>
      <trkpt lat="33.61809" lon="-117.76283">
        <ele>137.19</ele>
        <time>2026-02-28T18:04:35Z</time>
      </trkpt>
      <trkpt lat="33.61807" lon="-117.7628">
        <ele>137.08</ele>
        <time>2026-02-28T18:04:37Z</time>
      </trkpt>
      <trkpt lat="33.61805" lon="-117.76276">
        <ele>136.93</ele>
        <time>2026-02-28T18:04:39Z</time>
      </trkpt>
      <trkpt lat="33.61803" lon="-117.76272">
        <ele>136.93</ele>
        <time>2026-02-28T18:04:41Z</time>
      </trkpt>
      <trkpt lat="33.618" lon="-117.76269">
        <ele>137.25</ele>
        <time>2026-02-28T18:04:44Z</time>
      </trkpt>
      <trkpt lat="33.61798" lon="-117.76266">
        <ele>137.41</ele>
        <time>2026-02-28T18:04:47Z</time>
      </trkpt>
      <trkpt lat="33.61794" lon="-117.76264">
        <ele>137.89</ele>
        <time>2026-02-28T18:04:50Z</time>
      </trkpt>
      <trkpt lat="33.61791" lon="-117.76263">
        <ele>138.21</ele>
        <time>2026-02-28T18:04:53Z</time>
      </trkpt>
      <trkpt lat="33.61788" lon="-117.76261">
        <ele>138.25</ele>
        <time>2026-02-28T18:04:56Z</time>
      </trkpt>
      <trkpt lat="33.61785" lon="-117.76259">
        <ele>138.87</ele>
        <time>2026-02-28T18:04:59Z</time>
      </trkpt>
      <trkpt lat="33.61783" lon="-117.76256">
        <ele>139.44</ele>
        <time>2026-02-28T18:05:02Z</time>
      </trkpt>
      <trkpt lat="33.6178" lon="-117.76254">
        <ele>140.18</ele>
        <time>2026-02-28T18:05:05Z</time>
      </trkpt>
      <trkpt lat="33.61778" lon="-117.76251">
        <ele>140.16</ele>
        <time>2026-02-28T18:05:08Z</time>
      </trkpt>
      <trkpt lat="33.61775" lon="-117.76249">
        <ele>140.84</ele>
        <time>2026-02-28T18:05:11Z</time>
      </trkpt>
      <trkpt lat="33.61772" lon="-117.76247">
        <ele>141.47</ele>
        <time>2026-02-28T18:05:14Z</time>
      </trkpt>
      <trkpt lat="33.61771" lon="-117.76244">
        <ele>141.25</ele>
        <time>2026-02-28T18:05:18Z</time>
      </trkpt>
      <trkpt lat="33.61771" lon="-117.7624">
        <ele>140.57</ele>
        <time>2026-02-28T18:05:23Z</time>
      </trkpt>
      <trkpt lat="33.61768" lon="-117.76238">
        <ele>140.48</ele>
        <time>2026-02-28T18:05:27Z</time>
      </trkpt>
      <trkpt lat="33.61766" lon="-117.76236">
        <ele>140.39</ele>
        <time>2026-02-28T18:05:30Z</time>
      </trkpt>
      <trkpt lat="33.61763" lon="-117.76234">
        <ele>140.57</ele>
        <time>2026-02-28T18:05:33Z</time>
      </trkpt>
      <trkpt lat="33.61759" lon="-117.76233">
        <ele>141.17</ele>
        <time>2026-02-28T18:05:36Z</time>
      </trkpt>
      <trkpt lat="33.61757" lon="-117.76235">
        <ele>141.47</ele>
        <time>2026-02-28T18:05:38Z</time>
      </trkpt>
      <trkpt lat="33.61755" lon="-117.76237">
        <ele>141.87</ele>
        <time>2026-02-28T18:05:40Z</time>
      </trkpt>
      <trkpt lat="33.61751" lon="-117.76238">
        <ele>142.33</ele>
        <time>2026-02-28T18:05:43Z</time>
      </trkpt>
      <trkpt lat="33.61748" lon="-117.76239">
        <ele>142.62</ele>
        <time>2026-02-28T18:05:46Z</time>
      </trkpt>
      <trkpt lat="33.61744" lon="-117.76238">
        <ele>142.41</ele>
        <time>2026-02-28T18:05:49Z</time>
      </trkpt>
      <trkpt lat="33.61741" lon="-117.76238">
        <ele>142.41</ele>
        <time>2026-02-28T18:05:52Z</time>
      </trkpt>
      <trkpt lat="33.61738" lon="-117.76238">
        <ele>142.2</ele>
        <time>2026-02-28T18:05:55Z</time>
      </trkpt>
      <trkpt lat="33.61734" lon="-117.76238">
        <ele>141.9</ele>
        <time>2026-02-28T18:05:58Z</time>
      </trkpt>
      <trkpt lat="33.61731" lon="-117.76238">
        <ele>141.65</ele>
        <time>2026-02-28T18:06:01Z</time>
      </trkpt>
      <trkpt lat="33.61727" lon="-117.76239">
        <ele>141.33</ele>
        <time>2026-02-28T18:06:04Z</time>
      </trkpt>
      <trkpt lat="33.61724" lon="-117.76239">
        <ele>141.0</ele>
        <time>2026-02-28T18:06:07Z</time>
      </trkpt>
      <trkpt lat="33.61721" lon="-117.76239">
        <ele>140.39</ele>
        <time>2026-02-28T18:06:10Z</time>
      </trkpt>
      <trkpt lat="33.61717" lon="-117.76241">
        <ele>139.34</ele>
        <time>2026-02-28T18:06:13Z</time>
      </trkpt>
      <trkpt lat="33.61714" lon="-117.76242">
        <ele>138.58</ele>
        <time>2026-02-28T18:06:16Z</time>
      </trkpt>
      <trkpt lat="33.61711" lon="-117.76244">
        <ele>138.07</ele>
        <time>2026-02-28T18:06:19Z</time>
      </trkpt>
      <trkpt lat="33.61709" lon="-117.76246">
        <ele>137.85</ele>
        <time>2026-02-28T18:06:22Z</time>
      </trkpt>
      <trkpt lat="33.61707" lon="-117.76249">
        <ele>137.85</ele>
        <time>2026-02-28T18:06:24Z</time>
      </trkpt>
      <trkpt lat="33.61705" lon="-117.76252">
        <ele>137.39</ele>
        <time>2026-02-28T18:06:26Z</time>
      </trkpt>
      <trkpt lat="33.61703" lon="-117.76255">
        <ele>136.89</ele>
        <time>2026-02-28T18:06:28Z</time>
      </trkpt>
      <trkpt lat="33.61701" lon="-117.76258">
        <ele>136.67</ele>
        <time>2026-02-28T18:06:31Z</time>
      </trkpt>
      <trkpt lat="33.61699" lon="-117.76261">
        <ele>136.58</ele>
        <time>2026-02-28T18:06:34Z</time>
      </trkpt>
      <trkpt lat="33.61696" lon="-117.76263">
        <ele>136.24</ele>
        <time>2026-02-28T18:06:37Z</time>
      </trkpt>
      <trkpt lat="33.61694" lon="-117.76265">
        <ele>135.93</ele>
        <time>2026-02-28T18:06:40Z</time>
      </trkpt>
      <trkpt lat="33.61691" lon="-117.76268">
        <ele>135.61</ele>
        <time>2026-02-28T18:06:43Z</time>
      </trkpt>
      <trkpt lat="33.61689" lon="-117.76271">
        <ele>135.84</ele>
        <time>2026-02-28T18:06:46Z</time>
      </trkpt>
      <trkpt lat="33.61686" lon="-117.76273">
        <ele>136.01</ele>
        <time>2026-02-28T18:06:49Z</time>
      </trkpt>
      <trkpt lat="33.61683" lon="-117.76274">
        <ele>136.42</ele>
        <time>2026-02-28T18:06:52Z</time>
      </trkpt>
      <trkpt lat="33.6168" lon="-117.76274">
        <ele>136.74</ele>
        <time>2026-02-28T18:06:55Z</time>
      </trkpt>
      <trkpt lat="33.61676" lon="-117.7627">
        <ele>136.31</ele>
        <time>2026-02-28T18:06:58Z</time>
      </trkpt>
      <trkpt lat="33.61674" lon="-117.76264">
        <ele>136.52</ele>
        <time>2026-02-28T18:07:00Z</time>
      </trkpt>
      <trkpt lat="33.61672" lon="-117.7626">
        <ele>136.88</ele>
        <time>2026-02-28T18:07:02Z</time>
      </trkpt>
      <trkpt lat="33.6167" lon="-117.76257">
        <ele>136.79</ele>
        <time>2026-02-28T18:07:04Z</time>
      </trkpt>
      <trkpt lat="33.61668" lon="-117.76255">
        <ele>136.79</ele>
        <time>2026-02-28T18:07:06Z</time>
      </trkpt>
      <trkpt lat="33.61666" lon="-117.76252">
        <ele>136.78</ele>
        <time>2026-02-28T18:07:08Z</time>
      </trkpt>
      <trkpt lat="33.61664" lon="-117.7625">
        <ele>137.44</ele>
        <time>2026-02-28T18:07:10Z</time>
      </trkpt>
      <trkpt lat="33.61663" lon="-117.76245">
        <ele>136.8</ele>
        <time>2026-02-28T18:07:13Z</time>
      </trkpt>
      <trkpt lat="33.61662" lon="-117.76241">
        <ele>136.08</ele>
        <time>2026-02-28T18:07:16Z</time>
      </trkpt>
      <trkpt lat="33.61661" lon="-117.76237">
        <ele>135.57</ele>
        <time>2026-02-28T18:07:19Z</time>
      </trkpt>
      <trkpt lat="33.61659" lon="-117.76234">
        <ele>135.33</ele>
        <time>2026-02-28T18:07:22Z</time>
      </trkpt>
      <trkpt lat="33.61657" lon="-117.7623">
        <ele>134.71</ele>
        <time>2026-02-28T18:07:25Z</time>
      </trkpt>
      <trkpt lat="33.61655" lon="-117.76226">
        <ele>133.77</ele>
        <time>2026-02-28T18:07:28Z</time>
      </trkpt>
      <trkpt lat="33.61653" lon="-117.76223">
        <ele>132.77</ele>
        <time>2026-02-28T18:07:31Z</time>
      </trkpt>
      <trkpt lat="33.6165" lon="-117.7622">
        <ele>131.91</ele>
        <time>2026-02-28T18:07:34Z</time>
      </trkpt>
      <trkpt lat="33.61648" lon="-117.76216">
        <ele>131.33</ele>
        <time>2026-02-28T18:07:37Z</time>
      </trkpt>
      <trkpt lat="33.61645" lon="-117.76214">
        <ele>130.89</ele>
        <time>2026-02-28T18:07:40Z</time>
      </trkpt>
      <trkpt lat="33.61643" lon="-117.76214">
        <ele>130.74</ele>
        <time>2026-02-28T18:07:43Z</time>
      </trkpt>
      <trkpt lat="33.6164" lon="-117.76214">
        <ele>130.53</ele>
        <time>2026-02-28T18:07:46Z</time>
      </trkpt>
      <trkpt lat="33.61637" lon="-117.76212">
        <ele>129.79</ele>
        <time>2026-02-28T18:07:49Z</time>
      </trkpt>
      <trkpt lat="33.61634" lon="-117.76211">
        <ele>129.58</ele>
        <time>2026-02-28T18:07:52Z</time>
      </trkpt>
      <trkpt lat="33.61631" lon="-117.7621">
        <ele>129.36</ele>
        <time>2026-02-28T18:07:55Z</time>
      </trkpt>
      <trkpt lat="33.61628" lon="-117.76209">
        <ele>129.24</ele>
        <time>2026-02-28T18:07:58Z</time>
      </trkpt>
      <trkpt lat="33.61625" lon="-117.76208">
        <ele>129.16</ele>
        <time>2026-02-28T18:08:01Z</time>
      </trkpt>
      <trkpt lat="33.61622" lon="-117.76207">
        <ele>129.01</ele>
        <time>2026-02-28T18:08:04Z</time>
      </trkpt>
      <trkpt lat="33.61619" lon="-117.76205">
        <ele>128.4</ele>
        <time>2026-02-28T18:08:07Z</time>
      </trkpt>
      <trkpt lat="33.61616" lon="-117.76204">
        <ele>128.08</ele>
        <time>2026-02-28T18:08:10Z</time>
      </trkpt>
      <trkpt lat="33.61613" lon="-117.76202">
        <ele>127.82</ele>
        <time>2026-02-28T18:08:13Z</time>
      </trkpt>
      <trkpt lat="33.6161" lon="-117.76201">
        <ele>127.59</ele>
        <time>2026-02-28T18:08:16Z</time>
      </trkpt>
      <trkpt lat="33.61607" lon="-117.76199">
        <ele>127.05</ele>
        <time>2026-02-28T18:08:19Z</time>
      </trkpt>
      <trkpt lat="33.61604" lon="-117.76197">
        <ele>126.51</ele>
        <time>2026-02-28T18:08:22Z</time>
      </trkpt>
      <trkpt lat="33.61601" lon="-117.76195">
        <ele>126.16</ele>
        <time>2026-02-28T18:08:25Z</time>
      </trkpt>
      <trkpt lat="33.61599" lon="-117.76193">
        <ele>126.21</ele>
        <time>2026-02-28T18:08:27Z</time>
      </trkpt>
      <trkpt lat="33.61597" lon="-117.7619">
        <ele>126.02</ele>
        <time>2026-02-28T18:08:29Z</time>
      </trkpt>
      <trkpt lat="33.61595" lon="-117.76186">
        <ele>125.39</ele>
        <time>2026-02-28T18:08:31Z</time>
      </trkpt>
      <trkpt lat="33.61593" lon="-117.76183">
        <ele>124.81</ele>
        <time>2026-02-28T18:08:33Z</time>
      </trkpt>
      <trkpt lat="33.61591" lon="-117.7618">
        <ele>124.54</ele>
        <time>2026-02-28T18:08:35Z</time>
      </trkpt>
      <trkpt lat="33.61589" lon="-117.76177">
        <ele>124.46</ele>
        <time>2026-02-28T18:08:37Z</time>
      </trkpt>
      <trkpt lat="33.61587" lon="-117.76175">
        <ele>124.54</ele>
        <time>2026-02-28T18:08:39Z</time>
      </trkpt>
      <trkpt lat="33.61586" lon="-117.76172">
        <ele>124.41</ele>
        <time>2026-02-28T18:08:41Z</time>
      </trkpt>
      <trkpt lat="33.61584" lon="-117.76169">
        <ele>124.23</ele>
        <time>2026-02-28T18:08:43Z</time>
      </trkpt>
      <trkpt lat="33.61582" lon="-117.76166">
        <ele>124.0</ele>
        <time>2026-02-28T18:08:45Z</time>
      </trkpt>
      <trkpt lat="33.61581" lon="-117.76164">
        <ele>124.0</ele>
        <time>2026-02-28T18:08:47Z</time>
      </trkpt>
      <trkpt lat="33.61579" lon="-117.7616">
        <ele>124.0</ele>
        <time>2026-02-28T18:08:50Z</time>
      </trkpt>
      <trkpt lat="33.6158" lon="-117.76156">
        <ele>124.0</ele>
        <time>2026-02-28T18:08:53Z</time>
      </trkpt>
      <trkpt lat="33.6158" lon="-117.76152">
        <ele>124.0</ele>
        <time>2026-02-28T18:08:56Z</time>
      </trkpt>
      <trkpt lat="33.61578" lon="-117.76148">
        <ele>123.98</ele>
        <time>2026-02-28T18:08:59Z</time>
      </trkpt>
      <trkpt lat="33.61577" lon="-117.76144">
        <ele>123.55</ele>
        <time>2026-02-28T18:09:02Z</time>
      </trkpt>
      <trkpt lat="33.61575" lon="-117.7614">
        <ele>123.12</ele>
        <time>2026-02-28T18:09:05Z</time>
      </trkpt>
      <trkpt lat="33.61573" lon="-117.76136">
        <ele>123.0</ele>
        <time>2026-02-28T18:09:08Z</time>
      </trkpt>
      <trkpt lat="33.61571" lon="-117.76133">
        <ele>123.0</ele>
        <time>2026-02-28T18:09:11Z</time>
      </trkpt>
      <trkpt lat="33.61568" lon="-117.76129">
        <ele>122.98</ele>
        <time>2026-02-28T18:09:14Z</time>
      </trkpt>
      <trkpt lat="33.61566" lon="-117.76126">
        <ele>122.95</ele>
        <time>2026-02-28T18:09:17Z</time>
      </trkpt>
      <trkpt lat="33.61564" lon="-117.76123">
        <ele>123.02</ele>
        <time>2026-02-28T18:09:20Z</time>
      </trkpt>
      <trkpt lat="33.61561" lon="-117.76122">
        <ele>123.07</ele>
        <time>2026-02-28T18:09:23Z</time>
      </trkpt>
      <trkpt lat="33.61558" lon="-117.76122">
        <ele>123.13</ele>
        <time>2026-02-28T18:09:26Z</time>
      </trkpt>
      <trkpt lat="33.61555" lon="-117.7612">
        <ele>123.0</ele>
        <time>2026-02-28T18:09:29Z</time>
      </trkpt>
      <trkpt lat="33.61552" lon="-117.76119">
        <ele>123.0</ele>
        <time>2026-02-28T18:09:31Z</time>
      </trkpt>
      <trkpt lat="33.61549" lon="-117.76118">
        <ele>123.0</ele>
        <time>2026-02-28T18:09:33Z</time>
      </trkpt>
      <trkpt lat="33.61545" lon="-117.76116">
        <ele>123.0</ele>
        <time>2026-02-28T18:09:35Z</time>
      </trkpt>
      <trkpt lat="33.61543" lon="-117.76115">
        <ele>123.0</ele>
        <time>2026-02-28T18:09:37Z</time>
      </trkpt>
      <trkpt lat="33.61539" lon="-117.76113">
        <ele>123.0</ele>
        <time>2026-02-28T18:09:40Z</time>
      </trkpt>
      <trkpt lat="33.61536" lon="-117.76111">
        <ele>123.0</ele>
        <time>2026-02-28T18:09:43Z</time>
      </trkpt>
      <trkpt lat="33.61533" lon="-117.76109">
        <ele>122.9</ele>
        <time>2026-02-28T18:09:46Z</time>
      </trkpt>
      <trkpt lat="33.6153" lon="-117.76107">
        <ele>122.66</ele>
        <time>2026-02-28T18:09:49Z</time>
      </trkpt>
      <trkpt lat="33.61527" lon="-117.76105">
        <ele>122.31</ele>
        <time>2026-02-28T18:09:52Z</time>
      </trkpt>
      <trkpt lat="33.61523" lon="-117.76103">
        <ele>122.06</ele>
        <time>2026-02-28T18:09:55Z</time>
      </trkpt>
      <trkpt lat="33.6152" lon="-117.76104">
        <ele>122.04</ele>
        <time>2026-02-28T18:09:58Z</time>
      </trkpt>
      <trkpt lat="33.61517" lon="-117.76106">
        <ele>122.0</ele>
        <time>2026-02-28T18:10:01Z</time>
      </trkpt>
      <trkpt lat="33.61513" lon="-117.76107">
        <ele>122.0</ele>
        <time>2026-02-28T18:10:04Z</time>
      </trkpt>
      <trkpt lat="33.6151" lon="-117.76107">
        <ele>122.0</ele>
        <time>2026-02-28T18:10:07Z</time>
      </trkpt>
      <trkpt lat="33.61506" lon="-117.76108">
        <ele>122.0</ele>
        <time>2026-02-28T18:10:10Z</time>
      </trkpt>
      <trkpt lat="33.61502" lon="-117.76109">
        <ele>122.0</ele>
        <time>2026-02-28T18:10:13Z</time>
      </trkpt>
      <trkpt lat="33.61498" lon="-117.76109">
        <ele>122.0</ele>
        <time>2026-02-28T18:10:16Z</time>
      </trkpt>
      <trkpt lat="33.61495" lon="-117.7611">
        <ele>122.0</ele>
        <time>2026-02-28T18:10:19Z</time>
      </trkpt>
      <trkpt lat="33.61491" lon="-117.76111">
        <ele>122.0</ele>
        <time>2026-02-28T18:10:22Z</time>
      </trkpt>
      <trkpt lat="33.61488" lon="-117.76111">
        <ele>122.0</ele>
        <time>2026-02-28T18:10:25Z</time>
      </trkpt>
      <trkpt lat="33.61484" lon="-117.76112">
        <ele>122.1</ele>
        <time>2026-02-28T18:10:28Z</time>
      </trkpt>
      <trkpt lat="33.6148" lon="-117.76113">
        <ele>122.2</ele>
        <time>2026-02-28T18:10:31Z</time>
      </trkpt>
      <trkpt lat="33.61477" lon="-117.76114">
        <ele>122.31</ele>
        <time>2026-02-28T18:10:34Z</time>
      </trkpt>
      <trkpt lat="33.61473" lon="-117.76114">
        <ele>122.31</ele>
        <time>2026-02-28T18:10:37Z</time>
      </trkpt>
      <trkpt lat="33.61469" lon="-117.76115">
        <ele>122.27</ele>
        <time>2026-02-28T18:10:40Z</time>
      </trkpt>
      <trkpt lat="33.61466" lon="-117.76116">
        <ele>122.17</ele>
        <time>2026-02-28T18:10:43Z</time>
      </trkpt>
      <trkpt lat="33.61462" lon="-117.76117">
        <ele>122.0</ele>
        <time>2026-02-28T18:10:46Z</time>
      </trkpt>
      <trkpt lat="33.61458" lon="-117.76118">
        <ele>122.0</ele>
        <time>2026-02-28T18:10:49Z</time>
      </trkpt>
      <trkpt lat="33.61455" lon="-117.76119">
        <ele>122.0</ele>
        <time>2026-02-28T18:10:52Z</time>
      </trkpt>
      <trkpt lat="33.61451" lon="-117.76119">
        <ele>122.0</ele>
        <time>2026-02-28T18:10:55Z</time>
      </trkpt>
      <trkpt lat="33.61447" lon="-117.7612">
        <ele>122.0</ele>
        <time>2026-02-28T18:10:58Z</time>
      </trkpt>
      <trkpt lat="33.61443" lon="-117.76121">
        <ele>121.92</ele>
        <time>2026-02-28T18:11:01Z</time>
      </trkpt>
      <trkpt lat="33.61439" lon="-117.76122">
        <ele>121.69</ele>
        <time>2026-02-28T18:11:04Z</time>
      </trkpt>
      <trkpt lat="33.61436" lon="-117.76122">
        <ele>121.42</ele>
        <time>2026-02-28T18:11:07Z</time>
      </trkpt>
      <trkpt lat="33.61432" lon="-117.76122">
        <ele>121.29</ele>
        <time>2026-02-28T18:11:10Z</time>
      </trkpt>
      <trkpt lat="33.61428" lon="-117.76122">
        <ele>121.22</ele>
        <time>2026-02-28T18:11:13Z</time>
      </trkpt>
      <trkpt lat="33.61426" lon="-117.7612">
        <ele>120.96</ele>
        <time>2026-02-28T18:11:15Z</time>
      </trkpt>
      <trkpt lat="33.61423" lon="-117.76117">
        <ele>120.95</ele>
        <time>2026-02-28T18:11:17Z</time>
      </trkpt>
      <trkpt lat="33.61421" lon="-117.76115">
        <ele>120.95</ele>
        <time>2026-02-28T18:11:19Z</time>
      </trkpt>
      <trkpt lat="33.61419" lon="-117.76113">
        <ele>120.95</ele>
        <time>2026-02-28T18:11:21Z</time>
      </trkpt>
      <trkpt lat="33.61416" lon="-117.76111">
        <ele>120.98</ele>
        <time>2026-02-28T18:11:23Z</time>
      </trkpt>
      <trkpt lat="33.61414" lon="-117.76108">
        <ele>120.62</ele>
        <time>2026-02-28T18:11:25Z</time>
      </trkpt>
      <trkpt lat="33.61412" lon="-117.76106">
        <ele>120.73</ele>
        <time>2026-02-28T18:11:27Z</time>
      </trkpt>
      <trkpt lat="33.61409" lon="-117.76104">
        <ele>121.37</ele>
        <time>2026-02-28T18:11:29Z</time>
      </trkpt>
      <trkpt lat="33.61407" lon="-117.76102">
        <ele>122.12</ele>
        <time>2026-02-28T18:11:31Z</time>
      </trkpt>
      <trkpt lat="33.61408" lon="-117.76098">
        <ele>120.69</ele>
        <time>2026-02-28T18:11:34Z</time>
      </trkpt>
      <trkpt lat="33.61406" lon="-117.76095">
        <ele>120.46</ele>
        <time>2026-02-28T18:11:37Z</time>
      </trkpt>
      <trkpt lat="33.61405" lon="-117.76091">
        <ele>119.95</ele>
        <time>2026-02-28T18:11:40Z</time>
      </trkpt>
      <trkpt lat="33.61404" lon="-117.76088">
        <ele>119.61</ele>
        <time>2026-02-28T18:11:42Z</time>
      </trkpt>
      <trkpt lat="33.61401" lon="-117.76085">
        <ele>119.37</ele>
        <time>2026-02-28T18:11:45Z</time>
      </trkpt>
      <trkpt lat="33.61399" lon="-117.76081">
        <ele>118.52</ele>
        <time>2026-02-28T18:11:48Z</time>
      </trkpt>
      <trkpt lat="33.61397" lon="-117.76078">
        <ele>118.34</ele>
        <time>2026-02-28T18:11:50Z</time>
      </trkpt>
      <trkpt lat="33.61396" lon="-117.76075">
        <ele>118.13</ele>
        <time>2026-02-28T18:11:52Z</time>
      </trkpt>
      <trkpt lat="33.61394" lon="-117.76072">
        <ele>118.84</ele>
        <time>2026-02-28T18:11:54Z</time>
      </trkpt>
      <trkpt lat="33.61392" lon="-117.7607">
        <ele>119.37</ele>
        <time>2026-02-28T18:11:56Z</time>
      </trkpt>
      <trkpt lat="33.6139" lon="-117.76067">
        <ele>119.36</ele>
        <time>2026-02-28T18:11:58Z</time>
      </trkpt>
      <trkpt lat="33.61388" lon="-117.76064">
        <ele>119.1</ele>
        <time>2026-02-28T18:12:01Z</time>
      </trkpt>
      <trkpt lat="33.61386" lon="-117.76061">
        <ele>118.98</ele>
        <time>2026-02-28T18:12:04Z</time>
      </trkpt>
      <trkpt lat="33.61384" lon="-117.76058">
        <ele>118.72</ele>
        <time>2026-02-28T18:12:07Z</time>
      </trkpt>
      <trkpt lat="33.61382" lon="-117.76055">
        <ele>118.43</ele>
        <time>2026-02-28T18:12:10Z</time>
      </trkpt>
      <trkpt lat="33.6138" lon="-117.76051">
        <ele>118.01</ele>
        <time>2026-02-28T18:12:13Z</time>
      </trkpt>
      <trkpt lat="33.61377" lon="-117.76047">
        <ele>117.39</ele>
        <time>2026-02-28T18:12:16Z</time>
      </trkpt>
      <trkpt lat="33.61375" lon="-117.76044">
        <ele>117.62</ele>
        <time>2026-02-28T18:12:19Z</time>
      </trkpt>
      <trkpt lat="33.61372" lon="-117.76041">
        <ele>117.92</ele>
        <time>2026-02-28T18:12:22Z</time>
      </trkpt>
      <trkpt lat="33.6137" lon="-117.76037">
        <ele>118.0</ele>
        <time>2026-02-28T18:12:25Z</time>
      </trkpt>
      <trkpt lat="33.61367" lon="-117.76034">
        <ele>118.0</ele>
        <time>2026-02-28T18:12:28Z</time>
      </trkpt>
      <trkpt lat="33.61365" lon="-117.7603">
        <ele>118.0</ele>
        <time>2026-02-28T18:12:31Z</time>
      </trkpt>
      <trkpt lat="33.61363" lon="-117.76027">
        <ele>118.0</ele>
        <time>2026-02-28T18:12:34Z</time>
      </trkpt>
      <trkpt lat="33.6136" lon="-117.76024">
        <ele>117.95</ele>
        <time>2026-02-28T18:12:37Z</time>
      </trkpt>
      <trkpt lat="33.61357" lon="-117.76021">
        <ele>117.67</ele>
        <time>2026-02-28T18:12:40Z</time>
      </trkpt>
      <trkpt lat="33.61354" lon="-117.76021">
        <ele>117.44</ele>
        <time>2026-02-28T18:12:42Z</time>
      </trkpt>
      <trkpt lat="33.61351" lon="-117.76021">
        <ele>117.13</ele>
        <time>2026-02-28T18:12:44Z</time>
      </trkpt>
      <trkpt lat="33.61348" lon="-117.76021">
        <ele>116.66</ele>
        <time>2026-02-28T18:12:46Z</time>
      </trkpt>
      <trkpt lat="33.61345" lon="-117.76022">
        <ele>116.45</ele>
        <time>2026-02-28T18:12:48Z</time>
      </trkpt>
      <trkpt lat="33.61342" lon="-117.76025">
        <ele>116.97</ele>
        <time>2026-02-28T18:12:51Z</time>
      </trkpt>
      <trkpt lat="33.61338" lon="-117.76027">
        <ele>116.38</ele>
        <time>2026-02-28T18:12:54Z</time>
      </trkpt>
      <trkpt lat="33.61335" lon="-117.76029">
        <ele>115.62</ele>
        <time>2026-02-28T18:12:57Z</time>
      </trkpt>
      <trkpt lat="33.61333" lon="-117.76032">
        <ele>115.44</ele>
        <time>2026-02-28T18:13:00Z</time>
      </trkpt>
      <trkpt lat="33.6133" lon="-117.76035">
        <ele>115.5</ele>
        <time>2026-02-28T18:13:03Z</time>
      </trkpt>
      <trkpt lat="33.61327" lon="-117.76039">
        <ele>115.38</ele>
        <time>2026-02-28T18:13:06Z</time>
      </trkpt>
      <trkpt lat="33.61325" lon="-117.76042">
        <ele>115.15</ele>
        <time>2026-02-28T18:13:09Z</time>
      </trkpt>
      <trkpt lat="33.61322" lon="-117.76045">
        <ele>115.0</ele>
        <time>2026-02-28T18:13:12Z</time>
      </trkpt>
      <trkpt lat="33.6132" lon="-117.76048">
        <ele>115.37</ele>
        <time>2026-02-28T18:13:15Z</time>
      </trkpt>
      <trkpt lat="33.61317" lon="-117.76051">
        <ele>116.02</ele>
        <time>2026-02-28T18:13:18Z</time>
      </trkpt>
      <trkpt lat="33.61314" lon="-117.76054">
        <ele>116.59</ele>
        <time>2026-02-28T18:13:21Z</time>
      </trkpt>
      <trkpt lat="33.61311" lon="-117.76057">
        <ele>116.65</ele>
        <time>2026-02-28T18:13:24Z</time>
      </trkpt>
      <trkpt lat="33.61308" lon="-117.7606">
        <ele>116.62</ele>
        <time>2026-02-28T18:13:27Z</time>
      </trkpt>
      <trkpt lat="33.61304" lon="-117.76062">
        <ele>116.7</ele>
        <time>2026-02-28T18:13:30Z</time>
      </trkpt>
      <trkpt lat="33.61301" lon="-117.76064">
        <ele>116.91</ele>
        <time>2026-02-28T18:13:33Z</time>
      </trkpt>
      <trkpt lat="33.61298" lon="-117.76064">
        <ele>116.91</ele>
        <time>2026-02-28T18:13:36Z</time>
      </trkpt>
      <trkpt lat="33.61294" lon="-117.76063">
        <ele>116.76</ele>
        <time>2026-02-28T18:13:39Z</time>
      </trkpt>
      <trkpt lat="33.61291" lon="-117.76062">
        <ele>116.52</ele>
        <time>2026-02-28T18:13:42Z</time>
      </trkpt>
      <trkpt lat="33.61287" lon="-117.76063">
        <ele>116.61</ele>
        <time>2026-02-28T18:13:45Z</time>
      </trkpt>
      <trkpt lat="33.61284" lon="-117.76063">
        <ele>116.87</ele>
        <time>2026-02-28T18:13:48Z</time>
      </trkpt>
      <trkpt lat="33.6128" lon="-117.76064">
        <ele>117.52</ele>
        <time>2026-02-28T18:13:51Z</time>
      </trkpt>
      <trkpt lat="33.61277" lon="-117.76065">
        <ele>117.92</ele>
        <time>2026-02-28T18:13:54Z</time>
      </trkpt>
      <trkpt lat="33.61273" lon="-117.76066">
        <ele>117.55</ele>
        <time>2026-02-28T18:13:57Z</time>
      </trkpt>
      <trkpt lat="33.61269" lon="-117.76067">
        <ele>117.28</ele>
        <time>2026-02-28T18:14:00Z</time>
      </trkpt>
      <trkpt lat="33.61266" lon="-117.76067">
        <ele>117.24</ele>
        <time>2026-02-28T18:14:03Z</time>
      </trkpt>
      <trkpt lat="33.61262" lon="-117.76068">
        <ele>117.34</ele>
        <time>2026-02-28T18:14:06Z</time>
      </trkpt>
      <trkpt lat="33.61258" lon="-117.76069">
        <ele>117.53</ele>
        <time>2026-02-28T18:14:09Z</time>
      </trkpt>
      <trkpt lat="33.61255" lon="-117.76069">
        <ele>117.7</ele>
        <time>2026-02-28T18:14:12Z</time>
      </trkpt>
      <trkpt lat="33.61251" lon="-117.76069">
        <ele>117.94</ele>
        <time>2026-02-28T18:14:15Z</time>
      </trkpt>
      <trkpt lat="33.61247" lon="-117.76069">
        <ele>118.0</ele>
        <time>2026-02-28T18:14:18Z</time>
      </trkpt>
      <trkpt lat="33.61243" lon="-117.76068">
        <ele>118.0</ele>
        <time>2026-02-28T18:14:21Z</time>
      </trkpt>
      <trkpt lat="33.6124" lon="-117.76068">
        <ele>118.0</ele>
        <time>2026-02-28T18:14:24Z</time>
      </trkpt>
      <trkpt lat="33.61237" lon="-117.76064">
        <ele>117.91</ele>
        <time>2026-02-28T18:14:27Z</time>
      </trkpt>
      <trkpt lat="33.61234" lon="-117.7606">
        <ele>117.48</ele>
        <time>2026-02-28T18:14:29Z</time>
      </trkpt>
      <trkpt lat="33.61232" lon="-117.76056">
        <ele>117.05</ele>
        <time>2026-02-28T18:14:31Z</time>
      </trkpt>
      <trkpt lat="33.6123" lon="-117.76053">
        <ele>117.0</ele>
        <time>2026-02-28T18:14:33Z</time>
      </trkpt>
      <trkpt lat="33.61228" lon="-117.7605">
        <ele>117.0</ele>
        <time>2026-02-28T18:14:35Z</time>
      </trkpt>
      <trkpt lat="33.61227" lon="-117.76046">
        <ele>116.97</ele>
        <time>2026-02-28T18:14:38Z</time>
      </trkpt>
      <trkpt lat="33.61225" lon="-117.76042">
        <ele>116.54</ele>
        <time>2026-02-28T18:14:41Z</time>
      </trkpt>
      <trkpt lat="33.61224" lon="-117.76038">
        <ele>116.1</ele>
        <time>2026-02-28T18:14:44Z</time>
      </trkpt>
      <trkpt lat="33.61223" lon="-117.76034">
        <ele>115.97</ele>
        <time>2026-02-28T18:14:47Z</time>
      </trkpt>
      <trkpt lat="33.61221" lon="-117.76031">
        <ele>116.0</ele>
        <time>2026-02-28T18:14:50Z</time>
      </trkpt>
      <trkpt lat="33.6122" lon="-117.76027">
        <ele>115.92</ele>
        <time>2026-02-28T18:14:53Z</time>
      </trkpt>
      <trkpt lat="33.61218" lon="-117.76024">
        <ele>115.59</ele>
        <time>2026-02-28T18:14:56Z</time>
      </trkpt>
      <trkpt lat="33.61217" lon="-117.7602">
        <ele>115.16</ele>
        <time>2026-02-28T18:14:59Z</time>
      </trkpt>
      <trkpt lat="33.61214" lon="-117.76018">
        <ele>115.0</ele>
        <time>2026-02-28T18:15:02Z</time>
      </trkpt>
      <trkpt lat="33.61211" lon="-117.76017">
        <ele>115.0</ele>
        <time>2026-02-28T18:15:06Z</time>
      </trkpt>
      <trkpt lat="33.61208" lon="-117.76016">
        <ele>115.0</ele>
        <time>2026-02-28T18:15:09Z</time>
      </trkpt>
      <trkpt lat="33.61204" lon="-117.76015">
        <ele>115.0</ele>
        <time>2026-02-28T18:15:11Z</time>
      </trkpt>
      <trkpt lat="33.612" lon="-117.76014">
        <ele>115.0</ele>
        <time>2026-02-28T18:15:13Z</time>
      </trkpt>
      <trkpt lat="33.61196" lon="-117.76013">
        <ele>115.0</ele>
        <time>2026-02-28T18:15:15Z</time>
      </trkpt>
      <trkpt lat="33.61194" lon="-117.76013">
        <ele>114.97</ele>
        <time>2026-02-28T18:15:17Z</time>
      </trkpt>
      <trkpt lat="33.6119" lon="-117.76013">
        <ele>114.71</ele>
        <time>2026-02-28T18:15:20Z</time>
      </trkpt>
      <trkpt lat="33.61186" lon="-117.76013">
        <ele>114.46</ele>
        <time>2026-02-28T18:15:23Z</time>
      </trkpt>
      <trkpt lat="33.61182" lon="-117.76013">
        <ele>114.27</ele>
        <time>2026-02-28T18:15:26Z</time>
      </trkpt>
      <trkpt lat="33.61178" lon="-117.76013">
        <ele>114.09</ele>
        <time>2026-02-28T18:15:29Z</time>
      </trkpt>
      <trkpt lat="33.61175" lon="-117.76013">
        <ele>114.0</ele>
        <time>2026-02-28T18:15:32Z</time>
      </trkpt>
      <trkpt lat="33.61171" lon="-117.76013">
        <ele>114.0</ele>
        <time>2026-02-28T18:15:35Z</time>
      </trkpt>
      <trkpt lat="33.61168" lon="-117.76013">
        <ele>114.0</ele>
        <time>2026-02-28T18:15:38Z</time>
      </trkpt>
      <trkpt lat="33.61164" lon="-117.76013">
        <ele>114.0</ele>
        <time>2026-02-28T18:15:41Z</time>
      </trkpt>
      <trkpt lat="33.6116" lon="-117.76014">
        <ele>114.0</ele>
        <time>2026-02-28T18:15:44Z</time>
      </trkpt>
      <trkpt lat="33.61157" lon="-117.76014">
        <ele>114.0</ele>
        <time>2026-02-28T18:15:47Z</time>
      </trkpt>
      <trkpt lat="33.61153" lon="-117.76014">
        <ele>114.0</ele>
        <time>2026-02-28T18:15:50Z</time>
      </trkpt>
      <trkpt lat="33.61149" lon="-117.76014">
        <ele>114.0</ele>
        <time>2026-02-28T18:15:53Z</time>
      </trkpt>
      <trkpt lat="33.61146" lon="-117.76015">
        <ele>114.0</ele>
        <time>2026-02-28T18:15:56Z</time>
      </trkpt>
      <trkpt lat="33.61142" lon="-117.76015">
        <ele>114.0</ele>
        <time>2026-02-28T18:15:59Z</time>
      </trkpt>
      <trkpt lat="33.61138" lon="-117.76016">
        <ele>113.97</ele>
        <time>2026-02-28T18:16:02Z</time>
      </trkpt>
      <trkpt lat="33.61135" lon="-117.76016">
        <ele>113.89</ele>
        <time>2026-02-28T18:16:05Z</time>
      </trkpt>
      <trkpt lat="33.61131" lon="-117.76016">
        <ele>113.77</ele>
        <time>2026-02-28T18:16:08Z</time>
      </trkpt>
      <trkpt lat="33.61128" lon="-117.76017">
        <ele>113.84</ele>
        <time>2026-02-28T18:16:11Z</time>
      </trkpt>
      <trkpt lat="33.61124" lon="-117.76017">
        <ele>113.84</ele>
        <time>2026-02-28T18:16:14Z</time>
      </trkpt>
      <trkpt lat="33.61121" lon="-117.76019">
        <ele>114.0</ele>
        <time>2026-02-28T18:16:17Z</time>
      </trkpt>
      <trkpt lat="33.61118" lon="-117.76021">
        <ele>113.74</ele>
        <time>2026-02-28T18:16:19Z</time>
      </trkpt>
      <trkpt lat="33.61116" lon="-117.76022">
        <ele>113.53</ele>
        <time>2026-02-28T18:16:21Z</time>
      </trkpt>
      <trkpt lat="33.61112" lon="-117.76024">
        <ele>113.1</ele>
        <time>2026-02-28T18:16:24Z</time>
      </trkpt>
      <trkpt lat="33.61109" lon="-117.76026">
        <ele>113.0</ele>
        <time>2026-02-28T18:16:27Z</time>
      </trkpt>
      <trkpt lat="33.61105" lon="-117.76026">
        <ele>113.0</ele>
        <time>2026-02-28T18:16:30Z</time>
      </trkpt>
      <trkpt lat="33.61102" lon="-117.76026">
        <ele>113.0</ele>
        <time>2026-02-28T18:16:33Z</time>
      </trkpt>
      <trkpt lat="33.61106" lon="-117.76026">
        <ele>113.0</ele>
        <time>2026-02-28T18:16:37Z</time>
      </trkpt>
      <trkpt lat="33.61108" lon="-117.76026">
        <ele>113.0</ele>
        <time>2026-02-28T18:16:39Z</time>
      </trkpt>
      <trkpt lat="33.61104" lon="-117.76031">
        <ele>113.08</ele>
        <time>2026-02-28T18:19:37Z</time>
      </trkpt>
      <trkpt lat="33.61098" lon="-117.76036">
        <ele>113.0</ele>
        <time>2026-02-28T18:19:39Z</time>
      </trkpt>
      <trkpt lat="33.61094" lon="-117.76041">
        <ele>113.07</ele>
        <time>2026-02-28T18:19:41Z</time>
      </trkpt>
      <trkpt lat="33.61091" lon="-117.76044">
        <ele>113.0</ele>
        <time>2026-02-28T18:19:43Z</time>
      </trkpt>
      <trkpt lat="33.61088" lon="-117.76047">
        <ele>113.04</ele>
        <time>2026-02-28T18:19:46Z</time>
      </trkpt>
      <trkpt lat="33.61085" lon="-117.76049">
        <ele>113.05</ele>
        <time>2026-02-28T18:19:49Z</time>
      </trkpt>
      <trkpt lat="33.61082" lon="-117.7605">
        <ele>113.0</ele>
        <time>2026-02-28T18:19:52Z</time>
      </trkpt>
      <trkpt lat="33.61079" lon="-117.76052">
        <ele>113.0</ele>
        <time>2026-02-28T18:19:55Z</time>
      </trkpt>
      <trkpt lat="33.61077" lon="-117.76054">
        <ele>113.0</ele>
        <time>2026-02-28T18:19:58Z</time>
      </trkpt>
      <trkpt lat="33.61074" lon="-117.76056">
        <ele>113.05</ele>
        <time>2026-02-28T18:20:01Z</time>
      </trkpt>
      <trkpt lat="33.61071" lon="-117.76058">
        <ele>113.18</ele>
        <time>2026-02-28T18:20:04Z</time>
      </trkpt>
      <trkpt lat="33.61068" lon="-117.76059">
        <ele>113.13</ele>
        <time>2026-02-28T18:20:07Z</time>
      </trkpt>
      <trkpt lat="33.61065" lon="-117.76061">
        <ele>113.01</ele>
        <time>2026-02-28T18:20:10Z</time>
      </trkpt>
      <trkpt lat="33.61062" lon="-117.76063">
        <ele>113.0</ele>
        <time>2026-02-28T18:20:13Z</time>
      </trkpt>
      <trkpt lat="33.61059" lon="-117.76064">
        <ele>113.0</ele>
        <time>2026-02-28T18:20:16Z</time>
      </trkpt>
      <trkpt lat="33.61055" lon="-117.76066">
        <ele>113.13</ele>
        <time>2026-02-28T18:20:19Z</time>
      </trkpt>
      <trkpt lat="33.61052" lon="-117.76069">
        <ele>113.45</ele>
        <time>2026-02-28T18:20:22Z</time>
      </trkpt>
      <trkpt lat="33.61049" lon="-117.76071">
        <ele>113.67</ele>
        <time>2026-02-28T18:20:25Z</time>
      </trkpt>
      <trkpt lat="33.61045" lon="-117.76072">
        <ele>113.64</ele>
        <time>2026-02-28T18:20:28Z</time>
      </trkpt>
      <trkpt lat="33.61042" lon="-117.76075">
        <ele>113.64</ele>
        <time>2026-02-28T18:20:31Z</time>
      </trkpt>
      <trkpt lat="33.61038" lon="-117.76077">
        <ele>113.42</ele>
        <time>2026-02-28T18:20:34Z</time>
      </trkpt>
      <trkpt lat="33.61034" lon="-117.76078">
        <ele>113.28</ele>
        <time>2026-02-28T18:20:37Z</time>
      </trkpt>
      <trkpt lat="33.61031" lon="-117.7608">
        <ele>113.22</ele>
        <time>2026-02-28T18:20:40Z</time>
      </trkpt>
      <trkpt lat="33.61027" lon="-117.76082">
        <ele>112.99</ele>
        <time>2026-02-28T18:20:43Z</time>
      </trkpt>
      <trkpt lat="33.61024" lon="-117.76081">
        <ele>112.9</ele>
        <time>2026-02-28T18:20:46Z</time>
      </trkpt>
      <trkpt lat="33.61021" lon="-117.7608">
        <ele>112.74</ele>
        <time>2026-02-28T18:20:49Z</time>
      </trkpt>
      <trkpt lat="33.61017" lon="-117.76079">
        <ele>112.7</ele>
        <time>2026-02-28T18:20:52Z</time>
      </trkpt>
      <trkpt lat="33.61014" lon="-117.76079">
        <ele>113.02</ele>
        <time>2026-02-28T18:20:55Z</time>
      </trkpt>
      <trkpt lat="33.6101" lon="-117.76079">
        <ele>113.45</ele>
        <time>2026-02-28T18:20:58Z</time>
      </trkpt>
      <trkpt lat="33.61007" lon="-117.76079">
        <ele>113.53</ele>
        <time>2026-02-28T18:21:01Z</time>
      </trkpt>
      <trkpt lat="33.61003" lon="-117.76078">
        <ele>113.42</ele>
        <time>2026-02-28T18:21:04Z</time>
      </trkpt>
      <trkpt lat="33.60999" lon="-117.76077">
        <ele>113.42</ele>
        <time>2026-02-28T18:21:07Z</time>
      </trkpt>
      <trkpt lat="33.60996" lon="-117.76076">
        <ele>113.64</ele>
        <time>2026-02-28T18:21:10Z</time>
      </trkpt>
      <trkpt lat="33.60992" lon="-117.76075">
        <ele>113.96</ele>
        <time>2026-02-28T18:21:13Z</time>
      </trkpt>
      <trkpt lat="33.60989" lon="-117.76075">
        <ele>114.31</ele>
        <time>2026-02-28T18:21:16Z</time>
      </trkpt>
      <trkpt lat="33.60985" lon="-117.76073">
        <ele>114.43</ele>
        <time>2026-02-28T18:21:19Z</time>
      </trkpt>
      <trkpt lat="33.60981" lon="-117.76072">
        <ele>114.66</ele>
        <time>2026-02-28T18:21:22Z</time>
      </trkpt>
      <trkpt lat="33.60979" lon="-117.76069">
        <ele>114.44</ele>
        <time>2026-02-28T18:21:24Z</time>
      </trkpt>
      <trkpt lat="33.60977" lon="-117.76067">
        <ele>114.44</ele>
        <time>2026-02-28T18:21:26Z</time>
      </trkpt>
      <trkpt lat="33.60975" lon="-117.76064">
        <ele>114.28</ele>
        <time>2026-02-28T18:21:28Z</time>
      </trkpt>
      <trkpt lat="33.60973" lon="-117.76062">
        <ele>114.28</ele>
        <time>2026-02-28T18:21:30Z</time>
      </trkpt>
      <trkpt lat="33.60971" lon="-117.76058">
        <ele>113.66</ele>
        <time>2026-02-28T18:21:33Z</time>
      </trkpt>
      <trkpt lat="33.60971" lon="-117.76055">
        <ele>113.12</ele>
        <time>2026-02-28T18:21:36Z</time>
      </trkpt>
      <trkpt lat="33.60969" lon="-117.76052">
        <ele>113.21</ele>
        <time>2026-02-28T18:21:39Z</time>
      </trkpt>
      <trkpt lat="33.60966" lon="-117.7605">
        <ele>113.27</ele>
        <time>2026-02-28T18:21:42Z</time>
      </trkpt>
      <trkpt lat="33.60963" lon="-117.76047">
        <ele>113.08</ele>
        <time>2026-02-28T18:21:45Z</time>
      </trkpt>
      <trkpt lat="33.6096" lon="-117.76045">
        <ele>112.96</ele>
        <time>2026-02-28T18:21:48Z</time>
      </trkpt>
      <trkpt lat="33.60957" lon="-117.76043">
        <ele>112.77</ele>
        <time>2026-02-28T18:21:51Z</time>
      </trkpt>
      <trkpt lat="33.60954" lon="-117.7604">
        <ele>112.34</ele>
        <time>2026-02-28T18:21:54Z</time>
      </trkpt>
      <trkpt lat="33.60951" lon="-117.76038">
        <ele>112.37</ele>
        <time>2026-02-28T18:21:57Z</time>
      </trkpt>
      <trkpt lat="33.60948" lon="-117.76035">
        <ele>112.48</ele>
        <time>2026-02-28T18:22:00Z</time>
      </trkpt>
      <trkpt lat="33.60945" lon="-117.76033">
        <ele>112.53</ele>
        <time>2026-02-28T18:22:03Z</time>
      </trkpt>
      <trkpt lat="33.60943" lon="-117.7603">
        <ele>112.24</ele>
        <time>2026-02-28T18:22:06Z</time>
      </trkpt>
      <trkpt lat="33.6094" lon="-117.76027">
        <ele>112.08</ele>
        <time>2026-02-28T18:22:09Z</time>
      </trkpt>
      <trkpt lat="33.60938" lon="-117.76025">
        <ele>112.3</ele>
        <time>2026-02-28T18:22:12Z</time>
      </trkpt>
      <trkpt lat="33.60935" lon="-117.76022">
        <ele>112.62</ele>
        <time>2026-02-28T18:22:15Z</time>
      </trkpt>
      <trkpt lat="33.60933" lon="-117.7602">
        <ele>112.84</ele>
        <time>2026-02-28T18:22:18Z</time>
      </trkpt>
      <trkpt lat="33.60931" lon="-117.76018">
        <ele>112.97</ele>
        <time>2026-02-28T18:22:21Z</time>
      </trkpt>
      <trkpt lat="33.60929" lon="-117.76015">
        <ele>112.75</ele>
        <time>2026-02-28T18:22:25Z</time>
      </trkpt>
      <trkpt lat="33.6093" lon="-117.76012">
        <ele>112.61</ele>
        <time>2026-02-28T18:22:29Z</time>
      </trkpt>
      <trkpt lat="33.60928" lon="-117.76009">
        <ele>112.26</ele>
        <time>2026-02-28T18:22:33Z</time>
      </trkpt>
      <trkpt lat="33.60926" lon="-117.76007">
        <ele>112.49</ele>
        <time>2026-02-28T18:22:36Z</time>
      </trkpt>
      <trkpt lat="33.60923" lon="-117.76005">
        <ele>112.8</ele>
        <time>2026-02-28T18:22:39Z</time>
      </trkpt>
      <trkpt lat="33.60921" lon="-117.76003">
        <ele>112.81</ele>
        <time>2026-02-28T18:22:42Z</time>
      </trkpt>
      <trkpt lat="33.60918" lon="-117.76001">
        <ele>112.35</ele>
        <time>2026-02-28T18:22:45Z</time>
      </trkpt>
      <trkpt lat="33.60916" lon="-117.75999">
        <ele>112.17</ele>
        <time>2026-02-28T18:22:48Z</time>
      </trkpt>
      <trkpt lat="33.60913" lon="-117.75996">
        <ele>112.66</ele>
        <time>2026-02-28T18:22:51Z</time>
      </trkpt>
      <trkpt lat="33.6091" lon="-117.75994">
        <ele>112.9</ele>
        <time>2026-02-28T18:22:54Z</time>
      </trkpt>
      <trkpt lat="33.60907" lon="-117.7599">
        <ele>112.92</ele>
        <time>2026-02-28T18:22:57Z</time>
      </trkpt>
      <trkpt lat="33.60906" lon="-117.75987">
        <ele>112.66</ele>
        <time>2026-02-28T18:22:59Z</time>
      </trkpt>
      <trkpt lat="33.60904" lon="-117.75984">
        <ele>112.54</ele>
        <time>2026-02-28T18:23:01Z</time>
      </trkpt>
      <trkpt lat="33.60903" lon="-117.75981">
        <ele>112.5</ele>
        <time>2026-02-28T18:23:03Z</time>
      </trkpt>
      <trkpt lat="33.609" lon="-117.75978">
        <ele>112.88</ele>
        <time>2026-02-28T18:23:06Z</time>
      </trkpt>
      <trkpt lat="33.60898" lon="-117.75974">
        <ele>113.0</ele>
        <time>2026-02-28T18:23:09Z</time>
      </trkpt>
      <trkpt lat="33.60896" lon="-117.7597">
        <ele>113.0</ele>
        <time>2026-02-28T18:23:12Z</time>
      </trkpt>
      <trkpt lat="33.60894" lon="-117.75966">
        <ele>113.0</ele>
        <time>2026-02-28T18:23:15Z</time>
      </trkpt>
      <trkpt lat="33.60892" lon="-117.75963">
        <ele>113.0</ele>
        <time>2026-02-28T18:23:18Z</time>
      </trkpt>
      <trkpt lat="33.60888" lon="-117.75963">
        <ele>113.0</ele>
        <time>2026-02-28T18:23:21Z</time>
      </trkpt>
      <trkpt lat="33.60885" lon="-117.75964">
        <ele>113.0</ele>
        <time>2026-02-28T18:23:23Z</time>
      </trkpt>
      <trkpt lat="33.60882" lon="-117.75964">
        <ele>113.0</ele>
        <time>2026-02-28T18:23:25Z</time>
      </trkpt>
      <trkpt lat="33.60879" lon="-117.75965">
        <ele>113.0</ele>
        <time>2026-02-28T18:23:27Z</time>
      </trkpt>
      <trkpt lat="33.60877" lon="-117.75967">
        <ele>113.0</ele>
        <time>2026-02-28T18:23:29Z</time>
      </trkpt>
      <trkpt lat="33.60874" lon="-117.75969">
        <ele>113.0</ele>
        <time>2026-02-28T18:23:32Z</time>
      </trkpt>
      <trkpt lat="33.60871" lon="-117.75971">
        <ele>113.0</ele>
        <time>2026-02-28T18:23:35Z</time>
      </trkpt>
      <trkpt lat="33.60868" lon="-117.75973">
        <ele>113.34</ele>
        <time>2026-02-28T18:23:38Z</time>
      </trkpt>
      <trkpt lat="33.60865" lon="-117.75974">
        <ele>113.77</ele>
        <time>2026-02-28T18:23:41Z</time>
      </trkpt>
      <trkpt lat="33.60863" lon="-117.75975">
        <ele>114.1</ele>
        <time>2026-02-28T18:23:44Z</time>
      </trkpt>
      <trkpt lat="33.6086" lon="-117.75976">
        <ele>114.48</ele>
        <time>2026-02-28T18:23:47Z</time>
      </trkpt>
      <trkpt lat="33.60857" lon="-117.75978">
        <ele>114.79</ele>
        <time>2026-02-28T18:23:50Z</time>
      </trkpt>
      <trkpt lat="33.60854" lon="-117.75978">
        <ele>114.91</ele>
        <time>2026-02-28T18:23:53Z</time>
      </trkpt>
      <trkpt lat="33.60852" lon="-117.75979">
        <ele>115.0</ele>
        <time>2026-02-28T18:23:56Z</time>
      </trkpt>
      <trkpt lat="33.60849" lon="-117.75978">
        <ele>114.81</ele>
        <time>2026-02-28T18:23:59Z</time>
      </trkpt>
      <trkpt lat="33.60846" lon="-117.75976">
        <ele>114.74</ele>
        <time>2026-02-28T18:24:02Z</time>
      </trkpt>
      <trkpt lat="33.60842" lon="-117.75974">
        <ele>114.82</ele>
        <time>2026-02-28T18:24:05Z</time>
      </trkpt>
      <trkpt lat="33.60839" lon="-117.75974">
        <ele>114.88</ele>
        <time>2026-02-28T18:24:08Z</time>
      </trkpt>
      <trkpt lat="33.60836" lon="-117.75974">
        <ele>114.94</ele>
        <time>2026-02-28T18:24:11Z</time>
      </trkpt>
      <trkpt lat="33.60832" lon="-117.75974">
        <ele>114.88</ele>
        <time>2026-02-28T18:24:14Z</time>
      </trkpt>
      <trkpt lat="33.60829" lon="-117.75976">
        <ele>114.72</ele>
        <time>2026-02-28T18:24:17Z</time>
      </trkpt>
      <trkpt lat="33.60825" lon="-117.75977">
        <ele>114.56</ele>
        <time>2026-02-28T18:24:20Z</time>
      </trkpt>
      <trkpt lat="33.60822" lon="-117.75979">
        <ele>114.73</ele>
        <time>2026-02-28T18:24:23Z</time>
      </trkpt>
      <trkpt lat="33.60818" lon="-117.75981">
        <ele>114.95</ele>
        <time>2026-02-28T18:24:26Z</time>
      </trkpt>
      <trkpt lat="33.60815" lon="-117.75984">
        <ele>114.99</ele>
        <time>2026-02-28T18:24:29Z</time>
      </trkpt>
      <trkpt lat="33.60813" lon="-117.75986">
        <ele>114.9</ele>
        <time>2026-02-28T18:24:31Z</time>
      </trkpt>
      <trkpt lat="33.60811" lon="-117.75989">
        <ele>114.92</ele>
        <time>2026-02-28T18:24:33Z</time>
      </trkpt>
      <trkpt lat="33.60808" lon="-117.75991">
        <ele>114.99</ele>
        <time>2026-02-28T18:24:35Z</time>
      </trkpt>
      <trkpt lat="33.60806" lon="-117.75993">
        <ele>114.99</ele>
        <time>2026-02-28T18:24:37Z</time>
      </trkpt>
      <trkpt lat="33.60804" lon="-117.75995">
        <ele>115.0</ele>
        <time>2026-02-28T18:24:39Z</time>
      </trkpt>
      <trkpt lat="33.60801" lon="-117.75999">
        <ele>115.0</ele>
        <time>2026-02-28T18:24:42Z</time>
      </trkpt>
      <trkpt lat="33.60799" lon="-117.76002">
        <ele>115.0</ele>
        <time>2026-02-28T18:24:45Z</time>
      </trkpt>
      <trkpt lat="33.60798" lon="-117.76006">
        <ele>115.0</ele>
        <time>2026-02-28T18:24:48Z</time>
      </trkpt>
      <trkpt lat="33.60799" lon="-117.7601">
        <ele>115.06</ele>
        <time>2026-02-28T18:24:51Z</time>
      </trkpt>
      <trkpt lat="33.60798" lon="-117.76013">
        <ele>115.33</ele>
        <time>2026-02-28T18:24:54Z</time>
      </trkpt>
      <trkpt lat="33.60795" lon="-117.76017">
        <ele>115.72</ele>
        <time>2026-02-28T18:24:57Z</time>
      </trkpt>
      <trkpt lat="33.60793" lon="-117.76021">
        <ele>115.74</ele>
        <time>2026-02-28T18:25:00Z</time>
      </trkpt>
      <trkpt lat="33.6079" lon="-117.76024">
        <ele>115.72</ele>
        <time>2026-02-28T18:25:03Z</time>
      </trkpt>
      <trkpt lat="33.60788" lon="-117.76027">
        <ele>115.92</ele>
        <time>2026-02-28T18:25:06Z</time>
      </trkpt>
      <trkpt lat="33.60785" lon="-117.7603">
        <ele>115.83</ele>
        <time>2026-02-28T18:25:09Z</time>
      </trkpt>
      <trkpt lat="33.60782" lon="-117.76033">
        <ele>115.76</ele>
        <time>2026-02-28T18:25:12Z</time>
      </trkpt>
      <trkpt lat="33.60779" lon="-117.76037">
        <ele>116.0</ele>
        <time>2026-02-28T18:25:15Z</time>
      </trkpt>
      <trkpt lat="33.60777" lon="-117.7604">
        <ele>116.28</ele>
        <time>2026-02-28T18:25:18Z</time>
      </trkpt>
      <trkpt lat="33.60774" lon="-117.76044">
        <ele>117.53</ele>
        <time>2026-02-28T18:25:21Z</time>
      </trkpt>
      <trkpt lat="33.60772" lon="-117.76047">
        <ele>118.5</ele>
        <time>2026-02-28T18:25:24Z</time>
      </trkpt>
      <trkpt lat="33.60771" lon="-117.76051">
        <ele>118.93</ele>
        <time>2026-02-28T18:25:27Z</time>
      </trkpt>
      <trkpt lat="33.60769" lon="-117.76055">
        <ele>119.79</ele>
        <time>2026-02-28T18:25:31Z</time>
      </trkpt>
      <trkpt lat="33.60772" lon="-117.7606">
        <ele>118.02</ele>
        <time>2026-02-28T18:25:35Z</time>
      </trkpt>
      <trkpt lat="33.60775" lon="-117.76064">
        <ele>116.29</ele>
        <time>2026-02-28T18:25:38Z</time>
      </trkpt>
      <trkpt lat="33.60776" lon="-117.76068">
        <ele>116.05</ele>
        <time>2026-02-28T18:25:41Z</time>
      </trkpt>
      <trkpt lat="33.60778" lon="-117.76072">
        <ele>115.76</ele>
        <time>2026-02-28T18:25:44Z</time>
      </trkpt>
      <trkpt lat="33.6078" lon="-117.76076">
        <ele>115.92</ele>
        <time>2026-02-28T18:25:47Z</time>
      </trkpt>
      <trkpt lat="33.60781" lon="-117.7608">
        <ele>116.07</ele>
        <time>2026-02-28T18:25:50Z</time>
      </trkpt>
      <trkpt lat="33.60783" lon="-117.76084">
        <ele>115.9</ele>
        <time>2026-02-28T18:25:53Z</time>
      </trkpt>
      <trkpt lat="33.60784" lon="-117.76088">
        <ele>115.82</ele>
        <time>2026-02-28T18:25:56Z</time>
      </trkpt>
      <trkpt lat="33.60786" lon="-117.76091">
        <ele>115.32</ele>
        <time>2026-02-28T18:25:59Z</time>
      </trkpt>
      <trkpt lat="33.60787" lon="-117.76095">
        <ele>115.27</ele>
        <time>2026-02-28T18:26:02Z</time>
      </trkpt>
      <trkpt lat="33.60788" lon="-117.76099">
        <ele>115.62</ele>
        <time>2026-02-28T18:26:05Z</time>
      </trkpt>
      <trkpt lat="33.60789" lon="-117.76103">
        <ele>115.98</ele>
        <time>2026-02-28T18:26:08Z</time>
      </trkpt>
      <trkpt lat="33.6079" lon="-117.76107">
        <ele>116.44</ele>
        <time>2026-02-28T18:26:11Z</time>
      </trkpt>
      <trkpt lat="33.6079" lon="-117.76111">
        <ele>117.02</ele>
        <time>2026-02-28T18:26:14Z</time>
      </trkpt>
      <trkpt lat="33.60791" lon="-117.76115">
        <ele>116.96</ele>
        <time>2026-02-28T18:26:17Z</time>
      </trkpt>
      <trkpt lat="33.60792" lon="-117.76119">
        <ele>116.79</ele>
        <time>2026-02-28T18:26:20Z</time>
      </trkpt>
      <trkpt lat="33.60793" lon="-117.76124">
        <ele>116.26</ele>
        <time>2026-02-28T18:26:23Z</time>
      </trkpt>
      <trkpt lat="33.60794" lon="-117.76128">
        <ele>116.0</ele>
        <time>2026-02-28T18:26:26Z</time>
      </trkpt>
      <trkpt lat="33.60795" lon="-117.76132">
        <ele>116.26</ele>
        <time>2026-02-28T18:26:29Z</time>
      </trkpt>
      <trkpt lat="33.60796" lon="-117.76136">
        <ele>116.69</ele>
        <time>2026-02-28T18:26:32Z</time>
      </trkpt>
      <trkpt lat="33.60797" lon="-117.7614">
        <ele>117.0</ele>
        <time>2026-02-28T18:26:35Z</time>
      </trkpt>
      <trkpt lat="33.60797" lon="-117.76144">
        <ele>117.0</ele>
        <time>2026-02-28T18:26:38Z</time>
      </trkpt>
      <trkpt lat="33.60796" lon="-117.76148">
        <ele>117.0</ele>
        <time>2026-02-28T18:26:41Z</time>
      </trkpt>
      <trkpt lat="33.60794" lon="-117.76151">
        <ele>117.23</ele>
        <time>2026-02-28T18:26:43Z</time>
      </trkpt>
      <trkpt lat="33.60792" lon="-117.76153">
        <ele>117.28</ele>
        <time>2026-02-28T18:26:45Z</time>
      </trkpt>
      <trkpt lat="33.6079" lon="-117.76157">
        <ele>117.31</ele>
        <time>2026-02-28T18:26:48Z</time>
      </trkpt>
      <trkpt lat="33.60788" lon="-117.7616">
        <ele>117.07</ele>
        <time>2026-02-28T18:26:50Z</time>
      </trkpt>
      <trkpt lat="33.60786" lon="-117.76162">
        <ele>117.06</ele>
        <time>2026-02-28T18:26:52Z</time>
      </trkpt>
      <trkpt lat="33.60784" lon="-117.76165">
        <ele>117.27</ele>
        <time>2026-02-28T18:26:54Z</time>
      </trkpt>
      <trkpt lat="33.60782" lon="-117.76167">
        <ele>117.56</ele>
        <time>2026-02-28T18:26:56Z</time>
      </trkpt>
      <trkpt lat="33.6078" lon="-117.76171">
        <ele>117.87</ele>
        <time>2026-02-28T18:26:59Z</time>
      </trkpt>
      <trkpt lat="33.60777" lon="-117.76173">
        <ele>118.0</ele>
        <time>2026-02-28T18:27:02Z</time>
      </trkpt>
      <trkpt lat="33.60775" lon="-117.76174">
        <ele>118.0</ele>
        <time>2026-02-28T18:27:05Z</time>
      </trkpt>
      <trkpt lat="33.60772" lon="-117.76176">
        <ele>118.0</ele>
        <time>2026-02-28T18:27:08Z</time>
      </trkpt>
      <trkpt lat="33.60769" lon="-117.76179">
        <ele>118.0</ele>
        <time>2026-02-28T18:27:11Z</time>
      </trkpt>
      <trkpt lat="33.60767" lon="-117.76182">
        <ele>118.0</ele>
        <time>2026-02-28T18:27:14Z</time>
      </trkpt>
      <trkpt lat="33.60764" lon="-117.76185">
        <ele>118.0</ele>
        <time>2026-02-28T18:27:17Z</time>
      </trkpt>
      <trkpt lat="33.60762" lon="-117.76189">
        <ele>118.0</ele>
        <time>2026-02-28T18:27:20Z</time>
      </trkpt>
      <trkpt lat="33.60761" lon="-117.76193">
        <ele>118.0</ele>
        <time>2026-02-28T18:27:23Z</time>
      </trkpt>
      <trkpt lat="33.60761" lon="-117.76197">
        <ele>118.0</ele>
        <time>2026-02-28T18:27:26Z</time>
      </trkpt>
      <trkpt lat="33.60761" lon="-117.76202">
        <ele>118.0</ele>
        <time>2026-02-28T18:27:29Z</time>
      </trkpt>
      <trkpt lat="33.60761" lon="-117.76206">
        <ele>118.0</ele>
        <time>2026-02-28T18:27:32Z</time>
      </trkpt>
      <trkpt lat="33.60762" lon="-117.76211">
        <ele>118.0</ele>
        <time>2026-02-28T18:27:35Z</time>
      </trkpt>
      <trkpt lat="33.60763" lon="-117.76215">
        <ele>118.09</ele>
        <time>2026-02-28T18:27:38Z</time>
      </trkpt>
      <trkpt lat="33.60764" lon="-117.7622">
        <ele>118.39</ele>
        <time>2026-02-28T18:27:41Z</time>
      </trkpt>
      <trkpt lat="33.60765" lon="-117.76224">
        <ele>118.69</ele>
        <time>2026-02-28T18:27:44Z</time>
      </trkpt>
      <trkpt lat="33.60765" lon="-117.76228">
        <ele>118.86</ele>
        <time>2026-02-28T18:27:47Z</time>
      </trkpt>
      <trkpt lat="33.60766" lon="-117.76232">
        <ele>119.0</ele>
        <time>2026-02-28T18:27:50Z</time>
      </trkpt>
      <trkpt lat="33.60768" lon="-117.76236">
        <ele>119.0</ele>
        <time>2026-02-28T18:27:53Z</time>
      </trkpt>
      <trkpt lat="33.60769" lon="-117.7624">
        <ele>119.0</ele>
        <time>2026-02-28T18:27:56Z</time>
      </trkpt>
      <trkpt lat="33.60771" lon="-117.76244">
        <ele>119.0</ele>
        <time>2026-02-28T18:27:59Z</time>
      </trkpt>
      <trkpt lat="33.60774" lon="-117.76246">
        <ele>119.0</ele>
        <time>2026-02-28T18:28:01Z</time>
      </trkpt>
      <trkpt lat="33.60776" lon="-117.76249">
        <ele>119.0</ele>
        <time>2026-02-28T18:28:03Z</time>
      </trkpt>
      <trkpt lat="33.60778" lon="-117.76251">
        <ele>119.13</ele>
        <time>2026-02-28T18:28:05Z</time>
      </trkpt>
      <trkpt lat="33.60781" lon="-117.76254">
        <ele>119.63</ele>
        <time>2026-02-28T18:28:08Z</time>
      </trkpt>
      <trkpt lat="33.60784" lon="-117.76258">
        <ele>119.96</ele>
        <time>2026-02-28T18:28:11Z</time>
      </trkpt>
      <trkpt lat="33.60785" lon="-117.76261">
        <ele>120.15</ele>
        <time>2026-02-28T18:28:14Z</time>
      </trkpt>
      <trkpt lat="33.60783" lon="-117.76264">
        <ele>120.29</ele>
        <time>2026-02-28T18:28:17Z</time>
      </trkpt>
      <trkpt lat="33.6078" lon="-117.76267">
        <ele>120.2</ele>
        <time>2026-02-28T18:28:19Z</time>
      </trkpt>
      <trkpt lat="33.60777" lon="-117.76269">
        <ele>120.0</ele>
        <time>2026-02-28T18:28:21Z</time>
      </trkpt>
      <trkpt lat="33.60775" lon="-117.76271">
        <ele>120.0</ele>
        <time>2026-02-28T18:28:23Z</time>
      </trkpt>
      <trkpt lat="33.60773" lon="-117.76275">
        <ele>120.0</ele>
        <time>2026-02-28T18:28:26Z</time>
      </trkpt>
      <trkpt lat="33.60772" lon="-117.76278">
        <ele>120.01</ele>
        <time>2026-02-28T18:28:29Z</time>
      </trkpt>
      <trkpt lat="33.60772" lon="-117.76282">
        <ele>120.17</ele>
        <time>2026-02-28T18:28:32Z</time>
      </trkpt>
      <trkpt lat="33.60771" lon="-117.76285">
        <ele>120.21</ele>
        <time>2026-02-28T18:28:35Z</time>
      </trkpt>
      <trkpt lat="33.6077" lon="-117.76289">
        <ele>120.34</ele>
        <time>2026-02-28T18:28:38Z</time>
      </trkpt>
      <trkpt lat="33.60769" lon="-117.76293">
        <ele>120.66</ele>
        <time>2026-02-28T18:28:41Z</time>
      </trkpt>
      <trkpt lat="33.60768" lon="-117.76296">
        <ele>120.97</ele>
        <time>2026-02-28T18:28:44Z</time>
      </trkpt>
      <trkpt lat="33.60767" lon="-117.763">
        <ele>121.0</ele>
        <time>2026-02-28T18:28:47Z</time>
      </trkpt>
      <trkpt lat="33.60765" lon="-117.76304">
        <ele>121.0</ele>
        <time>2026-02-28T18:28:50Z</time>
      </trkpt>
      <trkpt lat="33.60764" lon="-117.76307">
        <ele>121.08</ele>
        <time>2026-02-28T18:28:53Z</time>
      </trkpt>
      <trkpt lat="33.60762" lon="-117.76311">
        <ele>121.17</ele>
        <time>2026-02-28T18:28:56Z</time>
      </trkpt>
      <trkpt lat="33.60761" lon="-117.76314">
        <ele>121.17</ele>
        <time>2026-02-28T18:28:59Z</time>
      </trkpt>
      <trkpt lat="33.60758" lon="-117.76316">
        <ele>121.11</ele>
        <time>2026-02-28T18:29:04Z</time>
      </trkpt>
      <trkpt lat="33.60756" lon="-117.76319">
        <ele>121.29</ele>
        <time>2026-02-28T18:29:09Z</time>
      </trkpt>
      <trkpt lat="33.60754" lon="-117.7632">
        <ele>121.24</ele>
        <time>2026-02-28T18:29:17Z</time>
      </trkpt>
      <trkpt lat="33.60756" lon="-117.76319">
        <ele>121.29</ele>
        <time>2026-02-28T18:29:38Z</time>
      </trkpt>
      <trkpt lat="33.60757" lon="-117.76317">
        <ele>121.18</ele>
        <time>2026-02-28T18:29:54Z</time>
      </trkpt>
    </trkseg>
  </trk>
</gpx>
